RecordID,id,Name,Value,random1,random2
10000,Respondent #1,Design - I easily understood how to use the product.,Strongly Disagree,0.182613,0.070808
10001,Respondent #1,Design - I had no trouble installing the product.,Strongly Agree,0.939245,0.953616
10002,Respondent #1,"Design - The product's design is unintuitive.",Disagree,0.892057,0.474469
10003,Respondent #1,Quality - The product was durable.,Agree,0.956061,0.475618
10004,Respondent #1,Quality - The product was free from scratches.,Neutral,0.226911,0.475803
10005,Respondent #1,Quality - The product is deformed.,Agree,0.908672,0.899307
10006,Respondent #1,Pricing - The product is affordable.,Agree,0.329214,0.298941
10007,Respondent #1,Pricing - The product saves me valuable time.,Neutral,0.379207,0.560019
10008,Respondent #1,Pricing - The product saves me valuable effort.,Disagree,0.340948,0.626258
10009,Respondent #2,Design - I easily understood how to use the product.,Disagree,0.363776,0.604714
10010,Respondent #2,Design - I had no trouble installing the product.,Agree,0.443464,0.207363
10011,Respondent #2,"Design - The product's design is unintuitive.",Neutral,0.932127,0.039283
10012,Respondent #2,Quality - The product was durable.,Agree,0.409344,0.979694
10013,Respondent #2,Quality - The product was free from scratches.,Neutral,0.932924,0.210735
10014,Respondent #2,Quality - The product is deformed.,Neutral,0.629957,0.565794
10015,Respondent #2,Pricing - The product is affordable.,Strongly Disagree,0.947543,0.080083
10016,Respondent #2,Pricing - The product saves me valuable time.,Agree,0.832924,0.988313
10017,Respondent #2,Pricing - The product saves me valuable effort.,Strongly Disagree,0.798734,0.572107
10018,Respondent #3,Design - I easily understood how to use the product.,Strongly Disagree,0.692029,0.245299
10019,Respondent #3,Design - I had no trouble installing the product.,Agree,0.845752,0.955739
10020,Respondent #3,"Design - The product's design is unintuitive.",Agree,0.984895,0.232484
10021,Respondent #3,Quality - The product was durable.,Neutral,0.844244,0.438062
10022,Respondent #3,Quality - The product was free from scratches.,Disagree,0.71178,0.911202
10023,Respondent #3,Quality - The product is deformed.,Agree,0.30405,0.472554
10024,Respondent #3,Pricing - The product is affordable.,Disagree,0.818093,0.381681
10025,Respondent #3,Pricing - The product saves me valuable time.,Agree,0.039646,0.144861
10026,Respondent #3,Pricing - The product saves me valuable effort.,Strongly Disagree,0.280968,0.105807
10027,Respondent #4,Design - I easily understood how to use the product.,Agree,0.939975,0.22447
10028,Respondent #4,Design - I had no trouble installing the product.,Agree,0.916756,0.409209
10029,Respondent #4,"Design - The product's design is unintuitive.",Neutral,0.433383,0.886884
10030,Respondent #4,Quality - The product was durable.,Agree,0.460911,0.762725
10031,Respondent #4,Quality - The product was free from scratches.,Disagree,0.908512,0.252195
10032,Respondent #4,Quality - The product is deformed.,Neutral,0.166285,0.353071
10033,Respondent #4,Pricing - The product is affordable.,Strongly Disagree,0.959595,0.454605
10034,Respondent #4,Pricing - The product saves me valuable time.,Agree,0.302784,0.933473
10035,Respondent #4,Pricing - The product saves me valuable effort.,Strongly Disagree,0.246797,0.038912
10036,Respondent #5,Design - I easily understood how to use the product.,Disagree,0.729251,0.221772
10037,Respondent #5,Design - I had no trouble installing the product.,Agree,0.810018,0.311367
10038,Respondent #5,"Design - The product's design is unintuitive.",Neutral,0.191432,0.023452
10039,Respondent #5,Quality - The product was durable.,Disagree,0.425598,0.466439
10040,Respondent #5,Quality - The product was free from scratches.,Disagree,0.685683,0.684756
10041,Respondent #5,Quality - The product is deformed.,Agree,0.026399,0.076974
10042,Respondent #5,Pricing - The product is affordable.,Strongly Disagree,0.33944,0.581144
10043,Respondent #5,Pricing - The product saves me valuable time.,Neutral,0.253977,0.454389
10044,Respondent #5,Pricing - The product saves me valuable effort.,Strongly Disagree,0.195549,0.401964
10045,Respondent #6,Design - I easily understood how to use the product.,Strongly Disagree,0.670843,0.177205
10046,Respondent #6,Design - I had no trouble installing the product.,Strongly Agree,0.75938,0.766197
10047,Respondent #6,"Design - The product's design is unintuitive.",Strongly Agree,0.795739,0.372897
10048,Respondent #6,Quality - The product was durable.,Strongly Agree,0.224107,0.947701
10049,Respondent #6,Quality - The product was free from scratches.,Agree,0.71499,0.169908
10050,Respondent #6,Quality - The product is deformed.,Agree,0.490208,0.188904
10051,Respondent #6,Pricing - The product is affordable.,Strongly Disagree,0.184686,0.708943
10052,Respondent #6,Pricing - The product saves me valuable time.,Neutral,0.297006,0.836681
10053,Respondent #6,Pricing - The product saves me valuable effort.,Neutral,0.906923,0.463537
10054,Respondent #7,Design - I easily understood how to use the product.,Strongly Disagree,0.591125,0.340275
10055,Respondent #7,Design - I had no trouble installing the product.,Neutral,0.204355,0.3532
10056,Respondent #7,"Design - The product's design is unintuitive.",Disagree,0.46878,0.887242
10057,Respondent #7,Quality - The product was durable.,Strongly Agree,0.002779,0.439217
10058,Respondent #7,Quality - The product was free from scratches.,Disagree,0.413607,0.887038
10059,Respondent #7,Quality - The product is deformed.,Agree,0.24776,0.432671
10060,Respondent #7,Pricing - The product is affordable.,Neutral,0.435052,0.484693
10061,Respondent #7,Pricing - The product saves me valuable time.,Neutral,0.569158,0.759791
10062,Respondent #7,Pricing - The product saves me valuable effort.,Disagree,0.62507,0.539728
10063,Respondent #8,Design - I easily understood how to use the product.,Strongly Disagree,0.33563,0.773356
10064,Respondent #8,Design - I had no trouble installing the product.,Neutral,0.274603,0.776921
10065,Respondent #8,"Design - The product's design is unintuitive.",Disagree,0.701257,0.250062
10066,Respondent #8,Quality - The product was durable.,Agree,0.271334,0.428135
10067,Respondent #8,Quality - The product was free from scratches.,Disagree,0.03069,0.639933
10068,Respondent #8,Quality - The product is deformed.,Neutral,0.057712,0.134648
10069,Respondent #8,Pricing - The product is affordable.,Strongly Disagree,0.103458,0.745349
10070,Respondent #8,Pricing - The product saves me valuable time.,Strongly Agree,0.187883,0.870779
10071,Respondent #8,Pricing - The product saves me valuable effort.,Strongly Disagree,0.352755,0.238393
10072,Respondent #9,Design - I easily understood how to use the product.,Strongly Agree,0.303584,0.521655
10073,Respondent #9,Design - I had no trouble installing the product.,Strongly Agree,0.452282,0.169777
10074,Respondent #9,"Design - The product's design is unintuitive.",Disagree,0.22679,0.789147
10075,Respondent #9,Quality - The product was durable.,Neutral,0.509125,0.379073
10076,Respondent #9,Quality - The product was free from scratches.,Disagree,0.874224,0.508912
10077,Respondent #9,Quality - The product is deformed.,Agree,0.604284,0.749631
10078,Respondent #9,Pricing - The product is affordable.,Strongly Disagree,0.19379,0.123623
10079,Respondent #9,Pricing - The product saves me valuable time.,Agree,0.331122,0.687525
10080,Respondent #9,Pricing - The product saves me valuable effort.,Neutral,0.094373,0.039935
10081,Respondent #10,Design - I easily understood how to use the product.,Strongly Disagree,0.580114,0.649793
10082,Respondent #10,Design - I had no trouble installing the product.,Agree,0.966282,0.593034
10083,Respondent #10,"Design - The product's design is unintuitive.",Agree,0.876171,0.249918
10084,Respondent #10,Quality - The product was durable.,Strongly Agree,0.027617,0.122957
10085,Respondent #10,Quality - The product was free from scratches.,Disagree,0.247253,0.832778
10086,Respondent #10,Quality - The product is deformed.,Strongly Agree,0.304505,0.315761
10087,Respondent #10,Pricing - The product is affordable.,Strongly Disagree,0.866209,0.666072
10088,Respondent #10,Pricing - The product saves me valuable time.,Neutral,0.556944,0.083696
10089,Respondent #10,Pricing - The product saves me valuable effort.,Strongly Disagree,0.128009,0.115965
10090,Respondent #11,Design - I easily understood how to use the product.,Agree,0.150493,0.297726
10091,Respondent #11,Design - I had no trouble installing the product.,Agree,0.285875,0.736687
10092,Respondent #11,"Design - The product's design is unintuitive.",Disagree,0.356648,0.384046
10093,Respondent #11,Quality - The product was durable.,Agree,0.627229,0.00334
10094,Respondent #11,Quality - The product was free from scratches.,Disagree,0.780253,0.664886
10095,Respondent #11,Quality - The product is deformed.,Strongly Agree,0.469578,0.419368
10096,Respondent #11,Pricing - The product is affordable.,Agree,0.240774,0.987937
10097,Respondent #11,Pricing - The product saves me valuable time.,Neutral,0.142866,0.075293
10098,Respondent #11,Pricing - The product saves me valuable effort.,Strongly Disagree,0.857886,0.336948
10099,Respondent #12,Design - I easily understood how to use the product.,Strongly Disagree,0.889212,0.215341
10100,Respondent #12,Design - I had no trouble installing the product.,Agree,0.331731,0.85836
10101,Respondent #12,"Design - The product's design is unintuitive.",Neutral,0.92455,0.94785
10102,Respondent #12,Quality - The product was durable.,Strongly Agree,0.441631,0.888337
10103,Respondent #12,Quality - The product was free from scratches.,Disagree,0.66551,0.292739
10104,Respondent #12,Quality - The product is deformed.,Agree,0.561651,0.888426
10105,Respondent #12,Pricing - The product is affordable.,Strongly Disagree,0.845581,0.712621
10106,Respondent #12,Pricing - The product saves me valuable time.,Neutral,0.303032,0.063615
10107,Respondent #12,Pricing - The product saves me valuable effort.,Neutral,0.432479,0.650154
10108,Respondent #13,Design - I easily understood how to use the product.,Strongly Disagree,0.175556,0.550906
10109,Respondent #13,Design - I had no trouble installing the product.,Strongly Agree,0.005699,0.069696
10110,Respondent #13,"Design - The product's design is unintuitive.",Neutral,0.128953,0.807363
10111,Respondent #13,Quality - The product was durable.,Agree,0.053765,0.541197
10112,Respondent #13,Quality - The product was free from scratches.,Disagree,0.377682,0.948863
10113,Respondent #13,Quality - The product is deformed.,Disagree,0.674162,0.862553
10114,Respondent #13,Pricing - The product is affordable.,Strongly Disagree,0.117998,0.9884
10115,Respondent #13,Pricing - The product saves me valuable time.,Neutral,0.052191,0.516156
10116,Respondent #13,Pricing - The product saves me valuable effort.,Strongly Disagree,0.483552,0.539326
10117,Respondent #14,Design - I easily understood how to use the product.,Disagree,0.91124,0.670659
10118,Respondent #14,Design - I had no trouble installing the product.,Neutral,0.722942,0.775442
10119,Respondent #14,"Design - The product's design is unintuitive.",Disagree,0.578379,0.908506
10120,Respondent #14,Quality - The product was durable.,Neutral,0.535507,0.055126
10121,Respondent #14,Quality - The product was free from scratches.,Disagree,0.112693,0.071152
10122,Respondent #14,Quality - The product is deformed.,Neutral,0.538084,0.668517
10123,Respondent #14,Pricing - The product is affordable.,Strongly Disagree,0.928613,0.106782
10124,Respondent #14,Pricing - The product saves me valuable time.,Neutral,0.881529,0.448365
10125,Respondent #14,Pricing - The product saves me valuable effort.,Neutral,0.743089,0.381962
10126,Respondent #15,Design - I easily understood how to use the product.,Strongly Disagree,0.168447,0.519381
10127,Respondent #15,Design - I had no trouble installing the product.,Agree,0.753407,0.003656
10128,Respondent #15,"Design - The product's design is unintuitive.",Disagree,0.58615,0.004213
10129,Respondent #15,Quality - The product was durable.,Strongly Agree,0.47705,0.615391
10130,Respondent #15,Quality - The product was free from scratches.,Disagree,0.65609,0.215854
10131,Respondent #15,Quality - The product is deformed.,Agree,0.677549,0.314817
10132,Respondent #15,Pricing - The product is affordable.,Strongly Disagree,0.684306,0.436438
10133,Respondent #15,Pricing - The product saves me valuable time.,Agree,0.554153,0.158195
10134,Respondent #15,Pricing - The product saves me valuable effort.,Neutral,0.08083,0.179219
10135,Respondent #16,Design - I easily understood how to use the product.,Disagree,0.012909,0.51074
10136,Respondent #16,Design - I had no trouble installing the product.,Agree,0.580015,0.380615
10137,Respondent #16,"Design - The product's design is unintuitive.",Agree,0.445989,0.554889
10138,Respondent #16,Quality - The product was durable.,Neutral,0.552192,0.008966
10139,Respondent #16,Quality - The product was free from scratches.,Disagree,0.293411,0.008838
10140,Respondent #16,Quality - The product is deformed.,Neutral,0.970698,0.916277
10141,Respondent #16,Pricing - The product is affordable.,Strongly Disagree,0.469213,0.041603
10142,Respondent #16,Pricing - The product saves me valuable time.,Neutral,0.541128,0.774527
10143,Respondent #16,Pricing - The product saves me valuable effort.,Disagree,0.651611,0.736551
10144,Respondent #17,Design - I easily understood how to use the product.,Strongly Disagree,0.709264,0.78745
10145,Respondent #17,Design - I had no trouble installing the product.,Neutral,0.557534,0.418489
10146,Respondent #17,"Design - The product's design is unintuitive.",Strongly Disagree,0.096523,0.830489
10147,Respondent #17,Quality - The product was durable.,Neutral,0.757037,0.831237
10148,Respondent #17,Quality - The product was free from scratches.,Disagree,0.940795,0.218331
10149,Respondent #17,Quality - The product is deformed.,Disagree,0.334884,0.811163
10150,Respondent #17,Pricing - The product is affordable.,Disagree,0.650557,0.540384
10151,Respondent #17,Pricing - The product saves me valuable time.,Neutral,0.034842,0.913705
10152,Respondent #17,Pricing - The product saves me valuable effort.,Disagree,0.059053,0.885021
10153,Respondent #18,Design - I easily understood how to use the product.,Strongly Disagree,0.882751,0.218758
10154,Respondent #18,Design - I had no trouble installing the product.,Agree,0.930168,0.1723
10155,Respondent #18,"Design - The product's design is unintuitive.",Disagree,0.788727,0.909525
10156,Respondent #18,Quality - The product was durable.,Agree,0.141848,0.185944
10157,Respondent #18,Quality - The product was free from scratches.,Neutral,0.53933,0.029677
10158,Respondent #18,Quality - The product is deformed.,Neutral,0.483179,0.168834
10159,Respondent #18,Pricing - The product is affordable.,Neutral,0.677483,0.081586
10160,Respondent #18,Pricing - The product saves me valuable time.,Agree,0.733965,0.21629
10161,Respondent #18,Pricing - The product saves me valuable effort.,Agree,0.377658,0.715179
10162,Respondent #19,Design - I easily understood how to use the product.,Strongly Disagree,0.845041,0.785099
10163,Respondent #19,Design - I had no trouble installing the product.,Strongly Agree,0.137174,0.991264
10164,Respondent #19,"Design - The product's design is unintuitive.",Disagree,0.515141,0.590458
10165,Respondent #19,Quality - The product was durable.,Agree,0.233323,0.852115
10166,Respondent #19,Quality - The product was free from scratches.,Disagree,0.498089,0.342213
10167,Respondent #19,Quality - The product is deformed.,Agree,0.911984,0.989498
10168,Respondent #19,Pricing - The product is affordable.,Strongly Disagree,0.729166,0.793165
10169,Respondent #19,Pricing - The product saves me valuable time.,Agree,0.802067,0.417295
10170,Respondent #19,Pricing - The product saves me valuable effort.,Disagree,0.988236,0.259962
10171,Respondent #20,Design - I easily understood how to use the product.,Neutral,0.768571,0.211253
10172,Respondent #20,Design - I had no trouble installing the product.,Agree,0.810102,0.093656
10173,Respondent #20,"Design - The product's design is unintuitive.",Agree,0.627089,0.194349
10174,Respondent #20,Quality - The product was durable.,Agree,0.854331,0.370339
10175,Respondent #20,Quality - The product was free from scratches.,Disagree,0.54502,0.357049
10176,Respondent #20,Quality - The product is deformed.,Disagree,0.517091,0.01788
10177,Respondent #20,Pricing - The product is affordable.,Strongly Agree,0.446592,0.551444
10178,Respondent #20,Pricing - The product saves me valuable time.,Agree,0.780541,0.702369
10179,Respondent #20,Pricing - The product saves me valuable effort.,Disagree,0.735186,0.799549
10180,Respondent #21,Design - I easily understood how to use the product.,Strongly Disagree,0.848174,0.295903
10181,Respondent #21,Design - I had no trouble installing the product.,Strongly Agree,0.480997,0.104528
10182,Respondent #21,"Design - The product's design is unintuitive.",Neutral,0.55135,0.317097
10183,Respondent #21,Quality - The product was durable.,Agree,0.099103,0.71121
10184,Respondent #21,Quality - The product was free from scratches.,Disagree,0.794123,0.968495
10185,Respondent #21,Quality - The product is deformed.,Agree,0.455618,0.734817
10186,Respondent #21,Pricing - The product is affordable.,Strongly Disagree,0.04909,0.663852
10187,Respondent #21,Pricing - The product saves me valuable time.,Strongly Agree,0.980183,0.444003
10188,Respondent #21,Pricing - The product saves me valuable effort.,Strongly Disagree,0.955984,0.935262
10189,Respondent #22,Design - I easily understood how to use the product.,Strongly Disagree,0.755247,0.591407
10190,Respondent #22,Design - I had no trouble installing the product.,Strongly Agree,0.092784,0.661229
10191,Respondent #22,"Design - The product's design is unintuitive.",Agree,0.969718,0.680053
10192,Respondent #22,Quality - The product was durable.,Strongly Agree,0.213487,0.219576
10193,Respondent #22,Quality - The product was free from scratches.,Disagree,0.25705,0.98166
10194,Respondent #22,Quality - The product is deformed.,Agree,0.244607,0.22316
10195,Respondent #22,Pricing - The product is affordable.,Strongly Disagree,0.025461,0.671674
10196,Respondent #22,Pricing - The product saves me valuable time.,Agree,0.246923,0.357866
10197,Respondent #22,Pricing - The product saves me valuable effort.,Disagree,0.082812,0.260435
10198,Respondent #23,Design - I easily understood how to use the product.,Strongly Disagree,0.025773,0.799247
10199,Respondent #23,Design - I had no trouble installing the product.,Strongly Agree,0.878428,0.00452
10200,Respondent #23,"Design - The product's design is unintuitive.",Agree,0.415495,0.236928
10201,Respondent #23,Quality - The product was durable.,Strongly Agree,0.878633,0.144426
10202,Respondent #23,Quality - The product was free from scratches.,Disagree,0.142749,0.700254
10203,Respondent #23,Quality - The product is deformed.,Agree,0.608048,0.631055
10204,Respondent #23,Pricing - The product is affordable.,Neutral,0.789798,0.486028
10205,Respondent #23,Pricing - The product saves me valuable time.,Agree,0.440024,0.34512
10206,Respondent #23,Pricing - The product saves me valuable effort.,Disagree,0.514755,0.660358
10207,Respondent #24,Design - I easily understood how to use the product.,Strongly Disagree,0.762454,0.971848
10208,Respondent #24,Design - I had no trouble installing the product.,Neutral,0.111343,0.981888
10209,Respondent #24,"Design - The product's design is unintuitive.",Disagree,0.401485,0.017106
10210,Respondent #24,Quality - The product was durable.,Neutral,0.729344,0.44479
10211,Respondent #24,Quality - The product was free from scratches.,Disagree,0.826071,0.689674
10212,Respondent #24,Quality - The product is deformed.,Agree,0.952723,0.021477
10213,Respondent #24,Pricing - The product is affordable.,Neutral,0.824269,0.176753
10214,Respondent #24,Pricing - The product saves me valuable time.,Agree,0.151302,0.913473
10215,Respondent #24,Pricing - The product saves me valuable effort.,Disagree,0.210368,0.558513
10216,Respondent #25,Design - I easily understood how to use the product.,Strongly Disagree,0.182345,0.178628
10217,Respondent #25,Design - I had no trouble installing the product.,Strongly Agree,0.926531,0.524596
10218,Respondent #25,"Design - The product's design is unintuitive.",Strongly Disagree,0.788476,0.636863
10219,Respondent #25,Quality - The product was durable.,Strongly Agree,0.633713,0.480893
10220,Respondent #25,Quality - The product was free from scratches.,Disagree,0.468013,0.151344
10221,Respondent #25,Quality - The product is deformed.,Disagree,0.326079,0.718119
10222,Respondent #25,Pricing - The product is affordable.,Strongly Agree,0.374434,0.527452
10223,Respondent #25,Pricing - The product saves me valuable time.,Agree,0.166273,0.861202
10224,Respondent #25,Pricing - The product saves me valuable effort.,Disagree,0.676122,0.743605
10225,Respondent #26,Design - I easily understood how to use the product.,Disagree,0.776748,0.71468
10226,Respondent #26,Design - I had no trouble installing the product.,Neutral,0.237506,0.647978
10227,Respondent #26,"Design - The product's design is unintuitive.",Neutral,0.059696,0.024667
10228,Respondent #26,Quality - The product was durable.,Strongly Agree,0.609213,0.200479
10229,Respondent #26,Quality - The product was free from scratches.,Strongly Disagree,0.67939,0.353797
10230,Respondent #26,Quality - The product is deformed.,Agree,0.368741,0.354886
10231,Respondent #26,Pricing - The product is affordable.,Strongly Disagree,0.265323,0.233126
10232,Respondent #26,Pricing - The product saves me valuable time.,Agree,0.907698,0.894429
10233,Respondent #26,Pricing - The product saves me valuable effort.,Disagree,0.930227,0.25733
10234,Respondent #27,Design - I easily understood how to use the product.,Strongly Disagree,0.416796,0.180704
10235,Respondent #27,Design - I had no trouble installing the product.,Agree,0.167697,0.399438
10236,Respondent #27,"Design - The product's design is unintuitive.",Disagree,0.073203,0.427493
10237,Respondent #27,Quality - The product was durable.,Agree,0.5068,0.224514
10238,Respondent #27,Quality - The product was free from scratches.,Strongly Disagree,0.869671,0.915391
10239,Respondent #27,Quality - The product is deformed.,Strongly Agree,0.802481,0.146463
10240,Respondent #27,Pricing - The product is affordable.,Strongly Disagree,0.161139,0.016875
10241,Respondent #27,Pricing - The product saves me valuable time.,Agree,0.262151,0.599285
10242,Respondent #27,Pricing - The product saves me valuable effort.,Strongly Disagree,0.656209,0.160681
10243,Respondent #28,Design - I easily understood how to use the product.,Strongly Disagree,0.174384,0.30876
10244,Respondent #28,Design - I had no trouble installing the product.,Strongly Agree,0.124739,0.273218
10245,Respondent #28,"Design - The product's design is unintuitive.",Neutral,0.58336,0.345296
10246,Respondent #28,Quality - The product was durable.,Strongly Agree,0.726349,0.809054
10247,Respondent #28,Quality - The product was free from scratches.,Disagree,0.683361,0.852622
10248,Respondent #28,Quality - The product is deformed.,Agree,0.886764,0.769609
10249,Respondent #28,Pricing - The product is affordable.,Disagree,0.76503,0.016444
10250,Respondent #28,Pricing - The product saves me valuable time.,Agree,0.22422,0.314479
10251,Respondent #28,Pricing - The product saves me valuable effort.,Disagree,0.429641,0.7314
10252,Respondent #29,Design - I easily understood how to use the product.,Strongly Disagree,0.986914,0.224499
10253,Respondent #29,Design - I had no trouble installing the product.,Neutral,0.960543,0.429181
10254,Respondent #29,"Design - The product's design is unintuitive.",Neutral,0.456499,0.013242
10255,Respondent #29,Quality - The product was durable.,Agree,0.292961,0.926344
10256,Respondent #29,Quality - The product was free from scratches.,Neutral,0.347964,0.494767
10257,Respondent #29,Quality - The product is deformed.,Disagree,0.610791,0.610348
10258,Respondent #29,Pricing - The product is affordable.,Disagree,0.726574,0.591717
10259,Respondent #29,Pricing - The product saves me valuable time.,Agree,0.61127,0.174925
10260,Respondent #29,Pricing - The product saves me valuable effort.,Disagree,0.371869,0.102321
10261,Respondent #30,Design - I easily understood how to use the product.,Disagree,0.549996,0.663442
10262,Respondent #30,Design - I had no trouble installing the product.,Strongly Agree,0.70302,0.790083
10263,Respondent #30,"Design - The product's design is unintuitive.",Neutral,0.103542,0.287807
10264,Respondent #30,Quality - The product was durable.,Agree,0.823337,0.124682
10265,Respondent #30,Quality - The product was free from scratches.,Disagree,0.40813,0.012156
10266,Respondent #30,Quality - The product is deformed.,Neutral,0.99161,0.680116
10267,Respondent #30,Pricing - The product is affordable.,Disagree,0.093558,0.272568
10268,Respondent #30,Pricing - The product saves me valuable time.,Disagree,0.825902,0.929556
10269,Respondent #30,Pricing - The product saves me valuable effort.,Strongly Disagree,0.088193,0.971169
10270,Respondent #31,Design - I easily understood how to use the product.,Disagree,0.530833,0.975875
10271,Respondent #31,Design - I had no trouble installing the product.,Agree,0.211776,0.976177
10272,Respondent #31,"Design - The product's design is unintuitive.",Disagree,0.764517,0.005102
10273,Respondent #31,Quality - The product was durable.,Agree,0.099527,0.951077
10274,Respondent #31,Quality - The product was free from scratches.,Disagree,0.278918,0.675474
10275,Respondent #31,Quality - The product is deformed.,Agree,0.463766,0.554606
10276,Respondent #31,Pricing - The product is affordable.,Strongly Disagree,0.701293,0.329215
10277,Respondent #31,Pricing - The product saves me valuable time.,Agree,0.818016,0.38313
10278,Respondent #31,Pricing - The product saves me valuable effort.,Strongly Disagree,0.111368,0.887704
10279,Respondent #32,Design - I easily understood how to use the product.,Strongly Disagree,0.359819,0.70397
10280,Respondent #32,Design - I had no trouble installing the product.,Strongly Agree,0.506001,0.015354
10281,Respondent #32,"Design - The product's design is unintuitive.",Agree,0.531679,0.482169
10282,Respondent #32,Quality - The product was durable.,Neutral,0.213626,0.704554
10283,Respondent #32,Quality - The product was free from scratches.,Disagree,0.909187,0.847529
10284,Respondent #32,Quality - The product is deformed.,Disagree,0.995161,0.077164
10285,Respondent #32,Pricing - The product is affordable.,Strongly Disagree,0.959489,0.049988
10286,Respondent #32,Pricing - The product saves me valuable time.,Agree,0.527161,0.787138
10287,Respondent #32,Pricing - The product saves me valuable effort.,Disagree,0.840028,0.066177
10288,Respondent #33,Design - I easily understood how to use the product.,Strongly Disagree,0.174831,0.749925
10289,Respondent #33,Design - I had no trouble installing the product.,Agree,0.618968,0.305319
10290,Respondent #33,"Design - The product's design is unintuitive.",Disagree,0.290415,0.192497
10291,Respondent #33,Quality - The product was durable.,Agree,0.424475,0.428774
10292,Respondent #33,Quality - The product was free from scratches.,Strongly Disagree,0.091272,0.854818
10293,Respondent #33,Quality - The product is deformed.,Disagree,0.099498,0.696533
10294,Respondent #33,Pricing - The product is affordable.,Strongly Agree,0.03619,0.773265
10295,Respondent #33,Pricing - The product saves me valuable time.,Strongly Agree,0.483055,0.333835
10296,Respondent #33,Pricing - The product saves me valuable effort.,Disagree,0.878236,0.512001
10297,Respondent #34,Design - I easily understood how to use the product.,Strongly Disagree,0.382104,0.604422
10298,Respondent #34,Design - I had no trouble installing the product.,Agree,0.898036,0.890863
10299,Respondent #34,"Design - The product's design is unintuitive.",Agree,0.374758,0.071335
10300,Respondent #34,Quality - The product was durable.,Agree,0.436731,0.302261
10301,Respondent #34,Quality - The product was free from scratches.,Disagree,0.313011,0.516846
10302,Respondent #34,Quality - The product is deformed.,Agree,0.511089,0.178472
10303,Respondent #34,Pricing - The product is affordable.,Strongly Disagree,0.97105,0.933007
10304,Respondent #34,Pricing - The product saves me valuable time.,Neutral,0.051222,0.213245
10305,Respondent #34,Pricing - The product saves me valuable effort.,Disagree,0.680176,0.770697
10306,Respondent #35,Design - I easily understood how to use the product.,Agree,0.594705,0.88309
10307,Respondent #35,Design - I had no trouble installing the product.,Neutral,0.466493,0.748955
10308,Respondent #35,"Design - The product's design is unintuitive.",Disagree,0.651252,0.490258
10309,Respondent #35,Quality - The product was durable.,Strongly Agree,0.385491,0.376215
10310,Respondent #35,Quality - The product was free from scratches.,Disagree,0.916856,0.147577
10311,Respondent #35,Quality - The product is deformed.,Neutral,0.30085,0.443772
10312,Respondent #35,Pricing - The product is affordable.,Strongly Disagree,0.910548,0.545902
10313,Respondent #35,Pricing - The product saves me valuable time.,Agree,0.783764,0.749908
10314,Respondent #35,Pricing - The product saves me valuable effort.,Disagree,0.494512,0.938063
10315,Respondent #36,Design - I easily understood how to use the product.,Strongly Disagree,0.566317,0.455656
10316,Respondent #36,Design - I had no trouble installing the product.,Strongly Agree,0.756643,0.647964
10317,Respondent #36,"Design - The product's design is unintuitive.",Neutral,0.095309,0.37698
10318,Respondent #36,Quality - The product was durable.,Neutral,0.677081,0.590991
10319,Respondent #36,Quality - The product was free from scratches.,Neutral,0.321332,0.897527
10320,Respondent #36,Quality - The product is deformed.,Agree,0.947834,0.966242
10321,Respondent #36,Pricing - The product is affordable.,Strongly Agree,0.567003,0.260067
10322,Respondent #36,Pricing - The product saves me valuable time.,Agree,0.646338,0.173974
10323,Respondent #36,Pricing - The product saves me valuable effort.,Agree,0.798908,0.527834
10324,Respondent #37,Design - I easily understood how to use the product.,Disagree,0.018785,0.04246
10325,Respondent #37,Design - I had no trouble installing the product.,Strongly Agree,0.421883,0.839493
10326,Respondent #37,"Design - The product's design is unintuitive.",Disagree,0.019157,0.192394
10327,Respondent #37,Quality - The product was durable.,Strongly Agree,0.198701,0.905408
10328,Respondent #37,Quality - The product was free from scratches.,Disagree,0.490329,0.727348
10329,Respondent #37,Quality - The product is deformed.,Agree,0.155535,0.095661
10330,Respondent #37,Pricing - The product is affordable.,Strongly Disagree,0.757592,0.079653
10331,Respondent #37,Pricing - The product saves me valuable time.,Neutral,0.030322,0.396731
10332,Respondent #37,Pricing - The product saves me valuable effort.,Disagree,0.016688,0.862558
10333,Respondent #38,Design - I easily understood how to use the product.,Strongly Disagree,0.917885,0.96962
10334,Respondent #38,Design - I had no trouble installing the product.,Neutral,0.133598,0.820718
10335,Respondent #38,"Design - The product's design is unintuitive.",Neutral,0.721028,0.81506
10336,Respondent #38,Quality - The product was durable.,Neutral,0.711753,0.837459
10337,Respondent #38,Quality - The product was free from scratches.,Disagree,0.363416,0.152295
10338,Respondent #38,Quality - The product is deformed.,Strongly Agree,0.487888,0.578196
10339,Respondent #38,Pricing - The product is affordable.,Disagree,0.484887,0.629114
10340,Respondent #38,Pricing - The product saves me valuable time.,Neutral,0.973739,0.600608
10341,Respondent #38,Pricing - The product saves me valuable effort.,Strongly Disagree,0.623752,0.508661
10342,Respondent #39,Design - I easily understood how to use the product.,Neutral,0.381533,0.757409
10343,Respondent #39,Design - I had no trouble installing the product.,Strongly Agree,0.230938,0.333835
10344,Respondent #39,"Design - The product's design is unintuitive.",Strongly Agree,0.653895,0.415132
10345,Respondent #39,Quality - The product was durable.,Strongly Agree,0.041981,0.507384
10346,Respondent #39,Quality - The product was free from scratches.,Disagree,0.730425,0.633076
10347,Respondent #39,Quality - The product is deformed.,Neutral,0.623206,0.555539
10348,Respondent #39,Pricing - The product is affordable.,Strongly Agree,0.792538,0.939673
10349,Respondent #39,Pricing - The product saves me valuable time.,Agree,0.507856,0.137098
10350,Respondent #39,Pricing - The product saves me valuable effort.,Strongly Disagree,0.44643,0.072719
10351,Respondent #40,Design - I easily understood how to use the product.,Strongly Disagree,0.371172,0.788452
10352,Respondent #40,Design - I had no trouble installing the product.,Strongly Agree,0.590513,0.135546
10353,Respondent #40,"Design - The product's design is unintuitive.",Neutral,0.55769,0.39221
10354,Respondent #40,Quality - The product was durable.,Agree,0.573513,0.80448
10355,Respondent #40,Quality - The product was free from scratches.,Disagree,0.599984,0.21113
10356,Respondent #40,Quality - The product is deformed.,Agree,0.240917,0.634452
10357,Respondent #40,Pricing - The product is affordable.,Strongly Disagree,0.776832,0.14515
10358,Respondent #40,Pricing - The product saves me valuable time.,Neutral,0.755767,0.477791
10359,Respondent #40,Pricing - The product saves me valuable effort.,Neutral,0.777261,0.402165
10360,Respondent #41,Design - I easily understood how to use the product.,Neutral,0.436048,0.970108
10361,Respondent #41,Design - I had no trouble installing the product.,Neutral,0.633051,0.340513
10362,Respondent #41,"Design - The product's design is unintuitive.",Strongly Disagree,0.713622,0.066299
10363,Respondent #41,Quality - The product was durable.,Strongly Agree,0.111263,0.82948
10364,Respondent #41,Quality - The product was free from scratches.,Neutral,0.491104,0.150086
10365,Respondent #41,Quality - The product is deformed.,Disagree,0.1416,0.991753
10366,Respondent #41,Pricing - The product is affordable.,Strongly Disagree,0.635369,0.300281
10367,Respondent #41,Pricing - The product saves me valuable time.,Agree,0.445107,0.417
10368,Respondent #41,Pricing - The product saves me valuable effort.,Strongly Disagree,0.775078,0.441183
10369,Respondent #42,Design - I easily understood how to use the product.,Strongly Disagree,0.102687,0.288939
10370,Respondent #42,Design - I had no trouble installing the product.,Agree,0.706859,0.476532
10371,Respondent #42,"Design - The product's design is unintuitive.",Neutral,0.109057,0.65285
10372,Respondent #42,Quality - The product was durable.,Agree,0.625788,0.266643
10373,Respondent #42,Quality - The product was free from scratches.,Disagree,0.679432,0.474377
10374,Respondent #42,Quality - The product is deformed.,Neutral,0.282546,0.177261
10375,Respondent #42,Pricing - The product is affordable.,Disagree,0.586739,0.080371
10376,Respondent #42,Pricing - The product saves me valuable time.,Neutral,0.538208,0.609249
10377,Respondent #42,Pricing - The product saves me valuable effort.,Neutral,0.298271,0.190615
10378,Respondent #43,Design - I easily understood how to use the product.,Neutral,0.557759,0.073355
10379,Respondent #43,Design - I had no trouble installing the product.,Neutral,0.558278,0.583364
10380,Respondent #43,"Design - The product's design is unintuitive.",Agree,0.406314,0.129464
10381,Respondent #43,Quality - The product was durable.,Strongly Agree,0.018037,0.218851
10382,Respondent #43,Quality - The product was free from scratches.,Neutral,0.652523,0.745826
10383,Respondent #43,Quality - The product is deformed.,Agree,0.478594,0.181272
10384,Respondent #43,Pricing - The product is affordable.,Strongly Disagree,0.092271,0.77212
10385,Respondent #43,Pricing - The product saves me valuable time.,Agree,0.203446,0.350962
10386,Respondent #43,Pricing - The product saves me valuable effort.,Disagree,0.551298,0.032184
10387,Respondent #44,Design - I easily understood how to use the product.,Strongly Disagree,0.878101,0.561094
10388,Respondent #44,Design - I had no trouble installing the product.,Strongly Agree,0.220542,0.260812
10389,Respondent #44,"Design - The product's design is unintuitive.",Strongly Agree,0.763679,0.830246
10390,Respondent #44,Quality - The product was durable.,Strongly Agree,0.377652,0.089716
10391,Respondent #44,Quality - The product was free from scratches.,Neutral,0.959178,0.621771
10392,Respondent #44,Quality - The product is deformed.,Agree,0.819824,0.533388
10393,Respondent #44,Pricing - The product is affordable.,Strongly Agree,0.498789,0.017839
10394,Respondent #44,Pricing - The product saves me valuable time.,Neutral,0.842519,0.658368
10395,Respondent #44,Pricing - The product saves me valuable effort.,Disagree,0.558316,0.776903
10396,Respondent #45,Design - I easily understood how to use the product.,Neutral,0.759322,0.590659
10397,Respondent #45,Design - I had no trouble installing the product.,Strongly Agree,0.002687,0.067867
10398,Respondent #45,"Design - The product's design is unintuitive.",Agree,0.654388,0.613347
10399,Respondent #45,Quality - The product was durable.,Agree,0.841657,0.723932
10400,Respondent #45,Quality - The product was free from scratches.,Disagree,0.619489,0.010638
10401,Respondent #45,Quality - The product is deformed.,Neutral,0.316331,0.523598
10402,Respondent #45,Pricing - The product is affordable.,Neutral,0.502201,0.6301
10403,Respondent #45,Pricing - The product saves me valuable time.,Agree,0.326098,0.710084
10404,Respondent #45,Pricing - The product saves me valuable effort.,Disagree,0.524569,0.919179
10405,Respondent #46,Design - I easily understood how to use the product.,Disagree,0.5852,0.53859
10406,Respondent #46,Design - I had no trouble installing the product.,Strongly Agree,0.917006,0.918674
10407,Respondent #46,"Design - The product's design is unintuitive.",Disagree,0.771539,0.549665
10408,Respondent #46,Quality - The product was durable.,Strongly Agree,0.688043,0.005701
10409,Respondent #46,Quality - The product was free from scratches.,Neutral,0.165793,0.576168
10410,Respondent #46,Quality - The product is deformed.,Strongly Agree,0.718419,0.919508
10411,Respondent #46,Pricing - The product is affordable.,Strongly Disagree,0.67205,0.078433
10412,Respondent #46,Pricing - The product saves me valuable time.,Neutral,0.189822,0.667977
10413,Respondent #46,Pricing - The product saves me valuable effort.,Disagree,0.138011,0.854246
10414,Respondent #47,Design - I easily understood how to use the product.,Strongly Disagree,0.812458,0.202307
10415,Respondent #47,Design - I had no trouble installing the product.,Strongly Agree,0.052049,0.400702
10416,Respondent #47,"Design - The product's design is unintuitive.",Neutral,0.896667,0.005134
10417,Respondent #47,Quality - The product was durable.,Neutral,0.86479,0.321722
10418,Respondent #47,Quality - The product was free from scratches.,Strongly Disagree,0.927233,0.132083
10419,Respondent #47,Quality - The product is deformed.,Agree,0.849414,0.574679
10420,Respondent #47,Pricing - The product is affordable.,Strongly Disagree,0.748597,0.10608
10421,Respondent #47,Pricing - The product saves me valuable time.,Agree,0.804658,0.329286
10422,Respondent #47,Pricing - The product saves me valuable effort.,Strongly Disagree,0.209974,0.316646
10423,Respondent #48,Design - I easily understood how to use the product.,Disagree,0.510059,0.751095
10424,Respondent #48,Design - I had no trouble installing the product.,Neutral,0.540672,0.306912
10425,Respondent #48,"Design - The product's design is unintuitive.",Disagree,0.463386,0.332785
10426,Respondent #48,Quality - The product was durable.,Agree,0.643097,0.922905
10427,Respondent #48,Quality - The product was free from scratches.,Neutral,0.009062,0.169872
10428,Respondent #48,Quality - The product is deformed.,Neutral,0.53946,0.773376
10429,Respondent #48,Pricing - The product is affordable.,Strongly Disagree,0.466848,0.519229
10430,Respondent #48,Pricing - The product saves me valuable time.,Strongly Agree,0.9564,0.222636
10431,Respondent #48,Pricing - The product saves me valuable effort.,Disagree,0.126558,0.724509
10432,Respondent #49,Design - I easily understood how to use the product.,Disagree,0.378351,0.732629
10433,Respondent #49,Design - I had no trouble installing the product.,Neutral,0.889487,0.582306
10434,Respondent #49,"Design - The product's design is unintuitive.",Neutral,0.608668,0.070407
10435,Respondent #49,Quality - The product was durable.,Strongly Agree,0.52793,0.252673
10436,Respondent #49,Quality - The product was free from scratches.,Disagree,0.162993,0.760179
10437,Respondent #49,Quality - The product is deformed.,Disagree,0.036115,0.817444
10438,Respondent #49,Pricing - The product is affordable.,Disagree,0.384032,0.411284
10439,Respondent #49,Pricing - The product saves me valuable time.,Neutral,0.457208,0.329653
10440,Respondent #49,Pricing - The product saves me valuable effort.,Disagree,0.216663,0.132539
10441,Respondent #50,Design - I easily understood how to use the product.,Strongly Disagree,0.712286,0.409232
10442,Respondent #50,Design - I had no trouble installing the product.,Agree,0.512328,0.59675
10443,Respondent #50,"Design - The product's design is unintuitive.",Neutral,0.226454,0.991543
10444,Respondent #50,Quality - The product was durable.,Strongly Agree,0.853894,0.69851
10445,Respondent #50,Quality - The product was free from scratches.,Neutral,0.979617,0.775722
10446,Respondent #50,Quality - The product is deformed.,Agree,0.634465,0.285705
10447,Respondent #50,Pricing - The product is affordable.,Strongly Disagree,0.917418,0.05725
10448,Respondent #50,Pricing - The product saves me valuable time.,Neutral,0.373484,0.433518
10449,Respondent #50,Pricing - The product saves me valuable effort.,Disagree,0.969844,0.564592
10450,Respondent #51,Design - I easily understood how to use the product.,Neutral,0.48127,0.413721
10451,Respondent #51,Design - I had no trouble installing the product.,Agree,0.445457,0.371715
10452,Respondent #51,"Design - The product's design is unintuitive.",Neutral,0.715744,0.262363
10453,Respondent #51,Quality - The product was durable.,Strongly Agree,0.463967,0.272769
10454,Respondent #51,Quality - The product was free from scratches.,Neutral,0.664169,0.979035
10455,Respondent #51,Quality - The product is deformed.,Neutral,0.139475,0.569386
10456,Respondent #51,Pricing - The product is affordable.,Strongly Disagree,0.630405,0.996388
10457,Respondent #51,Pricing - The product saves me valuable time.,Agree,0.815139,0.064508
10458,Respondent #51,Pricing - The product saves me valuable effort.,Disagree,0.052564,0.691556
10459,Respondent #52,Design - I easily understood how to use the product.,Strongly Disagree,0.416376,0.412432
10460,Respondent #52,Design - I had no trouble installing the product.,Strongly Agree,0.043698,0.809721
10461,Respondent #52,"Design - The product's design is unintuitive.",Disagree,0.321503,0.806147
10462,Respondent #52,Quality - The product was durable.,Agree,0.238862,0.89841
10463,Respondent #52,Quality - The product was free from scratches.,Neutral,0.025719,0.593685
10464,Respondent #52,Quality - The product is deformed.,Neutral,0.196279,0.536174
10465,Respondent #52,Pricing - The product is affordable.,Agree,0.546269,0.816723
10466,Respondent #52,Pricing - The product saves me valuable time.,Agree,0.593066,0.739307
10467,Respondent #52,Pricing - The product saves me valuable effort.,Strongly Disagree,0.269298,0.748548
10468,Respondent #53,Design - I easily understood how to use the product.,Strongly Disagree,0.079327,0.114544
10469,Respondent #53,Design - I had no trouble installing the product.,Strongly Agree,0.952376,0.89831
10470,Respondent #53,"Design - The product's design is unintuitive.",Strongly Disagree,0.327215,0.193917
10471,Respondent #53,Quality - The product was durable.,Strongly Agree,0.467041,0.016554
10472,Respondent #53,Quality - The product was free from scratches.,Neutral,0.845358,0.372633
10473,Respondent #53,Quality - The product is deformed.,Neutral,0.207682,0.253061
10474,Respondent #53,Pricing - The product is affordable.,Agree,0.692509,0.365283
10475,Respondent #53,Pricing - The product saves me valuable time.,Disagree,0.052018,0.80656
10476,Respondent #53,Pricing - The product saves me valuable effort.,Strongly Disagree,0.094068,0.449467
10477,Respondent #54,Design - I easily understood how to use the product.,Strongly Disagree,0.30633,0.429211
10478,Respondent #54,Design - I had no trouble installing the product.,Strongly Agree,0.777331,0.32596
10479,Respondent #54,"Design - The product's design is unintuitive.",Neutral,0.200038,0.963413
10480,Respondent #54,Quality - The product was durable.,Strongly Agree,0.773578,0.457303
10481,Respondent #54,Quality - The product was free from scratches.,Disagree,0.013647,0.377756
10482,Respondent #54,Quality - The product is deformed.,Neutral,0.442795,0.623898
10483,Respondent #54,Pricing - The product is affordable.,Strongly Disagree,0.499283,0.154381
10484,Respondent #54,Pricing - The product saves me valuable time.,Agree,0.042771,0.106216
10485,Respondent #54,Pricing - The product saves me valuable effort.,Disagree,0.634773,0.178358
10486,Respondent #55,Design - I easily understood how to use the product.,Strongly Agree,0.063327,0.03743
10487,Respondent #55,Design - I had no trouble installing the product.,Strongly Agree,0.736874,0.948307
10488,Respondent #55,"Design - The product's design is unintuitive.",Neutral,0.326437,0.82589
10489,Respondent #55,Quality - The product was durable.,Strongly Agree,0.709485,0.425163
10490,Respondent #55,Quality - The product was free from scratches.,Disagree,0.473007,0.586987
10491,Respondent #55,Quality - The product is deformed.,Neutral,0.234334,0.278732
10492,Respondent #55,Pricing - The product is affordable.,Strongly Disagree,0.916973,0.582779
10493,Respondent #55,Pricing - The product saves me valuable time.,Disagree,0.766385,0.651315
10494,Respondent #55,Pricing - The product saves me valuable effort.,Disagree,0.722793,0.075668
10495,Respondent #56,Design - I easily understood how to use the product.,Strongly Disagree,0.356232,0.20295
10496,Respondent #56,Design - I had no trouble installing the product.,Neutral,0.349112,0.752185
10497,Respondent #56,"Design - The product's design is unintuitive.",Disagree,0.012937,0.69303
10498,Respondent #56,Quality - The product was durable.,Strongly Agree,0.539918,0.110621
10499,Respondent #56,Quality - The product was free from scratches.,Disagree,0.788512,0.581119
10500,Respondent #56,Quality - The product is deformed.,Disagree,0.053495,0.64994
10501,Respondent #56,Pricing - The product is affordable.,Strongly Disagree,0.618522,0.638133
10502,Respondent #56,Pricing - The product saves me valuable time.,Agree,0.919453,0.826372
10503,Respondent #56,Pricing - The product saves me valuable effort.,Disagree,0.633266,0.95368
10504,Respondent #57,Design - I easily understood how to use the product.,Strongly Disagree,0.726911,0.708929
10505,Respondent #57,Design - I had no trouble installing the product.,Strongly Agree,0.984145,0.44949
10506,Respondent #57,"Design - The product's design is unintuitive.",Strongly Disagree,0.781918,0.898101
10507,Respondent #57,Quality - The product was durable.,Neutral,0.940569,0.46384
10508,Respondent #57,Quality - The product was free from scratches.,Disagree,0.800672,0.540174
10509,Respondent #57,Quality - The product is deformed.,Agree,0.653868,0.596264
10510,Respondent #57,Pricing - The product is affordable.,Strongly Agree,0.924405,0.287752
10511,Respondent #57,Pricing - The product saves me valuable time.,Strongly Agree,0.79688,0.765564
10512,Respondent #57,Pricing - The product saves me valuable effort.,Disagree,0.329016,0.188055
10513,Respondent #58,Design - I easily understood how to use the product.,Agree,0.853909,0.628925
10514,Respondent #58,Design - I had no trouble installing the product.,Strongly Agree,0.326979,0.456122
10515,Respondent #58,"Design - The product's design is unintuitive.",Disagree,0.421997,0.905278
10516,Respondent #58,Quality - The product was durable.,Neutral,0.386259,0.454814
10517,Respondent #58,Quality - The product was free from scratches.,Disagree,0.862501,0.933871
10518,Respondent #58,Quality - The product is deformed.,Strongly Agree,0.805713,0.935343
10519,Respondent #58,Pricing - The product is affordable.,Strongly Disagree,0.370137,0.172442
10520,Respondent #58,Pricing - The product saves me valuable time.,Strongly Agree,0.501648,0.333756
10521,Respondent #58,Pricing - The product saves me valuable effort.,Disagree,0.652718,0.835874
10522,Respondent #59,Design - I easily understood how to use the product.,Strongly Disagree,0.886267,0.524174
10523,Respondent #59,Design - I had no trouble installing the product.,Agree,0.495818,0.772202
10524,Respondent #59,"Design - The product's design is unintuitive.",Disagree,0.220775,0.57711
10525,Respondent #59,Quality - The product was durable.,Agree,0.310628,0.247161
10526,Respondent #59,Quality - The product was free from scratches.,Disagree,0.70065,0.723432
10527,Respondent #59,Quality - The product is deformed.,Strongly Agree,0.49635,0.170485
10528,Respondent #59,Pricing - The product is affordable.,Neutral,0.03388,0.882936
10529,Respondent #59,Pricing - The product saves me valuable time.,Agree,0.364044,0.480549
10530,Respondent #59,Pricing - The product saves me valuable effort.,Strongly Disagree,0.952723,0.515327
10531,Respondent #60,Design - I easily understood how to use the product.,Strongly Disagree,0.286144,0.174347
10532,Respondent #60,Design - I had no trouble installing the product.,Strongly Agree,0.729731,0.281802
10533,Respondent #60,"Design - The product's design is unintuitive.",Neutral,0.936565,0.619817
10534,Respondent #60,Quality - The product was durable.,Agree,0.808383,0.722202
10535,Respondent #60,Quality - The product was free from scratches.,Disagree,0.444119,0.111056
10536,Respondent #60,Quality - The product is deformed.,Neutral,0.458689,0.471382
10537,Respondent #60,Pricing - The product is affordable.,Strongly Disagree,0.144068,0.016906
10538,Respondent #60,Pricing - The product saves me valuable time.,Disagree,0.484562,0.126196
10539,Respondent #60,Pricing - The product saves me valuable effort.,Disagree,0.9803,0.368716
10540,Respondent #61,Design - I easily understood how to use the product.,Strongly Disagree,0.34556,0.936535
10541,Respondent #61,Design - I had no trouble installing the product.,Neutral,0.608391,0.162849
10542,Respondent #61,"Design - The product's design is unintuitive.",Disagree,0.555996,0.656801
10543,Respondent #61,Quality - The product was durable.,Agree,0.412062,0.48492
10544,Respondent #61,Quality - The product was free from scratches.,Disagree,0.977032,0.265901
10545,Respondent #61,Quality - The product is deformed.,Strongly Agree,0.690494,0.49902
10546,Respondent #61,Pricing - The product is affordable.,Disagree,0.680416,0.086902
10547,Respondent #61,Pricing - The product saves me valuable time.,Agree,0.268053,0.685394
10548,Respondent #61,Pricing - The product saves me valuable effort.,Disagree,0.867614,0.174911
10549,Respondent #62,Design - I easily understood how to use the product.,Strongly Disagree,0.45376,0.098047
10550,Respondent #62,Design - I had no trouble installing the product.,Disagree,0.903177,0.314043
10551,Respondent #62,"Design - The product's design is unintuitive.",Disagree,0.734545,0.980598
10552,Respondent #62,Quality - The product was durable.,Strongly Agree,0.087696,0.233136
10553,Respondent #62,Quality - The product was free from scratches.,Disagree,0.632212,0.805329
10554,Respondent #62,Quality - The product is deformed.,Disagree,0.981151,0.63442
10555,Respondent #62,Pricing - The product is affordable.,Disagree,0.065401,0.037308
10556,Respondent #62,Pricing - The product saves me valuable time.,Neutral,0.044406,0.993359
10557,Respondent #62,Pricing - The product saves me valuable effort.,Strongly Disagree,0.579509,0.211508
10558,Respondent #63,Design - I easily understood how to use the product.,Strongly Disagree,0.159741,0.298364
10559,Respondent #63,Design - I had no trouble installing the product.,Strongly Agree,0.798292,0.519176
10560,Respondent #63,"Design - The product's design is unintuitive.",Agree,0.657393,0.34928
10561,Respondent #63,Quality - The product was durable.,Agree,0.662435,0.808632
10562,Respondent #63,Quality - The product was free from scratches.,Disagree,0.581894,0.292386
10563,Respondent #63,Quality - The product is deformed.,Strongly Agree,0.719436,0.50329
10564,Respondent #63,Pricing - The product is affordable.,Neutral,0.285273,0.328709
10565,Respondent #63,Pricing - The product saves me valuable time.,Agree,0.566584,0.545305
10566,Respondent #63,Pricing - The product saves me valuable effort.,Strongly Disagree,0.661754,0.464044
10567,Respondent #64,Design - I easily understood how to use the product.,Strongly Disagree,0.662337,0.508567
10568,Respondent #64,Design - I had no trouble installing the product.,Strongly Agree,0.168232,0.361459
10569,Respondent #64,"Design - The product's design is unintuitive.",Disagree,0.868709,0.966041
10570,Respondent #64,Quality - The product was durable.,Strongly Agree,0.302483,0.643016
10571,Respondent #64,Quality - The product was free from scratches.,Neutral,0.34948,0.1162
10572,Respondent #64,Quality - The product is deformed.,Disagree,0.032615,0.281498
10573,Respondent #64,Pricing - The product is affordable.,Disagree,0.32537,0.155505
10574,Respondent #64,Pricing - The product saves me valuable time.,Agree,0.725458,0.458888
10575,Respondent #64,Pricing - The product saves me valuable effort.,Neutral,0.119433,0.892102
10576,Respondent #65,Design - I easily understood how to use the product.,Strongly Disagree,0.383057,0.248819
10577,Respondent #65,Design - I had no trouble installing the product.,Agree,0.614316,0.548919
10578,Respondent #65,"Design - The product's design is unintuitive.",Neutral,0.775097,0.200091
10579,Respondent #65,Quality - The product was durable.,Agree,0.578342,0.649958
10580,Respondent #65,Quality - The product was free from scratches.,Disagree,0.84391,0.8553
10581,Respondent #65,Quality - The product is deformed.,Agree,0.332622,0.230736
10582,Respondent #65,Pricing - The product is affordable.,Strongly Disagree,0.386661,0.949777
10583,Respondent #65,Pricing - The product saves me valuable time.,Neutral,0.453447,0.863298
10584,Respondent #65,Pricing - The product saves me valuable effort.,Disagree,0.050789,0.609732
10585,Respondent #66,Design - I easily understood how to use the product.,Strongly Disagree,0.967487,0.99149
10586,Respondent #66,Design - I had no trouble installing the product.,Agree,0.899887,0.903752
10587,Respondent #66,"Design - The product's design is unintuitive.",Disagree,0.323667,0.098569
10588,Respondent #66,Quality - The product was durable.,Agree,0.320999,0.213037
10589,Respondent #66,Quality - The product was free from scratches.,Neutral,0.352077,0.954108
10590,Respondent #66,Quality - The product is deformed.,Neutral,0.308382,0.758719
10591,Respondent #66,Pricing - The product is affordable.,Strongly Disagree,0.819131,0.554263
10592,Respondent #66,Pricing - The product saves me valuable time.,Neutral,0.215962,0.478944
10593,Respondent #66,Pricing - The product saves me valuable effort.,Strongly Disagree,0.381021,0.056595
10594,Respondent #67,Design - I easily understood how to use the product.,Strongly Disagree,0.904178,0.647719
10595,Respondent #67,Design - I had no trouble installing the product.,Agree,0.238847,0.057625
10596,Respondent #67,"Design - The product's design is unintuitive.",Strongly Agree,0.996949,0.232677
10597,Respondent #67,Quality - The product was durable.,Strongly Agree,0.245037,0.389471
10598,Respondent #67,Quality - The product was free from scratches.,Neutral,0.639651,0.670557
10599,Respondent #67,Quality - The product is deformed.,Agree,0.610279,0.429279
10600,Respondent #67,Pricing - The product is affordable.,Disagree,0.087754,0.794211
10601,Respondent #67,Pricing - The product saves me valuable time.,Strongly Agree,0.00058,0.700524
10602,Respondent #67,Pricing - The product saves me valuable effort.,Strongly Disagree,0.237716,0.433155
10603,Respondent #68,Design - I easily understood how to use the product.,Strongly Disagree,0.487253,0.735587
10604,Respondent #68,Design - I had no trouble installing the product.,Strongly Agree,0.288721,0.305273
10605,Respondent #68,"Design - The product's design is unintuitive.",Neutral,0.332728,0.662873
10606,Respondent #68,Quality - The product was durable.,Agree,0.303251,0.458812
10607,Respondent #68,Quality - The product was free from scratches.,Disagree,0.690579,0.792576
10608,Respondent #68,Quality - The product is deformed.,Neutral,0.384242,0.985419
10609,Respondent #68,Pricing - The product is affordable.,Strongly Disagree,0.594947,0.094596
10610,Respondent #68,Pricing - The product saves me valuable time.,Neutral,0.795624,0.932858
10611,Respondent #68,Pricing - The product saves me valuable effort.,Strongly Disagree,0.123958,0.925985
10612,Respondent #69,Design - I easily understood how to use the product.,Strongly Disagree,0.083759,0.659873
10613,Respondent #69,Design - I had no trouble installing the product.,Strongly Agree,0.335223,0.84164
10614,Respondent #69,"Design - The product's design is unintuitive.",Disagree,0.990232,0.99244
10615,Respondent #69,Quality - The product was durable.,Strongly Disagree,0.759131,0.986229
10616,Respondent #69,Quality - The product was free from scratches.,Disagree,0.455162,0.15857
10617,Respondent #69,Quality - The product is deformed.,Disagree,0.986435,0.278965
10618,Respondent #69,Pricing - The product is affordable.,Strongly Disagree,0.09445,0.434091
10619,Respondent #69,Pricing - The product saves me valuable time.,Strongly Agree,0.626801,0.930356
10620,Respondent #69,Pricing - The product saves me valuable effort.,Strongly Disagree,0.775361,0.887215
10621,Respondent #70,Design - I easily understood how to use the product.,Strongly Disagree,0.016967,0.716636
10622,Respondent #70,Design - I had no trouble installing the product.,Strongly Agree,0.598344,0.106556
10623,Respondent #70,"Design - The product's design is unintuitive.",Strongly Disagree,0.096805,0.552852
10624,Respondent #70,Quality - The product was durable.,Agree,0.721464,0.716525
10625,Respondent #70,Quality - The product was free from scratches.,Disagree,0.197634,0.477315
10626,Respondent #70,Quality - The product is deformed.,Neutral,0.642186,0.203052
10627,Respondent #70,Pricing - The product is affordable.,Strongly Disagree,0.302815,0.960056
10628,Respondent #70,Pricing - The product saves me valuable time.,Agree,0.833996,0.968898
10629,Respondent #70,Pricing - The product saves me valuable effort.,Disagree,0.72621,0.807505
10630,Respondent #71,Design - I easily understood how to use the product.,Strongly Disagree,0.837996,0.130442
10631,Respondent #71,Design - I had no trouble installing the product.,Strongly Agree,0.759858,0.325316
10632,Respondent #71,"Design - The product's design is unintuitive.",Neutral,0.493471,0.632793
10633,Respondent #71,Quality - The product was durable.,Agree,0.181002,0.017756
10634,Respondent #71,Quality - The product was free from scratches.,Neutral,0.432253,0.776117
10635,Respondent #71,Quality - The product is deformed.,Neutral,0.486405,0.681485
10636,Respondent #71,Pricing - The product is affordable.,Strongly Disagree,0.190268,0.896681
10637,Respondent #71,Pricing - The product saves me valuable time.,Agree,0.398775,0.523407
10638,Respondent #71,Pricing - The product saves me valuable effort.,Strongly Disagree,0.323876,0.888596
10639,Respondent #72,Design - I easily understood how to use the product.,Strongly Disagree,0.266482,0.756443
10640,Respondent #72,Design - I had no trouble installing the product.,Disagree,0.904665,0.134657
10641,Respondent #72,"Design - The product's design is unintuitive.",Neutral,0.815675,0.186266
10642,Respondent #72,Quality - The product was durable.,Strongly Agree,0.119565,0.227343
10643,Respondent #72,Quality - The product was free from scratches.,Disagree,0.68262,0.85399
10644,Respondent #72,Quality - The product is deformed.,Agree,0.842611,0.354378
10645,Respondent #72,Pricing - The product is affordable.,Strongly Disagree,0.560291,0.464425
10646,Respondent #72,Pricing - The product saves me valuable time.,Strongly Agree,0.870959,0.066014
10647,Respondent #72,Pricing - The product saves me valuable effort.,Disagree,0.308835,0.567873
10648,Respondent #73,Design - I easily understood how to use the product.,Strongly Disagree,0.340025,0.894491
10649,Respondent #73,Design - I had no trouble installing the product.,Strongly Agree,0.443858,0.590974
10650,Respondent #73,"Design - The product's design is unintuitive.",Neutral,0.982683,0.607657
10651,Respondent #73,Quality - The product was durable.,Neutral,0.980413,0.458868
10652,Respondent #73,Quality - The product was free from scratches.,Disagree,0.568208,0.030388
10653,Respondent #73,Quality - The product is deformed.,Neutral,0.18927,0.599745
10654,Respondent #73,Pricing - The product is affordable.,Agree,0.805436,0.802649
10655,Respondent #73,Pricing - The product saves me valuable time.,Neutral,0.190843,0.737858
10656,Respondent #73,Pricing - The product saves me valuable effort.,Strongly Disagree,0.036798,0.607973
10657,Respondent #74,Design - I easily understood how to use the product.,Strongly Disagree,0.665045,0.257807
10658,Respondent #74,Design - I had no trouble installing the product.,Strongly Agree,0.844399,0.021534
10659,Respondent #74,"Design - The product's design is unintuitive.",Neutral,0.491509,0.903363
10660,Respondent #74,Quality - The product was durable.,Neutral,0.999591,0.236398
10661,Respondent #74,Quality - The product was free from scratches.,Disagree,0.587346,0.780376
10662,Respondent #74,Quality - The product is deformed.,Neutral,0.26602,0.101303
10663,Respondent #74,Pricing - The product is affordable.,Agree,0.16118,0.146064
10664,Respondent #74,Pricing - The product saves me valuable time.,Neutral,0.69979,0.402501
10665,Respondent #74,Pricing - The product saves me valuable effort.,Disagree,0.346536,0.329476
10666,Respondent #75,Design - I easily understood how to use the product.,Strongly Disagree,0.019073,0.208342
10667,Respondent #75,Design - I had no trouble installing the product.,Agree,0.703126,0.78062
10668,Respondent #75,"Design - The product's design is unintuitive.",Disagree,0.204658,0.623898
10669,Respondent #75,Quality - The product was durable.,Neutral,0.953781,0.038326
10670,Respondent #75,Quality - The product was free from scratches.,Disagree,0.191149,0.286881
10671,Respondent #75,Quality - The product is deformed.,Neutral,0.446156,0.776889
10672,Respondent #75,Pricing - The product is affordable.,Strongly Disagree,0.401882,0.872509
10673,Respondent #75,Pricing - The product saves me valuable time.,Neutral,0.034748,0.804959
10674,Respondent #75,Pricing - The product saves me valuable effort.,Strongly Disagree,0.958852,0.796376
10675,Respondent #76,Design - I easily understood how to use the product.,Strongly Disagree,0.221063,0.967378
10676,Respondent #76,Design - I had no trouble installing the product.,Agree,0.905909,0.523923
10677,Respondent #76,"Design - The product's design is unintuitive.",Disagree,0.121547,0.438882
10678,Respondent #76,Quality - The product was durable.,Neutral,0.741927,0.754708
10679,Respondent #76,Quality - The product was free from scratches.,Disagree,0.370881,0.567715
10680,Respondent #76,Quality - The product is deformed.,Agree,0.733803,0.189454
10681,Respondent #76,Pricing - The product is affordable.,Strongly Disagree,0.299245,0.990611
10682,Respondent #76,Pricing - The product saves me valuable time.,Agree,0.960489,0.304268
10683,Respondent #76,Pricing - The product saves me valuable effort.,Strongly Disagree,0.851143,0.766863
10684,Respondent #77,Design - I easily understood how to use the product.,Strongly Agree,0.52256,0.666931
10685,Respondent #77,Design - I had no trouble installing the product.,Agree,0.466083,0.163827
10686,Respondent #77,"Design - The product's design is unintuitive.",Strongly Disagree,0.544217,0.566989
10687,Respondent #77,Quality - The product was durable.,Strongly Agree,0.678225,0.581412
10688,Respondent #77,Quality - The product was free from scratches.,Disagree,0.683704,0.429444
10689,Respondent #77,Quality - The product is deformed.,Disagree,0.808201,0.334675
10690,Respondent #77,Pricing - The product is affordable.,Strongly Disagree,0.116788,0.67508
10691,Respondent #77,Pricing - The product saves me valuable time.,Strongly Agree,0.433153,0.987765
10692,Respondent #77,Pricing - The product saves me valuable effort.,Neutral,0.793801,0.983876
10693,Respondent #78,Design - I easily understood how to use the product.,Strongly Disagree,0.729919,0.487938
10694,Respondent #78,Design - I had no trouble installing the product.,Strongly Agree,0.182193,0.078315
10695,Respondent #78,"Design - The product's design is unintuitive.",Neutral,0.155329,0.402001
10696,Respondent #78,Quality - The product was durable.,Agree,0.656189,0.450831
10697,Respondent #78,Quality - The product was free from scratches.,Disagree,0.514117,0.988263
10698,Respondent #78,Quality - The product is deformed.,Disagree,0.628084,0.427107
10699,Respondent #78,Pricing - The product is affordable.,Strongly Disagree,0.683627,0.583849
10700,Respondent #78,Pricing - The product saves me valuable time.,Agree,0.964505,0.818757
10701,Respondent #78,Pricing - The product saves me valuable effort.,Strongly Disagree,0.832483,0.441278
10702,Respondent #79,Design - I easily understood how to use the product.,Strongly Disagree,0.552082,0.438835
10703,Respondent #79,Design - I had no trouble installing the product.,Strongly Agree,0.97691,0.176839
10704,Respondent #79,"Design - The product's design is unintuitive.",Neutral,0.521833,0.953657
10705,Respondent #79,Quality - The product was durable.,Agree,0.531512,0.564224
10706,Respondent #79,Quality - The product was free from scratches.,Disagree,0.614184,0.589617
10707,Respondent #79,Quality - The product is deformed.,Agree,0.011726,0.92438
10708,Respondent #79,Pricing - The product is affordable.,Strongly Disagree,0.025026,0.289177
10709,Respondent #79,Pricing - The product saves me valuable time.,Neutral,0.669565,0.518122
10710,Respondent #79,Pricing - The product saves me valuable effort.,Disagree,0.729967,0.715273
10711,Respondent #80,Design - I easily understood how to use the product.,Agree,0.869442,0.564691
10712,Respondent #80,Design - I had no trouble installing the product.,Agree,0.991381,0.365931
10713,Respondent #80,"Design - The product's design is unintuitive.",Neutral,0.398007,0.634495
10714,Respondent #80,Quality - The product was durable.,Neutral,0.739366,0.389925
10715,Respondent #80,Quality - The product was free from scratches.,Disagree,0.370802,0.565417
10716,Respondent #80,Quality - The product is deformed.,Agree,0.612313,0.865557
10717,Respondent #80,Pricing - The product is affordable.,Strongly Disagree,0.555954,0.074541
10718,Respondent #80,Pricing - The product saves me valuable time.,Neutral,0.784755,0.285921
10719,Respondent #80,Pricing - The product saves me valuable effort.,Strongly Disagree,0.19818,0.315942
10720,Respondent #81,Design - I easily understood how to use the product.,Neutral,0.299714,0.160308
10721,Respondent #81,Design - I had no trouble installing the product.,Agree,0.229138,0.930748
10722,Respondent #81,"Design - The product's design is unintuitive.",Disagree,0.267992,0.640717
10723,Respondent #81,Quality - The product was durable.,Neutral,0.522001,0.297832
10724,Respondent #81,Quality - The product was free from scratches.,Neutral,0.145776,0.7132
10725,Respondent #81,Quality - The product is deformed.,Neutral,0.101175,0.6208
10726,Respondent #81,Pricing - The product is affordable.,Strongly Disagree,0.117717,0.648672
10727,Respondent #81,Pricing - The product saves me valuable time.,Agree,0.382325,0.380621
10728,Respondent #81,Pricing - The product saves me valuable effort.,Neutral,0.74364,0.288082
10729,Respondent #82,Design - I easily understood how to use the product.,Disagree,0.760073,0.399095
10730,Respondent #82,Design - I had no trouble installing the product.,Agree,0.795377,0.16766
10731,Respondent #82,"Design - The product's design is unintuitive.",Disagree,0.685724,0.742907
10732,Respondent #82,Quality - The product was durable.,Disagree,0.11808,0.781967
10733,Respondent #82,Quality - The product was free from scratches.,Disagree,0.787062,0.723033
10734,Respondent #82,Quality - The product is deformed.,Agree,0.287947,0.033223
10735,Respondent #82,Pricing - The product is affordable.,Strongly Agree,0.460736,0.524958
10736,Respondent #82,Pricing - The product saves me valuable time.,Agree,0.410841,0.982095
10737,Respondent #82,Pricing - The product saves me valuable effort.,Strongly Disagree,0.944252,0.486698
10738,Respondent #83,Design - I easily understood how to use the product.,Strongly Disagree,0.694131,0.274767
10739,Respondent #83,Design - I had no trouble installing the product.,Neutral,0.673716,0.699843
10740,Respondent #83,"Design - The product's design is unintuitive.",Disagree,0.416195,0.142492
10741,Respondent #83,Quality - The product was durable.,Agree,0.885398,0.509351
10742,Respondent #83,Quality - The product was free from scratches.,Disagree,0.200064,0.065353
10743,Respondent #83,Quality - The product is deformed.,Agree,0.676548,0.196413
10744,Respondent #83,Pricing - The product is affordable.,Agree,0.912694,0.458565
10745,Respondent #83,Pricing - The product saves me valuable time.,Agree,0.066199,0.278094
10746,Respondent #83,Pricing - The product saves me valuable effort.,Disagree,0.222507,0.918626
10747,Respondent #84,Design - I easily understood how to use the product.,Neutral,0.482102,0.478437
10748,Respondent #84,Design - I had no trouble installing the product.,Strongly Agree,0.875535,0.264209
10749,Respondent #84,"Design - The product's design is unintuitive.",Neutral,0.499199,0.13072
10750,Respondent #84,Quality - The product was durable.,Strongly Agree,0.597856,0.805114
10751,Respondent #84,Quality - The product was free from scratches.,Disagree,0.667571,0.547403
10752,Respondent #84,Quality - The product is deformed.,Agree,0.633027,0.637577
10753,Respondent #84,Pricing - The product is affordable.,Disagree,0.372461,0.731617
10754,Respondent #84,Pricing - The product saves me valuable time.,Strongly Agree,0.607564,0.042584
10755,Respondent #84,Pricing - The product saves me valuable effort.,Strongly Disagree,0.864515,0.225643
10756,Respondent #85,Design - I easily understood how to use the product.,Neutral,0.193051,0.135305
10757,Respondent #85,Design - I had no trouble installing the product.,Strongly Agree,0.931449,0.771919
10758,Respondent #85,"Design - The product's design is unintuitive.",Neutral,0.352565,0.6686
10759,Respondent #85,Quality - The product was durable.,Strongly Agree,0.418983,0.923712
10760,Respondent #85,Quality - The product was free from scratches.,Disagree,0.56039,0.7897
10761,Respondent #85,Quality - The product is deformed.,Agree,0.576388,0.742738
10762,Respondent #85,Pricing - The product is affordable.,Strongly Agree,0.180419,0.31689
10763,Respondent #85,Pricing - The product saves me valuable time.,Agree,0.561526,0.601544
10764,Respondent #85,Pricing - The product saves me valuable effort.,Disagree,0.215652,0.711751
10765,Respondent #86,Design - I easily understood how to use the product.,Agree,0.000898,0.438212
10766,Respondent #86,Design - I had no trouble installing the product.,Neutral,0.647706,0.407223
10767,Respondent #86,"Design - The product's design is unintuitive.",Agree,0.105047,0.894391
10768,Respondent #86,Quality - The product was durable.,Agree,0.135885,0.843099
10769,Respondent #86,Quality - The product was free from scratches.,Disagree,0.294735,0.789191
10770,Respondent #86,Quality - The product is deformed.,Disagree,0.145138,0.475217
10771,Respondent #86,Pricing - The product is affordable.,Strongly Disagree,0.867729,0.448284
10772,Respondent #86,Pricing - The product saves me valuable time.,Agree,0.315498,0.543864
10773,Respondent #86,Pricing - The product saves me valuable effort.,Disagree,0.261727,0.63573
10774,Respondent #87,Design - I easily understood how to use the product.,Strongly Disagree,0.414555,0.528802
10775,Respondent #87,Design - I had no trouble installing the product.,Disagree,0.462532,0.3845
10776,Respondent #87,"Design - The product's design is unintuitive.",Neutral,0.44768,0.443729
10777,Respondent #87,Quality - The product was durable.,Strongly Agree,0.542758,0.947156
10778,Respondent #87,Quality - The product was free from scratches.,Disagree,0.180387,0.579637
10779,Respondent #87,Quality - The product is deformed.,Agree,0.246385,0.227933
10780,Respondent #87,Pricing - The product is affordable.,Agree,0.093557,0.641909
10781,Respondent #87,Pricing - The product saves me valuable time.,Neutral,0.560793,0.165247
10782,Respondent #87,Pricing - The product saves me valuable effort.,Strongly Disagree,0.51134,0.077918
10783,Respondent #88,Design - I easily understood how to use the product.,Strongly Disagree,0.378292,0.042826
10784,Respondent #88,Design - I had no trouble installing the product.,Agree,0.15759,0.126241
10785,Respondent #88,"Design - The product's design is unintuitive.",Strongly Disagree,0.657835,0.387688
10786,Respondent #88,Quality - The product was durable.,Strongly Agree,0.062886,0.574656
10787,Respondent #88,Quality - The product was free from scratches.,Disagree,0.202401,0.182171
10788,Respondent #88,Quality - The product is deformed.,Neutral,0.571228,0.632776
10789,Respondent #88,Pricing - The product is affordable.,Strongly Disagree,0.80161,0.260934
10790,Respondent #88,Pricing - The product saves me valuable time.,Neutral,0.277476,0.990497
10791,Respondent #88,Pricing - The product saves me valuable effort.,Disagree,0.148023,0.04238
10792,Respondent #89,Design - I easily understood how to use the product.,Strongly Disagree,0.133529,0.297099
10793,Respondent #89,Design - I had no trouble installing the product.,Neutral,0.440019,0.238554
10794,Respondent #89,"Design - The product's design is unintuitive.",Strongly Disagree,0.2566,0.050246
10795,Respondent #89,Quality - The product was durable.,Agree,0.98721,0.699967
10796,Respondent #89,Quality - The product was free from scratches.,Disagree,0.20718,0.374567
10797,Respondent #89,Quality - The product is deformed.,Neutral,0.84206,0.842084
10798,Respondent #89,Pricing - The product is affordable.,Neutral,0.592504,0.326701
10799,Respondent #89,Pricing - The product saves me valuable time.,Neutral,0.218505,0.872935
10800,Respondent #89,Pricing - The product saves me valuable effort.,Strongly Disagree,0.209454,0.600961
10801,Respondent #90,Design - I easily understood how to use the product.,Strongly Disagree,0.842349,0.979249
10802,Respondent #90,Design - I had no trouble installing the product.,Agree,0.78473,0.312739
10803,Respondent #90,"Design - The product's design is unintuitive.",Disagree,0.525671,0.105801
10804,Respondent #90,Quality - The product was durable.,Strongly Agree,0.25744,0.905222
10805,Respondent #90,Quality - The product was free from scratches.,Disagree,0.551158,0.68512
10806,Respondent #90,Quality - The product is deformed.,Agree,0.991517,0.784851
10807,Respondent #90,Pricing - The product is affordable.,Agree,0.391018,0.306169
10808,Respondent #90,Pricing - The product saves me valuable time.,Agree,0.158812,0.827121
10809,Respondent #90,Pricing - The product saves me valuable effort.,Neutral,0.750463,0.00418
10810,Respondent #91,Design - I easily understood how to use the product.,Strongly Disagree,0.226873,0.351962
10811,Respondent #91,Design - I had no trouble installing the product.,Neutral,0.871026,0.926986
10812,Respondent #91,"Design - The product's design is unintuitive.",Disagree,0.584634,0.482708
10813,Respondent #91,Quality - The product was durable.,Agree,0.327994,0.394053
10814,Respondent #91,Quality - The product was free from scratches.,Disagree,0.79148,0.990822
10815,Respondent #91,Quality - The product is deformed.,Neutral,0.945141,0.777121
10816,Respondent #91,Pricing - The product is affordable.,Strongly Agree,0.325999,0.601687
10817,Respondent #91,Pricing - The product saves me valuable time.,Strongly Agree,0.75776,0.355718
10818,Respondent #91,Pricing - The product saves me valuable effort.,Disagree,0.774731,0.100547
10819,Respondent #92,Design - I easily understood how to use the product.,Disagree,0.792537,0.601008
10820,Respondent #92,Design - I had no trouble installing the product.,Agree,0.998919,0.843399
10821,Respondent #92,"Design - The product's design is unintuitive.",Strongly Agree,0.26941,0.255272
10822,Respondent #92,Quality - The product was durable.,Agree,0.764336,0.47968
10823,Respondent #92,Quality - The product was free from scratches.,Disagree,0.659274,0.240402
10824,Respondent #92,Quality - The product is deformed.,Neutral,0.779737,0.240542
10825,Respondent #92,Pricing - The product is affordable.,Strongly Agree,0.166653,0.642741
10826,Respondent #92,Pricing - The product saves me valuable time.,Neutral,0.775448,0.047826
10827,Respondent #92,Pricing - The product saves me valuable effort.,Disagree,0.761497,0.735012
10828,Respondent #93,Design - I easily understood how to use the product.,Strongly Disagree,0.179284,0.880665
10829,Respondent #93,Design - I had no trouble installing the product.,Agree,0.640788,0.266226
10830,Respondent #93,"Design - The product's design is unintuitive.",Neutral,0.889335,0.124959
10831,Respondent #93,Quality - The product was durable.,Agree,0.498054,0.012895
10832,Respondent #93,Quality - The product was free from scratches.,Disagree,0.383135,0.506565
10833,Respondent #93,Quality - The product is deformed.,Neutral,0.629424,0.02892
10834,Respondent #93,Pricing - The product is affordable.,Strongly Disagree,0.16191,0.490188
10835,Respondent #93,Pricing - The product saves me valuable time.,Strongly Agree,0.850901,0.391413
10836,Respondent #93,Pricing - The product saves me valuable effort.,Neutral,0.332783,0.095818
10837,Respondent #94,Design - I easily understood how to use the product.,Strongly Disagree,0.283124,0.345668
10838,Respondent #94,Design - I had no trouble installing the product.,Strongly Agree,0.313775,0.761049
10839,Respondent #94,"Design - The product's design is unintuitive.",Strongly Disagree,0.084659,0.668881
10840,Respondent #94,Quality - The product was durable.,Strongly Disagree,0.384493,0.323202
10841,Respondent #94,Quality - The product was free from scratches.,Disagree,0.183992,0.314772
10842,Respondent #94,Quality - The product is deformed.,Strongly Agree,0.425675,0.586857
10843,Respondent #94,Pricing - The product is affordable.,Neutral,0.676372,0.364899
10844,Respondent #94,Pricing - The product saves me valuable time.,Agree,0.671953,0.645325
10845,Respondent #94,Pricing - The product saves me valuable effort.,Disagree,0.102607,0.352654
10846,Respondent #95,Design - I easily understood how to use the product.,Neutral,0.460606,0.829406
10847,Respondent #95,Design - I had no trouble installing the product.,Strongly Agree,0.23675,0.083387
10848,Respondent #95,"Design - The product's design is unintuitive.",Neutral,0.035729,0.48182
10849,Respondent #95,Quality - The product was durable.,Agree,0.811299,0.310483
10850,Respondent #95,Quality - The product was free from scratches.,Disagree,0.715288,0.038665
10851,Respondent #95,Quality - The product is deformed.,Disagree,0.740578,0.844968
10852,Respondent #95,Pricing - The product is affordable.,Disagree,0.765743,0.891655
10853,Respondent #95,Pricing - The product saves me valuable time.,Neutral,0.075425,0.614313
10854,Respondent #95,Pricing - The product saves me valuable effort.,Disagree,0.167973,0.080516
10855,Respondent #96,Design - I easily understood how to use the product.,Strongly Disagree,0.591796,0.867992
10856,Respondent #96,Design - I had no trouble installing the product.,Disagree,0.145709,0.965537
10857,Respondent #96,"Design - The product's design is unintuitive.",Agree,0.950099,0.019491
10858,Respondent #96,Quality - The product was durable.,Agree,0.574673,0.300896
10859,Respondent #96,Quality - The product was free from scratches.,Disagree,0.126526,0.778548
10860,Respondent #96,Quality - The product is deformed.,Agree,0.512248,0.501342
10861,Respondent #96,Pricing - The product is affordable.,Strongly Disagree,0.137034,0.303847
10862,Respondent #96,Pricing - The product saves me valuable time.,Strongly Agree,0.750449,0.426973
10863,Respondent #96,Pricing - The product saves me valuable effort.,Disagree,0.936303,0.969093
10864,Respondent #97,Design - I easily understood how to use the product.,Disagree,0.32303,0.074492
10865,Respondent #97,Design - I had no trouble installing the product.,Strongly Agree,0.91135,0.74109
10866,Respondent #97,"Design - The product's design is unintuitive.",Strongly Agree,0.038471,0.969519
10867,Respondent #97,Quality - The product was durable.,Agree,0.458807,0.20157
10868,Respondent #97,Quality - The product was free from scratches.,Disagree,0.080931,0.946662
10869,Respondent #97,Quality - The product is deformed.,Agree,0.530264,0.949258
10870,Respondent #97,Pricing - The product is affordable.,Strongly Disagree,0.113696,0.71195
10871,Respondent #97,Pricing - The product saves me valuable time.,Agree,0.136464,0.324255
10872,Respondent #97,Pricing - The product saves me valuable effort.,Strongly Disagree,0.478059,0.560517
10873,Respondent #98,Design - I easily understood how to use the product.,Strongly Disagree,0.530179,0.053603
10874,Respondent #98,Design - I had no trouble installing the product.,Neutral,0.142153,0.755825
10875,Respondent #98,"Design - The product's design is unintuitive.",Neutral,0.792565,0.712935
10876,Respondent #98,Quality - The product was durable.,Neutral,0.795102,0.005269
10877,Respondent #98,Quality - The product was free from scratches.,Neutral,0.592132,0.663262
10878,Respondent #98,Quality - The product is deformed.,Strongly Agree,0.509777,0.010484
10879,Respondent #98,Pricing - The product is affordable.,Strongly Disagree,0.759648,0.022283
10880,Respondent #98,Pricing - The product saves me valuable time.,Neutral,0.960408,0.676354
10881,Respondent #98,Pricing - The product saves me valuable effort.,Strongly Disagree,0.317174,0.189525
10882,Respondent #99,Design - I easily understood how to use the product.,Strongly Disagree,0.175374,0.800548
10883,Respondent #99,Design - I had no trouble installing the product.,Strongly Agree,0.727578,0.840582
10884,Respondent #99,"Design - The product's design is unintuitive.",Neutral,0.396814,0.094066
10885,Respondent #99,Quality - The product was durable.,Strongly Agree,0.622556,0.98663
10886,Respondent #99,Quality - The product was free from scratches.,Disagree,0.438033,0.717489
10887,Respondent #99,Quality - The product is deformed.,Neutral,0.517456,0.452478
10888,Respondent #99,Pricing - The product is affordable.,Strongly Disagree,0.28411,0.414466
10889,Respondent #99,Pricing - The product saves me valuable time.,Neutral,0.941053,0.149911
10890,Respondent #99,Pricing - The product saves me valuable effort.,Disagree,0.050449,0.812669
10891,Respondent #100,Design - I easily understood how to use the product.,Disagree,0.730411,0.291223
10892,Respondent #100,Design - I had no trouble installing the product.,Strongly Agree,0.219565,0.503522
10893,Respondent #100,"Design - The product's design is unintuitive.",Neutral,0.572017,0.360345
10894,Respondent #100,Quality - The product was durable.,Strongly Agree,0.419969,0.365646
10895,Respondent #100,Quality - The product was free from scratches.,Disagree,0.200241,0.46794
10896,Respondent #100,Quality - The product is deformed.,Neutral,0.179154,0.941085
10897,Respondent #100,Pricing - The product is affordable.,Strongly Disagree,0.512809,0.513047
10898,Respondent #100,Pricing - The product saves me valuable time.,Agree,0.355743,0.056071
10899,Respondent #100,Pricing - The product saves me valuable effort.,Disagree,0.602542,0.215043
10900,Respondent #101,Design - I easily understood how to use the product.,Strongly Disagree,0.738495,0.112797
10901,Respondent #101,Design - I had no trouble installing the product.,Agree,0.356935,0.863295
10902,Respondent #101,"Design - The product's design is unintuitive.",Agree,0.882911,0.151348
10903,Respondent #101,Quality - The product was durable.,Strongly Agree,0.095528,0.332485
10904,Respondent #101,Quality - The product was free from scratches.,Disagree,0.760942,0.716995
10905,Respondent #101,Quality - The product is deformed.,Agree,0.317418,0.756956
10906,Respondent #101,Pricing - The product is affordable.,Disagree,0.801842,0.278195
10907,Respondent #101,Pricing - The product saves me valuable time.,Neutral,0.55045,0.957546
10908,Respondent #101,Pricing - The product saves me valuable effort.,Neutral,0.606989,0.261342
10909,Respondent #102,Design - I easily understood how to use the product.,Strongly Disagree,0.076785,0.629747
10910,Respondent #102,Design - I had no trouble installing the product.,Strongly Agree,0.505238,0.205356
10911,Respondent #102,"Design - The product's design is unintuitive.",Agree,0.344408,0.689431
10912,Respondent #102,Quality - The product was durable.,Agree,0.65015,0.741507
10913,Respondent #102,Quality - The product was free from scratches.,Disagree,0.466027,0.79174
10914,Respondent #102,Quality - The product is deformed.,Disagree,0.655833,0.28856
10915,Respondent #102,Pricing - The product is affordable.,Neutral,0.773321,0.228947
10916,Respondent #102,Pricing - The product saves me valuable time.,Agree,0.265014,0.905702
10917,Respondent #102,Pricing - The product saves me valuable effort.,Strongly Disagree,0.883217,0.280465
10918,Respondent #103,Design - I easily understood how to use the product.,Strongly Disagree,0.033127,0.548789
10919,Respondent #103,Design - I had no trouble installing the product.,Neutral,0.635121,0.575749
10920,Respondent #103,"Design - The product's design is unintuitive.",Disagree,0.308749,0.710386
10921,Respondent #103,Quality - The product was durable.,Agree,0.913543,0.759085
10922,Respondent #103,Quality - The product was free from scratches.,Disagree,0.737158,0.92276
10923,Respondent #103,Quality - The product is deformed.,Strongly Agree,0.198949,0.689696
10924,Respondent #103,Pricing - The product is affordable.,Strongly Disagree,0.500971,0.602498
10925,Respondent #103,Pricing - The product saves me valuable time.,Neutral,0.458662,0.482147
10926,Respondent #103,Pricing - The product saves me valuable effort.,Disagree,0.167903,0.234356
10927,Respondent #104,Design - I easily understood how to use the product.,Strongly Disagree,0.977503,0.440018
10928,Respondent #104,Design - I had no trouble installing the product.,Neutral,0.694557,0.985553
10929,Respondent #104,"Design - The product's design is unintuitive.",Disagree,0.263407,0.625199
10930,Respondent #104,Quality - The product was durable.,Agree,0.925389,0.266749
10931,Respondent #104,Quality - The product was free from scratches.,Disagree,0.941528,0.486825
10932,Respondent #104,Quality - The product is deformed.,Agree,0.747743,0.488619
10933,Respondent #104,Pricing - The product is affordable.,Disagree,0.441252,0.868909
10934,Respondent #104,Pricing - The product saves me valuable time.,Agree,0.192494,0.251214
10935,Respondent #104,Pricing - The product saves me valuable effort.,Disagree,0.746277,0.010153
10936,Respondent #105,Design - I easily understood how to use the product.,Strongly Disagree,0.651801,0.661324
10937,Respondent #105,Design - I had no trouble installing the product.,Strongly Agree,0.696086,0.514166
10938,Respondent #105,"Design - The product's design is unintuitive.",Agree,0.381038,0.814894
10939,Respondent #105,Quality - The product was durable.,Agree,0.590288,0.365048
10940,Respondent #105,Quality - The product was free from scratches.,Disagree,0.951694,0.415106
10941,Respondent #105,Quality - The product is deformed.,Agree,0.542287,0.670136
10942,Respondent #105,Pricing - The product is affordable.,Strongly Disagree,0.118664,0.235784
10943,Respondent #105,Pricing - The product saves me valuable time.,Agree,0.630562,0.735421
10944,Respondent #105,Pricing - The product saves me valuable effort.,Disagree,0.53856,0.247565
10945,Respondent #106,Design - I easily understood how to use the product.,Disagree,0.628505,0.936688
10946,Respondent #106,Design - I had no trouble installing the product.,Strongly Agree,0.050315,0.236673
10947,Respondent #106,"Design - The product's design is unintuitive.",Neutral,0.474438,0.171109
10948,Respondent #106,Quality - The product was durable.,Agree,0.380088,0.588322
10949,Respondent #106,Quality - The product was free from scratches.,Disagree,0.515537,0.772865
10950,Respondent #106,Quality - The product is deformed.,Agree,0.600331,0.506335
10951,Respondent #106,Pricing - The product is affordable.,Disagree,0.298764,0.705574
10952,Respondent #106,Pricing - The product saves me valuable time.,Strongly Agree,0.118008,0.259704
10953,Respondent #106,Pricing - The product saves me valuable effort.,Disagree,0.182369,0.655956
10954,Respondent #107,Design - I easily understood how to use the product.,Disagree,0.992671,0.124877
10955,Respondent #107,Design - I had no trouble installing the product.,Agree,0.772699,0.994062
10956,Respondent #107,"Design - The product's design is unintuitive.",Disagree,0.178129,0.81382
10957,Respondent #107,Quality - The product was durable.,Strongly Agree,0.84932,0.794976
10958,Respondent #107,Quality - The product was free from scratches.,Neutral,0.440172,0.628251
10959,Respondent #107,Quality - The product is deformed.,Agree,0.504259,0.59125
10960,Respondent #107,Pricing - The product is affordable.,Strongly Disagree,0.275553,0.992424
10961,Respondent #107,Pricing - The product saves me valuable time.,Agree,0.771734,0.901842
10962,Respondent #107,Pricing - The product saves me valuable effort.,Disagree,0.358824,0.704939
10963,Respondent #108,Design - I easily understood how to use the product.,Strongly Disagree,0.157689,0.730668
10964,Respondent #108,Design - I had no trouble installing the product.,Strongly Agree,0.358035,0.884803
10965,Respondent #108,"Design - The product's design is unintuitive.",Disagree,0.747808,0.798054
10966,Respondent #108,Quality - The product was durable.,Disagree,0.574124,0.884962
10967,Respondent #108,Quality - The product was free from scratches.,Disagree,0.36361,0.934505
10968,Respondent #108,Quality - The product is deformed.,Agree,0.473111,0.886385
10969,Respondent #108,Pricing - The product is affordable.,Strongly Disagree,0.095202,0.822363
10970,Respondent #108,Pricing - The product saves me valuable time.,Strongly Agree,0.289805,0.087409
10971,Respondent #108,Pricing - The product saves me valuable effort.,Disagree,0.518867,0.886145
10972,Respondent #109,Design - I easily understood how to use the product.,Strongly Disagree,0.588157,0.132982
10973,Respondent #109,Design - I had no trouble installing the product.,Agree,0.994813,0.731451
10974,Respondent #109,"Design - The product's design is unintuitive.",Strongly Disagree,0.326459,0.691592
10975,Respondent #109,Quality - The product was durable.,Strongly Agree,0.258817,0.014098
10976,Respondent #109,Quality - The product was free from scratches.,Disagree,0.313342,0.342901
10977,Respondent #109,Quality - The product is deformed.,Neutral,0.505327,0.680515
10978,Respondent #109,Pricing - The product is affordable.,Strongly Disagree,0.235396,0.867497
10979,Respondent #109,Pricing - The product saves me valuable time.,Neutral,0.899776,0.856729
10980,Respondent #109,Pricing - The product saves me valuable effort.,Agree,0.152398,0.159112
10981,Respondent #110,Design - I easily understood how to use the product.,Strongly Disagree,0.877318,0.851813
10982,Respondent #110,Design - I had no trouble installing the product.,Strongly Agree,0.933886,0.774423
10983,Respondent #110,"Design - The product's design is unintuitive.",Disagree,0.925785,0.691894
10984,Respondent #110,Quality - The product was durable.,Agree,0.942869,0.648808
10985,Respondent #110,Quality - The product was free from scratches.,Disagree,0.745014,0.583949
10986,Respondent #110,Quality - The product is deformed.,Agree,0.952563,0.176627
10987,Respondent #110,Pricing - The product is affordable.,Disagree,0.582306,0.619627
10988,Respondent #110,Pricing - The product saves me valuable time.,Disagree,0.077396,0.286444
10989,Respondent #110,Pricing - The product saves me valuable effort.,Disagree,0.81753,0.568612
10990,Respondent #111,Design - I easily understood how to use the product.,Agree,0.751172,0.452124
10991,Respondent #111,Design - I had no trouble installing the product.,Strongly Disagree,0.884254,0.94634
10992,Respondent #111,"Design - The product's design is unintuitive.",Strongly Disagree,0.393028,0.76858
10993,Respondent #111,Quality - The product was durable.,Strongly Agree,0.588469,0.843158
10994,Respondent #111,Quality - The product was free from scratches.,Disagree,0.472345,0.936341
10995,Respondent #111,Quality - The product is deformed.,Neutral,0.450972,0.682853
10996,Respondent #111,Pricing - The product is affordable.,Strongly Disagree,0.94274,0.864709
10997,Respondent #111,Pricing - The product saves me valuable time.,Strongly Agree,0.319931,0.518137
10998,Respondent #111,Pricing - The product saves me valuable effort.,Disagree,0.782754,0.719103
10999,Respondent #112,Design - I easily understood how to use the product.,Strongly Disagree,0.168403,0.689122
11000,Respondent #112,Design - I had no trouble installing the product.,Strongly Agree,0.819946,0.627502
11001,Respondent #112,"Design - The product's design is unintuitive.",Strongly Disagree,0.819727,0.073077
11002,Respondent #112,Quality - The product was durable.,Strongly Agree,0.830234,0.508506
11003,Respondent #112,Quality - The product was free from scratches.,Disagree,0.166443,0.891321
11004,Respondent #112,Quality - The product is deformed.,Agree,0.54779,0.283151
11005,Respondent #112,Pricing - The product is affordable.,Strongly Disagree,0.157119,0.691204
11006,Respondent #112,Pricing - The product saves me valuable time.,Neutral,0.702036,0.538617
11007,Respondent #112,Pricing - The product saves me valuable effort.,Disagree,0.378674,0.948205
11008,Respondent #113,Design - I easily understood how to use the product.,Neutral,0.535665,0.361454
11009,Respondent #113,Design - I had no trouble installing the product.,Agree,0.018252,0.035773
11010,Respondent #113,"Design - The product's design is unintuitive.",Strongly Disagree,0.061503,0.918901
11011,Respondent #113,Quality - The product was durable.,Strongly Agree,0.611332,0.443676
11012,Respondent #113,Quality - The product was free from scratches.,Neutral,0.822263,0.437855
11013,Respondent #113,Quality - The product is deformed.,Disagree,0.210185,0.590811
11014,Respondent #113,Pricing - The product is affordable.,Strongly Agree,0.743009,0.489851
11015,Respondent #113,Pricing - The product saves me valuable time.,Neutral,0.563338,0.043081
11016,Respondent #113,Pricing - The product saves me valuable effort.,Disagree,0.274716,0.838099
11017,Respondent #114,Design - I easily understood how to use the product.,Disagree,0.920289,0.989278
11018,Respondent #114,Design - I had no trouble installing the product.,Strongly Agree,0.326297,0.774029
11019,Respondent #114,"Design - The product's design is unintuitive.",Neutral,0.373483,0.676835
11020,Respondent #114,Quality - The product was durable.,Agree,0.854465,0.329132
11021,Respondent #114,Quality - The product was free from scratches.,Neutral,0.039546,0.626187
11022,Respondent #114,Quality - The product is deformed.,Strongly Agree,0.891742,0.11805
11023,Respondent #114,Pricing - The product is affordable.,Neutral,0.639891,0.017406
11024,Respondent #114,Pricing - The product saves me valuable time.,Neutral,0.756779,0.976577
11025,Respondent #114,Pricing - The product saves me valuable effort.,Strongly Disagree,0.419757,0.085257
11026,Respondent #115,Design - I easily understood how to use the product.,Agree,0.263785,0.858939
11027,Respondent #115,Design - I had no trouble installing the product.,Agree,0.847296,0.95686
11028,Respondent #115,"Design - The product's design is unintuitive.",Neutral,0.011839,0.075332
11029,Respondent #115,Quality - The product was durable.,Neutral,0.093476,0.067366
11030,Respondent #115,Quality - The product was free from scratches.,Disagree,0.315416,0.902059
11031,Respondent #115,Quality - The product is deformed.,Agree,0.358463,0.322178
11032,Respondent #115,Pricing - The product is affordable.,Strongly Disagree,0.434179,0.73106
11033,Respondent #115,Pricing - The product saves me valuable time.,Neutral,0.23109,0.560338
11034,Respondent #115,Pricing - The product saves me valuable effort.,Strongly Disagree,0.189595,0.095388
11035,Respondent #116,Design - I easily understood how to use the product.,Strongly Disagree,0.100012,0.003485
11036,Respondent #116,Design - I had no trouble installing the product.,Strongly Agree,0.122003,0.797973
11037,Respondent #116,"Design - The product's design is unintuitive.",Disagree,0.420845,0.510206
11038,Respondent #116,Quality - The product was durable.,Agree,0.391116,0.03787
11039,Respondent #116,Quality - The product was free from scratches.,Strongly Disagree,0.931697,0.172229
11040,Respondent #116,Quality - The product is deformed.,Agree,0.454403,0.203826
11041,Respondent #116,Pricing - The product is affordable.,Disagree,0.247117,0.721673
11042,Respondent #116,Pricing - The product saves me valuable time.,Neutral,0.596231,0.038113
11043,Respondent #116,Pricing - The product saves me valuable effort.,Strongly Disagree,0.820851,0.156231
11044,Respondent #117,Design - I easily understood how to use the product.,Disagree,0.757237,0.055997
11045,Respondent #117,Design - I had no trouble installing the product.,Disagree,0.080127,0.895603
11046,Respondent #117,"Design - The product's design is unintuitive.",Agree,0.239908,0.103923
11047,Respondent #117,Quality - The product was durable.,Strongly Agree,0.011789,0.971671
11048,Respondent #117,Quality - The product was free from scratches.,Strongly Disagree,0.45998,0.810217
11049,Respondent #117,Quality - The product is deformed.,Agree,0.189375,0.57153
11050,Respondent #117,Pricing - The product is affordable.,Strongly Disagree,0.662129,0.23676
11051,Respondent #117,Pricing - The product saves me valuable time.,Agree,0.28522,0.523024
11052,Respondent #117,Pricing - The product saves me valuable effort.,Disagree,0.625637,0.72655
11053,Respondent #118,Design - I easily understood how to use the product.,Disagree,0.088211,0.078438
11054,Respondent #118,Design - I had no trouble installing the product.,Strongly Agree,0.291284,0.89616
11055,Respondent #118,"Design - The product's design is unintuitive.",Neutral,0.622892,0.235195
11056,Respondent #118,Quality - The product was durable.,Agree,0.024667,0.250555
11057,Respondent #118,Quality - The product was free from scratches.,Disagree,0.736592,0.919746
11058,Respondent #118,Quality - The product is deformed.,Strongly Agree,0.552754,0.057954
11059,Respondent #118,Pricing - The product is affordable.,Agree,0.724041,0.654927
11060,Respondent #118,Pricing - The product saves me valuable time.,Agree,0.499411,0.054962
11061,Respondent #118,Pricing - The product saves me valuable effort.,Strongly Disagree,0.984959,0.727667
11062,Respondent #119,Design - I easily understood how to use the product.,Disagree,0.737886,0.819317
11063,Respondent #119,Design - I had no trouble installing the product.,Agree,0.953284,0.047703
11064,Respondent #119,"Design - The product's design is unintuitive.",Strongly Disagree,0.547992,0.685716
11065,Respondent #119,Quality - The product was durable.,Agree,0.275343,0.766004
11066,Respondent #119,Quality - The product was free from scratches.,Neutral,0.411366,0.701956
11067,Respondent #119,Quality - The product is deformed.,Strongly Agree,0.483827,0.81322
11068,Respondent #119,Pricing - The product is affordable.,Disagree,0.846861,0.046957
11069,Respondent #119,Pricing - The product saves me valuable time.,Agree,0.700092,0.813256
11070,Respondent #119,Pricing - The product saves me valuable effort.,Strongly Disagree,0.788068,0.622746
11071,Respondent #120,Design - I easily understood how to use the product.,Disagree,0.043571,0.514879
11072,Respondent #120,Design - I had no trouble installing the product.,Strongly Agree,0.083012,0.782397
11073,Respondent #120,"Design - The product's design is unintuitive.",Strongly Disagree,0.197151,0.801549
11074,Respondent #120,Quality - The product was durable.,Strongly Agree,0.511671,0.920586
11075,Respondent #120,Quality - The product was free from scratches.,Disagree,0.141294,0.713935
11076,Respondent #120,Quality - The product is deformed.,Neutral,0.189351,0.969142
11077,Respondent #120,Pricing - The product is affordable.,Strongly Disagree,0.256413,0.21099
11078,Respondent #120,Pricing - The product saves me valuable time.,Agree,0.819168,0.855577
11079,Respondent #120,Pricing - The product saves me valuable effort.,Disagree,0.178346,0.755844
11080,Respondent #121,Design - I easily understood how to use the product.,Strongly Disagree,0.294806,0.119685
11081,Respondent #121,Design - I had no trouble installing the product.,Strongly Agree,0.580491,0.6915
11082,Respondent #121,"Design - The product's design is unintuitive.",Disagree,0.867634,0.765014
11083,Respondent #121,Quality - The product was durable.,Agree,0.908457,0.469524
11084,Respondent #121,Quality - The product was free from scratches.,Disagree,0.915626,0.235583
11085,Respondent #121,Quality - The product is deformed.,Agree,0.470199,0.306069
11086,Respondent #121,Pricing - The product is affordable.,Disagree,0.94405,0.619909
11087,Respondent #121,Pricing - The product saves me valuable time.,Neutral,0.507633,0.405165
11088,Respondent #121,Pricing - The product saves me valuable effort.,Strongly Disagree,0.156844,0.775879
11089,Respondent #122,Design - I easily understood how to use the product.,Strongly Agree,0.781441,0.544828
11090,Respondent #122,Design - I had no trouble installing the product.,Strongly Agree,0.194978,0.996152
11091,Respondent #122,"Design - The product's design is unintuitive.",Neutral,0.422028,0.656081
11092,Respondent #122,Quality - The product was durable.,Agree,0.466808,0.247163
11093,Respondent #122,Quality - The product was free from scratches.,Disagree,0.882073,0.462245
11094,Respondent #122,Quality - The product is deformed.,Strongly Agree,0.060521,0.988973
11095,Respondent #122,Pricing - The product is affordable.,Strongly Disagree,0.739483,0.375358
11096,Respondent #122,Pricing - The product saves me valuable time.,Agree,0.978446,0.232195
11097,Respondent #122,Pricing - The product saves me valuable effort.,Disagree,0.31766,0.728276
11098,Respondent #123,Design - I easily understood how to use the product.,Strongly Disagree,0.710101,0.733837
11099,Respondent #123,Design - I had no trouble installing the product.,Agree,0.910691,0.051803
11100,Respondent #123,"Design - The product's design is unintuitive.",Neutral,0.371603,0.979685
11101,Respondent #123,Quality - The product was durable.,Agree,0.873959,0.884175
11102,Respondent #123,Quality - The product was free from scratches.,Disagree,0.215474,0.343984
11103,Respondent #123,Quality - The product is deformed.,Disagree,0.298471,0.711567
11104,Respondent #123,Pricing - The product is affordable.,Strongly Agree,0.575503,0.226502
11105,Respondent #123,Pricing - The product saves me valuable time.,Neutral,0.858106,0.965963
11106,Respondent #123,Pricing - The product saves me valuable effort.,Disagree,0.198892,0.276068
11107,Respondent #124,Design - I easily understood how to use the product.,Disagree,0.379317,0.072747
11108,Respondent #124,Design - I had no trouble installing the product.,Strongly Agree,0.159508,0.425507
11109,Respondent #124,"Design - The product's design is unintuitive.",Disagree,0.380825,0.898674
11110,Respondent #124,Quality - The product was durable.,Agree,0.981261,0.954594
11111,Respondent #124,Quality - The product was free from scratches.,Disagree,0.45787,0.865081
11112,Respondent #124,Quality - The product is deformed.,Agree,0.408315,0.866872
11113,Respondent #124,Pricing - The product is affordable.,Neutral,0.254797,0.021494
11114,Respondent #124,Pricing - The product saves me valuable time.,Neutral,0.943,0.019367
11115,Respondent #124,Pricing - The product saves me valuable effort.,Disagree,0.731074,0.883353
11116,Respondent #125,Design - I easily understood how to use the product.,Strongly Disagree,0.416916,0.005858
11117,Respondent #125,Design - I had no trouble installing the product.,Agree,0.371452,0.566455
11118,Respondent #125,"Design - The product's design is unintuitive.",Disagree,0.469495,0.728384
11119,Respondent #125,Quality - The product was durable.,Agree,0.969063,0.176674
11120,Respondent #125,Quality - The product was free from scratches.,Disagree,0.050746,0.220764
11121,Respondent #125,Quality - The product is deformed.,Neutral,0.390469,0.593307
11122,Respondent #125,Pricing - The product is affordable.,Neutral,0.41977,0.841829
11123,Respondent #125,Pricing - The product saves me valuable time.,Agree,0.144565,0.753204
11124,Respondent #125,Pricing - The product saves me valuable effort.,Strongly Disagree,0.347531,0.306943
11125,Respondent #126,Design - I easily understood how to use the product.,Agree,0.020011,0.688023
11126,Respondent #126,Design - I had no trouble installing the product.,Neutral,0.355944,0.72819
11127,Respondent #126,"Design - The product's design is unintuitive.",Disagree,0.142706,0.016832
11128,Respondent #126,Quality - The product was durable.,Agree,0.390685,0.465473
11129,Respondent #126,Quality - The product was free from scratches.,Disagree,0.023616,0.185357
11130,Respondent #126,Quality - The product is deformed.,Agree,0.846811,0.08319
11131,Respondent #126,Pricing - The product is affordable.,Strongly Disagree,0.532562,0.360183
11132,Respondent #126,Pricing - The product saves me valuable time.,Agree,0.595346,0.250983
11133,Respondent #126,Pricing - The product saves me valuable effort.,Strongly Disagree,0.985338,0.929443
11134,Respondent #127,Design - I easily understood how to use the product.,Strongly Agree,0.159237,0.933859
11135,Respondent #127,Design - I had no trouble installing the product.,Agree,0.461189,0.454431
11136,Respondent #127,"Design - The product's design is unintuitive.",Neutral,0.187361,0.869015
11137,Respondent #127,Quality - The product was durable.,Agree,0.249063,0.877182
11138,Respondent #127,Quality - The product was free from scratches.,Disagree,0.302707,0.221946
11139,Respondent #127,Quality - The product is deformed.,Neutral,0.444578,0.454085
11140,Respondent #127,Pricing - The product is affordable.,Neutral,0.650921,0.80746
11141,Respondent #127,Pricing - The product saves me valuable time.,Agree,0.161057,0.623132
11142,Respondent #127,Pricing - The product saves me valuable effort.,Disagree,0.083447,0.930789
11143,Respondent #128,Design - I easily understood how to use the product.,Strongly Disagree,0.768834,0.076101
11144,Respondent #128,Design - I had no trouble installing the product.,Neutral,0.44396,0.160563
11145,Respondent #128,"Design - The product's design is unintuitive.",Disagree,0.209845,0.764265
11146,Respondent #128,Quality - The product was durable.,Neutral,0.436425,0.51515
11147,Respondent #128,Quality - The product was free from scratches.,Disagree,0.498299,0.56217
11148,Respondent #128,Quality - The product is deformed.,Strongly Agree,0.973472,0.979471
11149,Respondent #128,Pricing - The product is affordable.,Disagree,0.259754,0.349826
11150,Respondent #128,Pricing - The product saves me valuable time.,Agree,0.519846,0.884651
11151,Respondent #128,Pricing - The product saves me valuable effort.,Strongly Disagree,0.84927,0.872262
11152,Respondent #129,Design - I easily understood how to use the product.,Strongly Disagree,0.67899,0.840398
11153,Respondent #129,Design - I had no trouble installing the product.,Agree,0.103216,0.832526
11154,Respondent #129,"Design - The product's design is unintuitive.",Neutral,0.323275,0.268978
11155,Respondent #129,Quality - The product was durable.,Agree,0.271767,0.89048
11156,Respondent #129,Quality - The product was free from scratches.,Disagree,0.366796,0.438678
11157,Respondent #129,Quality - The product is deformed.,Strongly Agree,0.643507,0.691892
11158,Respondent #129,Pricing - The product is affordable.,Strongly Disagree,0.055249,0.517348
11159,Respondent #129,Pricing - The product saves me valuable time.,Strongly Agree,0.525485,0.373201
11160,Respondent #129,Pricing - The product saves me valuable effort.,Disagree,0.16188,0.645686
11161,Respondent #130,Design - I easily understood how to use the product.,Strongly Disagree,0.931761,0.080475
11162,Respondent #130,Design - I had no trouble installing the product.,Agree,0.558559,0.49275
11163,Respondent #130,"Design - The product's design is unintuitive.",Neutral,0.262053,0.617564
11164,Respondent #130,Quality - The product was durable.,Agree,0.717638,0.033906
11165,Respondent #130,Quality - The product was free from scratches.,Disagree,0.219097,0.697444
11166,Respondent #130,Quality - The product is deformed.,Agree,0.918257,0.47707
11167,Respondent #130,Pricing - The product is affordable.,Strongly Agree,0.402339,0.292122
11168,Respondent #130,Pricing - The product saves me valuable time.,Agree,0.8406,0.225388
11169,Respondent #130,Pricing - The product saves me valuable effort.,Disagree,0.21357,0.195504
11170,Respondent #131,Design - I easily understood how to use the product.,Strongly Disagree,0.744493,0.696457
11171,Respondent #131,Design - I had no trouble installing the product.,Strongly Agree,0.786915,0.8446
11172,Respondent #131,"Design - The product's design is unintuitive.",Disagree,0.218066,0.795639
11173,Respondent #131,Quality - The product was durable.,Agree,0.0933,0.230821
11174,Respondent #131,Quality - The product was free from scratches.,Disagree,0.049069,0.896212
11175,Respondent #131,Quality - The product is deformed.,Neutral,0.523541,0.178601
11176,Respondent #131,Pricing - The product is affordable.,Strongly Disagree,0.654859,0.206399
11177,Respondent #131,Pricing - The product saves me valuable time.,Agree,0.739665,0.727821
11178,Respondent #131,Pricing - The product saves me valuable effort.,Strongly Disagree,0.038002,0.227531
11179,Respondent #132,Design - I easily understood how to use the product.,Strongly Disagree,0.941645,0.062719
11180,Respondent #132,Design - I had no trouble installing the product.,Strongly Agree,0.306831,0.052405
11181,Respondent #132,"Design - The product's design is unintuitive.",Neutral,0.579849,0.173271
11182,Respondent #132,Quality - The product was durable.,Neutral,0.95949,0.555533
11183,Respondent #132,Quality - The product was free from scratches.,Disagree,0.063948,0.341667
11184,Respondent #132,Quality - The product is deformed.,Neutral,0.922243,0.572717
11185,Respondent #132,Pricing - The product is affordable.,Strongly Agree,0.979915,0.023762
11186,Respondent #132,Pricing - The product saves me valuable time.,Neutral,0.933058,0.05128
11187,Respondent #132,Pricing - The product saves me valuable effort.,Disagree,0.006089,0.117919
11188,Respondent #133,Design - I easily understood how to use the product.,Disagree,0.321051,0.91903
11189,Respondent #133,Design - I had no trouble installing the product.,Strongly Agree,0.608626,0.285908
11190,Respondent #133,"Design - The product's design is unintuitive.",Agree,0.35324,0.923985
11191,Respondent #133,Quality - The product was durable.,Strongly Agree,0.64227,0.805112
11192,Respondent #133,Quality - The product was free from scratches.,Neutral,0.789421,0.621484
11193,Respondent #133,Quality - The product is deformed.,Strongly Agree,0.435287,0.025855
11194,Respondent #133,Pricing - The product is affordable.,Agree,0.051194,0.817604
11195,Respondent #133,Pricing - The product saves me valuable time.,Agree,0.825389,0.565642
11196,Respondent #133,Pricing - The product saves me valuable effort.,Disagree,0.056079,0.944189
11197,Respondent #134,Design - I easily understood how to use the product.,Strongly Disagree,0.004269,0.518007
11198,Respondent #134,Design - I had no trouble installing the product.,Agree,0.461794,0.661386
11199,Respondent #134,"Design - The product's design is unintuitive.",Disagree,0.874988,0.355141
11200,Respondent #134,Quality - The product was durable.,Strongly Agree,0.161169,0.497176
11201,Respondent #134,Quality - The product was free from scratches.,Disagree,0.663689,0.837358
11202,Respondent #134,Quality - The product is deformed.,Disagree,0.080301,0.217355
11203,Respondent #134,Pricing - The product is affordable.,Disagree,0.949999,0.290854
11204,Respondent #134,Pricing - The product saves me valuable time.,Neutral,0.944604,0.296605
11205,Respondent #134,Pricing - The product saves me valuable effort.,Strongly Disagree,0.338953,0.918562
11206,Respondent #135,Design - I easily understood how to use the product.,Strongly Disagree,0.590888,0.967832
11207,Respondent #135,Design - I had no trouble installing the product.,Agree,0.949931,0.126497
11208,Respondent #135,"Design - The product's design is unintuitive.",Agree,0.246931,0.498213
11209,Respondent #135,Quality - The product was durable.,Agree,0.099765,0.945714
11210,Respondent #135,Quality - The product was free from scratches.,Disagree,0.809794,0.310695
11211,Respondent #135,Quality - The product is deformed.,Strongly Agree,0.850672,0.297772
11212,Respondent #135,Pricing - The product is affordable.,Neutral,0.884778,0.720702
11213,Respondent #135,Pricing - The product saves me valuable time.,Agree,0.622229,0.363132
11214,Respondent #135,Pricing - The product saves me valuable effort.,Strongly Disagree,0.380796,0.882504
11215,Respondent #136,Design - I easily understood how to use the product.,Disagree,0.564011,0.997767
11216,Respondent #136,Design - I had no trouble installing the product.,Agree,0.02582,0.757771
11217,Respondent #136,"Design - The product's design is unintuitive.",Disagree,0.15747,0.127146
11218,Respondent #136,Quality - The product was durable.,Agree,0.404427,0.935901
11219,Respondent #136,Quality - The product was free from scratches.,Strongly Disagree,0.523576,0.054248
11220,Respondent #136,Quality - The product is deformed.,Disagree,0.912817,0.867075
11221,Respondent #136,Pricing - The product is affordable.,Strongly Disagree,0.154484,0.523246
11222,Respondent #136,Pricing - The product saves me valuable time.,Neutral,0.803434,0.890339
11223,Respondent #136,Pricing - The product saves me valuable effort.,Disagree,0.901843,0.576875
11224,Respondent #137,Design - I easily understood how to use the product.,Strongly Disagree,0.785042,0.108033
11225,Respondent #137,Design - I had no trouble installing the product.,Agree,0.602443,0.705331
11226,Respondent #137,"Design - The product's design is unintuitive.",Neutral,0.140028,0.62082
11227,Respondent #137,Quality - The product was durable.,Agree,0.588449,0.902465
11228,Respondent #137,Quality - The product was free from scratches.,Disagree,0.586736,0.608166
11229,Respondent #137,Quality - The product is deformed.,Agree,0.475348,0.392463
11230,Respondent #137,Pricing - The product is affordable.,Strongly Disagree,0.88425,0.603293
11231,Respondent #137,Pricing - The product saves me valuable time.,Agree,0.427954,0.982425
11232,Respondent #137,Pricing - The product saves me valuable effort.,Neutral,0.584509,0.343726
11233,Respondent #138,Design - I easily understood how to use the product.,Strongly Disagree,0.825462,0.294855
11234,Respondent #138,Design - I had no trouble installing the product.,Agree,0.545972,0.646672
11235,Respondent #138,"Design - The product's design is unintuitive.",Neutral,0.791161,0.182967
11236,Respondent #138,Quality - The product was durable.,Agree,0.212073,0.320157
11237,Respondent #138,Quality - The product was free from scratches.,Disagree,0.726733,0.032289
11238,Respondent #138,Quality - The product is deformed.,Agree,0.870127,0.040386
11239,Respondent #138,Pricing - The product is affordable.,Strongly Disagree,0.093318,0.123853
11240,Respondent #138,Pricing - The product saves me valuable time.,Agree,0.399314,0.595749
11241,Respondent #138,Pricing - The product saves me valuable effort.,Disagree,0.388272,0.467522
11242,Respondent #139,Design - I easily understood how to use the product.,Strongly Disagree,0.662059,0.614187
11243,Respondent #139,Design - I had no trouble installing the product.,Strongly Agree,0.614302,0.697607
11244,Respondent #139,"Design - The product's design is unintuitive.",Disagree,0.452306,0.521696
11245,Respondent #139,Quality - The product was durable.,Disagree,0.765775,0.700734
11246,Respondent #139,Quality - The product was free from scratches.,Neutral,0.062298,0.929354
11247,Respondent #139,Quality - The product is deformed.,Agree,0.838731,0.025799
11248,Respondent #139,Pricing - The product is affordable.,Strongly Disagree,0.129802,0.440902
11249,Respondent #139,Pricing - The product saves me valuable time.,Neutral,0.704562,0.867839
11250,Respondent #139,Pricing - The product saves me valuable effort.,Strongly Disagree,0.653469,0.401546
11251,Respondent #140,Design - I easily understood how to use the product.,Disagree,0.642351,0.924661
11252,Respondent #140,Design - I had no trouble installing the product.,Agree,0.333829,0.796581
11253,Respondent #140,"Design - The product's design is unintuitive.",Agree,0.44653,0.796231
11254,Respondent #140,Quality - The product was durable.,Agree,0.28112,0.024835
11255,Respondent #140,Quality - The product was free from scratches.,Disagree,0.663597,0.633746
11256,Respondent #140,Quality - The product is deformed.,Neutral,0.199113,0.355652
11257,Respondent #140,Pricing - The product is affordable.,Strongly Agree,0.734142,0.998458
11258,Respondent #140,Pricing - The product saves me valuable time.,Neutral,0.653035,0.551699
11259,Respondent #140,Pricing - The product saves me valuable effort.,Disagree,0.050682,0.512346
11260,Respondent #141,Design - I easily understood how to use the product.,Strongly Agree,0.267669,0.569395
11261,Respondent #141,Design - I had no trouble installing the product.,Agree,0.771081,0.145214
11262,Respondent #141,"Design - The product's design is unintuitive.",Agree,0.774975,0.816959
11263,Respondent #141,Quality - The product was durable.,Agree,0.990359,0.49061
11264,Respondent #141,Quality - The product was free from scratches.,Strongly Disagree,0.300634,0.302184
11265,Respondent #141,Quality - The product is deformed.,Neutral,0.822906,0.780262
11266,Respondent #141,Pricing - The product is affordable.,Agree,0.737572,0.537031
11267,Respondent #141,Pricing - The product saves me valuable time.,Strongly Agree,0.614838,0.815467
11268,Respondent #141,Pricing - The product saves me valuable effort.,Disagree,0.746195,0.011594
11269,Respondent #142,Design - I easily understood how to use the product.,Strongly Disagree,0.258686,0.865908
11270,Respondent #142,Design - I had no trouble installing the product.,Strongly Agree,0.531555,0.325142
11271,Respondent #142,"Design - The product's design is unintuitive.",Neutral,0.791591,0.516364
11272,Respondent #142,Quality - The product was durable.,Agree,0.684611,0.832098
11273,Respondent #142,Quality - The product was free from scratches.,Disagree,0.489083,0.576867
11274,Respondent #142,Quality - The product is deformed.,Strongly Disagree,0.257577,0.131719
11275,Respondent #142,Pricing - The product is affordable.,Strongly Disagree,0.576251,0.65423
11276,Respondent #142,Pricing - The product saves me valuable time.,Agree,0.124784,0.542465
11277,Respondent #142,Pricing - The product saves me valuable effort.,Disagree,0.088165,0.579181
11278,Respondent #143,Design - I easily understood how to use the product.,Strongly Disagree,0.759423,0.882224
11279,Respondent #143,Design - I had no trouble installing the product.,Agree,0.826191,0.648017
11280,Respondent #143,"Design - The product's design is unintuitive.",Agree,0.990005,0.785728
11281,Respondent #143,Quality - The product was durable.,Agree,0.007056,0.481855
11282,Respondent #143,Quality - The product was free from scratches.,Neutral,0.292515,0.754188
11283,Respondent #143,Quality - The product is deformed.,Neutral,0.214016,0.158258
11284,Respondent #143,Pricing - The product is affordable.,Agree,0.70033,0.789357
11285,Respondent #143,Pricing - The product saves me valuable time.,Neutral,0.809252,0.214036
11286,Respondent #143,Pricing - The product saves me valuable effort.,Disagree,0.662645,0.28956
11287,Respondent #144,Design - I easily understood how to use the product.,Strongly Disagree,0.448051,0.994216
11288,Respondent #144,Design - I had no trouble installing the product.,Strongly Agree,0.901799,0.187861
11289,Respondent #144,"Design - The product's design is unintuitive.",Disagree,0.930892,0.900973
11290,Respondent #144,Quality - The product was durable.,Agree,0.03569,0.502446
11291,Respondent #144,Quality - The product was free from scratches.,Disagree,0.06849,0.539245
11292,Respondent #144,Quality - The product is deformed.,Agree,0.05944,0.041188
11293,Respondent #144,Pricing - The product is affordable.,Strongly Disagree,0.615505,0.764582
11294,Respondent #144,Pricing - The product saves me valuable time.,Agree,0.00823,0.684337
11295,Respondent #144,Pricing - The product saves me valuable effort.,Disagree,0.659558,0.256667
11296,Respondent #145,Design - I easily understood how to use the product.,Agree,0.097302,0.749171
11297,Respondent #145,Design - I had no trouble installing the product.,Disagree,0.660349,0.116932
11298,Respondent #145,"Design - The product's design is unintuitive.",Disagree,0.515787,0.133135
11299,Respondent #145,Quality - The product was durable.,Agree,0.841157,0.756791
11300,Respondent #145,Quality - The product was free from scratches.,Strongly Disagree,0.761183,0.665556
11301,Respondent #145,Quality - The product is deformed.,Agree,0.766605,0.140976
11302,Respondent #145,Pricing - The product is affordable.,Neutral,0.887923,0.662106
11303,Respondent #145,Pricing - The product saves me valuable time.,Agree,0.929656,0.720825
11304,Respondent #145,Pricing - The product saves me valuable effort.,Neutral,0.778429,0.234375
11305,Respondent #146,Design - I easily understood how to use the product.,Disagree,0.481794,0.817817
11306,Respondent #146,Design - I had no trouble installing the product.,Agree,0.087257,0.148335
11307,Respondent #146,"Design - The product's design is unintuitive.",Neutral,0.587895,0.417942
11308,Respondent #146,Quality - The product was durable.,Agree,0.89119,0.789662
11309,Respondent #146,Quality - The product was free from scratches.,Neutral,0.453298,0.164181
11310,Respondent #146,Quality - The product is deformed.,Strongly Agree,0.825633,0.08174
11311,Respondent #146,Pricing - The product is affordable.,Strongly Disagree,0.76961,0.981226
11312,Respondent #146,Pricing - The product saves me valuable time.,Strongly Agree,0.253573,0.646491
11313,Respondent #146,Pricing - The product saves me valuable effort.,Disagree,0.33563,0.660851
11314,Respondent #147,Design - I easily understood how to use the product.,Strongly Disagree,0.420803,0.304591
11315,Respondent #147,Design - I had no trouble installing the product.,Strongly Agree,0.33493,0.802512
11316,Respondent #147,"Design - The product's design is unintuitive.",Neutral,0.489245,0.729123
11317,Respondent #147,Quality - The product was durable.,Disagree,0.896903,0.330951
11318,Respondent #147,Quality - The product was free from scratches.,Disagree,0.773677,0.487091
11319,Respondent #147,Quality - The product is deformed.,Agree,0.081904,0.485599
11320,Respondent #147,Pricing - The product is affordable.,Strongly Agree,0.110266,0.49801
11321,Respondent #147,Pricing - The product saves me valuable time.,Agree,0.819113,0.976504
11322,Respondent #147,Pricing - The product saves me valuable effort.,Disagree,0.313208,0.571283
11323,Respondent #148,Design - I easily understood how to use the product.,Strongly Disagree,0.006777,0.021204
11324,Respondent #148,Design - I had no trouble installing the product.,Agree,0.542601,0.773703
11325,Respondent #148,"Design - The product's design is unintuitive.",Strongly Disagree,0.133959,0.977075
11326,Respondent #148,Quality - The product was durable.,Agree,0.471516,0.481398
11327,Respondent #148,Quality - The product was free from scratches.,Neutral,0.393477,0.797203
11328,Respondent #148,Quality - The product is deformed.,Strongly Agree,0.155401,0.030171
11329,Respondent #148,Pricing - The product is affordable.,Strongly Disagree,0.339493,0.893488
11330,Respondent #148,Pricing - The product saves me valuable time.,Agree,0.684205,0.163726
11331,Respondent #148,Pricing - The product saves me valuable effort.,Disagree,0.513663,0.131581
11332,Respondent #149,Design - I easily understood how to use the product.,Strongly Disagree,0.769131,0.84133
11333,Respondent #149,Design - I had no trouble installing the product.,Neutral,0.110387,0.192646
11334,Respondent #149,"Design - The product's design is unintuitive.",Disagree,0.408822,0.576565
11335,Respondent #149,Quality - The product was durable.,Strongly Agree,0.870701,0.811098
11336,Respondent #149,Quality - The product was free from scratches.,Neutral,0.363243,0.272751
11337,Respondent #149,Quality - The product is deformed.,Strongly Agree,0.010629,0.756236
11338,Respondent #149,Pricing - The product is affordable.,Strongly Disagree,0.822647,0.504424
11339,Respondent #149,Pricing - The product saves me valuable time.,Strongly Agree,0.153292,0.783376
11340,Respondent #149,Pricing - The product saves me valuable effort.,Disagree,0.297049,0.04623
11341,Respondent #150,Design - I easily understood how to use the product.,Strongly Disagree,0.100043,0.722211
11342,Respondent #150,Design - I had no trouble installing the product.,Strongly Agree,0.819977,0.189586
11343,Respondent #150,"Design - The product's design is unintuitive.",Strongly Disagree,0.578643,0.800639
11344,Respondent #150,Quality - The product was durable.,Neutral,0.769389,0.553463
11345,Respondent #150,Quality - The product was free from scratches.,Disagree,0.174135,0.263572
11346,Respondent #150,Quality - The product is deformed.,Agree,0.964419,0.444451
11347,Respondent #150,Pricing - The product is affordable.,Strongly Agree,0.381794,0.051263
11348,Respondent #150,Pricing - The product saves me valuable time.,Strongly Agree,0.023349,0.568391
11349,Respondent #150,Pricing - The product saves me valuable effort.,Disagree,0.721674,0.104598
11350,Respondent #151,Design - I easily understood how to use the product.,Strongly Disagree,0.340595,0.723559
11351,Respondent #151,Design - I had no trouble installing the product.,Strongly Agree,0.866251,0.377669
11352,Respondent #151,"Design - The product's design is unintuitive.",Disagree,0.824526,0.187156
11353,Respondent #151,Quality - The product was durable.,Strongly Agree,0.057596,0.352004
11354,Respondent #151,Quality - The product was free from scratches.,Disagree,0.1469,0.405748
11355,Respondent #151,Quality - The product is deformed.,Agree,0.189499,0.667898
11356,Respondent #151,Pricing - The product is affordable.,Disagree,0.125103,0.907372
11357,Respondent #151,Pricing - The product saves me valuable time.,Agree,0.218974,0.681145
11358,Respondent #151,Pricing - The product saves me valuable effort.,Strongly Disagree,0.339741,0.132939
11359,Respondent #152,Design - I easily understood how to use the product.,Disagree,0.388818,0.049051
11360,Respondent #152,Design - I had no trouble installing the product.,Agree,0.011216,0.763824
11361,Respondent #152,"Design - The product's design is unintuitive.",Agree,0.440518,0.286603
11362,Respondent #152,Quality - The product was durable.,Neutral,0.629125,0.172226
11363,Respondent #152,Quality - The product was free from scratches.,Disagree,0.254737,0.217147
11364,Respondent #152,Quality - The product is deformed.,Strongly Agree,0.056043,0.371519
11365,Respondent #152,Pricing - The product is affordable.,Strongly Agree,0.955972,0.766149
11366,Respondent #152,Pricing - The product saves me valuable time.,Agree,0.792551,0.835057
11367,Respondent #152,Pricing - The product saves me valuable effort.,Strongly Disagree,0.824579,0.642565
11368,Respondent #153,Design - I easily understood how to use the product.,Neutral,0.999011,0.740327
11369,Respondent #153,Design - I had no trouble installing the product.,Strongly Agree,0.834018,0.161966
11370,Respondent #153,"Design - The product's design is unintuitive.",Neutral,0.163917,0.524478
11371,Respondent #153,Quality - The product was durable.,Neutral,0.488484,0.719666
11372,Respondent #153,Quality - The product was free from scratches.,Disagree,0.167851,0.678407
11373,Respondent #153,Quality - The product is deformed.,Disagree,0.84801,0.163499
11374,Respondent #153,Pricing - The product is affordable.,Neutral,0.898682,0.979531
11375,Respondent #153,Pricing - The product saves me valuable time.,Agree,0.706878,0.456828
11376,Respondent #153,Pricing - The product saves me valuable effort.,Disagree,0.71888,0.452274
11377,Respondent #154,Design - I easily understood how to use the product.,Strongly Disagree,0.543127,0.982124
11378,Respondent #154,Design - I had no trouble installing the product.,Agree,0.292975,0.691421
11379,Respondent #154,"Design - The product's design is unintuitive.",Strongly Disagree,0.627384,0.838852
11380,Respondent #154,Quality - The product was durable.,Neutral,0.163964,0.287862
11381,Respondent #154,Quality - The product was free from scratches.,Disagree,0.017262,0.475528
11382,Respondent #154,Quality - The product is deformed.,Agree,0.170731,0.048319
11383,Respondent #154,Pricing - The product is affordable.,Agree,0.156791,0.578789
11384,Respondent #154,Pricing - The product saves me valuable time.,Neutral,0.454417,0.364108
11385,Respondent #154,Pricing - The product saves me valuable effort.,Neutral,0.689648,0.661236
11386,Respondent #155,Design - I easily understood how to use the product.,Agree,0.779502,0.833965
11387,Respondent #155,Design - I had no trouble installing the product.,Agree,0.25715,0.670599
11388,Respondent #155,"Design - The product's design is unintuitive.",Disagree,0.142066,0.278494
11389,Respondent #155,Quality - The product was durable.,Strongly Agree,0.91373,0.149572
11390,Respondent #155,Quality - The product was free from scratches.,Disagree,0.712217,0.743722
11391,Respondent #155,Quality - The product is deformed.,Strongly Agree,0.999768,0.722225
11392,Respondent #155,Pricing - The product is affordable.,Agree,0.40549,0.138779
11393,Respondent #155,Pricing - The product saves me valuable time.,Agree,0.016413,0.709666
11394,Respondent #155,Pricing - The product saves me valuable effort.,Disagree,0.484073,0.294845
11395,Respondent #156,Design - I easily understood how to use the product.,Agree,0.800904,0.192603
11396,Respondent #156,Design - I had no trouble installing the product.,Strongly Disagree,0.493122,0.531306
11397,Respondent #156,"Design - The product's design is unintuitive.",Strongly Agree,0.767576,0.686281
11398,Respondent #156,Quality - The product was durable.,Agree,0.659668,0.438431
11399,Respondent #156,Quality - The product was free from scratches.,Disagree,0.641649,0.94686
11400,Respondent #156,Quality - The product is deformed.,Agree,0.758907,0.656236
11401,Respondent #156,Pricing - The product is affordable.,Strongly Disagree,0.98333,0.196851
11402,Respondent #156,Pricing - The product saves me valuable time.,Agree,0.126408,0.9428
11403,Respondent #156,Pricing - The product saves me valuable effort.,Strongly Disagree,0.966465,0.019211
11404,Respondent #157,Design - I easily understood how to use the product.,Strongly Disagree,0.259381,0.947743
11405,Respondent #157,Design - I had no trouble installing the product.,Agree,0.799803,0.178661
11406,Respondent #157,"Design - The product's design is unintuitive.",Agree,0.772294,0.222979
11407,Respondent #157,Quality - The product was durable.,Neutral,0.043797,0.395103
11408,Respondent #157,Quality - The product was free from scratches.,Disagree,0.976971,0.165743
11409,Respondent #157,Quality - The product is deformed.,Disagree,0.233742,0.443874
11410,Respondent #157,Pricing - The product is affordable.,Disagree,0.812426,0.710538
11411,Respondent #157,Pricing - The product saves me valuable time.,Strongly Agree,0.919839,0.542868
11412,Respondent #157,Pricing - The product saves me valuable effort.,Disagree,0.228996,0.760209
11413,Respondent #158,Design - I easily understood how to use the product.,Strongly Disagree,0.987757,0.34841
11414,Respondent #158,Design - I had no trouble installing the product.,Agree,0.54466,0.035725
11415,Respondent #158,"Design - The product's design is unintuitive.",Agree,0.790388,0.038324
11416,Respondent #158,Quality - The product was durable.,Agree,0.624766,0.770487
11417,Respondent #158,Quality - The product was free from scratches.,Disagree,0.819136,0.401811
11418,Respondent #158,Quality - The product is deformed.,Neutral,0.39095,0.914121
11419,Respondent #158,Pricing - The product is affordable.,Strongly Disagree,0.678738,0.221639
11420,Respondent #158,Pricing - The product saves me valuable time.,Neutral,0.3654,0.794081
11421,Respondent #158,Pricing - The product saves me valuable effort.,Neutral,0.029001,0.242962
11422,Respondent #159,Design - I easily understood how to use the product.,Strongly Agree,0.300365,0.023563
11423,Respondent #159,Design - I had no trouble installing the product.,Strongly Agree,0.911757,0.471713
11424,Respondent #159,"Design - The product's design is unintuitive.",Agree,0.803379,0.322873
11425,Respondent #159,Quality - The product was durable.,Disagree,0.341599,0.812584
11426,Respondent #159,Quality - The product was free from scratches.,Disagree,0.44257,0.922454
11427,Respondent #159,Quality - The product is deformed.,Strongly Agree,0.718236,0.533965
11428,Respondent #159,Pricing - The product is affordable.,Strongly Disagree,0.46315,0.686397
11429,Respondent #159,Pricing - The product saves me valuable time.,Agree,0.442636,0.350433
11430,Respondent #159,Pricing - The product saves me valuable effort.,Disagree,0.103397,0.816148
11431,Respondent #160,Design - I easily understood how to use the product.,Disagree,0.803958,0.2418
11432,Respondent #160,Design - I had no trouble installing the product.,Agree,0.212515,0.87227
11433,Respondent #160,"Design - The product's design is unintuitive.",Disagree,0.685775,0.333224
11434,Respondent #160,Quality - The product was durable.,Strongly Agree,0.757928,0.063476
11435,Respondent #160,Quality - The product was free from scratches.,Disagree,0.867665,0.374907
11436,Respondent #160,Quality - The product is deformed.,Disagree,0.059229,0.786898
11437,Respondent #160,Pricing - The product is affordable.,Strongly Disagree,0.647337,0.720596
11438,Respondent #160,Pricing - The product saves me valuable time.,Neutral,0.174278,0.409982
11439,Respondent #160,Pricing - The product saves me valuable effort.,Disagree,0.704204,0.572802
11440,Respondent #161,Design - I easily understood how to use the product.,Agree,0.943123,0.676255
11441,Respondent #161,Design - I had no trouble installing the product.,Strongly Agree,0.345252,0.497863
11442,Respondent #161,"Design - The product's design is unintuitive.",Strongly Disagree,0.057381,0.389048
11443,Respondent #161,Quality - The product was durable.,Agree,0.575688,0.744245
11444,Respondent #161,Quality - The product was free from scratches.,Disagree,0.567816,0.780344
11445,Respondent #161,Quality - The product is deformed.,Neutral,0.492591,0.191216
11446,Respondent #161,Pricing - The product is affordable.,Neutral,0.972738,0.542479
11447,Respondent #161,Pricing - The product saves me valuable time.,Neutral,0.157953,0.56921
11448,Respondent #161,Pricing - The product saves me valuable effort.,Strongly Disagree,0.4481,0.347571
11449,Respondent #162,Design - I easily understood how to use the product.,Strongly Disagree,0.837797,0.438641
11450,Respondent #162,Design - I had no trouble installing the product.,Strongly Agree,0.343683,0.180355
11451,Respondent #162,"Design - The product's design is unintuitive.",Neutral,0.928807,0.248388
11452,Respondent #162,Quality - The product was durable.,Neutral,0.482059,0.581349
11453,Respondent #162,Quality - The product was free from scratches.,Disagree,0.455678,0.629789
11454,Respondent #162,Quality - The product is deformed.,Neutral,0.815901,0.437314
11455,Respondent #162,Pricing - The product is affordable.,Neutral,0.17858,0.417292
11456,Respondent #162,Pricing - The product saves me valuable time.,Neutral,0.845371,0.89528
11457,Respondent #162,Pricing - The product saves me valuable effort.,Strongly Disagree,0.299754,0.442695
11458,Respondent #163,Design - I easily understood how to use the product.,Strongly Disagree,0.060204,0.328772
11459,Respondent #163,Design - I had no trouble installing the product.,Strongly Agree,0.640763,0.884063
11460,Respondent #163,"Design - The product's design is unintuitive.",Agree,0.530629,0.401003
11461,Respondent #163,Quality - The product was durable.,Strongly Agree,0.398827,0.967904
11462,Respondent #163,Quality - The product was free from scratches.,Disagree,0.148214,0.237954
11463,Respondent #163,Quality - The product is deformed.,Disagree,0.657449,0.627806
11464,Respondent #163,Pricing - The product is affordable.,Agree,0.647147,0.744793
11465,Respondent #163,Pricing - The product saves me valuable time.,Neutral,0.244554,0.606414
11466,Respondent #163,Pricing - The product saves me valuable effort.,Disagree,0.244206,0.641226
11467,Respondent #164,Design - I easily understood how to use the product.,Strongly Disagree,0.633481,0.305063
11468,Respondent #164,Design - I had no trouble installing the product.,Neutral,0.737776,0.153004
11469,Respondent #164,"Design - The product's design is unintuitive.",Neutral,0.307813,0.25353
11470,Respondent #164,Quality - The product was durable.,Agree,0.693547,0.235886
11471,Respondent #164,Quality - The product was free from scratches.,Neutral,0.683897,0.159417
11472,Respondent #164,Quality - The product is deformed.,Neutral,0.68953,0.600372
11473,Respondent #164,Pricing - The product is affordable.,Strongly Disagree,0.106972,0.095405
11474,Respondent #164,Pricing - The product saves me valuable time.,Strongly Agree,0.91533,0.052958
11475,Respondent #164,Pricing - The product saves me valuable effort.,Disagree,0.549914,0.496551
11476,Respondent #165,Design - I easily understood how to use the product.,Strongly Disagree,0.301316,0.327929
11477,Respondent #165,Design - I had no trouble installing the product.,Disagree,0.746113,0.084692
11478,Respondent #165,"Design - The product's design is unintuitive.",Disagree,0.037608,0.140222
11479,Respondent #165,Quality - The product was durable.,Agree,0.427216,0.616695
11480,Respondent #165,Quality - The product was free from scratches.,Neutral,0.430347,0.037543
11481,Respondent #165,Quality - The product is deformed.,Neutral,0.778199,0.570165
11482,Respondent #165,Pricing - The product is affordable.,Neutral,0.082553,0.442188
11483,Respondent #165,Pricing - The product saves me valuable time.,Agree,0.926385,0.893871
11484,Respondent #165,Pricing - The product saves me valuable effort.,Disagree,0.814873,0.567098
11485,Respondent #166,Design - I easily understood how to use the product.,Strongly Disagree,0.184444,0.695644
11486,Respondent #166,Design - I had no trouble installing the product.,Neutral,0.514115,0.29151
11487,Respondent #166,"Design - The product's design is unintuitive.",Disagree,0.847948,0.308986
11488,Respondent #166,Quality - The product was durable.,Agree,0.896901,0.81639
11489,Respondent #166,Quality - The product was free from scratches.,Strongly Disagree,0.342948,0.562012
11490,Respondent #166,Quality - The product is deformed.,Neutral,0.820494,0.842045
11491,Respondent #166,Pricing - The product is affordable.,Strongly Disagree,0.850083,0.006174
11492,Respondent #166,Pricing - The product saves me valuable time.,Neutral,0.927032,0.800076
11493,Respondent #166,Pricing - The product saves me valuable effort.,Strongly Disagree,0.236665,0.512987
11494,Respondent #167,Design - I easily understood how to use the product.,Strongly Disagree,0.520705,0.530949
11495,Respondent #167,Design - I had no trouble installing the product.,Strongly Agree,0.062422,0.756289
11496,Respondent #167,"Design - The product's design is unintuitive.",Neutral,0.605055,0.558129
11497,Respondent #167,Quality - The product was durable.,Strongly Agree,0.628268,0.615269
11498,Respondent #167,Quality - The product was free from scratches.,Disagree,0.954034,0.907589
11499,Respondent #167,Quality - The product is deformed.,Neutral,0.441195,0.611789
11500,Respondent #167,Pricing - The product is affordable.,Strongly Disagree,0.419707,0.618277
11501,Respondent #167,Pricing - The product saves me valuable time.,Agree,0.349136,0.599705
11502,Respondent #167,Pricing - The product saves me valuable effort.,Neutral,0.71495,0.447593
11503,Respondent #168,Design - I easily understood how to use the product.,Disagree,0.408399,0.327017
11504,Respondent #168,Design - I had no trouble installing the product.,Strongly Agree,0.258144,0.876455
11505,Respondent #168,"Design - The product's design is unintuitive.",Disagree,0.245609,0.417156
11506,Respondent #168,Quality - The product was durable.,Strongly Agree,0.392056,0.862239
11507,Respondent #168,Quality - The product was free from scratches.,Disagree,0.617378,0.617779
11508,Respondent #168,Quality - The product is deformed.,Strongly Agree,0.455571,0.20154
11509,Respondent #168,Pricing - The product is affordable.,Strongly Disagree,0.149909,0.517802
11510,Respondent #168,Pricing - The product saves me valuable time.,Agree,0.472591,0.137443
11511,Respondent #168,Pricing - The product saves me valuable effort.,Strongly Disagree,0.724942,0.73256
11512,Respondent #169,Design - I easily understood how to use the product.,Strongly Disagree,0.719052,0.008282
11513,Respondent #169,Design - I had no trouble installing the product.,Strongly Agree,0.451152,0.49773
11514,Respondent #169,"Design - The product's design is unintuitive.",Strongly Disagree,0.512208,0.498268
11515,Respondent #169,Quality - The product was durable.,Strongly Agree,0.941422,0.846281
11516,Respondent #169,Quality - The product was free from scratches.,Neutral,0.164065,0.800278
11517,Respondent #169,Quality - The product is deformed.,Agree,0.808093,0.135887
11518,Respondent #169,Pricing - The product is affordable.,Disagree,0.50335,0.236796
11519,Respondent #169,Pricing - The product saves me valuable time.,Agree,0.714218,0.731881
11520,Respondent #169,Pricing - The product saves me valuable effort.,Strongly Disagree,0.087529,0.750831
11521,Respondent #170,Design - I easily understood how to use the product.,Strongly Disagree,0.648737,0.251128
11522,Respondent #170,Design - I had no trouble installing the product.,Neutral,0.226901,0.438175
11523,Respondent #170,"Design - The product's design is unintuitive.",Neutral,0.641749,0.203022
11524,Respondent #170,Quality - The product was durable.,Strongly Agree,0.751744,0.031277
11525,Respondent #170,Quality - The product was free from scratches.,Disagree,0.536624,0.202791
11526,Respondent #170,Quality - The product is deformed.,Disagree,0.023431,0.825568
11527,Respondent #170,Pricing - The product is affordable.,Agree,0.423433,0.432925
11528,Respondent #170,Pricing - The product saves me valuable time.,Agree,0.569838,0.257708
11529,Respondent #170,Pricing - The product saves me valuable effort.,Disagree,0.680606,0.396993
11530,Respondent #171,Design - I easily understood how to use the product.,Neutral,0.699801,0.411891
11531,Respondent #171,Design - I had no trouble installing the product.,Agree,0.304045,0.447701
11532,Respondent #171,"Design - The product's design is unintuitive.",Disagree,0.713012,0.81943
11533,Respondent #171,Quality - The product was durable.,Strongly Agree,0.160209,0.625612
11534,Respondent #171,Quality - The product was free from scratches.,Disagree,0.818391,0.529083
11535,Respondent #171,Quality - The product is deformed.,Neutral,0.440798,0.70038
11536,Respondent #171,Pricing - The product is affordable.,Strongly Disagree,0.794457,0.033826
11537,Respondent #171,Pricing - The product saves me valuable time.,Agree,0.780976,0.78085
11538,Respondent #171,Pricing - The product saves me valuable effort.,Strongly Disagree,0.032651,0.810604
11539,Respondent #172,Design - I easily understood how to use the product.,Strongly Disagree,0.653528,0.982451
11540,Respondent #172,Design - I had no trouble installing the product.,Strongly Agree,0.928429,0.248697
11541,Respondent #172,"Design - The product's design is unintuitive.",Disagree,0.587448,0.920774
11542,Respondent #172,Quality - The product was durable.,Agree,0.822989,0.344979
11543,Respondent #172,Quality - The product was free from scratches.,Disagree,0.739713,0.279488
11544,Respondent #172,Quality - The product is deformed.,Neutral,0.221987,0.618405
11545,Respondent #172,Pricing - The product is affordable.,Agree,0.893451,0.010243
11546,Respondent #172,Pricing - The product saves me valuable time.,Agree,0.31856,0.732658
11547,Respondent #172,Pricing - The product saves me valuable effort.,Strongly Disagree,0.920338,0.495923
11548,Respondent #173,Design - I easily understood how to use the product.,Strongly Disagree,0.713455,0.117423
11549,Respondent #173,Design - I had no trouble installing the product.,Neutral,0.741756,0.035425
11550,Respondent #173,"Design - The product's design is unintuitive.",Disagree,0.042806,0.896775
11551,Respondent #173,Quality - The product was durable.,Strongly Agree,0.215976,0.571479
11552,Respondent #173,Quality - The product was free from scratches.,Neutral,0.436808,0.309372
11553,Respondent #173,Quality - The product is deformed.,Neutral,0.430364,0.472592
11554,Respondent #173,Pricing - The product is affordable.,Strongly Disagree,0.833143,0.341568
11555,Respondent #173,Pricing - The product saves me valuable time.,Neutral,0.823053,0.041822
11556,Respondent #173,Pricing - The product saves me valuable effort.,Disagree,0.017047,0.055847
11557,Respondent #174,Design - I easily understood how to use the product.,Strongly Disagree,0.824883,0.597391
11558,Respondent #174,Design - I had no trouble installing the product.,Strongly Agree,0.587562,0.971111
11559,Respondent #174,"Design - The product's design is unintuitive.",Disagree,0.682197,0.400225
11560,Respondent #174,Quality - The product was durable.,Agree,0.692483,0.320281
11561,Respondent #174,Quality - The product was free from scratches.,Disagree,0.657972,0.62163
11562,Respondent #174,Quality - The product is deformed.,Neutral,0.464143,0.560172
11563,Respondent #174,Pricing - The product is affordable.,Agree,0.978758,0.9877
11564,Respondent #174,Pricing - The product saves me valuable time.,Neutral,0.602572,0.822863
11565,Respondent #174,Pricing - The product saves me valuable effort.,Strongly Disagree,0.691258,0.67631
11566,Respondent #175,Design - I easily understood how to use the product.,Strongly Disagree,0.891723,0.969492
11567,Respondent #175,Design - I had no trouble installing the product.,Neutral,0.871812,0.212368
11568,Respondent #175,"Design - The product's design is unintuitive.",Agree,0.461206,0.893734
11569,Respondent #175,Quality - The product was durable.,Agree,0.20766,0.574199
11570,Respondent #175,Quality - The product was free from scratches.,Neutral,0.171482,0.87681
11571,Respondent #175,Quality - The product is deformed.,Neutral,0.615703,0.962331
11572,Respondent #175,Pricing - The product is affordable.,Strongly Disagree,0.568484,0.128794
11573,Respondent #175,Pricing - The product saves me valuable time.,Neutral,0.757339,0.758346
11574,Respondent #175,Pricing - The product saves me valuable effort.,Strongly Disagree,0.304346,0.652745
11575,Respondent #176,Design - I easily understood how to use the product.,Agree,0.404107,0.356282
11576,Respondent #176,Design - I had no trouble installing the product.,Strongly Agree,0.486909,0.304502
11577,Respondent #176,"Design - The product's design is unintuitive.",Neutral,0.540375,0.761918
11578,Respondent #176,Quality - The product was durable.,Strongly Agree,0.581053,0.632148
11579,Respondent #176,Quality - The product was free from scratches.,Disagree,0.52846,0.760518
11580,Respondent #176,Quality - The product is deformed.,Neutral,0.953677,0.441422
11581,Respondent #176,Pricing - The product is affordable.,Strongly Disagree,0.78214,0.323743
11582,Respondent #176,Pricing - The product saves me valuable time.,Neutral,0.586926,0.054945
11583,Respondent #176,Pricing - The product saves me valuable effort.,Disagree,0.238628,0.587477
11584,Respondent #177,Design - I easily understood how to use the product.,Disagree,0.085207,0.466208
11585,Respondent #177,Design - I had no trouble installing the product.,Strongly Agree,0.751895,0.054428
11586,Respondent #177,"Design - The product's design is unintuitive.",Disagree,0.077565,0.572833
11587,Respondent #177,Quality - The product was durable.,Agree,0.227186,0.040666
11588,Respondent #177,Quality - The product was free from scratches.,Disagree,0.60076,0.246477
11589,Respondent #177,Quality - The product is deformed.,Agree,0.721663,0.096803
11590,Respondent #177,Pricing - The product is affordable.,Disagree,0.473352,0.91204
11591,Respondent #177,Pricing - The product saves me valuable time.,Strongly Agree,0.572737,0.907348
11592,Respondent #177,Pricing - The product saves me valuable effort.,Disagree,0.871674,0.24882
11593,Respondent #178,Design - I easily understood how to use the product.,Disagree,0.08085,0.14128
11594,Respondent #178,Design - I had no trouble installing the product.,Neutral,0.410217,0.893082
11595,Respondent #178,"Design - The product's design is unintuitive.",Strongly Disagree,0.59048,0.518116
11596,Respondent #178,Quality - The product was durable.,Agree,0.011994,0.088647
11597,Respondent #178,Quality - The product was free from scratches.,Disagree,0.616176,0.08185
11598,Respondent #178,Quality - The product is deformed.,Agree,0.691713,0.079691
11599,Respondent #178,Pricing - The product is affordable.,Strongly Disagree,0.322393,0.669489
11600,Respondent #178,Pricing - The product saves me valuable time.,Agree,0.226819,0.30388
11601,Respondent #178,Pricing - The product saves me valuable effort.,Strongly Disagree,0.107694,0.15837
11602,Respondent #179,Design - I easily understood how to use the product.,Strongly Agree,0.983881,0.424344
11603,Respondent #179,Design - I had no trouble installing the product.,Neutral,0.20955,0.909908
11604,Respondent #179,"Design - The product's design is unintuitive.",Neutral,0.986652,0.5549
11605,Respondent #179,Quality - The product was durable.,Neutral,0.693501,0.394049
11606,Respondent #179,Quality - The product was free from scratches.,Disagree,0.193593,0.33207
11607,Respondent #179,Quality - The product is deformed.,Agree,0.442671,0.587672
11608,Respondent #179,Pricing - The product is affordable.,Strongly Disagree,0.113447,0.41885
11609,Respondent #179,Pricing - The product saves me valuable time.,Strongly Agree,0.725295,0.915725
11610,Respondent #179,Pricing - The product saves me valuable effort.,Disagree,0.501886,0.03297
11611,Respondent #180,Design - I easily understood how to use the product.,Strongly Disagree,0.204483,0.190569
11612,Respondent #180,Design - I had no trouble installing the product.,Neutral,0.915896,0.642439
11613,Respondent #180,"Design - The product's design is unintuitive.",Strongly Agree,0.278438,0.454664
11614,Respondent #180,Quality - The product was durable.,Agree,0.797191,0.697467
11615,Respondent #180,Quality - The product was free from scratches.,Disagree,0.923287,0.795288
11616,Respondent #180,Quality - The product is deformed.,Agree,0.406891,0.559971
11617,Respondent #180,Pricing - The product is affordable.,Strongly Agree,0.358254,0.087512
11618,Respondent #180,Pricing - The product saves me valuable time.,Agree,0.026635,0.341458
11619,Respondent #180,Pricing - The product saves me valuable effort.,Strongly Disagree,0.605088,0.092437
11620,Respondent #181,Design - I easily understood how to use the product.,Strongly Disagree,0.734409,0.223445
11621,Respondent #181,Design - I had no trouble installing the product.,Agree,0.628867,0.255663
11622,Respondent #181,"Design - The product's design is unintuitive.",Disagree,0.963124,0.470759
11623,Respondent #181,Quality - The product was durable.,Agree,0.79723,0.307575
11624,Respondent #181,Quality - The product was free from scratches.,Disagree,0.486021,0.28078
11625,Respondent #181,Quality - The product is deformed.,Agree,0.27038,0.924993
11626,Respondent #181,Pricing - The product is affordable.,Strongly Agree,0.894522,0.367701
11627,Respondent #181,Pricing - The product saves me valuable time.,Agree,0.162902,0.929697
11628,Respondent #181,Pricing - The product saves me valuable effort.,Disagree,0.772407,0.302303
11629,Respondent #182,Design - I easily understood how to use the product.,Strongly Disagree,0.685812,0.614935
11630,Respondent #182,Design - I had no trouble installing the product.,Agree,0.464291,0.903084
11631,Respondent #182,"Design - The product's design is unintuitive.",Strongly Disagree,0.371935,0.574037
11632,Respondent #182,Quality - The product was durable.,Strongly Agree,0.485794,0.978841
11633,Respondent #182,Quality - The product was free from scratches.,Neutral,0.530741,0.413688
11634,Respondent #182,Quality - The product is deformed.,Agree,0.106705,0.602759
11635,Respondent #182,Pricing - The product is affordable.,Disagree,0.225898,0.655851
11636,Respondent #182,Pricing - The product saves me valuable time.,Strongly Agree,0.805337,0.311346
11637,Respondent #182,Pricing - The product saves me valuable effort.,Strongly Disagree,0.343845,0.048905
11638,Respondent #183,Design - I easily understood how to use the product.,Strongly Disagree,0.899539,0.512263
11639,Respondent #183,Design - I had no trouble installing the product.,Neutral,0.961656,0.612903
11640,Respondent #183,"Design - The product's design is unintuitive.",Disagree,0.746217,0.38993
11641,Respondent #183,Quality - The product was durable.,Agree,0.327582,0.130684
11642,Respondent #183,Quality - The product was free from scratches.,Neutral,0.193406,0.495575
11643,Respondent #183,Quality - The product is deformed.,Agree,0.053674,0.823079
11644,Respondent #183,Pricing - The product is affordable.,Strongly Disagree,0.43183,0.934412
11645,Respondent #183,Pricing - The product saves me valuable time.,Agree,0.9445,0.9849
11646,Respondent #183,Pricing - The product saves me valuable effort.,Strongly Disagree,0.867011,0.597464
11647,Respondent #184,Design - I easily understood how to use the product.,Strongly Disagree,0.728598,0.840901
11648,Respondent #184,Design - I had no trouble installing the product.,Agree,0.541133,0.908109
11649,Respondent #184,"Design - The product's design is unintuitive.",Neutral,0.937752,0.774956
11650,Respondent #184,Quality - The product was durable.,Neutral,0.495725,0.885962
11651,Respondent #184,Quality - The product was free from scratches.,Disagree,0.606004,0.985226
11652,Respondent #184,Quality - The product is deformed.,Strongly Agree,0.046106,0.670876
11653,Respondent #184,Pricing - The product is affordable.,Strongly Agree,0.302152,0.314583
11654,Respondent #184,Pricing - The product saves me valuable time.,Strongly Agree,0.889111,0.44291
11655,Respondent #184,Pricing - The product saves me valuable effort.,Strongly Disagree,0.569415,0.047385
11656,Respondent #185,Design - I easily understood how to use the product.,Neutral,0.565976,0.780793
11657,Respondent #185,Design - I had no trouble installing the product.,Strongly Agree,0.967705,0.927624
11658,Respondent #185,"Design - The product's design is unintuitive.",Agree,0.404489,0.298424
11659,Respondent #185,Quality - The product was durable.,Agree,0.75098,0.966582
11660,Respondent #185,Quality - The product was free from scratches.,Neutral,0.603897,0.33645
11661,Respondent #185,Quality - The product is deformed.,Strongly Agree,0.304825,0.640602
11662,Respondent #185,Pricing - The product is affordable.,Strongly Disagree,0.731105,0.218059
11663,Respondent #185,Pricing - The product saves me valuable time.,Neutral,0.693556,0.739338
11664,Respondent #185,Pricing - The product saves me valuable effort.,Disagree,0.603285,0.536629
11665,Respondent #186,Design - I easily understood how to use the product.,Strongly Disagree,0.54634,0.346182
11666,Respondent #186,Design - I had no trouble installing the product.,Agree,0.024415,0.154727
11667,Respondent #186,"Design - The product's design is unintuitive.",Disagree,0.913602,0.340913
11668,Respondent #186,Quality - The product was durable.,Agree,0.160232,0.861471
11669,Respondent #186,Quality - The product was free from scratches.,Neutral,0.551363,0.412659
11670,Respondent #186,Quality - The product is deformed.,Strongly Agree,0.184976,0.434432
11671,Respondent #186,Pricing - The product is affordable.,Strongly Disagree,0.918939,0.526428
11672,Respondent #186,Pricing - The product saves me valuable time.,Neutral,0.681666,0.172568
11673,Respondent #186,Pricing - The product saves me valuable effort.,Disagree,0.95678,0.384546
11674,Respondent #187,Design - I easily understood how to use the product.,Agree,0.851604,0.077398
11675,Respondent #187,Design - I had no trouble installing the product.,Agree,0.961963,0.249152
11676,Respondent #187,"Design - The product's design is unintuitive.",Strongly Disagree,0.114347,0.32142
11677,Respondent #187,Quality - The product was durable.,Agree,0.750439,0.245375
11678,Respondent #187,Quality - The product was free from scratches.,Disagree,0.47963,0.24288
11679,Respondent #187,Quality - The product is deformed.,Strongly Agree,0.352644,0.489307
11680,Respondent #187,Pricing - The product is affordable.,Neutral,0.745761,0.938097
11681,Respondent #187,Pricing - The product saves me valuable time.,Neutral,0.469864,0.274946
11682,Respondent #187,Pricing - The product saves me valuable effort.,Strongly Disagree,0.583304,0.178741
11683,Respondent #188,Design - I easily understood how to use the product.,Strongly Disagree,0.306031,0.308761
11684,Respondent #188,Design - I had no trouble installing the product.,Strongly Agree,0.487818,0.702317
11685,Respondent #188,"Design - The product's design is unintuitive.",Strongly Disagree,0.083551,0.980845
11686,Respondent #188,Quality - The product was durable.,Neutral,0.795949,0.514072
11687,Respondent #188,Quality - The product was free from scratches.,Disagree,0.641938,0.983484
11688,Respondent #188,Quality - The product is deformed.,Neutral,0.46931,0.286527
11689,Respondent #188,Pricing - The product is affordable.,Disagree,0.203262,0.525043
11690,Respondent #188,Pricing - The product saves me valuable time.,Agree,0.700863,0.575605
11691,Respondent #188,Pricing - The product saves me valuable effort.,Disagree,0.22546,0.724141
11692,Respondent #189,Design - I easily understood how to use the product.,Strongly Disagree,0.831946,0.155821
11693,Respondent #189,Design - I had no trouble installing the product.,Neutral,0.434622,0.737667
11694,Respondent #189,"Design - The product's design is unintuitive.",Disagree,0.965024,0.227496
11695,Respondent #189,Quality - The product was durable.,Strongly Agree,0.105749,0.783529
11696,Respondent #189,Quality - The product was free from scratches.,Disagree,0.183972,0.533938
11697,Respondent #189,Quality - The product is deformed.,Strongly Disagree,0.358323,0.7944
11698,Respondent #189,Pricing - The product is affordable.,Strongly Disagree,0.019822,0.277856
11699,Respondent #189,Pricing - The product saves me valuable time.,Agree,0.181812,0.418551
11700,Respondent #189,Pricing - The product saves me valuable effort.,Disagree,0.188248,0.316619
11701,Respondent #190,Design - I easily understood how to use the product.,Strongly Disagree,0.001139,0.06338
11702,Respondent #190,Design - I had no trouble installing the product.,Strongly Agree,0.671172,0.678092
11703,Respondent #190,"Design - The product's design is unintuitive.",Disagree,0.884577,0.967719
11704,Respondent #190,Quality - The product was durable.,Agree,0.586818,0.758135
11705,Respondent #190,Quality - The product was free from scratches.,Disagree,0.361982,0.554677
11706,Respondent #190,Quality - The product is deformed.,Agree,0.80772,0.911264
11707,Respondent #190,Pricing - The product is affordable.,Strongly Disagree,0.600541,0.417185
11708,Respondent #190,Pricing - The product saves me valuable time.,Strongly Agree,0.510288,0.806254
11709,Respondent #190,Pricing - The product saves me valuable effort.,Disagree,0.017005,0.722394
11710,Respondent #191,Design - I easily understood how to use the product.,Strongly Disagree,0.877912,0.844027
11711,Respondent #191,Design - I had no trouble installing the product.,Strongly Agree,0.72301,0.385979
11712,Respondent #191,"Design - The product's design is unintuitive.",Agree,0.589982,0.549496
11713,Respondent #191,Quality - The product was durable.,Agree,0.38642,0.514347
11714,Respondent #191,Quality - The product was free from scratches.,Disagree,0.68272,0.700934
11715,Respondent #191,Quality - The product is deformed.,Agree,0.229962,0.305646
11716,Respondent #191,Pricing - The product is affordable.,Agree,0.280592,0.522956
11717,Respondent #191,Pricing - The product saves me valuable time.,Agree,0.657118,0.502932
11718,Respondent #191,Pricing - The product saves me valuable effort.,Disagree,0.939266,0.042423
11719,Respondent #192,Design - I easily understood how to use the product.,Strongly Disagree,0.911785,0.23683
11720,Respondent #192,Design - I had no trouble installing the product.,Strongly Agree,0.117165,0.536923
11721,Respondent #192,"Design - The product's design is unintuitive.",Neutral,0.02926,0.20587
11722,Respondent #192,Quality - The product was durable.,Agree,0.241867,0.982999
11723,Respondent #192,Quality - The product was free from scratches.,Disagree,0.193197,0.405855
11724,Respondent #192,Quality - The product is deformed.,Neutral,0.259621,0.565087
11725,Respondent #192,Pricing - The product is affordable.,Disagree,0.193412,0.81495
11726,Respondent #192,Pricing - The product saves me valuable time.,Agree,0.76205,0.268915
11727,Respondent #192,Pricing - The product saves me valuable effort.,Strongly Disagree,0.614599,0.548317
11728,Respondent #193,Design - I easily understood how to use the product.,Strongly Disagree,0.86058,0.969569
11729,Respondent #193,Design - I had no trouble installing the product.,Neutral,0.095721,0.973833
11730,Respondent #193,"Design - The product's design is unintuitive.",Neutral,0.252605,0.178812
11731,Respondent #193,Quality - The product was durable.,Neutral,0.454618,0.338572
11732,Respondent #193,Quality - The product was free from scratches.,Disagree,0.785911,0.048758
11733,Respondent #193,Quality - The product is deformed.,Agree,0.809838,0.63016
11734,Respondent #193,Pricing - The product is affordable.,Strongly Agree,0.100042,0.643523
11735,Respondent #193,Pricing - The product saves me valuable time.,Agree,0.733142,0.128711
11736,Respondent #193,Pricing - The product saves me valuable effort.,Disagree,0.223056,0.70224
11737,Respondent #194,Design - I easily understood how to use the product.,Strongly Agree,0.151805,0.983208
11738,Respondent #194,Design - I had no trouble installing the product.,Strongly Agree,0.579394,0.756974
11739,Respondent #194,"Design - The product's design is unintuitive.",Neutral,0.496265,0.62223
11740,Respondent #194,Quality - The product was durable.,Agree,0.509205,0.991826
11741,Respondent #194,Quality - The product was free from scratches.,Disagree,0.092672,0.737732
11742,Respondent #194,Quality - The product is deformed.,Agree,0.345707,0.735262
11743,Respondent #194,Pricing - The product is affordable.,Agree,0.308236,0.476134
11744,Respondent #194,Pricing - The product saves me valuable time.,Neutral,0.127829,0.744942
11745,Respondent #194,Pricing - The product saves me valuable effort.,Disagree,0.108345,0.585645
11746,Respondent #195,Design - I easily understood how to use the product.,Strongly Disagree,0.166339,0.238556
11747,Respondent #195,Design - I had no trouble installing the product.,Neutral,0.621576,0.150676
11748,Respondent #195,"Design - The product's design is unintuitive.",Agree,0.169608,0.613003
11749,Respondent #195,Quality - The product was durable.,Agree,0.354323,0.924025
11750,Respondent #195,Quality - The product was free from scratches.,Disagree,0.231134,0.554702
11751,Respondent #195,Quality - The product is deformed.,Disagree,0.931106,0.54624
11752,Respondent #195,Pricing - The product is affordable.,Strongly Agree,0.595926,0.210242
11753,Respondent #195,Pricing - The product saves me valuable time.,Agree,0.674466,0.193121
11754,Respondent #195,Pricing - The product saves me valuable effort.,Disagree,0.174377,0.910632
11755,Respondent #196,Design - I easily understood how to use the product.,Agree,0.036913,0.086783
11756,Respondent #196,Design - I had no trouble installing the product.,Agree,0.042707,0.617398
11757,Respondent #196,"Design - The product's design is unintuitive.",Agree,0.93993,0.55093
11758,Respondent #196,Quality - The product was durable.,Strongly Agree,0.811176,0.836
11759,Respondent #196,Quality - The product was free from scratches.,Disagree,0.593914,0.131557
11760,Respondent #196,Quality - The product is deformed.,Agree,0.210661,0.009187
11761,Respondent #196,Pricing - The product is affordable.,Strongly Disagree,0.60983,0.554568
11762,Respondent #196,Pricing - The product saves me valuable time.,Agree,0.567596,0.102669
11763,Respondent #196,Pricing - The product saves me valuable effort.,Neutral,0.46047,0.294661
11764,Respondent #197,Design - I easily understood how to use the product.,Strongly Disagree,0.529061,0.996462
11765,Respondent #197,Design - I had no trouble installing the product.,Strongly Agree,0.352385,0.747937
11766,Respondent #197,"Design - The product's design is unintuitive.",Agree,0.35053,0.988849
11767,Respondent #197,Quality - The product was durable.,Strongly Agree,0.967312,0.133967
11768,Respondent #197,Quality - The product was free from scratches.,Disagree,0.908773,0.153913
11769,Respondent #197,Quality - The product is deformed.,Neutral,0.204939,0.543824
11770,Respondent #197,Pricing - The product is affordable.,Neutral,0.006819,0.427072
11771,Respondent #197,Pricing - The product saves me valuable time.,Agree,0.366343,0.382417
11772,Respondent #197,Pricing - The product saves me valuable effort.,Disagree,0.050435,0.394353
11773,Respondent #198,Design - I easily understood how to use the product.,Strongly Disagree,0.222654,0.933065
11774,Respondent #198,Design - I had no trouble installing the product.,Disagree,0.355736,0.190155
11775,Respondent #198,"Design - The product's design is unintuitive.",Neutral,0.5425,0.482119
11776,Respondent #198,Quality - The product was durable.,Agree,0.987463,0.332642
11777,Respondent #198,Quality - The product was free from scratches.,Disagree,0.344639,0.462854
11778,Respondent #198,Quality - The product is deformed.,Strongly Disagree,0.720518,0.419652
11779,Respondent #198,Pricing - The product is affordable.,Neutral,0.222568,0.386676
11780,Respondent #198,Pricing - The product saves me valuable time.,Neutral,0.190501,0.337755
11781,Respondent #198,Pricing - The product saves me valuable effort.,Disagree,0.47152,0.653141
11782,Respondent #199,Design - I easily understood how to use the product.,Strongly Disagree,0.501446,0.365215
11783,Respondent #199,Design - I had no trouble installing the product.,Neutral,0.277917,0.460472
11784,Respondent #199,"Design - The product's design is unintuitive.",Strongly Disagree,0.234918,0.888061
11785,Respondent #199,Quality - The product was durable.,Strongly Agree,0.275985,0.685757
11786,Respondent #199,Quality - The product was free from scratches.,Disagree,0.289222,0.188371
11787,Respondent #199,Quality - The product is deformed.,Neutral,0.557667,0.168536
11788,Respondent #199,Pricing - The product is affordable.,Strongly Disagree,0.780238,0.146076
11789,Respondent #199,Pricing - The product saves me valuable time.,Neutral,0.858171,0.100427
11790,Respondent #199,Pricing - The product saves me valuable effort.,Strongly Disagree,0.591459,0.540856
11791,Respondent #200,Design - I easily understood how to use the product.,Agree,0.030707,0.261987
11792,Respondent #200,Design - I had no trouble installing the product.,Strongly Agree,0.00004,0.17713
11793,Respondent #200,"Design - The product's design is unintuitive.",Neutral,0.113821,0.187892
11794,Respondent #200,Quality - The product was durable.,Agree,0.590189,0.617373
11795,Respondent #200,Quality - The product was free from scratches.,Disagree,0.374394,0.743485
11796,Respondent #200,Quality - The product is deformed.,Strongly Agree,0.892309,0.626216
11797,Respondent #200,Pricing - The product is affordable.,Agree,0.086778,0.064123
11798,Respondent #200,Pricing - The product saves me valuable time.,Agree,0.09103,0.72105
11799,Respondent #200,Pricing - The product saves me valuable effort.,Disagree,0.32843,0.428037
11800,Respondent #201,Design - I easily understood how to use the product.,Strongly Disagree,0.880346,0.026688
11801,Respondent #201,Design - I had no trouble installing the product.,Agree,0.463806,0.103012
11802,Respondent #201,"Design - The product's design is unintuitive.",Neutral,0.110187,0.610725
11803,Respondent #201,Quality - The product was durable.,Agree,0.857948,0.937338
11804,Respondent #201,Quality - The product was free from scratches.,Neutral,0.344166,0.272938
11805,Respondent #201,Quality - The product is deformed.,Disagree,0.958737,0.590763
11806,Respondent #201,Pricing - The product is affordable.,Strongly Disagree,0.98869,0.422974
11807,Respondent #201,Pricing - The product saves me valuable time.,Neutral,0.626723,0.109695
11808,Respondent #201,Pricing - The product saves me valuable effort.,Disagree,0.72518,0.596534
11809,Respondent #202,Design - I easily understood how to use the product.,Strongly Disagree,0.179323,0.789821
11810,Respondent #202,Design - I had no trouble installing the product.,Strongly Agree,0.398635,0.256942
11811,Respondent #202,"Design - The product's design is unintuitive.",Neutral,0.452128,0.628599
11812,Respondent #202,Quality - The product was durable.,Strongly Agree,0.022768,0.523855
11813,Respondent #202,Quality - The product was free from scratches.,Disagree,0.964684,0.466267
11814,Respondent #202,Quality - The product is deformed.,Neutral,0.700323,0.177368
11815,Respondent #202,Pricing - The product is affordable.,Strongly Agree,0.626941,0.568483
11816,Respondent #202,Pricing - The product saves me valuable time.,Neutral,0.201647,0.727061
11817,Respondent #202,Pricing - The product saves me valuable effort.,Disagree,0.612345,0.50999
11818,Respondent #203,Design - I easily understood how to use the product.,Agree,0.583743,0.804224
11819,Respondent #203,Design - I had no trouble installing the product.,Strongly Agree,0.444274,0.007274
11820,Respondent #203,"Design - The product's design is unintuitive.",Disagree,0.417688,0.646549
11821,Respondent #203,Quality - The product was durable.,Strongly Agree,0.061939,0.550007
11822,Respondent #203,Quality - The product was free from scratches.,Neutral,0.927527,0.189186
11823,Respondent #203,Quality - The product is deformed.,Neutral,0.146696,0.697351
11824,Respondent #203,Pricing - The product is affordable.,Strongly Disagree,0.416064,0.948038
11825,Respondent #203,Pricing - The product saves me valuable time.,Neutral,0.289086,0.019306
11826,Respondent #203,Pricing - The product saves me valuable effort.,Disagree,0.084252,0.401324
11827,Respondent #204,Design - I easily understood how to use the product.,Strongly Disagree,0.74426,0.751258
11828,Respondent #204,Design - I had no trouble installing the product.,Agree,0.022582,0.662021
11829,Respondent #204,"Design - The product's design is unintuitive.",Neutral,0.476501,0.98811
11830,Respondent #204,Quality - The product was durable.,Strongly Agree,0.846383,0.221456
11831,Respondent #204,Quality - The product was free from scratches.,Disagree,0.397304,0.209552
11832,Respondent #204,Quality - The product is deformed.,Strongly Agree,0.988244,0.532235
11833,Respondent #204,Pricing - The product is affordable.,Strongly Disagree,0.380942,0.616991
11834,Respondent #204,Pricing - The product saves me valuable time.,Neutral,0.928383,0.344871
11835,Respondent #204,Pricing - The product saves me valuable effort.,Disagree,0.03802,0.56012
11836,Respondent #205,Design - I easily understood how to use the product.,Strongly Disagree,0.404664,0.770365
11837,Respondent #205,Design - I had no trouble installing the product.,Strongly Agree,0.517119,0.982611
11838,Respondent #205,"Design - The product's design is unintuitive.",Disagree,0.23054,0.599142
11839,Respondent #205,Quality - The product was durable.,Neutral,0.064015,0.78421
11840,Respondent #205,Quality - The product was free from scratches.,Disagree,0.223207,0.405117
11841,Respondent #205,Quality - The product is deformed.,Agree,0.58886,0.374028
11842,Respondent #205,Pricing - The product is affordable.,Strongly Disagree,0.836088,0.464375
11843,Respondent #205,Pricing - The product saves me valuable time.,Neutral,0.527867,0.096129
11844,Respondent #205,Pricing - The product saves me valuable effort.,Strongly Disagree,0.361872,0.969563
11845,Respondent #206,Design - I easily understood how to use the product.,Strongly Disagree,0.539078,0.062821
11846,Respondent #206,Design - I had no trouble installing the product.,Disagree,0.183875,0.978021
11847,Respondent #206,"Design - The product's design is unintuitive.",Neutral,0.746699,0.297148
11848,Respondent #206,Quality - The product was durable.,Agree,0.474247,0.624972
11849,Respondent #206,Quality - The product was free from scratches.,Disagree,0.979159,0.655072
11850,Respondent #206,Quality - The product is deformed.,Neutral,0.864217,0.960312
11851,Respondent #206,Pricing - The product is affordable.,Strongly Disagree,0.180283,0.168294
11852,Respondent #206,Pricing - The product saves me valuable time.,Neutral,0.105368,0.212603
11853,Respondent #206,Pricing - The product saves me valuable effort.,Disagree,0.573279,0.813263
11854,Respondent #207,Design - I easily understood how to use the product.,Neutral,0.475699,0.714453
11855,Respondent #207,Design - I had no trouble installing the product.,Neutral,0.202478,0.614377
11856,Respondent #207,"Design - The product's design is unintuitive.",Strongly Agree,0.58594,0.733934
11857,Respondent #207,Quality - The product was durable.,Strongly Agree,0.377426,0.647569
11858,Respondent #207,Quality - The product was free from scratches.,Disagree,0.932939,0.094515
11859,Respondent #207,Quality - The product is deformed.,Agree,0.321186,0.729868
11860,Respondent #207,Pricing - The product is affordable.,Neutral,0.597641,0.622212
11861,Respondent #207,Pricing - The product saves me valuable time.,Neutral,0.885861,0.762154
11862,Respondent #207,Pricing - The product saves me valuable effort.,Strongly Disagree,0.100022,0.197457
11863,Respondent #208,Design - I easily understood how to use the product.,Strongly Disagree,0.729947,0.127657
11864,Respondent #208,Design - I had no trouble installing the product.,Neutral,0.357281,0.67614
11865,Respondent #208,"Design - The product's design is unintuitive.",Disagree,0.950586,0.447956
11866,Respondent #208,Quality - The product was durable.,Agree,0.036114,0.087449
11867,Respondent #208,Quality - The product was free from scratches.,Disagree,0.137896,0.378728
11868,Respondent #208,Quality - The product is deformed.,Strongly Agree,0.654785,0.753558
11869,Respondent #208,Pricing - The product is affordable.,Strongly Disagree,0.228331,0.777769
11870,Respondent #208,Pricing - The product saves me valuable time.,Agree,0.140854,0.036157
11871,Respondent #208,Pricing - The product saves me valuable effort.,Neutral,0.708183,0.259062
11872,Respondent #209,Design - I easily understood how to use the product.,Strongly Disagree,0.812221,0.804368
11873,Respondent #209,Design - I had no trouble installing the product.,Agree,0.386554,0.206894
11874,Respondent #209,"Design - The product's design is unintuitive.",Neutral,0.330599,0.927952
11875,Respondent #209,Quality - The product was durable.,Disagree,0.616936,0.694499
11876,Respondent #209,Quality - The product was free from scratches.,Neutral,0.288991,0.406668
11877,Respondent #209,Quality - The product is deformed.,Agree,0.191756,0.591042
11878,Respondent #209,Pricing - The product is affordable.,Strongly Disagree,0.008428,0.094408
11879,Respondent #209,Pricing - The product saves me valuable time.,Agree,0.453661,0.252975
11880,Respondent #209,Pricing - The product saves me valuable effort.,Disagree,0.815258,0.659207
11881,Respondent #210,Design - I easily understood how to use the product.,Strongly Disagree,0.954808,0.566135
11882,Respondent #210,Design - I had no trouble installing the product.,Strongly Agree,0.405913,0.866704
11883,Respondent #210,"Design - The product's design is unintuitive.",Neutral,0.857231,0.951694
11884,Respondent #210,Quality - The product was durable.,Strongly Agree,0.719466,0.481549
11885,Respondent #210,Quality - The product was free from scratches.,Neutral,0.138232,0.909777
11886,Respondent #210,Quality - The product is deformed.,Agree,0.290199,0.984364
11887,Respondent #210,Pricing - The product is affordable.,Neutral,0.104331,0.419798
11888,Respondent #210,Pricing - The product saves me valuable time.,Neutral,0.954452,0.514553
11889,Respondent #210,Pricing - The product saves me valuable effort.,Disagree,0.420178,0.380669
11890,Respondent #211,Design - I easily understood how to use the product.,Strongly Disagree,0.373783,0.542173
11891,Respondent #211,Design - I had no trouble installing the product.,Agree,0.807809,0.327032
11892,Respondent #211,"Design - The product's design is unintuitive.",Neutral,0.378153,0.659513
11893,Respondent #211,Quality - The product was durable.,Strongly Agree,0.177195,0.41422
11894,Respondent #211,Quality - The product was free from scratches.,Disagree,0.782325,0.149038
11895,Respondent #211,Quality - The product is deformed.,Neutral,0.964502,0.730546
11896,Respondent #211,Pricing - The product is affordable.,Agree,0.337135,0.635102
11897,Respondent #211,Pricing - The product saves me valuable time.,Neutral,0.702664,0.534268
11898,Respondent #211,Pricing - The product saves me valuable effort.,Strongly Disagree,0.477409,0.371296
11899,Respondent #212,Design - I easily understood how to use the product.,Strongly Disagree,0.54467,0.063809
11900,Respondent #212,Design - I had no trouble installing the product.,Strongly Agree,0.891681,0.355607
11901,Respondent #212,"Design - The product's design is unintuitive.",Agree,0.981553,0.638821
11902,Respondent #212,Quality - The product was durable.,Agree,0.50053,0.977418
11903,Respondent #212,Quality - The product was free from scratches.,Disagree,0.296168,0.994019
11904,Respondent #212,Quality - The product is deformed.,Agree,0.199099,0.847408
11905,Respondent #212,Pricing - The product is affordable.,Strongly Disagree,0.095762,0.903126
11906,Respondent #212,Pricing - The product saves me valuable time.,Agree,0.516309,0.01584
11907,Respondent #212,Pricing - The product saves me valuable effort.,Strongly Disagree,0.310531,0.260775
11908,Respondent #213,Design - I easily understood how to use the product.,Agree,0.881807,0.156415
11909,Respondent #213,Design - I had no trouble installing the product.,Agree,0.651484,0.92005
11910,Respondent #213,"Design - The product's design is unintuitive.",Strongly Disagree,0.705444,0.802496
11911,Respondent #213,Quality - The product was durable.,Neutral,0.319461,0.638011
11912,Respondent #213,Quality - The product was free from scratches.,Strongly Disagree,0.350695,0.758174
11913,Respondent #213,Quality - The product is deformed.,Neutral,0.036787,0.809657
11914,Respondent #213,Pricing - The product is affordable.,Strongly Disagree,0.373162,0.896961
11915,Respondent #213,Pricing - The product saves me valuable time.,Agree,0.808156,0.004484
11916,Respondent #213,Pricing - The product saves me valuable effort.,Strongly Disagree,0.864588,0.511281
11917,Respondent #214,Design - I easily understood how to use the product.,Strongly Disagree,0.471178,0.512235
11918,Respondent #214,Design - I had no trouble installing the product.,Agree,0.848387,0.428731
11919,Respondent #214,"Design - The product's design is unintuitive.",Neutral,0.961389,0.65684
11920,Respondent #214,Quality - The product was durable.,Strongly Agree,0.535034,0.588592
11921,Respondent #214,Quality - The product was free from scratches.,Disagree,0.371975,0.976694
11922,Respondent #214,Quality - The product is deformed.,Strongly Agree,0.460149,0.333063
11923,Respondent #214,Pricing - The product is affordable.,Strongly Disagree,0.23677,0.591184
11924,Respondent #214,Pricing - The product saves me valuable time.,Agree,0.082269,0.60217
11925,Respondent #214,Pricing - The product saves me valuable effort.,Strongly Disagree,0.543732,0.197745
11926,Respondent #215,Design - I easily understood how to use the product.,Strongly Disagree,0.964885,0.863639
11927,Respondent #215,Design - I had no trouble installing the product.,Agree,0.685614,0.865282
11928,Respondent #215,"Design - The product's design is unintuitive.",Strongly Disagree,0.560642,0.865353
11929,Respondent #215,Quality - The product was durable.,Agree,0.329278,0.759632
11930,Respondent #215,Quality - The product was free from scratches.,Neutral,0.576911,0.099046
11931,Respondent #215,Quality - The product is deformed.,Neutral,0.838042,0.845287
11932,Respondent #215,Pricing - The product is affordable.,Strongly Disagree,0.403529,0.459768
11933,Respondent #215,Pricing - The product saves me valuable time.,Neutral,0.8721,0.000779
11934,Respondent #215,Pricing - The product saves me valuable effort.,Disagree,0.313136,0.391702
11935,Respondent #216,Design - I easily understood how to use the product.,Strongly Disagree,0.408608,0.009988
11936,Respondent #216,Design - I had no trouble installing the product.,Agree,0.832495,0.784046
11937,Respondent #216,"Design - The product's design is unintuitive.",Neutral,0.494459,0.322467
11938,Respondent #216,Quality - The product was durable.,Strongly Agree,0.502616,0.888728
11939,Respondent #216,Quality - The product was free from scratches.,Neutral,0.97421,0.648524
11940,Respondent #216,Quality - The product is deformed.,Strongly Agree,0.141451,0.463484
11941,Respondent #216,Pricing - The product is affordable.,Strongly Disagree,0.622678,0.101378
11942,Respondent #216,Pricing - The product saves me valuable time.,Neutral,0.409016,0.065419
11943,Respondent #216,Pricing - The product saves me valuable effort.,Neutral,0.642867,0.421451
11944,Respondent #217,Design - I easily understood how to use the product.,Strongly Disagree,0.057949,0.410711
11945,Respondent #217,Design - I had no trouble installing the product.,Agree,0.500858,0.211488
11946,Respondent #217,"Design - The product's design is unintuitive.",Neutral,0.523386,0.811107
11947,Respondent #217,Quality - The product was durable.,Agree,0.629418,0.39559
11948,Respondent #217,Quality - The product was free from scratches.,Disagree,0.842517,0.192558
11949,Respondent #217,Quality - The product is deformed.,Strongly Agree,0.384969,0.932425
11950,Respondent #217,Pricing - The product is affordable.,Strongly Disagree,0.514173,0.809456
11951,Respondent #217,Pricing - The product saves me valuable time.,Strongly Agree,0.328288,0.220096
11952,Respondent #217,Pricing - The product saves me valuable effort.,Strongly Disagree,0.969518,0.408712
11953,Respondent #218,Design - I easily understood how to use the product.,Disagree,0.776873,0.418864
11954,Respondent #218,Design - I had no trouble installing the product.,Strongly Agree,0.235136,0.375947
11955,Respondent #218,"Design - The product's design is unintuitive.",Disagree,0.795038,0.180524
11956,Respondent #218,Quality - The product was durable.,Agree,0.65511,0.237254
11957,Respondent #218,Quality - The product was free from scratches.,Disagree,0.126934,0.976785
11958,Respondent #218,Quality - The product is deformed.,Neutral,0.749388,0.034015
11959,Respondent #218,Pricing - The product is affordable.,Strongly Disagree,0.962084,0.882889
11960,Respondent #218,Pricing - The product saves me valuable time.,Neutral,0.969501,0.998169
11961,Respondent #218,Pricing - The product saves me valuable effort.,Disagree,0.672174,0.363867
11962,Respondent #219,Design - I easily understood how to use the product.,Strongly Disagree,0.911517,0.40919
11963,Respondent #219,Design - I had no trouble installing the product.,Disagree,0.909161,0.914465
11964,Respondent #219,"Design - The product's design is unintuitive.",Disagree,0.39825,0.590736
11965,Respondent #219,Quality - The product was durable.,Strongly Agree,0.634727,0.593735
11966,Respondent #219,Quality - The product was free from scratches.,Disagree,0.92287,0.751721
11967,Respondent #219,Quality - The product is deformed.,Agree,0.799976,0.8357
11968,Respondent #219,Pricing - The product is affordable.,Disagree,0.013256,0.410143
11969,Respondent #219,Pricing - The product saves me valuable time.,Agree,0.900461,0.760514
11970,Respondent #219,Pricing - The product saves me valuable effort.,Disagree,0.627634,0.688815
11971,Respondent #220,Design - I easily understood how to use the product.,Strongly Disagree,0.146479,0.484279
11972,Respondent #220,Design - I had no trouble installing the product.,Agree,0.859416,0.845618
11973,Respondent #220,"Design - The product's design is unintuitive.",Neutral,0.027489,0.42687
11974,Respondent #220,Quality - The product was durable.,Agree,0.525584,0.173731
11975,Respondent #220,Quality - The product was free from scratches.,Disagree,0.809243,0.354758
11976,Respondent #220,Quality - The product is deformed.,Disagree,0.018236,0.373572
11977,Respondent #220,Pricing - The product is affordable.,Strongly Disagree,0.929962,0.761253
11978,Respondent #220,Pricing - The product saves me valuable time.,Agree,0.402247,0.651843
11979,Respondent #220,Pricing - The product saves me valuable effort.,Strongly Disagree,0.863554,0.254563
11980,Respondent #221,Design - I easily understood how to use the product.,Strongly Disagree,0.475542,0.380007
11981,Respondent #221,Design - I had no trouble installing the product.,Strongly Agree,0.837774,0.540534
11982,Respondent #221,"Design - The product's design is unintuitive.",Neutral,0.218571,0.159832
11983,Respondent #221,Quality - The product was durable.,Neutral,0.944266,0.905266
11984,Respondent #221,Quality - The product was free from scratches.,Strongly Disagree,0.753428,0.753765
11985,Respondent #221,Quality - The product is deformed.,Neutral,0.811384,0.040064
11986,Respondent #221,Pricing - The product is affordable.,Strongly Disagree,0.907277,0.003663
11987,Respondent #221,Pricing - The product saves me valuable time.,Neutral,0.82581,0.781445
11988,Respondent #221,Pricing - The product saves me valuable effort.,Strongly Disagree,0.693125,0.527912
11989,Respondent #222,Design - I easily understood how to use the product.,Strongly Disagree,0.124842,0.031754
11990,Respondent #222,Design - I had no trouble installing the product.,Agree,0.757386,0.462546
11991,Respondent #222,"Design - The product's design is unintuitive.",Agree,0.625078,0.665752
11992,Respondent #222,Quality - The product was durable.,Agree,0.10878,0.306249
11993,Respondent #222,Quality - The product was free from scratches.,Neutral,0.113782,0.486359
11994,Respondent #222,Quality - The product is deformed.,Agree,0.294562,0.922869
11995,Respondent #222,Pricing - The product is affordable.,Strongly Agree,0.758339,0.112306
11996,Respondent #222,Pricing - The product saves me valuable time.,Neutral,0.124145,0.042163
11997,Respondent #222,Pricing - The product saves me valuable effort.,Neutral,0.182533,0.615917
11998,Respondent #223,Design - I easily understood how to use the product.,Strongly Disagree,0.284593,0.296134
11999,Respondent #223,Design - I had no trouble installing the product.,Strongly Agree,0.11061,0.727369
12000,Respondent #223,"Design - The product's design is unintuitive.",Strongly Disagree,0.261727,0.532265
12001,Respondent #223,Quality - The product was durable.,Strongly Agree,0.586136,0.581481
12002,Respondent #223,Quality - The product was free from scratches.,Disagree,0.554983,0.820149
12003,Respondent #223,Quality - The product is deformed.,Strongly Agree,0.195811,0.07385
12004,Respondent #223,Pricing - The product is affordable.,Strongly Disagree,0.018189,0.662403
12005,Respondent #223,Pricing - The product saves me valuable time.,Agree,0.587856,0.265616
12006,Respondent #223,Pricing - The product saves me valuable effort.,Disagree,0.303378,0.667208
12007,Respondent #224,Design - I easily understood how to use the product.,Strongly Disagree,0.047406,0.863885
12008,Respondent #224,Design - I had no trouble installing the product.,Neutral,0.940213,0.516307
12009,Respondent #224,"Design - The product's design is unintuitive.",Disagree,0.208789,0.55159
12010,Respondent #224,Quality - The product was durable.,Agree,0.237109,0.388463
12011,Respondent #224,Quality - The product was free from scratches.,Disagree,0.684958,0.221197
12012,Respondent #224,Quality - The product is deformed.,Neutral,0.375266,0.872457
12013,Respondent #224,Pricing - The product is affordable.,Strongly Agree,0.582523,0.074755
12014,Respondent #224,Pricing - The product saves me valuable time.,Agree,0.70027,0.069393
12015,Respondent #224,Pricing - The product saves me valuable effort.,Disagree,0.332745,0.092238
12016,Respondent #225,Design - I easily understood how to use the product.,Strongly Disagree,0.870486,0.893483
12017,Respondent #225,Design - I had no trouble installing the product.,Agree,0.07406,0.557525
12018,Respondent #225,"Design - The product's design is unintuitive.",Agree,0.599777,0.66878
12019,Respondent #225,Quality - The product was durable.,Agree,0.264962,0.201288
12020,Respondent #225,Quality - The product was free from scratches.,Disagree,0.712736,0.504613
12021,Respondent #225,Quality - The product is deformed.,Agree,0.127085,0.222087
12022,Respondent #225,Pricing - The product is affordable.,Agree,0.608093,0.143482
12023,Respondent #225,Pricing - The product saves me valuable time.,Agree,0.650929,0.466176
12024,Respondent #225,Pricing - The product saves me valuable effort.,Strongly Disagree,0.498488,0.045416
12025,Respondent #226,Design - I easily understood how to use the product.,Strongly Disagree,0.46072,0.64937
12026,Respondent #226,Design - I had no trouble installing the product.,Strongly Agree,0.078265,0.53355
12027,Respondent #226,"Design - The product's design is unintuitive.",Strongly Disagree,0.730673,0.666343
12028,Respondent #226,Quality - The product was durable.,Neutral,0.146426,0.77148
12029,Respondent #226,Quality - The product was free from scratches.,Neutral,0.705705,0.849719
12030,Respondent #226,Quality - The product is deformed.,Agree,0.429695,0.260716
12031,Respondent #226,Pricing - The product is affordable.,Strongly Disagree,0.579995,0.155492
12032,Respondent #226,Pricing - The product saves me valuable time.,Agree,0.468652,0.651432
12033,Respondent #226,Pricing - The product saves me valuable effort.,Strongly Disagree,0.746504,0.465083
12034,Respondent #227,Design - I easily understood how to use the product.,Strongly Disagree,0.45824,0.575345
12035,Respondent #227,Design - I had no trouble installing the product.,Agree,0.202217,0.314497
12036,Respondent #227,"Design - The product's design is unintuitive.",Neutral,0.272217,0.618921
12037,Respondent #227,Quality - The product was durable.,Agree,0.890339,0.708066
12038,Respondent #227,Quality - The product was free from scratches.,Disagree,0.167977,0.301165
12039,Respondent #227,Quality - The product is deformed.,Disagree,0.094393,0.258259
12040,Respondent #227,Pricing - The product is affordable.,Strongly Disagree,0.83187,0.798724
12041,Respondent #227,Pricing - The product saves me valuable time.,Agree,0.069815,0.427586
12042,Respondent #227,Pricing - The product saves me valuable effort.,Disagree,0.059055,0.530237
12043,Respondent #228,Design - I easily understood how to use the product.,Disagree,0.439908,0.936544
12044,Respondent #228,Design - I had no trouble installing the product.,Agree,0.746099,0.107452
12045,Respondent #228,"Design - The product's design is unintuitive.",Neutral,0.267466,0.494212
12046,Respondent #228,Quality - The product was durable.,Strongly Agree,0.714091,0.563985
12047,Respondent #228,Quality - The product was free from scratches.,Neutral,0.059115,0.593432
12048,Respondent #228,Quality - The product is deformed.,Agree,0.089378,0.789584
12049,Respondent #228,Pricing - The product is affordable.,Strongly Disagree,0.117227,0.898219
12050,Respondent #228,Pricing - The product saves me valuable time.,Strongly Agree,0.112797,0.317456
12051,Respondent #228,Pricing - The product saves me valuable effort.,Disagree,0.651571,0.122894
12052,Respondent #229,Design - I easily understood how to use the product.,Agree,0.674626,0.064278
12053,Respondent #229,Design - I had no trouble installing the product.,Agree,0.547575,0.124094
12054,Respondent #229,"Design - The product's design is unintuitive.",Strongly Disagree,0.59768,0.15719
12055,Respondent #229,Quality - The product was durable.,Neutral,0.43925,0.817893
12056,Respondent #229,Quality - The product was free from scratches.,Disagree,0.609011,0.775575
12057,Respondent #229,Quality - The product is deformed.,Agree,0.235479,0.076362
12058,Respondent #229,Pricing - The product is affordable.,Strongly Agree,0.564829,0.357357
12059,Respondent #229,Pricing - The product saves me valuable time.,Agree,0.298654,0.184799
12060,Respondent #229,Pricing - The product saves me valuable effort.,Disagree,0.102276,0.843979
12061,Respondent #230,Design - I easily understood how to use the product.,Agree,0.469168,0.137436
12062,Respondent #230,Design - I had no trouble installing the product.,Strongly Agree,0.717612,0.318606
12063,Respondent #230,"Design - The product's design is unintuitive.",Strongly Disagree,0.227829,0.929961
12064,Respondent #230,Quality - The product was durable.,Agree,0.170201,0.648019
12065,Respondent #230,Quality - The product was free from scratches.,Neutral,0.768531,0.095541
12066,Respondent #230,Quality - The product is deformed.,Agree,0.352834,0.330088
12067,Respondent #230,Pricing - The product is affordable.,Strongly Disagree,0.098829,0.594733
12068,Respondent #230,Pricing - The product saves me valuable time.,Neutral,0.049135,0.443043
12069,Respondent #230,Pricing - The product saves me valuable effort.,Strongly Disagree,0.912629,0.432865
12070,Respondent #231,Design - I easily understood how to use the product.,Strongly Disagree,0.520403,0.31403
12071,Respondent #231,Design - I had no trouble installing the product.,Strongly Agree,0.876172,0.322372
12072,Respondent #231,"Design - The product's design is unintuitive.",Agree,0.31012,0.184524
12073,Respondent #231,Quality - The product was durable.,Strongly Agree,0.822836,0.247121
12074,Respondent #231,Quality - The product was free from scratches.,Disagree,0.167363,0.061572
12075,Respondent #231,Quality - The product is deformed.,Neutral,0.777052,0.794413
12076,Respondent #231,Pricing - The product is affordable.,Strongly Disagree,0.319916,0.454617
12077,Respondent #231,Pricing - The product saves me valuable time.,Strongly Agree,0.710056,0.265864
12078,Respondent #231,Pricing - The product saves me valuable effort.,Neutral,0.040422,0.098712
12079,Respondent #232,Design - I easily understood how to use the product.,Strongly Disagree,0.89861,0.97032
12080,Respondent #232,Design - I had no trouble installing the product.,Agree,0.836662,0.499018
12081,Respondent #232,"Design - The product's design is unintuitive.",Disagree,0.099188,0.974074
12082,Respondent #232,Quality - The product was durable.,Strongly Agree,0.008489,0.263425
12083,Respondent #232,Quality - The product was free from scratches.,Disagree,0.200356,0.783184
12084,Respondent #232,Quality - The product is deformed.,Neutral,0.623791,0.877432
12085,Respondent #232,Pricing - The product is affordable.,Strongly Agree,0.315401,0.609434
12086,Respondent #232,Pricing - The product saves me valuable time.,Agree,0.526368,0.975099
12087,Respondent #232,Pricing - The product saves me valuable effort.,Strongly Disagree,0.357113,0.554511
12088,Respondent #233,Design - I easily understood how to use the product.,Strongly Disagree,0.864976,0.412149
12089,Respondent #233,Design - I had no trouble installing the product.,Neutral,0.30187,0.983431
12090,Respondent #233,"Design - The product's design is unintuitive.",Disagree,0.678946,0.107393
12091,Respondent #233,Quality - The product was durable.,Agree,0.471312,0.372683
12092,Respondent #233,Quality - The product was free from scratches.,Disagree,0.527271,0.371016
12093,Respondent #233,Quality - The product is deformed.,Strongly Agree,0.339325,0.758151
12094,Respondent #233,Pricing - The product is affordable.,Disagree,0.711826,0.576275
12095,Respondent #233,Pricing - The product saves me valuable time.,Agree,0.726009,0.474605
12096,Respondent #233,Pricing - The product saves me valuable effort.,Strongly Disagree,0.2134,0.176807
12097,Respondent #234,Design - I easily understood how to use the product.,Strongly Disagree,0.59983,0.729691
12098,Respondent #234,Design - I had no trouble installing the product.,Neutral,0.849102,0.578693
12099,Respondent #234,"Design - The product's design is unintuitive.",Disagree,0.085236,0.282245
12100,Respondent #234,Quality - The product was durable.,Neutral,0.039362,0.88462
12101,Respondent #234,Quality - The product was free from scratches.,Disagree,0.673247,0.082149
12102,Respondent #234,Quality - The product is deformed.,Strongly Agree,0.100943,0.447974
12103,Respondent #234,Pricing - The product is affordable.,Strongly Disagree,0.966086,0.289478
12104,Respondent #234,Pricing - The product saves me valuable time.,Neutral,0.674809,0.473124
12105,Respondent #234,Pricing - The product saves me valuable effort.,Strongly Disagree,0.520053,0.937672
12106,Respondent #235,Design - I easily understood how to use the product.,Strongly Disagree,0.946763,0.874095
12107,Respondent #235,Design - I had no trouble installing the product.,Agree,0.119793,0.853081
12108,Respondent #235,"Design - The product's design is unintuitive.",Strongly Disagree,0.191281,0.068804
12109,Respondent #235,Quality - The product was durable.,Neutral,0.995542,0.581537
12110,Respondent #235,Quality - The product was free from scratches.,Disagree,0.964106,0.420405
12111,Respondent #235,Quality - The product is deformed.,Disagree,0.175614,0.734117
12112,Respondent #235,Pricing - The product is affordable.,Neutral,0.327697,0.888015
12113,Respondent #235,Pricing - The product saves me valuable time.,Agree,0.233958,0.082584
12114,Respondent #235,Pricing - The product saves me valuable effort.,Strongly Disagree,0.505593,0.358731
12115,Respondent #236,Design - I easily understood how to use the product.,Strongly Disagree,0.101916,0.930853
12116,Respondent #236,Design - I had no trouble installing the product.,Agree,0.125311,0.359518
12117,Respondent #236,"Design - The product's design is unintuitive.",Agree,0.276875,0.048426
12118,Respondent #236,Quality - The product was durable.,Agree,0.027161,0.160774
12119,Respondent #236,Quality - The product was free from scratches.,Neutral,0.754022,0.090951
12120,Respondent #236,Quality - The product is deformed.,Agree,0.355041,0.002408
12121,Respondent #236,Pricing - The product is affordable.,Neutral,0.297778,0.808793
12122,Respondent #236,Pricing - The product saves me valuable time.,Neutral,0.709814,0.92688
12123,Respondent #236,Pricing - The product saves me valuable effort.,Neutral,0.641374,0.925347
12124,Respondent #237,Design - I easily understood how to use the product.,Strongly Agree,0.725493,0.564309
12125,Respondent #237,Design - I had no trouble installing the product.,Agree,0.636646,0.917379
12126,Respondent #237,"Design - The product's design is unintuitive.",Neutral,0.058983,0.076608
12127,Respondent #237,Quality - The product was durable.,Agree,0.039896,0.890784
12128,Respondent #237,Quality - The product was free from scratches.,Neutral,0.768136,0.450094
12129,Respondent #237,Quality - The product is deformed.,Strongly Agree,0.318279,0.208242
12130,Respondent #237,Pricing - The product is affordable.,Strongly Disagree,0.959158,0.266811
12131,Respondent #237,Pricing - The product saves me valuable time.,Agree,0.208662,0.165486
12132,Respondent #237,Pricing - The product saves me valuable effort.,Neutral,0.804572,0.816256
12133,Respondent #238,Design - I easily understood how to use the product.,Strongly Disagree,0.596853,0.509277
12134,Respondent #238,Design - I had no trouble installing the product.,Strongly Agree,0.273862,0.60663
12135,Respondent #238,"Design - The product's design is unintuitive.",Disagree,0.202184,0.013446
12136,Respondent #238,Quality - The product was durable.,Strongly Agree,0.074217,0.35537
12137,Respondent #238,Quality - The product was free from scratches.,Disagree,0.485379,0.371618
12138,Respondent #238,Quality - The product is deformed.,Disagree,0.1633,0.191734
12139,Respondent #238,Pricing - The product is affordable.,Strongly Disagree,0.033001,0.708384
12140,Respondent #238,Pricing - The product saves me valuable time.,Neutral,0.190841,0.061374
12141,Respondent #238,Pricing - The product saves me valuable effort.,Disagree,0.610009,0.30748
12142,Respondent #239,Design - I easily understood how to use the product.,Disagree,0.059557,0.152706
12143,Respondent #239,Design - I had no trouble installing the product.,Agree,0.948265,0.320852
12144,Respondent #239,"Design - The product's design is unintuitive.",Neutral,0.513919,0.202759
12145,Respondent #239,Quality - The product was durable.,Strongly Agree,0.995985,0.617481
12146,Respondent #239,Quality - The product was free from scratches.,Disagree,0.457627,0.911563
12147,Respondent #239,Quality - The product is deformed.,Agree,0.231278,0.606851
12148,Respondent #239,Pricing - The product is affordable.,Strongly Disagree,0.615546,0.111709
12149,Respondent #239,Pricing - The product saves me valuable time.,Neutral,0.80166,0.811967
12150,Respondent #239,Pricing - The product saves me valuable effort.,Strongly Disagree,0.058635,0.640665
12151,Respondent #240,Design - I easily understood how to use the product.,Strongly Disagree,0.134452,0.545621
12152,Respondent #240,Design - I had no trouble installing the product.,Agree,0.296122,0.530027
12153,Respondent #240,"Design - The product's design is unintuitive.",Disagree,0.915252,0.517339
12154,Respondent #240,Quality - The product was durable.,Neutral,0.188945,0.226548
12155,Respondent #240,Quality - The product was free from scratches.,Neutral,0.173205,0.454077
12156,Respondent #240,Quality - The product is deformed.,Agree,0.981196,0.424704
12157,Respondent #240,Pricing - The product is affordable.,Strongly Disagree,0.806353,0.792275
12158,Respondent #240,Pricing - The product saves me valuable time.,Agree,0.27422,0.839447
12159,Respondent #240,Pricing - The product saves me valuable effort.,Strongly Disagree,0.98769,0.684811
12160,Respondent #241,Design - I easily understood how to use the product.,Disagree,0.372595,0.863461
12161,Respondent #241,Design - I had no trouble installing the product.,Strongly Agree,0.857672,0.489531
12162,Respondent #241,"Design - The product's design is unintuitive.",Neutral,0.05041,0.755716
12163,Respondent #241,Quality - The product was durable.,Strongly Agree,0.946382,0.509083
12164,Respondent #241,Quality - The product was free from scratches.,Neutral,0.719607,0.488034
12165,Respondent #241,Quality - The product is deformed.,Agree,0.340973,0.947007
12166,Respondent #241,Pricing - The product is affordable.,Strongly Disagree,0.033067,0.765802
12167,Respondent #241,Pricing - The product saves me valuable time.,Neutral,0.16154,0.370073
12168,Respondent #241,Pricing - The product saves me valuable effort.,Disagree,0.811337,0.949739
12169,Respondent #242,Design - I easily understood how to use the product.,Strongly Disagree,0.478008,0.364095
12170,Respondent #242,Design - I had no trouble installing the product.,Strongly Agree,0.446813,0.147005
12171,Respondent #242,"Design - The product's design is unintuitive.",Agree,0.296959,0.823034
12172,Respondent #242,Quality - The product was durable.,Strongly Agree,0.345489,0.996427
12173,Respondent #242,Quality - The product was free from scratches.,Strongly Disagree,0.338296,0.475884
12174,Respondent #242,Quality - The product is deformed.,Disagree,0.69273,0.000044
12175,Respondent #242,Pricing - The product is affordable.,Agree,0.512677,0.379546
12176,Respondent #242,Pricing - The product saves me valuable time.,Disagree,0.034695,0.894475
12177,Respondent #242,Pricing - The product saves me valuable effort.,Strongly Disagree,0.449723,0.296333
12178,Respondent #243,Design - I easily understood how to use the product.,Strongly Disagree,0.93191,0.473444
12179,Respondent #243,Design - I had no trouble installing the product.,Strongly Agree,0.254931,0.9632
12180,Respondent #243,"Design - The product's design is unintuitive.",Disagree,0.067138,0.373902
12181,Respondent #243,Quality - The product was durable.,Agree,0.794691,0.230941
12182,Respondent #243,Quality - The product was free from scratches.,Disagree,0.084056,0.959315
12183,Respondent #243,Quality - The product is deformed.,Agree,0.444923,0.730918
12184,Respondent #243,Pricing - The product is affordable.,Strongly Disagree,0.195892,0.779256
12185,Respondent #243,Pricing - The product saves me valuable time.,Strongly Agree,0.065748,0.161478
12186,Respondent #243,Pricing - The product saves me valuable effort.,Strongly Disagree,0.254211,0.849124
12187,Respondent #244,Design - I easily understood how to use the product.,Disagree,0.186837,0.140422
12188,Respondent #244,Design - I had no trouble installing the product.,Strongly Agree,0.877824,0.837069
12189,Respondent #244,"Design - The product's design is unintuitive.",Disagree,0.747216,0.626068
12190,Respondent #244,Quality - The product was durable.,Agree,0.794793,0.402305
12191,Respondent #244,Quality - The product was free from scratches.,Neutral,0.48422,0.224524
12192,Respondent #244,Quality - The product is deformed.,Agree,0.797224,0.146853
12193,Respondent #244,Pricing - The product is affordable.,Neutral,0.40138,0.216925
12194,Respondent #244,Pricing - The product saves me valuable time.,Agree,0.746259,0.584613
12195,Respondent #244,Pricing - The product saves me valuable effort.,Disagree,0.053655,0.48947
12196,Respondent #245,Design - I easily understood how to use the product.,Agree,0.37297,0.895954
12197,Respondent #245,Design - I had no trouble installing the product.,Agree,0.060421,0.451879
12198,Respondent #245,"Design - The product's design is unintuitive.",Neutral,0.172792,0.660498
12199,Respondent #245,Quality - The product was durable.,Strongly Agree,0.813087,0.700414
12200,Respondent #245,Quality - The product was free from scratches.,Neutral,0.020121,0.623138
12201,Respondent #245,Quality - The product is deformed.,Neutral,0.604809,0.783331
12202,Respondent #245,Pricing - The product is affordable.,Strongly Disagree,0.974805,0.642786
12203,Respondent #245,Pricing - The product saves me valuable time.,Neutral,0.951056,0.247947
12204,Respondent #245,Pricing - The product saves me valuable effort.,Disagree,0.073857,0.320846
12205,Respondent #246,Design - I easily understood how to use the product.,Strongly Disagree,0.040555,0.717141
12206,Respondent #246,Design - I had no trouble installing the product.,Agree,0.36238,0.716481
12207,Respondent #246,"Design - The product's design is unintuitive.",Neutral,0.932402,0.910197
12208,Respondent #246,Quality - The product was durable.,Neutral,0.84834,0.375311
12209,Respondent #246,Quality - The product was free from scratches.,Disagree,0.967162,0.183305
12210,Respondent #246,Quality - The product is deformed.,Neutral,0.620893,0.156911
12211,Respondent #246,Pricing - The product is affordable.,Neutral,0.175688,0.543264
12212,Respondent #246,Pricing - The product saves me valuable time.,Agree,0.437812,0.919467
12213,Respondent #246,Pricing - The product saves me valuable effort.,Strongly Disagree,0.659084,0.112637
12214,Respondent #247,Design - I easily understood how to use the product.,Strongly Disagree,0.336659,0.261956
12215,Respondent #247,Design - I had no trouble installing the product.,Strongly Agree,0.278115,0.100227
12216,Respondent #247,"Design - The product's design is unintuitive.",Disagree,0.549091,0.34455
12217,Respondent #247,Quality - The product was durable.,Agree,0.319643,0.548367
12218,Respondent #247,Quality - The product was free from scratches.,Disagree,0.77214,0.424039
12219,Respondent #247,Quality - The product is deformed.,Neutral,0.922205,0.827463
12220,Respondent #247,Pricing - The product is affordable.,Neutral,0.895836,0.647445
12221,Respondent #247,Pricing - The product saves me valuable time.,Neutral,0.447765,0.442858
12222,Respondent #247,Pricing - The product saves me valuable effort.,Disagree,0.587407,0.572957
12223,Respondent #248,Design - I easily understood how to use the product.,Agree,0.379601,0.282419
12224,Respondent #248,Design - I had no trouble installing the product.,Strongly Agree,0.702767,0.151861
12225,Respondent #248,"Design - The product's design is unintuitive.",Strongly Agree,0.40575,0.71252
12226,Respondent #248,Quality - The product was durable.,Strongly Agree,0.473819,0.079409
12227,Respondent #248,Quality - The product was free from scratches.,Neutral,0.369748,0.326966
12228,Respondent #248,Quality - The product is deformed.,Agree,0.00431,0.272625
12229,Respondent #248,Pricing - The product is affordable.,Strongly Disagree,0.772824,0.164091
12230,Respondent #248,Pricing - The product saves me valuable time.,Agree,0.366419,0.066916
12231,Respondent #248,Pricing - The product saves me valuable effort.,Disagree,0.700853,0.248676
12232,Respondent #249,Design - I easily understood how to use the product.,Strongly Disagree,0.876576,0.904395
12233,Respondent #249,Design - I had no trouble installing the product.,Strongly Agree,0.231472,0.558216
12234,Respondent #249,"Design - The product's design is unintuitive.",Strongly Disagree,0.463947,0.71801
12235,Respondent #249,Quality - The product was durable.,Disagree,0.200785,0.341651
12236,Respondent #249,Quality - The product was free from scratches.,Disagree,0.087266,0.75962
12237,Respondent #249,Quality - The product is deformed.,Agree,0.935443,0.812579
12238,Respondent #249,Pricing - The product is affordable.,Strongly Disagree,0.928934,0.01802
12239,Respondent #249,Pricing - The product saves me valuable time.,Agree,0.952678,0.32577
12240,Respondent #249,Pricing - The product saves me valuable effort.,Disagree,0.669294,0.086939
12241,Respondent #250,Design - I easily understood how to use the product.,Strongly Disagree,0.306403,0.029879
12242,Respondent #250,Design - I had no trouble installing the product.,Strongly Agree,0.530795,0.304719
12243,Respondent #250,"Design - The product's design is unintuitive.",Disagree,0.51694,0.40405
12244,Respondent #250,Quality - The product was durable.,Strongly Agree,0.429529,0.027917
12245,Respondent #250,Quality - The product was free from scratches.,Disagree,0.828217,0.181263
12246,Respondent #250,Quality - The product is deformed.,Agree,0.928268,0.034604
12247,Respondent #250,Pricing - The product is affordable.,Strongly Disagree,0.726027,0.613054
12248,Respondent #250,Pricing - The product saves me valuable time.,Neutral,0.240114,0.400825
12249,Respondent #250,Pricing - The product saves me valuable effort.,Strongly Disagree,0.500503,0.17106
12250,Respondent #251,Design - I easily understood how to use the product.,Strongly Disagree,0.360543,0.506959
12251,Respondent #251,Design - I had no trouble installing the product.,Agree,0.402075,0.729161
12252,Respondent #251,"Design - The product's design is unintuitive.",Disagree,0.181533,0.762671
12253,Respondent #251,Quality - The product was durable.,Neutral,0.194105,0.729066
12254,Respondent #251,Quality - The product was free from scratches.,Disagree,0.443127,0.567085
12255,Respondent #251,Quality - The product is deformed.,Strongly Agree,0.778481,0.105397
12256,Respondent #251,Pricing - The product is affordable.,Strongly Disagree,0.562625,0.73658
12257,Respondent #251,Pricing - The product saves me valuable time.,Neutral,0.305348,0.073147
12258,Respondent #251,Pricing - The product saves me valuable effort.,Neutral,0.892289,0.158855
12259,Respondent #252,Design - I easily understood how to use the product.,Strongly Disagree,0.125277,0.390808
12260,Respondent #252,Design - I had no trouble installing the product.,Strongly Agree,0.857866,0.947003
12261,Respondent #252,"Design - The product's design is unintuitive.",Strongly Disagree,0.442225,0.729307
12262,Respondent #252,Quality - The product was durable.,Strongly Agree,0.683678,0.57281
12263,Respondent #252,Quality - The product was free from scratches.,Neutral,0.868813,0.917216
12264,Respondent #252,Quality - The product is deformed.,Agree,0.244564,0.256275
12265,Respondent #252,Pricing - The product is affordable.,Strongly Agree,0.82341,0.314841
12266,Respondent #252,Pricing - The product saves me valuable time.,Neutral,0.244162,0.810168
12267,Respondent #252,Pricing - The product saves me valuable effort.,Disagree,0.07432,0.783727
12268,Respondent #253,Design - I easily understood how to use the product.,Disagree,0.818865,0.0067
12269,Respondent #253,Design - I had no trouble installing the product.,Strongly Agree,0.24105,0.123636
12270,Respondent #253,"Design - The product's design is unintuitive.",Neutral,0.451351,0.168658
12271,Respondent #253,Quality - The product was durable.,Agree,0.870276,0.261834
12272,Respondent #253,Quality - The product was free from scratches.,Neutral,0.060989,0.97512
12273,Respondent #253,Quality - The product is deformed.,Strongly Disagree,0.042228,0.580545
12274,Respondent #253,Pricing - The product is affordable.,Disagree,0.647843,0.71666
12275,Respondent #253,Pricing - The product saves me valuable time.,Agree,0.30605,0.111574
12276,Respondent #253,Pricing - The product saves me valuable effort.,Disagree,0.905095,0.517468
12277,Respondent #254,Design - I easily understood how to use the product.,Strongly Disagree,0.292751,0.838639
12278,Respondent #254,Design - I had no trouble installing the product.,Agree,0.767709,0.25022
12279,Respondent #254,"Design - The product's design is unintuitive.",Agree,0.536402,0.248108
12280,Respondent #254,Quality - The product was durable.,Agree,0.737703,0.645731
12281,Respondent #254,Quality - The product was free from scratches.,Neutral,0.441499,0.175656
12282,Respondent #254,Quality - The product is deformed.,Agree,0.376338,0.039645
12283,Respondent #254,Pricing - The product is affordable.,Neutral,0.491936,0.326219
12284,Respondent #254,Pricing - The product saves me valuable time.,Neutral,0.260647,0.281276
12285,Respondent #254,Pricing - The product saves me valuable effort.,Strongly Disagree,0.771724,0.466247
12286,Respondent #255,Design - I easily understood how to use the product.,Strongly Disagree,0.642984,0.616174
12287,Respondent #255,Design - I had no trouble installing the product.,Neutral,0.383742,0.817178
12288,Respondent #255,"Design - The product's design is unintuitive.",Disagree,0.509844,0.254918
12289,Respondent #255,Quality - The product was durable.,Agree,0.906046,0.511358
12290,Respondent #255,Quality - The product was free from scratches.,Strongly Disagree,0.614009,0.735706
12291,Respondent #255,Quality - The product is deformed.,Disagree,0.836304,0.323924
12292,Respondent #255,Pricing - The product is affordable.,Disagree,0.719382,0.574696
12293,Respondent #255,Pricing - The product saves me valuable time.,Neutral,0.513437,0.041136
12294,Respondent #255,Pricing - The product saves me valuable effort.,Disagree,0.360694,0.203047
12295,Respondent #256,Design - I easily understood how to use the product.,Strongly Disagree,0.715167,0.238441
12296,Respondent #256,Design - I had no trouble installing the product.,Strongly Agree,0.954615,0.980625
12297,Respondent #256,"Design - The product's design is unintuitive.",Agree,0.463154,0.641231
12298,Respondent #256,Quality - The product was durable.,Strongly Agree,0.82324,0.490393
12299,Respondent #256,Quality - The product was free from scratches.,Disagree,0.849706,0.957205
12300,Respondent #256,Quality - The product is deformed.,Strongly Agree,0.40451,0.013834
12301,Respondent #256,Pricing - The product is affordable.,Strongly Disagree,0.023336,0.033519
12302,Respondent #256,Pricing - The product saves me valuable time.,Agree,0.771537,0.667552
12303,Respondent #256,Pricing - The product saves me valuable effort.,Strongly Disagree,0.306341,0.682154
12304,Respondent #257,Design - I easily understood how to use the product.,Strongly Disagree,0.660203,0.045751
12305,Respondent #257,Design - I had no trouble installing the product.,Neutral,0.9145,0.595509
12306,Respondent #257,"Design - The product's design is unintuitive.",Agree,0.318103,0.037187
12307,Respondent #257,Quality - The product was durable.,Strongly Agree,0.78879,0.684205
12308,Respondent #257,Quality - The product was free from scratches.,Disagree,0.258265,0.774201
12309,Respondent #257,Quality - The product is deformed.,Agree,0.814048,0.044732
12310,Respondent #257,Pricing - The product is affordable.,Agree,0.749625,0.302442
12311,Respondent #257,Pricing - The product saves me valuable time.,Disagree,0.078994,0.000975
12312,Respondent #257,Pricing - The product saves me valuable effort.,Strongly Disagree,0.224604,0.244174
12313,Respondent #258,Design - I easily understood how to use the product.,Strongly Disagree,0.464242,0.605182
12314,Respondent #258,Design - I had no trouble installing the product.,Strongly Agree,0.774612,0.468183
12315,Respondent #258,"Design - The product's design is unintuitive.",Disagree,0.992826,0.244459
12316,Respondent #258,Quality - The product was durable.,Neutral,0.575744,0.880892
12317,Respondent #258,Quality - The product was free from scratches.,Neutral,0.896172,0.584734
12318,Respondent #258,Quality - The product is deformed.,Agree,0.697067,0.913662
12319,Respondent #258,Pricing - The product is affordable.,Disagree,0.306532,0.606841
12320,Respondent #258,Pricing - The product saves me valuable time.,Agree,0.594963,0.51111
12321,Respondent #258,Pricing - The product saves me valuable effort.,Strongly Disagree,0.779548,0.451386
12322,Respondent #259,Design - I easily understood how to use the product.,Strongly Disagree,0.865356,0.963696
12323,Respondent #259,Design - I had no trouble installing the product.,Agree,0.551802,0.819292
12324,Respondent #259,"Design - The product's design is unintuitive.",Neutral,0.654612,0.172497
12325,Respondent #259,Quality - The product was durable.,Disagree,0.438442,0.718988
12326,Respondent #259,Quality - The product was free from scratches.,Disagree,0.714558,0.818104
12327,Respondent #259,Quality - The product is deformed.,Agree,0.826801,0.323694
12328,Respondent #259,Pricing - The product is affordable.,Agree,0.20676,0.897957
12329,Respondent #259,Pricing - The product saves me valuable time.,Neutral,0.197964,0.4017
12330,Respondent #259,Pricing - The product saves me valuable effort.,Disagree,0.272245,0.644467
12331,Respondent #260,Design - I easily understood how to use the product.,Strongly Disagree,0.502297,0.954131
12332,Respondent #260,Design - I had no trouble installing the product.,Strongly Agree,0.038033,0.285333
12333,Respondent #260,"Design - The product's design is unintuitive.",Disagree,0.337109,0.099741
12334,Respondent #260,Quality - The product was durable.,Neutral,0.270737,0.990565
12335,Respondent #260,Quality - The product was free from scratches.,Disagree,0.666205,0.469278
12336,Respondent #260,Quality - The product is deformed.,Strongly Agree,0.083304,0.300299
12337,Respondent #260,Pricing - The product is affordable.,Strongly Disagree,0.30395,0.454371
12338,Respondent #260,Pricing - The product saves me valuable time.,Neutral,0.767049,0.015462
12339,Respondent #260,Pricing - The product saves me valuable effort.,Disagree,0.882983,0.495698
12340,Respondent #261,Design - I easily understood how to use the product.,Disagree,0.107339,0.393192
12341,Respondent #261,Design - I had no trouble installing the product.,Agree,0.453104,0.023458
12342,Respondent #261,"Design - The product's design is unintuitive.",Disagree,0.795016,0.826755
12343,Respondent #261,Quality - The product was durable.,Neutral,0.766077,0.449112
12344,Respondent #261,Quality - The product was free from scratches.,Disagree,0.737771,0.408116
12345,Respondent #261,Quality - The product is deformed.,Neutral,0.953127,0.841473
12346,Respondent #261,Pricing - The product is affordable.,Neutral,0.663774,0.482663
12347,Respondent #261,Pricing - The product saves me valuable time.,Neutral,0.601113,0.455517
12348,Respondent #261,Pricing - The product saves me valuable effort.,Disagree,0.347667,0.170537
12349,Respondent #262,Design - I easily understood how to use the product.,Strongly Disagree,0.417212,0.91801
12350,Respondent #262,Design - I had no trouble installing the product.,Agree,0.162749,0.584278
12351,Respondent #262,"Design - The product's design is unintuitive.",Neutral,0.277092,0.345497
12352,Respondent #262,Quality - The product was durable.,Strongly Agree,0.23837,0.789182
12353,Respondent #262,Quality - The product was free from scratches.,Disagree,0.368164,0.377647
12354,Respondent #262,Quality - The product is deformed.,Agree,0.736896,0.86813
12355,Respondent #262,Pricing - The product is affordable.,Agree,0.085982,0.953079
12356,Respondent #262,Pricing - The product saves me valuable time.,Agree,0.221277,0.142834
12357,Respondent #262,Pricing - The product saves me valuable effort.,Strongly Disagree,0.995077,0.685554
12358,Respondent #263,Design - I easily understood how to use the product.,Strongly Disagree,0.484976,0.726569
12359,Respondent #263,Design - I had no trouble installing the product.,Agree,0.565284,0.734306
12360,Respondent #263,"Design - The product's design is unintuitive.",Disagree,0.048105,0.840513
12361,Respondent #263,Quality - The product was durable.,Agree,0.362382,0.505834
12362,Respondent #263,Quality - The product was free from scratches.,Disagree,0.639602,0.560757
12363,Respondent #263,Quality - The product is deformed.,Agree,0.790255,0.726096
12364,Respondent #263,Pricing - The product is affordable.,Disagree,0.933138,0.397118
12365,Respondent #263,Pricing - The product saves me valuable time.,Neutral,0.718744,0.501478
12366,Respondent #263,Pricing - The product saves me valuable effort.,Neutral,0.300249,0.342838
12367,Respondent #264,Design - I easily understood how to use the product.,Strongly Disagree,0.081683,0.170942
12368,Respondent #264,Design - I had no trouble installing the product.,Strongly Agree,0.447089,0.459966
12369,Respondent #264,"Design - The product's design is unintuitive.",Strongly Disagree,0.052375,0.865086
12370,Respondent #264,Quality - The product was durable.,Strongly Agree,0.189125,0.457872
12371,Respondent #264,Quality - The product was free from scratches.,Disagree,0.876075,0.700895
12372,Respondent #264,Quality - The product is deformed.,Agree,0.707209,0.113284
12373,Respondent #264,Pricing - The product is affordable.,Strongly Agree,0.612986,0.686773
12374,Respondent #264,Pricing - The product saves me valuable time.,Agree,0.876863,0.179655
12375,Respondent #264,Pricing - The product saves me valuable effort.,Disagree,0.831268,0.684746
12376,Respondent #265,Design - I easily understood how to use the product.,Strongly Disagree,0.64892,0.276352
12377,Respondent #265,Design - I had no trouble installing the product.,Strongly Agree,0.289021,0.882776
12378,Respondent #265,"Design - The product's design is unintuitive.",Disagree,0.66549,0.873628
12379,Respondent #265,Quality - The product was durable.,Agree,0.923983,0.941985
12380,Respondent #265,Quality - The product was free from scratches.,Strongly Disagree,0.448242,0.269818
12381,Respondent #265,Quality - The product is deformed.,Strongly Agree,0.48397,0.239086
12382,Respondent #265,Pricing - The product is affordable.,Strongly Agree,0.552703,0.148152
12383,Respondent #265,Pricing - The product saves me valuable time.,Neutral,0.644696,0.419733
12384,Respondent #265,Pricing - The product saves me valuable effort.,Disagree,0.756302,0.384901
12385,Respondent #266,Design - I easily understood how to use the product.,Neutral,0.762955,0.952793
12386,Respondent #266,Design - I had no trouble installing the product.,Agree,0.185666,0.36974
12387,Respondent #266,"Design - The product's design is unintuitive.",Neutral,0.272807,0.235671
12388,Respondent #266,Quality - The product was durable.,Neutral,0.034475,0.533232
12389,Respondent #266,Quality - The product was free from scratches.,Neutral,0.125473,0.910153
12390,Respondent #266,Quality - The product is deformed.,Agree,0.248154,0.453247
12391,Respondent #266,Pricing - The product is affordable.,Strongly Agree,0.436596,0.548615
12392,Respondent #266,Pricing - The product saves me valuable time.,Agree,0.575955,0.799706
12393,Respondent #266,Pricing - The product saves me valuable effort.,Disagree,0.606344,0.980662
12394,Respondent #267,Design - I easily understood how to use the product.,Strongly Disagree,0.857382,0.312839
12395,Respondent #267,Design - I had no trouble installing the product.,Disagree,0.404411,0.01987
12396,Respondent #267,"Design - The product's design is unintuitive.",Strongly Disagree,0.301946,0.689239
12397,Respondent #267,Quality - The product was durable.,Disagree,0.488115,0.526161
12398,Respondent #267,Quality - The product was free from scratches.,Disagree,0.462754,0.20655
12399,Respondent #267,Quality - The product is deformed.,Strongly Agree,0.73013,0.618463
12400,Respondent #267,Pricing - The product is affordable.,Strongly Disagree,0.816822,0.870344
12401,Respondent #267,Pricing - The product saves me valuable time.,Strongly Agree,0.339901,0.283245
12402,Respondent #267,Pricing - The product saves me valuable effort.,Strongly Disagree,0.179529,0.832968
12403,Respondent #268,Design - I easily understood how to use the product.,Strongly Disagree,0.588478,0.042147
12404,Respondent #268,Design - I had no trouble installing the product.,Strongly Agree,0.585211,0.786267
12405,Respondent #268,"Design - The product's design is unintuitive.",Neutral,0.038855,0.802224
12406,Respondent #268,Quality - The product was durable.,Strongly Agree,0.816607,0.170374
12407,Respondent #268,Quality - The product was free from scratches.,Disagree,0.276723,0.827093
12408,Respondent #268,Quality - The product is deformed.,Strongly Agree,0.066101,0.670559
12409,Respondent #268,Pricing - The product is affordable.,Neutral,0.249426,0.649012
12410,Respondent #268,Pricing - The product saves me valuable time.,Agree,0.260473,0.545477
12411,Respondent #268,Pricing - The product saves me valuable effort.,Strongly Disagree,0.900031,0.720189
12412,Respondent #269,Design - I easily understood how to use the product.,Strongly Disagree,0.871253,0.87086
12413,Respondent #269,Design - I had no trouble installing the product.,Strongly Agree,0.314718,0.725682
12414,Respondent #269,"Design - The product's design is unintuitive.",Disagree,0.262829,0.957489
12415,Respondent #269,Quality - The product was durable.,Agree,0.044514,0.571761
12416,Respondent #269,Quality - The product was free from scratches.,Disagree,0.152124,0.51103
12417,Respondent #269,Quality - The product is deformed.,Disagree,0.188511,0.986433
12418,Respondent #269,Pricing - The product is affordable.,Strongly Disagree,0.594535,0.339732
12419,Respondent #269,Pricing - The product saves me valuable time.,Agree,0.704963,0.529845
12420,Respondent #269,Pricing - The product saves me valuable effort.,Strongly Disagree,0.961608,0.837458
12421,Respondent #270,Design - I easily understood how to use the product.,Strongly Disagree,0.327934,0.955815
12422,Respondent #270,Design - I had no trouble installing the product.,Agree,0.835465,0.909516
12423,Respondent #270,"Design - The product's design is unintuitive.",Strongly Disagree,0.912747,0.497228
12424,Respondent #270,Quality - The product was durable.,Agree,0.868292,0.705777
12425,Respondent #270,Quality - The product was free from scratches.,Disagree,0.353818,0.017656
12426,Respondent #270,Quality - The product is deformed.,Strongly Agree,0.83953,0.06929
12427,Respondent #270,Pricing - The product is affordable.,Strongly Disagree,0.881884,0.129384
12428,Respondent #270,Pricing - The product saves me valuable time.,Neutral,0.214662,0.497163
12429,Respondent #270,Pricing - The product saves me valuable effort.,Disagree,0.98717,0.202457
12430,Respondent #271,Design - I easily understood how to use the product.,Strongly Disagree,0.189513,0.878657
12431,Respondent #271,Design - I had no trouble installing the product.,Neutral,0.750952,0.060538
12432,Respondent #271,"Design - The product's design is unintuitive.",Disagree,0.616508,0.05491
12433,Respondent #271,Quality - The product was durable.,Strongly Agree,0.749367,0.496385
12434,Respondent #271,Quality - The product was free from scratches.,Neutral,0.248652,0.413065
12435,Respondent #271,Quality - The product is deformed.,Neutral,0.227594,0.735998
12436,Respondent #271,Pricing - The product is affordable.,Strongly Disagree,0.325393,0.814177
12437,Respondent #271,Pricing - The product saves me valuable time.,Agree,0.327117,0.62233
12438,Respondent #271,Pricing - The product saves me valuable effort.,Strongly Disagree,0.182672,0.582583
12439,Respondent #272,Design - I easily understood how to use the product.,Strongly Disagree,0.440643,0.578774
12440,Respondent #272,Design - I had no trouble installing the product.,Disagree,0.400093,0.652059
12441,Respondent #272,"Design - The product's design is unintuitive.",Neutral,0.125043,0.956571
12442,Respondent #272,Quality - The product was durable.,Agree,0.219996,0.359929
12443,Respondent #272,Quality - The product was free from scratches.,Strongly Disagree,0.828515,0.182304
12444,Respondent #272,Quality - The product is deformed.,Agree,0.802741,0.942677
12445,Respondent #272,Pricing - The product is affordable.,Strongly Disagree,0.542533,0.735648
12446,Respondent #272,Pricing - The product saves me valuable time.,Agree,0.904228,0.054036
12447,Respondent #272,Pricing - The product saves me valuable effort.,Disagree,0.8592,0.984727
12448,Respondent #273,Design - I easily understood how to use the product.,Strongly Disagree,0.884982,0.600612
12449,Respondent #273,Design - I had no trouble installing the product.,Strongly Agree,0.367455,0.460769
12450,Respondent #273,"Design - The product's design is unintuitive.",Disagree,0.209918,0.457469
12451,Respondent #273,Quality - The product was durable.,Agree,0.456067,0.875488
12452,Respondent #273,Quality - The product was free from scratches.,Disagree,0.05595,0.518876
12453,Respondent #273,Quality - The product is deformed.,Disagree,0.587805,0.923191
12454,Respondent #273,Pricing - The product is affordable.,Agree,0.815653,0.208188
12455,Respondent #273,Pricing - The product saves me valuable time.,Neutral,0.262926,0.048282
12456,Respondent #273,Pricing - The product saves me valuable effort.,Strongly Disagree,0.214897,0.571758
12457,Respondent #274,Design - I easily understood how to use the product.,Strongly Disagree,0.811397,0.816041
12458,Respondent #274,Design - I had no trouble installing the product.,Agree,0.020245,0.37068
12459,Respondent #274,"Design - The product's design is unintuitive.",Agree,0.007265,0.715394
12460,Respondent #274,Quality - The product was durable.,Agree,0.036185,0.528812
12461,Respondent #274,Quality - The product was free from scratches.,Neutral,0.484425,0.325819
12462,Respondent #274,Quality - The product is deformed.,Neutral,0.767683,0.335283
12463,Respondent #274,Pricing - The product is affordable.,Disagree,0.255547,0.852968
12464,Respondent #274,Pricing - The product saves me valuable time.,Neutral,0.352327,0.403916
12465,Respondent #274,Pricing - The product saves me valuable effort.,Strongly Disagree,0.617244,0.516774
12466,Respondent #275,Design - I easily understood how to use the product.,Strongly Agree,0.432092,0.135332
12467,Respondent #275,Design - I had no trouble installing the product.,Neutral,0.78453,0.480053
12468,Respondent #275,"Design - The product's design is unintuitive.",Neutral,0.983807,0.532076
12469,Respondent #275,Quality - The product was durable.,Agree,0.687911,0.42819
12470,Respondent #275,Quality - The product was free from scratches.,Neutral,0.238181,0.631418
12471,Respondent #275,Quality - The product is deformed.,Disagree,0.846861,0.32436
12472,Respondent #275,Pricing - The product is affordable.,Strongly Disagree,0.200637,0.147473
12473,Respondent #275,Pricing - The product saves me valuable time.,Strongly Agree,0.958495,0.126369
12474,Respondent #275,Pricing - The product saves me valuable effort.,Disagree,0.310207,0.600827
12475,Respondent #276,Design - I easily understood how to use the product.,Strongly Disagree,0.539816,0.699376
12476,Respondent #276,Design - I had no trouble installing the product.,Neutral,0.945331,0.079091
12477,Respondent #276,"Design - The product's design is unintuitive.",Strongly Disagree,0.173592,0.963761
12478,Respondent #276,Quality - The product was durable.,Agree,0.764433,0.767382
12479,Respondent #276,Quality - The product was free from scratches.,Neutral,0.533052,0.760905
12480,Respondent #276,Quality - The product is deformed.,Strongly Agree,0.737199,0.103909
12481,Respondent #276,Pricing - The product is affordable.,Disagree,0.763732,0.086178
12482,Respondent #276,Pricing - The product saves me valuable time.,Disagree,0.845025,0.83434
12483,Respondent #276,Pricing - The product saves me valuable effort.,Disagree,0.246962,0.417928
12484,Respondent #277,Design - I easily understood how to use the product.,Strongly Disagree,0.401865,0.84524
12485,Respondent #277,Design - I had no trouble installing the product.,Strongly Agree,0.722105,0.348427
12486,Respondent #277,"Design - The product's design is unintuitive.",Disagree,0.06226,0.780606
12487,Respondent #277,Quality - The product was durable.,Strongly Agree,0.423718,0.795916
12488,Respondent #277,Quality - The product was free from scratches.,Disagree,0.208574,0.318731
12489,Respondent #277,Quality - The product is deformed.,Neutral,0.349275,0.931124
12490,Respondent #277,Pricing - The product is affordable.,Agree,0.401888,0.850886
12491,Respondent #277,Pricing - The product saves me valuable time.,Neutral,0.988973,0.304377
12492,Respondent #277,Pricing - The product saves me valuable effort.,Strongly Disagree,0.818334,0.737468
12493,Respondent #278,Design - I easily understood how to use the product.,Strongly Disagree,0.344054,0.447029
12494,Respondent #278,Design - I had no trouble installing the product.,Agree,0.963626,0.520381
12495,Respondent #278,"Design - The product's design is unintuitive.",Disagree,0.67375,0.988776
12496,Respondent #278,Quality - The product was durable.,Disagree,0.52338,0.432498
12497,Respondent #278,Quality - The product was free from scratches.,Disagree,0.180645,0.320345
12498,Respondent #278,Quality - The product is deformed.,Neutral,0.020858,0.051482
12499,Respondent #278,Pricing - The product is affordable.,Neutral,0.17376,0.846
12500,Respondent #278,Pricing - The product saves me valuable time.,Agree,0.232754,0.905071
12501,Respondent #278,Pricing - The product saves me valuable effort.,Strongly Disagree,0.071098,0.562055
12502,Respondent #279,Design - I easily understood how to use the product.,Strongly Disagree,0.131262,0.924734
12503,Respondent #279,Design - I had no trouble installing the product.,Agree,0.419071,0.237222
12504,Respondent #279,"Design - The product's design is unintuitive.",Disagree,0.359558,0.289293
12505,Respondent #279,Quality - The product was durable.,Agree,0.099702,0.267626
12506,Respondent #279,Quality - The product was free from scratches.,Disagree,0.010965,0.192925
12507,Respondent #279,Quality - The product is deformed.,Neutral,0.350271,0.212756
12508,Respondent #279,Pricing - The product is affordable.,Agree,0.112026,0.773826
12509,Respondent #279,Pricing - The product saves me valuable time.,Neutral,0.75141,0.816487
12510,Respondent #279,Pricing - The product saves me valuable effort.,Strongly Disagree,0.499166,0.791054
12511,Respondent #280,Design - I easily understood how to use the product.,Strongly Agree,0.268227,0.449108
12512,Respondent #280,Design - I had no trouble installing the product.,Strongly Agree,0.573689,0.30299
12513,Respondent #280,"Design - The product's design is unintuitive.",Disagree,0.861332,0.491185
12514,Respondent #280,Quality - The product was durable.,Agree,0.531306,0.829836
12515,Respondent #280,Quality - The product was free from scratches.,Disagree,0.830334,0.542081
12516,Respondent #280,Quality - The product is deformed.,Agree,0.776585,0.654694
12517,Respondent #280,Pricing - The product is affordable.,Strongly Agree,0.199082,0.587721
12518,Respondent #280,Pricing - The product saves me valuable time.,Agree,0.999507,0.396258
12519,Respondent #280,Pricing - The product saves me valuable effort.,Disagree,0.758295,0.121883
12520,Respondent #281,Design - I easily understood how to use the product.,Strongly Disagree,0.759463,0.2364
12521,Respondent #281,Design - I had no trouble installing the product.,Agree,0.499049,0.676789
12522,Respondent #281,"Design - The product's design is unintuitive.",Agree,0.381236,0.805183
12523,Respondent #281,Quality - The product was durable.,Strongly Agree,0.760605,0.579082
12524,Respondent #281,Quality - The product was free from scratches.,Disagree,0.30659,0.989419
12525,Respondent #281,Quality - The product is deformed.,Agree,0.709812,0.852846
12526,Respondent #281,Pricing - The product is affordable.,Strongly Disagree,0.540141,0.864499
12527,Respondent #281,Pricing - The product saves me valuable time.,Agree,0.318302,0.895586
12528,Respondent #281,Pricing - The product saves me valuable effort.,Disagree,0.648797,0.42198
12529,Respondent #282,Design - I easily understood how to use the product.,Strongly Disagree,0.835458,0.661335
12530,Respondent #282,Design - I had no trouble installing the product.,Agree,0.23205,0.309288
12531,Respondent #282,"Design - The product's design is unintuitive.",Neutral,0.695919,0.174937
12532,Respondent #282,Quality - The product was durable.,Agree,0.416653,0.911276
12533,Respondent #282,Quality - The product was free from scratches.,Disagree,0.626952,0.24877
12534,Respondent #282,Quality - The product is deformed.,Strongly Agree,0.31682,0.754885
12535,Respondent #282,Pricing - The product is affordable.,Strongly Disagree,0.304834,0.122762
12536,Respondent #282,Pricing - The product saves me valuable time.,Agree,0.415889,0.032073
12537,Respondent #282,Pricing - The product saves me valuable effort.,Disagree,0.957887,0.303086
12538,Respondent #283,Design - I easily understood how to use the product.,Strongly Disagree,0.732983,0.525695
12539,Respondent #283,Design - I had no trouble installing the product.,Strongly Agree,0.643305,0.585362
12540,Respondent #283,"Design - The product's design is unintuitive.",Strongly Disagree,0.68059,0.839657
12541,Respondent #283,Quality - The product was durable.,Agree,0.276432,0.301724
12542,Respondent #283,Quality - The product was free from scratches.,Disagree,0.362195,0.215653
12543,Respondent #283,Quality - The product is deformed.,Agree,0.875009,0.087025
12544,Respondent #283,Pricing - The product is affordable.,Strongly Disagree,0.161473,0.964429
12545,Respondent #283,Pricing - The product saves me valuable time.,Neutral,0.881463,0.851718
12546,Respondent #283,Pricing - The product saves me valuable effort.,Neutral,0.22435,0.883812
12547,Respondent #284,Design - I easily understood how to use the product.,Strongly Disagree,0.016024,0.387086
12548,Respondent #284,Design - I had no trouble installing the product.,Strongly Agree,0.96173,0.58636
12549,Respondent #284,"Design - The product's design is unintuitive.",Strongly Disagree,0.254897,0.382221
12550,Respondent #284,Quality - The product was durable.,Neutral,0.895659,0.931741
12551,Respondent #284,Quality - The product was free from scratches.,Disagree,0.763429,0.031245
12552,Respondent #284,Quality - The product is deformed.,Disagree,0.820167,0.96383
12553,Respondent #284,Pricing - The product is affordable.,Disagree,0.164459,0.816019
12554,Respondent #284,Pricing - The product saves me valuable time.,Neutral,0.574301,0.109377
12555,Respondent #284,Pricing - The product saves me valuable effort.,Disagree,0.340768,0.549519
12556,Respondent #285,Design - I easily understood how to use the product.,Strongly Disagree,0.031573,0.744228
12557,Respondent #285,Design - I had no trouble installing the product.,Agree,0.850632,0.683443
12558,Respondent #285,"Design - The product's design is unintuitive.",Disagree,0.668399,0.785569
12559,Respondent #285,Quality - The product was durable.,Strongly Agree,0.21603,0.703506
12560,Respondent #285,Quality - The product was free from scratches.,Disagree,0.587197,0.089749
12561,Respondent #285,Quality - The product is deformed.,Neutral,0.616024,0.742807
12562,Respondent #285,Pricing - The product is affordable.,Disagree,0.672757,0.409022
12563,Respondent #285,Pricing - The product saves me valuable time.,Agree,0.652463,0.166844
12564,Respondent #285,Pricing - The product saves me valuable effort.,Disagree,0.700194,0.728686
12565,Respondent #286,Design - I easily understood how to use the product.,Strongly Disagree,0.710622,0.520987
12566,Respondent #286,Design - I had no trouble installing the product.,Strongly Agree,0.56637,0.951686
12567,Respondent #286,"Design - The product's design is unintuitive.",Neutral,0.865206,0.811197
12568,Respondent #286,Quality - The product was durable.,Neutral,0.455999,0.83438
12569,Respondent #286,Quality - The product was free from scratches.,Neutral,0.905198,0.36412
12570,Respondent #286,Quality - The product is deformed.,Disagree,0.878458,0.483726
12571,Respondent #286,Pricing - The product is affordable.,Strongly Disagree,0.608323,0.765534
12572,Respondent #286,Pricing - The product saves me valuable time.,Neutral,0.286756,0.530122
12573,Respondent #286,Pricing - The product saves me valuable effort.,Neutral,0.962852,0.174025
12574,Respondent #287,Design - I easily understood how to use the product.,Strongly Disagree,0.372136,0.85296
12575,Respondent #287,Design - I had no trouble installing the product.,Strongly Agree,0.142604,0.756892
12576,Respondent #287,"Design - The product's design is unintuitive.",Disagree,0.413279,0.553491
12577,Respondent #287,Quality - The product was durable.,Agree,0.475892,0.785593
12578,Respondent #287,Quality - The product was free from scratches.,Disagree,0.205617,0.314391
12579,Respondent #287,Quality - The product is deformed.,Neutral,0.872904,0.982818
12580,Respondent #287,Pricing - The product is affordable.,Strongly Disagree,0.834334,0.301914
12581,Respondent #287,Pricing - The product saves me valuable time.,Agree,0.849968,0.47158
12582,Respondent #287,Pricing - The product saves me valuable effort.,Strongly Disagree,0.604028,0.396027
12583,Respondent #288,Design - I easily understood how to use the product.,Strongly Disagree,0.239149,0.346926
12584,Respondent #288,Design - I had no trouble installing the product.,Strongly Agree,0.090136,0.214196
12585,Respondent #288,"Design - The product's design is unintuitive.",Agree,0.222602,0.883344
12586,Respondent #288,Quality - The product was durable.,Strongly Agree,0.532571,0.300473
12587,Respondent #288,Quality - The product was free from scratches.,Neutral,0.027134,0.819452
12588,Respondent #288,Quality - The product is deformed.,Agree,0.83108,0.410211
12589,Respondent #288,Pricing - The product is affordable.,Strongly Agree,0.175065,0.673054
12590,Respondent #288,Pricing - The product saves me valuable time.,Neutral,0.216765,0.113381
12591,Respondent #288,Pricing - The product saves me valuable effort.,Neutral,0.704393,0.962687
12592,Respondent #289,Design - I easily understood how to use the product.,Strongly Disagree,0.912097,0.127636
12593,Respondent #289,Design - I had no trouble installing the product.,Strongly Agree,0.71994,0.869161
12594,Respondent #289,"Design - The product's design is unintuitive.",Disagree,0.500926,0.267708
12595,Respondent #289,Quality - The product was durable.,Agree,0.709778,0.805133
12596,Respondent #289,Quality - The product was free from scratches.,Neutral,0.85947,0.984128
12597,Respondent #289,Quality - The product is deformed.,Neutral,0.870998,0.292423
12598,Respondent #289,Pricing - The product is affordable.,Agree,0.950784,0.352022
12599,Respondent #289,Pricing - The product saves me valuable time.,Agree,0.782175,0.232493
12600,Respondent #289,Pricing - The product saves me valuable effort.,Agree,0.61893,0.569046
12601,Respondent #290,Design - I easily understood how to use the product.,Strongly Disagree,0.736763,0.222854
12602,Respondent #290,Design - I had no trouble installing the product.,Strongly Agree,0.055081,0.519962
12603,Respondent #290,"Design - The product's design is unintuitive.",Agree,0.086156,0.395588
12604,Respondent #290,Quality - The product was durable.,Strongly Agree,0.938658,0.706407
12605,Respondent #290,Quality - The product was free from scratches.,Neutral,0.850248,0.668441
12606,Respondent #290,Quality - The product is deformed.,Agree,0.825243,0.810646
12607,Respondent #290,Pricing - The product is affordable.,Agree,0.523111,0.359382
12608,Respondent #290,Pricing - The product saves me valuable time.,Disagree,0.707988,0.172336
12609,Respondent #290,Pricing - The product saves me valuable effort.,Strongly Disagree,0.968608,0.739726
12610,Respondent #291,Design - I easily understood how to use the product.,Strongly Disagree,0.380127,0.808491
12611,Respondent #291,Design - I had no trouble installing the product.,Disagree,0.427727,0.62516
12612,Respondent #291,"Design - The product's design is unintuitive.",Neutral,0.795642,0.770154
12613,Respondent #291,Quality - The product was durable.,Neutral,0.547511,0.259381
12614,Respondent #291,Quality - The product was free from scratches.,Neutral,0.041958,0.012483
12615,Respondent #291,Quality - The product is deformed.,Agree,0.039498,0.485082
12616,Respondent #291,Pricing - The product is affordable.,Neutral,0.129681,0.454841
12617,Respondent #291,Pricing - The product saves me valuable time.,Agree,0.355961,0.532779
12618,Respondent #291,Pricing - The product saves me valuable effort.,Disagree,0.658277,0.720666
12619,Respondent #292,Design - I easily understood how to use the product.,Strongly Disagree,0.805256,0.32104
12620,Respondent #292,Design - I had no trouble installing the product.,Agree,0.267923,0.475691
12621,Respondent #292,"Design - The product's design is unintuitive.",Agree,0.502003,0.609014
12622,Respondent #292,Quality - The product was durable.,Agree,0.352963,0.93254
12623,Respondent #292,Quality - The product was free from scratches.,Neutral,0.444654,0.299498
12624,Respondent #292,Quality - The product is deformed.,Disagree,0.694969,0.928374
12625,Respondent #292,Pricing - The product is affordable.,Strongly Disagree,0.927741,0.023577
12626,Respondent #292,Pricing - The product saves me valuable time.,Agree,0.733668,0.414979
12627,Respondent #292,Pricing - The product saves me valuable effort.,Disagree,0.381685,0.936471
12628,Respondent #293,Design - I easily understood how to use the product.,Strongly Disagree,0.293769,0.606958
12629,Respondent #293,Design - I had no trouble installing the product.,Neutral,0.982302,0.16592
12630,Respondent #293,"Design - The product's design is unintuitive.",Agree,0.469048,0.77423
12631,Respondent #293,Quality - The product was durable.,Agree,0.987144,0.1755
12632,Respondent #293,Quality - The product was free from scratches.,Neutral,0.517507,0.648453
12633,Respondent #293,Quality - The product is deformed.,Neutral,0.055279,0.756106
12634,Respondent #293,Pricing - The product is affordable.,Disagree,0.548819,0.119038
12635,Respondent #293,Pricing - The product saves me valuable time.,Neutral,0.232969,0.760639
12636,Respondent #293,Pricing - The product saves me valuable effort.,Disagree,0.479751,0.757513
12637,Respondent #294,Design - I easily understood how to use the product.,Disagree,0.64933,0.797532
12638,Respondent #294,Design - I had no trouble installing the product.,Strongly Agree,0.756494,0.936392
12639,Respondent #294,"Design - The product's design is unintuitive.",Neutral,0.910277,0.635542
12640,Respondent #294,Quality - The product was durable.,Neutral,0.50288,0.141458
12641,Respondent #294,Quality - The product was free from scratches.,Neutral,0.754561,0.383401
12642,Respondent #294,Quality - The product is deformed.,Strongly Disagree,0.089224,0.546239
12643,Respondent #294,Pricing - The product is affordable.,Strongly Disagree,0.777861,0.898266
12644,Respondent #294,Pricing - The product saves me valuable time.,Neutral,0.141898,0.989135
12645,Respondent #294,Pricing - The product saves me valuable effort.,Strongly Disagree,0.658575,0.039515
12646,Respondent #295,Design - I easily understood how to use the product.,Disagree,0.180455,0.236974
12647,Respondent #295,Design - I had no trouble installing the product.,Strongly Agree,0.922857,0.966895
12648,Respondent #295,"Design - The product's design is unintuitive.",Neutral,0.999933,0.8136
12649,Respondent #295,Quality - The product was durable.,Agree,0.285614,0.511889
12650,Respondent #295,Quality - The product was free from scratches.,Disagree,0.191073,0.540393
12651,Respondent #295,Quality - The product is deformed.,Neutral,0.344078,0.530837
12652,Respondent #295,Pricing - The product is affordable.,Strongly Disagree,0.20116,0.987649
12653,Respondent #295,Pricing - The product saves me valuable time.,Neutral,0.355658,0.701948
12654,Respondent #295,Pricing - The product saves me valuable effort.,Disagree,0.09798,0.798134
12655,Respondent #296,Design - I easily understood how to use the product.,Strongly Disagree,0.030983,0.808986
12656,Respondent #296,Design - I had no trouble installing the product.,Disagree,0.781914,0.022493
12657,Respondent #296,"Design - The product's design is unintuitive.",Disagree,0.327117,0.630026
12658,Respondent #296,Quality - The product was durable.,Agree,0.741507,0.047762
12659,Respondent #296,Quality - The product was free from scratches.,Disagree,0.085566,0.54788
12660,Respondent #296,Quality - The product is deformed.,Agree,0.740733,0.776692
12661,Respondent #296,Pricing - The product is affordable.,Neutral,0.463098,0.970994
12662,Respondent #296,Pricing - The product saves me valuable time.,Agree,0.357089,0.849298
12663,Respondent #296,Pricing - The product saves me valuable effort.,Strongly Disagree,0.663491,0.039503
12664,Respondent #297,Design - I easily understood how to use the product.,Neutral,0.701517,0.674344
12665,Respondent #297,Design - I had no trouble installing the product.,Agree,0.672939,0.721963
12666,Respondent #297,"Design - The product's design is unintuitive.",Disagree,0.281965,0.860586
12667,Respondent #297,Quality - The product was durable.,Strongly Agree,0.070705,0.311845
12668,Respondent #297,Quality - The product was free from scratches.,Agree,0.254065,0.489885
12669,Respondent #297,Quality - The product is deformed.,Agree,0.62984,0.531792
12670,Respondent #297,Pricing - The product is affordable.,Strongly Disagree,0.886543,0.85357
12671,Respondent #297,Pricing - The product saves me valuable time.,Agree,0.14975,0.426475
12672,Respondent #297,Pricing - The product saves me valuable effort.,Disagree,0.07259,0.971429
12673,Respondent #298,Design - I easily understood how to use the product.,Strongly Disagree,0.357156,0.842329
12674,Respondent #298,Design - I had no trouble installing the product.,Agree,0.018535,0.431008
12675,Respondent #298,"Design - The product's design is unintuitive.",Strongly Disagree,0.784294,0.858929
12676,Respondent #298,Quality - The product was durable.,Neutral,0.146182,0.819595
12677,Respondent #298,Quality - The product was free from scratches.,Disagree,0.921481,0.986239
12678,Respondent #298,Quality - The product is deformed.,Disagree,0.958318,0.248716
12679,Respondent #298,Pricing - The product is affordable.,Agree,0.668739,0.870709
12680,Respondent #298,Pricing - The product saves me valuable time.,Strongly Agree,0.774608,0.030933
12681,Respondent #298,Pricing - The product saves me valuable effort.,Disagree,0.823913,0.689512
12682,Respondent #299,Design - I easily understood how to use the product.,Strongly Disagree,0.942532,0.677482
12683,Respondent #299,Design - I had no trouble installing the product.,Agree,0.13287,0.996594
12684,Respondent #299,"Design - The product's design is unintuitive.",Disagree,0.260126,0.66765
12685,Respondent #299,Quality - The product was durable.,Strongly Agree,0.621218,0.77826
12686,Respondent #299,Quality - The product was free from scratches.,Disagree,0.169228,0.372099
12687,Respondent #299,Quality - The product is deformed.,Neutral,0.564977,0.39743
12688,Respondent #299,Pricing - The product is affordable.,Strongly Disagree,0.808795,0.043811
12689,Respondent #299,Pricing - The product saves me valuable time.,Agree,0.34994,0.226279
12690,Respondent #299,Pricing - The product saves me valuable effort.,Disagree,0.014282,0.586472
12691,Respondent #300,Design - I easily understood how to use the product.,Disagree,0.656522,0.741274
12692,Respondent #300,Design - I had no trouble installing the product.,Strongly Agree,0.233674,0.281982
12693,Respondent #300,"Design - The product's design is unintuitive.",Neutral,0.88673,0.086122
12694,Respondent #300,Quality - The product was durable.,Agree,0.726236,0.295956
12695,Respondent #300,Quality - The product was free from scratches.,Neutral,0.055453,0.354687
12696,Respondent #300,Quality - The product is deformed.,Disagree,0.914066,0.116905
12697,Respondent #300,Pricing - The product is affordable.,Neutral,0.635666,0.382419
12698,Respondent #300,Pricing - The product saves me valuable time.,Agree,0.509142,0.417868
12699,Respondent #300,Pricing - The product saves me valuable effort.,Disagree,0.839116,0.015491
12700,Respondent #301,Design - I easily understood how to use the product.,Strongly Disagree,0.26027,0.288628
12701,Respondent #301,Design - I had no trouble installing the product.,Strongly Agree,0.55492,0.386177
12702,Respondent #301,"Design - The product's design is unintuitive.",Agree,0.628286,0.284284
12703,Respondent #301,Quality - The product was durable.,Strongly Agree,0.344023,0.01374
12704,Respondent #301,Quality - The product was free from scratches.,Disagree,0.860324,0.766273
12705,Respondent #301,Quality - The product is deformed.,Strongly Disagree,0.67647,0.747121
12706,Respondent #301,Pricing - The product is affordable.,Neutral,0.949493,0.226431
12707,Respondent #301,Pricing - The product saves me valuable time.,Agree,0.420854,0.137454
12708,Respondent #301,Pricing - The product saves me valuable effort.,Disagree,0.084085,0.853886
12709,Respondent #302,Design - I easily understood how to use the product.,Strongly Disagree,0.090575,0.597588
12710,Respondent #302,Design - I had no trouble installing the product.,Agree,0.613712,0.176111
12711,Respondent #302,"Design - The product's design is unintuitive.",Disagree,0.477946,0.529979
12712,Respondent #302,Quality - The product was durable.,Neutral,0.965405,0.418599
12713,Respondent #302,Quality - The product was free from scratches.,Disagree,0.042531,0.169635
12714,Respondent #302,Quality - The product is deformed.,Neutral,0.645471,0.96941
12715,Respondent #302,Pricing - The product is affordable.,Strongly Disagree,0.541835,0.550337
12716,Respondent #302,Pricing - The product saves me valuable time.,Neutral,0.874747,0.280804
12717,Respondent #302,Pricing - The product saves me valuable effort.,Strongly Disagree,0.771818,0.420825
12718,Respondent #303,Design - I easily understood how to use the product.,Strongly Disagree,0.436025,0.096613
12719,Respondent #303,Design - I had no trouble installing the product.,Agree,0.04274,0.884887
12720,Respondent #303,"Design - The product's design is unintuitive.",Neutral,0.159934,0.240211
12721,Respondent #303,Quality - The product was durable.,Agree,0.682774,0.95011
12722,Respondent #303,Quality - The product was free from scratches.,Neutral,0.470562,0.230023
12723,Respondent #303,Quality - The product is deformed.,Agree,0.12177,0.164561
12724,Respondent #303,Pricing - The product is affordable.,Neutral,0.715265,0.794254
12725,Respondent #303,Pricing - The product saves me valuable time.,Agree,0.694765,0.080577
12726,Respondent #303,Pricing - The product saves me valuable effort.,Strongly Disagree,0.892993,0.436864
12727,Respondent #304,Design - I easily understood how to use the product.,Disagree,0.83382,0.451327
12728,Respondent #304,Design - I had no trouble installing the product.,Neutral,0.042608,0.830804
12729,Respondent #304,"Design - The product's design is unintuitive.",Neutral,0.919417,0.133544
12730,Respondent #304,Quality - The product was durable.,Strongly Agree,0.860399,0.399447
12731,Respondent #304,Quality - The product was free from scratches.,Neutral,0.256078,0.745846
12732,Respondent #304,Quality - The product is deformed.,Disagree,0.97056,0.25345
12733,Respondent #304,Pricing - The product is affordable.,Strongly Disagree,0.004348,0.604611
12734,Respondent #304,Pricing - The product saves me valuable time.,Agree,0.423287,0.21495
12735,Respondent #304,Pricing - The product saves me valuable effort.,Strongly Disagree,0.03731,0.841393
12736,Respondent #305,Design - I easily understood how to use the product.,Strongly Disagree,0.341032,0.530495
12737,Respondent #305,Design - I had no trouble installing the product.,Agree,0.291586,0.078519
12738,Respondent #305,"Design - The product's design is unintuitive.",Agree,0.660975,0.49791
12739,Respondent #305,Quality - The product was durable.,Agree,0.337551,0.609626
12740,Respondent #305,Quality - The product was free from scratches.,Disagree,0.644452,0.540383
12741,Respondent #305,Quality - The product is deformed.,Agree,0.048078,0.952651
12742,Respondent #305,Pricing - The product is affordable.,Disagree,0.114452,0.077561
12743,Respondent #305,Pricing - The product saves me valuable time.,Neutral,0.577162,0.817176
12744,Respondent #305,Pricing - The product saves me valuable effort.,Disagree,0.560245,0.022874
12745,Respondent #306,Design - I easily understood how to use the product.,Agree,0.185567,0.863098
12746,Respondent #306,Design - I had no trouble installing the product.,Strongly Disagree,0.064635,0.350708
12747,Respondent #306,"Design - The product's design is unintuitive.",Disagree,0.876257,0.117826
12748,Respondent #306,Quality - The product was durable.,Agree,0.261897,0.329791
12749,Respondent #306,Quality - The product was free from scratches.,Disagree,0.658377,0.162226
12750,Respondent #306,Quality - The product is deformed.,Strongly Agree,0.878366,0.148485
12751,Respondent #306,Pricing - The product is affordable.,Strongly Disagree,0.009847,0.535077
12752,Respondent #306,Pricing - The product saves me valuable time.,Agree,0.481985,0.786229
12753,Respondent #306,Pricing - The product saves me valuable effort.,Disagree,0.927672,0.224751
12754,Respondent #307,Design - I easily understood how to use the product.,Strongly Disagree,0.733863,0.161302
12755,Respondent #307,Design - I had no trouble installing the product.,Neutral,0.947076,0.034694
12756,Respondent #307,"Design - The product's design is unintuitive.",Disagree,0.662518,0.042212
12757,Respondent #307,Quality - The product was durable.,Strongly Agree,0.150677,0.604621
12758,Respondent #307,Quality - The product was free from scratches.,Disagree,0.89111,0.035784
12759,Respondent #307,Quality - The product is deformed.,Neutral,0.144967,0.375971
12760,Respondent #307,Pricing - The product is affordable.,Strongly Agree,0.275549,0.875839
12761,Respondent #307,Pricing - The product saves me valuable time.,Neutral,0.061458,0.954395
12762,Respondent #307,Pricing - The product saves me valuable effort.,Strongly Disagree,0.902304,0.093451
12763,Respondent #308,Design - I easily understood how to use the product.,Strongly Disagree,0.288674,0.500031
12764,Respondent #308,Design - I had no trouble installing the product.,Strongly Agree,0.454084,0.584477
12765,Respondent #308,"Design - The product's design is unintuitive.",Agree,0.525338,0.53254
12766,Respondent #308,Quality - The product was durable.,Neutral,0.747235,0.118297
12767,Respondent #308,Quality - The product was free from scratches.,Disagree,0.969994,0.198951
12768,Respondent #308,Quality - The product is deformed.,Disagree,0.008204,0.037084
12769,Respondent #308,Pricing - The product is affordable.,Agree,0.54808,0.124837
12770,Respondent #308,Pricing - The product saves me valuable time.,Neutral,0.692684,0.712908
12771,Respondent #308,Pricing - The product saves me valuable effort.,Strongly Disagree,0.777058,0.630408
12772,Respondent #309,Design - I easily understood how to use the product.,Agree,0.780765,0.817298
12773,Respondent #309,Design - I had no trouble installing the product.,Strongly Agree,0.815335,0.993739
12774,Respondent #309,"Design - The product's design is unintuitive.",Strongly Disagree,0.677213,0.619772
12775,Respondent #309,Quality - The product was durable.,Agree,0.164244,0.025855
12776,Respondent #309,Quality - The product was free from scratches.,Neutral,0.089749,0.203528
12777,Respondent #309,Quality - The product is deformed.,Disagree,0.538732,0.788824
12778,Respondent #309,Pricing - The product is affordable.,Strongly Agree,0.605378,0.770025
12779,Respondent #309,Pricing - The product saves me valuable time.,Agree,0.111121,0.474375
12780,Respondent #309,Pricing - The product saves me valuable effort.,Disagree,0.769665,0.335462
12781,Respondent #310,Design - I easily understood how to use the product.,Strongly Disagree,0.658606,0.890446
12782,Respondent #310,Design - I had no trouble installing the product.,Strongly Agree,0.33323,0.916895
12783,Respondent #310,"Design - The product's design is unintuitive.",Disagree,0.284587,0.020853
12784,Respondent #310,Quality - The product was durable.,Agree,0.893342,0.823216
12785,Respondent #310,Quality - The product was free from scratches.,Disagree,0.26721,0.702811
12786,Respondent #310,Quality - The product is deformed.,Neutral,0.820301,0.976089
12787,Respondent #310,Pricing - The product is affordable.,Agree,0.719972,0.271162
12788,Respondent #310,Pricing - The product saves me valuable time.,Neutral,0.318455,0.161986
12789,Respondent #310,Pricing - The product saves me valuable effort.,Disagree,0.13385,0.189584
12790,Respondent #311,Design - I easily understood how to use the product.,Strongly Disagree,0.161779,0.005963
12791,Respondent #311,Design - I had no trouble installing the product.,Strongly Agree,0.873143,0.20902
12792,Respondent #311,"Design - The product's design is unintuitive.",Disagree,0.384194,0.017464
12793,Respondent #311,Quality - The product was durable.,Strongly Agree,0.432541,0.932181
12794,Respondent #311,Quality - The product was free from scratches.,Disagree,0.483239,0.275805
12795,Respondent #311,Quality - The product is deformed.,Neutral,0.031135,0.246382
12796,Respondent #311,Pricing - The product is affordable.,Strongly Disagree,0.626373,0.854728
12797,Respondent #311,Pricing - The product saves me valuable time.,Agree,0.563867,0.936819
12798,Respondent #311,Pricing - The product saves me valuable effort.,Strongly Disagree,0.697848,0.493002
12799,Respondent #312,Design - I easily understood how to use the product.,Strongly Disagree,0.667999,0.803487
12800,Respondent #312,Design - I had no trouble installing the product.,Neutral,0.444029,0.918545
12801,Respondent #312,"Design - The product's design is unintuitive.",Strongly Disagree,0.143191,0.371641
12802,Respondent #312,Quality - The product was durable.,Agree,0.161468,0.079442
12803,Respondent #312,Quality - The product was free from scratches.,Neutral,0.887168,0.492018
12804,Respondent #312,Quality - The product is deformed.,Neutral,0.959656,0.521251
12805,Respondent #312,Pricing - The product is affordable.,Neutral,0.29423,0.434551
12806,Respondent #312,Pricing - The product saves me valuable time.,Agree,0.357631,0.640456
12807,Respondent #312,Pricing - The product saves me valuable effort.,Strongly Disagree,0.680978,0.460741
12808,Respondent #313,Design - I easily understood how to use the product.,Disagree,0.332674,0.78566
12809,Respondent #313,Design - I had no trouble installing the product.,Agree,0.043465,0.909042
12810,Respondent #313,"Design - The product's design is unintuitive.",Neutral,0.020884,0.206854
12811,Respondent #313,Quality - The product was durable.,Neutral,0.490547,0.766868
12812,Respondent #313,Quality - The product was free from scratches.,Neutral,0.723266,0.812201
12813,Respondent #313,Quality - The product is deformed.,Strongly Agree,0.987736,0.360208
12814,Respondent #313,Pricing - The product is affordable.,Strongly Disagree,0.796384,0.007285
12815,Respondent #313,Pricing - The product saves me valuable time.,Agree,0.813191,0.326356
12816,Respondent #313,Pricing - The product saves me valuable effort.,Strongly Disagree,0.537759,0.137277
12817,Respondent #314,Design - I easily understood how to use the product.,Disagree,0.264328,0.080434
12818,Respondent #314,Design - I had no trouble installing the product.,Neutral,0.752289,0.637844
12819,Respondent #314,"Design - The product's design is unintuitive.",Neutral,0.248824,0.883759
12820,Respondent #314,Quality - The product was durable.,Neutral,0.978557,0.155357
12821,Respondent #314,Quality - The product was free from scratches.,Disagree,0.782993,0.182765
12822,Respondent #314,Quality - The product is deformed.,Agree,0.261595,0.366299
12823,Respondent #314,Pricing - The product is affordable.,Strongly Disagree,0.205533,0.850635
12824,Respondent #314,Pricing - The product saves me valuable time.,Strongly Agree,0.205637,0.341921
12825,Respondent #314,Pricing - The product saves me valuable effort.,Strongly Disagree,0.702601,0.184746
12826,Respondent #315,Design - I easily understood how to use the product.,Disagree,0.521863,0.226398
12827,Respondent #315,Design - I had no trouble installing the product.,Strongly Agree,0.843326,0.247379
12828,Respondent #315,"Design - The product's design is unintuitive.",Disagree,0.121344,0.115609
12829,Respondent #315,Quality - The product was durable.,Strongly Agree,0.236784,0.033583
12830,Respondent #315,Quality - The product was free from scratches.,Neutral,0.926931,0.677387
12831,Respondent #315,Quality - The product is deformed.,Agree,0.547715,0.283637
12832,Respondent #315,Pricing - The product is affordable.,Strongly Disagree,0.20562,0.782798
12833,Respondent #315,Pricing - The product saves me valuable time.,Agree,0.11668,0.259431
12834,Respondent #315,Pricing - The product saves me valuable effort.,Strongly Disagree,0.716234,0.648916
12835,Respondent #316,Design - I easily understood how to use the product.,Strongly Disagree,0.918299,0.449145
12836,Respondent #316,Design - I had no trouble installing the product.,Strongly Agree,0.267123,0.659615
12837,Respondent #316,"Design - The product's design is unintuitive.",Strongly Disagree,0.188673,0.039811
12838,Respondent #316,Quality - The product was durable.,Strongly Agree,0.136855,0.192588
12839,Respondent #316,Quality - The product was free from scratches.,Disagree,0.671077,0.894651
12840,Respondent #316,Quality - The product is deformed.,Disagree,0.820788,0.870378
12841,Respondent #316,Pricing - The product is affordable.,Strongly Disagree,0.373013,0.05067
12842,Respondent #316,Pricing - The product saves me valuable time.,Neutral,0.509598,0.742821
12843,Respondent #316,Pricing - The product saves me valuable effort.,Strongly Disagree,0.306953,0.847614
12844,Respondent #317,Design - I easily understood how to use the product.,Neutral,0.80272,0.969084
12845,Respondent #317,Design - I had no trouble installing the product.,Strongly Agree,0.484495,0.273189
12846,Respondent #317,"Design - The product's design is unintuitive.",Agree,0.717522,0.484368
12847,Respondent #317,Quality - The product was durable.,Strongly Agree,0.003447,0.221591
12848,Respondent #317,Quality - The product was free from scratches.,Disagree,0.481629,0.175226
12849,Respondent #317,Quality - The product is deformed.,Strongly Agree,0.454835,0.052721
12850,Respondent #317,Pricing - The product is affordable.,Agree,0.30827,0.712338
12851,Respondent #317,Pricing - The product saves me valuable time.,Neutral,0.769126,0.851789
12852,Respondent #317,Pricing - The product saves me valuable effort.,Disagree,0.118369,0.542136
12853,Respondent #318,Design - I easily understood how to use the product.,Strongly Disagree,0.374449,0.325729
12854,Respondent #318,Design - I had no trouble installing the product.,Agree,0.024574,0.189403
12855,Respondent #318,"Design - The product's design is unintuitive.",Neutral,0.033351,0.355318
12856,Respondent #318,Quality - The product was durable.,Strongly Agree,0.778148,0.53639
12857,Respondent #318,Quality - The product was free from scratches.,Disagree,0.195165,0.353931
12858,Respondent #318,Quality - The product is deformed.,Neutral,0.887685,0.107132
12859,Respondent #318,Pricing - The product is affordable.,Disagree,0.916146,0.607366
12860,Respondent #318,Pricing - The product saves me valuable time.,Agree,0.024611,0.100298
12861,Respondent #318,Pricing - The product saves me valuable effort.,Disagree,0.21041,0.700714
12862,Respondent #319,Design - I easily understood how to use the product.,Strongly Disagree,0.90453,0.484897
12863,Respondent #319,Design - I had no trouble installing the product.,Agree,0.200148,0.907629
12864,Respondent #319,"Design - The product's design is unintuitive.",Neutral,0.93377,0.371661
12865,Respondent #319,Quality - The product was durable.,Agree,0.683442,0.688193
12866,Respondent #319,Quality - The product was free from scratches.,Disagree,0.791519,0.589951
12867,Respondent #319,Quality - The product is deformed.,Neutral,0.009477,0.732603
12868,Respondent #319,Pricing - The product is affordable.,Strongly Disagree,0.920677,0.272455
12869,Respondent #319,Pricing - The product saves me valuable time.,Neutral,0.40897,0.053071
12870,Respondent #319,Pricing - The product saves me valuable effort.,Strongly Disagree,0.557778,0.044654
12871,Respondent #320,Design - I easily understood how to use the product.,Strongly Disagree,0.557984,0.4628
12872,Respondent #320,Design - I had no trouble installing the product.,Strongly Agree,0.296299,0.003366
12873,Respondent #320,"Design - The product's design is unintuitive.",Disagree,0.574379,0.45879
12874,Respondent #320,Quality - The product was durable.,Strongly Agree,0.593484,0.517546
12875,Respondent #320,Quality - The product was free from scratches.,Neutral,0.045461,0.109191
12876,Respondent #320,Quality - The product is deformed.,Agree,0.248566,0.768465
12877,Respondent #320,Pricing - The product is affordable.,Neutral,0.428945,0.949312
12878,Respondent #320,Pricing - The product saves me valuable time.,Strongly Agree,0.375161,0.503028
12879,Respondent #320,Pricing - The product saves me valuable effort.,Disagree,0.646362,0.77429
12880,Respondent #321,Design - I easily understood how to use the product.,Disagree,0.258219,0.835349
12881,Respondent #321,Design - I had no trouble installing the product.,Neutral,0.964696,0.550043
12882,Respondent #321,"Design - The product's design is unintuitive.",Disagree,0.63036,0.809591
12883,Respondent #321,Quality - The product was durable.,Disagree,0.110363,0.921627
12884,Respondent #321,Quality - The product was free from scratches.,Disagree,0.155778,0.308767
12885,Respondent #321,Quality - The product is deformed.,Strongly Agree,0.249232,0.904809
12886,Respondent #321,Pricing - The product is affordable.,Strongly Agree,0.208496,0.201833
12887,Respondent #321,Pricing - The product saves me valuable time.,Agree,0.089432,0.257288
12888,Respondent #321,Pricing - The product saves me valuable effort.,Strongly Disagree,0.855843,0.709023
12889,Respondent #322,Design - I easily understood how to use the product.,Strongly Disagree,0.452723,0.582845
12890,Respondent #322,Design - I had no trouble installing the product.,Strongly Agree,0.349939,0.231774
12891,Respondent #322,"Design - The product's design is unintuitive.",Disagree,0.947122,0.51004
12892,Respondent #322,Quality - The product was durable.,Agree,0.205303,0.296299
12893,Respondent #322,Quality - The product was free from scratches.,Disagree,0.482849,0.5738
12894,Respondent #322,Quality - The product is deformed.,Neutral,0.258197,0.792386
12895,Respondent #322,Pricing - The product is affordable.,Strongly Disagree,0.989027,0.996031
12896,Respondent #322,Pricing - The product saves me valuable time.,Agree,0.410291,0.880819
12897,Respondent #322,Pricing - The product saves me valuable effort.,Disagree,0.231284,0.790391
12898,Respondent #323,Design - I easily understood how to use the product.,Strongly Disagree,0.296529,0.68126
12899,Respondent #323,Design - I had no trouble installing the product.,Neutral,0.875982,0.905043
12900,Respondent #323,"Design - The product's design is unintuitive.",Strongly Disagree,0.69518,0.581228
12901,Respondent #323,Quality - The product was durable.,Agree,0.074972,0.919264
12902,Respondent #323,Quality - The product was free from scratches.,Disagree,0.762159,0.46302
12903,Respondent #323,Quality - The product is deformed.,Neutral,0.077033,0.182377
12904,Respondent #323,Pricing - The product is affordable.,Neutral,0.225415,0.157381
12905,Respondent #323,Pricing - The product saves me valuable time.,Agree,0.085522,0.206914
12906,Respondent #323,Pricing - The product saves me valuable effort.,Strongly Disagree,0.7016,0.887475
12907,Respondent #324,Design - I easily understood how to use the product.,Strongly Disagree,0.175716,0.092408
12908,Respondent #324,Design - I had no trouble installing the product.,Strongly Agree,0.934819,0.468698
12909,Respondent #324,"Design - The product's design is unintuitive.",Agree,0.128373,0.626461
12910,Respondent #324,Quality - The product was durable.,Strongly Agree,0.307658,0.126249
12911,Respondent #324,Quality - The product was free from scratches.,Disagree,0.192155,0.452631
12912,Respondent #324,Quality - The product is deformed.,Neutral,0.902959,0.40623
12913,Respondent #324,Pricing - The product is affordable.,Strongly Disagree,0.490119,0.697817
12914,Respondent #324,Pricing - The product saves me valuable time.,Agree,0.730795,0.133164
12915,Respondent #324,Pricing - The product saves me valuable effort.,Disagree,0.224484,0.696988
12916,Respondent #325,Design - I easily understood how to use the product.,Strongly Disagree,0.333043,0.491926
12917,Respondent #325,Design - I had no trouble installing the product.,Strongly Agree,0.56313,0.694106
12918,Respondent #325,"Design - The product's design is unintuitive.",Strongly Disagree,0.985086,0.285947
12919,Respondent #325,Quality - The product was durable.,Neutral,0.761586,0.324744
12920,Respondent #325,Quality - The product was free from scratches.,Disagree,0.942199,0.026191
12921,Respondent #325,Quality - The product is deformed.,Strongly Agree,0.665587,0.336985
12922,Respondent #325,Pricing - The product is affordable.,Agree,0.600091,0.294694
12923,Respondent #325,Pricing - The product saves me valuable time.,Neutral,0.692392,0.603591
12924,Respondent #325,Pricing - The product saves me valuable effort.,Disagree,0.789277,0.067556
12925,Respondent #326,Design - I easily understood how to use the product.,Strongly Disagree,0.747217,0.99087
12926,Respondent #326,Design - I had no trouble installing the product.,Strongly Agree,0.579083,0.904051
12927,Respondent #326,"Design - The product's design is unintuitive.",Neutral,0.936747,0.801791
12928,Respondent #326,Quality - The product was durable.,Strongly Agree,0.451682,0.964163
12929,Respondent #326,Quality - The product was free from scratches.,Neutral,0.089234,0.540533
12930,Respondent #326,Quality - The product is deformed.,Strongly Agree,0.991192,0.120162
12931,Respondent #326,Pricing - The product is affordable.,Neutral,0.107345,0.62664
12932,Respondent #326,Pricing - The product saves me valuable time.,Agree,0.938811,0.054825
12933,Respondent #326,Pricing - The product saves me valuable effort.,Strongly Disagree,0.287373,0.428215
12934,Respondent #327,Design - I easily understood how to use the product.,Strongly Disagree,0.759942,0.032724
12935,Respondent #327,Design - I had no trouble installing the product.,Neutral,0.274818,0.663293
12936,Respondent #327,"Design - The product's design is unintuitive.",Agree,0.858504,0.028838
12937,Respondent #327,Quality - The product was durable.,Strongly Agree,0.531649,0.381774
12938,Respondent #327,Quality - The product was free from scratches.,Disagree,0.74959,0.109379
12939,Respondent #327,Quality - The product is deformed.,Neutral,0.862197,0.698768
12940,Respondent #327,Pricing - The product is affordable.,Strongly Disagree,0.775139,0.872274
12941,Respondent #327,Pricing - The product saves me valuable time.,Agree,0.464358,0.244456
12942,Respondent #327,Pricing - The product saves me valuable effort.,Disagree,0.911077,0.857161
12943,Respondent #328,Design - I easily understood how to use the product.,Disagree,0.743331,0.978477
12944,Respondent #328,Design - I had no trouble installing the product.,Agree,0.341613,0.950005
12945,Respondent #328,"Design - The product's design is unintuitive.",Disagree,0.530893,0.591269
12946,Respondent #328,Quality - The product was durable.,Neutral,0.863691,0.512313
12947,Respondent #328,Quality - The product was free from scratches.,Disagree,0.601126,0.116437
12948,Respondent #328,Quality - The product is deformed.,Neutral,0.653545,0.248946
12949,Respondent #328,Pricing - The product is affordable.,Disagree,0.397269,0.053842
12950,Respondent #328,Pricing - The product saves me valuable time.,Agree,0.61735,0.068329
12951,Respondent #328,Pricing - The product saves me valuable effort.,Strongly Disagree,0.211025,0.346808
12952,Respondent #329,Design - I easily understood how to use the product.,Strongly Disagree,0.019047,0.691235
12953,Respondent #329,Design - I had no trouble installing the product.,Agree,0.717602,0.490828
12954,Respondent #329,"Design - The product's design is unintuitive.",Disagree,0.761079,0.233003
12955,Respondent #329,Quality - The product was durable.,Agree,0.741233,0.532702
12956,Respondent #329,Quality - The product was free from scratches.,Disagree,0.537069,0.389848
12957,Respondent #329,Quality - The product is deformed.,Agree,0.067329,0.497724
12958,Respondent #329,Pricing - The product is affordable.,Strongly Disagree,0.437055,0.646609
12959,Respondent #329,Pricing - The product saves me valuable time.,Agree,0.603382,0.355772
12960,Respondent #329,Pricing - The product saves me valuable effort.,Strongly Disagree,0.668463,0.006893
12961,Respondent #330,Design - I easily understood how to use the product.,Strongly Disagree,0.552619,0.664987
12962,Respondent #330,Design - I had no trouble installing the product.,Strongly Agree,0.59145,0.673459
12963,Respondent #330,"Design - The product's design is unintuitive.",Neutral,0.477303,0.925401
12964,Respondent #330,Quality - The product was durable.,Agree,0.756357,0.018456
12965,Respondent #330,Quality - The product was free from scratches.,Disagree,0.817134,0.086491
12966,Respondent #330,Quality - The product is deformed.,Strongly Agree,0.742019,0.458271
12967,Respondent #330,Pricing - The product is affordable.,Disagree,0.656607,0.13423
12968,Respondent #330,Pricing - The product saves me valuable time.,Agree,0.395577,0.410408
12969,Respondent #330,Pricing - The product saves me valuable effort.,Disagree,0.911602,0.403846
12970,Respondent #331,Design - I easily understood how to use the product.,Strongly Disagree,0.970094,0.564169
12971,Respondent #331,Design - I had no trouble installing the product.,Strongly Agree,0.526181,0.196924
12972,Respondent #331,"Design - The product's design is unintuitive.",Strongly Disagree,0.317425,0.247093
12973,Respondent #331,Quality - The product was durable.,Agree,0.645911,0.634276
12974,Respondent #331,Quality - The product was free from scratches.,Neutral,0.549447,0.407404
12975,Respondent #331,Quality - The product is deformed.,Agree,0.558607,0.251524
12976,Respondent #331,Pricing - The product is affordable.,Strongly Disagree,0.980169,0.257971
12977,Respondent #331,Pricing - The product saves me valuable time.,Agree,0.98822,0.871091
12978,Respondent #331,Pricing - The product saves me valuable effort.,Disagree,0.627663,0.509722
12979,Respondent #332,Design - I easily understood how to use the product.,Disagree,0.077787,0.441083
12980,Respondent #332,Design - I had no trouble installing the product.,Strongly Agree,0.125764,0.196462
12981,Respondent #332,"Design - The product's design is unintuitive.",Strongly Disagree,0.84312,0.459065
12982,Respondent #332,Quality - The product was durable.,Agree,0.331447,0.287929
12983,Respondent #332,Quality - The product was free from scratches.,Disagree,0.221954,0.139027
12984,Respondent #332,Quality - The product is deformed.,Agree,0.428445,0.877921
12985,Respondent #332,Pricing - The product is affordable.,Strongly Agree,0.192934,0.463835
12986,Respondent #332,Pricing - The product saves me valuable time.,Strongly Agree,0.880156,0.529378
12987,Respondent #332,Pricing - The product saves me valuable effort.,Disagree,0.826005,0.367655
12988,Respondent #333,Design - I easily understood how to use the product.,Neutral,0.572585,0.821557
12989,Respondent #333,Design - I had no trouble installing the product.,Strongly Agree,0.912345,0.599534
12990,Respondent #333,"Design - The product's design is unintuitive.",Neutral,0.529258,0.480496
12991,Respondent #333,Quality - The product was durable.,Agree,0.120382,0.18555
12992,Respondent #333,Quality - The product was free from scratches.,Disagree,0.749565,0.091441
12993,Respondent #333,Quality - The product is deformed.,Neutral,0.691419,0.957761
12994,Respondent #333,Pricing - The product is affordable.,Strongly Disagree,0.20891,0.706881
12995,Respondent #333,Pricing - The product saves me valuable time.,Neutral,0.722449,0.689574
12996,Respondent #333,Pricing - The product saves me valuable effort.,Strongly Disagree,0.673005,0.039154
12997,Respondent #334,Design - I easily understood how to use the product.,Strongly Disagree,0.185435,0.312059
12998,Respondent #334,Design - I had no trouble installing the product.,Neutral,0.87255,0.20402
12999,Respondent #334,"Design - The product's design is unintuitive.",Agree,0.553311,0.930195
13000,Respondent #334,Quality - The product was durable.,Agree,0.613014,0.086173
13001,Respondent #334,Quality - The product was free from scratches.,Disagree,0.078858,0.048408
13002,Respondent #334,Quality - The product is deformed.,Strongly Agree,0.912019,0.053544
13003,Respondent #334,Pricing - The product is affordable.,Strongly Agree,0.973491,0.404707
13004,Respondent #334,Pricing - The product saves me valuable time.,Agree,0.351051,0.525229
13005,Respondent #334,Pricing - The product saves me valuable effort.,Strongly Disagree,0.009813,0.895966
13006,Respondent #335,Design - I easily understood how to use the product.,Strongly Agree,0.535743,0.341271
13007,Respondent #335,Design - I had no trouble installing the product.,Strongly Agree,0.568888,0.259727
13008,Respondent #335,"Design - The product's design is unintuitive.",Neutral,0.998955,0.508968
13009,Respondent #335,Quality - The product was durable.,Agree,0.882776,0.96749
13010,Respondent #335,Quality - The product was free from scratches.,Neutral,0.526526,0.884371
13011,Respondent #335,Quality - The product is deformed.,Neutral,0.136634,0.844424
13012,Respondent #335,Pricing - The product is affordable.,Disagree,0.863815,0.175049
13013,Respondent #335,Pricing - The product saves me valuable time.,Agree,0.749491,0.391705
13014,Respondent #335,Pricing - The product saves me valuable effort.,Disagree,0.620833,0.645715
13015,Respondent #336,Design - I easily understood how to use the product.,Disagree,0.966856,0.179089
13016,Respondent #336,Design - I had no trouble installing the product.,Neutral,0.294363,0.573049
13017,Respondent #336,"Design - The product's design is unintuitive.",Neutral,0.061276,0.941085
13018,Respondent #336,Quality - The product was durable.,Agree,0.102386,0.194989
13019,Respondent #336,Quality - The product was free from scratches.,Neutral,0.121293,0.038485
13020,Respondent #336,Quality - The product is deformed.,Disagree,0.1715,0.527764
13021,Respondent #336,Pricing - The product is affordable.,Agree,0.851172,0.215927
13022,Respondent #336,Pricing - The product saves me valuable time.,Neutral,0.911612,0.051183
13023,Respondent #336,Pricing - The product saves me valuable effort.,Neutral,0.473313,0.884579
13024,Respondent #337,Design - I easily understood how to use the product.,Strongly Agree,0.400246,0.159052
13025,Respondent #337,Design - I had no trouble installing the product.,Neutral,0.296989,0.838943
13026,Respondent #337,"Design - The product's design is unintuitive.",Neutral,0.796535,0.634332
13027,Respondent #337,Quality - The product was durable.,Agree,0.955276,0.883067
13028,Respondent #337,Quality - The product was free from scratches.,Disagree,0.036383,0.15419
13029,Respondent #337,Quality - The product is deformed.,Agree,0.617573,0.646505
13030,Respondent #337,Pricing - The product is affordable.,Strongly Disagree,0.641452,0.076243
13031,Respondent #337,Pricing - The product saves me valuable time.,Agree,0.123897,0.544301
13032,Respondent #337,Pricing - The product saves me valuable effort.,Strongly Disagree,0.408435,0.229167
13033,Respondent #338,Design - I easily understood how to use the product.,Strongly Disagree,0.254275,0.199574
13034,Respondent #338,Design - I had no trouble installing the product.,Strongly Agree,0.23983,0.542354
13035,Respondent #338,"Design - The product's design is unintuitive.",Strongly Agree,0.62697,0.297118
13036,Respondent #338,Quality - The product was durable.,Agree,0.997768,0.889934
13037,Respondent #338,Quality - The product was free from scratches.,Disagree,0.968581,0.876163
13038,Respondent #338,Quality - The product is deformed.,Agree,0.150558,0.334246
13039,Respondent #338,Pricing - The product is affordable.,Neutral,0.366496,0.622251
13040,Respondent #338,Pricing - The product saves me valuable time.,Strongly Agree,0.400839,0.90513
13041,Respondent #338,Pricing - The product saves me valuable effort.,Neutral,0.352438,0.412736
13042,Respondent #339,Design - I easily understood how to use the product.,Neutral,0.720728,0.760792
13043,Respondent #339,Design - I had no trouble installing the product.,Agree,0.63053,0.042758
13044,Respondent #339,"Design - The product's design is unintuitive.",Neutral,0.469207,0.364517
13045,Respondent #339,Quality - The product was durable.,Agree,0.13177,0.647817
13046,Respondent #339,Quality - The product was free from scratches.,Disagree,0.285847,0.357855
13047,Respondent #339,Quality - The product is deformed.,Agree,0.68413,0.932372
13048,Respondent #339,Pricing - The product is affordable.,Neutral,0.869137,0.503265
13049,Respondent #339,Pricing - The product saves me valuable time.,Agree,0.8063,0.160865
13050,Respondent #339,Pricing - The product saves me valuable effort.,Disagree,0.832674,0.250619
13051,Respondent #340,Design - I easily understood how to use the product.,Strongly Disagree,0.294573,0.45294
13052,Respondent #340,Design - I had no trouble installing the product.,Agree,0.67522,0.45139
13053,Respondent #340,"Design - The product's design is unintuitive.",Neutral,0.914969,0.746234
13054,Respondent #340,Quality - The product was durable.,Strongly Agree,0.40699,0.327387
13055,Respondent #340,Quality - The product was free from scratches.,Strongly Disagree,0.588556,0.657665
13056,Respondent #340,Quality - The product is deformed.,Agree,0.862424,0.94872
13057,Respondent #340,Pricing - The product is affordable.,Strongly Disagree,0.749355,0.195465
13058,Respondent #340,Pricing - The product saves me valuable time.,Neutral,0.552959,0.047377
13059,Respondent #340,Pricing - The product saves me valuable effort.,Disagree,0.235625,0.724123
13060,Respondent #341,Design - I easily understood how to use the product.,Strongly Agree,0.473012,0.207727
13061,Respondent #341,Design - I had no trouble installing the product.,Neutral,0.003947,0.93715
13062,Respondent #341,"Design - The product's design is unintuitive.",Agree,0.097392,0.61677
13063,Respondent #341,Quality - The product was durable.,Agree,0.33831,0.356528
13064,Respondent #341,Quality - The product was free from scratches.,Disagree,0.016377,0.249109
13065,Respondent #341,Quality - The product is deformed.,Disagree,0.182694,0.558369
13066,Respondent #341,Pricing - The product is affordable.,Strongly Disagree,0.053244,0.83152
13067,Respondent #341,Pricing - The product saves me valuable time.,Strongly Agree,0.11234,0.496776
13068,Respondent #341,Pricing - The product saves me valuable effort.,Strongly Disagree,0.141191,0.221874
13069,Respondent #342,Design - I easily understood how to use the product.,Neutral,0.675076,0.177249
13070,Respondent #342,Design - I had no trouble installing the product.,Agree,0.85231,0.066796
13071,Respondent #342,"Design - The product's design is unintuitive.",Strongly Disagree,0.623567,0.228495
13072,Respondent #342,Quality - The product was durable.,Strongly Agree,0.548965,0.061524
13073,Respondent #342,Quality - The product was free from scratches.,Neutral,0.880842,0.931345
13074,Respondent #342,Quality - The product is deformed.,Disagree,0.86573,0.152169
13075,Respondent #342,Pricing - The product is affordable.,Strongly Disagree,0.144419,0.389389
13076,Respondent #342,Pricing - The product saves me valuable time.,Neutral,0.108071,0.1283
13077,Respondent #342,Pricing - The product saves me valuable effort.,Neutral,0.441893,0.16089
13078,Respondent #343,Design - I easily understood how to use the product.,Neutral,0.995098,0.971826
13079,Respondent #343,Design - I had no trouble installing the product.,Agree,0.106765,0.004271
13080,Respondent #343,"Design - The product's design is unintuitive.",Disagree,0.485291,0.777907
13081,Respondent #343,Quality - The product was durable.,Agree,0.183882,0.881255
13082,Respondent #343,Quality - The product was free from scratches.,Disagree,0.321559,0.67978
13083,Respondent #343,Quality - The product is deformed.,Neutral,0.722739,0.072375
13084,Respondent #343,Pricing - The product is affordable.,Strongly Disagree,0.998854,0.421662
13085,Respondent #343,Pricing - The product saves me valuable time.,Disagree,0.443315,0.736945
13086,Respondent #343,Pricing - The product saves me valuable effort.,Disagree,0.079945,0.540502
13087,Respondent #344,Design - I easily understood how to use the product.,Strongly Disagree,0.083664,0.493951
13088,Respondent #344,Design - I had no trouble installing the product.,Agree,0.431261,0.118482
13089,Respondent #344,"Design - The product's design is unintuitive.",Disagree,0.867404,0.91544
13090,Respondent #344,Quality - The product was durable.,Strongly Agree,0.823609,0.525306
13091,Respondent #344,Quality - The product was free from scratches.,Disagree,0.232292,0.04074
13092,Respondent #344,Quality - The product is deformed.,Neutral,0.207975,0.957909
13093,Respondent #344,Pricing - The product is affordable.,Neutral,0.255956,0.244241
13094,Respondent #344,Pricing - The product saves me valuable time.,Agree,0.712003,0.963293
13095,Respondent #344,Pricing - The product saves me valuable effort.,Strongly Disagree,0.753285,0.320952
13096,Respondent #345,Design - I easily understood how to use the product.,Strongly Disagree,0.073692,0.931871
13097,Respondent #345,Design - I had no trouble installing the product.,Strongly Agree,0.887549,0.830431
13098,Respondent #345,"Design - The product's design is unintuitive.",Neutral,0.319361,0.303021
13099,Respondent #345,Quality - The product was durable.,Strongly Agree,0.299813,0.321745
13100,Respondent #345,Quality - The product was free from scratches.,Disagree,0.166578,0.239061
13101,Respondent #345,Quality - The product is deformed.,Agree,0.557028,0.88019
13102,Respondent #345,Pricing - The product is affordable.,Strongly Disagree,0.972895,0.069553
13103,Respondent #345,Pricing - The product saves me valuable time.,Neutral,0.409162,0.687013
13104,Respondent #345,Pricing - The product saves me valuable effort.,Neutral,0.193622,0.929932
13105,Respondent #346,Design - I easily understood how to use the product.,Strongly Disagree,0.273043,0.986689
13106,Respondent #346,Design - I had no trouble installing the product.,Strongly Disagree,0.551664,0.763199
13107,Respondent #346,"Design - The product's design is unintuitive.",Disagree,0.530327,0.276674
13108,Respondent #346,Quality - The product was durable.,Agree,0.220059,0.782232
13109,Respondent #346,Quality - The product was free from scratches.,Disagree,0.193667,0.458978
13110,Respondent #346,Quality - The product is deformed.,Disagree,0.568412,0.682313
13111,Respondent #346,Pricing - The product is affordable.,Agree,0.587738,0.878802
13112,Respondent #346,Pricing - The product saves me valuable time.,Neutral,0.975693,0.643945
13113,Respondent #346,Pricing - The product saves me valuable effort.,Disagree,0.169521,0.388201
13114,Respondent #347,Design - I easily understood how to use the product.,Strongly Disagree,0.509717,0.326978
13115,Respondent #347,Design - I had no trouble installing the product.,Neutral,0.924287,0.261094
13116,Respondent #347,"Design - The product's design is unintuitive.",Disagree,0.49058,0.854361
13117,Respondent #347,Quality - The product was durable.,Agree,0.23248,0.485194
13118,Respondent #347,Quality - The product was free from scratches.,Neutral,0.335557,0.679093
13119,Respondent #347,Quality - The product is deformed.,Disagree,0.907148,0.92015
13120,Respondent #347,Pricing - The product is affordable.,Neutral,0.248212,0.50707
13121,Respondent #347,Pricing - The product saves me valuable time.,Agree,0.727718,0.351487
13122,Respondent #347,Pricing - The product saves me valuable effort.,Disagree,0.612446,0.086954
13123,Respondent #348,Design - I easily understood how to use the product.,Agree,0.721963,0.913024
13124,Respondent #348,Design - I had no trouble installing the product.,Neutral,0.101924,0.030339
13125,Respondent #348,"Design - The product's design is unintuitive.",Agree,0.130108,0.419223
13126,Respondent #348,Quality - The product was durable.,Neutral,0.944303,0.734258
13127,Respondent #348,Quality - The product was free from scratches.,Strongly Disagree,0.207337,0.565454
13128,Respondent #348,Quality - The product is deformed.,Agree,0.899315,0.473397
13129,Respondent #348,Pricing - The product is affordable.,Strongly Disagree,0.275224,0.146344
13130,Respondent #348,Pricing - The product saves me valuable time.,Disagree,0.78824,0.303889
13131,Respondent #348,Pricing - The product saves me valuable effort.,Disagree,0.871021,0.113425
13132,Respondent #349,Design - I easily understood how to use the product.,Strongly Disagree,0.245435,0.08048
13133,Respondent #349,Design - I had no trouble installing the product.,Strongly Agree,0.658531,0.556315
13134,Respondent #349,"Design - The product's design is unintuitive.",Strongly Disagree,0.908141,0.160178
13135,Respondent #349,Quality - The product was durable.,Agree,0.177989,0.947128
13136,Respondent #349,Quality - The product was free from scratches.,Neutral,0.203115,0.501604
13137,Respondent #349,Quality - The product is deformed.,Strongly Agree,0.176316,0.558596
13138,Respondent #349,Pricing - The product is affordable.,Agree,0.584408,0.887588
13139,Respondent #349,Pricing - The product saves me valuable time.,Neutral,0.935311,0.107265
13140,Respondent #349,Pricing - The product saves me valuable effort.,Disagree,0.604119,0.563535
13141,Respondent #350,Design - I easily understood how to use the product.,Strongly Disagree,0.533785,0.957762
13142,Respondent #350,Design - I had no trouble installing the product.,Strongly Agree,0.122416,0.541762
13143,Respondent #350,"Design - The product's design is unintuitive.",Disagree,0.619437,0.933484
13144,Respondent #350,Quality - The product was durable.,Strongly Agree,0.320692,0.805016
13145,Respondent #350,Quality - The product was free from scratches.,Disagree,0.832209,0.637911
13146,Respondent #350,Quality - The product is deformed.,Neutral,0.840781,0.08169
13147,Respondent #350,Pricing - The product is affordable.,Strongly Agree,0.344779,0.316122
13148,Respondent #350,Pricing - The product saves me valuable time.,Agree,0.475457,0.107354
13149,Respondent #350,Pricing - The product saves me valuable effort.,Disagree,0.332723,0.353954
13150,Respondent #351,Design - I easily understood how to use the product.,Strongly Disagree,0.175776,0.020078
13151,Respondent #351,Design - I had no trouble installing the product.,Strongly Agree,0.7215,0.463328
13152,Respondent #351,"Design - The product's design is unintuitive.",Agree,0.123121,0.31907
13153,Respondent #351,Quality - The product was durable.,Neutral,0.847018,0.491072
13154,Respondent #351,Quality - The product was free from scratches.,Neutral,0.025928,0.779443
13155,Respondent #351,Quality - The product is deformed.,Disagree,0.160176,0.814111
13156,Respondent #351,Pricing - The product is affordable.,Disagree,0.933991,0.322991
13157,Respondent #351,Pricing - The product saves me valuable time.,Agree,0.992468,0.272948
13158,Respondent #351,Pricing - The product saves me valuable effort.,Strongly Disagree,0.839869,0.144726
13159,Respondent #352,Design - I easily understood how to use the product.,Strongly Disagree,0.465874,0.797464
13160,Respondent #352,Design - I had no trouble installing the product.,Disagree,0.73555,0.716826
13161,Respondent #352,"Design - The product's design is unintuitive.",Disagree,0.027131,0.995782
13162,Respondent #352,Quality - The product was durable.,Strongly Agree,0.124883,0.360067
13163,Respondent #352,Quality - The product was free from scratches.,Disagree,0.628982,0.120866
13164,Respondent #352,Quality - The product is deformed.,Strongly Agree,0.769534,0.865878
13165,Respondent #352,Pricing - The product is affordable.,Neutral,0.449673,0.9
13166,Respondent #352,Pricing - The product saves me valuable time.,Agree,0.078871,0.996943
13167,Respondent #352,Pricing - The product saves me valuable effort.,Disagree,0.424354,0.88885
13168,Respondent #353,Design - I easily understood how to use the product.,Strongly Disagree,0.150681,0.924221
13169,Respondent #353,Design - I had no trouble installing the product.,Strongly Agree,0.246104,0.98766
13170,Respondent #353,"Design - The product's design is unintuitive.",Agree,0.896316,0.151314
13171,Respondent #353,Quality - The product was durable.,Strongly Agree,0.076668,0.69562
13172,Respondent #353,Quality - The product was free from scratches.,Disagree,0.38643,0.308984
13173,Respondent #353,Quality - The product is deformed.,Neutral,0.898403,0.525777
13174,Respondent #353,Pricing - The product is affordable.,Disagree,0.536274,0.918976
13175,Respondent #353,Pricing - The product saves me valuable time.,Agree,0.392819,0.47279
13176,Respondent #353,Pricing - The product saves me valuable effort.,Disagree,0.906588,0.753903
13177,Respondent #354,Design - I easily understood how to use the product.,Strongly Disagree,0.210787,0.435089
13178,Respondent #354,Design - I had no trouble installing the product.,Agree,0.770599,0.491878
13179,Respondent #354,"Design - The product's design is unintuitive.",Agree,0.021676,0.319873
13180,Respondent #354,Quality - The product was durable.,Strongly Agree,0.745747,0.245971
13181,Respondent #354,Quality - The product was free from scratches.,Disagree,0.557591,0.3591
13182,Respondent #354,Quality - The product is deformed.,Disagree,0.187609,0.878338
13183,Respondent #354,Pricing - The product is affordable.,Strongly Disagree,0.293848,0.685948
13184,Respondent #354,Pricing - The product saves me valuable time.,Agree,0.149804,0.939607
13185,Respondent #354,Pricing - The product saves me valuable effort.,Neutral,0.699864,0.269992
13186,Respondent #355,Design - I easily understood how to use the product.,Disagree,0.851783,0.879188
13187,Respondent #355,Design - I had no trouble installing the product.,Disagree,0.552613,0.757637
13188,Respondent #355,"Design - The product's design is unintuitive.",Agree,0.55537,0.787995
13189,Respondent #355,Quality - The product was durable.,Neutral,0.181547,0.063165
13190,Respondent #355,Quality - The product was free from scratches.,Disagree,0.610751,0.001318
13191,Respondent #355,Quality - The product is deformed.,Agree,0.47181,0.768941
13192,Respondent #355,Pricing - The product is affordable.,Disagree,0.958915,0.919286
13193,Respondent #355,Pricing - The product saves me valuable time.,Agree,0.236007,0.020537
13194,Respondent #355,Pricing - The product saves me valuable effort.,Disagree,0.734649,0.196604
13195,Respondent #356,Design - I easily understood how to use the product.,Agree,0.303545,0.83951
13196,Respondent #356,Design - I had no trouble installing the product.,Strongly Agree,0.993253,0.008244
13197,Respondent #356,"Design - The product's design is unintuitive.",Disagree,0.856728,0.575298
13198,Respondent #356,Quality - The product was durable.,Agree,0.535544,0.353458
13199,Respondent #356,Quality - The product was free from scratches.,Neutral,0.008769,0.017059
13200,Respondent #356,Quality - The product is deformed.,Neutral,0.351038,0.163283
13201,Respondent #356,Pricing - The product is affordable.,Agree,0.328764,0.861845
13202,Respondent #356,Pricing - The product saves me valuable time.,Neutral,0.519952,0.188384
13203,Respondent #356,Pricing - The product saves me valuable effort.,Disagree,0.637664,0.411501
13204,Respondent #357,Design - I easily understood how to use the product.,Agree,0.156528,0.521909
13205,Respondent #357,Design - I had no trouble installing the product.,Neutral,0.162999,0.717983
13206,Respondent #357,"Design - The product's design is unintuitive.",Agree,0.513128,0.069852
13207,Respondent #357,Quality - The product was durable.,Agree,0.182366,0.03715
13208,Respondent #357,Quality - The product was free from scratches.,Neutral,0.263769,0.801815
13209,Respondent #357,Quality - The product is deformed.,Disagree,0.834765,0.198476
13210,Respondent #357,Pricing - The product is affordable.,Strongly Disagree,0.567474,0.092742
13211,Respondent #357,Pricing - The product saves me valuable time.,Agree,0.958775,0.699887
13212,Respondent #357,Pricing - The product saves me valuable effort.,Disagree,0.90832,0.526408
13213,Respondent #358,Design - I easily understood how to use the product.,Strongly Disagree,0.263808,0.375516
13214,Respondent #358,Design - I had no trouble installing the product.,Agree,0.221007,0.881221
13215,Respondent #358,"Design - The product's design is unintuitive.",Disagree,0.567406,0.833041
13216,Respondent #358,Quality - The product was durable.,Agree,0.449831,0.927727
13217,Respondent #358,Quality - The product was free from scratches.,Disagree,0.478115,0.010709
13218,Respondent #358,Quality - The product is deformed.,Agree,0.825445,0.295066
13219,Respondent #358,Pricing - The product is affordable.,Strongly Disagree,0.990724,0.308266
13220,Respondent #358,Pricing - The product saves me valuable time.,Strongly Agree,0.406552,0.068
13221,Respondent #358,Pricing - The product saves me valuable effort.,Disagree,0.377169,0.892867
13222,Respondent #359,Design - I easily understood how to use the product.,Strongly Disagree,0.944921,0.728036
13223,Respondent #359,Design - I had no trouble installing the product.,Agree,0.943688,0.937767
13224,Respondent #359,"Design - The product's design is unintuitive.",Strongly Agree,0.190738,0.409606
13225,Respondent #359,Quality - The product was durable.,Agree,0.47156,0.831944
13226,Respondent #359,Quality - The product was free from scratches.,Disagree,0.48022,0.383853
13227,Respondent #359,Quality - The product is deformed.,Strongly Agree,0.458509,0.845719
13228,Respondent #359,Pricing - The product is affordable.,Strongly Disagree,0.300804,0.008824
13229,Respondent #359,Pricing - The product saves me valuable time.,Neutral,0.657089,0.442453
13230,Respondent #359,Pricing - The product saves me valuable effort.,Disagree,0.263884,0.641971
13231,Respondent #360,Design - I easily understood how to use the product.,Strongly Disagree,0.446743,0.186429
13232,Respondent #360,Design - I had no trouble installing the product.,Agree,0.054343,0.646579
13233,Respondent #360,"Design - The product's design is unintuitive.",Agree,0.81801,0.891368
13234,Respondent #360,Quality - The product was durable.,Strongly Agree,0.356073,0.494023
13235,Respondent #360,Quality - The product was free from scratches.,Neutral,0.989572,0.734804
13236,Respondent #360,Quality - The product is deformed.,Strongly Agree,0.227087,0.334682
13237,Respondent #360,Pricing - The product is affordable.,Agree,0.503075,0.578696
13238,Respondent #360,Pricing - The product saves me valuable time.,Agree,0.973178,0.45384
13239,Respondent #360,Pricing - The product saves me valuable effort.,Disagree,0.618119,0.35498
13240,Respondent #361,Design - I easily understood how to use the product.,Strongly Disagree,0.369421,0.780516
13241,Respondent #361,Design - I had no trouble installing the product.,Strongly Agree,0.659557,0.118851
13242,Respondent #361,"Design - The product's design is unintuitive.",Strongly Disagree,0.526468,0.363563
13243,Respondent #361,Quality - The product was durable.,Disagree,0.779941,0.437375
13244,Respondent #361,Quality - The product was free from scratches.,Disagree,0.598781,0.267205
13245,Respondent #361,Quality - The product is deformed.,Agree,0.032986,0.040256
13246,Respondent #361,Pricing - The product is affordable.,Agree,0.590936,0.928215
13247,Respondent #361,Pricing - The product saves me valuable time.,Neutral,0.119529,0.934478
13248,Respondent #361,Pricing - The product saves me valuable effort.,Disagree,0.246506,0.889238
13249,Respondent #362,Design - I easily understood how to use the product.,Strongly Disagree,0.026634,0.098809
13250,Respondent #362,Design - I had no trouble installing the product.,Strongly Agree,0.859652,0.018567
13251,Respondent #362,"Design - The product's design is unintuitive.",Neutral,0.914702,0.40188
13252,Respondent #362,Quality - The product was durable.,Agree,0.826863,0.144446
13253,Respondent #362,Quality - The product was free from scratches.,Neutral,0.456164,0.501112
13254,Respondent #362,Quality - The product is deformed.,Neutral,0.372128,0.64315
13255,Respondent #362,Pricing - The product is affordable.,Neutral,0.175655,0.126501
13256,Respondent #362,Pricing - The product saves me valuable time.,Agree,0.143128,0.290516
13257,Respondent #362,Pricing - The product saves me valuable effort.,Strongly Disagree,0.030037,0.017242
13258,Respondent #363,Design - I easily understood how to use the product.,Neutral,0.132718,0.674634
13259,Respondent #363,Design - I had no trouble installing the product.,Strongly Agree,0.929534,0.746799
13260,Respondent #363,"Design - The product's design is unintuitive.",Agree,0.479973,0.646963
13261,Respondent #363,Quality - The product was durable.,Strongly Agree,0.010125,0.070795
13262,Respondent #363,Quality - The product was free from scratches.,Disagree,0.308291,0.402401
13263,Respondent #363,Quality - The product is deformed.,Agree,0.415712,0.70176
13264,Respondent #363,Pricing - The product is affordable.,Disagree,0.848763,0.596307
13265,Respondent #363,Pricing - The product saves me valuable time.,Neutral,0.577787,0.869737
13266,Respondent #363,Pricing - The product saves me valuable effort.,Disagree,0.204794,0.056435
13267,Respondent #364,Design - I easily understood how to use the product.,Strongly Disagree,0.207524,0.653381
13268,Respondent #364,Design - I had no trouble installing the product.,Strongly Agree,0.093642,0.854721
13269,Respondent #364,"Design - The product's design is unintuitive.",Disagree,0.206626,0.444133
13270,Respondent #364,Quality - The product was durable.,Agree,0.631279,0.740919
13271,Respondent #364,Quality - The product was free from scratches.,Disagree,0.708431,0.090562
13272,Respondent #364,Quality - The product is deformed.,Disagree,0.743717,0.752412
13273,Respondent #364,Pricing - The product is affordable.,Neutral,0.945475,0.654394
13274,Respondent #364,Pricing - The product saves me valuable time.,Strongly Agree,0.43322,0.469269
13275,Respondent #364,Pricing - The product saves me valuable effort.,Strongly Disagree,0.730222,0.027837
13276,Respondent #365,Design - I easily understood how to use the product.,Strongly Disagree,0.010163,0.473073
13277,Respondent #365,Design - I had no trouble installing the product.,Agree,0.951361,0.196893
13278,Respondent #365,"Design - The product's design is unintuitive.",Strongly Agree,0.395489,0.523909
13279,Respondent #365,Quality - The product was durable.,Strongly Agree,0.660119,0.441018
13280,Respondent #365,Quality - The product was free from scratches.,Disagree,0.693905,0.167454
13281,Respondent #365,Quality - The product is deformed.,Neutral,0.393842,0.450711
13282,Respondent #365,Pricing - The product is affordable.,Neutral,0.107803,0.14803
13283,Respondent #365,Pricing - The product saves me valuable time.,Strongly Agree,0.703769,0.406844
13284,Respondent #365,Pricing - The product saves me valuable effort.,Disagree,0.209747,0.904646
13285,Respondent #366,Design - I easily understood how to use the product.,Strongly Disagree,0.226735,0.838825
13286,Respondent #366,Design - I had no trouble installing the product.,Agree,0.96366,0.109585
13287,Respondent #366,"Design - The product's design is unintuitive.",Neutral,0.948549,0.780225
13288,Respondent #366,Quality - The product was durable.,Agree,0.568758,0.09715
13289,Respondent #366,Quality - The product was free from scratches.,Disagree,0.228085,0.310563
13290,Respondent #366,Quality - The product is deformed.,Neutral,0.327581,0.623247
13291,Respondent #366,Pricing - The product is affordable.,Strongly Disagree,0.570182,0.652077
13292,Respondent #366,Pricing - The product saves me valuable time.,Agree,0.281559,0.840378
13293,Respondent #366,Pricing - The product saves me valuable effort.,Disagree,0.594512,0.099305
13294,Respondent #367,Design - I easily understood how to use the product.,Strongly Agree,0.422825,0.790425
13295,Respondent #367,Design - I had no trouble installing the product.,Strongly Agree,0.989721,0.546188
13296,Respondent #367,"Design - The product's design is unintuitive.",Agree,0.081266,0.520388
13297,Respondent #367,Quality - The product was durable.,Agree,0.24015,0.21001
13298,Respondent #367,Quality - The product was free from scratches.,Disagree,0.422892,0.130884
13299,Respondent #367,Quality - The product is deformed.,Agree,0.032586,0.216147
13300,Respondent #367,Pricing - The product is affordable.,Agree,0.762322,0.185451
13301,Respondent #367,Pricing - The product saves me valuable time.,Agree,0.11028,0.44503
13302,Respondent #367,Pricing - The product saves me valuable effort.,Disagree,0.654989,0.137916
13303,Respondent #368,Design - I easily understood how to use the product.,Disagree,0.925969,0.536757
13304,Respondent #368,Design - I had no trouble installing the product.,Strongly Agree,0.61623,0.979635
13305,Respondent #368,"Design - The product's design is unintuitive.",Disagree,0.758062,0.117594
13306,Respondent #368,Quality - The product was durable.,Strongly Agree,0.50777,0.121415
13307,Respondent #368,Quality - The product was free from scratches.,Disagree,0.572268,0.094895
13308,Respondent #368,Quality - The product is deformed.,Strongly Agree,0.987771,0.611968
13309,Respondent #368,Pricing - The product is affordable.,Neutral,0.547721,0.501289
13310,Respondent #368,Pricing - The product saves me valuable time.,Agree,0.480062,0.794158
13311,Respondent #368,Pricing - The product saves me valuable effort.,Disagree,0.411088,0.978285
13312,Respondent #369,Design - I easily understood how to use the product.,Strongly Disagree,0.194731,0.805506
13313,Respondent #369,Design - I had no trouble installing the product.,Strongly Agree,0.434246,0.013267
13314,Respondent #369,"Design - The product's design is unintuitive.",Neutral,0.312237,0.132629
13315,Respondent #369,Quality - The product was durable.,Neutral,0.599601,0.559475
13316,Respondent #369,Quality - The product was free from scratches.,Disagree,0.557106,0.58017
13317,Respondent #369,Quality - The product is deformed.,Agree,0.248838,0.441656
13318,Respondent #369,Pricing - The product is affordable.,Strongly Agree,0.796218,0.517516
13319,Respondent #369,Pricing - The product saves me valuable time.,Strongly Agree,0.908684,0.069648
13320,Respondent #369,Pricing - The product saves me valuable effort.,Disagree,0.048372,0.223908
13321,Respondent #370,Design - I easily understood how to use the product.,Strongly Disagree,0.97342,0.635827
13322,Respondent #370,Design - I had no trouble installing the product.,Neutral,0.53531,0.676106
13323,Respondent #370,"Design - The product's design is unintuitive.",Disagree,0.090743,0.560783
13324,Respondent #370,Quality - The product was durable.,Agree,0.003259,0.611602
13325,Respondent #370,Quality - The product was free from scratches.,Disagree,0.136969,0.251079
13326,Respondent #370,Quality - The product is deformed.,Neutral,0.841755,0.031194
13327,Respondent #370,Pricing - The product is affordable.,Strongly Agree,0.12367,0.927684
13328,Respondent #370,Pricing - The product saves me valuable time.,Agree,0.039616,0.131979
13329,Respondent #370,Pricing - The product saves me valuable effort.,Disagree,0.00307,0.204969
13330,Respondent #371,Design - I easily understood how to use the product.,Strongly Disagree,0.183125,0.610639
13331,Respondent #371,Design - I had no trouble installing the product.,Strongly Agree,0.827498,0.187617
13332,Respondent #371,"Design - The product's design is unintuitive.",Neutral,0.692008,0.494497
13333,Respondent #371,Quality - The product was durable.,Disagree,0.988138,0.370328
13334,Respondent #371,Quality - The product was free from scratches.,Disagree,0.404597,0.162793
13335,Respondent #371,Quality - The product is deformed.,Strongly Agree,0.920926,0.766742
13336,Respondent #371,Pricing - The product is affordable.,Agree,0.718869,0.20371
13337,Respondent #371,Pricing - The product saves me valuable time.,Strongly Agree,0.743291,0.620458
13338,Respondent #371,Pricing - The product saves me valuable effort.,Disagree,0.768385,0.46802
13339,Respondent #372,Design - I easily understood how to use the product.,Disagree,0.70688,0.487809
13340,Respondent #372,Design - I had no trouble installing the product.,Agree,0.33527,0.637456
13341,Respondent #372,"Design - The product's design is unintuitive.",Disagree,0.980381,0.877778
13342,Respondent #372,Quality - The product was durable.,Agree,0.599452,0.777552
13343,Respondent #372,Quality - The product was free from scratches.,Disagree,0.640421,0.022869
13344,Respondent #372,Quality - The product is deformed.,Neutral,0.628135,0.124068
13345,Respondent #372,Pricing - The product is affordable.,Strongly Disagree,0.009211,0.881229
13346,Respondent #372,Pricing - The product saves me valuable time.,Agree,0.163365,0.113101
13347,Respondent #372,Pricing - The product saves me valuable effort.,Strongly Disagree,0.155856,0.726819
13348,Respondent #373,Design - I easily understood how to use the product.,Agree,0.106293,0.089476
13349,Respondent #373,Design - I had no trouble installing the product.,Strongly Agree,0.847163,0.833938
13350,Respondent #373,"Design - The product's design is unintuitive.",Disagree,0.082542,0.838282
13351,Respondent #373,Quality - The product was durable.,Strongly Agree,0.103434,0.849556
13352,Respondent #373,Quality - The product was free from scratches.,Disagree,0.594476,0.024381
13353,Respondent #373,Quality - The product is deformed.,Strongly Agree,0.844346,0.384102
13354,Respondent #373,Pricing - The product is affordable.,Strongly Disagree,0.492421,0.423513
13355,Respondent #373,Pricing - The product saves me valuable time.,Agree,0.426651,0.008813
13356,Respondent #373,Pricing - The product saves me valuable effort.,Strongly Disagree,0.997578,0.208879
13357,Respondent #374,Design - I easily understood how to use the product.,Strongly Disagree,0.913946,0.310856
13358,Respondent #374,Design - I had no trouble installing the product.,Strongly Agree,0.722604,0.286321
13359,Respondent #374,"Design - The product's design is unintuitive.",Strongly Disagree,0.186324,0.764466
13360,Respondent #374,Quality - The product was durable.,Strongly Agree,0.317019,0.9918
13361,Respondent #374,Quality - The product was free from scratches.,Disagree,0.35422,0.392715
13362,Respondent #374,Quality - The product is deformed.,Neutral,0.613769,0.968053
13363,Respondent #374,Pricing - The product is affordable.,Disagree,0.876164,0.158521
13364,Respondent #374,Pricing - The product saves me valuable time.,Strongly Agree,0.117297,0.183865
13365,Respondent #374,Pricing - The product saves me valuable effort.,Disagree,0.027311,0.412141
13366,Respondent #375,Design - I easily understood how to use the product.,Strongly Disagree,0.540789,0.868996
13367,Respondent #375,Design - I had no trouble installing the product.,Strongly Agree,0.5019,0.120596
13368,Respondent #375,"Design - The product's design is unintuitive.",Strongly Disagree,0.713592,0.987091
13369,Respondent #375,Quality - The product was durable.,Agree,0.978435,0.002106
13370,Respondent #375,Quality - The product was free from scratches.,Neutral,0.307248,0.255444
13371,Respondent #375,Quality - The product is deformed.,Strongly Agree,0.161838,0.212548
13372,Respondent #375,Pricing - The product is affordable.,Agree,0.504829,0.703599
13373,Respondent #375,Pricing - The product saves me valuable time.,Agree,0.929453,0.527209
13374,Respondent #375,Pricing - The product saves me valuable effort.,Disagree,0.637651,0.053099
13375,Respondent #376,Design - I easily understood how to use the product.,Strongly Disagree,0.531814,0.51089
13376,Respondent #376,Design - I had no trouble installing the product.,Strongly Agree,0.669504,0.242748
13377,Respondent #376,"Design - The product's design is unintuitive.",Agree,0.794004,0.129727
13378,Respondent #376,Quality - The product was durable.,Strongly Agree,0.510178,0.983065
13379,Respondent #376,Quality - The product was free from scratches.,Disagree,0.573251,0.735716
13380,Respondent #376,Quality - The product is deformed.,Disagree,0.164577,0.18449
13381,Respondent #376,Pricing - The product is affordable.,Disagree,0.710342,0.513913
13382,Respondent #376,Pricing - The product saves me valuable time.,Agree,0.882851,0.428929
13383,Respondent #376,Pricing - The product saves me valuable effort.,Disagree,0.140868,0.375849
13384,Respondent #377,Design - I easily understood how to use the product.,Disagree,0.433926,0.279883
13385,Respondent #377,Design - I had no trouble installing the product.,Agree,0.158749,0.428502
13386,Respondent #377,"Design - The product's design is unintuitive.",Agree,0.096456,0.327074
13387,Respondent #377,Quality - The product was durable.,Agree,0.270529,0.537592
13388,Respondent #377,Quality - The product was free from scratches.,Disagree,0.993802,0.253662
13389,Respondent #377,Quality - The product is deformed.,Agree,0.287208,0.952467
13390,Respondent #377,Pricing - The product is affordable.,Neutral,0.14137,0.647761
13391,Respondent #377,Pricing - The product saves me valuable time.,Strongly Agree,0.338999,0.817316
13392,Respondent #377,Pricing - The product saves me valuable effort.,Disagree,0.374738,0.971478
13393,Respondent #378,Design - I easily understood how to use the product.,Neutral,0.574362,0.448658
13394,Respondent #378,Design - I had no trouble installing the product.,Agree,0.984594,0.986373
13395,Respondent #378,"Design - The product's design is unintuitive.",Disagree,0.274332,0.043323
13396,Respondent #378,Quality - The product was durable.,Strongly Agree,0.993205,0.290207
13397,Respondent #378,Quality - The product was free from scratches.,Disagree,0.217292,0.177809
13398,Respondent #378,Quality - The product is deformed.,Agree,0.482978,0.787311
13399,Respondent #378,Pricing - The product is affordable.,Strongly Agree,0.406707,0.400743
13400,Respondent #378,Pricing - The product saves me valuable time.,Neutral,0.215285,0.920026
13401,Respondent #378,Pricing - The product saves me valuable effort.,Disagree,0.169614,0.68841
13402,Respondent #379,Design - I easily understood how to use the product.,Strongly Disagree,0.828673,0.975853
13403,Respondent #379,Design - I had no trouble installing the product.,Strongly Agree,0.976884,0.076418
13404,Respondent #379,"Design - The product's design is unintuitive.",Disagree,0.509456,0.486746
13405,Respondent #379,Quality - The product was durable.,Agree,0.516305,0.099099
13406,Respondent #379,Quality - The product was free from scratches.,Disagree,0.536085,0.390806
13407,Respondent #379,Quality - The product is deformed.,Agree,0.163901,0.421867
13408,Respondent #379,Pricing - The product is affordable.,Strongly Disagree,0.845644,0.480385
13409,Respondent #379,Pricing - The product saves me valuable time.,Agree,0.607704,0.311322
13410,Respondent #379,Pricing - The product saves me valuable effort.,Disagree,0.812794,0.182112
13411,Respondent #380,Design - I easily understood how to use the product.,Agree,0.014569,0.260072
13412,Respondent #380,Design - I had no trouble installing the product.,Strongly Agree,0.651308,0.169744
13413,Respondent #380,"Design - The product's design is unintuitive.",Agree,0.919855,0.110493
13414,Respondent #380,Quality - The product was durable.,Agree,0.806089,0.615034
13415,Respondent #380,Quality - The product was free from scratches.,Neutral,0.839457,0.889213
13416,Respondent #380,Quality - The product is deformed.,Disagree,0.117407,0.010556
13417,Respondent #380,Pricing - The product is affordable.,Strongly Agree,0.272422,0.633707
13418,Respondent #380,Pricing - The product saves me valuable time.,Agree,0.761175,0.774032
13419,Respondent #380,Pricing - The product saves me valuable effort.,Strongly Disagree,0.709565,0.055549
13420,Respondent #381,Design - I easily understood how to use the product.,Strongly Agree,0.943239,0.595384
13421,Respondent #381,Design - I had no trouble installing the product.,Agree,0.029229,0.541279
13422,Respondent #381,"Design - The product's design is unintuitive.",Neutral,0.587772,0.96916
13423,Respondent #381,Quality - The product was durable.,Neutral,0.445553,0.902574
13424,Respondent #381,Quality - The product was free from scratches.,Neutral,0.370325,0.053172
13425,Respondent #381,Quality - The product is deformed.,Disagree,0.697709,0.022155
13426,Respondent #381,Pricing - The product is affordable.,Strongly Disagree,0.571824,0.116021
13427,Respondent #381,Pricing - The product saves me valuable time.,Agree,0.402218,0.853136
13428,Respondent #381,Pricing - The product saves me valuable effort.,Disagree,0.19589,0.283542
13429,Respondent #382,Design - I easily understood how to use the product.,Strongly Disagree,0.53334,0.425049
13430,Respondent #382,Design - I had no trouble installing the product.,Strongly Agree,0.14865,0.373584
13431,Respondent #382,"Design - The product's design is unintuitive.",Disagree,0.016832,0.539295
13432,Respondent #382,Quality - The product was durable.,Strongly Agree,0.416788,0.644517
13433,Respondent #382,Quality - The product was free from scratches.,Disagree,0.973228,0.868175
13434,Respondent #382,Quality - The product is deformed.,Neutral,0.328149,0.614327
13435,Respondent #382,Pricing - The product is affordable.,Strongly Agree,0.326576,0.091698
13436,Respondent #382,Pricing - The product saves me valuable time.,Agree,0.205267,0.655293
13437,Respondent #382,Pricing - The product saves me valuable effort.,Disagree,0.875226,0.7753
13438,Respondent #383,Design - I easily understood how to use the product.,Agree,0.726105,0.087627
13439,Respondent #383,Design - I had no trouble installing the product.,Disagree,0.789571,0.818757
13440,Respondent #383,"Design - The product's design is unintuitive.",Neutral,0.305579,0.29242
13441,Respondent #383,Quality - The product was durable.,Agree,0.780762,0.907171
13442,Respondent #383,Quality - The product was free from scratches.,Neutral,0.363834,0.393051
13443,Respondent #383,Quality - The product is deformed.,Agree,0.961682,0.451984
13444,Respondent #383,Pricing - The product is affordable.,Disagree,0.631128,0.83519
13445,Respondent #383,Pricing - The product saves me valuable time.,Neutral,0.336412,0.073648
13446,Respondent #383,Pricing - The product saves me valuable effort.,Disagree,0.837093,0.675811
13447,Respondent #384,Design - I easily understood how to use the product.,Disagree,0.647321,0.345122
13448,Respondent #384,Design - I had no trouble installing the product.,Agree,0.781238,0.300739
13449,Respondent #384,"Design - The product's design is unintuitive.",Neutral,0.963386,0.435862
13450,Respondent #384,Quality - The product was durable.,Strongly Agree,0.215637,0.369089
13451,Respondent #384,Quality - The product was free from scratches.,Disagree,0.18975,0.459134
13452,Respondent #384,Quality - The product is deformed.,Neutral,0.098871,0.417581
13453,Respondent #384,Pricing - The product is affordable.,Agree,0.217875,0.246226
13454,Respondent #384,Pricing - The product saves me valuable time.,Agree,0.134851,0.637479
13455,Respondent #384,Pricing - The product saves me valuable effort.,Disagree,0.787498,0.569491
13456,Respondent #385,Design - I easily understood how to use the product.,Strongly Disagree,0.010907,0.146097
13457,Respondent #385,Design - I had no trouble installing the product.,Strongly Agree,0.655088,0.25588
13458,Respondent #385,"Design - The product's design is unintuitive.",Agree,0.542375,0.420427
13459,Respondent #385,Quality - The product was durable.,Strongly Agree,0.011684,0.40074
13460,Respondent #385,Quality - The product was free from scratches.,Disagree,0.714305,0.031258
13461,Respondent #385,Quality - The product is deformed.,Disagree,0.587999,0.557845
13462,Respondent #385,Pricing - The product is affordable.,Disagree,0.359101,0.670913
13463,Respondent #385,Pricing - The product saves me valuable time.,Neutral,0.783851,0.881841
13464,Respondent #385,Pricing - The product saves me valuable effort.,Strongly Disagree,0.646544,0.325294
13465,Respondent #386,Design - I easily understood how to use the product.,Strongly Disagree,0.55382,0.786675
13466,Respondent #386,Design - I had no trouble installing the product.,Agree,0.076819,0.80269
13467,Respondent #386,"Design - The product's design is unintuitive.",Strongly Disagree,0.089372,0.037611
13468,Respondent #386,Quality - The product was durable.,Agree,0.680198,0.227085
13469,Respondent #386,Quality - The product was free from scratches.,Disagree,0.734962,0.761576
13470,Respondent #386,Quality - The product is deformed.,Agree,0.300539,0.577423
13471,Respondent #386,Pricing - The product is affordable.,Disagree,0.72259,0.565834
13472,Respondent #386,Pricing - The product saves me valuable time.,Disagree,0.749191,0.622263
13473,Respondent #386,Pricing - The product saves me valuable effort.,Strongly Disagree,0.173718,0.219391
13474,Respondent #387,Design - I easily understood how to use the product.,Strongly Disagree,0.078837,0.070472
13475,Respondent #387,Design - I had no trouble installing the product.,Strongly Disagree,0.843279,0.235313
13476,Respondent #387,"Design - The product's design is unintuitive.",Disagree,0.368741,0.117311
13477,Respondent #387,Quality - The product was durable.,Strongly Agree,0.217959,0.751913
13478,Respondent #387,Quality - The product was free from scratches.,Neutral,0.867727,0.745108
13479,Respondent #387,Quality - The product is deformed.,Neutral,0.992527,0.904692
13480,Respondent #387,Pricing - The product is affordable.,Strongly Disagree,0.586197,0.003659
13481,Respondent #387,Pricing - The product saves me valuable time.,Neutral,0.641158,0.082164
13482,Respondent #387,Pricing - The product saves me valuable effort.,Strongly Disagree,0.762565,0.653462
13483,Respondent #388,Design - I easily understood how to use the product.,Neutral,0.882855,0.283169
13484,Respondent #388,Design - I had no trouble installing the product.,Disagree,0.114575,0.79608
13485,Respondent #388,"Design - The product's design is unintuitive.",Strongly Agree,0.38347,0.578862
13486,Respondent #388,Quality - The product was durable.,Agree,0.250246,0.433902
13487,Respondent #388,Quality - The product was free from scratches.,Disagree,0.371691,0.980125
13488,Respondent #388,Quality - The product is deformed.,Neutral,0.02606,0.202333
13489,Respondent #388,Pricing - The product is affordable.,Strongly Agree,0.439859,0.096991
13490,Respondent #388,Pricing - The product saves me valuable time.,Strongly Agree,0.524878,0.65509
13491,Respondent #388,Pricing - The product saves me valuable effort.,Strongly Disagree,0.943855,0.819163
13492,Respondent #389,Design - I easily understood how to use the product.,Disagree,0.760101,0.17153
13493,Respondent #389,Design - I had no trouble installing the product.,Strongly Agree,0.680444,0.653957
13494,Respondent #389,"Design - The product's design is unintuitive.",Disagree,0.356877,0.717178
13495,Respondent #389,Quality - The product was durable.,Agree,0.291045,0.358453
13496,Respondent #389,Quality - The product was free from scratches.,Disagree,0.082143,0.373011
13497,Respondent #389,Quality - The product is deformed.,Agree,0.722172,0.672076
13498,Respondent #389,Pricing - The product is affordable.,Agree,0.789287,0.93858
13499,Respondent #389,Pricing - The product saves me valuable time.,Disagree,0.36952,0.260502
13500,Respondent #389,Pricing - The product saves me valuable effort.,Disagree,0.969875,0.892345
13501,Respondent #390,Design - I easily understood how to use the product.,Agree,0.8559,0.524201
13502,Respondent #390,Design - I had no trouble installing the product.,Strongly Agree,0.155882,0.305632
13503,Respondent #390,"Design - The product's design is unintuitive.",Agree,0.042167,0.51319
13504,Respondent #390,Quality - The product was durable.,Agree,0.588709,0.19356
13505,Respondent #390,Quality - The product was free from scratches.,Disagree,0.535901,0.086862
13506,Respondent #390,Quality - The product is deformed.,Disagree,0.658038,0.68842
13507,Respondent #390,Pricing - The product is affordable.,Disagree,0.119811,0.089081
13508,Respondent #390,Pricing - The product saves me valuable time.,Agree,0.472427,0.8275
13509,Respondent #390,Pricing - The product saves me valuable effort.,Disagree,0.316174,0.682803
13510,Respondent #391,Design - I easily understood how to use the product.,Strongly Disagree,0.466448,0.839614
13511,Respondent #391,Design - I had no trouble installing the product.,Agree,0.417085,0.447972
13512,Respondent #391,"Design - The product's design is unintuitive.",Disagree,0.848104,0.458746
13513,Respondent #391,Quality - The product was durable.,Strongly Agree,0.320311,0.529996
13514,Respondent #391,Quality - The product was free from scratches.,Disagree,0.426125,0.799825
13515,Respondent #391,Quality - The product is deformed.,Disagree,0.123362,0.568999
13516,Respondent #391,Pricing - The product is affordable.,Strongly Disagree,0.924595,0.261032
13517,Respondent #391,Pricing - The product saves me valuable time.,Neutral,0.462243,0.317642
13518,Respondent #391,Pricing - The product saves me valuable effort.,Disagree,0.849072,0.744265
13519,Respondent #392,Design - I easily understood how to use the product.,Agree,0.064826,0.028757
13520,Respondent #392,Design - I had no trouble installing the product.,Strongly Agree,0.044038,0.739963
13521,Respondent #392,"Design - The product's design is unintuitive.",Disagree,0.87485,0.067832
13522,Respondent #392,Quality - The product was durable.,Neutral,0.068781,0.796445
13523,Respondent #392,Quality - The product was free from scratches.,Disagree,0.471273,0.805681
13524,Respondent #392,Quality - The product is deformed.,Agree,0.066649,0.995791
13525,Respondent #392,Pricing - The product is affordable.,Agree,0.300393,0.504253
13526,Respondent #392,Pricing - The product saves me valuable time.,Strongly Agree,0.627006,0.75594
13527,Respondent #392,Pricing - The product saves me valuable effort.,Disagree,0.346341,0.491271
13528,Respondent #393,Design - I easily understood how to use the product.,Strongly Disagree,0.443431,0.617241
13529,Respondent #393,Design - I had no trouble installing the product.,Agree,0.187099,0.559215
13530,Respondent #393,"Design - The product's design is unintuitive.",Neutral,0.956206,0.126455
13531,Respondent #393,Quality - The product was durable.,Agree,0.581755,0.039914
13532,Respondent #393,Quality - The product was free from scratches.,Neutral,0.231814,0.574558
13533,Respondent #393,Quality - The product is deformed.,Disagree,0.043502,0.64095
13534,Respondent #393,Pricing - The product is affordable.,Strongly Disagree,0.68702,0.139335
13535,Respondent #393,Pricing - The product saves me valuable time.,Agree,0.476797,0.6988
13536,Respondent #393,Pricing - The product saves me valuable effort.,Disagree,0.388561,0.010411
13537,Respondent #394,Design - I easily understood how to use the product.,Strongly Disagree,0.107186,0.113091
13538,Respondent #394,Design - I had no trouble installing the product.,Strongly Agree,0.318801,0.334425
13539,Respondent #394,"Design - The product's design is unintuitive.",Disagree,0.701109,0.832768
13540,Respondent #394,Quality - The product was durable.,Agree,0.543664,0.030099
13541,Respondent #394,Quality - The product was free from scratches.,Disagree,0.014756,0.809244
13542,Respondent #394,Quality - The product is deformed.,Agree,0.568455,0.47591
13543,Respondent #394,Pricing - The product is affordable.,Strongly Disagree,0.843616,0.607866
13544,Respondent #394,Pricing - The product saves me valuable time.,Agree,0.478705,0.647776
13545,Respondent #394,Pricing - The product saves me valuable effort.,Disagree,0.875143,0.088857
13546,Respondent #395,Design - I easily understood how to use the product.,Disagree,0.000407,0.070686
13547,Respondent #395,Design - I had no trouble installing the product.,Strongly Agree,0.242857,0.640724
13548,Respondent #395,"Design - The product's design is unintuitive.",Agree,0.133572,0.408321
13549,Respondent #395,Quality - The product was durable.,Agree,0.810721,0.816246
13550,Respondent #395,Quality - The product was free from scratches.,Disagree,0.528919,0.668143
13551,Respondent #395,Quality - The product is deformed.,Disagree,0.064676,0.420086
13552,Respondent #395,Pricing - The product is affordable.,Agree,0.194717,0.159011
13553,Respondent #395,Pricing - The product saves me valuable time.,Agree,0.59602,0.419676
13554,Respondent #395,Pricing - The product saves me valuable effort.,Strongly Disagree,0.692163,0.333843
13555,Respondent #396,Design - I easily understood how to use the product.,Strongly Disagree,0.895611,0.304578
13556,Respondent #396,Design - I had no trouble installing the product.,Agree,0.543774,0.257942
13557,Respondent #396,"Design - The product's design is unintuitive.",Neutral,0.700928,0.53564
13558,Respondent #396,Quality - The product was durable.,Agree,0.507781,0.394909
13559,Respondent #396,Quality - The product was free from scratches.,Neutral,0.882366,0.825854
13560,Respondent #396,Quality - The product is deformed.,Disagree,0.252646,0.416435
13561,Respondent #396,Pricing - The product is affordable.,Strongly Disagree,0.148056,0.884677
13562,Respondent #396,Pricing - The product saves me valuable time.,Agree,0.186265,0.039292
13563,Respondent #396,Pricing - The product saves me valuable effort.,Neutral,0.088643,0.011929
13564,Respondent #397,Design - I easily understood how to use the product.,Strongly Disagree,0.288432,0.676952
13565,Respondent #397,Design - I had no trouble installing the product.,Neutral,0.390658,0.781894
13566,Respondent #397,"Design - The product's design is unintuitive.",Neutral,0.382825,0.021057
13567,Respondent #397,Quality - The product was durable.,Agree,0.928341,0.00121
13568,Respondent #397,Quality - The product was free from scratches.,Disagree,0.535506,0.097209
13569,Respondent #397,Quality - The product is deformed.,Strongly Agree,0.53652,0.339456
13570,Respondent #397,Pricing - The product is affordable.,Disagree,0.221715,0.216665
13571,Respondent #397,Pricing - The product saves me valuable time.,Agree,0.517438,0.523617
13572,Respondent #397,Pricing - The product saves me valuable effort.,Disagree,0.757908,0.788678
13573,Respondent #398,Design - I easily understood how to use the product.,Strongly Disagree,0.710594,0.079822
13574,Respondent #398,Design - I had no trouble installing the product.,Strongly Agree,0.919608,0.998811
13575,Respondent #398,"Design - The product's design is unintuitive.",Agree,0.813541,0.525767
13576,Respondent #398,Quality - The product was durable.,Neutral,0.106468,0.583199
13577,Respondent #398,Quality - The product was free from scratches.,Disagree,0.647997,0.799259
13578,Respondent #398,Quality - The product is deformed.,Neutral,0.713704,0.02849
13579,Respondent #398,Pricing - The product is affordable.,Agree,0.023237,0.902487
13580,Respondent #398,Pricing - The product saves me valuable time.,Agree,0.555731,0.832187
13581,Respondent #398,Pricing - The product saves me valuable effort.,Strongly Disagree,0.999459,0.225454
13582,Respondent #399,Design - I easily understood how to use the product.,Strongly Disagree,0.000225,0.756382
13583,Respondent #399,Design - I had no trouble installing the product.,Strongly Agree,0.96153,0.319123
13584,Respondent #399,"Design - The product's design is unintuitive.",Disagree,0.276398,0.238901
13585,Respondent #399,Quality - The product was durable.,Neutral,0.773546,0.601404
13586,Respondent #399,Quality - The product was free from scratches.,Neutral,0.622561,0.339858
13587,Respondent #399,Quality - The product is deformed.,Neutral,0.240117,0.440381
13588,Respondent #399,Pricing - The product is affordable.,Neutral,0.258768,0.095558
13589,Respondent #399,Pricing - The product saves me valuable time.,Agree,0.560559,0.037971
13590,Respondent #399,Pricing - The product saves me valuable effort.,Neutral,0.963304,0.460357
13591,Respondent #400,Design - I easily understood how to use the product.,Strongly Disagree,0.016828,0.987858
13592,Respondent #400,Design - I had no trouble installing the product.,Strongly Agree,0.103999,0.641277
13593,Respondent #400,"Design - The product's design is unintuitive.",Neutral,0.231527,0.546715
13594,Respondent #400,Quality - The product was durable.,Agree,0.27425,0.948057
13595,Respondent #400,Quality - The product was free from scratches.,Neutral,0.932874,0.26794
13596,Respondent #400,Quality - The product is deformed.,Strongly Agree,0.824573,0.237999
13597,Respondent #400,Pricing - The product is affordable.,Strongly Disagree,0.414644,0.679769
13598,Respondent #400,Pricing - The product saves me valuable time.,Strongly Agree,0.828608,0.933843
13599,Respondent #400,Pricing - The product saves me valuable effort.,Strongly Disagree,0.029035,0.269778
13600,Respondent #401,Design - I easily understood how to use the product.,Strongly Disagree,0.521882,0.963357
13601,Respondent #401,Design - I had no trouble installing the product.,Strongly Agree,0.429583,0.720685
13602,Respondent #401,"Design - The product's design is unintuitive.",Neutral,0.199671,0.19823
13603,Respondent #401,Quality - The product was durable.,Strongly Agree,0.348071,0.08166
13604,Respondent #401,Quality - The product was free from scratches.,Neutral,0.241258,0.151509
13605,Respondent #401,Quality - The product is deformed.,Neutral,0.218205,0.050956
13606,Respondent #401,Pricing - The product is affordable.,Strongly Disagree,0.778142,0.055199
13607,Respondent #401,Pricing - The product saves me valuable time.,Agree,0.678,0.935193
13608,Respondent #401,Pricing - The product saves me valuable effort.,Strongly Disagree,0.450391,0.975336
13609,Respondent #402,Design - I easily understood how to use the product.,Neutral,0.204556,0.470902
13610,Respondent #402,Design - I had no trouble installing the product.,Neutral,0.306952,0.837279
13611,Respondent #402,"Design - The product's design is unintuitive.",Neutral,0.333213,0.643646
13612,Respondent #402,Quality - The product was durable.,Agree,0.239052,0.240701
13613,Respondent #402,Quality - The product was free from scratches.,Disagree,0.680445,0.140832
13614,Respondent #402,Quality - The product is deformed.,Disagree,0.488769,0.12933
13615,Respondent #402,Pricing - The product is affordable.,Strongly Disagree,0.811407,0.601236
13616,Respondent #402,Pricing - The product saves me valuable time.,Neutral,0.339875,0.342792
13617,Respondent #402,Pricing - The product saves me valuable effort.,Disagree,0.588458,0.611705
13618,Respondent #403,Design - I easily understood how to use the product.,Strongly Disagree,0.014015,0.319892
13619,Respondent #403,Design - I had no trouble installing the product.,Strongly Agree,0.686927,0.252662
13620,Respondent #403,"Design - The product's design is unintuitive.",Agree,0.589148,0.165712
13621,Respondent #403,Quality - The product was durable.,Strongly Agree,0.922421,0.7832
13622,Respondent #403,Quality - The product was free from scratches.,Disagree,0.596268,0.275164
13623,Respondent #403,Quality - The product is deformed.,Disagree,0.736542,0.342157
13624,Respondent #403,Pricing - The product is affordable.,Neutral,0.058555,0.177407
13625,Respondent #403,Pricing - The product saves me valuable time.,Agree,0.433098,0.917659
13626,Respondent #403,Pricing - The product saves me valuable effort.,Neutral,0.84981,0.694459
13627,Respondent #404,Design - I easily understood how to use the product.,Strongly Disagree,0.417036,0.130286
13628,Respondent #404,Design - I had no trouble installing the product.,Strongly Agree,0.152665,0.900545
13629,Respondent #404,"Design - The product's design is unintuitive.",Disagree,0.196882,0.409466
13630,Respondent #404,Quality - The product was durable.,Neutral,0.462919,0.679718
13631,Respondent #404,Quality - The product was free from scratches.,Neutral,0.923893,0.382442
13632,Respondent #404,Quality - The product is deformed.,Strongly Agree,0.416061,0.388951
13633,Respondent #404,Pricing - The product is affordable.,Strongly Agree,0.155955,0.345384
13634,Respondent #404,Pricing - The product saves me valuable time.,Neutral,0.294501,0.02008
13635,Respondent #404,Pricing - The product saves me valuable effort.,Neutral,0.576315,0.995683
13636,Respondent #405,Design - I easily understood how to use the product.,Strongly Disagree,0.925948,0.259234
13637,Respondent #405,Design - I had no trouble installing the product.,Neutral,0.706349,0.952045
13638,Respondent #405,"Design - The product's design is unintuitive.",Neutral,0.046294,0.299171
13639,Respondent #405,Quality - The product was durable.,Strongly Agree,0.641578,0.144634
13640,Respondent #405,Quality - The product was free from scratches.,Neutral,0.253935,0.263844
13641,Respondent #405,Quality - The product is deformed.,Neutral,0.839384,0.160349
13642,Respondent #405,Pricing - The product is affordable.,Agree,0.990144,0.640766
13643,Respondent #405,Pricing - The product saves me valuable time.,Agree,0.441966,0.583855
13644,Respondent #405,Pricing - The product saves me valuable effort.,Strongly Disagree,0.000937,0.634027
13645,Respondent #406,Design - I easily understood how to use the product.,Strongly Disagree,0.580703,0.291493
13646,Respondent #406,Design - I had no trouble installing the product.,Neutral,0.532788,0.714663
13647,Respondent #406,"Design - The product's design is unintuitive.",Neutral,0.371993,0.106309
13648,Respondent #406,Quality - The product was durable.,Strongly Agree,0.547428,0.280342
13649,Respondent #406,Quality - The product was free from scratches.,Strongly Disagree,0.387475,0.622217
13650,Respondent #406,Quality - The product is deformed.,Strongly Agree,0.22856,0.228727
13651,Respondent #406,Pricing - The product is affordable.,Strongly Disagree,0.793133,0.570299
13652,Respondent #406,Pricing - The product saves me valuable time.,Disagree,0.92254,0.312904
13653,Respondent #406,Pricing - The product saves me valuable effort.,Strongly Disagree,0.353626,0.299079
13654,Respondent #407,Design - I easily understood how to use the product.,Strongly Disagree,0.425788,0.404618
13655,Respondent #407,Design - I had no trouble installing the product.,Neutral,0.721896,0.189275
13656,Respondent #407,"Design - The product's design is unintuitive.",Disagree,0.125409,0.291096
13657,Respondent #407,Quality - The product was durable.,Disagree,0.373198,0.635673
13658,Respondent #407,Quality - The product was free from scratches.,Disagree,0.96509,0.185577
13659,Respondent #407,Quality - The product is deformed.,Strongly Agree,0.20937,0.826282
13660,Respondent #407,Pricing - The product is affordable.,Disagree,0.02359,0.785503
13661,Respondent #407,Pricing - The product saves me valuable time.,Agree,0.79509,0.709859
13662,Respondent #407,Pricing - The product saves me valuable effort.,Agree,0.854648,0.925003
13663,Respondent #408,Design - I easily understood how to use the product.,Strongly Disagree,0.256298,0.181291
13664,Respondent #408,Design - I had no trouble installing the product.,Agree,0.123358,0.170223
13665,Respondent #408,"Design - The product's design is unintuitive.",Agree,0.268629,0.533041
13666,Respondent #408,Quality - The product was durable.,Strongly Agree,0.733284,0.876371
13667,Respondent #408,Quality - The product was free from scratches.,Disagree,0.2926,0.742042
13668,Respondent #408,Quality - The product is deformed.,Disagree,0.729495,0.047476
13669,Respondent #408,Pricing - The product is affordable.,Strongly Disagree,0.121806,0.14549
13670,Respondent #408,Pricing - The product saves me valuable time.,Neutral,0.205298,0.213512
13671,Respondent #408,Pricing - The product saves me valuable effort.,Strongly Disagree,0.061735,0.101985
13672,Respondent #409,Design - I easily understood how to use the product.,Disagree,0.083796,0.98807
13673,Respondent #409,Design - I had no trouble installing the product.,Strongly Agree,0.097543,0.648762
13674,Respondent #409,"Design - The product's design is unintuitive.",Disagree,0.650681,0.694805
13675,Respondent #409,Quality - The product was durable.,Neutral,0.565654,0.001891
13676,Respondent #409,Quality - The product was free from scratches.,Disagree,0.865828,0.477682
13677,Respondent #409,Quality - The product is deformed.,Agree,0.730247,0.302639
13678,Respondent #409,Pricing - The product is affordable.,Strongly Disagree,0.478044,0.215248
13679,Respondent #409,Pricing - The product saves me valuable time.,Agree,0.42742,0.256849
13680,Respondent #409,Pricing - The product saves me valuable effort.,Disagree,0.724844,0.080571
13681,Respondent #410,Design - I easily understood how to use the product.,Disagree,0.811773,0.641521
13682,Respondent #410,Design - I had no trouble installing the product.,Strongly Agree,0.553284,0.245767
13683,Respondent #410,"Design - The product's design is unintuitive.",Disagree,0.976574,0.897244
13684,Respondent #410,Quality - The product was durable.,Agree,0.364807,0.394402
13685,Respondent #410,Quality - The product was free from scratches.,Disagree,0.340935,0.657243
13686,Respondent #410,Quality - The product is deformed.,Agree,0.870287,0.343874
13687,Respondent #410,Pricing - The product is affordable.,Strongly Disagree,0.09641,0.672203
13688,Respondent #410,Pricing - The product saves me valuable time.,Agree,0.912297,0.948066
13689,Respondent #410,Pricing - The product saves me valuable effort.,Disagree,0.882227,0.862515
13690,Respondent #411,Design - I easily understood how to use the product.,Agree,0.523292,0.431194
13691,Respondent #411,Design - I had no trouble installing the product.,Strongly Agree,0.244722,0.627238
13692,Respondent #411,"Design - The product's design is unintuitive.",Neutral,0.532522,0.652029
13693,Respondent #411,Quality - The product was durable.,Disagree,0.221924,0.367161
13694,Respondent #411,Quality - The product was free from scratches.,Neutral,0.075382,0.187497
13695,Respondent #411,Quality - The product is deformed.,Neutral,0.240287,0.14502
13696,Respondent #411,Pricing - The product is affordable.,Strongly Disagree,0.112276,0.312262
13697,Respondent #411,Pricing - The product saves me valuable time.,Agree,0.875527,0.848603
13698,Respondent #411,Pricing - The product saves me valuable effort.,Strongly Disagree,0.961751,0.448421
13699,Respondent #412,Design - I easily understood how to use the product.,Disagree,0.197741,0.517312
13700,Respondent #412,Design - I had no trouble installing the product.,Agree,0.80777,0.726435
13701,Respondent #412,"Design - The product's design is unintuitive.",Agree,0.935646,0.265386
13702,Respondent #412,Quality - The product was durable.,Strongly Agree,0.878424,0.561356
13703,Respondent #412,Quality - The product was free from scratches.,Disagree,0.902881,0.443201
13704,Respondent #412,Quality - The product is deformed.,Agree,0.241398,0.894245
13705,Respondent #412,Pricing - The product is affordable.,Disagree,0.571151,0.934291
13706,Respondent #412,Pricing - The product saves me valuable time.,Agree,0.62062,0.827946
13707,Respondent #412,Pricing - The product saves me valuable effort.,Disagree,0.157559,0.122678
13708,Respondent #413,Design - I easily understood how to use the product.,Strongly Disagree,0.152666,0.002855
13709,Respondent #413,Design - I had no trouble installing the product.,Strongly Agree,0.848707,0.99544
13710,Respondent #413,"Design - The product's design is unintuitive.",Neutral,0.137797,0.005261
13711,Respondent #413,Quality - The product was durable.,Agree,0.068753,0.111892
13712,Respondent #413,Quality - The product was free from scratches.,Neutral,0.041496,0.550683
13713,Respondent #413,Quality - The product is deformed.,Agree,0.733972,0.120364
13714,Respondent #413,Pricing - The product is affordable.,Strongly Disagree,0.054197,0.001833
13715,Respondent #413,Pricing - The product saves me valuable time.,Strongly Agree,0.106676,0.424002
13716,Respondent #413,Pricing - The product saves me valuable effort.,Strongly Disagree,0.84936,0.184589
13717,Respondent #414,Design - I easily understood how to use the product.,Agree,0.716434,0.29863
13718,Respondent #414,Design - I had no trouble installing the product.,Agree,0.543848,0.799866
13719,Respondent #414,"Design - The product's design is unintuitive.",Agree,0.27096,0.533532
13720,Respondent #414,Quality - The product was durable.,Agree,0.52858,0.729816
13721,Respondent #414,Quality - The product was free from scratches.,Disagree,0.431503,0.697617
13722,Respondent #414,Quality - The product is deformed.,Agree,0.15073,0.34632
13723,Respondent #414,Pricing - The product is affordable.,Neutral,0.588274,0.130366
13724,Respondent #414,Pricing - The product saves me valuable time.,Neutral,0.554798,0.24988
13725,Respondent #414,Pricing - The product saves me valuable effort.,Strongly Disagree,0.563561,0.013679
13726,Respondent #415,Design - I easily understood how to use the product.,Strongly Disagree,0.684635,0.652924
13727,Respondent #415,Design - I had no trouble installing the product.,Agree,0.285509,0.617105
13728,Respondent #415,"Design - The product's design is unintuitive.",Disagree,0.975449,0.649611
13729,Respondent #415,Quality - The product was durable.,Strongly Agree,0.265358,0.834027
13730,Respondent #415,Quality - The product was free from scratches.,Disagree,0.961247,0.762737
13731,Respondent #415,Quality - The product is deformed.,Neutral,0.288463,0.813478
13732,Respondent #415,Pricing - The product is affordable.,Strongly Disagree,0.357459,0.837438
13733,Respondent #415,Pricing - The product saves me valuable time.,Agree,0.429009,0.003042
13734,Respondent #415,Pricing - The product saves me valuable effort.,Neutral,0.259762,0.988296
13735,Respondent #416,Design - I easily understood how to use the product.,Strongly Disagree,0.853524,0.374428
13736,Respondent #416,Design - I had no trouble installing the product.,Strongly Agree,0.501569,0.2081
13737,Respondent #416,"Design - The product's design is unintuitive.",Neutral,0.315496,0.2177
13738,Respondent #416,Quality - The product was durable.,Agree,0.760417,0.440159
13739,Respondent #416,Quality - The product was free from scratches.,Disagree,0.549068,0.621115
13740,Respondent #416,Quality - The product is deformed.,Neutral,0.819973,0.957011
13741,Respondent #416,Pricing - The product is affordable.,Strongly Disagree,0.054059,0.87088
13742,Respondent #416,Pricing - The product saves me valuable time.,Neutral,0.681791,0.529557
13743,Respondent #416,Pricing - The product saves me valuable effort.,Neutral,0.603542,0.05241
13744,Respondent #417,Design - I easily understood how to use the product.,Agree,0.765351,0.089162
13745,Respondent #417,Design - I had no trouble installing the product.,Strongly Agree,0.139659,0.73993
13746,Respondent #417,"Design - The product's design is unintuitive.",Agree,0.638714,0.200399
13747,Respondent #417,Quality - The product was durable.,Strongly Agree,0.420425,0.83721
13748,Respondent #417,Quality - The product was free from scratches.,Disagree,0.149715,0.403399
13749,Respondent #417,Quality - The product is deformed.,Agree,0.25651,0.60544
13750,Respondent #417,Pricing - The product is affordable.,Strongly Disagree,0.104909,0.707398
13751,Respondent #417,Pricing - The product saves me valuable time.,Agree,0.235423,0.816568
13752,Respondent #417,Pricing - The product saves me valuable effort.,Strongly Disagree,0.400342,0.075927
13753,Respondent #418,Design - I easily understood how to use the product.,Disagree,0.240213,0.469014
13754,Respondent #418,Design - I had no trouble installing the product.,Strongly Agree,0.952033,0.957903
13755,Respondent #418,"Design - The product's design is unintuitive.",Agree,0.93624,0.65173
13756,Respondent #418,Quality - The product was durable.,Agree,0.58253,0.794968
13757,Respondent #418,Quality - The product was free from scratches.,Disagree,0.026337,0.380989
13758,Respondent #418,Quality - The product is deformed.,Agree,0.524866,0.907355
13759,Respondent #418,Pricing - The product is affordable.,Strongly Agree,0.619764,0.985404
13760,Respondent #418,Pricing - The product saves me valuable time.,Neutral,0.726499,0.871591
13761,Respondent #418,Pricing - The product saves me valuable effort.,Disagree,0.835697,0.482652
13762,Respondent #419,Design - I easily understood how to use the product.,Strongly Disagree,0.133992,0.562293
13763,Respondent #419,Design - I had no trouble installing the product.,Agree,0.393028,0.444934
13764,Respondent #419,"Design - The product's design is unintuitive.",Neutral,0.905403,0.148231
13765,Respondent #419,Quality - The product was durable.,Agree,0.591728,0.245831
13766,Respondent #419,Quality - The product was free from scratches.,Disagree,0.133567,0.032697
13767,Respondent #419,Quality - The product is deformed.,Agree,0.803916,0.578117
13768,Respondent #419,Pricing - The product is affordable.,Strongly Disagree,0.916479,0.142684
13769,Respondent #419,Pricing - The product saves me valuable time.,Neutral,0.910076,0.183919
13770,Respondent #419,Pricing - The product saves me valuable effort.,Disagree,0.075463,0.663351
13771,Respondent #420,Design - I easily understood how to use the product.,Agree,0.372849,0.12744
13772,Respondent #420,Design - I had no trouble installing the product.,Strongly Agree,0.865055,0.128364
13773,Respondent #420,"Design - The product's design is unintuitive.",Neutral,0.783598,0.082773
13774,Respondent #420,Quality - The product was durable.,Agree,0.179559,0.715164
13775,Respondent #420,Quality - The product was free from scratches.,Neutral,0.936242,0.169604
13776,Respondent #420,Quality - The product is deformed.,Strongly Agree,0.258291,0.92753
13777,Respondent #420,Pricing - The product is affordable.,Strongly Disagree,0.599426,0.986908
13778,Respondent #420,Pricing - The product saves me valuable time.,Strongly Agree,0.955039,0.50575
13779,Respondent #420,Pricing - The product saves me valuable effort.,Disagree,0.805947,0.060872
13780,Respondent #421,Design - I easily understood how to use the product.,Strongly Disagree,0.106171,0.972218
13781,Respondent #421,Design - I had no trouble installing the product.,Strongly Agree,0.988395,0.585037
13782,Respondent #421,"Design - The product's design is unintuitive.",Disagree,0.704884,0.608159
13783,Respondent #421,Quality - The product was durable.,Neutral,0.117391,0.339802
13784,Respondent #421,Quality - The product was free from scratches.,Disagree,0.101309,0.103573
13785,Respondent #421,Quality - The product is deformed.,Neutral,0.333775,0.639629
13786,Respondent #421,Pricing - The product is affordable.,Disagree,0.258748,0.119444
13787,Respondent #421,Pricing - The product saves me valuable time.,Neutral,0.716505,0.318998
13788,Respondent #421,Pricing - The product saves me valuable effort.,Disagree,0.175951,0.733879
13789,Respondent #422,Design - I easily understood how to use the product.,Strongly Disagree,0.651318,0.976362
13790,Respondent #422,Design - I had no trouble installing the product.,Strongly Agree,0.535616,0.036642
13791,Respondent #422,"Design - The product's design is unintuitive.",Strongly Disagree,0.81633,0.252601
13792,Respondent #422,Quality - The product was durable.,Agree,0.785255,0.158182
13793,Respondent #422,Quality - The product was free from scratches.,Disagree,0.961346,0.650285
13794,Respondent #422,Quality - The product is deformed.,Strongly Agree,0.365332,0.915607
13795,Respondent #422,Pricing - The product is affordable.,Strongly Disagree,0.602103,0.36195
13796,Respondent #422,Pricing - The product saves me valuable time.,Neutral,0.425019,0.876494
13797,Respondent #422,Pricing - The product saves me valuable effort.,Strongly Disagree,0.455838,0.446977
13798,Respondent #423,Design - I easily understood how to use the product.,Strongly Agree,0.327165,0.69529
13799,Respondent #423,Design - I had no trouble installing the product.,Strongly Agree,0.582772,0.507316
13800,Respondent #423,"Design - The product's design is unintuitive.",Disagree,0.399321,0.458942
13801,Respondent #423,Quality - The product was durable.,Strongly Agree,0.41617,0.89637
13802,Respondent #423,Quality - The product was free from scratches.,Neutral,0.119475,0.405046
13803,Respondent #423,Quality - The product is deformed.,Strongly Agree,0.822362,0.388432
13804,Respondent #423,Pricing - The product is affordable.,Disagree,0.614022,0.587084
13805,Respondent #423,Pricing - The product saves me valuable time.,Neutral,0.439559,0.804233
13806,Respondent #423,Pricing - The product saves me valuable effort.,Strongly Disagree,0.211716,0.243759
13807,Respondent #424,Design - I easily understood how to use the product.,Strongly Disagree,0.507819,0.652118
13808,Respondent #424,Design - I had no trouble installing the product.,Strongly Agree,0.56331,0.429945
13809,Respondent #424,"Design - The product's design is unintuitive.",Agree,0.951748,0.788233
13810,Respondent #424,Quality - The product was durable.,Strongly Agree,0.00647,0.708491
13811,Respondent #424,Quality - The product was free from scratches.,Neutral,0.471064,0.001262
13812,Respondent #424,Quality - The product is deformed.,Neutral,0.417076,0.603892
13813,Respondent #424,Pricing - The product is affordable.,Neutral,0.14478,0.183498
13814,Respondent #424,Pricing - The product saves me valuable time.,Agree,0.024275,0.452992
13815,Respondent #424,Pricing - The product saves me valuable effort.,Strongly Disagree,0.13379,0.827023
13816,Respondent #425,Design - I easily understood how to use the product.,Strongly Disagree,0.136468,0.369447
13817,Respondent #425,Design - I had no trouble installing the product.,Strongly Agree,0.717367,0.445393
13818,Respondent #425,"Design - The product's design is unintuitive.",Strongly Disagree,0.758941,0.503205
13819,Respondent #425,Quality - The product was durable.,Disagree,0.200013,0.207582
13820,Respondent #425,Quality - The product was free from scratches.,Strongly Disagree,0.017448,0.329797
13821,Respondent #425,Quality - The product is deformed.,Strongly Agree,0.485513,0.42059
13822,Respondent #425,Pricing - The product is affordable.,Neutral,0.818079,0.375936
13823,Respondent #425,Pricing - The product saves me valuable time.,Neutral,0.066233,0.498372
13824,Respondent #425,Pricing - The product saves me valuable effort.,Disagree,0.734099,0.277767
13825,Respondent #426,Design - I easily understood how to use the product.,Neutral,0.133185,0.338692
13826,Respondent #426,Design - I had no trouble installing the product.,Strongly Agree,0.281936,0.56646
13827,Respondent #426,"Design - The product's design is unintuitive.",Neutral,0.678209,0.064835
13828,Respondent #426,Quality - The product was durable.,Agree,0.421436,0.163091
13829,Respondent #426,Quality - The product was free from scratches.,Strongly Disagree,0.948685,0.457478
13830,Respondent #426,Quality - The product is deformed.,Agree,0.883639,0.670222
13831,Respondent #426,Pricing - The product is affordable.,Strongly Agree,0.121274,0.78315
13832,Respondent #426,Pricing - The product saves me valuable time.,Neutral,0.814265,0.417788
13833,Respondent #426,Pricing - The product saves me valuable effort.,Disagree,0.779673,0.658265
13834,Respondent #427,Design - I easily understood how to use the product.,Disagree,0.45392,0.319913
13835,Respondent #427,Design - I had no trouble installing the product.,Agree,0.122745,0.605053
13836,Respondent #427,"Design - The product's design is unintuitive.",Strongly Agree,0.719372,0.853952
13837,Respondent #427,Quality - The product was durable.,Strongly Agree,0.838734,0.052573
13838,Respondent #427,Quality - The product was free from scratches.,Disagree,0.674184,0.402851
13839,Respondent #427,Quality - The product is deformed.,Agree,0.603141,0.995701
13840,Respondent #427,Pricing - The product is affordable.,Agree,0.999555,0.791456
13841,Respondent #427,Pricing - The product saves me valuable time.,Strongly Agree,0.400066,0.35452
13842,Respondent #427,Pricing - The product saves me valuable effort.,Strongly Disagree,0.659415,0.383106
13843,Respondent #428,Design - I easily understood how to use the product.,Strongly Disagree,0.686566,0.504555
13844,Respondent #428,Design - I had no trouble installing the product.,Neutral,0.660292,0.560774
13845,Respondent #428,"Design - The product's design is unintuitive.",Neutral,0.283449,0.139158
13846,Respondent #428,Quality - The product was durable.,Neutral,0.527615,0.568734
13847,Respondent #428,Quality - The product was free from scratches.,Neutral,0.913503,0.678979
13848,Respondent #428,Quality - The product is deformed.,Disagree,0.026454,0.53558
13849,Respondent #428,Pricing - The product is affordable.,Neutral,0.09602,0.815671
13850,Respondent #428,Pricing - The product saves me valuable time.,Neutral,0.785507,0.506298
13851,Respondent #428,Pricing - The product saves me valuable effort.,Strongly Disagree,0.617029,0.409753
13852,Respondent #429,Design - I easily understood how to use the product.,Strongly Disagree,0.635126,0.424155
13853,Respondent #429,Design - I had no trouble installing the product.,Strongly Agree,0.293205,0.007091
13854,Respondent #429,"Design - The product's design is unintuitive.",Neutral,0.672705,0.408079
13855,Respondent #429,Quality - The product was durable.,Agree,0.398228,0.343909
13856,Respondent #429,Quality - The product was free from scratches.,Disagree,0.887865,0.081442
13857,Respondent #429,Quality - The product is deformed.,Strongly Disagree,0.403075,0.710154
13858,Respondent #429,Pricing - The product is affordable.,Strongly Disagree,0.182057,0.045147
13859,Respondent #429,Pricing - The product saves me valuable time.,Strongly Agree,0.521178,0.898785
13860,Respondent #429,Pricing - The product saves me valuable effort.,Disagree,0.880934,0.397767
13861,Respondent #430,Design - I easily understood how to use the product.,Strongly Disagree,0.655811,0.158837
13862,Respondent #430,Design - I had no trouble installing the product.,Neutral,0.050573,0.370213
13863,Respondent #430,"Design - The product's design is unintuitive.",Strongly Disagree,0.750468,0.349664
13864,Respondent #430,Quality - The product was durable.,Agree,0.914541,0.564928
13865,Respondent #430,Quality - The product was free from scratches.,Strongly Disagree,0.402563,0.875223
13866,Respondent #430,Quality - The product is deformed.,Agree,0.257726,0.589711
13867,Respondent #430,Pricing - The product is affordable.,Strongly Disagree,0.497891,0.011337
13868,Respondent #430,Pricing - The product saves me valuable time.,Neutral,0.158119,0.434776
13869,Respondent #430,Pricing - The product saves me valuable effort.,Strongly Disagree,0.23144,0.441271
13870,Respondent #431,Design - I easily understood how to use the product.,Strongly Disagree,0.188482,0.553145
13871,Respondent #431,Design - I had no trouble installing the product.,Agree,0.11848,0.347664
13872,Respondent #431,"Design - The product's design is unintuitive.",Agree,0.081723,0.236754
13873,Respondent #431,Quality - The product was durable.,Strongly Agree,0.72136,0.187095
13874,Respondent #431,Quality - The product was free from scratches.,Strongly Disagree,0.981476,0.531091
13875,Respondent #431,Quality - The product is deformed.,Agree,0.915771,0.085717
13876,Respondent #431,Pricing - The product is affordable.,Strongly Agree,0.10672,0.336387
13877,Respondent #431,Pricing - The product saves me valuable time.,Agree,0.65644,0.345965
13878,Respondent #431,Pricing - The product saves me valuable effort.,Disagree,0.797748,0.453636
13879,Respondent #432,Design - I easily understood how to use the product.,Strongly Disagree,0.334574,0.472178
13880,Respondent #432,Design - I had no trouble installing the product.,Strongly Agree,0.928297,0.605292
13881,Respondent #432,"Design - The product's design is unintuitive.",Neutral,0.928996,0.621873
13882,Respondent #432,Quality - The product was durable.,Strongly Agree,0.862244,0.617068
13883,Respondent #432,Quality - The product was free from scratches.,Disagree,0.381465,0.402833
13884,Respondent #432,Quality - The product is deformed.,Agree,0.122156,0.993272
13885,Respondent #432,Pricing - The product is affordable.,Disagree,0.304269,0.985335
13886,Respondent #432,Pricing - The product saves me valuable time.,Agree,0.241548,0.116922
13887,Respondent #432,Pricing - The product saves me valuable effort.,Strongly Disagree,0.620949,0.538847
13888,Respondent #433,Design - I easily understood how to use the product.,Disagree,0.420949,0.368225
13889,Respondent #433,Design - I had no trouble installing the product.,Disagree,0.613741,0.825039
13890,Respondent #433,"Design - The product's design is unintuitive.",Disagree,0.700245,0.194525
13891,Respondent #433,Quality - The product was durable.,Agree,0.660461,0.876531
13892,Respondent #433,Quality - The product was free from scratches.,Neutral,0.746154,0.037178
13893,Respondent #433,Quality - The product is deformed.,Neutral,0.195292,0.684031
13894,Respondent #433,Pricing - The product is affordable.,Strongly Agree,0.405005,0.512264
13895,Respondent #433,Pricing - The product saves me valuable time.,Agree,0.819373,0.710694
13896,Respondent #433,Pricing - The product saves me valuable effort.,Strongly Disagree,0.05594,0.285554
13897,Respondent #434,Design - I easily understood how to use the product.,Strongly Disagree,0.268999,0.912728
13898,Respondent #434,Design - I had no trouble installing the product.,Strongly Agree,0.480308,0.185916
13899,Respondent #434,"Design - The product's design is unintuitive.",Neutral,0.173542,0.846229
13900,Respondent #434,Quality - The product was durable.,Agree,0.228173,0.583137
13901,Respondent #434,Quality - The product was free from scratches.,Neutral,0.748965,0.621598
13902,Respondent #434,Quality - The product is deformed.,Strongly Agree,0.955326,0.508391
13903,Respondent #434,Pricing - The product is affordable.,Strongly Disagree,0.344076,0.319442
13904,Respondent #434,Pricing - The product saves me valuable time.,Neutral,0.76941,0.885673
13905,Respondent #434,Pricing - The product saves me valuable effort.,Strongly Disagree,0.401205,0.313502
13906,Respondent #435,Design - I easily understood how to use the product.,Disagree,0.129512,0.903744
13907,Respondent #435,Design - I had no trouble installing the product.,Strongly Agree,0.571324,0.987318
13908,Respondent #435,"Design - The product's design is unintuitive.",Agree,0.967592,0.735854
13909,Respondent #435,Quality - The product was durable.,Agree,0.550207,0.958351
13910,Respondent #435,Quality - The product was free from scratches.,Disagree,0.073423,0.642505
13911,Respondent #435,Quality - The product is deformed.,Strongly Agree,0.05684,0.152137
13912,Respondent #435,Pricing - The product is affordable.,Strongly Disagree,0.902779,0.957818
13913,Respondent #435,Pricing - The product saves me valuable time.,Agree,0.634632,0.66424
13914,Respondent #435,Pricing - The product saves me valuable effort.,Disagree,0.780043,0.093698
13915,Respondent #436,Design - I easily understood how to use the product.,Neutral,0.695245,0.74953
13916,Respondent #436,Design - I had no trouble installing the product.,Strongly Agree,0.58286,0.676347
13917,Respondent #436,"Design - The product's design is unintuitive.",Agree,0.156552,0.664157
13918,Respondent #436,Quality - The product was durable.,Agree,0.595642,0.566231
13919,Respondent #436,Quality - The product was free from scratches.,Disagree,0.65593,0.481304
13920,Respondent #436,Quality - The product is deformed.,Agree,0.537803,0.271882
13921,Respondent #436,Pricing - The product is affordable.,Disagree,0.557688,0.101226
13922,Respondent #436,Pricing - The product saves me valuable time.,Agree,0.511019,0.438709
13923,Respondent #436,Pricing - The product saves me valuable effort.,Strongly Disagree,0.140756,0.845713
13924,Respondent #437,Design - I easily understood how to use the product.,Strongly Disagree,0.129501,0.82908
13925,Respondent #437,Design - I had no trouble installing the product.,Neutral,0.148143,0.448596
13926,Respondent #437,"Design - The product's design is unintuitive.",Strongly Agree,0.138873,0.481377
13927,Respondent #437,Quality - The product was durable.,Agree,0.722409,0.060778
13928,Respondent #437,Quality - The product was free from scratches.,Disagree,0.590667,0.768392
13929,Respondent #437,Quality - The product is deformed.,Neutral,0.667905,0.315182
13930,Respondent #437,Pricing - The product is affordable.,Neutral,0.632983,0.960927
13931,Respondent #437,Pricing - The product saves me valuable time.,Strongly Disagree,0.801679,0.116576
13932,Respondent #437,Pricing - The product saves me valuable effort.,Disagree,0.152104,0.017065
13933,Respondent #438,Design - I easily understood how to use the product.,Strongly Disagree,0.358274,0.414683
13934,Respondent #438,Design - I had no trouble installing the product.,Neutral,0.6458,0.458178
13935,Respondent #438,"Design - The product's design is unintuitive.",Disagree,0.263224,0.025254
13936,Respondent #438,Quality - The product was durable.,Agree,0.338592,0.095558
13937,Respondent #438,Quality - The product was free from scratches.,Neutral,0.750544,0.847167
13938,Respondent #438,Quality - The product is deformed.,Agree,0.300801,0.912772
13939,Respondent #438,Pricing - The product is affordable.,Strongly Disagree,0.551606,0.089408
13940,Respondent #438,Pricing - The product saves me valuable time.,Agree,0.316533,0.731511
13941,Respondent #438,Pricing - The product saves me valuable effort.,Strongly Disagree,0.240723,0.750857
13942,Respondent #439,Design - I easily understood how to use the product.,Strongly Disagree,0.038909,0.209251
13943,Respondent #439,Design - I had no trouble installing the product.,Agree,0.010027,0.889737
13944,Respondent #439,"Design - The product's design is unintuitive.",Strongly Disagree,0.819102,0.745191
13945,Respondent #439,Quality - The product was durable.,Agree,0.63138,0.623395
13946,Respondent #439,Quality - The product was free from scratches.,Strongly Disagree,0.290177,0.43698
13947,Respondent #439,Quality - The product is deformed.,Agree,0.314363,0.373854
13948,Respondent #439,Pricing - The product is affordable.,Strongly Disagree,0.760163,0.752299
13949,Respondent #439,Pricing - The product saves me valuable time.,Agree,0.765513,0.490726
13950,Respondent #439,Pricing - The product saves me valuable effort.,Strongly Disagree,0.894457,0.011872
13951,Respondent #440,Design - I easily understood how to use the product.,Strongly Disagree,0.403647,0.738891
13952,Respondent #440,Design - I had no trouble installing the product.,Agree,0.327231,0.825118
13953,Respondent #440,"Design - The product's design is unintuitive.",Disagree,0.979882,0.57347
13954,Respondent #440,Quality - The product was durable.,Neutral,0.72992,0.587684
13955,Respondent #440,Quality - The product was free from scratches.,Strongly Disagree,0.722219,0.327493
13956,Respondent #440,Quality - The product is deformed.,Neutral,0.618384,0.665866
13957,Respondent #440,Pricing - The product is affordable.,Neutral,0.041448,0.234873
13958,Respondent #440,Pricing - The product saves me valuable time.,Agree,0.228585,0.967381
13959,Respondent #440,Pricing - The product saves me valuable effort.,Strongly Disagree,0.276384,0.039306
13960,Respondent #441,Design - I easily understood how to use the product.,Disagree,0.973267,0.916967
13961,Respondent #441,Design - I had no trouble installing the product.,Strongly Agree,0.295024,0.565939
13962,Respondent #441,"Design - The product's design is unintuitive.",Neutral,0.485648,0.21933
13963,Respondent #441,Quality - The product was durable.,Strongly Agree,0.318099,0.150247
13964,Respondent #441,Quality - The product was free from scratches.,Disagree,0.004879,0.353446
13965,Respondent #441,Quality - The product is deformed.,Agree,0.589922,0.169386
13966,Respondent #441,Pricing - The product is affordable.,Neutral,0.618513,0.399761
13967,Respondent #441,Pricing - The product saves me valuable time.,Disagree,0.643889,0.079452
13968,Respondent #441,Pricing - The product saves me valuable effort.,Disagree,0.564092,0.690418
13969,Respondent #442,Design - I easily understood how to use the product.,Strongly Disagree,0.397073,0.030154
13970,Respondent #442,Design - I had no trouble installing the product.,Strongly Disagree,0.825756,0.120408
13971,Respondent #442,"Design - The product's design is unintuitive.",Disagree,0.087429,0.957307
13972,Respondent #442,Quality - The product was durable.,Agree,0.636878,0.78287
13973,Respondent #442,Quality - The product was free from scratches.,Disagree,0.509456,0.297255
13974,Respondent #442,Quality - The product is deformed.,Disagree,0.077566,0.452941
13975,Respondent #442,Pricing - The product is affordable.,Neutral,0.969844,0.023503
13976,Respondent #442,Pricing - The product saves me valuable time.,Agree,0.2746,0.122676
13977,Respondent #442,Pricing - The product saves me valuable effort.,Strongly Disagree,0.801479,0.681886
13978,Respondent #443,Design - I easily understood how to use the product.,Strongly Disagree,0.764735,0.089966
13979,Respondent #443,Design - I had no trouble installing the product.,Strongly Agree,0.785087,0.625772
13980,Respondent #443,"Design - The product's design is unintuitive.",Disagree,0.69662,0.32153
13981,Respondent #443,Quality - The product was durable.,Neutral,0.883335,0.281176
13982,Respondent #443,Quality - The product was free from scratches.,Neutral,0.852818,0.041126
13983,Respondent #443,Quality - The product is deformed.,Agree,0.114739,0.688137
13984,Respondent #443,Pricing - The product is affordable.,Agree,0.98296,0.684685
13985,Respondent #443,Pricing - The product saves me valuable time.,Neutral,0.533255,0.214951
13986,Respondent #443,Pricing - The product saves me valuable effort.,Disagree,0.269766,0.671202
13987,Respondent #444,Design - I easily understood how to use the product.,Strongly Disagree,0.569828,0.009766
13988,Respondent #444,Design - I had no trouble installing the product.,Strongly Agree,0.661279,0.048693
13989,Respondent #444,"Design - The product's design is unintuitive.",Neutral,0.379553,0.16833
13990,Respondent #444,Quality - The product was durable.,Agree,0.756254,0.998398
13991,Respondent #444,Quality - The product was free from scratches.,Disagree,0.029253,0.547634
13992,Respondent #444,Quality - The product is deformed.,Disagree,0.850483,0.666033
13993,Respondent #444,Pricing - The product is affordable.,Agree,0.127903,0.608293
13994,Respondent #444,Pricing - The product saves me valuable time.,Agree,0.433591,0.790975
13995,Respondent #444,Pricing - The product saves me valuable effort.,Strongly Disagree,0.168419,0.831494
13996,Respondent #445,Design - I easily understood how to use the product.,Strongly Disagree,0.028744,0.82437
13997,Respondent #445,Design - I had no trouble installing the product.,Strongly Agree,0.100942,0.468003
13998,Respondent #445,"Design - The product's design is unintuitive.",Strongly Agree,0.178223,0.887954
13999,Respondent #445,Quality - The product was durable.,Strongly Agree,0.4087,0.003152
14000,Respondent #445,Quality - The product was free from scratches.,Disagree,0.871091,0.489037
14001,Respondent #445,Quality - The product is deformed.,Strongly Agree,0.872955,0.80607
14002,Respondent #445,Pricing - The product is affordable.,Agree,0.55374,0.048608
14003,Respondent #445,Pricing - The product saves me valuable time.,Agree,0.476455,0.850265
14004,Respondent #445,Pricing - The product saves me valuable effort.,Strongly Disagree,0.630689,0.270409
14005,Respondent #446,Design - I easily understood how to use the product.,Strongly Disagree,0.673142,0.891346
14006,Respondent #446,Design - I had no trouble installing the product.,Strongly Agree,0.984966,0.392885
14007,Respondent #446,"Design - The product's design is unintuitive.",Agree,0.437537,0.338724
14008,Respondent #446,Quality - The product was durable.,Agree,0.690149,0.823193
14009,Respondent #446,Quality - The product was free from scratches.,Disagree,0.513528,0.826252
14010,Respondent #446,Quality - The product is deformed.,Agree,0.331918,0.097804
14011,Respondent #446,Pricing - The product is affordable.,Neutral,0.167836,0.095885
14012,Respondent #446,Pricing - The product saves me valuable time.,Agree,0.839778,0.476348
14013,Respondent #446,Pricing - The product saves me valuable effort.,Disagree,0.479385,0.652334
14014,Respondent #447,Design - I easily understood how to use the product.,Strongly Disagree,0.675604,0.314477
14015,Respondent #447,Design - I had no trouble installing the product.,Strongly Agree,0.128325,0.181869
14016,Respondent #447,"Design - The product's design is unintuitive.",Neutral,0.756632,0.962674
14017,Respondent #447,Quality - The product was durable.,Neutral,0.271955,0.751022
14018,Respondent #447,Quality - The product was free from scratches.,Neutral,0.422411,0.298727
14019,Respondent #447,Quality - The product is deformed.,Neutral,0.955728,0.775007
14020,Respondent #447,Pricing - The product is affordable.,Strongly Disagree,0.029391,0.004926
14021,Respondent #447,Pricing - The product saves me valuable time.,Agree,0.662073,0.067727
14022,Respondent #447,Pricing - The product saves me valuable effort.,Strongly Disagree,0.283508,0.034165
14023,Respondent #448,Design - I easily understood how to use the product.,Strongly Disagree,0.784577,0.975705
14024,Respondent #448,Design - I had no trouble installing the product.,Strongly Agree,0.447303,0.98504
14025,Respondent #448,"Design - The product's design is unintuitive.",Neutral,0.995564,0.708564
14026,Respondent #448,Quality - The product was durable.,Neutral,0.226032,0.106515
14027,Respondent #448,Quality - The product was free from scratches.,Disagree,0.226804,0.02899
14028,Respondent #448,Quality - The product is deformed.,Strongly Agree,0.274201,0.280662
14029,Respondent #448,Pricing - The product is affordable.,Disagree,0.132436,0.308932
14030,Respondent #448,Pricing - The product saves me valuable time.,Agree,0.306338,0.26957
14031,Respondent #448,Pricing - The product saves me valuable effort.,Disagree,0.753084,0.311743
14032,Respondent #449,Design - I easily understood how to use the product.,Agree,0.89031,0.2312
14033,Respondent #449,Design - I had no trouble installing the product.,Strongly Agree,0.439309,0.775495
14034,Respondent #449,"Design - The product's design is unintuitive.",Strongly Disagree,0.853811,0.757235
14035,Respondent #449,Quality - The product was durable.,Strongly Agree,0.915907,0.799853
14036,Respondent #449,Quality - The product was free from scratches.,Disagree,0.935596,0.186568
14037,Respondent #449,Quality - The product is deformed.,Disagree,0.254129,0.398764
14038,Respondent #449,Pricing - The product is affordable.,Strongly Agree,0.227842,0.79722
14039,Respondent #449,Pricing - The product saves me valuable time.,Neutral,0.194188,0.277377
14040,Respondent #449,Pricing - The product saves me valuable effort.,Strongly Disagree,0.954544,0.050351
14041,Respondent #450,Design - I easily understood how to use the product.,Strongly Disagree,0.254833,0.506623
14042,Respondent #450,Design - I had no trouble installing the product.,Neutral,0.612936,0.075037
14043,Respondent #450,"Design - The product's design is unintuitive.",Disagree,0.548839,0.604441
14044,Respondent #450,Quality - The product was durable.,Strongly Agree,0.380465,0.021154
14045,Respondent #450,Quality - The product was free from scratches.,Disagree,0.373349,0.816463
14046,Respondent #450,Quality - The product is deformed.,Agree,0.39426,0.977221
14047,Respondent #450,Pricing - The product is affordable.,Disagree,0.490419,0.34106
14048,Respondent #450,Pricing - The product saves me valuable time.,Disagree,0.802008,0.738977
14049,Respondent #450,Pricing - The product saves me valuable effort.,Disagree,0.058397,0.038292
14050,Respondent #451,Design - I easily understood how to use the product.,Strongly Disagree,0.560793,0.789871
14051,Respondent #451,Design - I had no trouble installing the product.,Strongly Agree,0.854978,0.997593
14052,Respondent #451,"Design - The product's design is unintuitive.",Neutral,0.891394,0.807006
14053,Respondent #451,Quality - The product was durable.,Strongly Agree,0.442983,0.650883
14054,Respondent #451,Quality - The product was free from scratches.,Disagree,0.331187,0.178895
14055,Respondent #451,Quality - The product is deformed.,Strongly Agree,0.451258,0.807612
14056,Respondent #451,Pricing - The product is affordable.,Agree,0.265155,0.28102
14057,Respondent #451,Pricing - The product saves me valuable time.,Agree,0.47219,0.727952
14058,Respondent #451,Pricing - The product saves me valuable effort.,Strongly Disagree,0.931717,0.369086
14059,Respondent #452,Design - I easily understood how to use the product.,Agree,0.019593,0.871174
14060,Respondent #452,Design - I had no trouble installing the product.,Neutral,0.029311,0.81173
14061,Respondent #452,"Design - The product's design is unintuitive.",Agree,0.640231,0.548623
14062,Respondent #452,Quality - The product was durable.,Agree,0.910672,0.580053
14063,Respondent #452,Quality - The product was free from scratches.,Disagree,0.596883,0.262373
14064,Respondent #452,Quality - The product is deformed.,Agree,0.599692,0.297873
14065,Respondent #452,Pricing - The product is affordable.,Neutral,0.319563,0.060258
14066,Respondent #452,Pricing - The product saves me valuable time.,Agree,0.700772,0.284449
14067,Respondent #452,Pricing - The product saves me valuable effort.,Strongly Disagree,0.06398,0.861763
14068,Respondent #453,Design - I easily understood how to use the product.,Disagree,0.777474,0.960809
14069,Respondent #453,Design - I had no trouble installing the product.,Agree,0.926479,0.944402
14070,Respondent #453,"Design - The product's design is unintuitive.",Disagree,0.726905,0.085481
14071,Respondent #453,Quality - The product was durable.,Strongly Agree,0.385061,0.980092
14072,Respondent #453,Quality - The product was free from scratches.,Neutral,0.332447,0.225001
14073,Respondent #453,Quality - The product is deformed.,Disagree,0.010003,0.468212
14074,Respondent #453,Pricing - The product is affordable.,Strongly Disagree,0.278193,0.593764
14075,Respondent #453,Pricing - The product saves me valuable time.,Agree,0.183438,0.016873
14076,Respondent #453,Pricing - The product saves me valuable effort.,Strongly Disagree,0.835339,0.472733
14077,Respondent #454,Design - I easily understood how to use the product.,Disagree,0.401733,0.230869
14078,Respondent #454,Design - I had no trouble installing the product.,Disagree,0.46205,0.735415
14079,Respondent #454,"Design - The product's design is unintuitive.",Disagree,0.446538,0.387166
14080,Respondent #454,Quality - The product was durable.,Neutral,0.798098,0.063242
14081,Respondent #454,Quality - The product was free from scratches.,Neutral,0.970531,0.175969
14082,Respondent #454,Quality - The product is deformed.,Agree,0.64201,0.811466
14083,Respondent #454,Pricing - The product is affordable.,Disagree,0.916642,0.014448
14084,Respondent #454,Pricing - The product saves me valuable time.,Agree,0.74011,0.704626
14085,Respondent #454,Pricing - The product saves me valuable effort.,Disagree,0.582241,0.818596
14086,Respondent #455,Design - I easily understood how to use the product.,Strongly Disagree,0.84894,0.209997
14087,Respondent #455,Design - I had no trouble installing the product.,Strongly Agree,0.297522,0.255287
14088,Respondent #455,"Design - The product's design is unintuitive.",Neutral,0.47309,0.235496
14089,Respondent #455,Quality - The product was durable.,Strongly Agree,0.647161,0.550917
14090,Respondent #455,Quality - The product was free from scratches.,Disagree,0.423912,0.789553
14091,Respondent #455,Quality - The product is deformed.,Disagree,0.01116,0.327648
14092,Respondent #455,Pricing - The product is affordable.,Strongly Disagree,0.6765,0.774585
14093,Respondent #455,Pricing - The product saves me valuable time.,Neutral,0.482483,0.277599
14094,Respondent #455,Pricing - The product saves me valuable effort.,Neutral,0.255714,0.256349
14095,Respondent #456,Design - I easily understood how to use the product.,Strongly Disagree,0.074093,0.41765
14096,Respondent #456,Design - I had no trouble installing the product.,Neutral,0.565419,0.668344
14097,Respondent #456,"Design - The product's design is unintuitive.",Neutral,0.655021,0.490128
14098,Respondent #456,Quality - The product was durable.,Agree,0.952825,0.992062
14099,Respondent #456,Quality - The product was free from scratches.,Disagree,0.702203,0.083175
14100,Respondent #456,Quality - The product is deformed.,Strongly Agree,0.854326,0.451439
14101,Respondent #456,Pricing - The product is affordable.,Strongly Disagree,0.390447,0.75012
14102,Respondent #456,Pricing - The product saves me valuable time.,Disagree,0.577753,0.216853
14103,Respondent #456,Pricing - The product saves me valuable effort.,Strongly Disagree,0.846049,0.893462
14104,Respondent #457,Design - I easily understood how to use the product.,Disagree,0.675276,0.206671
14105,Respondent #457,Design - I had no trouble installing the product.,Strongly Agree,0.841403,0.520916
14106,Respondent #457,"Design - The product's design is unintuitive.",Agree,0.011621,0.41818
14107,Respondent #457,Quality - The product was durable.,Strongly Agree,0.255655,0.00801
14108,Respondent #457,Quality - The product was free from scratches.,Disagree,0.883234,0.524042
14109,Respondent #457,Quality - The product is deformed.,Neutral,0.33173,0.278242
14110,Respondent #457,Pricing - The product is affordable.,Disagree,0.931996,0.228138
14111,Respondent #457,Pricing - The product saves me valuable time.,Agree,0.344902,0.81002
14112,Respondent #457,Pricing - The product saves me valuable effort.,Strongly Disagree,0.125163,0.726036
14113,Respondent #458,Design - I easily understood how to use the product.,Strongly Disagree,0.532699,0.776446
14114,Respondent #458,Design - I had no trouble installing the product.,Neutral,0.969463,0.929473
14115,Respondent #458,"Design - The product's design is unintuitive.",Agree,0.6579,0.248954
14116,Respondent #458,Quality - The product was durable.,Neutral,0.520944,0.086968
14117,Respondent #458,Quality - The product was free from scratches.,Disagree,0.267212,0.217702
14118,Respondent #458,Quality - The product is deformed.,Disagree,0.12657,0.074392
14119,Respondent #458,Pricing - The product is affordable.,Disagree,0.910385,0.731981
14120,Respondent #458,Pricing - The product saves me valuable time.,Neutral,0.019652,0.975127
14121,Respondent #458,Pricing - The product saves me valuable effort.,Disagree,0.622379,0.651799
14122,Respondent #459,Design - I easily understood how to use the product.,Strongly Disagree,0.812692,0.793175
14123,Respondent #459,Design - I had no trouble installing the product.,Agree,0.852281,0.629757
14124,Respondent #459,"Design - The product's design is unintuitive.",Agree,0.479645,0.514153
14125,Respondent #459,Quality - The product was durable.,Agree,0.903669,0.054478
14126,Respondent #459,Quality - The product was free from scratches.,Disagree,0.850133,0.479581
14127,Respondent #459,Quality - The product is deformed.,Strongly Agree,0.603555,0.923534
14128,Respondent #459,Pricing - The product is affordable.,Strongly Disagree,0.244533,0.311197
14129,Respondent #459,Pricing - The product saves me valuable time.,Agree,0.283004,0.103532
14130,Respondent #459,Pricing - The product saves me valuable effort.,Strongly Disagree,0.121399,0.418758
14131,Respondent #460,Design - I easily understood how to use the product.,Strongly Disagree,0.999477,0.267834
14132,Respondent #460,Design - I had no trouble installing the product.,Strongly Agree,0.205402,0.0765
14133,Respondent #460,"Design - The product's design is unintuitive.",Neutral,0.993821,0.973647
14134,Respondent #460,Quality - The product was durable.,Neutral,0.977238,0.199798
14135,Respondent #460,Quality - The product was free from scratches.,Disagree,0.446238,0.081719
14136,Respondent #460,Quality - The product is deformed.,Disagree,0.590351,0.141477
14137,Respondent #460,Pricing - The product is affordable.,Strongly Disagree,0.294634,0.383192
14138,Respondent #460,Pricing - The product saves me valuable time.,Neutral,0.018916,0.792185
14139,Respondent #460,Pricing - The product saves me valuable effort.,Neutral,0.184005,0.069802
14140,Respondent #461,Design - I easily understood how to use the product.,Disagree,0.539309,0.475658
14141,Respondent #461,Design - I had no trouble installing the product.,Strongly Agree,0.925451,0.351834
14142,Respondent #461,"Design - The product's design is unintuitive.",Neutral,0.143034,0.514584
14143,Respondent #461,Quality - The product was durable.,Neutral,0.922596,0.854409
14144,Respondent #461,Quality - The product was free from scratches.,Neutral,0.068884,0.237012
14145,Respondent #461,Quality - The product is deformed.,Disagree,0.698319,0.485375
14146,Respondent #461,Pricing - The product is affordable.,Strongly Disagree,0.262628,0.954239
14147,Respondent #461,Pricing - The product saves me valuable time.,Agree,0.423423,0.020134
14148,Respondent #461,Pricing - The product saves me valuable effort.,Disagree,0.304756,0.068608
14149,Respondent #462,Design - I easily understood how to use the product.,Strongly Disagree,0.276551,0.974451
14150,Respondent #462,Design - I had no trouble installing the product.,Agree,0.531682,0.135352
14151,Respondent #462,"Design - The product's design is unintuitive.",Disagree,0.078068,0.064851
14152,Respondent #462,Quality - The product was durable.,Neutral,0.761538,0.526316
14153,Respondent #462,Quality - The product was free from scratches.,Neutral,0.619326,0.805888
14154,Respondent #462,Quality - The product is deformed.,Neutral,0.988304,0.176004
14155,Respondent #462,Pricing - The product is affordable.,Strongly Disagree,0.179154,0.284389
14156,Respondent #462,Pricing - The product saves me valuable time.,Agree,0.420701,0.935679
14157,Respondent #462,Pricing - The product saves me valuable effort.,Strongly Disagree,0.3693,0.228461
14158,Respondent #463,Design - I easily understood how to use the product.,Strongly Disagree,0.344935,0.407284
14159,Respondent #463,Design - I had no trouble installing the product.,Agree,0.04972,0.892898
14160,Respondent #463,"Design - The product's design is unintuitive.",Agree,0.848549,0.336679
14161,Respondent #463,Quality - The product was durable.,Strongly Agree,0.362492,0.371953
14162,Respondent #463,Quality - The product was free from scratches.,Disagree,0.414143,0.643467
14163,Respondent #463,Quality - The product is deformed.,Strongly Agree,0.29778,0.684916
14164,Respondent #463,Pricing - The product is affordable.,Strongly Disagree,0.852985,0.100451
14165,Respondent #463,Pricing - The product saves me valuable time.,Neutral,0.567165,0.444569
14166,Respondent #463,Pricing - The product saves me valuable effort.,Strongly Disagree,0.672821,0.761846
14167,Respondent #464,Design - I easily understood how to use the product.,Agree,0.06429,0.070463
14168,Respondent #464,Design - I had no trouble installing the product.,Agree,0.92984,0.913196
14169,Respondent #464,"Design - The product's design is unintuitive.",Neutral,0.978007,0.494817
14170,Respondent #464,Quality - The product was durable.,Agree,0.082202,0.569302
14171,Respondent #464,Quality - The product was free from scratches.,Disagree,0.783483,0.274132
14172,Respondent #464,Quality - The product is deformed.,Neutral,0.391677,0.504128
14173,Respondent #464,Pricing - The product is affordable.,Strongly Disagree,0.910872,0.716088
14174,Respondent #464,Pricing - The product saves me valuable time.,Agree,0.493282,0.493791
14175,Respondent #464,Pricing - The product saves me valuable effort.,Disagree,0.083557,0.257407
14176,Respondent #465,Design - I easily understood how to use the product.,Strongly Disagree,0.684221,0.624377
14177,Respondent #465,Design - I had no trouble installing the product.,Strongly Agree,0.929933,0.661069
14178,Respondent #465,"Design - The product's design is unintuitive.",Neutral,0.83908,0.087653
14179,Respondent #465,Quality - The product was durable.,Neutral,0.328672,0.946571
14180,Respondent #465,Quality - The product was free from scratches.,Disagree,0.523793,0.803609
14181,Respondent #465,Quality - The product is deformed.,Neutral,0.978428,0.167732
14182,Respondent #465,Pricing - The product is affordable.,Agree,0.044847,0.16275
14183,Respondent #465,Pricing - The product saves me valuable time.,Strongly Agree,0.057341,0.311154
14184,Respondent #465,Pricing - The product saves me valuable effort.,Strongly Disagree,0.037223,0.246489
14185,Respondent #466,Design - I easily understood how to use the product.,Strongly Disagree,0.999427,0.113077
14186,Respondent #466,Design - I had no trouble installing the product.,Strongly Agree,0.039353,0.771365
14187,Respondent #466,"Design - The product's design is unintuitive.",Agree,0.862332,0.290581
14188,Respondent #466,Quality - The product was durable.,Neutral,0.837929,0.482862
14189,Respondent #466,Quality - The product was free from scratches.,Neutral,0.611414,0.092195
14190,Respondent #466,Quality - The product is deformed.,Agree,0.73688,0.849231
14191,Respondent #466,Pricing - The product is affordable.,Disagree,0.051276,0.173802
14192,Respondent #466,Pricing - The product saves me valuable time.,Agree,0.578679,0.834651
14193,Respondent #466,Pricing - The product saves me valuable effort.,Strongly Disagree,0.615464,0.943505
14194,Respondent #467,Design - I easily understood how to use the product.,Strongly Agree,0.234129,0.253842
14195,Respondent #467,Design - I had no trouble installing the product.,Neutral,0.010428,0.483583
14196,Respondent #467,"Design - The product's design is unintuitive.",Strongly Disagree,0.46416,0.833883
14197,Respondent #467,Quality - The product was durable.,Strongly Agree,0.447618,0.529682
14198,Respondent #467,Quality - The product was free from scratches.,Neutral,0.521543,0.930228
14199,Respondent #467,Quality - The product is deformed.,Agree,0.393591,0.293578
14200,Respondent #467,Pricing - The product is affordable.,Disagree,0.21121,0.255438
14201,Respondent #467,Pricing - The product saves me valuable time.,Agree,0.993514,0.624054
14202,Respondent #467,Pricing - The product saves me valuable effort.,Strongly Disagree,0.376463,0.988483
14203,Respondent #468,Design - I easily understood how to use the product.,Strongly Disagree,0.873476,0.239821
14204,Respondent #468,Design - I had no trouble installing the product.,Strongly Agree,0.698884,0.580948
14205,Respondent #468,"Design - The product's design is unintuitive.",Disagree,0.660021,0.650573
14206,Respondent #468,Quality - The product was durable.,Agree,0.056167,0.576936
14207,Respondent #468,Quality - The product was free from scratches.,Neutral,0.262075,0.781261
14208,Respondent #468,Quality - The product is deformed.,Agree,0.587521,0.926513
14209,Respondent #468,Pricing - The product is affordable.,Strongly Disagree,0.347427,0.128338
14210,Respondent #468,Pricing - The product saves me valuable time.,Agree,0.928462,0.726086
14211,Respondent #468,Pricing - The product saves me valuable effort.,Strongly Disagree,0.233448,0.718744
14212,Respondent #469,Design - I easily understood how to use the product.,Agree,0.182731,0.47496
14213,Respondent #469,Design - I had no trouble installing the product.,Neutral,0.201464,0.759719
14214,Respondent #469,"Design - The product's design is unintuitive.",Disagree,0.615707,0.681293
14215,Respondent #469,Quality - The product was durable.,Neutral,0.604544,0.508778
14216,Respondent #469,Quality - The product was free from scratches.,Disagree,0.19531,0.485207
14217,Respondent #469,Quality - The product is deformed.,Neutral,0.405752,0.661846
14218,Respondent #469,Pricing - The product is affordable.,Strongly Disagree,0.844546,0.208587
14219,Respondent #469,Pricing - The product saves me valuable time.,Neutral,0.042316,0.251158
14220,Respondent #469,Pricing - The product saves me valuable effort.,Neutral,0.165963,0.343784
14221,Respondent #470,Design - I easily understood how to use the product.,Strongly Disagree,0.939095,0.498663
14222,Respondent #470,Design - I had no trouble installing the product.,Agree,0.014696,0.685591
14223,Respondent #470,"Design - The product's design is unintuitive.",Strongly Disagree,0.911317,0.349803
14224,Respondent #470,Quality - The product was durable.,Neutral,0.74926,0.103155
14225,Respondent #470,Quality - The product was free from scratches.,Disagree,0.025387,0.426561
14226,Respondent #470,Quality - The product is deformed.,Agree,0.440697,0.716856
14227,Respondent #470,Pricing - The product is affordable.,Strongly Agree,0.84388,0.643882
14228,Respondent #470,Pricing - The product saves me valuable time.,Agree,0.140484,0.371044
14229,Respondent #470,Pricing - The product saves me valuable effort.,Strongly Disagree,0.488514,0.356703
14230,Respondent #471,Design - I easily understood how to use the product.,Neutral,0.21326,0.046858
14231,Respondent #471,Design - I had no trouble installing the product.,Strongly Agree,0.007035,0.525139
14232,Respondent #471,"Design - The product's design is unintuitive.",Neutral,0.431386,0.597233
14233,Respondent #471,Quality - The product was durable.,Strongly Agree,0.846279,0.559317
14234,Respondent #471,Quality - The product was free from scratches.,Neutral,0.845083,0.788387
14235,Respondent #471,Quality - The product is deformed.,Agree,0.033906,0.619545
14236,Respondent #471,Pricing - The product is affordable.,Strongly Agree,0.477483,0.812881
14237,Respondent #471,Pricing - The product saves me valuable time.,Neutral,0.500593,0.982851
14238,Respondent #471,Pricing - The product saves me valuable effort.,Disagree,0.613162,0.337858
14239,Respondent #472,Design - I easily understood how to use the product.,Disagree,0.669131,0.235274
14240,Respondent #472,Design - I had no trouble installing the product.,Strongly Agree,0.970086,0.372624
14241,Respondent #472,"Design - The product's design is unintuitive.",Disagree,0.828628,0.311505
14242,Respondent #472,Quality - The product was durable.,Strongly Agree,0.901109,0.323981
14243,Respondent #472,Quality - The product was free from scratches.,Neutral,0.785298,0.397627
14244,Respondent #472,Quality - The product is deformed.,Strongly Agree,0.141132,0.215449
14245,Respondent #472,Pricing - The product is affordable.,Strongly Disagree,0.061734,0.446337
14246,Respondent #472,Pricing - The product saves me valuable time.,Agree,0.878355,0.802679
14247,Respondent #472,Pricing - The product saves me valuable effort.,Neutral,0.466895,0.92835
14248,Respondent #473,Design - I easily understood how to use the product.,Strongly Disagree,0.81962,0.044387
14249,Respondent #473,Design - I had no trouble installing the product.,Strongly Agree,0.161475,0.233453
14250,Respondent #473,"Design - The product's design is unintuitive.",Disagree,0.760024,0.094089
14251,Respondent #473,Quality - The product was durable.,Agree,0.86004,0.191059
14252,Respondent #473,Quality - The product was free from scratches.,Neutral,0.929855,0.792051
14253,Respondent #473,Quality - The product is deformed.,Disagree,0.898791,0.795362
14254,Respondent #473,Pricing - The product is affordable.,Strongly Disagree,0.977007,0.010584
14255,Respondent #473,Pricing - The product saves me valuable time.,Strongly Agree,0.9387,0.359272
14256,Respondent #473,Pricing - The product saves me valuable effort.,Strongly Disagree,0.331934,0.348559
14257,Respondent #474,Design - I easily understood how to use the product.,Strongly Disagree,0.507122,0.436019
14258,Respondent #474,Design - I had no trouble installing the product.,Strongly Agree,0.540849,0.78051
14259,Respondent #474,"Design - The product's design is unintuitive.",Neutral,0.082817,0.568196
14260,Respondent #474,Quality - The product was durable.,Agree,0.242005,0.923521
14261,Respondent #474,Quality - The product was free from scratches.,Disagree,0.075368,0.73901
14262,Respondent #474,Quality - The product is deformed.,Neutral,0.928391,0.231273
14263,Respondent #474,Pricing - The product is affordable.,Strongly Agree,0.522728,0.717085
14264,Respondent #474,Pricing - The product saves me valuable time.,Agree,0.789002,0.960985
14265,Respondent #474,Pricing - The product saves me valuable effort.,Neutral,0.935557,0.541063
14266,Respondent #475,Design - I easily understood how to use the product.,Strongly Disagree,0.507554,0.368493
14267,Respondent #475,Design - I had no trouble installing the product.,Strongly Agree,0.514026,0.648938
14268,Respondent #475,"Design - The product's design is unintuitive.",Disagree,0.689921,0.637201
14269,Respondent #475,Quality - The product was durable.,Neutral,0.665589,0.23535
14270,Respondent #475,Quality - The product was free from scratches.,Disagree,0.450675,0.942984
14271,Respondent #475,Quality - The product is deformed.,Strongly Agree,0.388385,0.335108
14272,Respondent #475,Pricing - The product is affordable.,Neutral,0.078498,0.703255
14273,Respondent #475,Pricing - The product saves me valuable time.,Disagree,0.733466,0.537404
14274,Respondent #475,Pricing - The product saves me valuable effort.,Disagree,0.915166,0.862778
14275,Respondent #476,Design - I easily understood how to use the product.,Strongly Disagree,0.786736,0.422892
14276,Respondent #476,Design - I had no trouble installing the product.,Neutral,0.762737,0.917703
14277,Respondent #476,"Design - The product's design is unintuitive.",Neutral,0.352236,0.496682
14278,Respondent #476,Quality - The product was durable.,Agree,0.14495,0.267636
14279,Respondent #476,Quality - The product was free from scratches.,Disagree,0.496386,0.092983
14280,Respondent #476,Quality - The product is deformed.,Disagree,0.042312,0.875245
14281,Respondent #476,Pricing - The product is affordable.,Strongly Disagree,0.13811,0.741684
14282,Respondent #476,Pricing - The product saves me valuable time.,Strongly Agree,0.829877,0.07483
14283,Respondent #476,Pricing - The product saves me valuable effort.,Strongly Disagree,0.293348,0.891517
14284,Respondent #477,Design - I easily understood how to use the product.,Strongly Disagree,0.08536,0.78663
14285,Respondent #477,Design - I had no trouble installing the product.,Strongly Agree,0.448171,0.449636
14286,Respondent #477,"Design - The product's design is unintuitive.",Neutral,0.878033,0.336436
14287,Respondent #477,Quality - The product was durable.,Agree,0.982385,0.980926
14288,Respondent #477,Quality - The product was free from scratches.,Disagree,0.024104,0.934941
14289,Respondent #477,Quality - The product is deformed.,Disagree,0.199334,0.492104
14290,Respondent #477,Pricing - The product is affordable.,Strongly Disagree,0.303751,0.325152
14291,Respondent #477,Pricing - The product saves me valuable time.,Neutral,0.761908,0.093127
14292,Respondent #477,Pricing - The product saves me valuable effort.,Strongly Disagree,0.826674,0.734716
14293,Respondent #478,Design - I easily understood how to use the product.,Disagree,0.254821,0.262093
14294,Respondent #478,Design - I had no trouble installing the product.,Agree,0.009879,0.638846
14295,Respondent #478,"Design - The product's design is unintuitive.",Neutral,0.703647,0.12717
14296,Respondent #478,Quality - The product was durable.,Agree,0.667662,0.438297
14297,Respondent #478,Quality - The product was free from scratches.,Disagree,0.149315,0.074984
14298,Respondent #478,Quality - The product is deformed.,Neutral,0.075157,0.742728
14299,Respondent #478,Pricing - The product is affordable.,Strongly Disagree,0.494779,0.498591
14300,Respondent #478,Pricing - The product saves me valuable time.,Agree,0.416639,0.232033
14301,Respondent #478,Pricing - The product saves me valuable effort.,Disagree,0.09513,0.989601
14302,Respondent #479,Design - I easily understood how to use the product.,Strongly Disagree,0.790571,0.756325
14303,Respondent #479,Design - I had no trouble installing the product.,Strongly Agree,0.791455,0.799059
14304,Respondent #479,"Design - The product's design is unintuitive.",Disagree,0.001918,0.008283
14305,Respondent #479,Quality - The product was durable.,Neutral,0.891744,0.244426
14306,Respondent #479,Quality - The product was free from scratches.,Disagree,0.910637,0.038546
14307,Respondent #479,Quality - The product is deformed.,Neutral,0.787917,0.379937
14308,Respondent #479,Pricing - The product is affordable.,Agree,0.69542,0.682978
14309,Respondent #479,Pricing - The product saves me valuable time.,Agree,0.610445,0.634978
14310,Respondent #479,Pricing - The product saves me valuable effort.,Disagree,0.492869,0.527432
14311,Respondent #480,Design - I easily understood how to use the product.,Strongly Disagree,0.400874,0.682198
14312,Respondent #480,Design - I had no trouble installing the product.,Strongly Agree,0.599816,0.582666
14313,Respondent #480,"Design - The product's design is unintuitive.",Neutral,0.932902,0.735865
14314,Respondent #480,Quality - The product was durable.,Agree,0.456152,0.336001
14315,Respondent #480,Quality - The product was free from scratches.,Disagree,0.483847,0.838894
14316,Respondent #480,Quality - The product is deformed.,Strongly Agree,0.873777,0.054711
14317,Respondent #480,Pricing - The product is affordable.,Disagree,0.438759,0.14946
14318,Respondent #480,Pricing - The product saves me valuable time.,Agree,0.33405,0.601595
14319,Respondent #480,Pricing - The product saves me valuable effort.,Strongly Disagree,0.240804,0.971573
14320,Respondent #481,Design - I easily understood how to use the product.,Strongly Disagree,0.463599,0.640014
14321,Respondent #481,Design - I had no trouble installing the product.,Agree,0.996915,0.048956
14322,Respondent #481,"Design - The product's design is unintuitive.",Neutral,0.658014,0.155086
14323,Respondent #481,Quality - The product was durable.,Strongly Agree,0.293021,0.09078
14324,Respondent #481,Quality - The product was free from scratches.,Disagree,0.328119,0.457227
14325,Respondent #481,Quality - The product is deformed.,Agree,0.728166,0.342316
14326,Respondent #481,Pricing - The product is affordable.,Strongly Disagree,0.116835,0.623623
14327,Respondent #481,Pricing - The product saves me valuable time.,Agree,0.670957,0.37094
14328,Respondent #481,Pricing - The product saves me valuable effort.,Strongly Disagree,0.065712,0.846778
14329,Respondent #482,Design - I easily understood how to use the product.,Strongly Agree,0.245456,0.897469
14330,Respondent #482,Design - I had no trouble installing the product.,Agree,0.287135,0.662732
14331,Respondent #482,"Design - The product's design is unintuitive.",Neutral,0.637985,0.781727
14332,Respondent #482,Quality - The product was durable.,Strongly Agree,0.349922,0.496864
14333,Respondent #482,Quality - The product was free from scratches.,Neutral,0.51758,0.424395
14334,Respondent #482,Quality - The product is deformed.,Neutral,0.091661,0.195455
14335,Respondent #482,Pricing - The product is affordable.,Strongly Disagree,0.438285,0.409996
14336,Respondent #482,Pricing - The product saves me valuable time.,Agree,0.334358,0.749228
14337,Respondent #482,Pricing - The product saves me valuable effort.,Strongly Disagree,0.563488,0.519504
14338,Respondent #483,Design - I easily understood how to use the product.,Disagree,0.10065,0.24581
14339,Respondent #483,Design - I had no trouble installing the product.,Agree,0.67034,0.176282
14340,Respondent #483,"Design - The product's design is unintuitive.",Neutral,0.44606,0.071351
14341,Respondent #483,Quality - The product was durable.,Agree,0.780692,0.689692
14342,Respondent #483,Quality - The product was free from scratches.,Disagree,0.657368,0.962894
14343,Respondent #483,Quality - The product is deformed.,Disagree,0.443237,0.52232
14344,Respondent #483,Pricing - The product is affordable.,Neutral,0.687802,0.239201
14345,Respondent #483,Pricing - The product saves me valuable time.,Agree,0.527756,0.518752
14346,Respondent #483,Pricing - The product saves me valuable effort.,Disagree,0.018022,0.925628
14347,Respondent #484,Design - I easily understood how to use the product.,Strongly Disagree,0.712637,0.001062
14348,Respondent #484,Design - I had no trouble installing the product.,Strongly Agree,0.716404,0.160766
14349,Respondent #484,"Design - The product's design is unintuitive.",Agree,0.152792,0.022154
14350,Respondent #484,Quality - The product was durable.,Agree,0.674995,0.980555
14351,Respondent #484,Quality - The product was free from scratches.,Disagree,0.366455,0.245413
14352,Respondent #484,Quality - The product is deformed.,Neutral,0.115846,0.636231
14353,Respondent #484,Pricing - The product is affordable.,Strongly Disagree,0.403488,0.848317
14354,Respondent #484,Pricing - The product saves me valuable time.,Neutral,0.527217,0.521914
14355,Respondent #484,Pricing - The product saves me valuable effort.,Disagree,0.23332,0.792132
14356,Respondent #485,Design - I easily understood how to use the product.,Disagree,0.592155,0.379236
14357,Respondent #485,Design - I had no trouble installing the product.,Agree,0.095562,0.605014
14358,Respondent #485,"Design - The product's design is unintuitive.",Disagree,0.667958,0.708401
14359,Respondent #485,Quality - The product was durable.,Strongly Agree,0.074978,0.165034
14360,Respondent #485,Quality - The product was free from scratches.,Disagree,0.394935,0.445539
14361,Respondent #485,Quality - The product is deformed.,Agree,0.317268,0.262493
14362,Respondent #485,Pricing - The product is affordable.,Neutral,0.341717,0.279352
14363,Respondent #485,Pricing - The product saves me valuable time.,Neutral,0.08848,0.651921
14364,Respondent #485,Pricing - The product saves me valuable effort.,Disagree,0.729644,0.844473
14365,Respondent #486,Design - I easily understood how to use the product.,Disagree,0.940997,0.656753
14366,Respondent #486,Design - I had no trouble installing the product.,Strongly Agree,0.747446,0.275183
14367,Respondent #486,"Design - The product's design is unintuitive.",Neutral,0.02255,0.402115
14368,Respondent #486,Quality - The product was durable.,Agree,0.042237,0.325471
14369,Respondent #486,Quality - The product was free from scratches.,Neutral,0.836024,0.516603
14370,Respondent #486,Quality - The product is deformed.,Neutral,0.88206,0.514287
14371,Respondent #486,Pricing - The product is affordable.,Strongly Disagree,0.412211,0.41433
14372,Respondent #486,Pricing - The product saves me valuable time.,Neutral,0.985664,0.16317
14373,Respondent #486,Pricing - The product saves me valuable effort.,Neutral,0.727126,0.351279
14374,Respondent #487,Design - I easily understood how to use the product.,Strongly Disagree,0.19096,0.631562
14375,Respondent #487,Design - I had no trouble installing the product.,Agree,0.259018,0.113814
14376,Respondent #487,"Design - The product's design is unintuitive.",Strongly Disagree,0.653279,0.263972
14377,Respondent #487,Quality - The product was durable.,Agree,0.147873,0.217258
14378,Respondent #487,Quality - The product was free from scratches.,Neutral,0.428651,0.268622
14379,Respondent #487,Quality - The product is deformed.,Disagree,0.373249,0.487378
14380,Respondent #487,Pricing - The product is affordable.,Agree,0.066684,0.093387
14381,Respondent #487,Pricing - The product saves me valuable time.,Neutral,0.115355,0.78984
14382,Respondent #487,Pricing - The product saves me valuable effort.,Strongly Disagree,0.058372,0.943525
14383,Respondent #488,Design - I easily understood how to use the product.,Strongly Disagree,0.986939,0.824567
14384,Respondent #488,Design - I had no trouble installing the product.,Agree,0.718529,0.060603
14385,Respondent #488,"Design - The product's design is unintuitive.",Disagree,0.928578,0.366215
14386,Respondent #488,Quality - The product was durable.,Strongly Agree,0.279635,0.038433
14387,Respondent #488,Quality - The product was free from scratches.,Disagree,0.747243,0.642134
14388,Respondent #488,Quality - The product is deformed.,Neutral,0.096869,0.311526
14389,Respondent #488,Pricing - The product is affordable.,Agree,0.26479,0.546082
14390,Respondent #488,Pricing - The product saves me valuable time.,Agree,0.641176,0.636797
14391,Respondent #488,Pricing - The product saves me valuable effort.,Strongly Disagree,0.850329,0.348363
14392,Respondent #489,Design - I easily understood how to use the product.,Strongly Disagree,0.677083,0.937945
14393,Respondent #489,Design - I had no trouble installing the product.,Agree,0.505446,0.320567
14394,Respondent #489,"Design - The product's design is unintuitive.",Neutral,0.521915,0.044657
14395,Respondent #489,Quality - The product was durable.,Agree,0.16767,0.506938
14396,Respondent #489,Quality - The product was free from scratches.,Disagree,0.597954,0.853577
14397,Respondent #489,Quality - The product is deformed.,Strongly Agree,0.692362,0.405314
14398,Respondent #489,Pricing - The product is affordable.,Disagree,0.320657,0.882151
14399,Respondent #489,Pricing - The product saves me valuable time.,Agree,0.152396,0.699962
14400,Respondent #489,Pricing - The product saves me valuable effort.,Disagree,0.430868,0.206675
14401,Respondent #490,Design - I easily understood how to use the product.,Strongly Disagree,0.060019,0.529626
14402,Respondent #490,Design - I had no trouble installing the product.,Strongly Agree,0.474879,0.042366
14403,Respondent #490,"Design - The product's design is unintuitive.",Neutral,0.358086,0.281442
14404,Respondent #490,Quality - The product was durable.,Agree,0.390055,0.671651
14405,Respondent #490,Quality - The product was free from scratches.,Neutral,0.609485,0.266909
14406,Respondent #490,Quality - The product is deformed.,Strongly Agree,0.909136,0.872676
14407,Respondent #490,Pricing - The product is affordable.,Agree,0.139606,0.270032
14408,Respondent #490,Pricing - The product saves me valuable time.,Agree,0.285076,0.720934
14409,Respondent #490,Pricing - The product saves me valuable effort.,Disagree,0.134442,0.964632
14410,Respondent #491,Design - I easily understood how to use the product.,Agree,0.71586,0.989263
14411,Respondent #491,Design - I had no trouble installing the product.,Agree,0.7352,0.773409
14412,Respondent #491,"Design - The product's design is unintuitive.",Agree,0.506161,0.145013
14413,Respondent #491,Quality - The product was durable.,Agree,0.269132,0.23829
14414,Respondent #491,Quality - The product was free from scratches.,Disagree,0.655259,0.441827
14415,Respondent #491,Quality - The product is deformed.,Neutral,0.923155,0.102573
14416,Respondent #491,Pricing - The product is affordable.,Disagree,0.897626,0.472454
14417,Respondent #491,Pricing - The product saves me valuable time.,Agree,0.1626,0.444421
14418,Respondent #491,Pricing - The product saves me valuable effort.,Disagree,0.741349,0.82287
14419,Respondent #492,Design - I easily understood how to use the product.,Strongly Disagree,0.198714,0.984429
14420,Respondent #492,Design - I had no trouble installing the product.,Agree,0.484674,0.53917
14421,Respondent #492,"Design - The product's design is unintuitive.",Neutral,0.843189,0.526055
14422,Respondent #492,Quality - The product was durable.,Disagree,0.733852,0.09274
14423,Respondent #492,Quality - The product was free from scratches.,Disagree,0.855235,0.043903
14424,Respondent #492,Quality - The product is deformed.,Strongly Agree,0.683062,0.414052
14425,Respondent #492,Pricing - The product is affordable.,Neutral,0.853808,0.478932
14426,Respondent #492,Pricing - The product saves me valuable time.,Agree,0.369058,0.285063
14427,Respondent #492,Pricing - The product saves me valuable effort.,Disagree,0.265396,0.471126
14428,Respondent #493,Design - I easily understood how to use the product.,Neutral,0.23698,0.258239
14429,Respondent #493,Design - I had no trouble installing the product.,Strongly Agree,0.291968,0.200239
14430,Respondent #493,"Design - The product's design is unintuitive.",Agree,0.959562,0.563138
14431,Respondent #493,Quality - The product was durable.,Strongly Agree,0.185824,0.607319
14432,Respondent #493,Quality - The product was free from scratches.,Agree,0.477604,0.007488
14433,Respondent #493,Quality - The product is deformed.,Neutral,0.415685,0.116502
14434,Respondent #493,Pricing - The product is affordable.,Strongly Agree,0.374979,0.601715
14435,Respondent #493,Pricing - The product saves me valuable time.,Strongly Agree,0.457799,0.605097
14436,Respondent #493,Pricing - The product saves me valuable effort.,Disagree,0.256304,0.498912
14437,Respondent #494,Design - I easily understood how to use the product.,Disagree,0.9003,0.929483
14438,Respondent #494,Design - I had no trouble installing the product.,Strongly Agree,0.353799,0.394323
14439,Respondent #494,"Design - The product's design is unintuitive.",Strongly Disagree,0.686988,0.987097
14440,Respondent #494,Quality - The product was durable.,Neutral,0.901044,0.366471
14441,Respondent #494,Quality - The product was free from scratches.,Disagree,0.159488,0.05924
14442,Respondent #494,Quality - The product is deformed.,Neutral,0.34142,0.367477
14443,Respondent #494,Pricing - The product is affordable.,Strongly Disagree,0.305257,0.217018
14444,Respondent #494,Pricing - The product saves me valuable time.,Neutral,0.007876,0.88252
14445,Respondent #494,Pricing - The product saves me valuable effort.,Strongly Disagree,0.665495,0.850785
14446,Respondent #495,Design - I easily understood how to use the product.,Strongly Disagree,0.128652,0.04506
14447,Respondent #495,Design - I had no trouble installing the product.,Disagree,0.18627,0.091293
14448,Respondent #495,"Design - The product's design is unintuitive.",Disagree,0.673943,0.234498
14449,Respondent #495,Quality - The product was durable.,Agree,0.21438,0.642032
14450,Respondent #495,Quality - The product was free from scratches.,Disagree,0.755471,0.724808
14451,Respondent #495,Quality - The product is deformed.,Agree,0.958049,0.193488
14452,Respondent #495,Pricing - The product is affordable.,Strongly Disagree,0.966919,0.467263
14453,Respondent #495,Pricing - The product saves me valuable time.,Disagree,0.487225,0.884673
14454,Respondent #495,Pricing - The product saves me valuable effort.,Disagree,0.038244,0.123248
14455,Respondent #496,Design - I easily understood how to use the product.,Strongly Disagree,0.886612,0.642445
14456,Respondent #496,Design - I had no trouble installing the product.,Agree,0.892438,0.06071
14457,Respondent #496,"Design - The product's design is unintuitive.",Strongly Agree,0.87188,0.610294
14458,Respondent #496,Quality - The product was durable.,Agree,0.743648,0.493142
14459,Respondent #496,Quality - The product was free from scratches.,Disagree,0.128622,0.269456
14460,Respondent #496,Quality - The product is deformed.,Agree,0.428318,0.144792
14461,Respondent #496,Pricing - The product is affordable.,Strongly Agree,0.53441,0.319331
14462,Respondent #496,Pricing - The product saves me valuable time.,Agree,0.211675,0.364816
14463,Respondent #496,Pricing - The product saves me valuable effort.,Disagree,0.904648,0.871111
14464,Respondent #497,Design - I easily understood how to use the product.,Neutral,0.438291,0.502519
14465,Respondent #497,Design - I had no trouble installing the product.,Agree,0.762989,0.495454
14466,Respondent #497,"Design - The product's design is unintuitive.",Agree,0.705251,0.148526
14467,Respondent #497,Quality - The product was durable.,Agree,0.048909,0.41476
14468,Respondent #497,Quality - The product was free from scratches.,Disagree,0.289429,0.109016
14469,Respondent #497,Quality - The product is deformed.,Strongly Agree,0.788486,0.727772
14470,Respondent #497,Pricing - The product is affordable.,Strongly Disagree,0.190539,0.198589
14471,Respondent #497,Pricing - The product saves me valuable time.,Agree,0.631446,0.85425
14472,Respondent #497,Pricing - The product saves me valuable effort.,Strongly Disagree,0.956486,0.87202
14473,Respondent #498,Design - I easily understood how to use the product.,Disagree,0.180394,0.125206
14474,Respondent #498,Design - I had no trouble installing the product.,Strongly Agree,0.354363,0.2973
14475,Respondent #498,"Design - The product's design is unintuitive.",Disagree,0.488221,0.002894
14476,Respondent #498,Quality - The product was durable.,Agree,0.344051,0.671014
14477,Respondent #498,Quality - The product was free from scratches.,Disagree,0.721934,0.558277
14478,Respondent #498,Quality - The product is deformed.,Agree,0.119495,0.110237
14479,Respondent #498,Pricing - The product is affordable.,Strongly Disagree,0.912593,0.05395
14480,Respondent #498,Pricing - The product saves me valuable time.,Disagree,0.088901,0.410362
14481,Respondent #498,Pricing - The product saves me valuable effort.,Neutral,0.515609,0.566819
14482,Respondent #499,Design - I easily understood how to use the product.,Strongly Agree,0.240687,0.258779
14483,Respondent #499,Design - I had no trouble installing the product.,Neutral,0.675193,0.415195
14484,Respondent #499,"Design - The product's design is unintuitive.",Disagree,0.025485,0.579902
14485,Respondent #499,Quality - The product was durable.,Strongly Agree,0.069034,0.244117
14486,Respondent #499,Quality - The product was free from scratches.,Strongly Disagree,0.80961,0.117188
14487,Respondent #499,Quality - The product is deformed.,Neutral,0.022783,0.742391
14488,Respondent #499,Pricing - The product is affordable.,Strongly Disagree,0.506607,0.625668
14489,Respondent #499,Pricing - The product saves me valuable time.,Strongly Agree,0.803919,0.701696
14490,Respondent #499,Pricing - The product saves me valuable effort.,Disagree,0.725067,0.454076
14491,Respondent #500,Design - I easily understood how to use the product.,Disagree,0.028246,0.263089
14492,Respondent #500,Design - I had no trouble installing the product.,Strongly Agree,0.08176,0.216898
14493,Respondent #500,"Design - The product's design is unintuitive.",Strongly Disagree,0.005298,0.699415
14494,Respondent #500,Quality - The product was durable.,Neutral,0.559716,0.534088
14495,Respondent #500,Quality - The product was free from scratches.,Disagree,0.501851,0.143792
14496,Respondent #500,Quality - The product is deformed.,Neutral,0.458514,0.354068
14497,Respondent #500,Pricing - The product is affordable.,Disagree,0.288385,0.689583
14498,Respondent #500,Pricing - The product saves me valuable time.,Neutral,0.723261,0.732199
14499,Respondent #500,Pricing - The product saves me valuable effort.,Disagree,0.960267,0.844223
14500,Respondent #501,Design - I easily understood how to use the product.,Neutral,0.759925,0.961511
14501,Respondent #501,Design - I had no trouble installing the product.,Strongly Agree,0.182745,0.066739
14502,Respondent #501,"Design - The product's design is unintuitive.",Neutral,0.173882,0.798637
14503,Respondent #501,Quality - The product was durable.,Strongly Agree,0.849786,0.636712
14504,Respondent #501,Quality - The product was free from scratches.,Disagree,0.303153,0.392415
14505,Respondent #501,Quality - The product is deformed.,Agree,0.695275,0.230798
14506,Respondent #501,Pricing - The product is affordable.,Strongly Disagree,0.266072,0.364483
14507,Respondent #501,Pricing - The product saves me valuable time.,Agree,0.789847,0.863041
14508,Respondent #501,Pricing - The product saves me valuable effort.,Strongly Disagree,0.133751,0.750274
14509,Respondent #502,Design - I easily understood how to use the product.,Strongly Disagree,0.477424,0.293846
14510,Respondent #502,Design - I had no trouble installing the product.,Strongly Agree,0.074429,0.199607
14511,Respondent #502,"Design - The product's design is unintuitive.",Neutral,0.491977,0.571052
14512,Respondent #502,Quality - The product was durable.,Agree,0.161801,0.784669
14513,Respondent #502,Quality - The product was free from scratches.,Disagree,0.660347,0.892003
14514,Respondent #502,Quality - The product is deformed.,Agree,0.96607,0.861956
14515,Respondent #502,Pricing - The product is affordable.,Strongly Agree,0.177735,0.693423
14516,Respondent #502,Pricing - The product saves me valuable time.,Agree,0.222315,0.550038
14517,Respondent #502,Pricing - The product saves me valuable effort.,Strongly Disagree,0.172173,0.279733
14518,Respondent #503,Design - I easily understood how to use the product.,Strongly Disagree,0.064141,0.365188
14519,Respondent #503,Design - I had no trouble installing the product.,Strongly Agree,0.442021,0.032175
14520,Respondent #503,"Design - The product's design is unintuitive.",Neutral,0.910649,0.243053
14521,Respondent #503,Quality - The product was durable.,Strongly Agree,0.530556,0.658893
14522,Respondent #503,Quality - The product was free from scratches.,Disagree,0.483624,0.117495
14523,Respondent #503,Quality - The product is deformed.,Neutral,0.488563,0.925294
14524,Respondent #503,Pricing - The product is affordable.,Agree,0.810027,0.016478
14525,Respondent #503,Pricing - The product saves me valuable time.,Agree,0.652058,0.802293
14526,Respondent #503,Pricing - The product saves me valuable effort.,Strongly Disagree,0.560263,0.511611
14527,Respondent #504,Design - I easily understood how to use the product.,Agree,0.838767,0.489508
14528,Respondent #504,Design - I had no trouble installing the product.,Strongly Agree,0.56976,0.532613
14529,Respondent #504,"Design - The product's design is unintuitive.",Disagree,0.900614,0.923633
14530,Respondent #504,Quality - The product was durable.,Neutral,0.431492,0.979851
14531,Respondent #504,Quality - The product was free from scratches.,Neutral,0.661057,0.991475
14532,Respondent #504,Quality - The product is deformed.,Strongly Agree,0.910082,0.815837
14533,Respondent #504,Pricing - The product is affordable.,Disagree,0.548266,0.331832
14534,Respondent #504,Pricing - The product saves me valuable time.,Neutral,0.609732,0.661323
14535,Respondent #504,Pricing - The product saves me valuable effort.,Strongly Disagree,0.500469,0.379236
14536,Respondent #505,Design - I easily understood how to use the product.,Strongly Disagree,0.438098,0.78761
14537,Respondent #505,Design - I had no trouble installing the product.,Agree,0.412766,0.488137
14538,Respondent #505,"Design - The product's design is unintuitive.",Neutral,0.375688,0.080645
14539,Respondent #505,Quality - The product was durable.,Neutral,0.75815,0.316893
14540,Respondent #505,Quality - The product was free from scratches.,Disagree,0.167185,0.747908
14541,Respondent #505,Quality - The product is deformed.,Neutral,0.972613,0.346952
14542,Respondent #505,Pricing - The product is affordable.,Neutral,0.938415,0.896808
14543,Respondent #505,Pricing - The product saves me valuable time.,Agree,0.173831,0.122762
14544,Respondent #505,Pricing - The product saves me valuable effort.,Neutral,0.663118,0.969483
14545,Respondent #506,Design - I easily understood how to use the product.,Strongly Disagree,0.629423,0.305654
14546,Respondent #506,Design - I had no trouble installing the product.,Strongly Agree,0.511277,0.539345
14547,Respondent #506,"Design - The product's design is unintuitive.",Disagree,0.325945,0.795026
14548,Respondent #506,Quality - The product was durable.,Agree,0.593809,0.696375
14549,Respondent #506,Quality - The product was free from scratches.,Strongly Disagree,0.875895,0.123857
14550,Respondent #506,Quality - The product is deformed.,Agree,0.995974,0.299886
14551,Respondent #506,Pricing - The product is affordable.,Agree,0.594446,0.172704
14552,Respondent #506,Pricing - The product saves me valuable time.,Agree,0.446915,0.858384
14553,Respondent #506,Pricing - The product saves me valuable effort.,Strongly Disagree,0.60042,0.688083
14554,Respondent #507,Design - I easily understood how to use the product.,Strongly Disagree,0.975299,0.63742
14555,Respondent #507,Design - I had no trouble installing the product.,Neutral,0.690514,0.057774
14556,Respondent #507,"Design - The product's design is unintuitive.",Neutral,0.930457,0.465611
14557,Respondent #507,Quality - The product was durable.,Agree,0.825757,0.456146
14558,Respondent #507,Quality - The product was free from scratches.,Disagree,0.305875,0.291845
14559,Respondent #507,Quality - The product is deformed.,Neutral,0.375627,0.260804
14560,Respondent #507,Pricing - The product is affordable.,Disagree,0.916926,0.511707
14561,Respondent #507,Pricing - The product saves me valuable time.,Neutral,0.673907,0.2523
14562,Respondent #507,Pricing - The product saves me valuable effort.,Strongly Disagree,0.530049,0.311018
14563,Respondent #508,Design - I easily understood how to use the product.,Strongly Disagree,0.389985,0.244992
14564,Respondent #508,Design - I had no trouble installing the product.,Strongly Agree,0.55618,0.137585
14565,Respondent #508,"Design - The product's design is unintuitive.",Strongly Disagree,0.181745,0.609303
14566,Respondent #508,Quality - The product was durable.,Agree,0.908096,0.086513
14567,Respondent #508,Quality - The product was free from scratches.,Disagree,0.434581,0.171626
14568,Respondent #508,Quality - The product is deformed.,Strongly Agree,0.789343,0.312442
14569,Respondent #508,Pricing - The product is affordable.,Strongly Disagree,0.572174,0.35947
14570,Respondent #508,Pricing - The product saves me valuable time.,Strongly Agree,0.837822,0.878262
14571,Respondent #508,Pricing - The product saves me valuable effort.,Strongly Disagree,0.322718,0.730248
14572,Respondent #509,Design - I easily understood how to use the product.,Strongly Disagree,0.616264,0.109528
14573,Respondent #509,Design - I had no trouble installing the product.,Agree,0.073452,0.687007
14574,Respondent #509,"Design - The product's design is unintuitive.",Strongly Disagree,0.131247,0.752401
14575,Respondent #509,Quality - The product was durable.,Agree,0.820988,0.525298
14576,Respondent #509,Quality - The product was free from scratches.,Disagree,0.934946,0.42457
14577,Respondent #509,Quality - The product is deformed.,Disagree,0.0945,0.448728
14578,Respondent #509,Pricing - The product is affordable.,Strongly Disagree,0.738395,0.876081
14579,Respondent #509,Pricing - The product saves me valuable time.,Neutral,0.529079,0.30622
14580,Respondent #509,Pricing - The product saves me valuable effort.,Strongly Disagree,0.776991,0.722064
14581,Respondent #510,Design - I easily understood how to use the product.,Strongly Disagree,0.458145,0.535566
14582,Respondent #510,Design - I had no trouble installing the product.,Agree,0.028858,0.754712
14583,Respondent #510,"Design - The product's design is unintuitive.",Agree,0.454149,0.650005
14584,Respondent #510,Quality - The product was durable.,Agree,0.978923,0.915609
14585,Respondent #510,Quality - The product was free from scratches.,Disagree,0.92056,0.200755
14586,Respondent #510,Quality - The product is deformed.,Neutral,0.31279,0.784717
14587,Respondent #510,Pricing - The product is affordable.,Agree,0.145493,0.420727
14588,Respondent #510,Pricing - The product saves me valuable time.,Neutral,0.873764,0.868526
14589,Respondent #510,Pricing - The product saves me valuable effort.,Strongly Disagree,0.611366,0.552925
14590,Respondent #511,Design - I easily understood how to use the product.,Strongly Agree,0.450058,0.472538
14591,Respondent #511,Design - I had no trouble installing the product.,Strongly Agree,0.051342,0.651095
14592,Respondent #511,"Design - The product's design is unintuitive.",Neutral,0.337283,0.378785
14593,Respondent #511,Quality - The product was durable.,Agree,0.152014,0.453422
14594,Respondent #511,Quality - The product was free from scratches.,Disagree,0.14764,0.266157
14595,Respondent #511,Quality - The product is deformed.,Strongly Agree,0.257803,0.465699
14596,Respondent #511,Pricing - The product is affordable.,Disagree,0.491,0.100943
14597,Respondent #511,Pricing - The product saves me valuable time.,Agree,0.052056,0.37455
14598,Respondent #511,Pricing - The product saves me valuable effort.,Disagree,0.604384,0.523661
14599,Respondent #512,Design - I easily understood how to use the product.,Strongly Disagree,0.526882,0.486468
14600,Respondent #512,Design - I had no trouble installing the product.,Neutral,0.468173,0.658037
14601,Respondent #512,"Design - The product's design is unintuitive.",Strongly Agree,0.760964,0.164995
14602,Respondent #512,Quality - The product was durable.,Strongly Agree,0.125148,0.47001
14603,Respondent #512,Quality - The product was free from scratches.,Disagree,0.832049,0.492307
14604,Respondent #512,Quality - The product is deformed.,Agree,0.74252,0.889059
14605,Respondent #512,Pricing - The product is affordable.,Neutral,0.112698,0.187003
14606,Respondent #512,Pricing - The product saves me valuable time.,Agree,0.996638,0.615106
14607,Respondent #512,Pricing - The product saves me valuable effort.,Disagree,0.96903,0.979603
14608,Respondent #513,Design - I easily understood how to use the product.,Agree,0.999589,0.597201
14609,Respondent #513,Design - I had no trouble installing the product.,Agree,0.218395,0.534728
14610,Respondent #513,"Design - The product's design is unintuitive.",Strongly Agree,0.853546,0.801796
14611,Respondent #513,Quality - The product was durable.,Agree,0.400925,0.617413
14612,Respondent #513,Quality - The product was free from scratches.,Disagree,0.178436,0.107306
14613,Respondent #513,Quality - The product is deformed.,Neutral,0.514999,0.40262
14614,Respondent #513,Pricing - The product is affordable.,Strongly Agree,0.828115,0.470062
14615,Respondent #513,Pricing - The product saves me valuable time.,Agree,0.380218,0.569521
14616,Respondent #513,Pricing - The product saves me valuable effort.,Disagree,0.38268,0.475757
14617,Respondent #514,Design - I easily understood how to use the product.,Strongly Disagree,0.028117,0.444069
14618,Respondent #514,Design - I had no trouble installing the product.,Strongly Agree,0.617495,0.805737
14619,Respondent #514,"Design - The product's design is unintuitive.",Neutral,0.455666,0.433131
14620,Respondent #514,Quality - The product was durable.,Agree,0.447378,0.430935
14621,Respondent #514,Quality - The product was free from scratches.,Disagree,0.104763,0.52507
14622,Respondent #514,Quality - The product is deformed.,Agree,0.425175,0.429122
14623,Respondent #514,Pricing - The product is affordable.,Strongly Disagree,0.885832,0.298684
14624,Respondent #514,Pricing - The product saves me valuable time.,Strongly Agree,0.957337,0.861694
14625,Respondent #514,Pricing - The product saves me valuable effort.,Disagree,0.249031,0.581402
14626,Respondent #515,Design - I easily understood how to use the product.,Strongly Disagree,0.735928,0.840203
14627,Respondent #515,Design - I had no trouble installing the product.,Agree,0.715408,0.711012
14628,Respondent #515,"Design - The product's design is unintuitive.",Neutral,0.389568,0.797307
14629,Respondent #515,Quality - The product was durable.,Neutral,0.761526,0.010195
14630,Respondent #515,Quality - The product was free from scratches.,Disagree,0.954744,0.492274
14631,Respondent #515,Quality - The product is deformed.,Disagree,0.470616,0.546188
14632,Respondent #515,Pricing - The product is affordable.,Disagree,0.634694,0.975766
14633,Respondent #515,Pricing - The product saves me valuable time.,Agree,0.02312,0.193844
14634,Respondent #515,Pricing - The product saves me valuable effort.,Strongly Disagree,0.255023,0.016799
14635,Respondent #516,Design - I easily understood how to use the product.,Strongly Disagree,0.46252,0.472976
14636,Respondent #516,Design - I had no trouble installing the product.,Agree,0.588807,0.67951
14637,Respondent #516,"Design - The product's design is unintuitive.",Strongly Agree,0.467185,0.533275
14638,Respondent #516,Quality - The product was durable.,Strongly Agree,0.135045,0.266286
14639,Respondent #516,Quality - The product was free from scratches.,Strongly Disagree,0.7229,0.995957
14640,Respondent #516,Quality - The product is deformed.,Neutral,0.421775,0.639947
14641,Respondent #516,Pricing - The product is affordable.,Agree,0.046741,0.470414
14642,Respondent #516,Pricing - The product saves me valuable time.,Agree,0.183621,0.242777
14643,Respondent #516,Pricing - The product saves me valuable effort.,Disagree,0.51127,0.159477
14644,Respondent #517,Design - I easily understood how to use the product.,Strongly Disagree,0.371925,0.756955
14645,Respondent #517,Design - I had no trouble installing the product.,Neutral,0.793525,0.894204
14646,Respondent #517,"Design - The product's design is unintuitive.",Neutral,0.769815,0.789938
14647,Respondent #517,Quality - The product was durable.,Agree,0.660776,0.362095
14648,Respondent #517,Quality - The product was free from scratches.,Strongly Disagree,0.020022,0.566395
14649,Respondent #517,Quality - The product is deformed.,Neutral,0.790764,0.767392
14650,Respondent #517,Pricing - The product is affordable.,Strongly Agree,0.015419,0.559837
14651,Respondent #517,Pricing - The product saves me valuable time.,Neutral,0.373902,0.341934
14652,Respondent #517,Pricing - The product saves me valuable effort.,Disagree,0.614481,0.688609
14653,Respondent #518,Design - I easily understood how to use the product.,Strongly Disagree,0.564486,0.900141
14654,Respondent #518,Design - I had no trouble installing the product.,Agree,0.176403,0.913049
14655,Respondent #518,"Design - The product's design is unintuitive.",Strongly Disagree,0.23805,0.096013
14656,Respondent #518,Quality - The product was durable.,Agree,0.24379,0.030303
14657,Respondent #518,Quality - The product was free from scratches.,Disagree,0.530968,0.418841
14658,Respondent #518,Quality - The product is deformed.,Disagree,0.953563,0.03508
14659,Respondent #518,Pricing - The product is affordable.,Strongly Disagree,0.022142,0.93717
14660,Respondent #518,Pricing - The product saves me valuable time.,Strongly Agree,0.84361,0.592723
14661,Respondent #518,Pricing - The product saves me valuable effort.,Disagree,0.125852,0.408394
14662,Respondent #519,Design - I easily understood how to use the product.,Strongly Disagree,0.074917,0.057231
14663,Respondent #519,Design - I had no trouble installing the product.,Strongly Agree,0.184964,0.58358
14664,Respondent #519,"Design - The product's design is unintuitive.",Neutral,0.939745,0.824365
14665,Respondent #519,Quality - The product was durable.,Agree,0.832732,0.12028
14666,Respondent #519,Quality - The product was free from scratches.,Disagree,0.740178,0.643174
14667,Respondent #519,Quality - The product is deformed.,Agree,0.325969,0.915423
14668,Respondent #519,Pricing - The product is affordable.,Disagree,0.205191,0.892056
14669,Respondent #519,Pricing - The product saves me valuable time.,Disagree,0.629153,0.943769
14670,Respondent #519,Pricing - The product saves me valuable effort.,Disagree,0.624374,0.593388
14671,Respondent #520,Design - I easily understood how to use the product.,Agree,0.831602,0.852107
14672,Respondent #520,Design - I had no trouble installing the product.,Strongly Agree,0.130069,0.125957
14673,Respondent #520,"Design - The product's design is unintuitive.",Disagree,0.902496,0.102118
14674,Respondent #520,Quality - The product was durable.,Strongly Agree,0.03679,0.122346
14675,Respondent #520,Quality - The product was free from scratches.,Disagree,0.937729,0.628202
14676,Respondent #520,Quality - The product is deformed.,Agree,0.233123,0.595508
14677,Respondent #520,Pricing - The product is affordable.,Strongly Disagree,0.747821,0.951398
14678,Respondent #520,Pricing - The product saves me valuable time.,Neutral,0.235386,0.179575
14679,Respondent #520,Pricing - The product saves me valuable effort.,Neutral,0.188012,0.006107
14680,Respondent #521,Design - I easily understood how to use the product.,Strongly Disagree,0.700098,0.760894
14681,Respondent #521,Design - I had no trouble installing the product.,Agree,0.322401,0.922974
14682,Respondent #521,"Design - The product's design is unintuitive.",Neutral,0.756645,0.553354
14683,Respondent #521,Quality - The product was durable.,Strongly Agree,0.641556,0.084263
14684,Respondent #521,Quality - The product was free from scratches.,Neutral,0.064399,0.522656
14685,Respondent #521,Quality - The product is deformed.,Neutral,0.673558,0.652099
14686,Respondent #521,Pricing - The product is affordable.,Neutral,0.478927,0.396389
14687,Respondent #521,Pricing - The product saves me valuable time.,Disagree,0.457356,0.384153
14688,Respondent #521,Pricing - The product saves me valuable effort.,Disagree,0.373212,0.739262
14689,Respondent #522,Design - I easily understood how to use the product.,Neutral,0.704614,0.572655
14690,Respondent #522,Design - I had no trouble installing the product.,Agree,0.211249,0.658291
14691,Respondent #522,"Design - The product's design is unintuitive.",Agree,0.854059,0.84386
14692,Respondent #522,Quality - The product was durable.,Agree,0.550179,0.859038
14693,Respondent #522,Quality - The product was free from scratches.,Disagree,0.371825,0.603027
14694,Respondent #522,Quality - The product is deformed.,Strongly Disagree,0.983326,0.069404
14695,Respondent #522,Pricing - The product is affordable.,Strongly Disagree,0.719646,0.231355
14696,Respondent #522,Pricing - The product saves me valuable time.,Neutral,0.655896,0.918866
14697,Respondent #522,Pricing - The product saves me valuable effort.,Disagree,0.146603,0.591722
14698,Respondent #523,Design - I easily understood how to use the product.,Strongly Disagree,0.166027,0.256426
14699,Respondent #523,Design - I had no trouble installing the product.,Neutral,0.986374,0.106061
14700,Respondent #523,"Design - The product's design is unintuitive.",Agree,0.518613,0.785799
14701,Respondent #523,Quality - The product was durable.,Strongly Agree,0.881261,0.410173
14702,Respondent #523,Quality - The product was free from scratches.,Disagree,0.430189,0.51968
14703,Respondent #523,Quality - The product is deformed.,Agree,0.501057,0.806342
14704,Respondent #523,Pricing - The product is affordable.,Neutral,0.716554,0.300714
14705,Respondent #523,Pricing - The product saves me valuable time.,Neutral,0.965128,0.616548
14706,Respondent #523,Pricing - The product saves me valuable effort.,Strongly Disagree,0.817652,0.568155
14707,Respondent #524,Design - I easily understood how to use the product.,Strongly Disagree,0.742863,0.487736
14708,Respondent #524,Design - I had no trouble installing the product.,Strongly Agree,0.976651,0.648412
14709,Respondent #524,"Design - The product's design is unintuitive.",Disagree,0.778524,0.211946
14710,Respondent #524,Quality - The product was durable.,Strongly Agree,0.676548,0.295495
14711,Respondent #524,Quality - The product was free from scratches.,Neutral,0.152118,0.777934
14712,Respondent #524,Quality - The product is deformed.,Disagree,0.072547,0.353983
14713,Respondent #524,Pricing - The product is affordable.,Disagree,0.312487,0.824058
14714,Respondent #524,Pricing - The product saves me valuable time.,Neutral,0.363987,0.961727
14715,Respondent #524,Pricing - The product saves me valuable effort.,Disagree,0.625995,0.262816
14716,Respondent #525,Design - I easily understood how to use the product.,Strongly Disagree,0.042853,0.157567
14717,Respondent #525,Design - I had no trouble installing the product.,Strongly Agree,0.650021,0.086873
14718,Respondent #525,"Design - The product's design is unintuitive.",Disagree,0.776164,0.107846
14719,Respondent #525,Quality - The product was durable.,Agree,0.307399,0.580855
14720,Respondent #525,Quality - The product was free from scratches.,Disagree,0.01675,0.549977
14721,Respondent #525,Quality - The product is deformed.,Agree,0.721967,0.602732
14722,Respondent #525,Pricing - The product is affordable.,Disagree,0.410149,0.051742
14723,Respondent #525,Pricing - The product saves me valuable time.,Agree,0.91834,0.261444
14724,Respondent #525,Pricing - The product saves me valuable effort.,Disagree,0.641024,0.949908
14725,Respondent #526,Design - I easily understood how to use the product.,Disagree,0.091601,0.181396
14726,Respondent #526,Design - I had no trouble installing the product.,Strongly Agree,0.139634,0.630847
14727,Respondent #526,"Design - The product's design is unintuitive.",Disagree,0.125957,0.746637
14728,Respondent #526,Quality - The product was durable.,Neutral,0.695576,0.54934
14729,Respondent #526,Quality - The product was free from scratches.,Disagree,0.319294,0.581513
14730,Respondent #526,Quality - The product is deformed.,Disagree,0.565786,0.980083
14731,Respondent #526,Pricing - The product is affordable.,Disagree,0.308812,0.424437
14732,Respondent #526,Pricing - The product saves me valuable time.,Neutral,0.653115,0.895536
14733,Respondent #526,Pricing - The product saves me valuable effort.,Disagree,0.640722,0.263241
14734,Respondent #527,Design - I easily understood how to use the product.,Strongly Disagree,0.109361,0.340897
14735,Respondent #527,Design - I had no trouble installing the product.,Strongly Agree,0.802106,0.038949
14736,Respondent #527,"Design - The product's design is unintuitive.",Agree,0.358312,0.405864
14737,Respondent #527,Quality - The product was durable.,Agree,0.129206,0.524138
14738,Respondent #527,Quality - The product was free from scratches.,Disagree,0.414073,0.203281
14739,Respondent #527,Quality - The product is deformed.,Disagree,0.487911,0.532854
14740,Respondent #527,Pricing - The product is affordable.,Strongly Disagree,0.338214,0.036597
14741,Respondent #527,Pricing - The product saves me valuable time.,Agree,0.393298,0.683252
14742,Respondent #527,Pricing - The product saves me valuable effort.,Disagree,0.361743,0.084936
14743,Respondent #528,Design - I easily understood how to use the product.,Disagree,0.721747,0.809055
14744,Respondent #528,Design - I had no trouble installing the product.,Strongly Agree,0.174703,0.326772
14745,Respondent #528,"Design - The product's design is unintuitive.",Neutral,0.289856,0.540469
14746,Respondent #528,Quality - The product was durable.,Strongly Agree,0.254132,0.175524
14747,Respondent #528,Quality - The product was free from scratches.,Neutral,0.511949,0.837044
14748,Respondent #528,Quality - The product is deformed.,Strongly Agree,0.510802,0.049538
14749,Respondent #528,Pricing - The product is affordable.,Neutral,0.097169,0.222707
14750,Respondent #528,Pricing - The product saves me valuable time.,Agree,0.052648,0.599514
14751,Respondent #528,Pricing - The product saves me valuable effort.,Strongly Disagree,0.007757,0.996239
14752,Respondent #529,Design - I easily understood how to use the product.,Neutral,0.394132,0.777719
14753,Respondent #529,Design - I had no trouble installing the product.,Strongly Agree,0.360089,0.30651
14754,Respondent #529,"Design - The product's design is unintuitive.",Strongly Agree,0.349455,0.623794
14755,Respondent #529,Quality - The product was durable.,Strongly Agree,0.746934,0.98921
14756,Respondent #529,Quality - The product was free from scratches.,Disagree,0.145861,0.979006
14757,Respondent #529,Quality - The product is deformed.,Neutral,0.754269,0.960856
14758,Respondent #529,Pricing - The product is affordable.,Strongly Disagree,0.354581,0.882037
14759,Respondent #529,Pricing - The product saves me valuable time.,Neutral,0.933999,0.347617
14760,Respondent #529,Pricing - The product saves me valuable effort.,Strongly Disagree,0.052067,0.860812
14761,Respondent #530,Design - I easily understood how to use the product.,Strongly Disagree,0.135318,0.579056
14762,Respondent #530,Design - I had no trouble installing the product.,Agree,0.693925,0.140099
14763,Respondent #530,"Design - The product's design is unintuitive.",Disagree,0.982811,0.452707
14764,Respondent #530,Quality - The product was durable.,Neutral,0.736315,0.290958
14765,Respondent #530,Quality - The product was free from scratches.,Neutral,0.008655,0.042877
14766,Respondent #530,Quality - The product is deformed.,Neutral,0.724869,0.521941
14767,Respondent #530,Pricing - The product is affordable.,Neutral,0.678452,0.128413
14768,Respondent #530,Pricing - The product saves me valuable time.,Agree,0.802791,0.35364
14769,Respondent #530,Pricing - The product saves me valuable effort.,Disagree,0.031463,0.647475
14770,Respondent #531,Design - I easily understood how to use the product.,Strongly Disagree,0.853452,0.868707
14771,Respondent #531,Design - I had no trouble installing the product.,Disagree,0.732017,0.252063
14772,Respondent #531,"Design - The product's design is unintuitive.",Disagree,0.635475,0.501779
14773,Respondent #531,Quality - The product was durable.,Agree,0.722951,0.513508
14774,Respondent #531,Quality - The product was free from scratches.,Disagree,0.589664,0.808752
14775,Respondent #531,Quality - The product is deformed.,Neutral,0.818237,0.546729
14776,Respondent #531,Pricing - The product is affordable.,Disagree,0.88037,0.920664
14777,Respondent #531,Pricing - The product saves me valuable time.,Disagree,0.845828,0.550206
14778,Respondent #531,Pricing - The product saves me valuable effort.,Disagree,0.561475,0.992646
14779,Respondent #532,Design - I easily understood how to use the product.,Strongly Disagree,0.813456,0.110952
14780,Respondent #532,Design - I had no trouble installing the product.,Agree,0.043266,0.265493
14781,Respondent #532,"Design - The product's design is unintuitive.",Neutral,0.611492,0.832773
14782,Respondent #532,Quality - The product was durable.,Agree,0.384006,0.11132
14783,Respondent #532,Quality - The product was free from scratches.,Disagree,0.151103,0.403784
14784,Respondent #532,Quality - The product is deformed.,Agree,0.729459,0.128649
14785,Respondent #532,Pricing - The product is affordable.,Neutral,0.753988,0.534804
14786,Respondent #532,Pricing - The product saves me valuable time.,Agree,0.720515,0.781904
14787,Respondent #532,Pricing - The product saves me valuable effort.,Strongly Disagree,0.48023,0.72142
14788,Respondent #533,Design - I easily understood how to use the product.,Neutral,0.117217,0.931632
14789,Respondent #533,Design - I had no trouble installing the product.,Strongly Agree,0.011936,0.526943
14790,Respondent #533,"Design - The product's design is unintuitive.",Neutral,0.851748,0.376185
14791,Respondent #533,Quality - The product was durable.,Agree,0.793942,0.499482
14792,Respondent #533,Quality - The product was free from scratches.,Disagree,0.066596,0.706319
14793,Respondent #533,Quality - The product is deformed.,Neutral,0.276605,0.658499
14794,Respondent #533,Pricing - The product is affordable.,Agree,0.239295,0.410379
14795,Respondent #533,Pricing - The product saves me valuable time.,Agree,0.666662,0.254433
14796,Respondent #533,Pricing - The product saves me valuable effort.,Disagree,0.342309,0.447492
14797,Respondent #534,Design - I easily understood how to use the product.,Strongly Disagree,0.013311,0.584577
14798,Respondent #534,Design - I had no trouble installing the product.,Neutral,0.767475,0.67217
14799,Respondent #534,"Design - The product's design is unintuitive.",Strongly Agree,0.118997,0.775374
14800,Respondent #534,Quality - The product was durable.,Agree,0.900764,0.388525
14801,Respondent #534,Quality - The product was free from scratches.,Disagree,0.277161,0.711859
14802,Respondent #534,Quality - The product is deformed.,Neutral,0.900989,0.061459
14803,Respondent #534,Pricing - The product is affordable.,Agree,0.310952,0.251153
14804,Respondent #534,Pricing - The product saves me valuable time.,Agree,0.570154,0.29532
14805,Respondent #534,Pricing - The product saves me valuable effort.,Strongly Disagree,0.591124,0.13866
14806,Respondent #535,Design - I easily understood how to use the product.,Strongly Disagree,0.127733,0.14785
14807,Respondent #535,Design - I had no trouble installing the product.,Strongly Agree,0.217002,0.376877
14808,Respondent #535,"Design - The product's design is unintuitive.",Disagree,0.65128,0.880464
14809,Respondent #535,Quality - The product was durable.,Strongly Agree,0.998304,0.753713
14810,Respondent #535,Quality - The product was free from scratches.,Strongly Disagree,0.064049,0.155292
14811,Respondent #535,Quality - The product is deformed.,Neutral,0.538419,0.869904
14812,Respondent #535,Pricing - The product is affordable.,Strongly Disagree,0.340593,0.240554
14813,Respondent #535,Pricing - The product saves me valuable time.,Agree,0.359133,0.979568
14814,Respondent #535,Pricing - The product saves me valuable effort.,Strongly Disagree,0.540565,0.697166
14815,Respondent #536,Design - I easily understood how to use the product.,Strongly Disagree,0.581982,0.410419
14816,Respondent #536,Design - I had no trouble installing the product.,Agree,0.080065,0.275506
14817,Respondent #536,"Design - The product's design is unintuitive.",Strongly Agree,0.31409,0.952717
14818,Respondent #536,Quality - The product was durable.,Strongly Agree,0.893326,0.482931
14819,Respondent #536,Quality - The product was free from scratches.,Disagree,0.56603,0.901835
14820,Respondent #536,Quality - The product is deformed.,Neutral,0.980992,0.507577
14821,Respondent #536,Pricing - The product is affordable.,Neutral,0.000241,0.187198
14822,Respondent #536,Pricing - The product saves me valuable time.,Agree,0.629561,0.521409
14823,Respondent #536,Pricing - The product saves me valuable effort.,Strongly Disagree,0.762046,0.954773
14824,Respondent #537,Design - I easily understood how to use the product.,Strongly Disagree,0.119155,0.10553
14825,Respondent #537,Design - I had no trouble installing the product.,Strongly Agree,0.511609,0.102602
14826,Respondent #537,"Design - The product's design is unintuitive.",Strongly Agree,0.38138,0.682449
14827,Respondent #537,Quality - The product was durable.,Strongly Agree,0.145221,0.470985
14828,Respondent #537,Quality - The product was free from scratches.,Disagree,0.225696,0.942633
14829,Respondent #537,Quality - The product is deformed.,Strongly Agree,0.791977,0.414517
14830,Respondent #537,Pricing - The product is affordable.,Disagree,0.855921,0.349649
14831,Respondent #537,Pricing - The product saves me valuable time.,Neutral,0.840976,0.000516
14832,Respondent #537,Pricing - The product saves me valuable effort.,Disagree,0.269611,0.876727
14833,Respondent #538,Design - I easily understood how to use the product.,Agree,0.445965,0.936667
14834,Respondent #538,Design - I had no trouble installing the product.,Agree,0.896433,0.744592
14835,Respondent #538,"Design - The product's design is unintuitive.",Agree,0.175738,0.335462
14836,Respondent #538,Quality - The product was durable.,Strongly Agree,0.013163,0.238937
14837,Respondent #538,Quality - The product was free from scratches.,Neutral,0.808123,0.733758
14838,Respondent #538,Quality - The product is deformed.,Agree,0.507412,0.147892
14839,Respondent #538,Pricing - The product is affordable.,Strongly Disagree,0.053494,0.853183
14840,Respondent #538,Pricing - The product saves me valuable time.,Agree,0.466828,0.046767
14841,Respondent #538,Pricing - The product saves me valuable effort.,Disagree,0.084414,0.323034
14842,Respondent #539,Design - I easily understood how to use the product.,Strongly Disagree,0.760079,0.999449
14843,Respondent #539,Design - I had no trouble installing the product.,Strongly Agree,0.941132,0.642025
14844,Respondent #539,"Design - The product's design is unintuitive.",Neutral,0.762283,0.295911
14845,Respondent #539,Quality - The product was durable.,Neutral,0.008431,0.551665
14846,Respondent #539,Quality - The product was free from scratches.,Disagree,0.539554,0.822036
14847,Respondent #539,Quality - The product is deformed.,Agree,0.509048,0.661904
14848,Respondent #539,Pricing - The product is affordable.,Strongly Agree,0.167836,0.578494
14849,Respondent #539,Pricing - The product saves me valuable time.,Agree,0.399275,0.98648
14850,Respondent #539,Pricing - The product saves me valuable effort.,Strongly Disagree,0.292915,0.783244
14851,Respondent #540,Design - I easily understood how to use the product.,Strongly Disagree,0.641132,0.950894
14852,Respondent #540,Design - I had no trouble installing the product.,Agree,0.188098,0.561176
14853,Respondent #540,"Design - The product's design is unintuitive.",Neutral,0.891326,0.759166
14854,Respondent #540,Quality - The product was durable.,Strongly Agree,0.430028,0.189991
14855,Respondent #540,Quality - The product was free from scratches.,Disagree,0.527348,0.211928
14856,Respondent #540,Quality - The product is deformed.,Agree,0.690754,0.331442
14857,Respondent #540,Pricing - The product is affordable.,Strongly Disagree,0.382937,0.463781
14858,Respondent #540,Pricing - The product saves me valuable time.,Neutral,0.388235,0.950928
14859,Respondent #540,Pricing - The product saves me valuable effort.,Strongly Disagree,0.153419,0.275354
14860,Respondent #541,Design - I easily understood how to use the product.,Strongly Disagree,0.117951,0.277888
14861,Respondent #541,Design - I had no trouble installing the product.,Strongly Agree,0.49007,0.766681
14862,Respondent #541,"Design - The product's design is unintuitive.",Neutral,0.977655,0.220445
14863,Respondent #541,Quality - The product was durable.,Agree,0.123505,0.08121
14864,Respondent #541,Quality - The product was free from scratches.,Neutral,0.073606,0.944245
14865,Respondent #541,Quality - The product is deformed.,Neutral,0.748955,0.43393
14866,Respondent #541,Pricing - The product is affordable.,Disagree,0.531433,0.202451
14867,Respondent #541,Pricing - The product saves me valuable time.,Agree,0.480647,0.806956
14868,Respondent #541,Pricing - The product saves me valuable effort.,Disagree,0.618456,0.946346
14869,Respondent #542,Design - I easily understood how to use the product.,Strongly Disagree,0.470084,0.385728
14870,Respondent #542,Design - I had no trouble installing the product.,Strongly Agree,0.325442,0.209838
14871,Respondent #542,"Design - The product's design is unintuitive.",Neutral,0.949271,0.539817
14872,Respondent #542,Quality - The product was durable.,Agree,0.577354,0.23459
14873,Respondent #542,Quality - The product was free from scratches.,Disagree,0.357106,0.073469
14874,Respondent #542,Quality - The product is deformed.,Agree,0.018824,0.934142
14875,Respondent #542,Pricing - The product is affordable.,Disagree,0.989979,0.476301
14876,Respondent #542,Pricing - The product saves me valuable time.,Agree,0.851488,0.760669
14877,Respondent #542,Pricing - The product saves me valuable effort.,Strongly Disagree,0.45238,0.260894
14878,Respondent #543,Design - I easily understood how to use the product.,Strongly Disagree,0.997597,0.377492
14879,Respondent #543,Design - I had no trouble installing the product.,Strongly Agree,0.955467,0.75104
14880,Respondent #543,"Design - The product's design is unintuitive.",Strongly Disagree,0.668454,0.928857
14881,Respondent #543,Quality - The product was durable.,Agree,0.067226,0.263818
14882,Respondent #543,Quality - The product was free from scratches.,Neutral,0.547716,0.907062
14883,Respondent #543,Quality - The product is deformed.,Agree,0.541373,0.281866
14884,Respondent #543,Pricing - The product is affordable.,Strongly Disagree,0.210616,0.430887
14885,Respondent #543,Pricing - The product saves me valuable time.,Disagree,0.508368,0.096225
14886,Respondent #543,Pricing - The product saves me valuable effort.,Strongly Disagree,0.603459,0.847043
14887,Respondent #544,Design - I easily understood how to use the product.,Strongly Disagree,0.094738,0.53551
14888,Respondent #544,Design - I had no trouble installing the product.,Strongly Agree,0.743134,0.486339
14889,Respondent #544,"Design - The product's design is unintuitive.",Agree,0.523092,0.504306
14890,Respondent #544,Quality - The product was durable.,Agree,0.337414,0.217181
14891,Respondent #544,Quality - The product was free from scratches.,Disagree,0.415495,0.451578
14892,Respondent #544,Quality - The product is deformed.,Agree,0.814933,0.965431
14893,Respondent #544,Pricing - The product is affordable.,Agree,0.946142,0.026267
14894,Respondent #544,Pricing - The product saves me valuable time.,Agree,0.30152,0.324894
14895,Respondent #544,Pricing - The product saves me valuable effort.,Strongly Disagree,0.167459,0.43683
14896,Respondent #545,Design - I easily understood how to use the product.,Strongly Agree,0.49693,0.795545
14897,Respondent #545,Design - I had no trouble installing the product.,Agree,0.657802,0.979804
14898,Respondent #545,"Design - The product's design is unintuitive.",Neutral,0.5675,0.566556
14899,Respondent #545,Quality - The product was durable.,Agree,0.552077,0.689021
14900,Respondent #545,Quality - The product was free from scratches.,Disagree,0.961986,0.867438
14901,Respondent #545,Quality - The product is deformed.,Neutral,0.46206,0.519281
14902,Respondent #545,Pricing - The product is affordable.,Neutral,0.317755,0.428728
14903,Respondent #545,Pricing - The product saves me valuable time.,Agree,0.693359,0.753279
14904,Respondent #545,Pricing - The product saves me valuable effort.,Agree,0.473661,0.071219
14905,Respondent #546,Design - I easily understood how to use the product.,Strongly Disagree,0.03731,0.035974
14906,Respondent #546,Design - I had no trouble installing the product.,Neutral,0.534539,0.13547
14907,Respondent #546,"Design - The product's design is unintuitive.",Neutral,0.525817,0.286597
14908,Respondent #546,Quality - The product was durable.,Disagree,0.070594,0.036949
14909,Respondent #546,Quality - The product was free from scratches.,Disagree,0.510317,0.746265
14910,Respondent #546,Quality - The product is deformed.,Strongly Agree,0.974587,0.186347
14911,Respondent #546,Pricing - The product is affordable.,Disagree,0.984877,0.724775
14912,Respondent #546,Pricing - The product saves me valuable time.,Neutral,0.805552,0.524842
14913,Respondent #546,Pricing - The product saves me valuable effort.,Strongly Disagree,0.166833,0.891511
14914,Respondent #547,Design - I easily understood how to use the product.,Strongly Disagree,0.748267,0.779067
14915,Respondent #547,Design - I had no trouble installing the product.,Agree,0.218214,0.299099
14916,Respondent #547,"Design - The product's design is unintuitive.",Disagree,0.904311,0.802307
14917,Respondent #547,Quality - The product was durable.,Agree,0.417601,0.945541
14918,Respondent #547,Quality - The product was free from scratches.,Strongly Disagree,0.166759,0.688194
14919,Respondent #547,Quality - The product is deformed.,Disagree,0.480114,0.867947
14920,Respondent #547,Pricing - The product is affordable.,Neutral,0.387734,0.083211
14921,Respondent #547,Pricing - The product saves me valuable time.,Agree,0.712412,0.529271
14922,Respondent #547,Pricing - The product saves me valuable effort.,Strongly Disagree,0.665224,0.289192
14923,Respondent #548,Design - I easily understood how to use the product.,Strongly Agree,0.135099,0.05822
14924,Respondent #548,Design - I had no trouble installing the product.,Agree,0.027989,0.417479
14925,Respondent #548,"Design - The product's design is unintuitive.",Agree,0.265882,0.688518
14926,Respondent #548,Quality - The product was durable.,Agree,0.602716,0.301476
14927,Respondent #548,Quality - The product was free from scratches.,Disagree,0.812526,0.264071
14928,Respondent #548,Quality - The product is deformed.,Agree,0.491153,0.725884
14929,Respondent #548,Pricing - The product is affordable.,Strongly Disagree,0.486689,0.713026
14930,Respondent #548,Pricing - The product saves me valuable time.,Strongly Agree,0.681601,0.025127
14931,Respondent #548,Pricing - The product saves me valuable effort.,Strongly Disagree,0.88451,0.113517
14932,Respondent #549,Design - I easily understood how to use the product.,Strongly Disagree,0.133642,0.304902
14933,Respondent #549,Design - I had no trouble installing the product.,Strongly Agree,0.797266,0.136576
14934,Respondent #549,"Design - The product's design is unintuitive.",Neutral,0.562624,0.321586
14935,Respondent #549,Quality - The product was durable.,Strongly Agree,0.426012,0.837348
14936,Respondent #549,Quality - The product was free from scratches.,Disagree,0.582842,0.200497
14937,Respondent #549,Quality - The product is deformed.,Agree,0.038236,0.671438
14938,Respondent #549,Pricing - The product is affordable.,Strongly Disagree,0.273074,0.865677
14939,Respondent #549,Pricing - The product saves me valuable time.,Neutral,0.599249,0.93496
14940,Respondent #549,Pricing - The product saves me valuable effort.,Neutral,0.589812,0.797717
14941,Respondent #550,Design - I easily understood how to use the product.,Neutral,0.894835,0.926979
14942,Respondent #550,Design - I had no trouble installing the product.,Agree,0.437986,0.460729
14943,Respondent #550,"Design - The product's design is unintuitive.",Strongly Disagree,0.25286,0.523239
14944,Respondent #550,Quality - The product was durable.,Disagree,0.505853,0.561648
14945,Respondent #550,Quality - The product was free from scratches.,Disagree,0.147551,0.76647
14946,Respondent #550,Quality - The product is deformed.,Agree,0.153831,0.534247
14947,Respondent #550,Pricing - The product is affordable.,Strongly Disagree,0.395085,0.830587
14948,Respondent #550,Pricing - The product saves me valuable time.,Agree,0.665749,0.14008
14949,Respondent #550,Pricing - The product saves me valuable effort.,Strongly Disagree,0.487639,0.35582
14950,Respondent #551,Design - I easily understood how to use the product.,Disagree,0.925509,0.283102
14951,Respondent #551,Design - I had no trouble installing the product.,Strongly Agree,0.345896,0.64767
14952,Respondent #551,"Design - The product's design is unintuitive.",Strongly Disagree,0.738217,0.407479
14953,Respondent #551,Quality - The product was durable.,Agree,0.290679,0.844522
14954,Respondent #551,Quality - The product was free from scratches.,Neutral,0.946333,0.956461
14955,Respondent #551,Quality - The product is deformed.,Disagree,0.70929,0.94205
14956,Respondent #551,Pricing - The product is affordable.,Strongly Disagree,0.662694,0.150634
14957,Respondent #551,Pricing - The product saves me valuable time.,Neutral,0.302292,0.725833
14958,Respondent #551,Pricing - The product saves me valuable effort.,Neutral,0.777508,0.33643
14959,Respondent #552,Design - I easily understood how to use the product.,Disagree,0.35418,0.821161
14960,Respondent #552,Design - I had no trouble installing the product.,Agree,0.479923,0.615046
14961,Respondent #552,"Design - The product's design is unintuitive.",Neutral,0.695827,0.341119
14962,Respondent #552,Quality - The product was durable.,Strongly Agree,0.008594,0.629379
14963,Respondent #552,Quality - The product was free from scratches.,Disagree,0.21895,0.62959
14964,Respondent #552,Quality - The product is deformed.,Agree,0.776837,0.111023
14965,Respondent #552,Pricing - The product is affordable.,Neutral,0.241965,0.570629
14966,Respondent #552,Pricing - The product saves me valuable time.,Agree,0.430645,0.356994
14967,Respondent #552,Pricing - The product saves me valuable effort.,Neutral,0.239591,0.67394
14968,Respondent #553,Design - I easily understood how to use the product.,Agree,0.071041,0.407371
14969,Respondent #553,Design - I had no trouble installing the product.,Neutral,0.675125,0.527582
14970,Respondent #553,"Design - The product's design is unintuitive.",Neutral,0.868621,0.776006
14971,Respondent #553,Quality - The product was durable.,Agree,0.566832,0.985585
14972,Respondent #553,Quality - The product was free from scratches.,Disagree,0.748223,0.564016
14973,Respondent #553,Quality - The product is deformed.,Neutral,0.610456,0.158473
14974,Respondent #553,Pricing - The product is affordable.,Strongly Agree,0.117019,0.947195
14975,Respondent #553,Pricing - The product saves me valuable time.,Neutral,0.770724,0.498783
14976,Respondent #553,Pricing - The product saves me valuable effort.,Disagree,0.644594,0.789714
14977,Respondent #554,Design - I easily understood how to use the product.,Strongly Disagree,0.994408,0.98427
14978,Respondent #554,Design - I had no trouble installing the product.,Agree,0.930476,0.6371
14979,Respondent #554,"Design - The product's design is unintuitive.",Agree,0.914869,0.723933
14980,Respondent #554,Quality - The product was durable.,Strongly Agree,0.766457,0.58952
14981,Respondent #554,Quality - The product was free from scratches.,Strongly Disagree,0.072147,0.58183
14982,Respondent #554,Quality - The product is deformed.,Neutral,0.495508,0.256661
14983,Respondent #554,Pricing - The product is affordable.,Strongly Disagree,0.77602,0.967322
14984,Respondent #554,Pricing - The product saves me valuable time.,Agree,0.061253,0.306324
14985,Respondent #554,Pricing - The product saves me valuable effort.,Strongly Disagree,0.255241,0.739014
14986,Respondent #555,Design - I easily understood how to use the product.,Neutral,0.054105,0.147338
14987,Respondent #555,Design - I had no trouble installing the product.,Strongly Agree,0.53286,0.076718
14988,Respondent #555,"Design - The product's design is unintuitive.",Disagree,0.07597,0.449907
14989,Respondent #555,Quality - The product was durable.,Agree,0.220883,0.237866
14990,Respondent #555,Quality - The product was free from scratches.,Neutral,0.186853,0.93076
14991,Respondent #555,Quality - The product is deformed.,Agree,0.878451,0.402891
14992,Respondent #555,Pricing - The product is affordable.,Neutral,0.130178,0.572356
14993,Respondent #555,Pricing - The product saves me valuable time.,Strongly Agree,0.657824,0.748611
14994,Respondent #555,Pricing - The product saves me valuable effort.,Disagree,0.130413,0.423685
14995,Respondent #556,Design - I easily understood how to use the product.,Disagree,0.22057,0.227345
14996,Respondent #556,Design - I had no trouble installing the product.,Disagree,0.495474,0.663966
14997,Respondent #556,"Design - The product's design is unintuitive.",Agree,0.661658,0.027903
14998,Respondent #556,Quality - The product was durable.,Strongly Agree,0.984117,0.710175
14999,Respondent #556,Quality - The product was free from scratches.,Disagree,0.288301,0.694666
15000,Respondent #556,Quality - The product is deformed.,Neutral,0.469751,0.342345
15001,Respondent #556,Pricing - The product is affordable.,Disagree,0.368588,0.387134
15002,Respondent #556,Pricing - The product saves me valuable time.,Agree,0.617869,0.294067
15003,Respondent #556,Pricing - The product saves me valuable effort.,Disagree,0.551475,0.206733
15004,Respondent #557,Design - I easily understood how to use the product.,Disagree,0.739449,0.002679
15005,Respondent #557,Design - I had no trouble installing the product.,Agree,0.028964,0.303811
15006,Respondent #557,"Design - The product's design is unintuitive.",Agree,0.918304,0.979234
15007,Respondent #557,Quality - The product was durable.,Strongly Agree,0.088842,0.465225
15008,Respondent #557,Quality - The product was free from scratches.,Neutral,0.051685,0.666585
15009,Respondent #557,Quality - The product is deformed.,Neutral,0.742151,0.161417
15010,Respondent #557,Pricing - The product is affordable.,Neutral,0.351192,0.497361
15011,Respondent #557,Pricing - The product saves me valuable time.,Neutral,0.000227,0.686479
15012,Respondent #557,Pricing - The product saves me valuable effort.,Strongly Disagree,0.545321,0.758159
15013,Respondent #558,Design - I easily understood how to use the product.,Strongly Agree,0.736366,0.199733
15014,Respondent #558,Design - I had no trouble installing the product.,Strongly Agree,0.528429,0.043127
15015,Respondent #558,"Design - The product's design is unintuitive.",Disagree,0.28749,0.585715
15016,Respondent #558,Quality - The product was durable.,Agree,0.242668,0.145522
15017,Respondent #558,Quality - The product was free from scratches.,Neutral,0.452982,0.786982
15018,Respondent #558,Quality - The product is deformed.,Strongly Agree,0.065379,0.478347
15019,Respondent #558,Pricing - The product is affordable.,Strongly Agree,0.088597,0.496688
15020,Respondent #558,Pricing - The product saves me valuable time.,Agree,0.997567,0.164604
15021,Respondent #558,Pricing - The product saves me valuable effort.,Disagree,0.833799,0.071021
15022,Respondent #559,Design - I easily understood how to use the product.,Disagree,0.618627,0.052806
15023,Respondent #559,Design - I had no trouble installing the product.,Agree,0.946246,0.155177
15024,Respondent #559,"Design - The product's design is unintuitive.",Neutral,0.391622,0.161562
15025,Respondent #559,Quality - The product was durable.,Strongly Agree,0.718296,0.552181
15026,Respondent #559,Quality - The product was free from scratches.,Disagree,0.767306,0.68873
15027,Respondent #559,Quality - The product is deformed.,Neutral,0.181606,0.779435
15028,Respondent #559,Pricing - The product is affordable.,Strongly Disagree,0.002728,0.513943
15029,Respondent #559,Pricing - The product saves me valuable time.,Agree,0.780261,0.711042
15030,Respondent #559,Pricing - The product saves me valuable effort.,Strongly Disagree,0.378202,0.416418
15031,Respondent #560,Design - I easily understood how to use the product.,Agree,0.947535,0.074669
15032,Respondent #560,Design - I had no trouble installing the product.,Agree,0.570894,0.910944
15033,Respondent #560,"Design - The product's design is unintuitive.",Disagree,0.113721,0.671236
15034,Respondent #560,Quality - The product was durable.,Agree,0.58494,0.2532
15035,Respondent #560,Quality - The product was free from scratches.,Disagree,0.645305,0.613876
15036,Respondent #560,Quality - The product is deformed.,Strongly Agree,0.223592,0.206761
15037,Respondent #560,Pricing - The product is affordable.,Neutral,0.51842,0.583876
15038,Respondent #560,Pricing - The product saves me valuable time.,Neutral,0.127827,0.89504
15039,Respondent #560,Pricing - The product saves me valuable effort.,Strongly Disagree,0.784569,0.423887
15040,Respondent #561,Design - I easily understood how to use the product.,Strongly Disagree,0.760602,0.026878
15041,Respondent #561,Design - I had no trouble installing the product.,Agree,0.612681,0.005859
15042,Respondent #561,"Design - The product's design is unintuitive.",Strongly Disagree,0.613149,0.758625
15043,Respondent #561,Quality - The product was durable.,Neutral,0.350091,0.089925
15044,Respondent #561,Quality - The product was free from scratches.,Disagree,0.997434,0.320809
15045,Respondent #561,Quality - The product is deformed.,Strongly Disagree,0.651476,0.696728
15046,Respondent #561,Pricing - The product is affordable.,Disagree,0.052708,0.742888
15047,Respondent #561,Pricing - The product saves me valuable time.,Agree,0.748479,0.127666
15048,Respondent #561,Pricing - The product saves me valuable effort.,Strongly Disagree,0.07388,0.246916
15049,Respondent #562,Design - I easily understood how to use the product.,Strongly Disagree,0.570055,0.553417
15050,Respondent #562,Design - I had no trouble installing the product.,Strongly Agree,0.468028,0.113929
15051,Respondent #562,"Design - The product's design is unintuitive.",Disagree,0.527408,0.61932
15052,Respondent #562,Quality - The product was durable.,Disagree,0.122172,0.298297
15053,Respondent #562,Quality - The product was free from scratches.,Strongly Disagree,0.164116,0.862588
15054,Respondent #562,Quality - The product is deformed.,Disagree,0.115322,0.012873
15055,Respondent #562,Pricing - The product is affordable.,Disagree,0.081283,0.395439
15056,Respondent #562,Pricing - The product saves me valuable time.,Agree,0.667719,0.529471
15057,Respondent #562,Pricing - The product saves me valuable effort.,Neutral,0.307528,0.348718
15058,Respondent #563,Design - I easily understood how to use the product.,Strongly Disagree,0.677939,0.726972
15059,Respondent #563,Design - I had no trouble installing the product.,Strongly Agree,0.135375,0.397959
15060,Respondent #563,"Design - The product's design is unintuitive.",Neutral,0.449049,0.241043
15061,Respondent #563,Quality - The product was durable.,Disagree,0.328404,0.578916
15062,Respondent #563,Quality - The product was free from scratches.,Neutral,0.237017,0.4175
15063,Respondent #563,Quality - The product is deformed.,Agree,0.011907,0.904283
15064,Respondent #563,Pricing - The product is affordable.,Neutral,0.491029,0.351549
15065,Respondent #563,Pricing - The product saves me valuable time.,Agree,0.380963,0.749129
15066,Respondent #563,Pricing - The product saves me valuable effort.,Disagree,0.310456,0.236779
15067,Respondent #564,Design - I easily understood how to use the product.,Disagree,0.229825,0.534755
15068,Respondent #564,Design - I had no trouble installing the product.,Disagree,0.453145,0.439256
15069,Respondent #564,"Design - The product's design is unintuitive.",Disagree,0.791974,0.633049
15070,Respondent #564,Quality - The product was durable.,Agree,0.886147,0.625813
15071,Respondent #564,Quality - The product was free from scratches.,Disagree,0.218704,0.17214
15072,Respondent #564,Quality - The product is deformed.,Agree,0.226608,0.08828
15073,Respondent #564,Pricing - The product is affordable.,Neutral,0.467253,0.785476
15074,Respondent #564,Pricing - The product saves me valuable time.,Agree,0.021628,0.198214
15075,Respondent #564,Pricing - The product saves me valuable effort.,Disagree,0.11774,0.96063
15076,Respondent #565,Design - I easily understood how to use the product.,Disagree,0.889312,0.337966
15077,Respondent #565,Design - I had no trouble installing the product.,Strongly Agree,0.015658,0.992312
15078,Respondent #565,"Design - The product's design is unintuitive.",Agree,0.47775,0.509081
15079,Respondent #565,Quality - The product was durable.,Agree,0.430795,0.402251
15080,Respondent #565,Quality - The product was free from scratches.,Disagree,0.108692,0.283215
15081,Respondent #565,Quality - The product is deformed.,Strongly Agree,0.964822,0.54903
15082,Respondent #565,Pricing - The product is affordable.,Agree,0.959469,0.317932
15083,Respondent #565,Pricing - The product saves me valuable time.,Strongly Agree,0.444903,0.64171
15084,Respondent #565,Pricing - The product saves me valuable effort.,Strongly Disagree,0.938565,0.480563
15085,Respondent #566,Design - I easily understood how to use the product.,Strongly Disagree,0.649208,0.273598
15086,Respondent #566,Design - I had no trouble installing the product.,Agree,0.356647,0.614492
15087,Respondent #566,"Design - The product's design is unintuitive.",Neutral,0.90989,0.270675
15088,Respondent #566,Quality - The product was durable.,Agree,0.763329,0.955501
15089,Respondent #566,Quality - The product was free from scratches.,Neutral,0.862175,0.703214
15090,Respondent #566,Quality - The product is deformed.,Agree,0.93146,0.729495
15091,Respondent #566,Pricing - The product is affordable.,Disagree,0.029775,0.523252
15092,Respondent #566,Pricing - The product saves me valuable time.,Strongly Agree,0.999004,0.040196
15093,Respondent #566,Pricing - The product saves me valuable effort.,Strongly Disagree,0.787085,0.608196
15094,Respondent #567,Design - I easily understood how to use the product.,Strongly Disagree,0.502104,0.178178
15095,Respondent #567,Design - I had no trouble installing the product.,Strongly Agree,0.480038,0.708127
15096,Respondent #567,"Design - The product's design is unintuitive.",Agree,0.788675,0.244452
15097,Respondent #567,Quality - The product was durable.,Strongly Agree,0.719966,0.362793
15098,Respondent #567,Quality - The product was free from scratches.,Disagree,0.326027,0.97894
15099,Respondent #567,Quality - The product is deformed.,Agree,0.742933,0.517717
15100,Respondent #567,Pricing - The product is affordable.,Neutral,0.841023,0.559413
15101,Respondent #567,Pricing - The product saves me valuable time.,Agree,0.421409,0.761588
15102,Respondent #567,Pricing - The product saves me valuable effort.,Strongly Disagree,0.668451,0.124164
15103,Respondent #568,Design - I easily understood how to use the product.,Strongly Disagree,0.327162,0.409595
15104,Respondent #568,Design - I had no trouble installing the product.,Strongly Agree,0.117989,0.228297
15105,Respondent #568,"Design - The product's design is unintuitive.",Disagree,0.465451,0.927222
15106,Respondent #568,Quality - The product was durable.,Neutral,0.428675,0.489938
15107,Respondent #568,Quality - The product was free from scratches.,Neutral,0.003656,0.541092
15108,Respondent #568,Quality - The product is deformed.,Agree,0.962282,0.240345
15109,Respondent #568,Pricing - The product is affordable.,Strongly Disagree,0.975947,0.448952
15110,Respondent #568,Pricing - The product saves me valuable time.,Agree,0.351979,0.900004
15111,Respondent #568,Pricing - The product saves me valuable effort.,Agree,0.235311,0.576677
15112,Respondent #569,Design - I easily understood how to use the product.,Disagree,0.955163,0.947769
15113,Respondent #569,Design - I had no trouble installing the product.,Neutral,0.383133,0.379851
15114,Respondent #569,"Design - The product's design is unintuitive.",Neutral,0.742398,0.471148
15115,Respondent #569,Quality - The product was durable.,Strongly Agree,0.95868,0.499405
15116,Respondent #569,Quality - The product was free from scratches.,Neutral,0.91542,0.372478
15117,Respondent #569,Quality - The product is deformed.,Disagree,0.458685,0.984445
15118,Respondent #569,Pricing - The product is affordable.,Agree,0.003097,0.973424
15119,Respondent #569,Pricing - The product saves me valuable time.,Agree,0.597941,0.010004
15120,Respondent #569,Pricing - The product saves me valuable effort.,Strongly Disagree,0.020761,0.246523
15121,Respondent #570,Design - I easily understood how to use the product.,Disagree,0.30914,0.617733
15122,Respondent #570,Design - I had no trouble installing the product.,Strongly Agree,0.60358,0.491604
15123,Respondent #570,"Design - The product's design is unintuitive.",Disagree,0.900496,0.561477
15124,Respondent #570,Quality - The product was durable.,Strongly Agree,0.325434,0.395026
15125,Respondent #570,Quality - The product was free from scratches.,Neutral,0.451937,0.767785
15126,Respondent #570,Quality - The product is deformed.,Neutral,0.394256,0.953378
15127,Respondent #570,Pricing - The product is affordable.,Strongly Disagree,0.829632,0.984611
15128,Respondent #570,Pricing - The product saves me valuable time.,Neutral,0.459347,0.506312
15129,Respondent #570,Pricing - The product saves me valuable effort.,Disagree,0.095706,0.778805
15130,Respondent #571,Design - I easily understood how to use the product.,Disagree,0.153162,0.222855
15131,Respondent #571,Design - I had no trouble installing the product.,Neutral,0.334133,0.859457
15132,Respondent #571,"Design - The product's design is unintuitive.",Strongly Agree,0.37338,0.273492
15133,Respondent #571,Quality - The product was durable.,Strongly Agree,0.14021,0.534349
15134,Respondent #571,Quality - The product was free from scratches.,Neutral,0.087029,0.877461
15135,Respondent #571,Quality - The product is deformed.,Neutral,0.621955,0.338511
15136,Respondent #571,Pricing - The product is affordable.,Agree,0.072605,0.563174
15137,Respondent #571,Pricing - The product saves me valuable time.,Strongly Agree,0.342193,0.870098
15138,Respondent #571,Pricing - The product saves me valuable effort.,Disagree,0.350427,0.686798
15139,Respondent #572,Design - I easily understood how to use the product.,Strongly Disagree,0.267833,0.491232
15140,Respondent #572,Design - I had no trouble installing the product.,Strongly Agree,0.085276,0.234911
15141,Respondent #572,"Design - The product's design is unintuitive.",Strongly Disagree,0.145773,0.882805
15142,Respondent #572,Quality - The product was durable.,Agree,0.976022,0.597113
15143,Respondent #572,Quality - The product was free from scratches.,Disagree,0.535865,0.571903
15144,Respondent #572,Quality - The product is deformed.,Neutral,0.006833,0.176416
15145,Respondent #572,Pricing - The product is affordable.,Neutral,0.093205,0.76076
15146,Respondent #572,Pricing - The product saves me valuable time.,Strongly Agree,0.159544,0.03626
15147,Respondent #572,Pricing - The product saves me valuable effort.,Strongly Disagree,0.494036,0.535091
15148,Respondent #573,Design - I easily understood how to use the product.,Neutral,0.402123,0.873651
15149,Respondent #573,Design - I had no trouble installing the product.,Strongly Agree,0.788645,0.123136
15150,Respondent #573,"Design - The product's design is unintuitive.",Neutral,0.405561,0.322913
15151,Respondent #573,Quality - The product was durable.,Agree,0.074359,0.047728
15152,Respondent #573,Quality - The product was free from scratches.,Disagree,0.707711,0.617884
15153,Respondent #573,Quality - The product is deformed.,Agree,0.566464,0.917428
15154,Respondent #573,Pricing - The product is affordable.,Neutral,0.628229,0.673258
15155,Respondent #573,Pricing - The product saves me valuable time.,Agree,0.918638,0.970476
15156,Respondent #573,Pricing - The product saves me valuable effort.,Strongly Disagree,0.014254,0.573791
15157,Respondent #574,Design - I easily understood how to use the product.,Strongly Disagree,0.582752,0.99719
15158,Respondent #574,Design - I had no trouble installing the product.,Neutral,0.081055,0.287416
15159,Respondent #574,"Design - The product's design is unintuitive.",Neutral,0.622329,0.470264
15160,Respondent #574,Quality - The product was durable.,Agree,0.034717,0.589045
15161,Respondent #574,Quality - The product was free from scratches.,Disagree,0.749512,0.826051
15162,Respondent #574,Quality - The product is deformed.,Agree,0.733641,0.985083
15163,Respondent #574,Pricing - The product is affordable.,Strongly Agree,0.35873,0.810004
15164,Respondent #574,Pricing - The product saves me valuable time.,Agree,0.856772,0.08971
15165,Respondent #574,Pricing - The product saves me valuable effort.,Strongly Disagree,0.92638,0.721903
15166,Respondent #575,Design - I easily understood how to use the product.,Strongly Disagree,0.262789,0.309825
15167,Respondent #575,Design - I had no trouble installing the product.,Agree,0.089566,0.15212
15168,Respondent #575,"Design - The product's design is unintuitive.",Disagree,0.078284,0.657919
15169,Respondent #575,Quality - The product was durable.,Agree,0.180825,0.759163
15170,Respondent #575,Quality - The product was free from scratches.,Disagree,0.903595,0.998282
15171,Respondent #575,Quality - The product is deformed.,Agree,0.277725,0.728803
15172,Respondent #575,Pricing - The product is affordable.,Strongly Disagree,0.421399,0.486369
15173,Respondent #575,Pricing - The product saves me valuable time.,Agree,0.933126,0.28537
15174,Respondent #575,Pricing - The product saves me valuable effort.,Disagree,0.359157,0.409265
15175,Respondent #576,Design - I easily understood how to use the product.,Disagree,0.755437,0.067269
15176,Respondent #576,Design - I had no trouble installing the product.,Strongly Agree,0.342337,0.107534
15177,Respondent #576,"Design - The product's design is unintuitive.",Disagree,0.770603,0.968098
15178,Respondent #576,Quality - The product was durable.,Neutral,0.458529,0.977828
15179,Respondent #576,Quality - The product was free from scratches.,Disagree,0.097889,0.382764
15180,Respondent #576,Quality - The product is deformed.,Agree,0.816826,0.671122
15181,Respondent #576,Pricing - The product is affordable.,Strongly Disagree,0.31555,0.777303
15182,Respondent #576,Pricing - The product saves me valuable time.,Agree,0.205772,0.64025
15183,Respondent #576,Pricing - The product saves me valuable effort.,Strongly Disagree,0.730727,0.084562
15184,Respondent #577,Design - I easily understood how to use the product.,Strongly Disagree,0.802638,0.798108
15185,Respondent #577,Design - I had no trouble installing the product.,Neutral,0.938578,0.441913
15186,Respondent #577,"Design - The product's design is unintuitive.",Agree,0.959571,0.428086
15187,Respondent #577,Quality - The product was durable.,Strongly Agree,0.254635,0.972874
15188,Respondent #577,Quality - The product was free from scratches.,Disagree,0.86393,0.792091
15189,Respondent #577,Quality - The product is deformed.,Agree,0.104372,0.57658
15190,Respondent #577,Pricing - The product is affordable.,Agree,0.253108,0.62532
15191,Respondent #577,Pricing - The product saves me valuable time.,Agree,0.215308,0.720743
15192,Respondent #577,Pricing - The product saves me valuable effort.,Disagree,0.154014,0.426022
15193,Respondent #578,Design - I easily understood how to use the product.,Strongly Disagree,0.727315,0.742676
15194,Respondent #578,Design - I had no trouble installing the product.,Strongly Agree,0.790474,0.367154
15195,Respondent #578,"Design - The product's design is unintuitive.",Disagree,0.606397,0.250907
15196,Respondent #578,Quality - The product was durable.,Agree,0.287381,0.37322
15197,Respondent #578,Quality - The product was free from scratches.,Disagree,0.979083,0.084017
15198,Respondent #578,Quality - The product is deformed.,Neutral,0.068646,0.582953
15199,Respondent #578,Pricing - The product is affordable.,Strongly Agree,0.280019,0.659309
15200,Respondent #578,Pricing - The product saves me valuable time.,Neutral,0.67013,0.89442
15201,Respondent #578,Pricing - The product saves me valuable effort.,Disagree,0.15616,0.158172
15202,Respondent #579,Design - I easily understood how to use the product.,Strongly Disagree,0.751042,0.140248
15203,Respondent #579,Design - I had no trouble installing the product.,Neutral,0.95568,0.59096
15204,Respondent #579,"Design - The product's design is unintuitive.",Disagree,0.040246,0.032474
15205,Respondent #579,Quality - The product was durable.,Agree,0.554129,0.721409
15206,Respondent #579,Quality - The product was free from scratches.,Neutral,0.914641,0.43714
15207,Respondent #579,Quality - The product is deformed.,Neutral,0.24886,0.796941
15208,Respondent #579,Pricing - The product is affordable.,Strongly Disagree,0.291853,0.774948
15209,Respondent #579,Pricing - The product saves me valuable time.,Neutral,0.4715,0.684109
15210,Respondent #579,Pricing - The product saves me valuable effort.,Disagree,0.303824,0.868867
15211,Respondent #580,Design - I easily understood how to use the product.,Strongly Disagree,0.632585,0.854662
15212,Respondent #580,Design - I had no trouble installing the product.,Strongly Agree,0.784407,0.35383
15213,Respondent #580,"Design - The product's design is unintuitive.",Disagree,0.601622,0.522462
15214,Respondent #580,Quality - The product was durable.,Strongly Agree,0.235451,0.770392
15215,Respondent #580,Quality - The product was free from scratches.,Neutral,0.132181,0.678347
15216,Respondent #580,Quality - The product is deformed.,Agree,0.207532,0.928141
15217,Respondent #580,Pricing - The product is affordable.,Strongly Agree,0.348827,0.948626
15218,Respondent #580,Pricing - The product saves me valuable time.,Strongly Agree,0.192949,0.786863
15219,Respondent #580,Pricing - The product saves me valuable effort.,Strongly Disagree,0.801535,0.413835
15220,Respondent #581,Design - I easily understood how to use the product.,Strongly Disagree,0.058173,0.398285
15221,Respondent #581,Design - I had no trouble installing the product.,Agree,0.243919,0.275046
15222,Respondent #581,"Design - The product's design is unintuitive.",Disagree,0.188683,0.270467
15223,Respondent #581,Quality - The product was durable.,Agree,0.409863,0.223373
15224,Respondent #581,Quality - The product was free from scratches.,Disagree,0.259612,0.183108
15225,Respondent #581,Quality - The product is deformed.,Strongly Agree,0.925105,0.804226
15226,Respondent #581,Pricing - The product is affordable.,Strongly Disagree,0.70158,0.940496
15227,Respondent #581,Pricing - The product saves me valuable time.,Agree,0.815499,0.625844
15228,Respondent #581,Pricing - The product saves me valuable effort.,Disagree,0.689476,0.571827
15229,Respondent #582,Design - I easily understood how to use the product.,Strongly Agree,0.482829,0.554702
15230,Respondent #582,Design - I had no trouble installing the product.,Disagree,0.322946,0.68556
15231,Respondent #582,"Design - The product's design is unintuitive.",Disagree,0.587917,0.534468
15232,Respondent #582,Quality - The product was durable.,Agree,0.590687,0.538305
15233,Respondent #582,Quality - The product was free from scratches.,Disagree,0.049767,0.700591
15234,Respondent #582,Quality - The product is deformed.,Strongly Agree,0.881469,0.727225
15235,Respondent #582,Pricing - The product is affordable.,Strongly Disagree,0.312246,0.4496
15236,Respondent #582,Pricing - The product saves me valuable time.,Agree,0.029961,0.391438
15237,Respondent #582,Pricing - The product saves me valuable effort.,Disagree,0.464621,0.440218
15238,Respondent #583,Design - I easily understood how to use the product.,Strongly Disagree,0.574467,0.811459
15239,Respondent #583,Design - I had no trouble installing the product.,Strongly Agree,0.536658,0.924747
15240,Respondent #583,"Design - The product's design is unintuitive.",Disagree,0.375786,0.654205
15241,Respondent #583,Quality - The product was durable.,Strongly Agree,0.942081,0.970764
15242,Respondent #583,Quality - The product was free from scratches.,Neutral,0.222802,0.276465
15243,Respondent #583,Quality - The product is deformed.,Agree,0.257093,0.623121
15244,Respondent #583,Pricing - The product is affordable.,Disagree,0.280153,0.726835
15245,Respondent #583,Pricing - The product saves me valuable time.,Agree,0.723554,0.985003
15246,Respondent #583,Pricing - The product saves me valuable effort.,Neutral,0.326499,0.682834
15247,Respondent #584,Design - I easily understood how to use the product.,Agree,0.489025,0.947699
15248,Respondent #584,Design - I had no trouble installing the product.,Strongly Agree,0.045865,0.770037
15249,Respondent #584,"Design - The product's design is unintuitive.",Strongly Disagree,0.56058,0.942675
15250,Respondent #584,Quality - The product was durable.,Neutral,0.479443,0.006445
15251,Respondent #584,Quality - The product was free from scratches.,Neutral,0.895937,0.222939
15252,Respondent #584,Quality - The product is deformed.,Strongly Agree,0.148122,0.557405
15253,Respondent #584,Pricing - The product is affordable.,Neutral,0.281445,0.382847
15254,Respondent #584,Pricing - The product saves me valuable time.,Agree,0.985845,0.487557
15255,Respondent #584,Pricing - The product saves me valuable effort.,Disagree,0.111607,0.027887
15256,Respondent #585,Design - I easily understood how to use the product.,Disagree,0.351255,0.025285
15257,Respondent #585,Design - I had no trouble installing the product.,Neutral,0.277803,0.070362
15258,Respondent #585,"Design - The product's design is unintuitive.",Disagree,0.352492,0.789963
15259,Respondent #585,Quality - The product was durable.,Neutral,0.257477,0.970719
15260,Respondent #585,Quality - The product was free from scratches.,Disagree,0.504805,0.109801
15261,Respondent #585,Quality - The product is deformed.,Strongly Agree,0.505028,0.645796
15262,Respondent #585,Pricing - The product is affordable.,Strongly Disagree,0.862585,0.87086
15263,Respondent #585,Pricing - The product saves me valuable time.,Agree,0.407857,0.880631
15264,Respondent #585,Pricing - The product saves me valuable effort.,Neutral,0.343915,0.87567
15265,Respondent #586,Design - I easily understood how to use the product.,Strongly Disagree,0.460674,0.914295
15266,Respondent #586,Design - I had no trouble installing the product.,Strongly Agree,0.106798,0.887362
15267,Respondent #586,"Design - The product's design is unintuitive.",Agree,0.314211,0.655452
15268,Respondent #586,Quality - The product was durable.,Agree,0.720489,0.715976
15269,Respondent #586,Quality - The product was free from scratches.,Disagree,0.932529,0.21761
15270,Respondent #586,Quality - The product is deformed.,Agree,0.745282,0.221067
15271,Respondent #586,Pricing - The product is affordable.,Strongly Disagree,0.671331,0.734629
15272,Respondent #586,Pricing - The product saves me valuable time.,Neutral,0.990608,0.222782
15273,Respondent #586,Pricing - The product saves me valuable effort.,Disagree,0.838615,0.138996
15274,Respondent #587,Design - I easily understood how to use the product.,Strongly Disagree,0.412513,0.18491
15275,Respondent #587,Design - I had no trouble installing the product.,Strongly Agree,0.172267,0.069276
15276,Respondent #587,"Design - The product's design is unintuitive.",Disagree,0.146152,0.471587
15277,Respondent #587,Quality - The product was durable.,Agree,0.343424,0.451784
15278,Respondent #587,Quality - The product was free from scratches.,Disagree,0.287272,0.147887
15279,Respondent #587,Quality - The product is deformed.,Strongly Agree,0.754614,0.703616
15280,Respondent #587,Pricing - The product is affordable.,Strongly Agree,0.901348,0.040084
15281,Respondent #587,Pricing - The product saves me valuable time.,Strongly Agree,0.332127,0.84097
15282,Respondent #587,Pricing - The product saves me valuable effort.,Disagree,0.549649,0.326397
15283,Respondent #588,Design - I easily understood how to use the product.,Disagree,0.422541,0.369013
15284,Respondent #588,Design - I had no trouble installing the product.,Strongly Agree,0.92144,0.291493
15285,Respondent #588,"Design - The product's design is unintuitive.",Disagree,0.281295,0.45659
15286,Respondent #588,Quality - The product was durable.,Agree,0.989281,0.165309
15287,Respondent #588,Quality - The product was free from scratches.,Disagree,0.2465,0.487081
15288,Respondent #588,Quality - The product is deformed.,Agree,0.981485,0.995716
15289,Respondent #588,Pricing - The product is affordable.,Strongly Disagree,0.153453,0.949717
15290,Respondent #588,Pricing - The product saves me valuable time.,Strongly Agree,0.746877,0.363108
15291,Respondent #588,Pricing - The product saves me valuable effort.,Disagree,0.619232,0.883174
15292,Respondent #589,Design - I easily understood how to use the product.,Strongly Disagree,0.840811,0.355717
15293,Respondent #589,Design - I had no trouble installing the product.,Strongly Agree,0.868511,0.19893
15294,Respondent #589,"Design - The product's design is unintuitive.",Neutral,0.295326,0.913304
15295,Respondent #589,Quality - The product was durable.,Strongly Agree,0.648338,0.652539
15296,Respondent #589,Quality - The product was free from scratches.,Neutral,0.212243,0.201333
15297,Respondent #589,Quality - The product is deformed.,Neutral,0.034262,0.50041
15298,Respondent #589,Pricing - The product is affordable.,Strongly Agree,0.583024,0.827493
15299,Respondent #589,Pricing - The product saves me valuable time.,Agree,0.395535,0.214235
15300,Respondent #589,Pricing - The product saves me valuable effort.,Disagree,0.441077,0.730711
15301,Respondent #590,Design - I easily understood how to use the product.,Strongly Disagree,0.068305,0.374943
15302,Respondent #590,Design - I had no trouble installing the product.,Strongly Agree,0.745436,0.935364
15303,Respondent #590,"Design - The product's design is unintuitive.",Disagree,0.242415,0.637358
15304,Respondent #590,Quality - The product was durable.,Agree,0.344624,0.337114
15305,Respondent #590,Quality - The product was free from scratches.,Disagree,0.322077,0.493685
15306,Respondent #590,Quality - The product is deformed.,Disagree,0.822824,0.524385
15307,Respondent #590,Pricing - The product is affordable.,Strongly Agree,0.700727,0.574087
15308,Respondent #590,Pricing - The product saves me valuable time.,Agree,0.059894,0.586636
15309,Respondent #590,Pricing - The product saves me valuable effort.,Disagree,0.873889,0.187199
15310,Respondent #591,Design - I easily understood how to use the product.,Strongly Agree,0.471732,0.442655
15311,Respondent #591,Design - I had no trouble installing the product.,Strongly Agree,0.823919,0.982355
15312,Respondent #591,"Design - The product's design is unintuitive.",Agree,0.569479,0.460992
15313,Respondent #591,Quality - The product was durable.,Agree,0.100036,0.910093
15314,Respondent #591,Quality - The product was free from scratches.,Strongly Disagree,0.319799,0.603994
15315,Respondent #591,Quality - The product is deformed.,Agree,0.04078,0.994816
15316,Respondent #591,Pricing - The product is affordable.,Neutral,0.565619,0.332163
15317,Respondent #591,Pricing - The product saves me valuable time.,Agree,0.077523,0.947113
15318,Respondent #591,Pricing - The product saves me valuable effort.,Strongly Disagree,0.589109,0.093474
15319,Respondent #592,Design - I easily understood how to use the product.,Strongly Disagree,0.552263,0.267307
15320,Respondent #592,Design - I had no trouble installing the product.,Strongly Agree,0.628857,0.318535
15321,Respondent #592,"Design - The product's design is unintuitive.",Disagree,0.817279,0.282085
15322,Respondent #592,Quality - The product was durable.,Agree,0.128662,0.19193
15323,Respondent #592,Quality - The product was free from scratches.,Strongly Disagree,0.594955,0.801754
15324,Respondent #592,Quality - The product is deformed.,Strongly Disagree,0.240589,0.245859
15325,Respondent #592,Pricing - The product is affordable.,Disagree,0.537541,0.41111
15326,Respondent #592,Pricing - The product saves me valuable time.,Strongly Agree,0.18154,0.937311
15327,Respondent #592,Pricing - The product saves me valuable effort.,Neutral,0.792069,0.846116
15328,Respondent #593,Design - I easily understood how to use the product.,Strongly Disagree,0.421223,0.584808
15329,Respondent #593,Design - I had no trouble installing the product.,Agree,0.384415,0.579513
15330,Respondent #593,"Design - The product's design is unintuitive.",Agree,0.81716,0.117252
15331,Respondent #593,Quality - The product was durable.,Strongly Agree,0.003409,0.060615
15332,Respondent #593,Quality - The product was free from scratches.,Disagree,0.319508,0.722849
15333,Respondent #593,Quality - The product is deformed.,Strongly Agree,0.538816,0.684618
15334,Respondent #593,Pricing - The product is affordable.,Neutral,0.826108,0.767531
15335,Respondent #593,Pricing - The product saves me valuable time.,Strongly Agree,0.481086,0.47372
15336,Respondent #593,Pricing - The product saves me valuable effort.,Neutral,0.266324,0.196325
15337,Respondent #594,Design - I easily understood how to use the product.,Strongly Disagree,0.578716,0.716694
15338,Respondent #594,Design - I had no trouble installing the product.,Agree,0.9681,0.165021
15339,Respondent #594,"Design - The product's design is unintuitive.",Disagree,0.688603,0.979101
15340,Respondent #594,Quality - The product was durable.,Strongly Agree,0.571529,0.330542
15341,Respondent #594,Quality - The product was free from scratches.,Neutral,0.416077,0.638361
15342,Respondent #594,Quality - The product is deformed.,Disagree,0.83221,0.192011
15343,Respondent #594,Pricing - The product is affordable.,Neutral,0.754114,0.199722
15344,Respondent #594,Pricing - The product saves me valuable time.,Agree,0.816707,0.667029
15345,Respondent #594,Pricing - The product saves me valuable effort.,Disagree,0.503707,0.241113
15346,Respondent #595,Design - I easily understood how to use the product.,Agree,0.96336,0.375109
15347,Respondent #595,Design - I had no trouble installing the product.,Neutral,0.028882,0.248715
15348,Respondent #595,"Design - The product's design is unintuitive.",Strongly Disagree,0.11721,0.400514
15349,Respondent #595,Quality - The product was durable.,Strongly Agree,0.395554,0.006592
15350,Respondent #595,Quality - The product was free from scratches.,Neutral,0.906212,0.719395
15351,Respondent #595,Quality - The product is deformed.,Agree,0.889925,0.868908
15352,Respondent #595,Pricing - The product is affordable.,Disagree,0.44659,0.71964
15353,Respondent #595,Pricing - The product saves me valuable time.,Agree,0.273516,0.020174
15354,Respondent #595,Pricing - The product saves me valuable effort.,Disagree,0.104473,0.503057
15355,Respondent #596,Design - I easily understood how to use the product.,Strongly Disagree,0.753455,0.635385
15356,Respondent #596,Design - I had no trouble installing the product.,Agree,0.704827,0.233041
15357,Respondent #596,"Design - The product's design is unintuitive.",Neutral,0.501757,0.018922
15358,Respondent #596,Quality - The product was durable.,Strongly Agree,0.294226,0.578043
15359,Respondent #596,Quality - The product was free from scratches.,Disagree,0.851412,0.624047
15360,Respondent #596,Quality - The product is deformed.,Agree,0.654684,0.908732
15361,Respondent #596,Pricing - The product is affordable.,Neutral,0.416698,0.214725
15362,Respondent #596,Pricing - The product saves me valuable time.,Agree,0.165062,0.261271
15363,Respondent #596,Pricing - The product saves me valuable effort.,Disagree,0.554422,0.897217
15364,Respondent #597,Design - I easily understood how to use the product.,Strongly Disagree,0.660046,0.596389
15365,Respondent #597,Design - I had no trouble installing the product.,Neutral,0.063542,0.231319
15366,Respondent #597,"Design - The product's design is unintuitive.",Neutral,0.9377,0.51394
15367,Respondent #597,Quality - The product was durable.,Disagree,0.87603,0.215242
15368,Respondent #597,Quality - The product was free from scratches.,Disagree,0.5073,0.266436
15369,Respondent #597,Quality - The product is deformed.,Strongly Agree,0.713553,0.113805
15370,Respondent #597,Pricing - The product is affordable.,Strongly Disagree,0.77964,0.44678
15371,Respondent #597,Pricing - The product saves me valuable time.,Strongly Agree,0.950983,0.444201
15372,Respondent #597,Pricing - The product saves me valuable effort.,Strongly Disagree,0.335896,0.314339
15373,Respondent #598,Design - I easily understood how to use the product.,Neutral,0.263253,0.925333
15374,Respondent #598,Design - I had no trouble installing the product.,Strongly Agree,0.078281,0.197043
15375,Respondent #598,"Design - The product's design is unintuitive.",Strongly Disagree,0.053023,0.041726
15376,Respondent #598,Quality - The product was durable.,Neutral,0.316799,0.440748
15377,Respondent #598,Quality - The product was free from scratches.,Disagree,0.61242,0.927687
15378,Respondent #598,Quality - The product is deformed.,Disagree,0.538252,0.50664
15379,Respondent #598,Pricing - The product is affordable.,Neutral,0.952046,0.691058
15380,Respondent #598,Pricing - The product saves me valuable time.,Strongly Agree,0.299264,0.342698
15381,Respondent #598,Pricing - The product saves me valuable effort.,Neutral,0.571171,0.870675
15382,Respondent #599,Design - I easily understood how to use the product.,Strongly Disagree,0.956637,0.245558
15383,Respondent #599,Design - I had no trouble installing the product.,Strongly Agree,0.609696,0.519279
15384,Respondent #599,"Design - The product's design is unintuitive.",Neutral,0.396943,0.958462
15385,Respondent #599,Quality - The product was durable.,Neutral,0.151132,0.612409
15386,Respondent #599,Quality - The product was free from scratches.,Disagree,0.999592,0.484269
15387,Respondent #599,Quality - The product is deformed.,Disagree,0.314059,0.45664
15388,Respondent #599,Pricing - The product is affordable.,Strongly Agree,0.17834,0.419451
15389,Respondent #599,Pricing - The product saves me valuable time.,Strongly Agree,0.034001,0.374197
15390,Respondent #599,Pricing - The product saves me valuable effort.,Disagree,0.465613,0.952924
15391,Respondent #600,Design - I easily understood how to use the product.,Strongly Disagree,0.898172,0.529245
15392,Respondent #600,Design - I had no trouble installing the product.,Strongly Agree,0.161751,0.982249
15393,Respondent #600,"Design - The product's design is unintuitive.",Disagree,0.08895,0.45823
15394,Respondent #600,Quality - The product was durable.,Agree,0.506683,0.540576
15395,Respondent #600,Quality - The product was free from scratches.,Disagree,0.677797,0.230693
15396,Respondent #600,Quality - The product is deformed.,Disagree,0.804016,0.265411
15397,Respondent #600,Pricing - The product is affordable.,Disagree,0.455349,0.5819
15398,Respondent #600,Pricing - The product saves me valuable time.,Neutral,0.777638,0.76238
15399,Respondent #600,Pricing - The product saves me valuable effort.,Neutral,0.254424,0.738097
15400,Respondent #601,Design - I easily understood how to use the product.,Disagree,0.359526,0.844831
15401,Respondent #601,Design - I had no trouble installing the product.,Disagree,0.741542,0.483831
15402,Respondent #601,"Design - The product's design is unintuitive.",Neutral,0.914332,0.98315
15403,Respondent #601,Quality - The product was durable.,Agree,0.414062,0.454884
15404,Respondent #601,Quality - The product was free from scratches.,Disagree,0.010882,0.25712
15405,Respondent #601,Quality - The product is deformed.,Agree,0.763177,0.485243
15406,Respondent #601,Pricing - The product is affordable.,Disagree,0.993538,0.249893
15407,Respondent #601,Pricing - The product saves me valuable time.,Agree,0.25391,0.612677
15408,Respondent #601,Pricing - The product saves me valuable effort.,Disagree,0.513392,0.181825
15409,Respondent #602,Design - I easily understood how to use the product.,Strongly Disagree,0.543166,0.160517
15410,Respondent #602,Design - I had no trouble installing the product.,Strongly Agree,0.109868,0.72071
15411,Respondent #602,"Design - The product's design is unintuitive.",Neutral,0.698297,0.634736
15412,Respondent #602,Quality - The product was durable.,Agree,0.039357,0.211145
15413,Respondent #602,Quality - The product was free from scratches.,Disagree,0.012811,0.41621
15414,Respondent #602,Quality - The product is deformed.,Agree,0.423187,0.134486
15415,Respondent #602,Pricing - The product is affordable.,Strongly Disagree,0.927441,0.82782
15416,Respondent #602,Pricing - The product saves me valuable time.,Disagree,0.050265,0.765751
15417,Respondent #602,Pricing - The product saves me valuable effort.,Disagree,0.807698,0.458011
15418,Respondent #603,Design - I easily understood how to use the product.,Strongly Disagree,0.47058,0.080404
15419,Respondent #603,Design - I had no trouble installing the product.,Neutral,0.825774,0.559056
15420,Respondent #603,"Design - The product's design is unintuitive.",Neutral,0.661908,0.68347
15421,Respondent #603,Quality - The product was durable.,Neutral,0.25016,0.784805
15422,Respondent #603,Quality - The product was free from scratches.,Disagree,0.910922,0.870769
15423,Respondent #603,Quality - The product is deformed.,Strongly Agree,0.846331,0.942923
15424,Respondent #603,Pricing - The product is affordable.,Strongly Disagree,0.690822,0.318735
15425,Respondent #603,Pricing - The product saves me valuable time.,Neutral,0.457604,0.682813
15426,Respondent #603,Pricing - The product saves me valuable effort.,Strongly Disagree,0.665395,0.546929
15427,Respondent #604,Design - I easily understood how to use the product.,Strongly Disagree,0.760681,0.852781
15428,Respondent #604,Design - I had no trouble installing the product.,Agree,0.442864,0.217051
15429,Respondent #604,"Design - The product's design is unintuitive.",Strongly Disagree,0.954464,0.75969
15430,Respondent #604,Quality - The product was durable.,Strongly Agree,0.534354,0.109053
15431,Respondent #604,Quality - The product was free from scratches.,Neutral,0.141716,0.077533
15432,Respondent #604,Quality - The product is deformed.,Agree,0.680215,0.275204
15433,Respondent #604,Pricing - The product is affordable.,Strongly Agree,0.921892,0.729901
15434,Respondent #604,Pricing - The product saves me valuable time.,Agree,0.564145,0.398742
15435,Respondent #604,Pricing - The product saves me valuable effort.,Disagree,0.739174,0.486975
15436,Respondent #605,Design - I easily understood how to use the product.,Agree,0.856794,0.675664
15437,Respondent #605,Design - I had no trouble installing the product.,Agree,0.619276,0.012439
15438,Respondent #605,"Design - The product's design is unintuitive.",Agree,0.522796,0.448816
15439,Respondent #605,Quality - The product was durable.,Agree,0.555826,0.720198
15440,Respondent #605,Quality - The product was free from scratches.,Neutral,0.978264,0.396453
15441,Respondent #605,Quality - The product is deformed.,Agree,0.921658,0.132851
15442,Respondent #605,Pricing - The product is affordable.,Neutral,0.738283,0.149096
15443,Respondent #605,Pricing - The product saves me valuable time.,Agree,0.22485,0.496569
15444,Respondent #605,Pricing - The product saves me valuable effort.,Strongly Disagree,0.46771,0.922705
15445,Respondent #606,Design - I easily understood how to use the product.,Disagree,0.407465,0.696194
15446,Respondent #606,Design - I had no trouble installing the product.,Disagree,0.006937,0.572217
15447,Respondent #606,"Design - The product's design is unintuitive.",Neutral,0.026823,0.410846
15448,Respondent #606,Quality - The product was durable.,Strongly Agree,0.520064,0.651547
15449,Respondent #606,Quality - The product was free from scratches.,Disagree,0.247638,0.589543
15450,Respondent #606,Quality - The product is deformed.,Strongly Agree,0.773562,0.14604
15451,Respondent #606,Pricing - The product is affordable.,Disagree,0.067405,0.670877
15452,Respondent #606,Pricing - The product saves me valuable time.,Strongly Agree,0.954313,0.597164
15453,Respondent #606,Pricing - The product saves me valuable effort.,Strongly Disagree,0.16857,0.068014
15454,Respondent #607,Design - I easily understood how to use the product.,Neutral,0.238041,0.502814
15455,Respondent #607,Design - I had no trouble installing the product.,Strongly Agree,0.803548,0.256302
15456,Respondent #607,"Design - The product's design is unintuitive.",Neutral,0.258554,0.166821
15457,Respondent #607,Quality - The product was durable.,Neutral,0.050879,0.90851
15458,Respondent #607,Quality - The product was free from scratches.,Disagree,0.691717,0.696453
15459,Respondent #607,Quality - The product is deformed.,Agree,0.287653,0.364102
15460,Respondent #607,Pricing - The product is affordable.,Strongly Disagree,0.001507,0.722932
15461,Respondent #607,Pricing - The product saves me valuable time.,Agree,0.584988,0.762828
15462,Respondent #607,Pricing - The product saves me valuable effort.,Disagree,0.552385,0.089751
15463,Respondent #608,Design - I easily understood how to use the product.,Strongly Disagree,0.997096,0.010043
15464,Respondent #608,Design - I had no trouble installing the product.,Agree,0.037315,0.461341
15465,Respondent #608,"Design - The product's design is unintuitive.",Disagree,0.981062,0.826152
15466,Respondent #608,Quality - The product was durable.,Strongly Agree,0.128144,0.520486
15467,Respondent #608,Quality - The product was free from scratches.,Neutral,0.825958,0.703042
15468,Respondent #608,Quality - The product is deformed.,Strongly Agree,0.746854,0.470353
15469,Respondent #608,Pricing - The product is affordable.,Neutral,0.871291,0.744136
15470,Respondent #608,Pricing - The product saves me valuable time.,Agree,0.692349,0.603482
15471,Respondent #608,Pricing - The product saves me valuable effort.,Neutral,0.243434,0.153003
15472,Respondent #609,Design - I easily understood how to use the product.,Strongly Disagree,0.960857,0.755974
15473,Respondent #609,Design - I had no trouble installing the product.,Strongly Agree,0.909348,0.282324
15474,Respondent #609,"Design - The product's design is unintuitive.",Neutral,0.41574,0.004111
15475,Respondent #609,Quality - The product was durable.,Neutral,0.463772,0.182579
15476,Respondent #609,Quality - The product was free from scratches.,Disagree,0.364551,0.030646
15477,Respondent #609,Quality - The product is deformed.,Neutral,0.028091,0.091787
15478,Respondent #609,Pricing - The product is affordable.,Strongly Disagree,0.730043,0.856576
15479,Respondent #609,Pricing - The product saves me valuable time.,Agree,0.024784,0.360717
15480,Respondent #609,Pricing - The product saves me valuable effort.,Disagree,0.679083,0.378232
15481,Respondent #610,Design - I easily understood how to use the product.,Strongly Disagree,0.528371,0.075983
15482,Respondent #610,Design - I had no trouble installing the product.,Strongly Agree,0.823173,0.385456
15483,Respondent #610,"Design - The product's design is unintuitive.",Neutral,0.325037,0.225307
15484,Respondent #610,Quality - The product was durable.,Agree,0.949397,0.286575
15485,Respondent #610,Quality - The product was free from scratches.,Disagree,0.812968,0.642404
15486,Respondent #610,Quality - The product is deformed.,Disagree,0.939015,0.013557
15487,Respondent #610,Pricing - The product is affordable.,Disagree,0.604524,0.288596
15488,Respondent #610,Pricing - The product saves me valuable time.,Agree,0.575449,0.188652
15489,Respondent #610,Pricing - The product saves me valuable effort.,Disagree,0.623808,0.866394
15490,Respondent #611,Design - I easily understood how to use the product.,Neutral,0.557465,0.69773
15491,Respondent #611,Design - I had no trouble installing the product.,Strongly Agree,0.158322,0.107546
15492,Respondent #611,"Design - The product's design is unintuitive.",Neutral,0.325103,0.324838
15493,Respondent #611,Quality - The product was durable.,Agree,0.22894,0.685162
15494,Respondent #611,Quality - The product was free from scratches.,Disagree,0.712148,0.219556
15495,Respondent #611,Quality - The product is deformed.,Strongly Agree,0.266636,0.987857
15496,Respondent #611,Pricing - The product is affordable.,Neutral,0.01674,0.559777
15497,Respondent #611,Pricing - The product saves me valuable time.,Agree,0.240286,0.047558
15498,Respondent #611,Pricing - The product saves me valuable effort.,Disagree,0.357543,0.675957
15499,Respondent #612,Design - I easily understood how to use the product.,Strongly Agree,0.841896,0.873203
15500,Respondent #612,Design - I had no trouble installing the product.,Strongly Agree,0.966238,0.60473
15501,Respondent #612,"Design - The product's design is unintuitive.",Disagree,0.861427,0.901329
15502,Respondent #612,Quality - The product was durable.,Agree,0.857538,0.189897
15503,Respondent #612,Quality - The product was free from scratches.,Disagree,0.622302,0.202939
15504,Respondent #612,Quality - The product is deformed.,Neutral,0.024592,0.24544
15505,Respondent #612,Pricing - The product is affordable.,Disagree,0.988305,0.612619
15506,Respondent #612,Pricing - The product saves me valuable time.,Neutral,0.458034,0.171247
15507,Respondent #612,Pricing - The product saves me valuable effort.,Disagree,0.960682,0.540931
15508,Respondent #613,Design - I easily understood how to use the product.,Strongly Disagree,0.799705,0.804559
15509,Respondent #613,Design - I had no trouble installing the product.,Strongly Agree,0.071533,0.556895
15510,Respondent #613,"Design - The product's design is unintuitive.",Disagree,0.599844,0.473952
15511,Respondent #613,Quality - The product was durable.,Strongly Agree,0.961055,0.592676
15512,Respondent #613,Quality - The product was free from scratches.,Disagree,0.553739,0.232788
15513,Respondent #613,Quality - The product is deformed.,Neutral,0.294051,0.382667
15514,Respondent #613,Pricing - The product is affordable.,Agree,0.729137,0.241804
15515,Respondent #613,Pricing - The product saves me valuable time.,Agree,0.121303,0.464383
15516,Respondent #613,Pricing - The product saves me valuable effort.,Disagree,0.031958,0.201849
15517,Respondent #614,Design - I easily understood how to use the product.,Agree,0.454239,0.939032
15518,Respondent #614,Design - I had no trouble installing the product.,Agree,0.205278,0.72933
15519,Respondent #614,"Design - The product's design is unintuitive.",Neutral,0.662507,0.150945
15520,Respondent #614,Quality - The product was durable.,Agree,0.588211,0.198068
15521,Respondent #614,Quality - The product was free from scratches.,Disagree,0.445339,0.165086
15522,Respondent #614,Quality - The product is deformed.,Agree,0.430778,0.786314
15523,Respondent #614,Pricing - The product is affordable.,Disagree,0.750696,0.639696
15524,Respondent #614,Pricing - The product saves me valuable time.,Agree,0.585559,0.783365
15525,Respondent #614,Pricing - The product saves me valuable effort.,Disagree,0.663879,0.868431
15526,Respondent #615,Design - I easily understood how to use the product.,Strongly Disagree,0.159209,0.432209
15527,Respondent #615,Design - I had no trouble installing the product.,Strongly Agree,0.210802,0.620176
15528,Respondent #615,"Design - The product's design is unintuitive.",Neutral,0.984566,0.323938
15529,Respondent #615,Quality - The product was durable.,Agree,0.20758,0.890127
15530,Respondent #615,Quality - The product was free from scratches.,Disagree,0.938278,0.608234
15531,Respondent #615,Quality - The product is deformed.,Neutral,0.293839,0.525546
15532,Respondent #615,Pricing - The product is affordable.,Strongly Disagree,0.675416,0.848456
15533,Respondent #615,Pricing - The product saves me valuable time.,Agree,0.998542,0.606751
15534,Respondent #615,Pricing - The product saves me valuable effort.,Disagree,0.175501,0.67033
15535,Respondent #616,Design - I easily understood how to use the product.,Strongly Disagree,0.438638,0.878084
15536,Respondent #616,Design - I had no trouble installing the product.,Strongly Agree,0.439429,0.575862
15537,Respondent #616,"Design - The product's design is unintuitive.",Disagree,0.605911,0.697178
15538,Respondent #616,Quality - The product was durable.,Strongly Agree,0.040077,0.120015
15539,Respondent #616,Quality - The product was free from scratches.,Neutral,0.572611,0.338903
15540,Respondent #616,Quality - The product is deformed.,Disagree,0.495121,0.910206
15541,Respondent #616,Pricing - The product is affordable.,Agree,0.632069,0.182239
15542,Respondent #616,Pricing - The product saves me valuable time.,Agree,0.439255,0.594963
15543,Respondent #616,Pricing - The product saves me valuable effort.,Neutral,0.602094,0.187638
15544,Respondent #617,Design - I easily understood how to use the product.,Strongly Disagree,0.67714,0.096201
15545,Respondent #617,Design - I had no trouble installing the product.,Strongly Agree,0.91272,0.28173
15546,Respondent #617,"Design - The product's design is unintuitive.",Strongly Disagree,0.645736,0.548638
15547,Respondent #617,Quality - The product was durable.,Strongly Agree,0.498114,0.718771
15548,Respondent #617,Quality - The product was free from scratches.,Disagree,0.032341,0.528776
15549,Respondent #617,Quality - The product is deformed.,Neutral,0.649005,0.512928
15550,Respondent #617,Pricing - The product is affordable.,Strongly Disagree,0.563265,0.866116
15551,Respondent #617,Pricing - The product saves me valuable time.,Agree,0.933643,0.572145
15552,Respondent #617,Pricing - The product saves me valuable effort.,Disagree,0.784372,0.608457
15553,Respondent #618,Design - I easily understood how to use the product.,Strongly Disagree,0.09571,0.110768
15554,Respondent #618,Design - I had no trouble installing the product.,Strongly Agree,0.962083,0.693928
15555,Respondent #618,"Design - The product's design is unintuitive.",Neutral,0.512562,0.564265
15556,Respondent #618,Quality - The product was durable.,Neutral,0.995565,0.121513
15557,Respondent #618,Quality - The product was free from scratches.,Neutral,0.262154,0.472782
15558,Respondent #618,Quality - The product is deformed.,Neutral,0.134955,0.882134
15559,Respondent #618,Pricing - The product is affordable.,Strongly Agree,0.737765,0.391742
15560,Respondent #618,Pricing - The product saves me valuable time.,Strongly Agree,0.17352,0.473011
15561,Respondent #618,Pricing - The product saves me valuable effort.,Neutral,0.589203,0.266491
15562,Respondent #619,Design - I easily understood how to use the product.,Strongly Disagree,0.022334,0.311493
15563,Respondent #619,Design - I had no trouble installing the product.,Strongly Agree,0.489517,0.818361
15564,Respondent #619,"Design - The product's design is unintuitive.",Strongly Disagree,0.208946,0.009407
15565,Respondent #619,Quality - The product was durable.,Disagree,0.294825,0.168572
15566,Respondent #619,Quality - The product was free from scratches.,Disagree,0.223487,0.703519
15567,Respondent #619,Quality - The product is deformed.,Strongly Agree,0.268616,0.857999
15568,Respondent #619,Pricing - The product is affordable.,Agree,0.97889,0.974518
15569,Respondent #619,Pricing - The product saves me valuable time.,Disagree,0.294561,0.673641
15570,Respondent #619,Pricing - The product saves me valuable effort.,Disagree,0.62967,0.812718
15571,Respondent #620,Design - I easily understood how to use the product.,Strongly Disagree,0.46704,0.076871
15572,Respondent #620,Design - I had no trouble installing the product.,Strongly Agree,0.640276,0.997973
15573,Respondent #620,"Design - The product's design is unintuitive.",Disagree,0.618602,0.034617
15574,Respondent #620,Quality - The product was durable.,Strongly Agree,0.466311,0.472067
15575,Respondent #620,Quality - The product was free from scratches.,Neutral,0.839009,0.80736
15576,Respondent #620,Quality - The product is deformed.,Agree,0.472513,0.093666
15577,Respondent #620,Pricing - The product is affordable.,Agree,0.560951,0.721553
15578,Respondent #620,Pricing - The product saves me valuable time.,Neutral,0.165406,0.117795
15579,Respondent #620,Pricing - The product saves me valuable effort.,Strongly Disagree,0.461475,0.228199
15580,Respondent #621,Design - I easily understood how to use the product.,Strongly Disagree,0.716801,0.349801
15581,Respondent #621,Design - I had no trouble installing the product.,Strongly Agree,0.049789,0.511724
15582,Respondent #621,"Design - The product's design is unintuitive.",Neutral,0.341464,0.651896
15583,Respondent #621,Quality - The product was durable.,Neutral,0.827516,0.177389
15584,Respondent #621,Quality - The product was free from scratches.,Disagree,0.480403,0.604188
15585,Respondent #621,Quality - The product is deformed.,Disagree,0.626056,0.339397
15586,Respondent #621,Pricing - The product is affordable.,Neutral,0.194593,0.34742
15587,Respondent #621,Pricing - The product saves me valuable time.,Neutral,0.858924,0.849656
15588,Respondent #621,Pricing - The product saves me valuable effort.,Strongly Disagree,0.253103,0.546504
15589,Respondent #622,Design - I easily understood how to use the product.,Neutral,0.974936,0.068054
15590,Respondent #622,Design - I had no trouble installing the product.,Agree,0.309006,0.2365
15591,Respondent #622,"Design - The product's design is unintuitive.",Agree,0.222528,0.853774
15592,Respondent #622,Quality - The product was durable.,Agree,0.56488,0.330712
15593,Respondent #622,Quality - The product was free from scratches.,Disagree,0.907557,0.717767
15594,Respondent #622,Quality - The product is deformed.,Strongly Agree,0.76575,0.935367
15595,Respondent #622,Pricing - The product is affordable.,Strongly Disagree,0.37847,0.863404
15596,Respondent #622,Pricing - The product saves me valuable time.,Agree,0.783997,0.597917
15597,Respondent #622,Pricing - The product saves me valuable effort.,Disagree,0.979047,0.348216
15598,Respondent #623,Design - I easily understood how to use the product.,Strongly Disagree,0.792981,0.340835
15599,Respondent #623,Design - I had no trouble installing the product.,Strongly Agree,0.734641,0.689847
15600,Respondent #623,"Design - The product's design is unintuitive.",Disagree,0.133566,0.115982
15601,Respondent #623,Quality - The product was durable.,Strongly Agree,0.810219,0.593998
15602,Respondent #623,Quality - The product was free from scratches.,Neutral,0.981085,0.790886
15603,Respondent #623,Quality - The product is deformed.,Neutral,0.911725,0.457324
15604,Respondent #623,Pricing - The product is affordable.,Agree,0.226627,0.628515
15605,Respondent #623,Pricing - The product saves me valuable time.,Neutral,0.643798,0.807649
15606,Respondent #623,Pricing - The product saves me valuable effort.,Strongly Disagree,0.679323,0.385113
15607,Respondent #624,Design - I easily understood how to use the product.,Strongly Disagree,0.524009,0.115926
15608,Respondent #624,Design - I had no trouble installing the product.,Strongly Disagree,0.353193,0.043746
15609,Respondent #624,"Design - The product's design is unintuitive.",Neutral,0.378615,0.765023
15610,Respondent #624,Quality - The product was durable.,Strongly Agree,0.01384,0.727506
15611,Respondent #624,Quality - The product was free from scratches.,Disagree,0.157286,0.872369
15612,Respondent #624,Quality - The product is deformed.,Neutral,0.303156,0.225942
15613,Respondent #624,Pricing - The product is affordable.,Strongly Disagree,0.496887,0.167672
15614,Respondent #624,Pricing - The product saves me valuable time.,Agree,0.24126,0.750383
15615,Respondent #624,Pricing - The product saves me valuable effort.,Disagree,0.208656,0.976695
15616,Respondent #625,Design - I easily understood how to use the product.,Strongly Disagree,0.761669,0.768777
15617,Respondent #625,Design - I had no trouble installing the product.,Neutral,0.47162,0.604479
15618,Respondent #625,"Design - The product's design is unintuitive.",Agree,0.031852,0.213097
15619,Respondent #625,Quality - The product was durable.,Agree,0.596001,0.049461
15620,Respondent #625,Quality - The product was free from scratches.,Disagree,0.985544,0.214861
15621,Respondent #625,Quality - The product is deformed.,Agree,0.614226,0.681936
15622,Respondent #625,Pricing - The product is affordable.,Strongly Disagree,0.38816,0.120469
15623,Respondent #625,Pricing - The product saves me valuable time.,Strongly Agree,0.467658,0.468126
15624,Respondent #625,Pricing - The product saves me valuable effort.,Neutral,0.08294,0.208013
15625,Respondent #626,Design - I easily understood how to use the product.,Strongly Disagree,0.437977,0.604868
15626,Respondent #626,Design - I had no trouble installing the product.,Strongly Agree,0.041984,0.694205
15627,Respondent #626,"Design - The product's design is unintuitive.",Agree,0.837615,0.098273
15628,Respondent #626,Quality - The product was durable.,Neutral,0.790797,0.893609
15629,Respondent #626,Quality - The product was free from scratches.,Disagree,0.712858,0.108881
15630,Respondent #626,Quality - The product is deformed.,Strongly Agree,0.596929,0.054599
15631,Respondent #626,Pricing - The product is affordable.,Neutral,0.961938,0.868601
15632,Respondent #626,Pricing - The product saves me valuable time.,Strongly Agree,0.416787,0.621622
15633,Respondent #626,Pricing - The product saves me valuable effort.,Neutral,0.76622,0.286225
15634,Respondent #627,Design - I easily understood how to use the product.,Strongly Disagree,0.404459,0.59159
15635,Respondent #627,Design - I had no trouble installing the product.,Neutral,0.06455,0.157271
15636,Respondent #627,"Design - The product's design is unintuitive.",Neutral,0.769168,0.323053
15637,Respondent #627,Quality - The product was durable.,Neutral,0.060194,0.906914
15638,Respondent #627,Quality - The product was free from scratches.,Disagree,0.241171,0.728108
15639,Respondent #627,Quality - The product is deformed.,Neutral,0.169138,0.643472
15640,Respondent #627,Pricing - The product is affordable.,Strongly Disagree,0.013575,0.361353
15641,Respondent #627,Pricing - The product saves me valuable time.,Agree,0.106759,0.854023
15642,Respondent #627,Pricing - The product saves me valuable effort.,Disagree,0.825593,0.79561
15643,Respondent #628,Design - I easily understood how to use the product.,Strongly Disagree,0.598697,0.240822
15644,Respondent #628,Design - I had no trouble installing the product.,Strongly Agree,0.159905,0.835577
15645,Respondent #628,"Design - The product's design is unintuitive.",Disagree,0.607887,0.165057
15646,Respondent #628,Quality - The product was durable.,Strongly Agree,0.175935,0.590613
15647,Respondent #628,Quality - The product was free from scratches.,Disagree,0.269436,0.215632
15648,Respondent #628,Quality - The product is deformed.,Neutral,0.993799,0.751755
15649,Respondent #628,Pricing - The product is affordable.,Strongly Disagree,0.784065,0.123855
15650,Respondent #628,Pricing - The product saves me valuable time.,Neutral,0.210047,0.529025
15651,Respondent #628,Pricing - The product saves me valuable effort.,Strongly Disagree,0.491794,0.91851
15652,Respondent #629,Design - I easily understood how to use the product.,Disagree,0.724021,0.839988
15653,Respondent #629,Design - I had no trouble installing the product.,Strongly Agree,0.808147,0.199394
15654,Respondent #629,"Design - The product's design is unintuitive.",Neutral,0.52842,0.941167
15655,Respondent #629,Quality - The product was durable.,Agree,0.144468,0.741103
15656,Respondent #629,Quality - The product was free from scratches.,Disagree,0.572203,0.585968
15657,Respondent #629,Quality - The product is deformed.,Agree,0.012058,0.255704
15658,Respondent #629,Pricing - The product is affordable.,Disagree,0.62367,0.935248
15659,Respondent #629,Pricing - The product saves me valuable time.,Agree,0.571435,0.589367
15660,Respondent #629,Pricing - The product saves me valuable effort.,Disagree,0.82208,0.807997
15661,Respondent #630,Design - I easily understood how to use the product.,Disagree,0.942365,0.421366
15662,Respondent #630,Design - I had no trouble installing the product.,Strongly Agree,0.618566,0.01175
15663,Respondent #630,"Design - The product's design is unintuitive.",Strongly Disagree,0.038449,0.046275
15664,Respondent #630,Quality - The product was durable.,Strongly Agree,0.095768,0.953627
15665,Respondent #630,Quality - The product was free from scratches.,Disagree,0.688285,0.958987
15666,Respondent #630,Quality - The product is deformed.,Neutral,0.93174,0.814461
15667,Respondent #630,Pricing - The product is affordable.,Strongly Agree,0.161888,0.670607
15668,Respondent #630,Pricing - The product saves me valuable time.,Agree,0.229639,0.448713
15669,Respondent #630,Pricing - The product saves me valuable effort.,Disagree,0.184677,0.245637
15670,Respondent #631,Design - I easily understood how to use the product.,Strongly Disagree,0.194502,0.460222
15671,Respondent #631,Design - I had no trouble installing the product.,Agree,0.983013,0.947668
15672,Respondent #631,"Design - The product's design is unintuitive.",Disagree,0.175959,0.104694
15673,Respondent #631,Quality - The product was durable.,Agree,0.351241,0.42398
15674,Respondent #631,Quality - The product was free from scratches.,Disagree,0.621321,0.003254
15675,Respondent #631,Quality - The product is deformed.,Disagree,0.493015,0.927658
15676,Respondent #631,Pricing - The product is affordable.,Neutral,0.163836,0.876129
15677,Respondent #631,Pricing - The product saves me valuable time.,Strongly Agree,0.157535,0.060363
15678,Respondent #631,Pricing - The product saves me valuable effort.,Neutral,0.258469,0.897314
15679,Respondent #632,Design - I easily understood how to use the product.,Strongly Disagree,0.809676,0.637305
15680,Respondent #632,Design - I had no trouble installing the product.,Strongly Agree,0.657945,0.123477
15681,Respondent #632,"Design - The product's design is unintuitive.",Neutral,0.277145,0.472609
15682,Respondent #632,Quality - The product was durable.,Strongly Agree,0.617431,0.533188
15683,Respondent #632,Quality - The product was free from scratches.,Neutral,0.104751,0.807701
15684,Respondent #632,Quality - The product is deformed.,Agree,0.792508,0.831208
15685,Respondent #632,Pricing - The product is affordable.,Strongly Agree,0.832669,0.823133
15686,Respondent #632,Pricing - The product saves me valuable time.,Agree,0.751294,0.716121
15687,Respondent #632,Pricing - The product saves me valuable effort.,Neutral,0.119695,0.414843
15688,Respondent #633,Design - I easily understood how to use the product.,Strongly Disagree,0.659369,0.842042
15689,Respondent #633,Design - I had no trouble installing the product.,Strongly Agree,0.557259,0.017708
15690,Respondent #633,"Design - The product's design is unintuitive.",Agree,0.565122,0.808803
15691,Respondent #633,Quality - The product was durable.,Agree,0.590436,0.145159
15692,Respondent #633,Quality - The product was free from scratches.,Disagree,0.409849,0.008458
15693,Respondent #633,Quality - The product is deformed.,Neutral,0.463775,0.572279
15694,Respondent #633,Pricing - The product is affordable.,Strongly Disagree,0.820317,0.15993
15695,Respondent #633,Pricing - The product saves me valuable time.,Neutral,0.870254,0.04743
15696,Respondent #633,Pricing - The product saves me valuable effort.,Disagree,0.264387,0.555142
15697,Respondent #634,Design - I easily understood how to use the product.,Strongly Disagree,0.517087,0.94772
15698,Respondent #634,Design - I had no trouble installing the product.,Strongly Agree,0.548826,0.569155
15699,Respondent #634,"Design - The product's design is unintuitive.",Disagree,0.466983,0.456284
15700,Respondent #634,Quality - The product was durable.,Strongly Agree,0.436534,0.511358
15701,Respondent #634,Quality - The product was free from scratches.,Neutral,0.795302,0.867005
15702,Respondent #634,Quality - The product is deformed.,Strongly Agree,0.664997,0.342151
15703,Respondent #634,Pricing - The product is affordable.,Disagree,0.664346,0.435582
15704,Respondent #634,Pricing - The product saves me valuable time.,Agree,0.121385,0.838156
15705,Respondent #634,Pricing - The product saves me valuable effort.,Disagree,0.765753,0.993324
15706,Respondent #635,Design - I easily understood how to use the product.,Neutral,0.015359,0.22871
15707,Respondent #635,Design - I had no trouble installing the product.,Neutral,0.168601,0.437443
15708,Respondent #635,"Design - The product's design is unintuitive.",Neutral,0.611012,0.558206
15709,Respondent #635,Quality - The product was durable.,Agree,0.813845,0.192431
15710,Respondent #635,Quality - The product was free from scratches.,Disagree,0.284964,0.757624
15711,Respondent #635,Quality - The product is deformed.,Agree,0.487674,0.694818
15712,Respondent #635,Pricing - The product is affordable.,Strongly Disagree,0.736489,0.524604
15713,Respondent #635,Pricing - The product saves me valuable time.,Agree,0.212322,0.877996
15714,Respondent #635,Pricing - The product saves me valuable effort.,Strongly Disagree,0.796071,0.826002
15715,Respondent #636,Design - I easily understood how to use the product.,Strongly Disagree,0.326184,0.414519
15716,Respondent #636,Design - I had no trouble installing the product.,Strongly Agree,0.607761,0.769779
15717,Respondent #636,"Design - The product's design is unintuitive.",Neutral,0.673189,0.956725
15718,Respondent #636,Quality - The product was durable.,Agree,0.802071,0.615714
15719,Respondent #636,Quality - The product was free from scratches.,Disagree,0.906151,0.986082
15720,Respondent #636,Quality - The product is deformed.,Strongly Agree,0.308208,0.073536
15721,Respondent #636,Pricing - The product is affordable.,Strongly Disagree,0.963425,0.498554
15722,Respondent #636,Pricing - The product saves me valuable time.,Neutral,0.141566,0.533294
15723,Respondent #636,Pricing - The product saves me valuable effort.,Strongly Disagree,0.468312,0.302376
15724,Respondent #637,Design - I easily understood how to use the product.,Strongly Disagree,0.071966,0.460871
15725,Respondent #637,Design - I had no trouble installing the product.,Strongly Agree,0.601429,0.944784
15726,Respondent #637,"Design - The product's design is unintuitive.",Neutral,0.506575,0.281551
15727,Respondent #637,Quality - The product was durable.,Agree,0.803259,0.635814
15728,Respondent #637,Quality - The product was free from scratches.,Strongly Disagree,0.886239,0.226443
15729,Respondent #637,Quality - The product is deformed.,Neutral,0.324237,0.415413
15730,Respondent #637,Pricing - The product is affordable.,Disagree,0.630291,0.955432
15731,Respondent #637,Pricing - The product saves me valuable time.,Neutral,0.079967,0.666684
15732,Respondent #637,Pricing - The product saves me valuable effort.,Strongly Disagree,0.158951,0.080435
15733,Respondent #638,Design - I easily understood how to use the product.,Strongly Disagree,0.402355,0.64491
15734,Respondent #638,Design - I had no trouble installing the product.,Disagree,0.010185,0.983733
15735,Respondent #638,"Design - The product's design is unintuitive.",Agree,0.566701,0.374046
15736,Respondent #638,Quality - The product was durable.,Strongly Agree,0.960232,0.032405
15737,Respondent #638,Quality - The product was free from scratches.,Disagree,0.618463,0.12456
15738,Respondent #638,Quality - The product is deformed.,Neutral,0.495798,0.958653
15739,Respondent #638,Pricing - The product is affordable.,Neutral,0.5322,0.600934
15740,Respondent #638,Pricing - The product saves me valuable time.,Agree,0.62338,0.539368
15741,Respondent #638,Pricing - The product saves me valuable effort.,Strongly Disagree,0.727635,0.272617
15742,Respondent #639,Design - I easily understood how to use the product.,Agree,0.81161,0.226382
15743,Respondent #639,Design - I had no trouble installing the product.,Neutral,0.775149,0.041116
15744,Respondent #639,"Design - The product's design is unintuitive.",Disagree,0.568407,0.135419
15745,Respondent #639,Quality - The product was durable.,Strongly Agree,0.809362,0.284206
15746,Respondent #639,Quality - The product was free from scratches.,Neutral,0.002854,0.085459
15747,Respondent #639,Quality - The product is deformed.,Neutral,0.437969,0.214563
15748,Respondent #639,Pricing - The product is affordable.,Neutral,0.35703,0.23114
15749,Respondent #639,Pricing - The product saves me valuable time.,Agree,0.649451,0.597989
15750,Respondent #639,Pricing - The product saves me valuable effort.,Disagree,0.294778,0.376943
15751,Respondent #640,Design - I easily understood how to use the product.,Strongly Disagree,0.606626,0.23749
15752,Respondent #640,Design - I had no trouble installing the product.,Strongly Disagree,0.70078,0.385468
15753,Respondent #640,"Design - The product's design is unintuitive.",Disagree,0.017221,0.596459
15754,Respondent #640,Quality - The product was durable.,Neutral,0.826531,0.760663
15755,Respondent #640,Quality - The product was free from scratches.,Disagree,0.884083,0.337998
15756,Respondent #640,Quality - The product is deformed.,Neutral,0.426485,0.352282
15757,Respondent #640,Pricing - The product is affordable.,Strongly Disagree,0.332806,0.850276
15758,Respondent #640,Pricing - The product saves me valuable time.,Agree,0.918854,0.061301
15759,Respondent #640,Pricing - The product saves me valuable effort.,Disagree,0.357028,0.098467
15760,Respondent #641,Design - I easily understood how to use the product.,Agree,0.386985,0.460201
15761,Respondent #641,Design - I had no trouble installing the product.,Disagree,0.852674,0.346895
15762,Respondent #641,"Design - The product's design is unintuitive.",Disagree,0.564184,0.326591
15763,Respondent #641,Quality - The product was durable.,Neutral,0.405607,0.367337
15764,Respondent #641,Quality - The product was free from scratches.,Disagree,0.371101,0.731707
15765,Respondent #641,Quality - The product is deformed.,Neutral,0.658691,0.534038
15766,Respondent #641,Pricing - The product is affordable.,Strongly Disagree,0.462877,0.962586
15767,Respondent #641,Pricing - The product saves me valuable time.,Agree,0.745152,0.367488
15768,Respondent #641,Pricing - The product saves me valuable effort.,Strongly Disagree,0.960023,0.028079
15769,Respondent #642,Design - I easily understood how to use the product.,Strongly Disagree,0.128954,0.768065
15770,Respondent #642,Design - I had no trouble installing the product.,Strongly Agree,0.22697,0.653013
15771,Respondent #642,"Design - The product's design is unintuitive.",Strongly Disagree,0.633189,0.438309
15772,Respondent #642,Quality - The product was durable.,Strongly Agree,0.190748,0.046742
15773,Respondent #642,Quality - The product was free from scratches.,Disagree,0.360411,0.771687
15774,Respondent #642,Quality - The product is deformed.,Neutral,0.776642,0.864403
15775,Respondent #642,Pricing - The product is affordable.,Neutral,0.818023,0.291165
15776,Respondent #642,Pricing - The product saves me valuable time.,Strongly Agree,0.704323,0.951038
15777,Respondent #642,Pricing - The product saves me valuable effort.,Neutral,0.858684,0.477052
15778,Respondent #643,Design - I easily understood how to use the product.,Strongly Disagree,0.062652,0.000506
15779,Respondent #643,Design - I had no trouble installing the product.,Agree,0.076523,0.569255
15780,Respondent #643,"Design - The product's design is unintuitive.",Neutral,0.859615,0.2605
15781,Respondent #643,Quality - The product was durable.,Strongly Agree,0.153857,0.617922
15782,Respondent #643,Quality - The product was free from scratches.,Disagree,0.443187,0.814558
15783,Respondent #643,Quality - The product is deformed.,Agree,0.502515,0.162916
15784,Respondent #643,Pricing - The product is affordable.,Strongly Agree,0.89127,0.378368
15785,Respondent #643,Pricing - The product saves me valuable time.,Strongly Agree,0.627741,0.565015
15786,Respondent #643,Pricing - The product saves me valuable effort.,Strongly Disagree,0.198475,0.41785
15787,Respondent #644,Design - I easily understood how to use the product.,Strongly Disagree,0.10793,0.01092
15788,Respondent #644,Design - I had no trouble installing the product.,Strongly Agree,0.703278,0.408172
15789,Respondent #644,"Design - The product's design is unintuitive.",Agree,0.268378,0.907982
15790,Respondent #644,Quality - The product was durable.,Agree,0.915397,0.578047
15791,Respondent #644,Quality - The product was free from scratches.,Strongly Disagree,0.919153,0.389609
15792,Respondent #644,Quality - The product is deformed.,Agree,0.531145,0.605009
15793,Respondent #644,Pricing - The product is affordable.,Strongly Disagree,0.933633,0.999845
15794,Respondent #644,Pricing - The product saves me valuable time.,Disagree,0.928187,0.806083
15795,Respondent #644,Pricing - The product saves me valuable effort.,Strongly Disagree,0.541655,0.221202
15796,Respondent #645,Design - I easily understood how to use the product.,Strongly Disagree,0.841533,0.280814
15797,Respondent #645,Design - I had no trouble installing the product.,Agree,0.740825,0.636154
15798,Respondent #645,"Design - The product's design is unintuitive.",Disagree,0.386336,0.253097
15799,Respondent #645,Quality - The product was durable.,Strongly Agree,0.813615,0.544193
15800,Respondent #645,Quality - The product was free from scratches.,Neutral,0.874489,0.345225
15801,Respondent #645,Quality - The product is deformed.,Agree,0.794062,0.50127
15802,Respondent #645,Pricing - The product is affordable.,Agree,0.747319,0.647075
15803,Respondent #645,Pricing - The product saves me valuable time.,Neutral,0.006458,0.478997
15804,Respondent #645,Pricing - The product saves me valuable effort.,Strongly Disagree,0.217818,0.02366
15805,Respondent #646,Design - I easily understood how to use the product.,Agree,0.728034,0.583087
15806,Respondent #646,Design - I had no trouble installing the product.,Agree,0.350747,0.500866
15807,Respondent #646,"Design - The product's design is unintuitive.",Neutral,0.622547,0.622113
15808,Respondent #646,Quality - The product was durable.,Agree,0.072618,0.902101
15809,Respondent #646,Quality - The product was free from scratches.,Neutral,0.345882,0.522406
15810,Respondent #646,Quality - The product is deformed.,Agree,0.464338,0.609707
15811,Respondent #646,Pricing - The product is affordable.,Agree,0.405862,0.994794
15812,Respondent #646,Pricing - The product saves me valuable time.,Agree,0.57685,0.022209
15813,Respondent #646,Pricing - The product saves me valuable effort.,Strongly Disagree,0.050338,0.475803
15814,Respondent #647,Design - I easily understood how to use the product.,Strongly Disagree,0.4291,0.51619
15815,Respondent #647,Design - I had no trouble installing the product.,Agree,0.550305,0.561871
15816,Respondent #647,"Design - The product's design is unintuitive.",Agree,0.013491,0.19823
15817,Respondent #647,Quality - The product was durable.,Strongly Agree,0.378932,0.178389
15818,Respondent #647,Quality - The product was free from scratches.,Disagree,0.356777,0.559933
15819,Respondent #647,Quality - The product is deformed.,Agree,0.975225,0.446495
15820,Respondent #647,Pricing - The product is affordable.,Neutral,0.703486,0.658928
15821,Respondent #647,Pricing - The product saves me valuable time.,Neutral,0.165035,0.440141
15822,Respondent #647,Pricing - The product saves me valuable effort.,Disagree,0.895519,0.33015
15823,Respondent #648,Design - I easily understood how to use the product.,Disagree,0.51363,0.139104
15824,Respondent #648,Design - I had no trouble installing the product.,Strongly Agree,0.711453,0.247887
15825,Respondent #648,"Design - The product's design is unintuitive.",Neutral,0.884221,0.635601
15826,Respondent #648,Quality - The product was durable.,Neutral,0.741804,0.367213
15827,Respondent #648,Quality - The product was free from scratches.,Disagree,0.373087,0.114661
15828,Respondent #648,Quality - The product is deformed.,Disagree,0.646319,0.359097
15829,Respondent #648,Pricing - The product is affordable.,Strongly Disagree,0.891762,0.561577
15830,Respondent #648,Pricing - The product saves me valuable time.,Strongly Agree,0.462943,0.914567
15831,Respondent #648,Pricing - The product saves me valuable effort.,Disagree,0.131147,0.682589
15832,Respondent #649,Design - I easily understood how to use the product.,Strongly Disagree,0.943328,0.91339
15833,Respondent #649,Design - I had no trouble installing the product.,Strongly Disagree,0.639576,0.870773
15834,Respondent #649,"Design - The product's design is unintuitive.",Disagree,0.715782,0.401189
15835,Respondent #649,Quality - The product was durable.,Agree,0.800803,0.993503
15836,Respondent #649,Quality - The product was free from scratches.,Disagree,0.875637,0.073085
15837,Respondent #649,Quality - The product is deformed.,Agree,0.141059,0.514803
15838,Respondent #649,Pricing - The product is affordable.,Agree,0.648498,0.031017
15839,Respondent #649,Pricing - The product saves me valuable time.,Neutral,0.677424,0.444636
15840,Respondent #649,Pricing - The product saves me valuable effort.,Strongly Disagree,0.789861,0.585611
15841,Respondent #650,Design - I easily understood how to use the product.,Strongly Disagree,0.583031,0.140581
15842,Respondent #650,Design - I had no trouble installing the product.,Agree,0.445919,0.305104
15843,Respondent #650,"Design - The product's design is unintuitive.",Neutral,0.149351,0.188946
15844,Respondent #650,Quality - The product was durable.,Agree,0.544161,0.589926
15845,Respondent #650,Quality - The product was free from scratches.,Neutral,0.008524,0.979795
15846,Respondent #650,Quality - The product is deformed.,Agree,0.131689,0.195064
15847,Respondent #650,Pricing - The product is affordable.,Disagree,0.120266,0.800797
15848,Respondent #650,Pricing - The product saves me valuable time.,Agree,0.468822,0.157685
15849,Respondent #650,Pricing - The product saves me valuable effort.,Disagree,0.524954,0.548014
15850,Respondent #651,Design - I easily understood how to use the product.,Neutral,0.101593,0.114598
15851,Respondent #651,Design - I had no trouble installing the product.,Agree,0.563572,0.496342
15852,Respondent #651,"Design - The product's design is unintuitive.",Strongly Disagree,0.653986,0.609224
15853,Respondent #651,Quality - The product was durable.,Neutral,0.022154,0.141796
15854,Respondent #651,Quality - The product was free from scratches.,Strongly Disagree,0.435039,0.74918
15855,Respondent #651,Quality - The product is deformed.,Strongly Disagree,0.965399,0.997441
15856,Respondent #651,Pricing - The product is affordable.,Strongly Disagree,0.576632,0.368209
15857,Respondent #651,Pricing - The product saves me valuable time.,Agree,0.022809,0.084814
15858,Respondent #651,Pricing - The product saves me valuable effort.,Neutral,0.721048,0.635655
15859,Respondent #652,Design - I easily understood how to use the product.,Strongly Disagree,0.378029,0.144698
15860,Respondent #652,Design - I had no trouble installing the product.,Agree,0.527325,0.422287
15861,Respondent #652,"Design - The product's design is unintuitive.",Strongly Disagree,0.693515,0.373604
15862,Respondent #652,Quality - The product was durable.,Agree,0.752047,0.537061
15863,Respondent #652,Quality - The product was free from scratches.,Disagree,0.990725,0.461622
15864,Respondent #652,Quality - The product is deformed.,Strongly Agree,0.345136,0.32639
15865,Respondent #652,Pricing - The product is affordable.,Strongly Disagree,0.224208,0.947206
15866,Respondent #652,Pricing - The product saves me valuable time.,Disagree,0.453485,0.346292
15867,Respondent #652,Pricing - The product saves me valuable effort.,Disagree,0.223789,0.69204
15868,Respondent #653,Design - I easily understood how to use the product.,Strongly Disagree,0.06916,0.120428
15869,Respondent #653,Design - I had no trouble installing the product.,Neutral,0.663781,0.473087
15870,Respondent #653,"Design - The product's design is unintuitive.",Agree,0.46553,0.482183
15871,Respondent #653,Quality - The product was durable.,Agree,0.081474,0.921236
15872,Respondent #653,Quality - The product was free from scratches.,Disagree,0.800103,0.533196
15873,Respondent #653,Quality - The product is deformed.,Disagree,0.213042,0.745746
15874,Respondent #653,Pricing - The product is affordable.,Strongly Disagree,0.72844,0.329137
15875,Respondent #653,Pricing - The product saves me valuable time.,Agree,0.072905,0.377224
15876,Respondent #653,Pricing - The product saves me valuable effort.,Disagree,0.997429,0.900228
15877,Respondent #654,Design - I easily understood how to use the product.,Strongly Disagree,0.58973,0.291152
15878,Respondent #654,Design - I had no trouble installing the product.,Strongly Agree,0.919095,0.31056
15879,Respondent #654,"Design - The product's design is unintuitive.",Neutral,0.364703,0.576232
15880,Respondent #654,Quality - The product was durable.,Agree,0.199997,0.143185
15881,Respondent #654,Quality - The product was free from scratches.,Neutral,0.307088,0.040679
15882,Respondent #654,Quality - The product is deformed.,Agree,0.904543,0.015004
15883,Respondent #654,Pricing - The product is affordable.,Strongly Disagree,0.880132,0.863197
15884,Respondent #654,Pricing - The product saves me valuable time.,Neutral,0.940731,0.876523
15885,Respondent #654,Pricing - The product saves me valuable effort.,Disagree,0.350242,0.417498
15886,Respondent #655,Design - I easily understood how to use the product.,Strongly Disagree,0.663587,0.652265
15887,Respondent #655,Design - I had no trouble installing the product.,Agree,0.422925,0.742727
15888,Respondent #655,"Design - The product's design is unintuitive.",Neutral,0.511882,0.917054
15889,Respondent #655,Quality - The product was durable.,Neutral,0.221038,0.667713
15890,Respondent #655,Quality - The product was free from scratches.,Disagree,0.855869,0.353245
15891,Respondent #655,Quality - The product is deformed.,Neutral,0.335632,0.210397
15892,Respondent #655,Pricing - The product is affordable.,Strongly Agree,0.359209,0.585859
15893,Respondent #655,Pricing - The product saves me valuable time.,Neutral,0.753116,0.816317
15894,Respondent #655,Pricing - The product saves me valuable effort.,Strongly Disagree,0.717691,0.536523
15895,Respondent #656,Design - I easily understood how to use the product.,Strongly Disagree,0.435894,0.532025
15896,Respondent #656,Design - I had no trouble installing the product.,Agree,0.736551,0.887247
15897,Respondent #656,"Design - The product's design is unintuitive.",Strongly Disagree,0.151158,0.161969
15898,Respondent #656,Quality - The product was durable.,Neutral,0.591316,0.423423
15899,Respondent #656,Quality - The product was free from scratches.,Disagree,0.33942,0.689131
15900,Respondent #656,Quality - The product is deformed.,Disagree,0.367357,0.411422
15901,Respondent #656,Pricing - The product is affordable.,Disagree,0.115267,0.336956
15902,Respondent #656,Pricing - The product saves me valuable time.,Neutral,0.162895,0.352732
15903,Respondent #656,Pricing - The product saves me valuable effort.,Disagree,0.719797,0.976852
15904,Respondent #657,Design - I easily understood how to use the product.,Strongly Disagree,0.458521,0.051182
15905,Respondent #657,Design - I had no trouble installing the product.,Strongly Agree,0.386471,0.322591
15906,Respondent #657,"Design - The product's design is unintuitive.",Strongly Disagree,0.330585,0.806916
15907,Respondent #657,Quality - The product was durable.,Strongly Agree,0.790295,0.82918
15908,Respondent #657,Quality - The product was free from scratches.,Disagree,0.9816,0.439822
15909,Respondent #657,Quality - The product is deformed.,Agree,0.758331,0.779641
15910,Respondent #657,Pricing - The product is affordable.,Neutral,0.169931,0.22948
15911,Respondent #657,Pricing - The product saves me valuable time.,Neutral,0.875087,0.433745
15912,Respondent #657,Pricing - The product saves me valuable effort.,Strongly Disagree,0.890433,0.383043
15913,Respondent #658,Design - I easily understood how to use the product.,Strongly Disagree,0.590562,0.9614
15914,Respondent #658,Design - I had no trouble installing the product.,Strongly Agree,0.367747,0.642982
15915,Respondent #658,"Design - The product's design is unintuitive.",Strongly Disagree,0.10111,0.429365
15916,Respondent #658,Quality - The product was durable.,Agree,0.192834,0.550513
15917,Respondent #658,Quality - The product was free from scratches.,Disagree,0.991185,0.079689
15918,Respondent #658,Quality - The product is deformed.,Disagree,0.594315,0.420002
15919,Respondent #658,Pricing - The product is affordable.,Disagree,0.577676,0.948995
15920,Respondent #658,Pricing - The product saves me valuable time.,Neutral,0.78196,0.240506
15921,Respondent #658,Pricing - The product saves me valuable effort.,Disagree,0.96743,0.928573
15922,Respondent #659,Design - I easily understood how to use the product.,Strongly Disagree,0.509851,0.296752
15923,Respondent #659,Design - I had no trouble installing the product.,Disagree,0.64528,0.890113
15924,Respondent #659,"Design - The product's design is unintuitive.",Neutral,0.866879,0.107157
15925,Respondent #659,Quality - The product was durable.,Strongly Agree,0.312932,0.530867
15926,Respondent #659,Quality - The product was free from scratches.,Disagree,0.751282,0.853062
15927,Respondent #659,Quality - The product is deformed.,Neutral,0.832945,0.39072
15928,Respondent #659,Pricing - The product is affordable.,Strongly Disagree,0.192416,0.988438
15929,Respondent #659,Pricing - The product saves me valuable time.,Agree,0.506576,0.551301
15930,Respondent #659,Pricing - The product saves me valuable effort.,Disagree,0.546051,0.407269
15931,Respondent #660,Design - I easily understood how to use the product.,Strongly Agree,0.220135,0.994817
15932,Respondent #660,Design - I had no trouble installing the product.,Agree,0.821955,0.318113
15933,Respondent #660,"Design - The product's design is unintuitive.",Neutral,0.546484,0.430447
15934,Respondent #660,Quality - The product was durable.,Strongly Agree,0.315292,0.633184
15935,Respondent #660,Quality - The product was free from scratches.,Disagree,0.451598,0.908626
15936,Respondent #660,Quality - The product is deformed.,Disagree,0.635992,0.676883
15937,Respondent #660,Pricing - The product is affordable.,Disagree,0.122817,0.599643
15938,Respondent #660,Pricing - The product saves me valuable time.,Agree,0.711566,0.561494
15939,Respondent #660,Pricing - The product saves me valuable effort.,Strongly Disagree,0.800851,0.819428
15940,Respondent #661,Design - I easily understood how to use the product.,Strongly Agree,0.031442,0.280706
15941,Respondent #661,Design - I had no trouble installing the product.,Strongly Agree,0.568606,0.047034
15942,Respondent #661,"Design - The product's design is unintuitive.",Strongly Disagree,0.159479,0.216311
15943,Respondent #661,Quality - The product was durable.,Agree,0.774751,0.444287
15944,Respondent #661,Quality - The product was free from scratches.,Neutral,0.303643,0.760357
15945,Respondent #661,Quality - The product is deformed.,Neutral,0.282464,0.774744
15946,Respondent #661,Pricing - The product is affordable.,Agree,0.689907,0.770966
15947,Respondent #661,Pricing - The product saves me valuable time.,Agree,0.033167,0.067128
15948,Respondent #661,Pricing - The product saves me valuable effort.,Neutral,0.024606,0.649063
15949,Respondent #662,Design - I easily understood how to use the product.,Strongly Disagree,0.303631,0.689562
15950,Respondent #662,Design - I had no trouble installing the product.,Strongly Agree,0.191479,0.028135
15951,Respondent #662,"Design - The product's design is unintuitive.",Disagree,0.714183,0.683726
15952,Respondent #662,Quality - The product was durable.,Neutral,0.038317,0.556865
15953,Respondent #662,Quality - The product was free from scratches.,Neutral,0.869448,0.696356
15954,Respondent #662,Quality - The product is deformed.,Strongly Disagree,0.943781,0.233685
15955,Respondent #662,Pricing - The product is affordable.,Strongly Disagree,0.398452,0.203457
15956,Respondent #662,Pricing - The product saves me valuable time.,Agree,0.781535,0.627777
15957,Respondent #662,Pricing - The product saves me valuable effort.,Disagree,0.384038,0.574541
15958,Respondent #663,Design - I easily understood how to use the product.,Strongly Disagree,0.561306,0.18646
15959,Respondent #663,Design - I had no trouble installing the product.,Agree,0.996987,0.290467
15960,Respondent #663,"Design - The product's design is unintuitive.",Disagree,0.57201,0.61464
15961,Respondent #663,Quality - The product was durable.,Strongly Agree,0.215892,0.179405
15962,Respondent #663,Quality - The product was free from scratches.,Disagree,0.180972,0.229872
15963,Respondent #663,Quality - The product is deformed.,Neutral,0.515876,0.595232
15964,Respondent #663,Pricing - The product is affordable.,Strongly Disagree,0.457374,0.384797
15965,Respondent #663,Pricing - The product saves me valuable time.,Strongly Agree,0.298488,0.314339
15966,Respondent #663,Pricing - The product saves me valuable effort.,Disagree,0.297836,0.508106
15967,Respondent #664,Design - I easily understood how to use the product.,Agree,0.960113,0.301415
15968,Respondent #664,Design - I had no trouble installing the product.,Strongly Agree,0.798393,0.894515
15969,Respondent #664,"Design - The product's design is unintuitive.",Disagree,0.519218,0.755772
15970,Respondent #664,Quality - The product was durable.,Strongly Agree,0.727132,0.552178
15971,Respondent #664,Quality - The product was free from scratches.,Disagree,0.154335,0.000737
15972,Respondent #664,Quality - The product is deformed.,Agree,0.036235,0.364971
15973,Respondent #664,Pricing - The product is affordable.,Disagree,0.69598,0.567319
15974,Respondent #664,Pricing - The product saves me valuable time.,Disagree,0.53787,0.895604
15975,Respondent #664,Pricing - The product saves me valuable effort.,Disagree,0.984312,0.20851
15976,Respondent #665,Design - I easily understood how to use the product.,Strongly Disagree,0.943499,0.413043
15977,Respondent #665,Design - I had no trouble installing the product.,Strongly Agree,0.099494,0.117696
15978,Respondent #665,"Design - The product's design is unintuitive.",Agree,0.397724,0.731868
15979,Respondent #665,Quality - The product was durable.,Strongly Agree,0.705481,0.011028
15980,Respondent #665,Quality - The product was free from scratches.,Disagree,0.604449,0.950689
15981,Respondent #665,Quality - The product is deformed.,Strongly Agree,0.102148,0.840694
15982,Respondent #665,Pricing - The product is affordable.,Strongly Agree,0.679312,0.933008
15983,Respondent #665,Pricing - The product saves me valuable time.,Agree,0.386358,0.235337
15984,Respondent #665,Pricing - The product saves me valuable effort.,Strongly Disagree,0.360756,0.546638
15985,Respondent #666,Design - I easily understood how to use the product.,Strongly Disagree,0.402619,0.848884
15986,Respondent #666,Design - I had no trouble installing the product.,Strongly Agree,0.319619,0.462809
15987,Respondent #666,"Design - The product's design is unintuitive.",Neutral,0.600093,0.934037
15988,Respondent #666,Quality - The product was durable.,Agree,0.74434,0.716805
15989,Respondent #666,Quality - The product was free from scratches.,Disagree,0.424811,0.951545
15990,Respondent #666,Quality - The product is deformed.,Strongly Agree,0.096572,0.838587
15991,Respondent #666,Pricing - The product is affordable.,Strongly Disagree,0.198999,0.210194
15992,Respondent #666,Pricing - The product saves me valuable time.,Neutral,0.478594,0.953658
15993,Respondent #666,Pricing - The product saves me valuable effort.,Disagree,0.57321,0.726101
15994,Respondent #667,Design - I easily understood how to use the product.,Strongly Disagree,0.949461,0.445799
15995,Respondent #667,Design - I had no trouble installing the product.,Neutral,0.995446,0.257261
15996,Respondent #667,"Design - The product's design is unintuitive.",Neutral,0.382864,0.650571
15997,Respondent #667,Quality - The product was durable.,Neutral,0.51733,0.933266
15998,Respondent #667,Quality - The product was free from scratches.,Disagree,0.627329,0.387123
15999,Respondent #667,Quality - The product is deformed.,Disagree,0.733525,0.158874
16000,Respondent #667,Pricing - The product is affordable.,Disagree,0.029622,0.119832
16001,Respondent #667,Pricing - The product saves me valuable time.,Agree,0.791167,0.561559
16002,Respondent #667,Pricing - The product saves me valuable effort.,Disagree,0.545905,0.716357
16003,Respondent #668,Design - I easily understood how to use the product.,Strongly Disagree,0.564506,0.891532
16004,Respondent #668,Design - I had no trouble installing the product.,Strongly Agree,0.195808,0.121795
16005,Respondent #668,"Design - The product's design is unintuitive.",Disagree,0.715764,0.683773
16006,Respondent #668,Quality - The product was durable.,Agree,0.528776,0.129727
16007,Respondent #668,Quality - The product was free from scratches.,Disagree,0.226035,0.561858
16008,Respondent #668,Quality - The product is deformed.,Neutral,0.433641,0.026028
16009,Respondent #668,Pricing - The product is affordable.,Disagree,0.091841,0.217633
16010,Respondent #668,Pricing - The product saves me valuable time.,Agree,0.152079,0.762169
16011,Respondent #668,Pricing - The product saves me valuable effort.,Strongly Disagree,0.899377,0.096442
16012,Respondent #669,Design - I easily understood how to use the product.,Strongly Agree,0.455364,0.096049
16013,Respondent #669,Design - I had no trouble installing the product.,Strongly Agree,0.681245,0.086221
16014,Respondent #669,"Design - The product's design is unintuitive.",Agree,0.294212,0.293722
16015,Respondent #669,Quality - The product was durable.,Strongly Agree,0.944291,0.571048
16016,Respondent #669,Quality - The product was free from scratches.,Disagree,0.072555,0.697624
16017,Respondent #669,Quality - The product is deformed.,Agree,0.167762,0.742232
16018,Respondent #669,Pricing - The product is affordable.,Disagree,0.058391,0.249917
16019,Respondent #669,Pricing - The product saves me valuable time.,Neutral,0.262531,0.070161
16020,Respondent #669,Pricing - The product saves me valuable effort.,Strongly Disagree,0.030423,0.845636
16021,Respondent #670,Design - I easily understood how to use the product.,Strongly Disagree,0.223477,0.589999
16022,Respondent #670,Design - I had no trouble installing the product.,Strongly Agree,0.570728,0.375119
16023,Respondent #670,"Design - The product's design is unintuitive.",Disagree,0.549244,0.179631
16024,Respondent #670,Quality - The product was durable.,Agree,0.527418,0.772501
16025,Respondent #670,Quality - The product was free from scratches.,Neutral,0.670412,0.210916
16026,Respondent #670,Quality - The product is deformed.,Neutral,0.955828,0.477703
16027,Respondent #670,Pricing - The product is affordable.,Agree,0.365677,0.667487
16028,Respondent #670,Pricing - The product saves me valuable time.,Agree,0.162759,0.459606
16029,Respondent #670,Pricing - The product saves me valuable effort.,Disagree,0.703969,0.897715
16030,Respondent #671,Design - I easily understood how to use the product.,Disagree,0.48414,0.82331
16031,Respondent #671,Design - I had no trouble installing the product.,Strongly Agree,0.568081,0.478673
16032,Respondent #671,"Design - The product's design is unintuitive.",Strongly Disagree,0.158713,0.557695
16033,Respondent #671,Quality - The product was durable.,Neutral,0.750793,0.460521
16034,Respondent #671,Quality - The product was free from scratches.,Disagree,0.34082,0.258388
16035,Respondent #671,Quality - The product is deformed.,Strongly Agree,0.618785,0.86017
16036,Respondent #671,Pricing - The product is affordable.,Disagree,0.970377,0.504422
16037,Respondent #671,Pricing - The product saves me valuable time.,Neutral,0.284965,0.317751
16038,Respondent #671,Pricing - The product saves me valuable effort.,Disagree,0.900295,0.345384
16039,Respondent #672,Design - I easily understood how to use the product.,Strongly Disagree,0.032701,0.966395
16040,Respondent #672,Design - I had no trouble installing the product.,Neutral,0.809705,0.167288
16041,Respondent #672,"Design - The product's design is unintuitive.",Disagree,0.993809,0.797199
16042,Respondent #672,Quality - The product was durable.,Strongly Agree,0.824095,0.743565
16043,Respondent #672,Quality - The product was free from scratches.,Disagree,0.67408,0.703806
16044,Respondent #672,Quality - The product is deformed.,Neutral,0.192093,0.331536
16045,Respondent #672,Pricing - The product is affordable.,Strongly Disagree,0.906784,0.312412
16046,Respondent #672,Pricing - The product saves me valuable time.,Disagree,0.90123,0.891483
16047,Respondent #672,Pricing - The product saves me valuable effort.,Disagree,0.089515,0.276639
16048,Respondent #673,Design - I easily understood how to use the product.,Neutral,0.990444,0.037811
16049,Respondent #673,Design - I had no trouble installing the product.,Agree,0.052489,0.237097
16050,Respondent #673,"Design - The product's design is unintuitive.",Agree,0.058703,0.441699
16051,Respondent #673,Quality - The product was durable.,Strongly Agree,0.090605,0.414588
16052,Respondent #673,Quality - The product was free from scratches.,Disagree,0.050161,0.211279
16053,Respondent #673,Quality - The product is deformed.,Neutral,0.485024,0.604679
16054,Respondent #673,Pricing - The product is affordable.,Strongly Disagree,0.556508,0.225971
16055,Respondent #673,Pricing - The product saves me valuable time.,Neutral,0.515276,0.149303
16056,Respondent #673,Pricing - The product saves me valuable effort.,Strongly Disagree,0.66026,0.452798
16057,Respondent #674,Design - I easily understood how to use the product.,Strongly Disagree,0.241566,0.528963
16058,Respondent #674,Design - I had no trouble installing the product.,Strongly Agree,0.50799,0.81287
16059,Respondent #674,"Design - The product's design is unintuitive.",Strongly Disagree,0.729592,0.831938
16060,Respondent #674,Quality - The product was durable.,Strongly Agree,0.251936,0.254365
16061,Respondent #674,Quality - The product was free from scratches.,Neutral,0.543596,0.80417
16062,Respondent #674,Quality - The product is deformed.,Disagree,0.822217,0.364928
16063,Respondent #674,Pricing - The product is affordable.,Disagree,0.953006,0.189993
16064,Respondent #674,Pricing - The product saves me valuable time.,Neutral,0.923713,0.638603
16065,Respondent #674,Pricing - The product saves me valuable effort.,Disagree,0.325517,0.891759
16066,Respondent #675,Design - I easily understood how to use the product.,Strongly Disagree,0.340389,0.207667
16067,Respondent #675,Design - I had no trouble installing the product.,Agree,0.84967,0.156957
16068,Respondent #675,"Design - The product's design is unintuitive.",Strongly Disagree,0.517836,0.835587
16069,Respondent #675,Quality - The product was durable.,Neutral,0.318008,0.796724
16070,Respondent #675,Quality - The product was free from scratches.,Disagree,0.632569,0.035001
16071,Respondent #675,Quality - The product is deformed.,Neutral,0.443351,0.483948
16072,Respondent #675,Pricing - The product is affordable.,Strongly Agree,0.2302,0.656594
16073,Respondent #675,Pricing - The product saves me valuable time.,Neutral,0.214617,0.523394
16074,Respondent #675,Pricing - The product saves me valuable effort.,Disagree,0.220407,0.453194
16075,Respondent #676,Design - I easily understood how to use the product.,Agree,0.787913,0.471977
16076,Respondent #676,Design - I had no trouble installing the product.,Neutral,0.210232,0.768458
16077,Respondent #676,"Design - The product's design is unintuitive.",Neutral,0.915416,0.679027
16078,Respondent #676,Quality - The product was durable.,Agree,0.205207,0.689541
16079,Respondent #676,Quality - The product was free from scratches.,Disagree,0.632827,0.300011
16080,Respondent #676,Quality - The product is deformed.,Strongly Agree,0.259995,0.99223
16081,Respondent #676,Pricing - The product is affordable.,Disagree,0.338245,0.314113
16082,Respondent #676,Pricing - The product saves me valuable time.,Agree,0.604359,0.546707
16083,Respondent #676,Pricing - The product saves me valuable effort.,Neutral,0.627907,0.687547
16084,Respondent #677,Design - I easily understood how to use the product.,Disagree,0.756249,0.265954
16085,Respondent #677,Design - I had no trouble installing the product.,Strongly Agree,0.218444,0.963725
16086,Respondent #677,"Design - The product's design is unintuitive.",Disagree,0.253771,0.93858
16087,Respondent #677,Quality - The product was durable.,Agree,0.687218,0.904699
16088,Respondent #677,Quality - The product was free from scratches.,Neutral,0.567807,0.854594
16089,Respondent #677,Quality - The product is deformed.,Neutral,0.117245,0.809847
16090,Respondent #677,Pricing - The product is affordable.,Strongly Disagree,0.763066,0.242867
16091,Respondent #677,Pricing - The product saves me valuable time.,Agree,0.377318,0.911312
16092,Respondent #677,Pricing - The product saves me valuable effort.,Disagree,0.302468,0.847964
16093,Respondent #678,Design - I easily understood how to use the product.,Disagree,0.121509,0.652745
16094,Respondent #678,Design - I had no trouble installing the product.,Agree,0.925163,0.712881
16095,Respondent #678,"Design - The product's design is unintuitive.",Disagree,0.744052,0.917794
16096,Respondent #678,Quality - The product was durable.,Neutral,0.07917,0.263244
16097,Respondent #678,Quality - The product was free from scratches.,Neutral,0.577557,0.266335
16098,Respondent #678,Quality - The product is deformed.,Disagree,0.901603,0.554412
16099,Respondent #678,Pricing - The product is affordable.,Strongly Disagree,0.610673,0.546632
16100,Respondent #678,Pricing - The product saves me valuable time.,Neutral,0.029401,0.741863
16101,Respondent #678,Pricing - The product saves me valuable effort.,Disagree,0.456515,0.391296
16102,Respondent #679,Design - I easily understood how to use the product.,Strongly Disagree,0.365489,0.704085
16103,Respondent #679,Design - I had no trouble installing the product.,Agree,0.423998,0.981219
16104,Respondent #679,"Design - The product's design is unintuitive.",Neutral,0.557729,0.888584
16105,Respondent #679,Quality - The product was durable.,Strongly Agree,0.4859,0.860731
16106,Respondent #679,Quality - The product was free from scratches.,Disagree,0.835074,0.819277
16107,Respondent #679,Quality - The product is deformed.,Neutral,0.670313,0.443084
16108,Respondent #679,Pricing - The product is affordable.,Disagree,0.57578,0.129033
16109,Respondent #679,Pricing - The product saves me valuable time.,Neutral,0.15396,0.715621
16110,Respondent #679,Pricing - The product saves me valuable effort.,Disagree,0.631765,0.98571
16111,Respondent #680,Design - I easily understood how to use the product.,Strongly Disagree,0.980538,0.860093
16112,Respondent #680,Design - I had no trouble installing the product.,Neutral,0.960758,0.685559
16113,Respondent #680,"Design - The product's design is unintuitive.",Agree,0.467544,0.039061
16114,Respondent #680,Quality - The product was durable.,Strongly Agree,0.069842,0.931839
16115,Respondent #680,Quality - The product was free from scratches.,Disagree,0.958688,0.884123
16116,Respondent #680,Quality - The product is deformed.,Neutral,0.519785,0.405947
16117,Respondent #680,Pricing - The product is affordable.,Neutral,0.205563,0.964356
16118,Respondent #680,Pricing - The product saves me valuable time.,Neutral,0.877553,0.482701
16119,Respondent #680,Pricing - The product saves me valuable effort.,Strongly Disagree,0.624423,0.361961
16120,Respondent #681,Design - I easily understood how to use the product.,Strongly Disagree,0.639437,0.590599
16121,Respondent #681,Design - I had no trouble installing the product.,Agree,0.848724,0.130272
16122,Respondent #681,"Design - The product's design is unintuitive.",Strongly Disagree,0.48777,0.159053
16123,Respondent #681,Quality - The product was durable.,Disagree,0.951878,0.260428
16124,Respondent #681,Quality - The product was free from scratches.,Disagree,0.739441,0.196128
16125,Respondent #681,Quality - The product is deformed.,Neutral,0.898512,0.045268
16126,Respondent #681,Pricing - The product is affordable.,Strongly Disagree,0.716897,0.676414
16127,Respondent #681,Pricing - The product saves me valuable time.,Neutral,0.769016,0.658265
16128,Respondent #681,Pricing - The product saves me valuable effort.,Strongly Disagree,0.488754,0.68639
16129,Respondent #682,Design - I easily understood how to use the product.,Strongly Disagree,0.518066,0.420861
16130,Respondent #682,Design - I had no trouble installing the product.,Neutral,0.484232,0.324424
16131,Respondent #682,"Design - The product's design is unintuitive.",Disagree,0.326794,0.414921
16132,Respondent #682,Quality - The product was durable.,Strongly Agree,0.745391,0.546491
16133,Respondent #682,Quality - The product was free from scratches.,Disagree,0.847103,0.140091
16134,Respondent #682,Quality - The product is deformed.,Neutral,0.493282,0.467426
16135,Respondent #682,Pricing - The product is affordable.,Strongly Disagree,0.031023,0.278346
16136,Respondent #682,Pricing - The product saves me valuable time.,Neutral,0.980736,0.80298
16137,Respondent #682,Pricing - The product saves me valuable effort.,Strongly Disagree,0.381403,0.81013
16138,Respondent #683,Design - I easily understood how to use the product.,Strongly Disagree,0.125197,0.746547
16139,Respondent #683,Design - I had no trouble installing the product.,Neutral,0.852209,0.121182
16140,Respondent #683,"Design - The product's design is unintuitive.",Disagree,0.540065,0.74983
16141,Respondent #683,Quality - The product was durable.,Agree,0.351349,0.472501
16142,Respondent #683,Quality - The product was free from scratches.,Disagree,0.843005,0.609685
16143,Respondent #683,Quality - The product is deformed.,Neutral,0.587354,0.400057
16144,Respondent #683,Pricing - The product is affordable.,Disagree,0.020283,0.755175
16145,Respondent #683,Pricing - The product saves me valuable time.,Agree,0.846504,0.241844
16146,Respondent #683,Pricing - The product saves me valuable effort.,Disagree,0.794784,0.759874
16147,Respondent #684,Design - I easily understood how to use the product.,Neutral,0.684231,0.941926
16148,Respondent #684,Design - I had no trouble installing the product.,Strongly Agree,0.079872,0.96703
16149,Respondent #684,"Design - The product's design is unintuitive.",Neutral,0.762058,0.032268
16150,Respondent #684,Quality - The product was durable.,Agree,0.379493,0.255267
16151,Respondent #684,Quality - The product was free from scratches.,Disagree,0.782207,0.519882
16152,Respondent #684,Quality - The product is deformed.,Strongly Agree,0.255408,0.9742
16153,Respondent #684,Pricing - The product is affordable.,Disagree,0.764211,0.210802
16154,Respondent #684,Pricing - The product saves me valuable time.,Neutral,0.105063,0.910103
16155,Respondent #684,Pricing - The product saves me valuable effort.,Strongly Disagree,0.917496,0.162195
16156,Respondent #685,Design - I easily understood how to use the product.,Strongly Disagree,0.100106,0.093988
16157,Respondent #685,Design - I had no trouble installing the product.,Neutral,0.499301,0.30984
16158,Respondent #685,"Design - The product's design is unintuitive.",Strongly Disagree,0.393497,0.075374
16159,Respondent #685,Quality - The product was durable.,Agree,0.348707,0.237552
16160,Respondent #685,Quality - The product was free from scratches.,Neutral,0.820197,0.160668
16161,Respondent #685,Quality - The product is deformed.,Disagree,0.344753,0.534276
16162,Respondent #685,Pricing - The product is affordable.,Neutral,0.548468,0.954151
16163,Respondent #685,Pricing - The product saves me valuable time.,Neutral,0.016655,0.0128
16164,Respondent #685,Pricing - The product saves me valuable effort.,Disagree,0.198038,0.770617
16165,Respondent #686,Design - I easily understood how to use the product.,Strongly Disagree,0.691324,0.093466
16166,Respondent #686,Design - I had no trouble installing the product.,Agree,0.921989,0.958273
16167,Respondent #686,"Design - The product's design is unintuitive.",Agree,0.810882,0.561613
16168,Respondent #686,Quality - The product was durable.,Agree,0.28459,0.512021
16169,Respondent #686,Quality - The product was free from scratches.,Disagree,0.585407,0.929179
16170,Respondent #686,Quality - The product is deformed.,Agree,0.840574,0.056523
16171,Respondent #686,Pricing - The product is affordable.,Strongly Disagree,0.929591,0.575262
16172,Respondent #686,Pricing - The product saves me valuable time.,Neutral,0.891239,0.956797
16173,Respondent #686,Pricing - The product saves me valuable effort.,Disagree,0.79892,0.2901
16174,Respondent #687,Design - I easily understood how to use the product.,Disagree,0.392977,0.981808
16175,Respondent #687,Design - I had no trouble installing the product.,Neutral,0.655796,0.95717
16176,Respondent #687,"Design - The product's design is unintuitive.",Disagree,0.683094,0.402091
16177,Respondent #687,Quality - The product was durable.,Strongly Agree,0.160272,0.928572
16178,Respondent #687,Quality - The product was free from scratches.,Disagree,0.520395,0.67696
16179,Respondent #687,Quality - The product is deformed.,Disagree,0.9015,0.083818
16180,Respondent #687,Pricing - The product is affordable.,Strongly Agree,0.916292,0.566745
16181,Respondent #687,Pricing - The product saves me valuable time.,Neutral,0.500532,0.303825
16182,Respondent #687,Pricing - The product saves me valuable effort.,Disagree,0.353545,0.664451
16183,Respondent #688,Design - I easily understood how to use the product.,Disagree,0.927423,0.369002
16184,Respondent #688,Design - I had no trouble installing the product.,Agree,0.006677,0.226663
16185,Respondent #688,"Design - The product's design is unintuitive.",Disagree,0.986144,0.259439
16186,Respondent #688,Quality - The product was durable.,Agree,0.266847,0.764705
16187,Respondent #688,Quality - The product was free from scratches.,Disagree,0.523401,0.9058
16188,Respondent #688,Quality - The product is deformed.,Neutral,0.219105,0.598915
16189,Respondent #688,Pricing - The product is affordable.,Neutral,0.322512,0.072099
16190,Respondent #688,Pricing - The product saves me valuable time.,Neutral,0.605013,0.852748
16191,Respondent #688,Pricing - The product saves me valuable effort.,Strongly Disagree,0.491016,0.609452
16192,Respondent #689,Design - I easily understood how to use the product.,Strongly Disagree,0.446704,0.128153
16193,Respondent #689,Design - I had no trouble installing the product.,Strongly Agree,0.457332,0.996326
16194,Respondent #689,"Design - The product's design is unintuitive.",Neutral,0.330471,0.670084
16195,Respondent #689,Quality - The product was durable.,Agree,0.592041,0.81311
16196,Respondent #689,Quality - The product was free from scratches.,Disagree,0.791838,0.678389
16197,Respondent #689,Quality - The product is deformed.,Agree,0.180023,0.506185
16198,Respondent #689,Pricing - The product is affordable.,Strongly Disagree,0.87431,0.011514
16199,Respondent #689,Pricing - The product saves me valuable time.,Neutral,0.061489,0.942697
16200,Respondent #689,Pricing - The product saves me valuable effort.,Neutral,0.295875,0.68206
16201,Respondent #690,Design - I easily understood how to use the product.,Strongly Disagree,0.759712,0.464916
16202,Respondent #690,Design - I had no trouble installing the product.,Neutral,0.882721,0.081022
16203,Respondent #690,"Design - The product's design is unintuitive.",Agree,0.097836,0.778965
16204,Respondent #690,Quality - The product was durable.,Neutral,0.297203,0.404176
16205,Respondent #690,Quality - The product was free from scratches.,Disagree,0.847283,0.368301
16206,Respondent #690,Quality - The product is deformed.,Agree,0.210809,0.683934
16207,Respondent #690,Pricing - The product is affordable.,Disagree,0.229068,0.917763
16208,Respondent #690,Pricing - The product saves me valuable time.,Agree,0.303585,0.043502
16209,Respondent #690,Pricing - The product saves me valuable effort.,Strongly Disagree,0.867601,0.18548
16210,Respondent #691,Design - I easily understood how to use the product.,Strongly Disagree,0.498959,0.081158
16211,Respondent #691,Design - I had no trouble installing the product.,Agree,0.495049,0.411571
16212,Respondent #691,"Design - The product's design is unintuitive.",Agree,0.779433,0.550213
16213,Respondent #691,Quality - The product was durable.,Agree,0.481145,0.59342
16214,Respondent #691,Quality - The product was free from scratches.,Disagree,0.709253,0.665481
16215,Respondent #691,Quality - The product is deformed.,Neutral,0.502388,0.122331
16216,Respondent #691,Pricing - The product is affordable.,Strongly Disagree,0.592425,0.319374
16217,Respondent #691,Pricing - The product saves me valuable time.,Neutral,0.566644,0.436613
16218,Respondent #691,Pricing - The product saves me valuable effort.,Disagree,0.978345,0.806041
16219,Respondent #692,Design - I easily understood how to use the product.,Strongly Disagree,0.565348,0.555568
16220,Respondent #692,Design - I had no trouble installing the product.,Strongly Agree,0.258986,0.286694
16221,Respondent #692,"Design - The product's design is unintuitive.",Strongly Disagree,0.396225,0.139058
16222,Respondent #692,Quality - The product was durable.,Agree,0.840699,0.928158
16223,Respondent #692,Quality - The product was free from scratches.,Disagree,0.318156,0.365675
16224,Respondent #692,Quality - The product is deformed.,Agree,0.451823,0.51267
16225,Respondent #692,Pricing - The product is affordable.,Neutral,0.756886,0.429759
16226,Respondent #692,Pricing - The product saves me valuable time.,Strongly Agree,0.464071,0.746906
16227,Respondent #692,Pricing - The product saves me valuable effort.,Disagree,0.685984,0.940586
16228,Respondent #693,Design - I easily understood how to use the product.,Neutral,0.227955,0.853699
16229,Respondent #693,Design - I had no trouble installing the product.,Strongly Agree,0.906512,0.803308
16230,Respondent #693,"Design - The product's design is unintuitive.",Neutral,0.323777,0.629825
16231,Respondent #693,Quality - The product was durable.,Strongly Agree,0.249892,0.220448
16232,Respondent #693,Quality - The product was free from scratches.,Disagree,0.801041,0.883634
16233,Respondent #693,Quality - The product is deformed.,Neutral,0.80828,0.718441
16234,Respondent #693,Pricing - The product is affordable.,Strongly Agree,0.409863,0.577871
16235,Respondent #693,Pricing - The product saves me valuable time.,Neutral,0.156134,0.015587
16236,Respondent #693,Pricing - The product saves me valuable effort.,Strongly Disagree,0.563753,0.764394
16237,Respondent #694,Design - I easily understood how to use the product.,Strongly Disagree,0.973157,0.637129
16238,Respondent #694,Design - I had no trouble installing the product.,Strongly Agree,0.603406,0.636672
16239,Respondent #694,"Design - The product's design is unintuitive.",Agree,0.704416,0.028066
16240,Respondent #694,Quality - The product was durable.,Agree,0.006927,0.371102
16241,Respondent #694,Quality - The product was free from scratches.,Neutral,0.899987,0.179922
16242,Respondent #694,Quality - The product is deformed.,Agree,0.341711,0.971228
16243,Respondent #694,Pricing - The product is affordable.,Neutral,0.673224,0.27503
16244,Respondent #694,Pricing - The product saves me valuable time.,Agree,0.013196,0.357239
16245,Respondent #694,Pricing - The product saves me valuable effort.,Disagree,0.963227,0.291444
16246,Respondent #695,Design - I easily understood how to use the product.,Disagree,0.602361,0.388825
16247,Respondent #695,Design - I had no trouble installing the product.,Agree,0.788929,0.30672
16248,Respondent #695,"Design - The product's design is unintuitive.",Agree,0.231602,0.537442
16249,Respondent #695,Quality - The product was durable.,Strongly Agree,0.732084,0.87419
16250,Respondent #695,Quality - The product was free from scratches.,Disagree,0.22144,0.447434
16251,Respondent #695,Quality - The product is deformed.,Agree,0.027983,0.569203
16252,Respondent #695,Pricing - The product is affordable.,Neutral,0.509835,0.838764
16253,Respondent #695,Pricing - The product saves me valuable time.,Neutral,0.529227,0.840208
16254,Respondent #695,Pricing - The product saves me valuable effort.,Disagree,0.601785,0.599609
16255,Respondent #696,Design - I easily understood how to use the product.,Strongly Disagree,0.416,0.954323
16256,Respondent #696,Design - I had no trouble installing the product.,Strongly Agree,0.133067,0.921131
16257,Respondent #696,"Design - The product's design is unintuitive.",Neutral,0.027784,0.039513
16258,Respondent #696,Quality - The product was durable.,Agree,0.485276,0.677194
16259,Respondent #696,Quality - The product was free from scratches.,Disagree,0.531449,0.774898
16260,Respondent #696,Quality - The product is deformed.,Agree,0.422083,0.991277
16261,Respondent #696,Pricing - The product is affordable.,Agree,0.386316,0.003817
16262,Respondent #696,Pricing - The product saves me valuable time.,Agree,0.854749,0.256621
16263,Respondent #696,Pricing - The product saves me valuable effort.,Disagree,0.95067,0.13979
16264,Respondent #697,Design - I easily understood how to use the product.,Strongly Disagree,0.552031,0.283284
16265,Respondent #697,Design - I had no trouble installing the product.,Strongly Agree,0.139636,0.351141
16266,Respondent #697,"Design - The product's design is unintuitive.",Neutral,0.605312,0.966257
16267,Respondent #697,Quality - The product was durable.,Strongly Agree,0.306032,0.813496
16268,Respondent #697,Quality - The product was free from scratches.,Disagree,0.384104,0.530245
16269,Respondent #697,Quality - The product is deformed.,Disagree,0.720478,0.625
16270,Respondent #697,Pricing - The product is affordable.,Strongly Agree,0.153352,0.607656
16271,Respondent #697,Pricing - The product saves me valuable time.,Agree,0.193819,0.97234
16272,Respondent #697,Pricing - The product saves me valuable effort.,Disagree,0.412802,0.615192
16273,Respondent #698,Design - I easily understood how to use the product.,Neutral,0.793898,0.394365
16274,Respondent #698,Design - I had no trouble installing the product.,Strongly Agree,0.733495,0.031564
16275,Respondent #698,"Design - The product's design is unintuitive.",Neutral,0.03214,0.288141
16276,Respondent #698,Quality - The product was durable.,Agree,0.825603,0.576958
16277,Respondent #698,Quality - The product was free from scratches.,Neutral,0.236818,0.519757
16278,Respondent #698,Quality - The product is deformed.,Agree,0.975354,0.560943
16279,Respondent #698,Pricing - The product is affordable.,Strongly Disagree,0.977013,0.333945
16280,Respondent #698,Pricing - The product saves me valuable time.,Strongly Agree,0.790736,0.38471
16281,Respondent #698,Pricing - The product saves me valuable effort.,Strongly Disagree,0.676247,0.018805
16282,Respondent #699,Design - I easily understood how to use the product.,Strongly Disagree,0.8165,0.946255
16283,Respondent #699,Design - I had no trouble installing the product.,Strongly Agree,0.828985,0.821527
16284,Respondent #699,"Design - The product's design is unintuitive.",Neutral,0.883165,0.058116
16285,Respondent #699,Quality - The product was durable.,Strongly Disagree,0.264817,0.527323
16286,Respondent #699,Quality - The product was free from scratches.,Neutral,0.904784,0.13652
16287,Respondent #699,Quality - The product is deformed.,Agree,0.898272,0.030489
16288,Respondent #699,Pricing - The product is affordable.,Neutral,0.933034,0.082859
16289,Respondent #699,Pricing - The product saves me valuable time.,Strongly Agree,0.78791,0.117291
16290,Respondent #699,Pricing - The product saves me valuable effort.,Strongly Disagree,0.398485,0.503293
16291,Respondent #700,Design - I easily understood how to use the product.,Strongly Disagree,0.554853,0.205657
16292,Respondent #700,Design - I had no trouble installing the product.,Neutral,0.033638,0.226618
16293,Respondent #700,"Design - The product's design is unintuitive.",Strongly Disagree,0.218992,0.649187
16294,Respondent #700,Quality - The product was durable.,Neutral,0.90946,0.729437
16295,Respondent #700,Quality - The product was free from scratches.,Strongly Disagree,0.94777,0.979906
16296,Respondent #700,Quality - The product is deformed.,Neutral,0.071879,0.987388
16297,Respondent #700,Pricing - The product is affordable.,Strongly Agree,0.958869,0.475507
16298,Respondent #700,Pricing - The product saves me valuable time.,Agree,0.164538,0.807051
16299,Respondent #700,Pricing - The product saves me valuable effort.,Disagree,0.623815,0.259743
16300,Respondent #701,Design - I easily understood how to use the product.,Agree,0.971179,0.346785
16301,Respondent #701,Design - I had no trouble installing the product.,Strongly Agree,0.524271,0.664753
16302,Respondent #701,"Design - The product's design is unintuitive.",Disagree,0.466967,0.159832
16303,Respondent #701,Quality - The product was durable.,Agree,0.607416,0.795561
16304,Respondent #701,Quality - The product was free from scratches.,Disagree,0.088511,0.257109
16305,Respondent #701,Quality - The product is deformed.,Neutral,0.330731,0.373495
16306,Respondent #701,Pricing - The product is affordable.,Strongly Disagree,0.328177,0.682732
16307,Respondent #701,Pricing - The product saves me valuable time.,Strongly Agree,0.970102,0.62967
16308,Respondent #701,Pricing - The product saves me valuable effort.,Neutral,0.056863,0.664877
16309,Respondent #702,Design - I easily understood how to use the product.,Strongly Agree,0.534576,0.891942
16310,Respondent #702,Design - I had no trouble installing the product.,Strongly Agree,0.273341,0.368244
16311,Respondent #702,"Design - The product's design is unintuitive.",Agree,0.126526,0.752776
16312,Respondent #702,Quality - The product was durable.,Agree,0.584704,0.571256
16313,Respondent #702,Quality - The product was free from scratches.,Disagree,0.450939,0.42074
16314,Respondent #702,Quality - The product is deformed.,Neutral,0.920547,0.970167
16315,Respondent #702,Pricing - The product is affordable.,Agree,0.750166,0.378744
16316,Respondent #702,Pricing - The product saves me valuable time.,Neutral,0.215339,0.607305
16317,Respondent #702,Pricing - The product saves me valuable effort.,Disagree,0.182681,0.749988
16318,Respondent #703,Design - I easily understood how to use the product.,Strongly Disagree,0.884712,0.178463
16319,Respondent #703,Design - I had no trouble installing the product.,Agree,0.600632,0.334064
16320,Respondent #703,"Design - The product's design is unintuitive.",Agree,0.089024,0.346451
16321,Respondent #703,Quality - The product was durable.,Strongly Agree,0.548691,0.396945
16322,Respondent #703,Quality - The product was free from scratches.,Disagree,0.872202,0.150703
16323,Respondent #703,Quality - The product is deformed.,Agree,0.842169,0.060961
16324,Respondent #703,Pricing - The product is affordable.,Disagree,0.095812,0.626642
16325,Respondent #703,Pricing - The product saves me valuable time.,Agree,0.4362,0.806338
16326,Respondent #703,Pricing - The product saves me valuable effort.,Neutral,0.742206,0.475672
16327,Respondent #704,Design - I easily understood how to use the product.,Strongly Disagree,0.844191,0.372079
16328,Respondent #704,Design - I had no trouble installing the product.,Strongly Agree,0.750787,0.596737
16329,Respondent #704,"Design - The product's design is unintuitive.",Agree,0.112217,0.18594
16330,Respondent #704,Quality - The product was durable.,Agree,0.534135,0.68706
16331,Respondent #704,Quality - The product was free from scratches.,Disagree,0.012606,0.968957
16332,Respondent #704,Quality - The product is deformed.,Strongly Agree,0.842241,0.423977
16333,Respondent #704,Pricing - The product is affordable.,Disagree,0.122521,0.131714
16334,Respondent #704,Pricing - The product saves me valuable time.,Agree,0.065222,0.703101
16335,Respondent #704,Pricing - The product saves me valuable effort.,Disagree,0.032333,0.677547
16336,Respondent #705,Design - I easily understood how to use the product.,Strongly Disagree,0.500354,0.679457
16337,Respondent #705,Design - I had no trouble installing the product.,Strongly Agree,0.425833,0.582695
16338,Respondent #705,"Design - The product's design is unintuitive.",Disagree,0.119711,0.202199
16339,Respondent #705,Quality - The product was durable.,Agree,0.852233,0.314437
16340,Respondent #705,Quality - The product was free from scratches.,Neutral,0.767763,0.656436
16341,Respondent #705,Quality - The product is deformed.,Strongly Agree,0.575263,0.796514
16342,Respondent #705,Pricing - The product is affordable.,Strongly Disagree,0.600194,0.750047
16343,Respondent #705,Pricing - The product saves me valuable time.,Agree,0.786724,0.298756
16344,Respondent #705,Pricing - The product saves me valuable effort.,Strongly Disagree,0.821469,0.780129
16345,Respondent #706,Design - I easily understood how to use the product.,Disagree,0.156904,0.76048
16346,Respondent #706,Design - I had no trouble installing the product.,Agree,0.402731,0.578066
16347,Respondent #706,"Design - The product's design is unintuitive.",Neutral,0.001943,0.305459
16348,Respondent #706,Quality - The product was durable.,Neutral,0.905127,0.827385
16349,Respondent #706,Quality - The product was free from scratches.,Disagree,0.787109,0.29432
16350,Respondent #706,Quality - The product is deformed.,Agree,0.911085,0.894034
16351,Respondent #706,Pricing - The product is affordable.,Disagree,0.392241,0.700334
16352,Respondent #706,Pricing - The product saves me valuable time.,Agree,0.105449,0.186065
16353,Respondent #706,Pricing - The product saves me valuable effort.,Disagree,0.184155,0.921763
16354,Respondent #707,Design - I easily understood how to use the product.,Strongly Disagree,0.163603,0.176571
16355,Respondent #707,Design - I had no trouble installing the product.,Strongly Agree,0.550383,0.231365
16356,Respondent #707,"Design - The product's design is unintuitive.",Neutral,0.517641,0.88572
16357,Respondent #707,Quality - The product was durable.,Disagree,0.547641,0.280686
16358,Respondent #707,Quality - The product was free from scratches.,Neutral,0.316085,0.303526
16359,Respondent #707,Quality - The product is deformed.,Disagree,0.605096,0.566795
16360,Respondent #707,Pricing - The product is affordable.,Strongly Disagree,0.782649,0.863986
16361,Respondent #707,Pricing - The product saves me valuable time.,Neutral,0.706159,0.05526
16362,Respondent #707,Pricing - The product saves me valuable effort.,Strongly Disagree,0.564896,0.05264
16363,Respondent #708,Design - I easily understood how to use the product.,Strongly Disagree,0.71913,0.287103
16364,Respondent #708,Design - I had no trouble installing the product.,Strongly Agree,0.560743,0.906451
16365,Respondent #708,"Design - The product's design is unintuitive.",Disagree,0.935329,0.434086
16366,Respondent #708,Quality - The product was durable.,Neutral,0.161707,0.989854
16367,Respondent #708,Quality - The product was free from scratches.,Strongly Disagree,0.776644,0.741228
16368,Respondent #708,Quality - The product is deformed.,Neutral,0.566994,0.976948
16369,Respondent #708,Pricing - The product is affordable.,Strongly Disagree,0.517603,0.485273
16370,Respondent #708,Pricing - The product saves me valuable time.,Strongly Agree,0.040017,0.40077
16371,Respondent #708,Pricing - The product saves me valuable effort.,Strongly Disagree,0.868655,0.47948
16372,Respondent #709,Design - I easily understood how to use the product.,Strongly Disagree,0.038623,0.437779
16373,Respondent #709,Design - I had no trouble installing the product.,Strongly Agree,0.152369,0.049353
16374,Respondent #709,"Design - The product's design is unintuitive.",Disagree,0.369179,0.899839
16375,Respondent #709,Quality - The product was durable.,Agree,0.23432,0.917616
16376,Respondent #709,Quality - The product was free from scratches.,Disagree,0.899728,0.420499
16377,Respondent #709,Quality - The product is deformed.,Strongly Agree,0.953616,0.389063
16378,Respondent #709,Pricing - The product is affordable.,Strongly Disagree,0.608522,0.880221
16379,Respondent #709,Pricing - The product saves me valuable time.,Agree,0.923082,0.743259
16380,Respondent #709,Pricing - The product saves me valuable effort.,Disagree,0.041748,0.903171
16381,Respondent #710,Design - I easily understood how to use the product.,Strongly Disagree,0.633537,0.195803
16382,Respondent #710,Design - I had no trouble installing the product.,Strongly Agree,0.773313,0.249106
16383,Respondent #710,"Design - The product's design is unintuitive.",Disagree,0.55419,0.100347
16384,Respondent #710,Quality - The product was durable.,Neutral,0.202695,0.498881
16385,Respondent #710,Quality - The product was free from scratches.,Neutral,0.230967,0.653452
16386,Respondent #710,Quality - The product is deformed.,Agree,0.291835,0.088558
16387,Respondent #710,Pricing - The product is affordable.,Strongly Disagree,0.575649,0.043301
16388,Respondent #710,Pricing - The product saves me valuable time.,Agree,0.332169,0.783355
16389,Respondent #710,Pricing - The product saves me valuable effort.,Strongly Disagree,0.22059,0.634735
16390,Respondent #711,Design - I easily understood how to use the product.,Strongly Disagree,0.024721,0.925557
16391,Respondent #711,Design - I had no trouble installing the product.,Strongly Agree,0.975518,0.761908
16392,Respondent #711,"Design - The product's design is unintuitive.",Disagree,0.284614,0.31543
16393,Respondent #711,Quality - The product was durable.,Agree,0.428026,0.333016
16394,Respondent #711,Quality - The product was free from scratches.,Disagree,0.741318,0.110746
16395,Respondent #711,Quality - The product is deformed.,Agree,0.138499,0.864442
16396,Respondent #711,Pricing - The product is affordable.,Strongly Disagree,0.395311,0.840953
16397,Respondent #711,Pricing - The product saves me valuable time.,Agree,0.648626,0.331783
16398,Respondent #711,Pricing - The product saves me valuable effort.,Disagree,0.038914,0.637902
16399,Respondent #712,Design - I easily understood how to use the product.,Neutral,0.024695,0.692484
16400,Respondent #712,Design - I had no trouble installing the product.,Agree,0.780048,0.10978
16401,Respondent #712,"Design - The product's design is unintuitive.",Neutral,0.26505,0.82038
16402,Respondent #712,Quality - The product was durable.,Agree,0.265754,0.052029
16403,Respondent #712,Quality - The product was free from scratches.,Disagree,0.438493,0.662362
16404,Respondent #712,Quality - The product is deformed.,Strongly Agree,0.858874,0.970478
16405,Respondent #712,Pricing - The product is affordable.,Strongly Disagree,0.330729,0.588336
16406,Respondent #712,Pricing - The product saves me valuable time.,Agree,0.103767,0.040987
16407,Respondent #712,Pricing - The product saves me valuable effort.,Strongly Disagree,0.032797,0.700833
16408,Respondent #713,Design - I easily understood how to use the product.,Strongly Disagree,0.409193,0.04702
16409,Respondent #713,Design - I had no trouble installing the product.,Neutral,0.119536,0.957004
16410,Respondent #713,"Design - The product's design is unintuitive.",Strongly Disagree,0.636049,0.985182
16411,Respondent #713,Quality - The product was durable.,Agree,0.957717,0.260356
16412,Respondent #713,Quality - The product was free from scratches.,Neutral,0.033487,0.346309
16413,Respondent #713,Quality - The product is deformed.,Agree,0.372506,0.361769
16414,Respondent #713,Pricing - The product is affordable.,Strongly Disagree,0.897145,0.534323
16415,Respondent #713,Pricing - The product saves me valuable time.,Neutral,0.750552,0.270705
16416,Respondent #713,Pricing - The product saves me valuable effort.,Disagree,0.709593,0.500069
16417,Respondent #714,Design - I easily understood how to use the product.,Strongly Disagree,0.796735,0.363904
16418,Respondent #714,Design - I had no trouble installing the product.,Strongly Agree,0.910069,0.086656
16419,Respondent #714,"Design - The product's design is unintuitive.",Disagree,0.776161,0.427005
16420,Respondent #714,Quality - The product was durable.,Neutral,0.139391,0.502015
16421,Respondent #714,Quality - The product was free from scratches.,Disagree,0.463925,0.476636
16422,Respondent #714,Quality - The product is deformed.,Disagree,0.416802,0.849426
16423,Respondent #714,Pricing - The product is affordable.,Strongly Disagree,0.089956,0.41421
16424,Respondent #714,Pricing - The product saves me valuable time.,Agree,0.329236,0.677312
16425,Respondent #714,Pricing - The product saves me valuable effort.,Disagree,0.830461,0.273555
16426,Respondent #715,Design - I easily understood how to use the product.,Neutral,0.167324,0.804077
16427,Respondent #715,Design - I had no trouble installing the product.,Strongly Agree,0.334873,0.103392
16428,Respondent #715,"Design - The product's design is unintuitive.",Neutral,0.316627,0.482281
16429,Respondent #715,Quality - The product was durable.,Agree,0.49486,0.310789
16430,Respondent #715,Quality - The product was free from scratches.,Strongly Disagree,0.878691,0.651414
16431,Respondent #715,Quality - The product is deformed.,Strongly Agree,0.410589,0.037912
16432,Respondent #715,Pricing - The product is affordable.,Strongly Agree,0.81443,0.922376
16433,Respondent #715,Pricing - The product saves me valuable time.,Strongly Agree,0.513242,0.458211
16434,Respondent #715,Pricing - The product saves me valuable effort.,Strongly Disagree,0.111806,0.9723
16435,Respondent #716,Design - I easily understood how to use the product.,Disagree,0.63722,0.157242
16436,Respondent #716,Design - I had no trouble installing the product.,Agree,0.123895,0.347669
16437,Respondent #716,"Design - The product's design is unintuitive.",Neutral,0.769352,0.030829
16438,Respondent #716,Quality - The product was durable.,Neutral,0.065466,0.457712
16439,Respondent #716,Quality - The product was free from scratches.,Disagree,0.313203,0.378773
16440,Respondent #716,Quality - The product is deformed.,Agree,0.109184,0.448675
16441,Respondent #716,Pricing - The product is affordable.,Strongly Disagree,0.867914,0.249854
16442,Respondent #716,Pricing - The product saves me valuable time.,Strongly Agree,0.760341,0.634522
16443,Respondent #716,Pricing - The product saves me valuable effort.,Disagree,0.16658,0.056867
16444,Respondent #717,Design - I easily understood how to use the product.,Strongly Disagree,0.368859,0.106385
16445,Respondent #717,Design - I had no trouble installing the product.,Strongly Agree,0.305233,0.894154
16446,Respondent #717,"Design - The product's design is unintuitive.",Disagree,0.073509,0.01214
16447,Respondent #717,Quality - The product was durable.,Strongly Agree,0.95103,0.701387
16448,Respondent #717,Quality - The product was free from scratches.,Disagree,0.064727,0.329616
16449,Respondent #717,Quality - The product is deformed.,Strongly Agree,0.235811,0.036123
16450,Respondent #717,Pricing - The product is affordable.,Disagree,0.616882,0.901964
16451,Respondent #717,Pricing - The product saves me valuable time.,Neutral,0.021483,0.799418
16452,Respondent #717,Pricing - The product saves me valuable effort.,Disagree,0.152788,0.043638
16453,Respondent #718,Design - I easily understood how to use the product.,Strongly Agree,0.119855,0.321555
16454,Respondent #718,Design - I had no trouble installing the product.,Strongly Agree,0.670158,0.973671
16455,Respondent #718,"Design - The product's design is unintuitive.",Neutral,0.826502,0.012434
16456,Respondent #718,Quality - The product was durable.,Agree,0.266964,0.580482
16457,Respondent #718,Quality - The product was free from scratches.,Neutral,0.031313,0.525085
16458,Respondent #718,Quality - The product is deformed.,Agree,0.443919,0.541404
16459,Respondent #718,Pricing - The product is affordable.,Disagree,0.052463,0.841761
16460,Respondent #718,Pricing - The product saves me valuable time.,Neutral,0.037564,0.562593
16461,Respondent #718,Pricing - The product saves me valuable effort.,Strongly Disagree,0.819989,0.780981
16462,Respondent #719,Design - I easily understood how to use the product.,Strongly Disagree,0.09005,0.195361
16463,Respondent #719,Design - I had no trouble installing the product.,Strongly Agree,0.201587,0.443405
16464,Respondent #719,"Design - The product's design is unintuitive.",Neutral,0.907755,0.575874
16465,Respondent #719,Quality - The product was durable.,Strongly Agree,0.451525,0.669113
16466,Respondent #719,Quality - The product was free from scratches.,Disagree,0.615024,0.035361
16467,Respondent #719,Quality - The product is deformed.,Strongly Agree,0.766175,0.884104
16468,Respondent #719,Pricing - The product is affordable.,Strongly Disagree,0.041448,0.52797
16469,Respondent #719,Pricing - The product saves me valuable time.,Agree,0.579601,0.004135
16470,Respondent #719,Pricing - The product saves me valuable effort.,Disagree,0.605409,0.784122
16471,Respondent #720,Design - I easily understood how to use the product.,Strongly Disagree,0.47074,0.761004
16472,Respondent #720,Design - I had no trouble installing the product.,Strongly Agree,0.530678,0.314639
16473,Respondent #720,"Design - The product's design is unintuitive.",Neutral,0.360625,0.17809
16474,Respondent #720,Quality - The product was durable.,Neutral,0.016838,0.873514
16475,Respondent #720,Quality - The product was free from scratches.,Disagree,0.435328,0.123931
16476,Respondent #720,Quality - The product is deformed.,Agree,0.994781,0.645692
16477,Respondent #720,Pricing - The product is affordable.,Strongly Disagree,0.743345,0.549541
16478,Respondent #720,Pricing - The product saves me valuable time.,Agree,0.548853,0.826405
16479,Respondent #720,Pricing - The product saves me valuable effort.,Neutral,0.289031,0.716571
16480,Respondent #721,Design - I easily understood how to use the product.,Strongly Disagree,0.814698,0.215161
16481,Respondent #721,Design - I had no trouble installing the product.,Strongly Agree,0.502464,0.661533
16482,Respondent #721,"Design - The product's design is unintuitive.",Neutral,0.558732,0.993779
16483,Respondent #721,Quality - The product was durable.,Strongly Agree,0.906021,0.817932
16484,Respondent #721,Quality - The product was free from scratches.,Disagree,0.468304,0.377001
16485,Respondent #721,Quality - The product is deformed.,Neutral,0.565006,0.897182
16486,Respondent #721,Pricing - The product is affordable.,Strongly Disagree,0.251491,0.96016
16487,Respondent #721,Pricing - The product saves me valuable time.,Neutral,0.774791,0.645436
16488,Respondent #721,Pricing - The product saves me valuable effort.,Strongly Disagree,0.606491,0.962143
16489,Respondent #722,Design - I easily understood how to use the product.,Strongly Disagree,0.659422,0.68479
16490,Respondent #722,Design - I had no trouble installing the product.,Strongly Agree,0.672627,0.424327
16491,Respondent #722,"Design - The product's design is unintuitive.",Strongly Disagree,0.31313,0.757765
16492,Respondent #722,Quality - The product was durable.,Strongly Agree,0.496948,0.184369
16493,Respondent #722,Quality - The product was free from scratches.,Disagree,0.624116,0.973515
16494,Respondent #722,Quality - The product is deformed.,Agree,0.690982,0.786859
16495,Respondent #722,Pricing - The product is affordable.,Strongly Disagree,0.768956,0.95535
16496,Respondent #722,Pricing - The product saves me valuable time.,Agree,0.28971,0.556844
16497,Respondent #722,Pricing - The product saves me valuable effort.,Strongly Disagree,0.981555,0.256286
16498,Respondent #723,Design - I easily understood how to use the product.,Strongly Agree,0.727197,0.001171
16499,Respondent #723,Design - I had no trouble installing the product.,Agree,0.413942,0.213788
16500,Respondent #723,"Design - The product's design is unintuitive.",Agree,0.023521,0.371321
16501,Respondent #723,Quality - The product was durable.,Strongly Agree,0.082524,0.966863
16502,Respondent #723,Quality - The product was free from scratches.,Disagree,0.676051,0.907387
16503,Respondent #723,Quality - The product is deformed.,Agree,0.61063,0.949815
16504,Respondent #723,Pricing - The product is affordable.,Strongly Disagree,0.763976,0.631046
16505,Respondent #723,Pricing - The product saves me valuable time.,Agree,0.299944,0.864187
16506,Respondent #723,Pricing - The product saves me valuable effort.,Disagree,0.183634,0.324213
16507,Respondent #724,Design - I easily understood how to use the product.,Neutral,0.423277,0.525955
16508,Respondent #724,Design - I had no trouble installing the product.,Disagree,0.421849,0.507333
16509,Respondent #724,"Design - The product's design is unintuitive.",Neutral,0.722363,0.942581
16510,Respondent #724,Quality - The product was durable.,Neutral,0.287054,0.097663
16511,Respondent #724,Quality - The product was free from scratches.,Strongly Disagree,0.1628,0.485834
16512,Respondent #724,Quality - The product is deformed.,Strongly Disagree,0.057715,0.477799
16513,Respondent #724,Pricing - The product is affordable.,Disagree,0.927974,0.173488
16514,Respondent #724,Pricing - The product saves me valuable time.,Neutral,0.687807,0.294496
16515,Respondent #724,Pricing - The product saves me valuable effort.,Disagree,0.846628,0.85018
16516,Respondent #725,Design - I easily understood how to use the product.,Strongly Agree,0.507426,0.164614
16517,Respondent #725,Design - I had no trouble installing the product.,Disagree,0.703073,0.770865
16518,Respondent #725,"Design - The product's design is unintuitive.",Agree,0.368062,0.496999
16519,Respondent #725,Quality - The product was durable.,Strongly Agree,0.552402,0.932933
16520,Respondent #725,Quality - The product was free from scratches.,Disagree,0.723132,0.769642
16521,Respondent #725,Quality - The product is deformed.,Disagree,0.25354,0.443838
16522,Respondent #725,Pricing - The product is affordable.,Strongly Disagree,0.148944,0.891391
16523,Respondent #725,Pricing - The product saves me valuable time.,Neutral,0.041778,0.632379
16524,Respondent #725,Pricing - The product saves me valuable effort.,Strongly Disagree,0.718256,0.918733
16525,Respondent #726,Design - I easily understood how to use the product.,Strongly Disagree,0.622116,0.615164
16526,Respondent #726,Design - I had no trouble installing the product.,Agree,0.780074,0.160413
16527,Respondent #726,"Design - The product's design is unintuitive.",Neutral,0.162165,0.72611
16528,Respondent #726,Quality - The product was durable.,Strongly Agree,0.349437,0.381624
16529,Respondent #726,Quality - The product was free from scratches.,Disagree,0.656548,0.94724
16530,Respondent #726,Quality - The product is deformed.,Disagree,0.895139,0.174459
16531,Respondent #726,Pricing - The product is affordable.,Strongly Disagree,0.268855,0.472052
16532,Respondent #726,Pricing - The product saves me valuable time.,Agree,0.247497,0.953165
16533,Respondent #726,Pricing - The product saves me valuable effort.,Disagree,0.441667,0.624902
16534,Respondent #727,Design - I easily understood how to use the product.,Strongly Disagree,0.915046,0.554164
16535,Respondent #727,Design - I had no trouble installing the product.,Agree,0.466931,0.917537
16536,Respondent #727,"Design - The product's design is unintuitive.",Disagree,0.687603,0.280764
16537,Respondent #727,Quality - The product was durable.,Agree,0.399728,0.184455
16538,Respondent #727,Quality - The product was free from scratches.,Disagree,0.366542,0.517682
16539,Respondent #727,Quality - The product is deformed.,Strongly Disagree,0.078986,0.230598
16540,Respondent #727,Pricing - The product is affordable.,Agree,0.738699,0.514169
16541,Respondent #727,Pricing - The product saves me valuable time.,Agree,0.040203,0.600687
16542,Respondent #727,Pricing - The product saves me valuable effort.,Disagree,0.328845,0.752972
16543,Respondent #728,Design - I easily understood how to use the product.,Strongly Disagree,0.156618,0.437924
16544,Respondent #728,Design - I had no trouble installing the product.,Neutral,0.036519,0.242785
16545,Respondent #728,"Design - The product's design is unintuitive.",Neutral,0.44034,0.244747
16546,Respondent #728,Quality - The product was durable.,Strongly Agree,0.977346,0.088194
16547,Respondent #728,Quality - The product was free from scratches.,Disagree,0.003173,0.828282
16548,Respondent #728,Quality - The product is deformed.,Agree,0.747007,0.320619
16549,Respondent #728,Pricing - The product is affordable.,Disagree,0.560555,0.132091
16550,Respondent #728,Pricing - The product saves me valuable time.,Agree,0.934767,0.656339
16551,Respondent #728,Pricing - The product saves me valuable effort.,Disagree,0.648942,0.22521
16552,Respondent #729,Design - I easily understood how to use the product.,Strongly Disagree,0.801931,0.671546
16553,Respondent #729,Design - I had no trouble installing the product.,Strongly Agree,0.122279,0.99453
16554,Respondent #729,"Design - The product's design is unintuitive.",Strongly Disagree,0.642534,0.648543
16555,Respondent #729,Quality - The product was durable.,Agree,0.838142,0.57173
16556,Respondent #729,Quality - The product was free from scratches.,Disagree,0.624301,0.115422
16557,Respondent #729,Quality - The product is deformed.,Strongly Agree,0.530467,0.165921
16558,Respondent #729,Pricing - The product is affordable.,Agree,0.08058,0.55904
16559,Respondent #729,Pricing - The product saves me valuable time.,Disagree,0.676041,0.41436
16560,Respondent #729,Pricing - The product saves me valuable effort.,Strongly Disagree,0.746362,0.583858
16561,Respondent #730,Design - I easily understood how to use the product.,Strongly Disagree,0.136462,0.856148
16562,Respondent #730,Design - I had no trouble installing the product.,Strongly Agree,0.442211,0.40199
16563,Respondent #730,"Design - The product's design is unintuitive.",Disagree,0.054205,0.460172
16564,Respondent #730,Quality - The product was durable.,Agree,0.607965,0.828785
16565,Respondent #730,Quality - The product was free from scratches.,Neutral,0.795854,0.219342
16566,Respondent #730,Quality - The product is deformed.,Neutral,0.48356,0.452759
16567,Respondent #730,Pricing - The product is affordable.,Neutral,0.172132,0.754792
16568,Respondent #730,Pricing - The product saves me valuable time.,Strongly Agree,0.735314,0.716213
16569,Respondent #730,Pricing - The product saves me valuable effort.,Neutral,0.074723,0.370425
16570,Respondent #731,Design - I easily understood how to use the product.,Strongly Disagree,0.487959,0.97749
16571,Respondent #731,Design - I had no trouble installing the product.,Agree,0.094037,0.162492
16572,Respondent #731,"Design - The product's design is unintuitive.",Strongly Agree,0.405227,0.505716
16573,Respondent #731,Quality - The product was durable.,Agree,0.950398,0.851178
16574,Respondent #731,Quality - The product was free from scratches.,Disagree,0.125129,0.974781
16575,Respondent #731,Quality - The product is deformed.,Agree,0.717685,0.825788
16576,Respondent #731,Pricing - The product is affordable.,Strongly Disagree,0.377461,0.793495
16577,Respondent #731,Pricing - The product saves me valuable time.,Agree,0.124048,0.015629
16578,Respondent #731,Pricing - The product saves me valuable effort.,Neutral,0.008557,0.160184
16579,Respondent #732,Design - I easily understood how to use the product.,Strongly Agree,0.567436,0.902532
16580,Respondent #732,Design - I had no trouble installing the product.,Neutral,0.454651,0.875136
16581,Respondent #732,"Design - The product's design is unintuitive.",Agree,0.234614,0.008193
16582,Respondent #732,Quality - The product was durable.,Neutral,0.700833,0.521235
16583,Respondent #732,Quality - The product was free from scratches.,Disagree,0.079661,0.257652
16584,Respondent #732,Quality - The product is deformed.,Agree,0.10796,0.354393
16585,Respondent #732,Pricing - The product is affordable.,Neutral,0.82275,0.421003
16586,Respondent #732,Pricing - The product saves me valuable time.,Neutral,0.883767,0.164612
16587,Respondent #732,Pricing - The product saves me valuable effort.,Strongly Disagree,0.497579,0.747348
16588,Respondent #733,Design - I easily understood how to use the product.,Strongly Disagree,0.337015,0.010565
16589,Respondent #733,Design - I had no trouble installing the product.,Neutral,0.685729,0.032221
16590,Respondent #733,"Design - The product's design is unintuitive.",Agree,0.041255,0.185988
16591,Respondent #733,Quality - The product was durable.,Strongly Agree,0.643411,0.848612
16592,Respondent #733,Quality - The product was free from scratches.,Neutral,0.003993,0.658932
16593,Respondent #733,Quality - The product is deformed.,Agree,0.780289,0.99518
16594,Respondent #733,Pricing - The product is affordable.,Strongly Disagree,0.44933,0.673446
16595,Respondent #733,Pricing - The product saves me valuable time.,Agree,0.115174,0.277349
16596,Respondent #733,Pricing - The product saves me valuable effort.,Disagree,0.833409,0.047256
16597,Respondent #734,Design - I easily understood how to use the product.,Strongly Disagree,0.82728,0.485273
16598,Respondent #734,Design - I had no trouble installing the product.,Strongly Agree,0.09663,0.802757
16599,Respondent #734,"Design - The product's design is unintuitive.",Disagree,0.920693,0.159959
16600,Respondent #734,Quality - The product was durable.,Agree,0.591551,0.611013
16601,Respondent #734,Quality - The product was free from scratches.,Neutral,0.33411,0.290032
16602,Respondent #734,Quality - The product is deformed.,Agree,0.687084,0.015585
16603,Respondent #734,Pricing - The product is affordable.,Strongly Disagree,0.073142,0.662886
16604,Respondent #734,Pricing - The product saves me valuable time.,Strongly Agree,0.908119,0.269344
16605,Respondent #734,Pricing - The product saves me valuable effort.,Disagree,0.026373,0.493574
16606,Respondent #735,Design - I easily understood how to use the product.,Agree,0.066057,0.006864
16607,Respondent #735,Design - I had no trouble installing the product.,Agree,0.446032,0.516437
16608,Respondent #735,"Design - The product's design is unintuitive.",Strongly Disagree,0.042051,0.450904
16609,Respondent #735,Quality - The product was durable.,Agree,0.12837,0.491143
16610,Respondent #735,Quality - The product was free from scratches.,Disagree,0.821889,0.562224
16611,Respondent #735,Quality - The product is deformed.,Agree,0.995623,0.507571
16612,Respondent #735,Pricing - The product is affordable.,Strongly Disagree,0.158195,0.537788
16613,Respondent #735,Pricing - The product saves me valuable time.,Disagree,0.084168,0.642163
16614,Respondent #735,Pricing - The product saves me valuable effort.,Disagree,0.575821,0.788104
16615,Respondent #736,Design - I easily understood how to use the product.,Strongly Disagree,0.169645,0.081653
16616,Respondent #736,Design - I had no trouble installing the product.,Strongly Agree,0.186796,0.09135
16617,Respondent #736,"Design - The product's design is unintuitive.",Neutral,0.195881,0.916214
16618,Respondent #736,Quality - The product was durable.,Strongly Agree,0.717247,0.426635
16619,Respondent #736,Quality - The product was free from scratches.,Neutral,0.737008,0.546395
16620,Respondent #736,Quality - The product is deformed.,Disagree,0.177983,0.354674
16621,Respondent #736,Pricing - The product is affordable.,Strongly Disagree,0.674124,0.270809
16622,Respondent #736,Pricing - The product saves me valuable time.,Agree,0.094497,0.47648
16623,Respondent #736,Pricing - The product saves me valuable effort.,Disagree,0.184182,0.892703
16624,Respondent #737,Design - I easily understood how to use the product.,Disagree,0.887435,0.437523
16625,Respondent #737,Design - I had no trouble installing the product.,Strongly Agree,0.522969,0.987985
16626,Respondent #737,"Design - The product's design is unintuitive.",Agree,0.603108,0.503745
16627,Respondent #737,Quality - The product was durable.,Agree,0.033054,0.46683
16628,Respondent #737,Quality - The product was free from scratches.,Disagree,0.436787,0.952526
16629,Respondent #737,Quality - The product is deformed.,Disagree,0.008855,0.438387
16630,Respondent #737,Pricing - The product is affordable.,Strongly Agree,0.678428,0.142762
16631,Respondent #737,Pricing - The product saves me valuable time.,Neutral,0.781863,0.819555
16632,Respondent #737,Pricing - The product saves me valuable effort.,Strongly Disagree,0.909046,0.939481
16633,Respondent #738,Design - I easily understood how to use the product.,Strongly Agree,0.698531,0.334511
16634,Respondent #738,Design - I had no trouble installing the product.,Strongly Agree,0.607723,0.186408
16635,Respondent #738,"Design - The product's design is unintuitive.",Strongly Disagree,0.865173,0.308166
16636,Respondent #738,Quality - The product was durable.,Strongly Agree,0.04314,0.884752
16637,Respondent #738,Quality - The product was free from scratches.,Disagree,0.943722,0.049305
16638,Respondent #738,Quality - The product is deformed.,Agree,0.970728,0.137426
16639,Respondent #738,Pricing - The product is affordable.,Agree,0.782696,0.559895
16640,Respondent #738,Pricing - The product saves me valuable time.,Agree,0.838813,0.598754
16641,Respondent #738,Pricing - The product saves me valuable effort.,Strongly Disagree,0.252462,0.997993
16642,Respondent #739,Design - I easily understood how to use the product.,Disagree,0.132028,0.391703
16643,Respondent #739,Design - I had no trouble installing the product.,Neutral,0.872017,0.88389
16644,Respondent #739,"Design - The product's design is unintuitive.",Agree,0.413708,0.79061
16645,Respondent #739,Quality - The product was durable.,Strongly Agree,0.446907,0.850243
16646,Respondent #739,Quality - The product was free from scratches.,Neutral,0.823035,0.728739
16647,Respondent #739,Quality - The product is deformed.,Strongly Disagree,0.492671,0.798801
16648,Respondent #739,Pricing - The product is affordable.,Disagree,0.775718,0.761853
16649,Respondent #739,Pricing - The product saves me valuable time.,Strongly Agree,0.945167,0.205515
16650,Respondent #739,Pricing - The product saves me valuable effort.,Strongly Disagree,0.512728,0.929079
16651,Respondent #740,Design - I easily understood how to use the product.,Neutral,0.624131,0.069364
16652,Respondent #740,Design - I had no trouble installing the product.,Strongly Agree,0.371893,0.667559
16653,Respondent #740,"Design - The product's design is unintuitive.",Disagree,0.824117,0.31942
16654,Respondent #740,Quality - The product was durable.,Neutral,0.21461,0.631807
16655,Respondent #740,Quality - The product was free from scratches.,Disagree,0.131145,0.560938
16656,Respondent #740,Quality - The product is deformed.,Agree,0.394874,0.357851
16657,Respondent #740,Pricing - The product is affordable.,Disagree,0.030041,0.965873
16658,Respondent #740,Pricing - The product saves me valuable time.,Neutral,0.587017,0.951831
16659,Respondent #740,Pricing - The product saves me valuable effort.,Disagree,0.298766,0.688434
16660,Respondent #741,Design - I easily understood how to use the product.,Disagree,0.266139,0.713428
16661,Respondent #741,Design - I had no trouble installing the product.,Disagree,0.453379,0.943633
16662,Respondent #741,"Design - The product's design is unintuitive.",Disagree,0.294272,0.895641
16663,Respondent #741,Quality - The product was durable.,Neutral,0.326904,0.872061
16664,Respondent #741,Quality - The product was free from scratches.,Neutral,0.61553,0.533464
16665,Respondent #741,Quality - The product is deformed.,Disagree,0.341928,0.880209
16666,Respondent #741,Pricing - The product is affordable.,Strongly Disagree,0.45354,0.485752
16667,Respondent #741,Pricing - The product saves me valuable time.,Agree,0.306737,0.192676
16668,Respondent #741,Pricing - The product saves me valuable effort.,Strongly Disagree,0.241117,0.043876
16669,Respondent #742,Design - I easily understood how to use the product.,Strongly Disagree,0.208409,0.099002
16670,Respondent #742,Design - I had no trouble installing the product.,Strongly Agree,0.71663,0.968605
16671,Respondent #742,"Design - The product's design is unintuitive.",Strongly Disagree,0.632039,0.992555
16672,Respondent #742,Quality - The product was durable.,Agree,0.000373,0.988812
16673,Respondent #742,Quality - The product was free from scratches.,Neutral,0.534415,0.341024
16674,Respondent #742,Quality - The product is deformed.,Neutral,0.073204,0.912237
16675,Respondent #742,Pricing - The product is affordable.,Strongly Agree,0.441195,0.252285
16676,Respondent #742,Pricing - The product saves me valuable time.,Neutral,0.72384,0.483171
16677,Respondent #742,Pricing - The product saves me valuable effort.,Disagree,0.234101,0.929751
16678,Respondent #743,Design - I easily understood how to use the product.,Strongly Disagree,0.935582,0.194927
16679,Respondent #743,Design - I had no trouble installing the product.,Neutral,0.578729,0.327877
16680,Respondent #743,"Design - The product's design is unintuitive.",Neutral,0.314996,0.078124
16681,Respondent #743,Quality - The product was durable.,Neutral,0.19022,0.047074
16682,Respondent #743,Quality - The product was free from scratches.,Disagree,0.640832,0.391666
16683,Respondent #743,Quality - The product is deformed.,Neutral,0.628816,0.127325
16684,Respondent #743,Pricing - The product is affordable.,Neutral,0.041028,0.724906
16685,Respondent #743,Pricing - The product saves me valuable time.,Agree,0.367184,0.398078
16686,Respondent #743,Pricing - The product saves me valuable effort.,Strongly Disagree,0.108264,0.081117
16687,Respondent #744,Design - I easily understood how to use the product.,Strongly Disagree,0.012089,0.322657
16688,Respondent #744,Design - I had no trouble installing the product.,Neutral,0.231322,0.0122
16689,Respondent #744,"Design - The product's design is unintuitive.",Disagree,0.941011,0.092583
16690,Respondent #744,Quality - The product was durable.,Neutral,0.37169,0.595298
16691,Respondent #744,Quality - The product was free from scratches.,Disagree,0.170494,0.625621
16692,Respondent #744,Quality - The product is deformed.,Neutral,0.49968,0.610022
16693,Respondent #744,Pricing - The product is affordable.,Agree,0.101792,0.020994
16694,Respondent #744,Pricing - The product saves me valuable time.,Neutral,0.657865,0.895585
16695,Respondent #744,Pricing - The product saves me valuable effort.,Disagree,0.201608,0.268064
16696,Respondent #745,Design - I easily understood how to use the product.,Strongly Disagree,0.779078,0.178049
16697,Respondent #745,Design - I had no trouble installing the product.,Neutral,0.164617,0.160224
16698,Respondent #745,"Design - The product's design is unintuitive.",Agree,0.334348,0.237638
16699,Respondent #745,Quality - The product was durable.,Neutral,0.683528,0.272949
16700,Respondent #745,Quality - The product was free from scratches.,Disagree,0.418496,0.689889
16701,Respondent #745,Quality - The product is deformed.,Strongly Agree,0.607652,0.526766
16702,Respondent #745,Pricing - The product is affordable.,Strongly Disagree,0.147458,0.863253
16703,Respondent #745,Pricing - The product saves me valuable time.,Agree,0.198037,0.223299
16704,Respondent #745,Pricing - The product saves me valuable effort.,Strongly Disagree,0.718782,0.109492
16705,Respondent #746,Design - I easily understood how to use the product.,Strongly Disagree,0.130223,0.661109
16706,Respondent #746,Design - I had no trouble installing the product.,Agree,0.442242,0.736297
16707,Respondent #746,"Design - The product's design is unintuitive.",Strongly Disagree,0.935081,0.910364
16708,Respondent #746,Quality - The product was durable.,Strongly Agree,0.339763,0.307198
16709,Respondent #746,Quality - The product was free from scratches.,Disagree,0.879319,0.631983
16710,Respondent #746,Quality - The product is deformed.,Agree,0.916325,0.549411
16711,Respondent #746,Pricing - The product is affordable.,Agree,0.472063,0.579732
16712,Respondent #746,Pricing - The product saves me valuable time.,Agree,0.573891,0.10689
16713,Respondent #746,Pricing - The product saves me valuable effort.,Disagree,0.214424,0.792042
16714,Respondent #747,Design - I easily understood how to use the product.,Strongly Disagree,0.342464,0.223119
16715,Respondent #747,Design - I had no trouble installing the product.,Agree,0.687158,0.150897
16716,Respondent #747,"Design - The product's design is unintuitive.",Disagree,0.57944,0.056553
16717,Respondent #747,Quality - The product was durable.,Agree,0.233512,0.44683
16718,Respondent #747,Quality - The product was free from scratches.,Disagree,0.704435,0.306038
16719,Respondent #747,Quality - The product is deformed.,Strongly Agree,0.150033,0.993985
16720,Respondent #747,Pricing - The product is affordable.,Strongly Disagree,0.220707,0.022141
16721,Respondent #747,Pricing - The product saves me valuable time.,Strongly Agree,0.862936,0.075963
16722,Respondent #747,Pricing - The product saves me valuable effort.,Strongly Disagree,0.995649,0.624742
16723,Respondent #748,Design - I easily understood how to use the product.,Strongly Disagree,0.168649,0.800738
16724,Respondent #748,Design - I had no trouble installing the product.,Strongly Agree,0.064572,0.537565
16725,Respondent #748,"Design - The product's design is unintuitive.",Neutral,0.910185,0.108068
16726,Respondent #748,Quality - The product was durable.,Strongly Agree,0.642875,0.515685
16727,Respondent #748,Quality - The product was free from scratches.,Neutral,0.353442,0.79373
16728,Respondent #748,Quality - The product is deformed.,Disagree,0.993845,0.415936
16729,Respondent #748,Pricing - The product is affordable.,Strongly Agree,0.96244,0.84178
16730,Respondent #748,Pricing - The product saves me valuable time.,Neutral,0.610559,0.106198
16731,Respondent #748,Pricing - The product saves me valuable effort.,Disagree,0.842643,0.307794
16732,Respondent #749,Design - I easily understood how to use the product.,Disagree,0.678198,0.92238
16733,Respondent #749,Design - I had no trouble installing the product.,Strongly Agree,0.540834,0.269075
16734,Respondent #749,"Design - The product's design is unintuitive.",Neutral,0.53388,0.104975
16735,Respondent #749,Quality - The product was durable.,Agree,0.46327,0.661189
16736,Respondent #749,Quality - The product was free from scratches.,Neutral,0.439095,0.935958
16737,Respondent #749,Quality - The product is deformed.,Strongly Agree,0.559399,0.68393
16738,Respondent #749,Pricing - The product is affordable.,Disagree,0.479407,0.623721
16739,Respondent #749,Pricing - The product saves me valuable time.,Agree,0.769313,0.89933
16740,Respondent #749,Pricing - The product saves me valuable effort.,Agree,0.971436,0.819958
16741,Respondent #750,Design - I easily understood how to use the product.,Strongly Disagree,0.544424,0.411443
16742,Respondent #750,Design - I had no trouble installing the product.,Strongly Agree,0.785508,0.200635
16743,Respondent #750,"Design - The product's design is unintuitive.",Neutral,0.506626,0.856039
16744,Respondent #750,Quality - The product was durable.,Agree,0.544112,0.129435
16745,Respondent #750,Quality - The product was free from scratches.,Neutral,0.788257,0.109893
16746,Respondent #750,Quality - The product is deformed.,Agree,0.809956,0.909914
16747,Respondent #750,Pricing - The product is affordable.,Agree,0.504292,0.413209
16748,Respondent #750,Pricing - The product saves me valuable time.,Neutral,0.106508,0.680269
16749,Respondent #750,Pricing - The product saves me valuable effort.,Neutral,0.068701,0.086618
16750,Respondent #751,Design - I easily understood how to use the product.,Strongly Disagree,0.614041,0.247158
16751,Respondent #751,Design - I had no trouble installing the product.,Agree,0.986716,0.186571
16752,Respondent #751,"Design - The product's design is unintuitive.",Neutral,0.146348,0.10842
16753,Respondent #751,Quality - The product was durable.,Agree,0.596051,0.460123
16754,Respondent #751,Quality - The product was free from scratches.,Neutral,0.329847,0.863686
16755,Respondent #751,Quality - The product is deformed.,Neutral,0.580833,0.808339
16756,Respondent #751,Pricing - The product is affordable.,Disagree,0.455728,0.476927
16757,Respondent #751,Pricing - The product saves me valuable time.,Agree,0.752337,0.040997
16758,Respondent #751,Pricing - The product saves me valuable effort.,Disagree,0.345797,0.99443
16759,Respondent #752,Design - I easily understood how to use the product.,Agree,0.026254,0.79776
16760,Respondent #752,Design - I had no trouble installing the product.,Neutral,0.097434,0.014738
16761,Respondent #752,"Design - The product's design is unintuitive.",Strongly Agree,0.202354,0.848802
16762,Respondent #752,Quality - The product was durable.,Agree,0.739241,0.726655
16763,Respondent #752,Quality - The product was free from scratches.,Disagree,0.939188,0.599804
16764,Respondent #752,Quality - The product is deformed.,Agree,0.125908,0.631297
16765,Respondent #752,Pricing - The product is affordable.,Strongly Disagree,0.134444,0.694554
16766,Respondent #752,Pricing - The product saves me valuable time.,Strongly Agree,0.482442,0.80644
16767,Respondent #752,Pricing - The product saves me valuable effort.,Disagree,0.353507,0.994005
16768,Respondent #753,Design - I easily understood how to use the product.,Strongly Disagree,0.395771,0.752974
16769,Respondent #753,Design - I had no trouble installing the product.,Agree,0.995571,0.042283
16770,Respondent #753,"Design - The product's design is unintuitive.",Neutral,0.984593,0.587436
16771,Respondent #753,Quality - The product was durable.,Agree,0.904029,0.164474
16772,Respondent #753,Quality - The product was free from scratches.,Disagree,0.10376,0.000745
16773,Respondent #753,Quality - The product is deformed.,Agree,0.597298,0.192744
16774,Respondent #753,Pricing - The product is affordable.,Strongly Disagree,0.432953,0.207612
16775,Respondent #753,Pricing - The product saves me valuable time.,Agree,0.650545,0.441476
16776,Respondent #753,Pricing - The product saves me valuable effort.,Strongly Disagree,0.789215,0.459113
16777,Respondent #754,Design - I easily understood how to use the product.,Strongly Disagree,0.566307,0.538917
16778,Respondent #754,Design - I had no trouble installing the product.,Agree,0.480002,0.055915
16779,Respondent #754,"Design - The product's design is unintuitive.",Disagree,0.167553,0.215731
16780,Respondent #754,Quality - The product was durable.,Agree,0.785574,0.349422
16781,Respondent #754,Quality - The product was free from scratches.,Disagree,0.806626,0.296321
16782,Respondent #754,Quality - The product is deformed.,Agree,0.286624,0.982867
16783,Respondent #754,Pricing - The product is affordable.,Strongly Disagree,0.313626,0.576898
16784,Respondent #754,Pricing - The product saves me valuable time.,Disagree,0.43582,0.821506
16785,Respondent #754,Pricing - The product saves me valuable effort.,Disagree,0.824324,0.876284
16786,Respondent #755,Design - I easily understood how to use the product.,Neutral,0.799211,0.849563
16787,Respondent #755,Design - I had no trouble installing the product.,Strongly Agree,0.518474,0.554878
16788,Respondent #755,"Design - The product's design is unintuitive.",Agree,0.954581,0.526751
16789,Respondent #755,Quality - The product was durable.,Neutral,0.846608,0.595805
16790,Respondent #755,Quality - The product was free from scratches.,Disagree,0.889419,0.833738
16791,Respondent #755,Quality - The product is deformed.,Neutral,0.98888,0.100422
16792,Respondent #755,Pricing - The product is affordable.,Strongly Disagree,0.050144,0.627958
16793,Respondent #755,Pricing - The product saves me valuable time.,Neutral,0.641392,0.76279
16794,Respondent #755,Pricing - The product saves me valuable effort.,Disagree,0.541253,0.396369
16795,Respondent #756,Design - I easily understood how to use the product.,Strongly Disagree,0.044002,0.401386
16796,Respondent #756,Design - I had no trouble installing the product.,Strongly Agree,0.00882,0.822332
16797,Respondent #756,"Design - The product's design is unintuitive.",Neutral,0.116669,0.546919
16798,Respondent #756,Quality - The product was durable.,Agree,0.704997,0.926837
16799,Respondent #756,Quality - The product was free from scratches.,Strongly Disagree,0.491698,0.012435
16800,Respondent #756,Quality - The product is deformed.,Neutral,0.48977,0.833591
16801,Respondent #756,Pricing - The product is affordable.,Strongly Disagree,0.331139,0.925564
16802,Respondent #756,Pricing - The product saves me valuable time.,Neutral,0.529969,0.961491
16803,Respondent #756,Pricing - The product saves me valuable effort.,Strongly Disagree,0.106027,0.368894
16804,Respondent #757,Design - I easily understood how to use the product.,Strongly Disagree,0.143019,0.536523
16805,Respondent #757,Design - I had no trouble installing the product.,Strongly Agree,0.196174,0.953776
16806,Respondent #757,"Design - The product's design is unintuitive.",Neutral,0.676354,0.094037
16807,Respondent #757,Quality - The product was durable.,Neutral,0.537534,0.585812
16808,Respondent #757,Quality - The product was free from scratches.,Neutral,0.59796,0.344918
16809,Respondent #757,Quality - The product is deformed.,Neutral,0.839514,0.860814
16810,Respondent #757,Pricing - The product is affordable.,Disagree,0.176076,0.899028
16811,Respondent #757,Pricing - The product saves me valuable time.,Strongly Agree,0.696939,0.866997
16812,Respondent #757,Pricing - The product saves me valuable effort.,Disagree,0.766877,0.018514
16813,Respondent #758,Design - I easily understood how to use the product.,Strongly Disagree,0.983986,0.209251
16814,Respondent #758,Design - I had no trouble installing the product.,Strongly Agree,0.556934,0.771586
16815,Respondent #758,"Design - The product's design is unintuitive.",Neutral,0.795425,0.207729
16816,Respondent #758,Quality - The product was durable.,Neutral,0.310893,0.535853
16817,Respondent #758,Quality - The product was free from scratches.,Neutral,0.116776,0.071534
16818,Respondent #758,Quality - The product is deformed.,Neutral,0.046098,0.145543
16819,Respondent #758,Pricing - The product is affordable.,Strongly Disagree,0.583121,0.264212
16820,Respondent #758,Pricing - The product saves me valuable time.,Neutral,0.593152,0.291729
16821,Respondent #758,Pricing - The product saves me valuable effort.,Disagree,0.952214,0.247202
16822,Respondent #759,Design - I easily understood how to use the product.,Strongly Disagree,0.439657,0.436763
16823,Respondent #759,Design - I had no trouble installing the product.,Strongly Agree,0.925531,0.001803
16824,Respondent #759,"Design - The product's design is unintuitive.",Disagree,0.734698,0.842207
16825,Respondent #759,Quality - The product was durable.,Agree,0.528603,0.299328
16826,Respondent #759,Quality - The product was free from scratches.,Neutral,0.702211,0.039315
16827,Respondent #759,Quality - The product is deformed.,Agree,0.926554,0.39574
16828,Respondent #759,Pricing - The product is affordable.,Strongly Disagree,0.651974,0.888692
16829,Respondent #759,Pricing - The product saves me valuable time.,Agree,0.721588,0.853828
16830,Respondent #759,Pricing - The product saves me valuable effort.,Disagree,0.408064,0.128729
16831,Respondent #760,Design - I easily understood how to use the product.,Agree,0.041866,0.362528
16832,Respondent #760,Design - I had no trouble installing the product.,Agree,0.87599,0.168206
16833,Respondent #760,"Design - The product's design is unintuitive.",Agree,0.569763,0.977834
16834,Respondent #760,Quality - The product was durable.,Neutral,0.292706,0.680502
16835,Respondent #760,Quality - The product was free from scratches.,Disagree,0.12424,0.537361
16836,Respondent #760,Quality - The product is deformed.,Agree,0.752525,0.557066
16837,Respondent #760,Pricing - The product is affordable.,Strongly Disagree,0.491835,0.871999
16838,Respondent #760,Pricing - The product saves me valuable time.,Neutral,0.862842,0.107
16839,Respondent #760,Pricing - The product saves me valuable effort.,Strongly Disagree,0.033171,0.516419
16840,Respondent #761,Design - I easily understood how to use the product.,Strongly Disagree,0.788392,0.86299
16841,Respondent #761,Design - I had no trouble installing the product.,Agree,0.410298,0.199588
16842,Respondent #761,"Design - The product's design is unintuitive.",Strongly Disagree,0.895315,0.189465
16843,Respondent #761,Quality - The product was durable.,Agree,0.628592,0.64323
16844,Respondent #761,Quality - The product was free from scratches.,Neutral,0.790594,0.105829
16845,Respondent #761,Quality - The product is deformed.,Neutral,0.057752,0.548568
16846,Respondent #761,Pricing - The product is affordable.,Neutral,0.828119,0.346193
16847,Respondent #761,Pricing - The product saves me valuable time.,Strongly Agree,0.050006,0.355052
16848,Respondent #761,Pricing - The product saves me valuable effort.,Disagree,0.123861,0.840518
16849,Respondent #762,Design - I easily understood how to use the product.,Strongly Disagree,0.383654,0.159746
16850,Respondent #762,Design - I had no trouble installing the product.,Neutral,0.994385,0.229493
16851,Respondent #762,"Design - The product's design is unintuitive.",Agree,0.936557,0.258379
16852,Respondent #762,Quality - The product was durable.,Agree,0.911852,0.32942
16853,Respondent #762,Quality - The product was free from scratches.,Disagree,0.290107,0.210149
16854,Respondent #762,Quality - The product is deformed.,Neutral,0.983967,0.700531
16855,Respondent #762,Pricing - The product is affordable.,Strongly Agree,0.002513,0.607241
16856,Respondent #762,Pricing - The product saves me valuable time.,Neutral,0.322847,0.483819
16857,Respondent #762,Pricing - The product saves me valuable effort.,Disagree,0.307902,0.310914
16858,Respondent #763,Design - I easily understood how to use the product.,Disagree,0.495458,0.703639
16859,Respondent #763,Design - I had no trouble installing the product.,Agree,0.833498,0.293852
16860,Respondent #763,"Design - The product's design is unintuitive.",Disagree,0.201195,0.736488
16861,Respondent #763,Quality - The product was durable.,Agree,0.247809,0.615772
16862,Respondent #763,Quality - The product was free from scratches.,Neutral,0.845827,0.7945
16863,Respondent #763,Quality - The product is deformed.,Agree,0.453924,0.681189
16864,Respondent #763,Pricing - The product is affordable.,Strongly Agree,0.129494,0.64088
16865,Respondent #763,Pricing - The product saves me valuable time.,Neutral,0.901794,0.958809
16866,Respondent #763,Pricing - The product saves me valuable effort.,Disagree,0.219428,0.909559
16867,Respondent #764,Design - I easily understood how to use the product.,Strongly Disagree,0.969274,0.519958
16868,Respondent #764,Design - I had no trouble installing the product.,Strongly Agree,0.449467,0.040833
16869,Respondent #764,"Design - The product's design is unintuitive.",Agree,0.566006,0.195594
16870,Respondent #764,Quality - The product was durable.,Strongly Agree,0.52456,0.298609
16871,Respondent #764,Quality - The product was free from scratches.,Neutral,0.632828,0.359619
16872,Respondent #764,Quality - The product is deformed.,Agree,0.771407,0.522228
16873,Respondent #764,Pricing - The product is affordable.,Strongly Disagree,0.091016,0.5089
16874,Respondent #764,Pricing - The product saves me valuable time.,Strongly Agree,0.458634,0.062371
16875,Respondent #764,Pricing - The product saves me valuable effort.,Neutral,0.590211,0.117454
16876,Respondent #765,Design - I easily understood how to use the product.,Strongly Disagree,0.049065,0.207455
16877,Respondent #765,Design - I had no trouble installing the product.,Agree,0.244479,0.764658
16878,Respondent #765,"Design - The product's design is unintuitive.",Disagree,0.671301,0.402826
16879,Respondent #765,Quality - The product was durable.,Neutral,0.229692,0.258946
16880,Respondent #765,Quality - The product was free from scratches.,Disagree,0.974768,0.467342
16881,Respondent #765,Quality - The product is deformed.,Neutral,0.018305,0.26286
16882,Respondent #765,Pricing - The product is affordable.,Agree,0.85365,0.804154
16883,Respondent #765,Pricing - The product saves me valuable time.,Agree,0.003099,0.660871
16884,Respondent #765,Pricing - The product saves me valuable effort.,Disagree,0.722994,0.714077
16885,Respondent #766,Design - I easily understood how to use the product.,Strongly Disagree,0.572437,0.011259
16886,Respondent #766,Design - I had no trouble installing the product.,Neutral,0.022791,0.964095
16887,Respondent #766,"Design - The product's design is unintuitive.",Disagree,0.756018,0.46912
16888,Respondent #766,Quality - The product was durable.,Agree,0.225402,0.013527
16889,Respondent #766,Quality - The product was free from scratches.,Disagree,0.609138,0.276365
16890,Respondent #766,Quality - The product is deformed.,Disagree,0.648492,0.585056
16891,Respondent #766,Pricing - The product is affordable.,Strongly Disagree,0.908264,0.111761
16892,Respondent #766,Pricing - The product saves me valuable time.,Agree,0.885082,0.5531
16893,Respondent #766,Pricing - The product saves me valuable effort.,Neutral,0.4233,0.731313
16894,Respondent #767,Design - I easily understood how to use the product.,Strongly Disagree,0.430482,0.587636
16895,Respondent #767,Design - I had no trouble installing the product.,Agree,0.086416,0.892704
16896,Respondent #767,"Design - The product's design is unintuitive.",Agree,0.368338,0.781224
16897,Respondent #767,Quality - The product was durable.,Agree,0.11011,0.278588
16898,Respondent #767,Quality - The product was free from scratches.,Neutral,0.178695,0.054551
16899,Respondent #767,Quality - The product is deformed.,Disagree,0.666118,0.14643
16900,Respondent #767,Pricing - The product is affordable.,Agree,0.570465,0.592336
16901,Respondent #767,Pricing - The product saves me valuable time.,Agree,0.512805,0.069288
16902,Respondent #767,Pricing - The product saves me valuable effort.,Disagree,0.930483,0.970295
16903,Respondent #768,Design - I easily understood how to use the product.,Strongly Disagree,0.746222,0.500357
16904,Respondent #768,Design - I had no trouble installing the product.,Strongly Agree,0.597942,0.692684
16905,Respondent #768,"Design - The product's design is unintuitive.",Strongly Disagree,0.876402,0.596327
16906,Respondent #768,Quality - The product was durable.,Agree,0.677727,0.350893
16907,Respondent #768,Quality - The product was free from scratches.,Disagree,0.57997,0.618781
16908,Respondent #768,Quality - The product is deformed.,Agree,0.036703,0.542611
16909,Respondent #768,Pricing - The product is affordable.,Strongly Disagree,0.089795,0.935558
16910,Respondent #768,Pricing - The product saves me valuable time.,Neutral,0.972096,0.81113
16911,Respondent #768,Pricing - The product saves me valuable effort.,Disagree,0.470949,0.800685
16912,Respondent #769,Design - I easily understood how to use the product.,Strongly Disagree,0.942996,0.773559
16913,Respondent #769,Design - I had no trouble installing the product.,Strongly Agree,0.794445,0.713102
16914,Respondent #769,"Design - The product's design is unintuitive.",Disagree,0.295572,0.496082
16915,Respondent #769,Quality - The product was durable.,Neutral,0.227954,0.543782
16916,Respondent #769,Quality - The product was free from scratches.,Disagree,0.600612,0.93592
16917,Respondent #769,Quality - The product is deformed.,Neutral,0.356313,0.373796
16918,Respondent #769,Pricing - The product is affordable.,Strongly Agree,0.784444,0.089306
16919,Respondent #769,Pricing - The product saves me valuable time.,Agree,0.451579,0.603915
16920,Respondent #769,Pricing - The product saves me valuable effort.,Disagree,0.590967,0.749342
16921,Respondent #770,Design - I easily understood how to use the product.,Strongly Disagree,0.334647,0.747344
16922,Respondent #770,Design - I had no trouble installing the product.,Strongly Agree,0.165079,0.201553
16923,Respondent #770,"Design - The product's design is unintuitive.",Disagree,0.807532,0.435323
16924,Respondent #770,Quality - The product was durable.,Strongly Agree,0.828462,0.130945
16925,Respondent #770,Quality - The product was free from scratches.,Strongly Disagree,0.293298,0.883733
16926,Respondent #770,Quality - The product is deformed.,Agree,0.817575,0.385773
16927,Respondent #770,Pricing - The product is affordable.,Strongly Disagree,0.789696,0.229051
16928,Respondent #770,Pricing - The product saves me valuable time.,Neutral,0.818679,0.276204
16929,Respondent #770,Pricing - The product saves me valuable effort.,Strongly Disagree,0.507159,0.436142
16930,Respondent #771,Design - I easily understood how to use the product.,Strongly Disagree,0.432539,0.57054
16931,Respondent #771,Design - I had no trouble installing the product.,Strongly Agree,0.187966,0.427145
16932,Respondent #771,"Design - The product's design is unintuitive.",Disagree,0.157797,0.333807
16933,Respondent #771,Quality - The product was durable.,Neutral,0.111906,0.943076
16934,Respondent #771,Quality - The product was free from scratches.,Neutral,0.815533,0.693248
16935,Respondent #771,Quality - The product is deformed.,Disagree,0.417984,0.963627
16936,Respondent #771,Pricing - The product is affordable.,Agree,0.480274,0.898774
16937,Respondent #771,Pricing - The product saves me valuable time.,Neutral,0.249661,0.727442
16938,Respondent #771,Pricing - The product saves me valuable effort.,Disagree,0.216042,0.895483
16939,Respondent #772,Design - I easily understood how to use the product.,Agree,0.891435,0.763256
16940,Respondent #772,Design - I had no trouble installing the product.,Strongly Agree,0.433166,0.94057
16941,Respondent #772,"Design - The product's design is unintuitive.",Disagree,0.723309,0.06071
16942,Respondent #772,Quality - The product was durable.,Agree,0.942242,0.307005
16943,Respondent #772,Quality - The product was free from scratches.,Disagree,0.676437,0.458123
16944,Respondent #772,Quality - The product is deformed.,Strongly Agree,0.484428,0.574994
16945,Respondent #772,Pricing - The product is affordable.,Strongly Disagree,0.325538,0.745843
16946,Respondent #772,Pricing - The product saves me valuable time.,Agree,0.208086,0.595163
16947,Respondent #772,Pricing - The product saves me valuable effort.,Disagree,0.492803,0.985863
16948,Respondent #773,Design - I easily understood how to use the product.,Strongly Disagree,0.271682,0.485433
16949,Respondent #773,Design - I had no trouble installing the product.,Strongly Agree,0.255477,0.835158
16950,Respondent #773,"Design - The product's design is unintuitive.",Agree,0.810186,0.831254
16951,Respondent #773,Quality - The product was durable.,Strongly Agree,0.991463,0.893266
16952,Respondent #773,Quality - The product was free from scratches.,Disagree,0.922058,0.504121
16953,Respondent #773,Quality - The product is deformed.,Disagree,0.397233,0.907397
16954,Respondent #773,Pricing - The product is affordable.,Neutral,0.611189,0.213186
16955,Respondent #773,Pricing - The product saves me valuable time.,Agree,0.206501,0.711224
16956,Respondent #773,Pricing - The product saves me valuable effort.,Disagree,0.11354,0.228868
16957,Respondent #774,Design - I easily understood how to use the product.,Strongly Disagree,0.282294,0.048609
16958,Respondent #774,Design - I had no trouble installing the product.,Strongly Disagree,0.315808,0.837979
16959,Respondent #774,"Design - The product's design is unintuitive.",Strongly Disagree,0.111672,0.278362
16960,Respondent #774,Quality - The product was durable.,Strongly Agree,0.123179,0.655276
16961,Respondent #774,Quality - The product was free from scratches.,Neutral,0.819182,0.351681
16962,Respondent #774,Quality - The product is deformed.,Strongly Disagree,0.447651,0.92009
16963,Respondent #774,Pricing - The product is affordable.,Strongly Disagree,0.10933,0.633292
16964,Respondent #774,Pricing - The product saves me valuable time.,Neutral,0.742601,0.743063
16965,Respondent #774,Pricing - The product saves me valuable effort.,Strongly Disagree,0.218337,0.506221
16966,Respondent #775,Design - I easily understood how to use the product.,Strongly Disagree,0.4126,0.474836
16967,Respondent #775,Design - I had no trouble installing the product.,Strongly Agree,0.445946,0.005922
16968,Respondent #775,"Design - The product's design is unintuitive.",Neutral,0.076166,0.760396
16969,Respondent #775,Quality - The product was durable.,Disagree,0.890428,0.532416
16970,Respondent #775,Quality - The product was free from scratches.,Disagree,0.409292,0.215641
16971,Respondent #775,Quality - The product is deformed.,Agree,0.193478,0.550118
16972,Respondent #775,Pricing - The product is affordable.,Agree,0.325119,0.648283
16973,Respondent #775,Pricing - The product saves me valuable time.,Agree,0.713792,0.986408
16974,Respondent #775,Pricing - The product saves me valuable effort.,Disagree,0.186521,0.927047
16975,Respondent #776,Design - I easily understood how to use the product.,Strongly Disagree,0.244212,0.010858
16976,Respondent #776,Design - I had no trouble installing the product.,Strongly Agree,0.267226,0.869233
16977,Respondent #776,"Design - The product's design is unintuitive.",Disagree,0.854568,0.923629
16978,Respondent #776,Quality - The product was durable.,Neutral,0.261424,0.419838
16979,Respondent #776,Quality - The product was free from scratches.,Disagree,0.098699,0.043401
16980,Respondent #776,Quality - The product is deformed.,Neutral,0.185042,0.6567
16981,Respondent #776,Pricing - The product is affordable.,Strongly Disagree,0.99186,0.775463
16982,Respondent #776,Pricing - The product saves me valuable time.,Agree,0.673872,0.640875
16983,Respondent #776,Pricing - The product saves me valuable effort.,Disagree,0.543447,0.616182
16984,Respondent #777,Design - I easily understood how to use the product.,Strongly Disagree,0.280963,0.542862
16985,Respondent #777,Design - I had no trouble installing the product.,Strongly Agree,0.375885,0.220584
16986,Respondent #777,"Design - The product's design is unintuitive.",Neutral,0.142284,0.167295
16987,Respondent #777,Quality - The product was durable.,Strongly Agree,0.165949,0.060616
16988,Respondent #777,Quality - The product was free from scratches.,Disagree,0.97037,0.564088
16989,Respondent #777,Quality - The product is deformed.,Disagree,0.571274,0.350509
16990,Respondent #777,Pricing - The product is affordable.,Strongly Agree,0.597928,0.510302
16991,Respondent #777,Pricing - The product saves me valuable time.,Agree,0.145017,0.472569
16992,Respondent #777,Pricing - The product saves me valuable effort.,Strongly Disagree,0.611781,0.186684
16993,Respondent #778,Design - I easily understood how to use the product.,Strongly Disagree,0.079025,0.841697
16994,Respondent #778,Design - I had no trouble installing the product.,Strongly Agree,0.143187,0.933247
16995,Respondent #778,"Design - The product's design is unintuitive.",Agree,0.379191,0.536151
16996,Respondent #778,Quality - The product was durable.,Neutral,0.731617,0.079224
16997,Respondent #778,Quality - The product was free from scratches.,Disagree,0.970729,0.016539
16998,Respondent #778,Quality - The product is deformed.,Agree,0.183175,0.580395
16999,Respondent #778,Pricing - The product is affordable.,Agree,0.663378,0.694337
17000,Respondent #778,Pricing - The product saves me valuable time.,Agree,0.487108,0.594211
17001,Respondent #778,Pricing - The product saves me valuable effort.,Strongly Disagree,0.974872,0.226784
17002,Respondent #779,Design - I easily understood how to use the product.,Agree,0.004383,0.656069
17003,Respondent #779,Design - I had no trouble installing the product.,Strongly Agree,0.789078,0.275211
17004,Respondent #779,"Design - The product's design is unintuitive.",Strongly Disagree,0.357905,0.792986
17005,Respondent #779,Quality - The product was durable.,Strongly Agree,0.326126,0.301859
17006,Respondent #779,Quality - The product was free from scratches.,Disagree,0.369866,0.199024
17007,Respondent #779,Quality - The product is deformed.,Agree,0.267335,0.740824
17008,Respondent #779,Pricing - The product is affordable.,Agree,0.767933,0.185288
17009,Respondent #779,Pricing - The product saves me valuable time.,Agree,0.549479,0.328307
17010,Respondent #779,Pricing - The product saves me valuable effort.,Disagree,0.457038,0.283476
17011,Respondent #780,Design - I easily understood how to use the product.,Strongly Disagree,0.746042,0.970631
17012,Respondent #780,Design - I had no trouble installing the product.,Strongly Agree,0.380304,0.158556
17013,Respondent #780,"Design - The product's design is unintuitive.",Agree,0.244499,0.313431
17014,Respondent #780,Quality - The product was durable.,Strongly Agree,0.010294,0.492425
17015,Respondent #780,Quality - The product was free from scratches.,Disagree,0.158899,0.098706
17016,Respondent #780,Quality - The product is deformed.,Neutral,0.215686,0.788233
17017,Respondent #780,Pricing - The product is affordable.,Disagree,0.765785,0.402569
17018,Respondent #780,Pricing - The product saves me valuable time.,Strongly Agree,0.531526,0.549095
17019,Respondent #780,Pricing - The product saves me valuable effort.,Disagree,0.974817,0.449327
17020,Respondent #781,Design - I easily understood how to use the product.,Strongly Disagree,0.898998,0.935849
17021,Respondent #781,Design - I had no trouble installing the product.,Neutral,0.393036,0.358223
17022,Respondent #781,"Design - The product's design is unintuitive.",Neutral,0.583292,0.690909
17023,Respondent #781,Quality - The product was durable.,Agree,0.204613,0.282522
17024,Respondent #781,Quality - The product was free from scratches.,Disagree,0.013284,0.826095
17025,Respondent #781,Quality - The product is deformed.,Agree,0.841239,0.305357
17026,Respondent #781,Pricing - The product is affordable.,Disagree,0.558248,0.175298
17027,Respondent #781,Pricing - The product saves me valuable time.,Agree,0.341164,0.129835
17028,Respondent #781,Pricing - The product saves me valuable effort.,Neutral,0.650402,0.201725
17029,Respondent #782,Design - I easily understood how to use the product.,Strongly Disagree,0.036563,0.291404
17030,Respondent #782,Design - I had no trouble installing the product.,Agree,0.550933,0.701414
17031,Respondent #782,"Design - The product's design is unintuitive.",Disagree,0.264215,0.472923
17032,Respondent #782,Quality - The product was durable.,Strongly Agree,0.732623,0.184278
17033,Respondent #782,Quality - The product was free from scratches.,Neutral,0.296145,0.02428
17034,Respondent #782,Quality - The product is deformed.,Neutral,0.068773,0.885558
17035,Respondent #782,Pricing - The product is affordable.,Neutral,0.309363,0.581804
17036,Respondent #782,Pricing - The product saves me valuable time.,Disagree,0.652881,0.844573
17037,Respondent #782,Pricing - The product saves me valuable effort.,Disagree,0.20538,0.798266
17038,Respondent #783,Design - I easily understood how to use the product.,Strongly Disagree,0.886815,0.605368
17039,Respondent #783,Design - I had no trouble installing the product.,Strongly Agree,0.019532,0.561707
17040,Respondent #783,"Design - The product's design is unintuitive.",Disagree,0.324006,0.141023
17041,Respondent #783,Quality - The product was durable.,Strongly Agree,0.581917,0.900099
17042,Respondent #783,Quality - The product was free from scratches.,Neutral,0.883124,0.79158
17043,Respondent #783,Quality - The product is deformed.,Disagree,0.989766,0.395941
17044,Respondent #783,Pricing - The product is affordable.,Strongly Disagree,0.886862,0.08547
17045,Respondent #783,Pricing - The product saves me valuable time.,Agree,0.224117,0.706068
17046,Respondent #783,Pricing - The product saves me valuable effort.,Strongly Disagree,0.373376,0.581374
17047,Respondent #784,Design - I easily understood how to use the product.,Strongly Disagree,0.092092,0.107214
17048,Respondent #784,Design - I had no trouble installing the product.,Neutral,0.024977,0.130663
17049,Respondent #784,"Design - The product's design is unintuitive.",Disagree,0.47083,0.378868
17050,Respondent #784,Quality - The product was durable.,Neutral,0.50581,0.848369
17051,Respondent #784,Quality - The product was free from scratches.,Disagree,0.65866,0.197317
17052,Respondent #784,Quality - The product is deformed.,Neutral,0.402029,0.848173
17053,Respondent #784,Pricing - The product is affordable.,Disagree,0.352118,0.986003
17054,Respondent #784,Pricing - The product saves me valuable time.,Disagree,0.269387,0.902495
17055,Respondent #784,Pricing - The product saves me valuable effort.,Disagree,0.81046,0.959368
17056,Respondent #785,Design - I easily understood how to use the product.,Agree,0.681554,0.847724
17057,Respondent #785,Design - I had no trouble installing the product.,Neutral,0.84105,0.653477
17058,Respondent #785,"Design - The product's design is unintuitive.",Agree,0.112824,0.914843
17059,Respondent #785,Quality - The product was durable.,Strongly Agree,0.976338,0.67309
17060,Respondent #785,Quality - The product was free from scratches.,Disagree,0.407795,0.214582
17061,Respondent #785,Quality - The product is deformed.,Neutral,0.222744,0.997642
17062,Respondent #785,Pricing - The product is affordable.,Strongly Disagree,0.503903,0.924056
17063,Respondent #785,Pricing - The product saves me valuable time.,Neutral,0.581657,0.184807
17064,Respondent #785,Pricing - The product saves me valuable effort.,Disagree,0.510559,0.908223
17065,Respondent #786,Design - I easily understood how to use the product.,Strongly Disagree,0.341658,0.510485
17066,Respondent #786,Design - I had no trouble installing the product.,Strongly Agree,0.336244,0.396471
17067,Respondent #786,"Design - The product's design is unintuitive.",Neutral,0.561473,0.940272
17068,Respondent #786,Quality - The product was durable.,Strongly Agree,0.269306,0.233839
17069,Respondent #786,Quality - The product was free from scratches.,Strongly Disagree,0.705439,0.090488
17070,Respondent #786,Quality - The product is deformed.,Agree,0.289298,0.779659
17071,Respondent #786,Pricing - The product is affordable.,Disagree,0.55812,0.624807
17072,Respondent #786,Pricing - The product saves me valuable time.,Agree,0.798709,0.396307
17073,Respondent #786,Pricing - The product saves me valuable effort.,Strongly Disagree,0.03387,0.44787
17074,Respondent #787,Design - I easily understood how to use the product.,Strongly Disagree,0.69041,0.890399
17075,Respondent #787,Design - I had no trouble installing the product.,Strongly Agree,0.204351,0.416353
17076,Respondent #787,"Design - The product's design is unintuitive.",Strongly Disagree,0.909728,0.968951
17077,Respondent #787,Quality - The product was durable.,Strongly Agree,0.921599,0.654952
17078,Respondent #787,Quality - The product was free from scratches.,Disagree,0.874573,0.617156
17079,Respondent #787,Quality - The product is deformed.,Agree,0.535742,0.457792
17080,Respondent #787,Pricing - The product is affordable.,Neutral,0.347187,0.173145
17081,Respondent #787,Pricing - The product saves me valuable time.,Agree,0.065448,0.1346
17082,Respondent #787,Pricing - The product saves me valuable effort.,Strongly Disagree,0.448772,0.401878
17083,Respondent #788,Design - I easily understood how to use the product.,Disagree,0.251109,0.587462
17084,Respondent #788,Design - I had no trouble installing the product.,Agree,0.387727,0.75051
17085,Respondent #788,"Design - The product's design is unintuitive.",Neutral,0.060997,0.63027
17086,Respondent #788,Quality - The product was durable.,Neutral,0.990966,0.715303
17087,Respondent #788,Quality - The product was free from scratches.,Neutral,0.882243,0.013654
17088,Respondent #788,Quality - The product is deformed.,Strongly Disagree,0.612973,0.255428
17089,Respondent #788,Pricing - The product is affordable.,Agree,0.679831,0.729078
17090,Respondent #788,Pricing - The product saves me valuable time.,Neutral,0.980499,0.627103
17091,Respondent #788,Pricing - The product saves me valuable effort.,Disagree,0.383969,0.74232
17092,Respondent #789,Design - I easily understood how to use the product.,Strongly Disagree,0.273856,0.793093
17093,Respondent #789,Design - I had no trouble installing the product.,Agree,0.434092,0.404383
17094,Respondent #789,"Design - The product's design is unintuitive.",Neutral,0.140208,0.161752
17095,Respondent #789,Quality - The product was durable.,Agree,0.013031,0.782213
17096,Respondent #789,Quality - The product was free from scratches.,Disagree,0.287436,0.503584
17097,Respondent #789,Quality - The product is deformed.,Agree,0.137858,0.214075
17098,Respondent #789,Pricing - The product is affordable.,Strongly Disagree,0.105564,0.238328
17099,Respondent #789,Pricing - The product saves me valuable time.,Agree,0.730774,0.820994
17100,Respondent #789,Pricing - The product saves me valuable effort.,Strongly Disagree,0.699643,0.960517
17101,Respondent #790,Design - I easily understood how to use the product.,Disagree,0.517644,0.391809
17102,Respondent #790,Design - I had no trouble installing the product.,Agree,0.580401,0.410777
17103,Respondent #790,"Design - The product's design is unintuitive.",Disagree,0.638446,0.667916
17104,Respondent #790,Quality - The product was durable.,Strongly Agree,0.740976,0.794649
17105,Respondent #790,Quality - The product was free from scratches.,Disagree,0.001508,0.106236
17106,Respondent #790,Quality - The product is deformed.,Strongly Agree,0.277354,0.371418
17107,Respondent #790,Pricing - The product is affordable.,Neutral,0.700222,0.539682
17108,Respondent #790,Pricing - The product saves me valuable time.,Strongly Agree,0.301727,0.236438
17109,Respondent #790,Pricing - The product saves me valuable effort.,Neutral,0.695795,0.656022
17110,Respondent #791,Design - I easily understood how to use the product.,Agree,0.300277,0.041449
17111,Respondent #791,Design - I had no trouble installing the product.,Strongly Agree,0.46495,0.012502
17112,Respondent #791,"Design - The product's design is unintuitive.",Strongly Disagree,0.838315,0.803356
17113,Respondent #791,Quality - The product was durable.,Agree,0.226466,0.300986
17114,Respondent #791,Quality - The product was free from scratches.,Disagree,0.932109,0.338024
17115,Respondent #791,Quality - The product is deformed.,Disagree,0.483569,0.377985
17116,Respondent #791,Pricing - The product is affordable.,Strongly Disagree,0.106378,0.108834
17117,Respondent #791,Pricing - The product saves me valuable time.,Neutral,0.058184,0.755376
17118,Respondent #791,Pricing - The product saves me valuable effort.,Strongly Disagree,0.061619,0.916614
17119,Respondent #792,Design - I easily understood how to use the product.,Strongly Disagree,0.929798,0.039807
17120,Respondent #792,Design - I had no trouble installing the product.,Agree,0.260719,0.223107
17121,Respondent #792,"Design - The product's design is unintuitive.",Strongly Disagree,0.079569,0.016251
17122,Respondent #792,Quality - The product was durable.,Neutral,0.645656,0.623679
17123,Respondent #792,Quality - The product was free from scratches.,Disagree,0.284724,0.235971
17124,Respondent #792,Quality - The product is deformed.,Neutral,0.008835,0.270176
17125,Respondent #792,Pricing - The product is affordable.,Strongly Agree,0.062776,0.403084
17126,Respondent #792,Pricing - The product saves me valuable time.,Agree,0.233628,0.254581
17127,Respondent #792,Pricing - The product saves me valuable effort.,Strongly Disagree,0.462619,0.946737
17128,Respondent #793,Design - I easily understood how to use the product.,Disagree,0.932075,0.306776
17129,Respondent #793,Design - I had no trouble installing the product.,Strongly Agree,0.053916,0.053906
17130,Respondent #793,"Design - The product's design is unintuitive.",Agree,0.392714,0.421009
17131,Respondent #793,Quality - The product was durable.,Agree,0.379822,0.993219
17132,Respondent #793,Quality - The product was free from scratches.,Disagree,0.986644,0.91873
17133,Respondent #793,Quality - The product is deformed.,Neutral,0.563027,0.702754
17134,Respondent #793,Pricing - The product is affordable.,Strongly Disagree,0.080765,0.788964
17135,Respondent #793,Pricing - The product saves me valuable time.,Agree,0.261659,0.930119
17136,Respondent #793,Pricing - The product saves me valuable effort.,Strongly Disagree,0.368938,0.694966
17137,Respondent #794,Design - I easily understood how to use the product.,Strongly Disagree,0.446734,0.615901
17138,Respondent #794,Design - I had no trouble installing the product.,Neutral,0.846634,0.275059
17139,Respondent #794,"Design - The product's design is unintuitive.",Disagree,0.313099,0.940681
17140,Respondent #794,Quality - The product was durable.,Strongly Agree,0.791373,0.184849
17141,Respondent #794,Quality - The product was free from scratches.,Strongly Disagree,0.496623,0.847865
17142,Respondent #794,Quality - The product is deformed.,Agree,0.313582,0.959299
17143,Respondent #794,Pricing - The product is affordable.,Strongly Disagree,0.808044,0.730289
17144,Respondent #794,Pricing - The product saves me valuable time.,Agree,0.940613,0.054433
17145,Respondent #794,Pricing - The product saves me valuable effort.,Neutral,0.561128,0.338621
17146,Respondent #795,Design - I easily understood how to use the product.,Strongly Agree,0.604137,0.614388
17147,Respondent #795,Design - I had no trouble installing the product.,Strongly Agree,0.801294,0.301414
17148,Respondent #795,"Design - The product's design is unintuitive.",Disagree,0.879624,0.813567
17149,Respondent #795,Quality - The product was durable.,Agree,0.095947,0.870372
17150,Respondent #795,Quality - The product was free from scratches.,Disagree,0.959237,0.85462
17151,Respondent #795,Quality - The product is deformed.,Neutral,0.558674,0.203593
17152,Respondent #795,Pricing - The product is affordable.,Agree,0.855215,0.248866
17153,Respondent #795,Pricing - The product saves me valuable time.,Neutral,0.037347,0.400875
17154,Respondent #795,Pricing - The product saves me valuable effort.,Strongly Disagree,0.927947,0.383873
17155,Respondent #796,Design - I easily understood how to use the product.,Strongly Disagree,0.797338,0.739625
17156,Respondent #796,Design - I had no trouble installing the product.,Neutral,0.238691,0.287778
17157,Respondent #796,"Design - The product's design is unintuitive.",Disagree,0.963686,0.194893
17158,Respondent #796,Quality - The product was durable.,Strongly Agree,0.92127,0.588652
17159,Respondent #796,Quality - The product was free from scratches.,Neutral,0.283112,0.260568
17160,Respondent #796,Quality - The product is deformed.,Neutral,0.383526,0.00287
17161,Respondent #796,Pricing - The product is affordable.,Neutral,0.134515,0.823685
17162,Respondent #796,Pricing - The product saves me valuable time.,Agree,0.643349,0.222552
17163,Respondent #796,Pricing - The product saves me valuable effort.,Disagree,0.304308,0.625281
17164,Respondent #797,Design - I easily understood how to use the product.,Strongly Disagree,0.200133,0.825904
17165,Respondent #797,Design - I had no trouble installing the product.,Strongly Agree,0.05787,0.782255
17166,Respondent #797,"Design - The product's design is unintuitive.",Neutral,0.530431,0.196631
17167,Respondent #797,Quality - The product was durable.,Agree,0.716126,0.473824
17168,Respondent #797,Quality - The product was free from scratches.,Neutral,0.915364,0.497491
17169,Respondent #797,Quality - The product is deformed.,Neutral,0.975584,0.422174
17170,Respondent #797,Pricing - The product is affordable.,Disagree,0.593926,0.981241
17171,Respondent #797,Pricing - The product saves me valuable time.,Neutral,0.00147,0.012995
17172,Respondent #797,Pricing - The product saves me valuable effort.,Disagree,0.672862,0.805148
17173,Respondent #798,Design - I easily understood how to use the product.,Strongly Disagree,0.704942,0.34876
17174,Respondent #798,Design - I had no trouble installing the product.,Agree,0.316648,0.586056
17175,Respondent #798,"Design - The product's design is unintuitive.",Neutral,0.92668,0.062479
17176,Respondent #798,Quality - The product was durable.,Strongly Agree,0.272504,0.411843
17177,Respondent #798,Quality - The product was free from scratches.,Neutral,0.871419,0.760653
17178,Respondent #798,Quality - The product is deformed.,Neutral,0.647954,0.241209
17179,Respondent #798,Pricing - The product is affordable.,Disagree,0.332784,0.411571
17180,Respondent #798,Pricing - The product saves me valuable time.,Neutral,0.908395,0.02887
17181,Respondent #798,Pricing - The product saves me valuable effort.,Disagree,0.161615,0.95058
17182,Respondent #799,Design - I easily understood how to use the product.,Strongly Disagree,0.334582,0.201704
17183,Respondent #799,Design - I had no trouble installing the product.,Strongly Agree,0.338815,0.552236
17184,Respondent #799,"Design - The product's design is unintuitive.",Neutral,0.372329,0.835978
17185,Respondent #799,Quality - The product was durable.,Agree,0.819051,0.004796
17186,Respondent #799,Quality - The product was free from scratches.,Neutral,0.903408,0.46868
17187,Respondent #799,Quality - The product is deformed.,Neutral,0.33688,0.967421
17188,Respondent #799,Pricing - The product is affordable.,Disagree,0.889159,0.032009
17189,Respondent #799,Pricing - The product saves me valuable time.,Agree,0.850386,0.012896
17190,Respondent #799,Pricing - The product saves me valuable effort.,Disagree,0.850179,0.770335
17191,Respondent #800,Design - I easily understood how to use the product.,Strongly Disagree,0.065771,0.956805
17192,Respondent #800,Design - I had no trouble installing the product.,Strongly Agree,0.362296,0.805179
17193,Respondent #800,"Design - The product's design is unintuitive.",Disagree,0.919279,0.322971
17194,Respondent #800,Quality - The product was durable.,Strongly Agree,0.432127,0.571727
17195,Respondent #800,Quality - The product was free from scratches.,Disagree,0.413038,0.6301
17196,Respondent #800,Quality - The product is deformed.,Neutral,0.986086,0.259547
17197,Respondent #800,Pricing - The product is affordable.,Strongly Disagree,0.657645,0.04326
17198,Respondent #800,Pricing - The product saves me valuable time.,Strongly Agree,0.946636,0.46015
17199,Respondent #800,Pricing - The product saves me valuable effort.,Disagree,0.744531,0.573507
17200,Respondent #801,Design - I easily understood how to use the product.,Strongly Disagree,0.391865,0.18023
17201,Respondent #801,Design - I had no trouble installing the product.,Agree,0.962595,0.523355
17202,Respondent #801,"Design - The product's design is unintuitive.",Neutral,0.051371,0.10064
17203,Respondent #801,Quality - The product was durable.,Agree,0.954045,0.931998
17204,Respondent #801,Quality - The product was free from scratches.,Disagree,0.267768,0.002684
17205,Respondent #801,Quality - The product is deformed.,Neutral,0.641375,0.722546
17206,Respondent #801,Pricing - The product is affordable.,Strongly Disagree,0.370326,0.259381
17207,Respondent #801,Pricing - The product saves me valuable time.,Neutral,0.209594,0.250187
17208,Respondent #801,Pricing - The product saves me valuable effort.,Strongly Disagree,0.519832,0.293043
17209,Respondent #802,Design - I easily understood how to use the product.,Strongly Disagree,0.56647,0.344615
17210,Respondent #802,Design - I had no trouble installing the product.,Strongly Agree,0.656471,0.995816
17211,Respondent #802,"Design - The product's design is unintuitive.",Disagree,0.600349,0.670227
17212,Respondent #802,Quality - The product was durable.,Agree,0.135454,0.6859
17213,Respondent #802,Quality - The product was free from scratches.,Disagree,0.714847,0.468082
17214,Respondent #802,Quality - The product is deformed.,Strongly Agree,0.612821,0.093184
17215,Respondent #802,Pricing - The product is affordable.,Neutral,0.53104,0.414636
17216,Respondent #802,Pricing - The product saves me valuable time.,Strongly Agree,0.775226,0.45737
17217,Respondent #802,Pricing - The product saves me valuable effort.,Disagree,0.024829,0.721319
17218,Respondent #803,Design - I easily understood how to use the product.,Strongly Agree,0.720226,0.877128
17219,Respondent #803,Design - I had no trouble installing the product.,Agree,0.137299,0.969358
17220,Respondent #803,"Design - The product's design is unintuitive.",Disagree,0.670558,0.664894
17221,Respondent #803,Quality - The product was durable.,Agree,0.4129,0.345225
17222,Respondent #803,Quality - The product was free from scratches.,Disagree,0.842807,0.99797
17223,Respondent #803,Quality - The product is deformed.,Strongly Agree,0.889918,0.043878
17224,Respondent #803,Pricing - The product is affordable.,Strongly Disagree,0.777334,0.321046
17225,Respondent #803,Pricing - The product saves me valuable time.,Neutral,0.890699,0.844855
17226,Respondent #803,Pricing - The product saves me valuable effort.,Neutral,0.509403,0.467722
17227,Respondent #804,Design - I easily understood how to use the product.,Disagree,0.059578,0.432921
17228,Respondent #804,Design - I had no trouble installing the product.,Agree,0.246408,0.000583
17229,Respondent #804,"Design - The product's design is unintuitive.",Disagree,0.951162,0.184161
17230,Respondent #804,Quality - The product was durable.,Agree,0.852421,0.866333
17231,Respondent #804,Quality - The product was free from scratches.,Disagree,0.196816,0.487248
17232,Respondent #804,Quality - The product is deformed.,Neutral,0.506584,0.282173
17233,Respondent #804,Pricing - The product is affordable.,Neutral,0.492215,0.363328
17234,Respondent #804,Pricing - The product saves me valuable time.,Agree,0.653846,0.469956
17235,Respondent #804,Pricing - The product saves me valuable effort.,Disagree,0.942081,0.797486
17236,Respondent #805,Design - I easily understood how to use the product.,Strongly Disagree,0.584277,0.345803
17237,Respondent #805,Design - I had no trouble installing the product.,Neutral,0.725926,0.836555
17238,Respondent #805,"Design - The product's design is unintuitive.",Disagree,0.165078,0.919401
17239,Respondent #805,Quality - The product was durable.,Strongly Agree,0.79782,0.6712
17240,Respondent #805,Quality - The product was free from scratches.,Disagree,0.554387,0.146708
17241,Respondent #805,Quality - The product is deformed.,Neutral,0.940809,0.065136
17242,Respondent #805,Pricing - The product is affordable.,Strongly Disagree,0.407637,0.32255
17243,Respondent #805,Pricing - The product saves me valuable time.,Agree,0.482353,0.108033
17244,Respondent #805,Pricing - The product saves me valuable effort.,Neutral,0.622104,0.239563
17245,Respondent #806,Design - I easily understood how to use the product.,Strongly Agree,0.155918,0.231516
17246,Respondent #806,Design - I had no trouble installing the product.,Agree,0.177033,0.318826
17247,Respondent #806,"Design - The product's design is unintuitive.",Agree,0.752391,0.929727
17248,Respondent #806,Quality - The product was durable.,Strongly Agree,0.277694,0.774838
17249,Respondent #806,Quality - The product was free from scratches.,Neutral,0.978113,0.364773
17250,Respondent #806,Quality - The product is deformed.,Agree,0.989542,0.454983
17251,Respondent #806,Pricing - The product is affordable.,Disagree,0.221348,0.962049
17252,Respondent #806,Pricing - The product saves me valuable time.,Strongly Agree,0.318803,0.526578
17253,Respondent #806,Pricing - The product saves me valuable effort.,Disagree,0.724053,0.341954
17254,Respondent #807,Design - I easily understood how to use the product.,Strongly Disagree,0.03816,0.098795
17255,Respondent #807,Design - I had no trouble installing the product.,Strongly Agree,0.487915,0.815891
17256,Respondent #807,"Design - The product's design is unintuitive.",Neutral,0.328966,0.710003
17257,Respondent #807,Quality - The product was durable.,Agree,0.736378,0.023383
17258,Respondent #807,Quality - The product was free from scratches.,Disagree,0.219053,0.939157
17259,Respondent #807,Quality - The product is deformed.,Neutral,0.779548,0.383939
17260,Respondent #807,Pricing - The product is affordable.,Agree,0.966083,0.645429
17261,Respondent #807,Pricing - The product saves me valuable time.,Agree,0.872968,0.911102
17262,Respondent #807,Pricing - The product saves me valuable effort.,Disagree,0.630576,0.677437
17263,Respondent #808,Design - I easily understood how to use the product.,Strongly Disagree,0.99261,0.121924
17264,Respondent #808,Design - I had no trouble installing the product.,Agree,0.425446,0.194604
17265,Respondent #808,"Design - The product's design is unintuitive.",Neutral,0.199581,0.684807
17266,Respondent #808,Quality - The product was durable.,Strongly Agree,0.765377,0.368082
17267,Respondent #808,Quality - The product was free from scratches.,Disagree,0.661999,0.760733
17268,Respondent #808,Quality - The product is deformed.,Strongly Disagree,0.815666,0.45558
17269,Respondent #808,Pricing - The product is affordable.,Strongly Disagree,0.983604,0.696439
17270,Respondent #808,Pricing - The product saves me valuable time.,Neutral,0.735164,0.843653
17271,Respondent #808,Pricing - The product saves me valuable effort.,Strongly Disagree,0.968388,0.328344
17272,Respondent #809,Design - I easily understood how to use the product.,Strongly Disagree,0.074103,0.033791
17273,Respondent #809,Design - I had no trouble installing the product.,Strongly Agree,0.905348,0.083729
17274,Respondent #809,"Design - The product's design is unintuitive.",Neutral,0.239319,0.326361
17275,Respondent #809,Quality - The product was durable.,Neutral,0.985609,0.082647
17276,Respondent #809,Quality - The product was free from scratches.,Neutral,0.468713,0.652214
17277,Respondent #809,Quality - The product is deformed.,Strongly Agree,0.831626,0.333639
17278,Respondent #809,Pricing - The product is affordable.,Strongly Disagree,0.704408,0.590082
17279,Respondent #809,Pricing - The product saves me valuable time.,Agree,0.810246,0.00026
17280,Respondent #809,Pricing - The product saves me valuable effort.,Strongly Disagree,0.244249,0.331117
17281,Respondent #810,Design - I easily understood how to use the product.,Strongly Disagree,0.937196,0.521308
17282,Respondent #810,Design - I had no trouble installing the product.,Neutral,0.081097,0.960026
17283,Respondent #810,"Design - The product's design is unintuitive.",Strongly Disagree,0.514743,0.355377
17284,Respondent #810,Quality - The product was durable.,Agree,0.25416,0.832326
17285,Respondent #810,Quality - The product was free from scratches.,Neutral,0.342572,0.764092
17286,Respondent #810,Quality - The product is deformed.,Neutral,0.109711,0.56202
17287,Respondent #810,Pricing - The product is affordable.,Disagree,0.722197,0.63839
17288,Respondent #810,Pricing - The product saves me valuable time.,Agree,0.054271,0.695357
17289,Respondent #810,Pricing - The product saves me valuable effort.,Disagree,0.232391,0.224953
17290,Respondent #811,Design - I easily understood how to use the product.,Strongly Agree,0.434412,0.763861
17291,Respondent #811,Design - I had no trouble installing the product.,Agree,0.940672,0.72226
17292,Respondent #811,"Design - The product's design is unintuitive.",Disagree,0.831667,0.482843
17293,Respondent #811,Quality - The product was durable.,Disagree,0.696498,0.810898
17294,Respondent #811,Quality - The product was free from scratches.,Neutral,0.81671,0.661914
17295,Respondent #811,Quality - The product is deformed.,Neutral,0.39136,0.863906
17296,Respondent #811,Pricing - The product is affordable.,Strongly Disagree,0.609058,0.729864
17297,Respondent #811,Pricing - The product saves me valuable time.,Neutral,0.452098,0.286964
17298,Respondent #811,Pricing - The product saves me valuable effort.,Strongly Disagree,0.730876,0.337473
17299,Respondent #812,Design - I easily understood how to use the product.,Disagree,0.525308,0.035072
17300,Respondent #812,Design - I had no trouble installing the product.,Strongly Agree,0.622339,0.556694
17301,Respondent #812,"Design - The product's design is unintuitive.",Disagree,0.596675,0.053695
17302,Respondent #812,Quality - The product was durable.,Strongly Agree,0.728643,0.596058
17303,Respondent #812,Quality - The product was free from scratches.,Disagree,0.594815,0.716709
17304,Respondent #812,Quality - The product is deformed.,Neutral,0.617659,0.589922
17305,Respondent #812,Pricing - The product is affordable.,Strongly Disagree,0.512232,0.958267
17306,Respondent #812,Pricing - The product saves me valuable time.,Agree,0.592429,0.768192
17307,Respondent #812,Pricing - The product saves me valuable effort.,Neutral,0.633101,0.043696
17308,Respondent #813,Design - I easily understood how to use the product.,Strongly Disagree,0.658004,0.929524
17309,Respondent #813,Design - I had no trouble installing the product.,Strongly Agree,0.106845,0.394599
17310,Respondent #813,"Design - The product's design is unintuitive.",Neutral,0.698458,0.749975
17311,Respondent #813,Quality - The product was durable.,Agree,0.634214,0.924092
17312,Respondent #813,Quality - The product was free from scratches.,Neutral,0.711187,0.001299
17313,Respondent #813,Quality - The product is deformed.,Neutral,0.278291,0.73988
17314,Respondent #813,Pricing - The product is affordable.,Neutral,0.494912,0.193
17315,Respondent #813,Pricing - The product saves me valuable time.,Strongly Agree,0.382502,0.787987
17316,Respondent #813,Pricing - The product saves me valuable effort.,Strongly Disagree,0.863395,0.15075
17317,Respondent #814,Design - I easily understood how to use the product.,Neutral,0.337954,0.561621
17318,Respondent #814,Design - I had no trouble installing the product.,Strongly Agree,0.033706,0.95844
17319,Respondent #814,"Design - The product's design is unintuitive.",Strongly Agree,0.780654,0.22259
17320,Respondent #814,Quality - The product was durable.,Strongly Agree,0.99067,0.624623
17321,Respondent #814,Quality - The product was free from scratches.,Disagree,0.283579,0.856846
17322,Respondent #814,Quality - The product is deformed.,Strongly Agree,0.818451,0.502029
17323,Respondent #814,Pricing - The product is affordable.,Neutral,0.45604,0.308164
17324,Respondent #814,Pricing - The product saves me valuable time.,Neutral,0.792336,0.071029
17325,Respondent #814,Pricing - The product saves me valuable effort.,Disagree,0.80807,0.850734
17326,Respondent #815,Design - I easily understood how to use the product.,Neutral,0.84963,0.215315
17327,Respondent #815,Design - I had no trouble installing the product.,Strongly Agree,0.434547,0.266783
17328,Respondent #815,"Design - The product's design is unintuitive.",Neutral,0.329047,0.214337
17329,Respondent #815,Quality - The product was durable.,Neutral,0.077384,0.325754
17330,Respondent #815,Quality - The product was free from scratches.,Disagree,0.596107,0.167233
17331,Respondent #815,Quality - The product is deformed.,Disagree,0.420663,0.446726
17332,Respondent #815,Pricing - The product is affordable.,Neutral,0.013124,0.527722
17333,Respondent #815,Pricing - The product saves me valuable time.,Agree,0.335292,0.125555
17334,Respondent #815,Pricing - The product saves me valuable effort.,Strongly Disagree,0.546949,0.672967
17335,Respondent #816,Design - I easily understood how to use the product.,Neutral,0.932605,0.279144
17336,Respondent #816,Design - I had no trouble installing the product.,Agree,0.136822,0.97582
17337,Respondent #816,"Design - The product's design is unintuitive.",Neutral,0.290307,0.118307
17338,Respondent #816,Quality - The product was durable.,Neutral,0.982016,0.128164
17339,Respondent #816,Quality - The product was free from scratches.,Disagree,0.641477,0.292511
17340,Respondent #816,Quality - The product is deformed.,Strongly Agree,0.745667,0.5304
17341,Respondent #816,Pricing - The product is affordable.,Strongly Disagree,0.889466,0.573365
17342,Respondent #816,Pricing - The product saves me valuable time.,Neutral,0.030965,0.583261
17343,Respondent #816,Pricing - The product saves me valuable effort.,Neutral,0.5224,0.882517
17344,Respondent #817,Design - I easily understood how to use the product.,Neutral,0.374236,0.991026
17345,Respondent #817,Design - I had no trouble installing the product.,Strongly Agree,0.085101,0.201497
17346,Respondent #817,"Design - The product's design is unintuitive.",Neutral,0.492072,0.526892
17347,Respondent #817,Quality - The product was durable.,Agree,0.712295,0.971089
17348,Respondent #817,Quality - The product was free from scratches.,Disagree,0.099057,0.544222
17349,Respondent #817,Quality - The product is deformed.,Agree,0.83432,0.50906
17350,Respondent #817,Pricing - The product is affordable.,Strongly Disagree,0.745732,0.037227
17351,Respondent #817,Pricing - The product saves me valuable time.,Neutral,0.73006,0.84739
17352,Respondent #817,Pricing - The product saves me valuable effort.,Neutral,0.569378,0.200054
17353,Respondent #818,Design - I easily understood how to use the product.,Strongly Disagree,0.036369,0.174795
17354,Respondent #818,Design - I had no trouble installing the product.,Agree,0.429117,0.903307
17355,Respondent #818,"Design - The product's design is unintuitive.",Disagree,0.937137,0.831718
17356,Respondent #818,Quality - The product was durable.,Strongly Agree,0.24279,0.702578
17357,Respondent #818,Quality - The product was free from scratches.,Disagree,0.204752,0.416212
17358,Respondent #818,Quality - The product is deformed.,Strongly Agree,0.945008,0.396557
17359,Respondent #818,Pricing - The product is affordable.,Strongly Disagree,0.291587,0.876377
17360,Respondent #818,Pricing - The product saves me valuable time.,Neutral,0.168911,0.448221
17361,Respondent #818,Pricing - The product saves me valuable effort.,Strongly Disagree,0.385506,0.701855
17362,Respondent #819,Design - I easily understood how to use the product.,Agree,0.797513,0.535782
17363,Respondent #819,Design - I had no trouble installing the product.,Strongly Agree,0.910791,0.615215
17364,Respondent #819,"Design - The product's design is unintuitive.",Neutral,0.775835,0.52075
17365,Respondent #819,Quality - The product was durable.,Neutral,0.784036,0.987408
17366,Respondent #819,Quality - The product was free from scratches.,Disagree,0.687532,0.853656
17367,Respondent #819,Quality - The product is deformed.,Disagree,0.462958,0.284733
17368,Respondent #819,Pricing - The product is affordable.,Strongly Agree,0.310264,0.673861
17369,Respondent #819,Pricing - The product saves me valuable time.,Strongly Agree,0.002978,0.279312
17370,Respondent #819,Pricing - The product saves me valuable effort.,Strongly Disagree,0.729748,0.539764
17371,Respondent #820,Design - I easily understood how to use the product.,Strongly Disagree,0.634846,0.057035
17372,Respondent #820,Design - I had no trouble installing the product.,Strongly Agree,0.423088,0.475561
17373,Respondent #820,"Design - The product's design is unintuitive.",Agree,0.482974,0.213131
17374,Respondent #820,Quality - The product was durable.,Agree,0.9754,0.127506
17375,Respondent #820,Quality - The product was free from scratches.,Neutral,0.926362,0.727897
17376,Respondent #820,Quality - The product is deformed.,Neutral,0.980056,0.001891
17377,Respondent #820,Pricing - The product is affordable.,Strongly Disagree,0.472688,0.469345
17378,Respondent #820,Pricing - The product saves me valuable time.,Agree,0.340234,0.622228
17379,Respondent #820,Pricing - The product saves me valuable effort.,Disagree,0.67996,0.027704
17380,Respondent #821,Design - I easily understood how to use the product.,Disagree,0.618721,0.745182
17381,Respondent #821,Design - I had no trouble installing the product.,Strongly Agree,0.277753,0.304339
17382,Respondent #821,"Design - The product's design is unintuitive.",Disagree,0.784977,0.264335
17383,Respondent #821,Quality - The product was durable.,Agree,0.233747,0.961912
17384,Respondent #821,Quality - The product was free from scratches.,Disagree,0.467776,0.206562
17385,Respondent #821,Quality - The product is deformed.,Agree,0.735964,0.481283
17386,Respondent #821,Pricing - The product is affordable.,Strongly Disagree,0.7617,0.781906
17387,Respondent #821,Pricing - The product saves me valuable time.,Strongly Agree,0.02485,0.372413
17388,Respondent #821,Pricing - The product saves me valuable effort.,Disagree,0.583466,0.17668
17389,Respondent #822,Design - I easily understood how to use the product.,Strongly Disagree,0.408599,0.166752
17390,Respondent #822,Design - I had no trouble installing the product.,Strongly Agree,0.945715,0.645594
17391,Respondent #822,"Design - The product's design is unintuitive.",Agree,0.360313,0.195479
17392,Respondent #822,Quality - The product was durable.,Neutral,0.900357,0.037175
17393,Respondent #822,Quality - The product was free from scratches.,Disagree,0.216124,0.926378
17394,Respondent #822,Quality - The product is deformed.,Strongly Agree,0.356238,0.139818
17395,Respondent #822,Pricing - The product is affordable.,Strongly Agree,0.761439,0.300105
17396,Respondent #822,Pricing - The product saves me valuable time.,Neutral,0.983214,0.854127
17397,Respondent #822,Pricing - The product saves me valuable effort.,Strongly Disagree,0.216445,0.573986
17398,Respondent #823,Design - I easily understood how to use the product.,Strongly Disagree,0.459328,0.722483
17399,Respondent #823,Design - I had no trouble installing the product.,Agree,0.381264,0.313452
17400,Respondent #823,"Design - The product's design is unintuitive.",Disagree,0.336389,0.320778
17401,Respondent #823,Quality - The product was durable.,Agree,0.439854,0.410155
17402,Respondent #823,Quality - The product was free from scratches.,Disagree,0.853232,0.929251
17403,Respondent #823,Quality - The product is deformed.,Agree,0.41296,0.075572
17404,Respondent #823,Pricing - The product is affordable.,Strongly Disagree,0.58024,0.79841
17405,Respondent #823,Pricing - The product saves me valuable time.,Agree,0.262831,0.088299
17406,Respondent #823,Pricing - The product saves me valuable effort.,Neutral,0.64929,0.540507
17407,Respondent #824,Design - I easily understood how to use the product.,Strongly Disagree,0.939563,0.176527
17408,Respondent #824,Design - I had no trouble installing the product.,Strongly Agree,0.80066,0.792262
17409,Respondent #824,"Design - The product's design is unintuitive.",Agree,0.764398,0.098092
17410,Respondent #824,Quality - The product was durable.,Agree,0.226645,0.760793
17411,Respondent #824,Quality - The product was free from scratches.,Neutral,0.062044,0.189602
17412,Respondent #824,Quality - The product is deformed.,Strongly Agree,0.606831,0.379394
17413,Respondent #824,Pricing - The product is affordable.,Disagree,0.346698,0.824168
17414,Respondent #824,Pricing - The product saves me valuable time.,Agree,0.072506,0.928069
17415,Respondent #824,Pricing - The product saves me valuable effort.,Strongly Disagree,0.319787,0.860389
17416,Respondent #825,Design - I easily understood how to use the product.,Strongly Disagree,0.120291,0.277362
17417,Respondent #825,Design - I had no trouble installing the product.,Strongly Agree,0.359064,0.859359
17418,Respondent #825,"Design - The product's design is unintuitive.",Disagree,0.781078,0.560393
17419,Respondent #825,Quality - The product was durable.,Strongly Agree,0.952379,0.629222
17420,Respondent #825,Quality - The product was free from scratches.,Disagree,0.792957,0.820341
17421,Respondent #825,Quality - The product is deformed.,Agree,0.791172,0.898643
17422,Respondent #825,Pricing - The product is affordable.,Neutral,0.899413,0.107288
17423,Respondent #825,Pricing - The product saves me valuable time.,Disagree,0.893988,0.026754
17424,Respondent #825,Pricing - The product saves me valuable effort.,Strongly Disagree,0.865685,0.275359
17425,Respondent #826,Design - I easily understood how to use the product.,Strongly Disagree,0.006338,0.987312
17426,Respondent #826,Design - I had no trouble installing the product.,Neutral,0.641334,0.160274
17427,Respondent #826,"Design - The product's design is unintuitive.",Neutral,0.264757,0.469435
17428,Respondent #826,Quality - The product was durable.,Agree,0.549336,0.084112
17429,Respondent #826,Quality - The product was free from scratches.,Disagree,0.326391,0.265982
17430,Respondent #826,Quality - The product is deformed.,Strongly Agree,0.47382,0.317
17431,Respondent #826,Pricing - The product is affordable.,Neutral,0.842441,0.667777
17432,Respondent #826,Pricing - The product saves me valuable time.,Agree,0.013082,0.267206
17433,Respondent #826,Pricing - The product saves me valuable effort.,Strongly Disagree,0.305587,0.557656
17434,Respondent #827,Design - I easily understood how to use the product.,Strongly Disagree,0.431206,0.843392
17435,Respondent #827,Design - I had no trouble installing the product.,Strongly Agree,0.500889,0.575478
17436,Respondent #827,"Design - The product's design is unintuitive.",Strongly Disagree,0.159743,0.693612
17437,Respondent #827,Quality - The product was durable.,Neutral,0.856473,0.200025
17438,Respondent #827,Quality - The product was free from scratches.,Disagree,0.082233,0.871307
17439,Respondent #827,Quality - The product is deformed.,Agree,0.986573,0.188048
17440,Respondent #827,Pricing - The product is affordable.,Neutral,0.286096,0.896862
17441,Respondent #827,Pricing - The product saves me valuable time.,Neutral,0.928861,0.191081
17442,Respondent #827,Pricing - The product saves me valuable effort.,Disagree,0.241779,0.573589
17443,Respondent #828,Design - I easily understood how to use the product.,Strongly Disagree,0.048426,0.648212
17444,Respondent #828,Design - I had no trouble installing the product.,Agree,0.678037,0.38693
17445,Respondent #828,"Design - The product's design is unintuitive.",Neutral,0.582218,0.770822
17446,Respondent #828,Quality - The product was durable.,Neutral,0.946222,0.328926
17447,Respondent #828,Quality - The product was free from scratches.,Disagree,0.676624,0.091825
17448,Respondent #828,Quality - The product is deformed.,Neutral,0.86327,0.485463
17449,Respondent #828,Pricing - The product is affordable.,Strongly Disagree,0.329865,0.909097
17450,Respondent #828,Pricing - The product saves me valuable time.,Agree,0.49393,0.025326
17451,Respondent #828,Pricing - The product saves me valuable effort.,Disagree,0.957098,0.614158
17452,Respondent #829,Design - I easily understood how to use the product.,Disagree,0.703933,0.575573
17453,Respondent #829,Design - I had no trouble installing the product.,Agree,0.780088,0.621909
17454,Respondent #829,"Design - The product's design is unintuitive.",Neutral,0.341572,0.182908
17455,Respondent #829,Quality - The product was durable.,Agree,0.3605,0.090219
17456,Respondent #829,Quality - The product was free from scratches.,Disagree,0.639571,0.495464
17457,Respondent #829,Quality - The product is deformed.,Strongly Agree,0.472978,0.296275
17458,Respondent #829,Pricing - The product is affordable.,Strongly Disagree,0.453287,0.100862
17459,Respondent #829,Pricing - The product saves me valuable time.,Agree,0.076316,0.48125
17460,Respondent #829,Pricing - The product saves me valuable effort.,Disagree,0.498455,0.065678
17461,Respondent #830,Design - I easily understood how to use the product.,Strongly Disagree,0.907196,0.031125
17462,Respondent #830,Design - I had no trouble installing the product.,Agree,0.384296,0.289572
17463,Respondent #830,"Design - The product's design is unintuitive.",Disagree,0.192708,0.802845
17464,Respondent #830,Quality - The product was durable.,Agree,0.296402,0.67839
17465,Respondent #830,Quality - The product was free from scratches.,Disagree,0.27691,0.752909
17466,Respondent #830,Quality - The product is deformed.,Agree,0.589309,0.138166
17467,Respondent #830,Pricing - The product is affordable.,Disagree,0.430824,0.806064
17468,Respondent #830,Pricing - The product saves me valuable time.,Agree,0.878191,0.596653
17469,Respondent #830,Pricing - The product saves me valuable effort.,Strongly Disagree,0.618903,0.025267
17470,Respondent #831,Design - I easily understood how to use the product.,Strongly Disagree,0.604928,0.863404
17471,Respondent #831,Design - I had no trouble installing the product.,Strongly Agree,0.907325,0.230731
17472,Respondent #831,"Design - The product's design is unintuitive.",Disagree,0.55527,0.580582
17473,Respondent #831,Quality - The product was durable.,Strongly Agree,0.921946,0.648021
17474,Respondent #831,Quality - The product was free from scratches.,Disagree,0.535475,0.977216
17475,Respondent #831,Quality - The product is deformed.,Neutral,0.943113,0.838267
17476,Respondent #831,Pricing - The product is affordable.,Strongly Agree,0.078894,0.107385
17477,Respondent #831,Pricing - The product saves me valuable time.,Neutral,0.379247,0.152027
17478,Respondent #831,Pricing - The product saves me valuable effort.,Strongly Disagree,0.281959,0.918332
17479,Respondent #832,Design - I easily understood how to use the product.,Neutral,0.100235,0.487035
17480,Respondent #832,Design - I had no trouble installing the product.,Strongly Agree,0.635482,0.893675
17481,Respondent #832,"Design - The product's design is unintuitive.",Strongly Disagree,0.658573,0.536028
17482,Respondent #832,Quality - The product was durable.,Disagree,0.431331,0.996808
17483,Respondent #832,Quality - The product was free from scratches.,Disagree,0.243073,0.553231
17484,Respondent #832,Quality - The product is deformed.,Agree,0.836488,0.891445
17485,Respondent #832,Pricing - The product is affordable.,Strongly Disagree,0.032982,0.558381
17486,Respondent #832,Pricing - The product saves me valuable time.,Agree,0.971088,0.095722
17487,Respondent #832,Pricing - The product saves me valuable effort.,Strongly Disagree,0.614522,0.529506
17488,Respondent #833,Design - I easily understood how to use the product.,Agree,0.95019,0.855019
17489,Respondent #833,Design - I had no trouble installing the product.,Strongly Agree,0.06828,0.752642
17490,Respondent #833,"Design - The product's design is unintuitive.",Strongly Disagree,0.141865,0.292321
17491,Respondent #833,Quality - The product was durable.,Agree,0.524006,0.949584
17492,Respondent #833,Quality - The product was free from scratches.,Disagree,0.667028,0.592788
17493,Respondent #833,Quality - The product is deformed.,Neutral,0.039022,0.645658
17494,Respondent #833,Pricing - The product is affordable.,Disagree,0.815402,0.653253
17495,Respondent #833,Pricing - The product saves me valuable time.,Agree,0.289889,0.877105
17496,Respondent #833,Pricing - The product saves me valuable effort.,Neutral,0.808812,0.849492
17497,Respondent #834,Design - I easily understood how to use the product.,Neutral,0.73008,0.449099
17498,Respondent #834,Design - I had no trouble installing the product.,Strongly Agree,0.957174,0.19336
17499,Respondent #834,"Design - The product's design is unintuitive.",Disagree,0.575983,0.179186
17500,Respondent #834,Quality - The product was durable.,Agree,0.406334,0.455146
17501,Respondent #834,Quality - The product was free from scratches.,Disagree,0.716991,0.952891
17502,Respondent #834,Quality - The product is deformed.,Neutral,0.225249,0.152905
17503,Respondent #834,Pricing - The product is affordable.,Neutral,0.364537,0.973117
17504,Respondent #834,Pricing - The product saves me valuable time.,Agree,0.216536,0.004005
17505,Respondent #834,Pricing - The product saves me valuable effort.,Disagree,0.36926,0.363223
17506,Respondent #835,Design - I easily understood how to use the product.,Strongly Disagree,0.121806,0.404541
17507,Respondent #835,Design - I had no trouble installing the product.,Strongly Agree,0.309957,0.392958
17508,Respondent #835,"Design - The product's design is unintuitive.",Disagree,0.719316,0.833359
17509,Respondent #835,Quality - The product was durable.,Agree,0.021037,0.984998
17510,Respondent #835,Quality - The product was free from scratches.,Disagree,0.652049,0.100827
17511,Respondent #835,Quality - The product is deformed.,Strongly Disagree,0.236145,0.439855
17512,Respondent #835,Pricing - The product is affordable.,Strongly Disagree,0.543155,0.715136
17513,Respondent #835,Pricing - The product saves me valuable time.,Neutral,0.763581,0.255279
17514,Respondent #835,Pricing - The product saves me valuable effort.,Strongly Disagree,0.04277,0.012831
17515,Respondent #836,Design - I easily understood how to use the product.,Agree,0.855376,0.315121
17516,Respondent #836,Design - I had no trouble installing the product.,Agree,0.243359,0.262552
17517,Respondent #836,"Design - The product's design is unintuitive.",Agree,0.939372,0.597552
17518,Respondent #836,Quality - The product was durable.,Neutral,0.96791,0.589562
17519,Respondent #836,Quality - The product was free from scratches.,Disagree,0.065668,0.207582
17520,Respondent #836,Quality - The product is deformed.,Disagree,0.949271,0.174141
17521,Respondent #836,Pricing - The product is affordable.,Neutral,0.908955,0.832099
17522,Respondent #836,Pricing - The product saves me valuable time.,Agree,0.085191,0.890745
17523,Respondent #836,Pricing - The product saves me valuable effort.,Neutral,0.612801,0.656659
17524,Respondent #837,Design - I easily understood how to use the product.,Strongly Disagree,0.777654,0.170699
17525,Respondent #837,Design - I had no trouble installing the product.,Strongly Agree,0.531135,0.215131
17526,Respondent #837,"Design - The product's design is unintuitive.",Agree,0.723565,0.410932
17527,Respondent #837,Quality - The product was durable.,Strongly Agree,0.043739,0.176162
17528,Respondent #837,Quality - The product was free from scratches.,Neutral,0.837834,0.685477
17529,Respondent #837,Quality - The product is deformed.,Agree,0.58174,0.179463
17530,Respondent #837,Pricing - The product is affordable.,Strongly Disagree,0.830839,0.729656
17531,Respondent #837,Pricing - The product saves me valuable time.,Agree,0.545288,0.457113
17532,Respondent #837,Pricing - The product saves me valuable effort.,Disagree,0.370372,0.524968
17533,Respondent #838,Design - I easily understood how to use the product.,Strongly Disagree,0.507239,0.383004
17534,Respondent #838,Design - I had no trouble installing the product.,Strongly Agree,0.161386,0.542994
17535,Respondent #838,"Design - The product's design is unintuitive.",Agree,0.925006,0.82276
17536,Respondent #838,Quality - The product was durable.,Neutral,0.588089,0.970412
17537,Respondent #838,Quality - The product was free from scratches.,Disagree,0.2022,0.403724
17538,Respondent #838,Quality - The product is deformed.,Neutral,0.14323,0.137271
17539,Respondent #838,Pricing - The product is affordable.,Disagree,0.050927,0.303701
17540,Respondent #838,Pricing - The product saves me valuable time.,Agree,0.453462,0.771863
17541,Respondent #838,Pricing - The product saves me valuable effort.,Disagree,0.522051,0.470165
17542,Respondent #839,Design - I easily understood how to use the product.,Strongly Disagree,0.195172,0.487289
17543,Respondent #839,Design - I had no trouble installing the product.,Strongly Agree,0.176917,0.741594
17544,Respondent #839,"Design - The product's design is unintuitive.",Strongly Agree,0.851881,0.448315
17545,Respondent #839,Quality - The product was durable.,Strongly Agree,0.091466,0.818015
17546,Respondent #839,Quality - The product was free from scratches.,Neutral,0.05148,0.704472
17547,Respondent #839,Quality - The product is deformed.,Agree,0.94632,0.600523
17548,Respondent #839,Pricing - The product is affordable.,Strongly Disagree,0.199279,0.536791
17549,Respondent #839,Pricing - The product saves me valuable time.,Disagree,0.079727,0.343978
17550,Respondent #839,Pricing - The product saves me valuable effort.,Strongly Disagree,0.891877,0.936031
17551,Respondent #840,Design - I easily understood how to use the product.,Strongly Disagree,0.568603,0.545395
17552,Respondent #840,Design - I had no trouble installing the product.,Strongly Agree,0.187543,0.686845
17553,Respondent #840,"Design - The product's design is unintuitive.",Disagree,0.193928,0.000827
17554,Respondent #840,Quality - The product was durable.,Neutral,0.968742,0.544508
17555,Respondent #840,Quality - The product was free from scratches.,Disagree,0.8853,0.378236
17556,Respondent #840,Quality - The product is deformed.,Strongly Agree,0.185884,0.282877
17557,Respondent #840,Pricing - The product is affordable.,Disagree,0.807107,0.770509
17558,Respondent #840,Pricing - The product saves me valuable time.,Agree,0.563852,0.811336
17559,Respondent #840,Pricing - The product saves me valuable effort.,Strongly Disagree,0.40051,0.622968
17560,Respondent #841,Design - I easily understood how to use the product.,Strongly Disagree,0.227998,0.530677
17561,Respondent #841,Design - I had no trouble installing the product.,Strongly Agree,0.844061,0.480411
17562,Respondent #841,"Design - The product's design is unintuitive.",Strongly Disagree,0.049486,0.624698
17563,Respondent #841,Quality - The product was durable.,Neutral,0.72368,0.116176
17564,Respondent #841,Quality - The product was free from scratches.,Disagree,0.646771,0.979999
17565,Respondent #841,Quality - The product is deformed.,Agree,0.425063,0.38589
17566,Respondent #841,Pricing - The product is affordable.,Neutral,0.681148,0.966853
17567,Respondent #841,Pricing - The product saves me valuable time.,Neutral,0.820039,0.544712
17568,Respondent #841,Pricing - The product saves me valuable effort.,Disagree,0.170554,0.91017
17569,Respondent #842,Design - I easily understood how to use the product.,Strongly Disagree,0.399281,0.247729
17570,Respondent #842,Design - I had no trouble installing the product.,Disagree,0.567038,0.629773
17571,Respondent #842,"Design - The product's design is unintuitive.",Neutral,0.046555,0.511094
17572,Respondent #842,Quality - The product was durable.,Strongly Agree,0.348965,0.433604
17573,Respondent #842,Quality - The product was free from scratches.,Neutral,0.559057,0.581711
17574,Respondent #842,Quality - The product is deformed.,Disagree,0.935475,0.016886
17575,Respondent #842,Pricing - The product is affordable.,Disagree,0.657716,0.588381
17576,Respondent #842,Pricing - The product saves me valuable time.,Agree,0.874477,0.474962
17577,Respondent #842,Pricing - The product saves me valuable effort.,Neutral,0.981615,0.784032
17578,Respondent #843,Design - I easily understood how to use the product.,Strongly Disagree,0.764315,0.275914
17579,Respondent #843,Design - I had no trouble installing the product.,Strongly Agree,0.867941,0.357875
17580,Respondent #843,"Design - The product's design is unintuitive.",Neutral,0.469939,0.993546
17581,Respondent #843,Quality - The product was durable.,Strongly Agree,0.719097,0.688473
17582,Respondent #843,Quality - The product was free from scratches.,Disagree,0.278178,0.158546
17583,Respondent #843,Quality - The product is deformed.,Disagree,0.858959,0.355446
17584,Respondent #843,Pricing - The product is affordable.,Strongly Disagree,0.506003,0.135719
17585,Respondent #843,Pricing - The product saves me valuable time.,Neutral,0.992714,0.174841
17586,Respondent #843,Pricing - The product saves me valuable effort.,Strongly Disagree,0.764005,0.767796
17587,Respondent #844,Design - I easily understood how to use the product.,Strongly Disagree,0.075131,0.1465
17588,Respondent #844,Design - I had no trouble installing the product.,Strongly Agree,0.617162,0.791366
17589,Respondent #844,"Design - The product's design is unintuitive.",Disagree,0.589032,0.550139
17590,Respondent #844,Quality - The product was durable.,Neutral,0.952693,0.565497
17591,Respondent #844,Quality - The product was free from scratches.,Neutral,0.803385,0.516287
17592,Respondent #844,Quality - The product is deformed.,Disagree,0.800389,0.989473
17593,Respondent #844,Pricing - The product is affordable.,Strongly Disagree,0.9699,0.123937
17594,Respondent #844,Pricing - The product saves me valuable time.,Neutral,0.892932,0.854115
17595,Respondent #844,Pricing - The product saves me valuable effort.,Disagree,0.214296,0.742014
17596,Respondent #845,Design - I easily understood how to use the product.,Disagree,0.025649,0.10317
17597,Respondent #845,Design - I had no trouble installing the product.,Strongly Agree,0.745626,0.506868
17598,Respondent #845,"Design - The product's design is unintuitive.",Disagree,0.753188,0.394145
17599,Respondent #845,Quality - The product was durable.,Neutral,0.212227,0.511453
17600,Respondent #845,Quality - The product was free from scratches.,Neutral,0.488865,0.163191
17601,Respondent #845,Quality - The product is deformed.,Disagree,0.771651,0.560736
17602,Respondent #845,Pricing - The product is affordable.,Strongly Disagree,0.168559,0.446801
17603,Respondent #845,Pricing - The product saves me valuable time.,Agree,0.670881,0.151088
17604,Respondent #845,Pricing - The product saves me valuable effort.,Strongly Disagree,0.827805,0.669582
17605,Respondent #846,Design - I easily understood how to use the product.,Strongly Disagree,0.433085,0.510766
17606,Respondent #846,Design - I had no trouble installing the product.,Strongly Agree,0.363088,0.62979
17607,Respondent #846,"Design - The product's design is unintuitive.",Agree,0.583438,0.983061
17608,Respondent #846,Quality - The product was durable.,Agree,0.285994,0.447287
17609,Respondent #846,Quality - The product was free from scratches.,Neutral,0.812065,0.615442
17610,Respondent #846,Quality - The product is deformed.,Disagree,0.055183,0.200638
17611,Respondent #846,Pricing - The product is affordable.,Disagree,0.771783,0.889885
17612,Respondent #846,Pricing - The product saves me valuable time.,Neutral,0.673077,0.636941
17613,Respondent #846,Pricing - The product saves me valuable effort.,Strongly Disagree,0.074113,0.891976
17614,Respondent #847,Design - I easily understood how to use the product.,Neutral,0.492117,0.948614
17615,Respondent #847,Design - I had no trouble installing the product.,Neutral,0.758552,0.763045
17616,Respondent #847,"Design - The product's design is unintuitive.",Agree,0.923156,0.885986
17617,Respondent #847,Quality - The product was durable.,Agree,0.556484,0.295564
17618,Respondent #847,Quality - The product was free from scratches.,Disagree,0.098145,0.802103
17619,Respondent #847,Quality - The product is deformed.,Agree,0.606373,0.438417
17620,Respondent #847,Pricing - The product is affordable.,Strongly Agree,0.441941,0.321203
17621,Respondent #847,Pricing - The product saves me valuable time.,Neutral,0.918025,0.232896
17622,Respondent #847,Pricing - The product saves me valuable effort.,Strongly Disagree,0.279161,0.562924
17623,Respondent #848,Design - I easily understood how to use the product.,Strongly Disagree,0.725657,0.627878
17624,Respondent #848,Design - I had no trouble installing the product.,Agree,0.768452,0.799565
17625,Respondent #848,"Design - The product's design is unintuitive.",Agree,0.602165,0.239454
17626,Respondent #848,Quality - The product was durable.,Agree,0.595877,0.976172
17627,Respondent #848,Quality - The product was free from scratches.,Disagree,0.682267,0.920905
17628,Respondent #848,Quality - The product is deformed.,Agree,0.621181,0.976486
17629,Respondent #848,Pricing - The product is affordable.,Agree,0.766908,0.612064
17630,Respondent #848,Pricing - The product saves me valuable time.,Neutral,0.403321,0.320409
17631,Respondent #848,Pricing - The product saves me valuable effort.,Strongly Disagree,0.314581,0.664823
17632,Respondent #849,Design - I easily understood how to use the product.,Strongly Disagree,0.052148,0.707325
17633,Respondent #849,Design - I had no trouble installing the product.,Disagree,0.371371,0.211448
17634,Respondent #849,"Design - The product's design is unintuitive.",Neutral,0.479064,0.309691
17635,Respondent #849,Quality - The product was durable.,Agree,0.798041,0.14349
17636,Respondent #849,Quality - The product was free from scratches.,Neutral,0.379703,0.189008
17637,Respondent #849,Quality - The product is deformed.,Neutral,0.248266,0.312143
17638,Respondent #849,Pricing - The product is affordable.,Strongly Disagree,0.593292,0.847078
17639,Respondent #849,Pricing - The product saves me valuable time.,Disagree,0.836679,0.513499
17640,Respondent #849,Pricing - The product saves me valuable effort.,Strongly Disagree,0.942735,0.182434
17641,Respondent #850,Design - I easily understood how to use the product.,Strongly Disagree,0.508838,0.404909
17642,Respondent #850,Design - I had no trouble installing the product.,Strongly Agree,0.347999,0.939457
17643,Respondent #850,"Design - The product's design is unintuitive.",Strongly Disagree,0.136329,0.636974
17644,Respondent #850,Quality - The product was durable.,Strongly Agree,0.126552,0.191485
17645,Respondent #850,Quality - The product was free from scratches.,Strongly Disagree,0.953002,0.987468
17646,Respondent #850,Quality - The product is deformed.,Neutral,0.273355,0.915739
17647,Respondent #850,Pricing - The product is affordable.,Neutral,0.460513,0.870957
17648,Respondent #850,Pricing - The product saves me valuable time.,Agree,0.426987,0.244472
17649,Respondent #850,Pricing - The product saves me valuable effort.,Disagree,0.678371,0.084727
17650,Respondent #851,Design - I easily understood how to use the product.,Strongly Disagree,0.835892,0.77703
17651,Respondent #851,Design - I had no trouble installing the product.,Agree,0.572032,0.3283
17652,Respondent #851,"Design - The product's design is unintuitive.",Neutral,0.253224,0.86779
17653,Respondent #851,Quality - The product was durable.,Agree,0.062461,0.343998
17654,Respondent #851,Quality - The product was free from scratches.,Neutral,0.461926,0.866683
17655,Respondent #851,Quality - The product is deformed.,Strongly Agree,0.508896,0.031359
17656,Respondent #851,Pricing - The product is affordable.,Strongly Agree,0.115526,0.167128
17657,Respondent #851,Pricing - The product saves me valuable time.,Agree,0.698032,0.885727
17658,Respondent #851,Pricing - The product saves me valuable effort.,Disagree,0.602305,0.178021
17659,Respondent #852,Design - I easily understood how to use the product.,Neutral,0.675651,0.450215
17660,Respondent #852,Design - I had no trouble installing the product.,Strongly Agree,0.117372,0.990456
17661,Respondent #852,"Design - The product's design is unintuitive.",Disagree,0.049118,0.106868
17662,Respondent #852,Quality - The product was durable.,Strongly Agree,0.123204,0.563923
17663,Respondent #852,Quality - The product was free from scratches.,Neutral,0.530698,0.790834
17664,Respondent #852,Quality - The product is deformed.,Neutral,0.264156,0.362297
17665,Respondent #852,Pricing - The product is affordable.,Strongly Disagree,0.960301,0.541123
17666,Respondent #852,Pricing - The product saves me valuable time.,Neutral,0.375403,0.734006
17667,Respondent #852,Pricing - The product saves me valuable effort.,Disagree,0.468811,0.825035
17668,Respondent #853,Design - I easily understood how to use the product.,Strongly Disagree,0.359373,0.9608
17669,Respondent #853,Design - I had no trouble installing the product.,Agree,0.231148,0.391379
17670,Respondent #853,"Design - The product's design is unintuitive.",Disagree,0.338755,0.786329
17671,Respondent #853,Quality - The product was durable.,Strongly Agree,0.541358,0.006201
17672,Respondent #853,Quality - The product was free from scratches.,Neutral,0.656829,0.501681
17673,Respondent #853,Quality - The product is deformed.,Strongly Agree,0.9347,0.614471
17674,Respondent #853,Pricing - The product is affordable.,Neutral,0.115301,0.54544
17675,Respondent #853,Pricing - The product saves me valuable time.,Agree,0.179405,0.756697
17676,Respondent #853,Pricing - The product saves me valuable effort.,Strongly Disagree,0.248712,0.512618
17677,Respondent #854,Design - I easily understood how to use the product.,Agree,0.582225,0.639745
17678,Respondent #854,Design - I had no trouble installing the product.,Strongly Agree,0.686933,0.7752
17679,Respondent #854,"Design - The product's design is unintuitive.",Agree,0.602297,0.46266
17680,Respondent #854,Quality - The product was durable.,Agree,0.791692,0.33677
17681,Respondent #854,Quality - The product was free from scratches.,Disagree,0.593199,0.089237
17682,Respondent #854,Quality - The product is deformed.,Agree,0.72503,0.288455
17683,Respondent #854,Pricing - The product is affordable.,Agree,0.701331,0.611934
17684,Respondent #854,Pricing - The product saves me valuable time.,Neutral,0.860563,0.411349
17685,Respondent #854,Pricing - The product saves me valuable effort.,Disagree,0.851864,0.482433
17686,Respondent #855,Design - I easily understood how to use the product.,Strongly Disagree,0.285949,0.965202
17687,Respondent #855,Design - I had no trouble installing the product.,Neutral,0.12194,0.243931
17688,Respondent #855,"Design - The product's design is unintuitive.",Disagree,0.820059,0.380285
17689,Respondent #855,Quality - The product was durable.,Agree,0.688711,0.479796
17690,Respondent #855,Quality - The product was free from scratches.,Disagree,0.235468,0.313074
17691,Respondent #855,Quality - The product is deformed.,Strongly Agree,0.602723,0.473921
17692,Respondent #855,Pricing - The product is affordable.,Strongly Disagree,0.949174,0.723162
17693,Respondent #855,Pricing - The product saves me valuable time.,Neutral,0.799895,0.013952
17694,Respondent #855,Pricing - The product saves me valuable effort.,Disagree,0.862384,0.555934
17695,Respondent #856,Design - I easily understood how to use the product.,Strongly Disagree,0.02321,0.5203
17696,Respondent #856,Design - I had no trouble installing the product.,Strongly Agree,0.856218,0.437313
17697,Respondent #856,"Design - The product's design is unintuitive.",Strongly Disagree,0.463356,0.163906
17698,Respondent #856,Quality - The product was durable.,Neutral,0.08077,0.606607
17699,Respondent #856,Quality - The product was free from scratches.,Neutral,0.211468,0.069243
17700,Respondent #856,Quality - The product is deformed.,Neutral,0.075771,0.036735
17701,Respondent #856,Pricing - The product is affordable.,Strongly Disagree,0.560905,0.522395
17702,Respondent #856,Pricing - The product saves me valuable time.,Neutral,0.144538,0.579264
17703,Respondent #856,Pricing - The product saves me valuable effort.,Strongly Disagree,0.763979,0.753792
17704,Respondent #857,Design - I easily understood how to use the product.,Strongly Disagree,0.675921,0.009687
17705,Respondent #857,Design - I had no trouble installing the product.,Agree,0.752445,0.694295
17706,Respondent #857,"Design - The product's design is unintuitive.",Strongly Disagree,0.661156,0.505166
17707,Respondent #857,Quality - The product was durable.,Neutral,0.578505,0.051167
17708,Respondent #857,Quality - The product was free from scratches.,Disagree,0.356881,0.534784
17709,Respondent #857,Quality - The product is deformed.,Agree,0.314508,0.182003
17710,Respondent #857,Pricing - The product is affordable.,Strongly Disagree,0.089213,0.900871
17711,Respondent #857,Pricing - The product saves me valuable time.,Agree,0.729381,0.106001
17712,Respondent #857,Pricing - The product saves me valuable effort.,Disagree,0.44236,0.43363
17713,Respondent #858,Design - I easily understood how to use the product.,Strongly Agree,0.291576,0.37101
17714,Respondent #858,Design - I had no trouble installing the product.,Neutral,0.950465,0.028776
17715,Respondent #858,"Design - The product's design is unintuitive.",Strongly Disagree,0.76115,0.445715
17716,Respondent #858,Quality - The product was durable.,Agree,0.767254,0.009745
17717,Respondent #858,Quality - The product was free from scratches.,Disagree,0.221611,0.416065
17718,Respondent #858,Quality - The product is deformed.,Neutral,0.524018,0.406774
17719,Respondent #858,Pricing - The product is affordable.,Strongly Disagree,0.571775,0.937603
17720,Respondent #858,Pricing - The product saves me valuable time.,Agree,0.040225,0.42973
17721,Respondent #858,Pricing - The product saves me valuable effort.,Disagree,0.569206,0.888787
17722,Respondent #859,Design - I easily understood how to use the product.,Strongly Disagree,0.068732,0.961615
17723,Respondent #859,Design - I had no trouble installing the product.,Strongly Agree,0.588477,0.529256
17724,Respondent #859,"Design - The product's design is unintuitive.",Disagree,0.299443,0.539962
17725,Respondent #859,Quality - The product was durable.,Neutral,0.108886,0.327898
17726,Respondent #859,Quality - The product was free from scratches.,Neutral,0.670672,0.979148
17727,Respondent #859,Quality - The product is deformed.,Neutral,0.351038,0.823899
17728,Respondent #859,Pricing - The product is affordable.,Disagree,0.87697,0.676875
17729,Respondent #859,Pricing - The product saves me valuable time.,Neutral,0.589179,0.690017
17730,Respondent #859,Pricing - The product saves me valuable effort.,Disagree,0.484957,0.327342
17731,Respondent #860,Design - I easily understood how to use the product.,Strongly Disagree,0.784576,0.29602
17732,Respondent #860,Design - I had no trouble installing the product.,Agree,0.577279,0.806375
17733,Respondent #860,"Design - The product's design is unintuitive.",Disagree,0.205029,0.025954
17734,Respondent #860,Quality - The product was durable.,Strongly Agree,0.179217,0.53476
17735,Respondent #860,Quality - The product was free from scratches.,Neutral,0.718745,0.536699
17736,Respondent #860,Quality - The product is deformed.,Neutral,0.912226,0.122115
17737,Respondent #860,Pricing - The product is affordable.,Agree,0.76156,0.785833
17738,Respondent #860,Pricing - The product saves me valuable time.,Neutral,0.007625,0.552133
17739,Respondent #860,Pricing - The product saves me valuable effort.,Disagree,0.0311,0.556882
17740,Respondent #861,Design - I easily understood how to use the product.,Strongly Disagree,0.820588,0.259608
17741,Respondent #861,Design - I had no trouble installing the product.,Strongly Disagree,0.138843,0.03012
17742,Respondent #861,"Design - The product's design is unintuitive.",Neutral,0.654273,0.25639
17743,Respondent #861,Quality - The product was durable.,Strongly Agree,0.787628,0.678628
17744,Respondent #861,Quality - The product was free from scratches.,Disagree,0.100173,0.84645
17745,Respondent #861,Quality - The product is deformed.,Strongly Agree,0.984421,0.170356
17746,Respondent #861,Pricing - The product is affordable.,Strongly Disagree,0.97245,0.06724
17747,Respondent #861,Pricing - The product saves me valuable time.,Agree,0.313529,0.706279
17748,Respondent #861,Pricing - The product saves me valuable effort.,Strongly Disagree,0.9119,0.040625
17749,Respondent #862,Design - I easily understood how to use the product.,Strongly Disagree,0.510719,0.48903
17750,Respondent #862,Design - I had no trouble installing the product.,Strongly Agree,0.182884,0.052397
17751,Respondent #862,"Design - The product's design is unintuitive.",Strongly Disagree,0.662912,0.23967
17752,Respondent #862,Quality - The product was durable.,Neutral,0.901366,0.051845
17753,Respondent #862,Quality - The product was free from scratches.,Disagree,0.883227,0.980594
17754,Respondent #862,Quality - The product is deformed.,Disagree,0.054898,0.454445
17755,Respondent #862,Pricing - The product is affordable.,Disagree,0.433892,0.682134
17756,Respondent #862,Pricing - The product saves me valuable time.,Neutral,0.997063,0.904675
17757,Respondent #862,Pricing - The product saves me valuable effort.,Disagree,0.377892,0.499115
17758,Respondent #863,Design - I easily understood how to use the product.,Strongly Disagree,0.6417,0.864984
17759,Respondent #863,Design - I had no trouble installing the product.,Agree,0.149113,0.974847
17760,Respondent #863,"Design - The product's design is unintuitive.",Agree,0.298276,0.217025
17761,Respondent #863,Quality - The product was durable.,Neutral,0.373002,0.027178
17762,Respondent #863,Quality - The product was free from scratches.,Disagree,0.167112,0.530643
17763,Respondent #863,Quality - The product is deformed.,Neutral,0.473043,0.788855
17764,Respondent #863,Pricing - The product is affordable.,Strongly Disagree,0.74133,0.406468
17765,Respondent #863,Pricing - The product saves me valuable time.,Strongly Agree,0.839369,0.922407
17766,Respondent #863,Pricing - The product saves me valuable effort.,Strongly Disagree,0.985994,0.231601
17767,Respondent #864,Design - I easily understood how to use the product.,Disagree,0.057983,0.73214
17768,Respondent #864,Design - I had no trouble installing the product.,Agree,0.818885,0.260268
17769,Respondent #864,"Design - The product's design is unintuitive.",Neutral,0.129287,0.815104
17770,Respondent #864,Quality - The product was durable.,Agree,0.886016,0.870091
17771,Respondent #864,Quality - The product was free from scratches.,Disagree,0.113356,0.80069
17772,Respondent #864,Quality - The product is deformed.,Agree,0.673284,0.234268
17773,Respondent #864,Pricing - The product is affordable.,Neutral,0.388209,0.856152
17774,Respondent #864,Pricing - The product saves me valuable time.,Disagree,0.524011,0.164307
17775,Respondent #864,Pricing - The product saves me valuable effort.,Disagree,0.327208,0.210625
17776,Respondent #865,Design - I easily understood how to use the product.,Strongly Disagree,0.769115,0.560524
17777,Respondent #865,Design - I had no trouble installing the product.,Strongly Agree,0.608279,0.426288
17778,Respondent #865,"Design - The product's design is unintuitive.",Agree,0.069429,0.0567
17779,Respondent #865,Quality - The product was durable.,Strongly Agree,0.478046,0.350393
17780,Respondent #865,Quality - The product was free from scratches.,Strongly Disagree,0.373065,0.023674
17781,Respondent #865,Quality - The product is deformed.,Strongly Agree,0.07826,0.815716
17782,Respondent #865,Pricing - The product is affordable.,Strongly Disagree,0.582654,0.753197
17783,Respondent #865,Pricing - The product saves me valuable time.,Agree,0.702969,0.950942
17784,Respondent #865,Pricing - The product saves me valuable effort.,Disagree,0.166695,0.927652
17785,Respondent #866,Design - I easily understood how to use the product.,Strongly Disagree,0.537898,0.994288
17786,Respondent #866,Design - I had no trouble installing the product.,Strongly Agree,0.005441,0.694157
17787,Respondent #866,"Design - The product's design is unintuitive.",Strongly Disagree,0.062124,0.970355
17788,Respondent #866,Quality - The product was durable.,Neutral,0.619423,0.524596
17789,Respondent #866,Quality - The product was free from scratches.,Disagree,0.005803,0.576815
17790,Respondent #866,Quality - The product is deformed.,Strongly Agree,0.314156,0.764545
17791,Respondent #866,Pricing - The product is affordable.,Neutral,0.455303,0.825361
17792,Respondent #866,Pricing - The product saves me valuable time.,Neutral,0.953029,0.142476
17793,Respondent #866,Pricing - The product saves me valuable effort.,Strongly Disagree,0.745901,0.12968
17794,Respondent #867,Design - I easily understood how to use the product.,Strongly Disagree,0.484816,0.780889
17795,Respondent #867,Design - I had no trouble installing the product.,Agree,0.265626,0.224156
17796,Respondent #867,"Design - The product's design is unintuitive.",Neutral,0.128957,0.806867
17797,Respondent #867,Quality - The product was durable.,Agree,0.894757,0.020798
17798,Respondent #867,Quality - The product was free from scratches.,Disagree,0.86318,0.957484
17799,Respondent #867,Quality - The product is deformed.,Agree,0.324923,0.547767
17800,Respondent #867,Pricing - The product is affordable.,Disagree,0.359225,0.304948
17801,Respondent #867,Pricing - The product saves me valuable time.,Strongly Agree,0.462809,0.862135
17802,Respondent #867,Pricing - The product saves me valuable effort.,Neutral,0.993374,0.115725
17803,Respondent #868,Design - I easily understood how to use the product.,Agree,0.327975,0.391724
17804,Respondent #868,Design - I had no trouble installing the product.,Agree,0.307983,0.460859
17805,Respondent #868,"Design - The product's design is unintuitive.",Neutral,0.459474,0.12889
17806,Respondent #868,Quality - The product was durable.,Neutral,0.839007,0.057514
17807,Respondent #868,Quality - The product was free from scratches.,Neutral,0.573501,0.064961
17808,Respondent #868,Quality - The product is deformed.,Agree,0.19056,0.615808
17809,Respondent #868,Pricing - The product is affordable.,Disagree,0.667937,0.191264
17810,Respondent #868,Pricing - The product saves me valuable time.,Neutral,0.406073,0.896963
17811,Respondent #868,Pricing - The product saves me valuable effort.,Disagree,0.877259,0.028112
17812,Respondent #869,Design - I easily understood how to use the product.,Neutral,0.321743,0.363511
17813,Respondent #869,Design - I had no trouble installing the product.,Strongly Agree,0.782407,0.746898
17814,Respondent #869,"Design - The product's design is unintuitive.",Strongly Disagree,0.424931,0.297037
17815,Respondent #869,Quality - The product was durable.,Neutral,0.470187,0.734203
17816,Respondent #869,Quality - The product was free from scratches.,Neutral,0.126417,0.33648
17817,Respondent #869,Quality - The product is deformed.,Strongly Agree,0.530122,0.788416
17818,Respondent #869,Pricing - The product is affordable.,Strongly Disagree,0.950821,0.08144
17819,Respondent #869,Pricing - The product saves me valuable time.,Neutral,0.304598,0.118306
17820,Respondent #869,Pricing - The product saves me valuable effort.,Disagree,0.265197,0.402586
17821,Respondent #870,Design - I easily understood how to use the product.,Strongly Disagree,0.464565,0.598935
17822,Respondent #870,Design - I had no trouble installing the product.,Strongly Agree,0.606213,0.183991
17823,Respondent #870,"Design - The product's design is unintuitive.",Agree,0.713079,0.569902
17824,Respondent #870,Quality - The product was durable.,Neutral,0.125157,0.914847
17825,Respondent #870,Quality - The product was free from scratches.,Disagree,0.992394,0.826777
17826,Respondent #870,Quality - The product is deformed.,Neutral,0.151475,0.503739
17827,Respondent #870,Pricing - The product is affordable.,Disagree,0.383676,0.037126
17828,Respondent #870,Pricing - The product saves me valuable time.,Strongly Agree,0.938792,0.947437
17829,Respondent #870,Pricing - The product saves me valuable effort.,Disagree,0.71617,0.952814
17830,Respondent #871,Design - I easily understood how to use the product.,Strongly Disagree,0.324955,0.026481
17831,Respondent #871,Design - I had no trouble installing the product.,Agree,0.034651,0.831974
17832,Respondent #871,"Design - The product's design is unintuitive.",Neutral,0.493518,0.44389
17833,Respondent #871,Quality - The product was durable.,Agree,0.025305,0.0079
17834,Respondent #871,Quality - The product was free from scratches.,Neutral,0.599659,0.806055
17835,Respondent #871,Quality - The product is deformed.,Neutral,0.195274,0.265948
17836,Respondent #871,Pricing - The product is affordable.,Strongly Disagree,0.969208,0.330625
17837,Respondent #871,Pricing - The product saves me valuable time.,Strongly Agree,0.309586,0.688452
17838,Respondent #871,Pricing - The product saves me valuable effort.,Strongly Disagree,0.76605,0.977682
17839,Respondent #872,Design - I easily understood how to use the product.,Strongly Disagree,0.331006,0.976651
17840,Respondent #872,Design - I had no trouble installing the product.,Strongly Agree,0.911688,0.72049
17841,Respondent #872,"Design - The product's design is unintuitive.",Strongly Disagree,0.718207,0.388354
17842,Respondent #872,Quality - The product was durable.,Agree,0.922355,0.03557
17843,Respondent #872,Quality - The product was free from scratches.,Disagree,0.554258,0.256178
17844,Respondent #872,Quality - The product is deformed.,Disagree,0.775348,0.079093
17845,Respondent #872,Pricing - The product is affordable.,Strongly Disagree,0.127419,0.200463
17846,Respondent #872,Pricing - The product saves me valuable time.,Agree,0.654666,0.848667
17847,Respondent #872,Pricing - The product saves me valuable effort.,Neutral,0.964369,0.547969
17848,Respondent #873,Design - I easily understood how to use the product.,Strongly Disagree,0.133497,0.908542
17849,Respondent #873,Design - I had no trouble installing the product.,Neutral,0.654689,0.514376
17850,Respondent #873,"Design - The product's design is unintuitive.",Disagree,0.722209,0.958652
17851,Respondent #873,Quality - The product was durable.,Strongly Agree,0.004083,0.595654
17852,Respondent #873,Quality - The product was free from scratches.,Disagree,0.580576,0.760775
17853,Respondent #873,Quality - The product is deformed.,Disagree,0.315793,0.845869
17854,Respondent #873,Pricing - The product is affordable.,Strongly Disagree,0.336091,0.112126
17855,Respondent #873,Pricing - The product saves me valuable time.,Agree,0.740473,0.050196
17856,Respondent #873,Pricing - The product saves me valuable effort.,Disagree,0.08157,0.521503
17857,Respondent #874,Design - I easily understood how to use the product.,Strongly Disagree,0.008073,0.300874
17858,Respondent #874,Design - I had no trouble installing the product.,Strongly Agree,0.067862,0.588457
17859,Respondent #874,"Design - The product's design is unintuitive.",Agree,0.494958,0.349309
17860,Respondent #874,Quality - The product was durable.,Agree,0.848145,0.267742
17861,Respondent #874,Quality - The product was free from scratches.,Disagree,0.4376,0.851928
17862,Respondent #874,Quality - The product is deformed.,Neutral,0.044447,0.531572
17863,Respondent #874,Pricing - The product is affordable.,Strongly Agree,0.077399,0.396288
17864,Respondent #874,Pricing - The product saves me valuable time.,Neutral,0.364715,0.036246
17865,Respondent #874,Pricing - The product saves me valuable effort.,Disagree,0.906473,0.933909
17866,Respondent #875,Design - I easily understood how to use the product.,Strongly Disagree,0.945405,0.001313
17867,Respondent #875,Design - I had no trouble installing the product.,Strongly Agree,0.142006,0.32018
17868,Respondent #875,"Design - The product's design is unintuitive.",Neutral,0.984081,0.111572
17869,Respondent #875,Quality - The product was durable.,Disagree,0.039771,0.705694
17870,Respondent #875,Quality - The product was free from scratches.,Disagree,0.182408,0.495602
17871,Respondent #875,Quality - The product is deformed.,Strongly Agree,0.937309,0.973434
17872,Respondent #875,Pricing - The product is affordable.,Strongly Agree,0.195419,0.274832
17873,Respondent #875,Pricing - The product saves me valuable time.,Neutral,0.001681,0.046164
17874,Respondent #875,Pricing - The product saves me valuable effort.,Neutral,0.686574,0.783252
17875,Respondent #876,Design - I easily understood how to use the product.,Strongly Disagree,0.694689,0.853339
17876,Respondent #876,Design - I had no trouble installing the product.,Agree,0.498301,0.676014
17877,Respondent #876,"Design - The product's design is unintuitive.",Strongly Disagree,0.672855,0.53459
17878,Respondent #876,Quality - The product was durable.,Strongly Agree,0.905888,0.723974
17879,Respondent #876,Quality - The product was free from scratches.,Disagree,0.090279,0.70038
17880,Respondent #876,Quality - The product is deformed.,Neutral,0.166141,0.240495
17881,Respondent #876,Pricing - The product is affordable.,Strongly Disagree,0.596372,0.35559
17882,Respondent #876,Pricing - The product saves me valuable time.,Agree,0.448401,0.419332
17883,Respondent #876,Pricing - The product saves me valuable effort.,Neutral,0.764445,0.802112
17884,Respondent #877,Design - I easily understood how to use the product.,Strongly Disagree,0.313286,0.500135
17885,Respondent #877,Design - I had no trouble installing the product.,Agree,0.130632,0.348158
17886,Respondent #877,"Design - The product's design is unintuitive.",Neutral,0.060585,0.466378
17887,Respondent #877,Quality - The product was durable.,Agree,0.68919,0.821528
17888,Respondent #877,Quality - The product was free from scratches.,Disagree,0.331862,0.166023
17889,Respondent #877,Quality - The product is deformed.,Neutral,0.843691,0.047933
17890,Respondent #877,Pricing - The product is affordable.,Strongly Disagree,0.970182,0.132815
17891,Respondent #877,Pricing - The product saves me valuable time.,Agree,0.52538,0.029251
17892,Respondent #877,Pricing - The product saves me valuable effort.,Disagree,0.269062,0.932074
17893,Respondent #878,Design - I easily understood how to use the product.,Strongly Disagree,0.508418,0.295044
17894,Respondent #878,Design - I had no trouble installing the product.,Neutral,0.851524,0.716096
17895,Respondent #878,"Design - The product's design is unintuitive.",Disagree,0.751078,0.123267
17896,Respondent #878,Quality - The product was durable.,Neutral,0.571985,0.838273
17897,Respondent #878,Quality - The product was free from scratches.,Disagree,0.118579,0.246278
17898,Respondent #878,Quality - The product is deformed.,Disagree,0.631269,0.932208
17899,Respondent #878,Pricing - The product is affordable.,Strongly Disagree,0.99704,0.907315
17900,Respondent #878,Pricing - The product saves me valuable time.,Neutral,0.796923,0.074662
17901,Respondent #878,Pricing - The product saves me valuable effort.,Strongly Disagree,0.335147,0.534852
17902,Respondent #879,Design - I easily understood how to use the product.,Strongly Disagree,0.87377,0.304305
17903,Respondent #879,Design - I had no trouble installing the product.,Agree,0.820026,0.891937
17904,Respondent #879,"Design - The product's design is unintuitive.",Strongly Disagree,0.781936,0.215995
17905,Respondent #879,Quality - The product was durable.,Strongly Agree,0.491685,0.94403
17906,Respondent #879,Quality - The product was free from scratches.,Strongly Disagree,0.911074,0.266015
17907,Respondent #879,Quality - The product is deformed.,Agree,0.308777,0.860365
17908,Respondent #879,Pricing - The product is affordable.,Strongly Agree,0.673464,0.4113
17909,Respondent #879,Pricing - The product saves me valuable time.,Agree,0.209213,0.249386
17910,Respondent #879,Pricing - The product saves me valuable effort.,Disagree,0.829952,0.45463
17911,Respondent #880,Design - I easily understood how to use the product.,Disagree,0.391961,0.375532
17912,Respondent #880,Design - I had no trouble installing the product.,Neutral,0.228672,0.117951
17913,Respondent #880,"Design - The product's design is unintuitive.",Disagree,0.492364,0.468614
17914,Respondent #880,Quality - The product was durable.,Neutral,0.019379,0.000802
17915,Respondent #880,Quality - The product was free from scratches.,Strongly Disagree,0.759424,0.66092
17916,Respondent #880,Quality - The product is deformed.,Agree,0.790237,0.25738
17917,Respondent #880,Pricing - The product is affordable.,Neutral,0.714775,0.43179
17918,Respondent #880,Pricing - The product saves me valuable time.,Strongly Agree,0.917306,0.383805
17919,Respondent #880,Pricing - The product saves me valuable effort.,Strongly Disagree,0.180854,0.062332
17920,Respondent #881,Design - I easily understood how to use the product.,Strongly Disagree,0.785093,0.015098
17921,Respondent #881,Design - I had no trouble installing the product.,Agree,0.405341,0.968347
17922,Respondent #881,"Design - The product's design is unintuitive.",Strongly Disagree,0.551453,0.105212
17923,Respondent #881,Quality - The product was durable.,Agree,0.530402,0.638278
17924,Respondent #881,Quality - The product was free from scratches.,Disagree,0.298415,0.471506
17925,Respondent #881,Quality - The product is deformed.,Strongly Agree,0.93275,0.836397
17926,Respondent #881,Pricing - The product is affordable.,Strongly Disagree,0.912593,0.272478
17927,Respondent #881,Pricing - The product saves me valuable time.,Disagree,0.922297,0.333293
17928,Respondent #881,Pricing - The product saves me valuable effort.,Strongly Disagree,0.361667,0.641248
17929,Respondent #882,Design - I easily understood how to use the product.,Strongly Disagree,0.892202,0.825304
17930,Respondent #882,Design - I had no trouble installing the product.,Strongly Agree,0.192426,0.813783
17931,Respondent #882,"Design - The product's design is unintuitive.",Neutral,0.348562,0.94548
17932,Respondent #882,Quality - The product was durable.,Agree,0.465443,0.132986
17933,Respondent #882,Quality - The product was free from scratches.,Disagree,0.276861,0.692135
17934,Respondent #882,Quality - The product is deformed.,Neutral,0.521223,0.303331
17935,Respondent #882,Pricing - The product is affordable.,Disagree,0.792087,0.530557
17936,Respondent #882,Pricing - The product saves me valuable time.,Strongly Agree,0.195455,0.631705
17937,Respondent #882,Pricing - The product saves me valuable effort.,Strongly Disagree,0.92763,0.107363
17938,Respondent #883,Design - I easily understood how to use the product.,Strongly Disagree,0.245661,0.792507
17939,Respondent #883,Design - I had no trouble installing the product.,Agree,0.190889,0.389701
17940,Respondent #883,"Design - The product's design is unintuitive.",Neutral,0.936651,0.808091
17941,Respondent #883,Quality - The product was durable.,Agree,0.688825,0.742452
17942,Respondent #883,Quality - The product was free from scratches.,Disagree,0.522259,0.19452
17943,Respondent #883,Quality - The product is deformed.,Agree,0.587748,0.461737
17944,Respondent #883,Pricing - The product is affordable.,Strongly Agree,0.953175,0.587343
17945,Respondent #883,Pricing - The product saves me valuable time.,Neutral,0.925074,0.303908
17946,Respondent #883,Pricing - The product saves me valuable effort.,Disagree,0.583108,0.082673
17947,Respondent #884,Design - I easily understood how to use the product.,Neutral,0.296468,0.919052
17948,Respondent #884,Design - I had no trouble installing the product.,Strongly Agree,0.139568,0.343431
17949,Respondent #884,"Design - The product's design is unintuitive.",Disagree,0.314387,0.429815
17950,Respondent #884,Quality - The product was durable.,Strongly Agree,0.423002,0.928848
17951,Respondent #884,Quality - The product was free from scratches.,Disagree,0.982067,0.171141
17952,Respondent #884,Quality - The product is deformed.,Neutral,0.816007,0.796432
17953,Respondent #884,Pricing - The product is affordable.,Strongly Disagree,0.709711,0.190669
17954,Respondent #884,Pricing - The product saves me valuable time.,Neutral,0.206021,0.617282
17955,Respondent #884,Pricing - The product saves me valuable effort.,Disagree,0.231261,0.641869
17956,Respondent #885,Design - I easily understood how to use the product.,Strongly Agree,0.175849,0.016538
17957,Respondent #885,Design - I had no trouble installing the product.,Strongly Agree,0.410302,0.232091
17958,Respondent #885,"Design - The product's design is unintuitive.",Neutral,0.840193,0.359551
17959,Respondent #885,Quality - The product was durable.,Strongly Agree,0.20503,0.868028
17960,Respondent #885,Quality - The product was free from scratches.,Disagree,0.824097,0.667839
17961,Respondent #885,Quality - The product is deformed.,Agree,0.393274,0.857854
17962,Respondent #885,Pricing - The product is affordable.,Agree,0.533045,0.356952
17963,Respondent #885,Pricing - The product saves me valuable time.,Neutral,0.729876,0.784326
17964,Respondent #885,Pricing - The product saves me valuable effort.,Disagree,0.106402,0.611375
17965,Respondent #886,Design - I easily understood how to use the product.,Strongly Disagree,0.306856,0.775966
17966,Respondent #886,Design - I had no trouble installing the product.,Neutral,0.396376,0.068966
17967,Respondent #886,"Design - The product's design is unintuitive.",Disagree,0.767959,0.105378
17968,Respondent #886,Quality - The product was durable.,Strongly Agree,0.202308,0.881378
17969,Respondent #886,Quality - The product was free from scratches.,Strongly Disagree,0.113763,0.287988
17970,Respondent #886,Quality - The product is deformed.,Strongly Agree,0.466827,0.0591
17971,Respondent #886,Pricing - The product is affordable.,Disagree,0.851241,0.288389
17972,Respondent #886,Pricing - The product saves me valuable time.,Agree,0.048426,0.239137
17973,Respondent #886,Pricing - The product saves me valuable effort.,Disagree,0.173565,0.403157
17974,Respondent #887,Design - I easily understood how to use the product.,Strongly Disagree,0.115313,0.367449
17975,Respondent #887,Design - I had no trouble installing the product.,Strongly Agree,0.633361,0.963084
17976,Respondent #887,"Design - The product's design is unintuitive.",Agree,0.176926,0.520884
17977,Respondent #887,Quality - The product was durable.,Agree,0.318349,0.300716
17978,Respondent #887,Quality - The product was free from scratches.,Strongly Disagree,0.904126,0.606868
17979,Respondent #887,Quality - The product is deformed.,Agree,0.905016,0.323736
17980,Respondent #887,Pricing - The product is affordable.,Strongly Disagree,0.639767,0.976876
17981,Respondent #887,Pricing - The product saves me valuable time.,Disagree,0.767786,0.834028
17982,Respondent #887,Pricing - The product saves me valuable effort.,Disagree,0.217515,0.39281
17983,Respondent #888,Design - I easily understood how to use the product.,Strongly Agree,0.809688,0.443887
17984,Respondent #888,Design - I had no trouble installing the product.,Neutral,0.167284,0.924096
17985,Respondent #888,"Design - The product's design is unintuitive.",Strongly Disagree,0.680474,0.207388
17986,Respondent #888,Quality - The product was durable.,Agree,0.883671,0.644812
17987,Respondent #888,Quality - The product was free from scratches.,Disagree,0.39518,0.36762
17988,Respondent #888,Quality - The product is deformed.,Agree,0.230815,0.663083
17989,Respondent #888,Pricing - The product is affordable.,Disagree,0.927111,0.383657
17990,Respondent #888,Pricing - The product saves me valuable time.,Neutral,0.034817,0.535467
17991,Respondent #888,Pricing - The product saves me valuable effort.,Strongly Disagree,0.97178,0.018605
17992,Respondent #889,Design - I easily understood how to use the product.,Strongly Disagree,0.650085,0.207353
17993,Respondent #889,Design - I had no trouble installing the product.,Neutral,0.627665,0.440228
17994,Respondent #889,"Design - The product's design is unintuitive.",Neutral,0.248654,0.559195
17995,Respondent #889,Quality - The product was durable.,Neutral,0.76652,0.008196
17996,Respondent #889,Quality - The product was free from scratches.,Disagree,0.383349,0.043674
17997,Respondent #889,Quality - The product is deformed.,Neutral,0.489714,0.493845
17998,Respondent #889,Pricing - The product is affordable.,Strongly Disagree,0.11172,0.998277
17999,Respondent #889,Pricing - The product saves me valuable time.,Agree,0.578483,0.076212
18000,Respondent #889,Pricing - The product saves me valuable effort.,Strongly Disagree,0.732472,0.306485
18001,Respondent #890,Design - I easily understood how to use the product.,Neutral,0.22392,0.987378
18002,Respondent #890,Design - I had no trouble installing the product.,Neutral,0.25531,0.783631
18003,Respondent #890,"Design - The product's design is unintuitive.",Neutral,0.06184,0.522308
18004,Respondent #890,Quality - The product was durable.,Agree,0.692995,0.79604
18005,Respondent #890,Quality - The product was free from scratches.,Disagree,0.352402,0.370147
18006,Respondent #890,Quality - The product is deformed.,Strongly Agree,0.796858,0.51603
18007,Respondent #890,Pricing - The product is affordable.,Neutral,0.84279,0.197264
18008,Respondent #890,Pricing - The product saves me valuable time.,Neutral,0.318327,0.164999
18009,Respondent #890,Pricing - The product saves me valuable effort.,Disagree,0.965041,0.615808
18010,Respondent #891,Design - I easily understood how to use the product.,Disagree,0.046026,0.414071
18011,Respondent #891,Design - I had no trouble installing the product.,Strongly Agree,0.606983,0.499535
18012,Respondent #891,"Design - The product's design is unintuitive.",Neutral,0.412318,0.162431
18013,Respondent #891,Quality - The product was durable.,Neutral,0.006161,0.460592
18014,Respondent #891,Quality - The product was free from scratches.,Disagree,0.380763,0.991067
18015,Respondent #891,Quality - The product is deformed.,Neutral,0.612831,0.731898
18016,Respondent #891,Pricing - The product is affordable.,Disagree,0.484786,0.656887
18017,Respondent #891,Pricing - The product saves me valuable time.,Neutral,0.105395,0.381581
18018,Respondent #891,Pricing - The product saves me valuable effort.,Disagree,0.177094,0.535038
18019,Respondent #892,Design - I easily understood how to use the product.,Strongly Disagree,0.157035,0.043652
18020,Respondent #892,Design - I had no trouble installing the product.,Strongly Agree,0.487307,0.80038
18021,Respondent #892,"Design - The product's design is unintuitive.",Disagree,0.541659,0.767916
18022,Respondent #892,Quality - The product was durable.,Agree,0.454524,0.587775
18023,Respondent #892,Quality - The product was free from scratches.,Neutral,0.261878,0.707865
18024,Respondent #892,Quality - The product is deformed.,Agree,0.084369,0.831578
18025,Respondent #892,Pricing - The product is affordable.,Strongly Disagree,0.378138,0.358338
18026,Respondent #892,Pricing - The product saves me valuable time.,Agree,0.40078,0.384325
18027,Respondent #892,Pricing - The product saves me valuable effort.,Strongly Disagree,0.556094,0.89755
18028,Respondent #893,Design - I easily understood how to use the product.,Strongly Disagree,0.020406,0.74059
18029,Respondent #893,Design - I had no trouble installing the product.,Strongly Agree,0.981895,0.997287
18030,Respondent #893,"Design - The product's design is unintuitive.",Disagree,0.635866,0.439793
18031,Respondent #893,Quality - The product was durable.,Neutral,0.801752,0.61975
18032,Respondent #893,Quality - The product was free from scratches.,Disagree,0.216457,0.385229
18033,Respondent #893,Quality - The product is deformed.,Agree,0.439816,0.378497
18034,Respondent #893,Pricing - The product is affordable.,Disagree,0.503283,0.779253
18035,Respondent #893,Pricing - The product saves me valuable time.,Agree,0.251607,0.974987
18036,Respondent #893,Pricing - The product saves me valuable effort.,Neutral,0.640735,0.920959
18037,Respondent #894,Design - I easily understood how to use the product.,Strongly Agree,0.300858,0.826819
18038,Respondent #894,Design - I had no trouble installing the product.,Disagree,0.067666,0.085843
18039,Respondent #894,"Design - The product's design is unintuitive.",Disagree,0.603263,0.421995
18040,Respondent #894,Quality - The product was durable.,Agree,0.144022,0.863195
18041,Respondent #894,Quality - The product was free from scratches.,Disagree,0.430904,0.389415
18042,Respondent #894,Quality - The product is deformed.,Agree,0.904241,0.585908
18043,Respondent #894,Pricing - The product is affordable.,Disagree,0.112046,0.645112
18044,Respondent #894,Pricing - The product saves me valuable time.,Agree,0.499701,0.856645
18045,Respondent #894,Pricing - The product saves me valuable effort.,Disagree,0.931734,0.040054
18046,Respondent #895,Design - I easily understood how to use the product.,Disagree,0.851601,0.266939
18047,Respondent #895,Design - I had no trouble installing the product.,Strongly Agree,0.646506,0.612194
18048,Respondent #895,"Design - The product's design is unintuitive.",Disagree,0.494464,0.924451
18049,Respondent #895,Quality - The product was durable.,Strongly Agree,0.824208,0.155154
18050,Respondent #895,Quality - The product was free from scratches.,Strongly Disagree,0.920876,0.456994
18051,Respondent #895,Quality - The product is deformed.,Agree,0.549224,0.224455
18052,Respondent #895,Pricing - The product is affordable.,Disagree,0.790738,0.246087
18053,Respondent #895,Pricing - The product saves me valuable time.,Strongly Agree,0.731151,0.840297
18054,Respondent #895,Pricing - The product saves me valuable effort.,Strongly Disagree,0.544612,0.896486
18055,Respondent #896,Design - I easily understood how to use the product.,Strongly Disagree,0.623718,0.097923
18056,Respondent #896,Design - I had no trouble installing the product.,Agree,0.701119,0.001035
18057,Respondent #896,"Design - The product's design is unintuitive.",Neutral,0.958035,0.097077
18058,Respondent #896,Quality - The product was durable.,Strongly Agree,0.698268,0.7989
18059,Respondent #896,Quality - The product was free from scratches.,Disagree,0.31125,0.76646
18060,Respondent #896,Quality - The product is deformed.,Agree,0.752689,0.936107
18061,Respondent #896,Pricing - The product is affordable.,Disagree,0.049508,0.633905
18062,Respondent #896,Pricing - The product saves me valuable time.,Strongly Agree,0.754103,0.191438
18063,Respondent #896,Pricing - The product saves me valuable effort.,Strongly Disagree,0.388364,0.607452
18064,Respondent #897,Design - I easily understood how to use the product.,Strongly Disagree,0.540929,0.386372
18065,Respondent #897,Design - I had no trouble installing the product.,Strongly Agree,0.916474,0.663152
18066,Respondent #897,"Design - The product's design is unintuitive.",Strongly Agree,0.729982,0.84004
18067,Respondent #897,Quality - The product was durable.,Neutral,0.769536,0.855151
18068,Respondent #897,Quality - The product was free from scratches.,Strongly Disagree,0.95352,0.319374
18069,Respondent #897,Quality - The product is deformed.,Agree,0.216094,0.206595
18070,Respondent #897,Pricing - The product is affordable.,Disagree,0.352499,0.130334
18071,Respondent #897,Pricing - The product saves me valuable time.,Agree,0.881674,0.531582
18072,Respondent #897,Pricing - The product saves me valuable effort.,Neutral,0.356198,0.175098
18073,Respondent #898,Design - I easily understood how to use the product.,Disagree,0.712959,0.328068
18074,Respondent #898,Design - I had no trouble installing the product.,Neutral,0.177468,0.079361
18075,Respondent #898,"Design - The product's design is unintuitive.",Disagree,0.831881,0.503462
18076,Respondent #898,Quality - The product was durable.,Agree,0.958383,0.189454
18077,Respondent #898,Quality - The product was free from scratches.,Disagree,0.405659,0.951557
18078,Respondent #898,Quality - The product is deformed.,Agree,0.71436,0.612095
18079,Respondent #898,Pricing - The product is affordable.,Strongly Agree,0.00244,0.35456
18080,Respondent #898,Pricing - The product saves me valuable time.,Agree,0.186899,0.914746
18081,Respondent #898,Pricing - The product saves me valuable effort.,Strongly Disagree,0.370616,0.049264
18082,Respondent #899,Design - I easily understood how to use the product.,Strongly Agree,0.054378,0.586812
18083,Respondent #899,Design - I had no trouble installing the product.,Strongly Agree,0.375941,0.27602
18084,Respondent #899,"Design - The product's design is unintuitive.",Disagree,0.784445,0.565901
18085,Respondent #899,Quality - The product was durable.,Strongly Agree,0.794201,0.149614
18086,Respondent #899,Quality - The product was free from scratches.,Neutral,0.48206,0.992361
18087,Respondent #899,Quality - The product is deformed.,Agree,0.855574,0.141523
18088,Respondent #899,Pricing - The product is affordable.,Strongly Disagree,0.667768,0.180136
18089,Respondent #899,Pricing - The product saves me valuable time.,Agree,0.175366,0.300999
18090,Respondent #899,Pricing - The product saves me valuable effort.,Disagree,0.859707,0.900389
18091,Respondent #900,Design - I easily understood how to use the product.,Strongly Agree,0.685747,0.559598
18092,Respondent #900,Design - I had no trouble installing the product.,Neutral,0.654248,0.841471
18093,Respondent #900,"Design - The product's design is unintuitive.",Strongly Disagree,0.964489,0.425836
18094,Respondent #900,Quality - The product was durable.,Neutral,0.660554,0.525435
18095,Respondent #900,Quality - The product was free from scratches.,Disagree,0.71413,0.020381
18096,Respondent #900,Quality - The product is deformed.,Neutral,0.330603,0.658442
18097,Respondent #900,Pricing - The product is affordable.,Strongly Disagree,0.984314,0.513507
18098,Respondent #900,Pricing - The product saves me valuable time.,Agree,0.51447,0.457721
18099,Respondent #900,Pricing - The product saves me valuable effort.,Disagree,0.175555,0.513472
18100,Respondent #901,Design - I easily understood how to use the product.,Strongly Disagree,0.903139,0.841099
18101,Respondent #901,Design - I had no trouble installing the product.,Neutral,0.908364,0.726034
18102,Respondent #901,"Design - The product's design is unintuitive.",Disagree,0.311735,0.831915
18103,Respondent #901,Quality - The product was durable.,Agree,0.3284,0.885006
18104,Respondent #901,Quality - The product was free from scratches.,Disagree,0.232681,0.802586
18105,Respondent #901,Quality - The product is deformed.,Neutral,0.243283,0.076645
18106,Respondent #901,Pricing - The product is affordable.,Neutral,0.239591,0.526057
18107,Respondent #901,Pricing - The product saves me valuable time.,Agree,0.677327,0.181258
18108,Respondent #901,Pricing - The product saves me valuable effort.,Neutral,0.957988,0.214256
18109,Respondent #902,Design - I easily understood how to use the product.,Disagree,0.308276,0.703825
18110,Respondent #902,Design - I had no trouble installing the product.,Strongly Agree,0.656234,0.774106
18111,Respondent #902,"Design - The product's design is unintuitive.",Neutral,0.848578,0.550581
18112,Respondent #902,Quality - The product was durable.,Strongly Agree,0.912777,0.713364
18113,Respondent #902,Quality - The product was free from scratches.,Disagree,0.269069,0.877043
18114,Respondent #902,Quality - The product is deformed.,Neutral,0.46956,0.154125
18115,Respondent #902,Pricing - The product is affordable.,Strongly Disagree,0.396602,0.085855
18116,Respondent #902,Pricing - The product saves me valuable time.,Agree,0.129225,0.190055
18117,Respondent #902,Pricing - The product saves me valuable effort.,Disagree,0.623385,0.471699
18118,Respondent #903,Design - I easily understood how to use the product.,Strongly Disagree,0.872273,0.883851
18119,Respondent #903,Design - I had no trouble installing the product.,Strongly Agree,0.295264,0.378926
18120,Respondent #903,"Design - The product's design is unintuitive.",Disagree,0.051022,0.544868
18121,Respondent #903,Quality - The product was durable.,Neutral,0.393807,0.142096
18122,Respondent #903,Quality - The product was free from scratches.,Disagree,0.642205,0.793363
18123,Respondent #903,Quality - The product is deformed.,Disagree,0.561168,0.079124
18124,Respondent #903,Pricing - The product is affordable.,Disagree,0.452618,0.833131
18125,Respondent #903,Pricing - The product saves me valuable time.,Agree,0.385304,0.609682
18126,Respondent #903,Pricing - The product saves me valuable effort.,Strongly Disagree,0.17033,0.909628
18127,Respondent #904,Design - I easily understood how to use the product.,Strongly Disagree,0.129993,0.886557
18128,Respondent #904,Design - I had no trouble installing the product.,Agree,0.301656,0.279098
18129,Respondent #904,"Design - The product's design is unintuitive.",Agree,0.768882,0.013425
18130,Respondent #904,Quality - The product was durable.,Agree,0.341435,0.536084
18131,Respondent #904,Quality - The product was free from scratches.,Neutral,0.447813,0.698381
18132,Respondent #904,Quality - The product is deformed.,Neutral,0.335612,0.914671
18133,Respondent #904,Pricing - The product is affordable.,Disagree,0.071688,0.893018
18134,Respondent #904,Pricing - The product saves me valuable time.,Neutral,0.704259,0.301126
18135,Respondent #904,Pricing - The product saves me valuable effort.,Disagree,0.304202,0.054472
18136,Respondent #905,Design - I easily understood how to use the product.,Strongly Disagree,0.346644,0.825818
18137,Respondent #905,Design - I had no trouble installing the product.,Agree,0.797371,0.160008
18138,Respondent #905,"Design - The product's design is unintuitive.",Neutral,0.342712,0.528036
18139,Respondent #905,Quality - The product was durable.,Neutral,0.034153,0.930527
18140,Respondent #905,Quality - The product was free from scratches.,Neutral,0.467865,0.52909
18141,Respondent #905,Quality - The product is deformed.,Strongly Agree,0.313517,0.842729
18142,Respondent #905,Pricing - The product is affordable.,Strongly Disagree,0.884016,0.873053
18143,Respondent #905,Pricing - The product saves me valuable time.,Agree,0.922202,0.927969
18144,Respondent #905,Pricing - The product saves me valuable effort.,Disagree,0.616064,0.526622
18145,Respondent #906,Design - I easily understood how to use the product.,Strongly Disagree,0.854952,0.639474
18146,Respondent #906,Design - I had no trouble installing the product.,Neutral,0.110902,0.900366
18147,Respondent #906,"Design - The product's design is unintuitive.",Neutral,0.081095,0.443871
18148,Respondent #906,Quality - The product was durable.,Strongly Agree,0.978444,0.67839
18149,Respondent #906,Quality - The product was free from scratches.,Disagree,0.24196,0.651515
18150,Respondent #906,Quality - The product is deformed.,Neutral,0.74495,0.63664
18151,Respondent #906,Pricing - The product is affordable.,Strongly Disagree,0.301826,0.769798
18152,Respondent #906,Pricing - The product saves me valuable time.,Agree,0.5668,0.73723
18153,Respondent #906,Pricing - The product saves me valuable effort.,Disagree,0.104491,0.425474
18154,Respondent #907,Design - I easily understood how to use the product.,Agree,0.185908,0.655943
18155,Respondent #907,Design - I had no trouble installing the product.,Disagree,0.403055,0.763319
18156,Respondent #907,"Design - The product's design is unintuitive.",Agree,0.166419,0.463342
18157,Respondent #907,Quality - The product was durable.,Neutral,0.687099,0.177854
18158,Respondent #907,Quality - The product was free from scratches.,Neutral,0.852177,0.840392
18159,Respondent #907,Quality - The product is deformed.,Strongly Agree,0.674675,0.443727
18160,Respondent #907,Pricing - The product is affordable.,Disagree,0.962869,0.587888
18161,Respondent #907,Pricing - The product saves me valuable time.,Neutral,0.327039,0.114579
18162,Respondent #907,Pricing - The product saves me valuable effort.,Disagree,0.007201,0.14447
18163,Respondent #908,Design - I easily understood how to use the product.,Disagree,0.636618,0.476135
18164,Respondent #908,Design - I had no trouble installing the product.,Agree,0.397024,0.206386
18165,Respondent #908,"Design - The product's design is unintuitive.",Neutral,0.836169,0.840426
18166,Respondent #908,Quality - The product was durable.,Strongly Agree,0.640193,0.178313
18167,Respondent #908,Quality - The product was free from scratches.,Disagree,0.853577,0.806702
18168,Respondent #908,Quality - The product is deformed.,Strongly Agree,0.509259,0.241107
18169,Respondent #908,Pricing - The product is affordable.,Agree,0.788322,0.60958
18170,Respondent #908,Pricing - The product saves me valuable time.,Neutral,0.890285,0.077049
18171,Respondent #908,Pricing - The product saves me valuable effort.,Strongly Disagree,0.895784,0.664731
18172,Respondent #909,Design - I easily understood how to use the product.,Neutral,0.142799,0.198986
18173,Respondent #909,Design - I had no trouble installing the product.,Strongly Agree,0.326454,0.682733
18174,Respondent #909,"Design - The product's design is unintuitive.",Strongly Agree,0.878739,0.175514
18175,Respondent #909,Quality - The product was durable.,Agree,0.145117,0.827048
18176,Respondent #909,Quality - The product was free from scratches.,Disagree,0.33129,0.600597
18177,Respondent #909,Quality - The product is deformed.,Neutral,0.806553,0.661817
18178,Respondent #909,Pricing - The product is affordable.,Disagree,0.612269,0.669236
18179,Respondent #909,Pricing - The product saves me valuable time.,Neutral,0.68364,0.612332
18180,Respondent #909,Pricing - The product saves me valuable effort.,Strongly Disagree,0.46308,0.140834
18181,Respondent #910,Design - I easily understood how to use the product.,Strongly Disagree,0.870774,0.482001
18182,Respondent #910,Design - I had no trouble installing the product.,Strongly Agree,0.010063,0.067723
18183,Respondent #910,"Design - The product's design is unintuitive.",Agree,0.724934,0.166554
18184,Respondent #910,Quality - The product was durable.,Strongly Agree,0.706442,0.57819
18185,Respondent #910,Quality - The product was free from scratches.,Disagree,0.504272,0.772322
18186,Respondent #910,Quality - The product is deformed.,Neutral,0.740501,0.768627
18187,Respondent #910,Pricing - The product is affordable.,Disagree,0.474484,0.618734
18188,Respondent #910,Pricing - The product saves me valuable time.,Agree,0.619754,0.963278
18189,Respondent #910,Pricing - The product saves me valuable effort.,Strongly Disagree,0.887603,0.365715
18190,Respondent #911,Design - I easily understood how to use the product.,Disagree,0.90111,0.793644
18191,Respondent #911,Design - I had no trouble installing the product.,Agree,0.114844,0.792941
18192,Respondent #911,"Design - The product's design is unintuitive.",Disagree,0.859133,0.34166
18193,Respondent #911,Quality - The product was durable.,Agree,0.926913,0.180831
18194,Respondent #911,Quality - The product was free from scratches.,Disagree,0.32665,0.761394
18195,Respondent #911,Quality - The product is deformed.,Agree,0.979327,0.09216
18196,Respondent #911,Pricing - The product is affordable.,Disagree,0.597133,0.710542
18197,Respondent #911,Pricing - The product saves me valuable time.,Agree,0.613036,0.398766
18198,Respondent #911,Pricing - The product saves me valuable effort.,Disagree,0.672756,0.425229
18199,Respondent #912,Design - I easily understood how to use the product.,Strongly Disagree,0.898682,0.537715
18200,Respondent #912,Design - I had no trouble installing the product.,Neutral,0.91342,0.198713
18201,Respondent #912,"Design - The product's design is unintuitive.",Disagree,0.80478,0.388197
18202,Respondent #912,Quality - The product was durable.,Agree,0.066514,0.766602
18203,Respondent #912,Quality - The product was free from scratches.,Disagree,0.134775,0.881927
18204,Respondent #912,Quality - The product is deformed.,Strongly Agree,0.04779,0.868174
18205,Respondent #912,Pricing - The product is affordable.,Disagree,0.594897,0.685191
18206,Respondent #912,Pricing - The product saves me valuable time.,Agree,0.288394,0.105245
18207,Respondent #912,Pricing - The product saves me valuable effort.,Disagree,0.730798,0.422607
18208,Respondent #913,Design - I easily understood how to use the product.,Strongly Disagree,0.627218,0.761174
18209,Respondent #913,Design - I had no trouble installing the product.,Strongly Agree,0.046214,0.648602
18210,Respondent #913,"Design - The product's design is unintuitive.",Disagree,0.123202,0.50661
18211,Respondent #913,Quality - The product was durable.,Agree,0.75898,0.888228
18212,Respondent #913,Quality - The product was free from scratches.,Neutral,0.181893,0.044466
18213,Respondent #913,Quality - The product is deformed.,Agree,0.671375,0.033783
18214,Respondent #913,Pricing - The product is affordable.,Disagree,0.234339,0.296777
18215,Respondent #913,Pricing - The product saves me valuable time.,Neutral,0.37089,0.211231
18216,Respondent #913,Pricing - The product saves me valuable effort.,Disagree,0.764114,0.090817
18217,Respondent #914,Design - I easily understood how to use the product.,Strongly Disagree,0.90333,0.313996
18218,Respondent #914,Design - I had no trouble installing the product.,Strongly Agree,0.165508,0.296913
18219,Respondent #914,"Design - The product's design is unintuitive.",Disagree,0.861093,0.197729
18220,Respondent #914,Quality - The product was durable.,Strongly Agree,0.691885,0.866332
18221,Respondent #914,Quality - The product was free from scratches.,Neutral,0.377819,0.649956
18222,Respondent #914,Quality - The product is deformed.,Strongly Agree,0.141287,0.681648
18223,Respondent #914,Pricing - The product is affordable.,Strongly Disagree,0.287669,0.71907
18224,Respondent #914,Pricing - The product saves me valuable time.,Disagree,0.305013,0.855161
18225,Respondent #914,Pricing - The product saves me valuable effort.,Disagree,0.750911,0.696318
18226,Respondent #915,Design - I easily understood how to use the product.,Strongly Disagree,0.768617,0.776827
18227,Respondent #915,Design - I had no trouble installing the product.,Agree,0.530053,0.039191
18228,Respondent #915,"Design - The product's design is unintuitive.",Disagree,0.79691,0.572662
18229,Respondent #915,Quality - The product was durable.,Strongly Agree,0.809765,0.027253
18230,Respondent #915,Quality - The product was free from scratches.,Disagree,0.858809,0.540505
18231,Respondent #915,Quality - The product is deformed.,Strongly Agree,0.017655,0.554654
18232,Respondent #915,Pricing - The product is affordable.,Strongly Disagree,0.289467,0.406049
18233,Respondent #915,Pricing - The product saves me valuable time.,Neutral,0.24899,0.418933
18234,Respondent #915,Pricing - The product saves me valuable effort.,Disagree,0.587966,0.555632
18235,Respondent #916,Design - I easily understood how to use the product.,Strongly Disagree,0.240119,0.840284
18236,Respondent #916,Design - I had no trouble installing the product.,Neutral,0.547271,0.014215
18237,Respondent #916,"Design - The product's design is unintuitive.",Neutral,0.914023,0.316903
18238,Respondent #916,Quality - The product was durable.,Agree,0.577421,0.712293
18239,Respondent #916,Quality - The product was free from scratches.,Neutral,0.586566,0.037661
18240,Respondent #916,Quality - The product is deformed.,Agree,0.795644,0.714461
18241,Respondent #916,Pricing - The product is affordable.,Strongly Agree,0.888109,0.63539
18242,Respondent #916,Pricing - The product saves me valuable time.,Agree,0.146932,0.091721
18243,Respondent #916,Pricing - The product saves me valuable effort.,Strongly Disagree,0.484546,0.408696
18244,Respondent #917,Design - I easily understood how to use the product.,Disagree,0.876414,0.877743
18245,Respondent #917,Design - I had no trouble installing the product.,Strongly Agree,0.418797,0.379398
18246,Respondent #917,"Design - The product's design is unintuitive.",Disagree,0.707012,0.725984
18247,Respondent #917,Quality - The product was durable.,Neutral,0.909739,0.990821
18248,Respondent #917,Quality - The product was free from scratches.,Neutral,0.540072,0.974542
18249,Respondent #917,Quality - The product is deformed.,Neutral,0.915673,0.485307
18250,Respondent #917,Pricing - The product is affordable.,Strongly Disagree,0.688356,0.013875
18251,Respondent #917,Pricing - The product saves me valuable time.,Strongly Agree,0.372656,0.922942
18252,Respondent #917,Pricing - The product saves me valuable effort.,Neutral,0.439605,0.796799
18253,Respondent #918,Design - I easily understood how to use the product.,Strongly Disagree,0.141214,0.578846
18254,Respondent #918,Design - I had no trouble installing the product.,Strongly Agree,0.296192,0.45337
18255,Respondent #918,"Design - The product's design is unintuitive.",Strongly Disagree,0.150219,0.176967
18256,Respondent #918,Quality - The product was durable.,Strongly Agree,0.813094,0.084199
18257,Respondent #918,Quality - The product was free from scratches.,Neutral,0.179769,0.220274
18258,Respondent #918,Quality - The product is deformed.,Disagree,0.67021,0.578749
18259,Respondent #918,Pricing - The product is affordable.,Disagree,0.463691,0.05841
18260,Respondent #918,Pricing - The product saves me valuable time.,Disagree,0.497415,0.44988
18261,Respondent #918,Pricing - The product saves me valuable effort.,Strongly Disagree,0.15065,0.329447
18262,Respondent #919,Design - I easily understood how to use the product.,Strongly Agree,0.106288,0.407657
18263,Respondent #919,Design - I had no trouble installing the product.,Agree,0.208906,0.202739
18264,Respondent #919,"Design - The product's design is unintuitive.",Disagree,0.010523,0.974273
18265,Respondent #919,Quality - The product was durable.,Strongly Agree,0.093591,0.885375
18266,Respondent #919,Quality - The product was free from scratches.,Neutral,0.946948,0.065432
18267,Respondent #919,Quality - The product is deformed.,Neutral,0.958656,0.20898
18268,Respondent #919,Pricing - The product is affordable.,Strongly Disagree,0.612288,0.315648
18269,Respondent #919,Pricing - The product saves me valuable time.,Neutral,0.610473,0.305428
18270,Respondent #919,Pricing - The product saves me valuable effort.,Disagree,0.330166,0.304137
18271,Respondent #920,Design - I easily understood how to use the product.,Strongly Agree,0.847028,0.14948
18272,Respondent #920,Design - I had no trouble installing the product.,Strongly Agree,0.47293,0.137035
18273,Respondent #920,"Design - The product's design is unintuitive.",Strongly Disagree,0.680882,0.549038
18274,Respondent #920,Quality - The product was durable.,Strongly Agree,0.076862,0.434901
18275,Respondent #920,Quality - The product was free from scratches.,Disagree,0.751168,0.430851
18276,Respondent #920,Quality - The product is deformed.,Disagree,0.486983,0.896921
18277,Respondent #920,Pricing - The product is affordable.,Strongly Disagree,0.48351,0.814905
18278,Respondent #920,Pricing - The product saves me valuable time.,Agree,0.541858,0.421339
18279,Respondent #920,Pricing - The product saves me valuable effort.,Neutral,0.637555,0.394312
18280,Respondent #921,Design - I easily understood how to use the product.,Strongly Disagree,0.010861,0.311007
18281,Respondent #921,Design - I had no trouble installing the product.,Strongly Agree,0.286628,0.416128
18282,Respondent #921,"Design - The product's design is unintuitive.",Strongly Disagree,0.252538,0.651782
18283,Respondent #921,Quality - The product was durable.,Agree,0.517561,0.836404
18284,Respondent #921,Quality - The product was free from scratches.,Disagree,0.746579,0.934048
18285,Respondent #921,Quality - The product is deformed.,Agree,0.959963,0.939254
18286,Respondent #921,Pricing - The product is affordable.,Agree,0.687921,0.530213
18287,Respondent #921,Pricing - The product saves me valuable time.,Agree,0.400164,0.76644
18288,Respondent #921,Pricing - The product saves me valuable effort.,Neutral,0.740024,0.443111
18289,Respondent #922,Design - I easily understood how to use the product.,Strongly Disagree,0.637537,0.420619
18290,Respondent #922,Design - I had no trouble installing the product.,Strongly Agree,0.758727,0.592231
18291,Respondent #922,"Design - The product's design is unintuitive.",Disagree,0.182465,0.880272
18292,Respondent #922,Quality - The product was durable.,Agree,0.339352,0.204174
18293,Respondent #922,Quality - The product was free from scratches.,Neutral,0.036337,0.227926
18294,Respondent #922,Quality - The product is deformed.,Agree,0.41162,0.007714
18295,Respondent #922,Pricing - The product is affordable.,Neutral,0.98531,0.122499
18296,Respondent #922,Pricing - The product saves me valuable time.,Agree,0.879525,0.243645
18297,Respondent #922,Pricing - The product saves me valuable effort.,Disagree,0.865563,0.156145
18298,Respondent #923,Design - I easily understood how to use the product.,Strongly Disagree,0.5714,0.041844
18299,Respondent #923,Design - I had no trouble installing the product.,Strongly Agree,0.969182,0.300649
18300,Respondent #923,"Design - The product's design is unintuitive.",Disagree,0.83904,0.827743
18301,Respondent #923,Quality - The product was durable.,Agree,0.813616,0.581862
18302,Respondent #923,Quality - The product was free from scratches.,Disagree,0.749236,0.527308
18303,Respondent #923,Quality - The product is deformed.,Neutral,0.393401,0.837608
18304,Respondent #923,Pricing - The product is affordable.,Neutral,0.138477,0.637695
18305,Respondent #923,Pricing - The product saves me valuable time.,Agree,0.522365,0.308453
18306,Respondent #923,Pricing - The product saves me valuable effort.,Strongly Disagree,0.783029,0.588248
18307,Respondent #924,Design - I easily understood how to use the product.,Strongly Disagree,0.692007,0.661466
18308,Respondent #924,Design - I had no trouble installing the product.,Agree,0.406095,0.181285
18309,Respondent #924,"Design - The product's design is unintuitive.",Disagree,0.354718,0.786131
18310,Respondent #924,Quality - The product was durable.,Agree,0.612451,0.339764
18311,Respondent #924,Quality - The product was free from scratches.,Disagree,0.387314,0.613232
18312,Respondent #924,Quality - The product is deformed.,Disagree,0.775864,0.139019
18313,Respondent #924,Pricing - The product is affordable.,Strongly Disagree,0.642201,0.473307
18314,Respondent #924,Pricing - The product saves me valuable time.,Agree,0.080457,0.392702
18315,Respondent #924,Pricing - The product saves me valuable effort.,Disagree,0.015449,0.363024
18316,Respondent #925,Design - I easily understood how to use the product.,Strongly Disagree,0.642046,0.398221
18317,Respondent #925,Design - I had no trouble installing the product.,Disagree,0.11606,0.601295
18318,Respondent #925,"Design - The product's design is unintuitive.",Neutral,0.230579,0.657274
18319,Respondent #925,Quality - The product was durable.,Agree,0.287188,0.443128
18320,Respondent #925,Quality - The product was free from scratches.,Disagree,0.900873,0.888185
18321,Respondent #925,Quality - The product is deformed.,Neutral,0.449306,0.904446
18322,Respondent #925,Pricing - The product is affordable.,Strongly Disagree,0.225467,0.488308
18323,Respondent #925,Pricing - The product saves me valuable time.,Agree,0.437574,0.613024
18324,Respondent #925,Pricing - The product saves me valuable effort.,Neutral,0.571969,0.796987
18325,Respondent #926,Design - I easily understood how to use the product.,Strongly Disagree,0.048292,0.228936
18326,Respondent #926,Design - I had no trouble installing the product.,Agree,0.158613,0.460732
18327,Respondent #926,"Design - The product's design is unintuitive.",Strongly Disagree,0.044708,0.044584
18328,Respondent #926,Quality - The product was durable.,Agree,0.848249,0.631788
18329,Respondent #926,Quality - The product was free from scratches.,Disagree,0.840996,0.546553
18330,Respondent #926,Quality - The product is deformed.,Neutral,0.929291,0.238206
18331,Respondent #926,Pricing - The product is affordable.,Disagree,0.844983,0.339944
18332,Respondent #926,Pricing - The product saves me valuable time.,Agree,0.516416,0.877103
18333,Respondent #926,Pricing - The product saves me valuable effort.,Strongly Disagree,0.186869,0.923042
18334,Respondent #927,Design - I easily understood how to use the product.,Disagree,0.89603,0.920989
18335,Respondent #927,Design - I had no trouble installing the product.,Neutral,0.657177,0.835122
18336,Respondent #927,"Design - The product's design is unintuitive.",Agree,0.074591,0.663978
18337,Respondent #927,Quality - The product was durable.,Strongly Agree,0.398562,0.768073
18338,Respondent #927,Quality - The product was free from scratches.,Disagree,0.789918,0.608066
18339,Respondent #927,Quality - The product is deformed.,Strongly Agree,0.888534,0.761127
18340,Respondent #927,Pricing - The product is affordable.,Neutral,0.503213,0.529103
18341,Respondent #927,Pricing - The product saves me valuable time.,Agree,0.097933,0.37381
18342,Respondent #927,Pricing - The product saves me valuable effort.,Strongly Disagree,0.240156,0.972501
18343,Respondent #928,Design - I easily understood how to use the product.,Strongly Disagree,0.370627,0.230473
18344,Respondent #928,Design - I had no trouble installing the product.,Agree,0.139718,0.627127
18345,Respondent #928,"Design - The product's design is unintuitive.",Strongly Disagree,0.302859,0.441279
18346,Respondent #928,Quality - The product was durable.,Strongly Agree,0.151576,0.339071
18347,Respondent #928,Quality - The product was free from scratches.,Neutral,0.086682,0.690622
18348,Respondent #928,Quality - The product is deformed.,Strongly Agree,0.890481,0.871014
18349,Respondent #928,Pricing - The product is affordable.,Disagree,0.530122,0.488296
18350,Respondent #928,Pricing - The product saves me valuable time.,Neutral,0.3309,0.223479
18351,Respondent #928,Pricing - The product saves me valuable effort.,Disagree,0.39803,0.178716
18352,Respondent #929,Design - I easily understood how to use the product.,Neutral,0.763282,0.450444
18353,Respondent #929,Design - I had no trouble installing the product.,Strongly Agree,0.340166,0.703224
18354,Respondent #929,"Design - The product's design is unintuitive.",Agree,0.049249,0.306792
18355,Respondent #929,Quality - The product was durable.,Agree,0.723959,0.523298
18356,Respondent #929,Quality - The product was free from scratches.,Neutral,0.48183,0.622338
18357,Respondent #929,Quality - The product is deformed.,Agree,0.51993,0.898172
18358,Respondent #929,Pricing - The product is affordable.,Agree,0.843569,0.639386
18359,Respondent #929,Pricing - The product saves me valuable time.,Agree,0.593951,0.45252
18360,Respondent #929,Pricing - The product saves me valuable effort.,Disagree,0.481484,0.727116
18361,Respondent #930,Design - I easily understood how to use the product.,Disagree,0.151531,0.394766
18362,Respondent #930,Design - I had no trouble installing the product.,Agree,0.058707,0.180623
18363,Respondent #930,"Design - The product's design is unintuitive.",Neutral,0.144721,0.486154
18364,Respondent #930,Quality - The product was durable.,Strongly Agree,0.514346,0.566071
18365,Respondent #930,Quality - The product was free from scratches.,Strongly Disagree,0.11159,0.823935
18366,Respondent #930,Quality - The product is deformed.,Agree,0.208648,0.150227
18367,Respondent #930,Pricing - The product is affordable.,Neutral,0.442891,0.076129
18368,Respondent #930,Pricing - The product saves me valuable time.,Disagree,0.398857,0.037376
18369,Respondent #930,Pricing - The product saves me valuable effort.,Strongly Disagree,0.081022,0.643462
18370,Respondent #931,Design - I easily understood how to use the product.,Strongly Disagree,0.412061,0.295744
18371,Respondent #931,Design - I had no trouble installing the product.,Neutral,0.489308,0.628367
18372,Respondent #931,"Design - The product's design is unintuitive.",Disagree,0.162394,0.922219
18373,Respondent #931,Quality - The product was durable.,Agree,0.023926,0.960367
18374,Respondent #931,Quality - The product was free from scratches.,Disagree,0.469883,0.81882
18375,Respondent #931,Quality - The product is deformed.,Neutral,0.338686,0.329959
18376,Respondent #931,Pricing - The product is affordable.,Strongly Disagree,0.158726,0.474245
18377,Respondent #931,Pricing - The product saves me valuable time.,Agree,0.720637,0.794909
18378,Respondent #931,Pricing - The product saves me valuable effort.,Strongly Disagree,0.941054,0.997356
18379,Respondent #932,Design - I easily understood how to use the product.,Disagree,0.956675,0.646853
18380,Respondent #932,Design - I had no trouble installing the product.,Strongly Agree,0.710884,0.787844
18381,Respondent #932,"Design - The product's design is unintuitive.",Neutral,0.567684,0.235227
18382,Respondent #932,Quality - The product was durable.,Neutral,0.565219,0.194814
18383,Respondent #932,Quality - The product was free from scratches.,Disagree,0.845053,0.897982
18384,Respondent #932,Quality - The product is deformed.,Neutral,0.737939,0.837852
18385,Respondent #932,Pricing - The product is affordable.,Strongly Disagree,0.324812,0.756034
18386,Respondent #932,Pricing - The product saves me valuable time.,Agree,0.596799,0.216073
18387,Respondent #932,Pricing - The product saves me valuable effort.,Strongly Disagree,0.144181,0.936398
18388,Respondent #933,Design - I easily understood how to use the product.,Strongly Disagree,0.355125,0.057761
18389,Respondent #933,Design - I had no trouble installing the product.,Strongly Agree,0.463959,0.663571
18390,Respondent #933,"Design - The product's design is unintuitive.",Strongly Disagree,0.270993,0.04929
18391,Respondent #933,Quality - The product was durable.,Agree,0.735613,0.857939
18392,Respondent #933,Quality - The product was free from scratches.,Disagree,0.527322,0.078747
18393,Respondent #933,Quality - The product is deformed.,Strongly Agree,0.540741,0.866381
18394,Respondent #933,Pricing - The product is affordable.,Agree,0.884159,0.059155
18395,Respondent #933,Pricing - The product saves me valuable time.,Disagree,0.836569,0.079392
18396,Respondent #933,Pricing - The product saves me valuable effort.,Disagree,0.265719,0.139629
18397,Respondent #934,Design - I easily understood how to use the product.,Strongly Disagree,0.72051,0.08026
18398,Respondent #934,Design - I had no trouble installing the product.,Neutral,0.25192,0.96297
18399,Respondent #934,"Design - The product's design is unintuitive.",Neutral,0.394052,0.75326
18400,Respondent #934,Quality - The product was durable.,Agree,0.898282,0.36552
18401,Respondent #934,Quality - The product was free from scratches.,Disagree,0.122714,0.17453
18402,Respondent #934,Quality - The product is deformed.,Strongly Disagree,0.14489,0.001798
18403,Respondent #934,Pricing - The product is affordable.,Strongly Disagree,0.058009,0.931793
18404,Respondent #934,Pricing - The product saves me valuable time.,Agree,0.839933,0.887966
18405,Respondent #934,Pricing - The product saves me valuable effort.,Disagree,0.382533,0.355344
18406,Respondent #935,Design - I easily understood how to use the product.,Strongly Disagree,0.36178,0.682894
18407,Respondent #935,Design - I had no trouble installing the product.,Agree,0.068822,0.17595
18408,Respondent #935,"Design - The product's design is unintuitive.",Disagree,0.033307,0.27464
18409,Respondent #935,Quality - The product was durable.,Strongly Agree,0.140548,0.735766
18410,Respondent #935,Quality - The product was free from scratches.,Neutral,0.083049,0.883499
18411,Respondent #935,Quality - The product is deformed.,Agree,0.653653,0.684563
18412,Respondent #935,Pricing - The product is affordable.,Strongly Disagree,0.56621,0.796435
18413,Respondent #935,Pricing - The product saves me valuable time.,Agree,0.339437,0.730754
18414,Respondent #935,Pricing - The product saves me valuable effort.,Disagree,0.765992,0.868758
18415,Respondent #936,Design - I easily understood how to use the product.,Strongly Disagree,0.808438,0.350961
18416,Respondent #936,Design - I had no trouble installing the product.,Strongly Agree,0.650568,0.704943
18417,Respondent #936,"Design - The product's design is unintuitive.",Neutral,0.27232,0.335842
18418,Respondent #936,Quality - The product was durable.,Neutral,0.967728,0.085733
18419,Respondent #936,Quality - The product was free from scratches.,Neutral,0.725759,0.36346
18420,Respondent #936,Quality - The product is deformed.,Disagree,0.044256,0.81918
18421,Respondent #936,Pricing - The product is affordable.,Strongly Agree,0.024404,0.892953
18422,Respondent #936,Pricing - The product saves me valuable time.,Neutral,0.736278,0.715819
18423,Respondent #936,Pricing - The product saves me valuable effort.,Disagree,0.141729,0.116993
18424,Respondent #937,Design - I easily understood how to use the product.,Strongly Disagree,0.120956,0.138068
18425,Respondent #937,Design - I had no trouble installing the product.,Agree,0.24673,0.998331
18426,Respondent #937,"Design - The product's design is unintuitive.",Disagree,0.778577,0.747375
18427,Respondent #937,Quality - The product was durable.,Agree,0.20266,0.932485
18428,Respondent #937,Quality - The product was free from scratches.,Disagree,0.506367,0.648691
18429,Respondent #937,Quality - The product is deformed.,Agree,0.601455,0.020602
18430,Respondent #937,Pricing - The product is affordable.,Strongly Agree,0.188676,0.205201
18431,Respondent #937,Pricing - The product saves me valuable time.,Agree,0.378851,0.378272
18432,Respondent #937,Pricing - The product saves me valuable effort.,Disagree,0.353949,0.627171
18433,Respondent #938,Design - I easily understood how to use the product.,Strongly Disagree,0.091792,0.250444
18434,Respondent #938,Design - I had no trouble installing the product.,Strongly Agree,0.167582,0.315273
18435,Respondent #938,"Design - The product's design is unintuitive.",Strongly Disagree,0.434674,0.193698
18436,Respondent #938,Quality - The product was durable.,Agree,0.531729,0.778716
18437,Respondent #938,Quality - The product was free from scratches.,Neutral,0.874802,0.555798
18438,Respondent #938,Quality - The product is deformed.,Agree,0.055735,0.328376
18439,Respondent #938,Pricing - The product is affordable.,Strongly Disagree,0.671917,0.513945
18440,Respondent #938,Pricing - The product saves me valuable time.,Agree,0.547644,0.058269
18441,Respondent #938,Pricing - The product saves me valuable effort.,Disagree,0.147796,0.910407
18442,Respondent #939,Design - I easily understood how to use the product.,Strongly Disagree,0.396205,0.168594
18443,Respondent #939,Design - I had no trouble installing the product.,Neutral,0.875802,0.763211
18444,Respondent #939,"Design - The product's design is unintuitive.",Neutral,0.275358,0.879014
18445,Respondent #939,Quality - The product was durable.,Strongly Agree,0.011819,0.715501
18446,Respondent #939,Quality - The product was free from scratches.,Neutral,0.278719,0.374238
18447,Respondent #939,Quality - The product is deformed.,Neutral,0.604278,0.205202
18448,Respondent #939,Pricing - The product is affordable.,Neutral,0.518253,0.897158
18449,Respondent #939,Pricing - The product saves me valuable time.,Neutral,0.954479,0.235406
18450,Respondent #939,Pricing - The product saves me valuable effort.,Strongly Disagree,0.445981,0.62807
18451,Respondent #940,Design - I easily understood how to use the product.,Strongly Disagree,0.647404,0.182922
18452,Respondent #940,Design - I had no trouble installing the product.,Agree,0.494108,0.549981
18453,Respondent #940,"Design - The product's design is unintuitive.",Disagree,0.973458,0.302875
18454,Respondent #940,Quality - The product was durable.,Strongly Agree,0.505656,0.844753
18455,Respondent #940,Quality - The product was free from scratches.,Neutral,0.292239,0.290965
18456,Respondent #940,Quality - The product is deformed.,Disagree,0.500312,0.672064
18457,Respondent #940,Pricing - The product is affordable.,Strongly Disagree,0.112782,0.001484
18458,Respondent #940,Pricing - The product saves me valuable time.,Agree,0.576477,0.324393
18459,Respondent #940,Pricing - The product saves me valuable effort.,Strongly Disagree,0.78922,0.56202
18460,Respondent #941,Design - I easily understood how to use the product.,Strongly Disagree,0.533558,0.902115
18461,Respondent #941,Design - I had no trouble installing the product.,Strongly Agree,0.076343,0.838783
18462,Respondent #941,"Design - The product's design is unintuitive.",Neutral,0.47688,0.221047
18463,Respondent #941,Quality - The product was durable.,Agree,0.573189,0.723213
18464,Respondent #941,Quality - The product was free from scratches.,Disagree,0.719421,0.167131
18465,Respondent #941,Quality - The product is deformed.,Neutral,0.844142,0.557726
18466,Respondent #941,Pricing - The product is affordable.,Disagree,0.50353,0.759646
18467,Respondent #941,Pricing - The product saves me valuable time.,Agree,0.845766,0.890281
18468,Respondent #941,Pricing - The product saves me valuable effort.,Neutral,0.675052,0.187853
18469,Respondent #942,Design - I easily understood how to use the product.,Strongly Disagree,0.600498,0.899742
18470,Respondent #942,Design - I had no trouble installing the product.,Strongly Agree,0.56599,0.815427
18471,Respondent #942,"Design - The product's design is unintuitive.",Disagree,0.958615,0.289476
18472,Respondent #942,Quality - The product was durable.,Strongly Agree,0.792204,0.18106
18473,Respondent #942,Quality - The product was free from scratches.,Neutral,0.363132,0.071566
18474,Respondent #942,Quality - The product is deformed.,Neutral,0.617756,0.980107
18475,Respondent #942,Pricing - The product is affordable.,Neutral,0.774332,0.152
18476,Respondent #942,Pricing - The product saves me valuable time.,Agree,0.50563,0.12139
18477,Respondent #942,Pricing - The product saves me valuable effort.,Disagree,0.370181,0.824866
18478,Respondent #943,Design - I easily understood how to use the product.,Strongly Disagree,0.677606,0.583428
18479,Respondent #943,Design - I had no trouble installing the product.,Agree,0.504089,0.316411
18480,Respondent #943,"Design - The product's design is unintuitive.",Disagree,0.588405,0.151553
18481,Respondent #943,Quality - The product was durable.,Neutral,0.667411,0.20213
18482,Respondent #943,Quality - The product was free from scratches.,Disagree,0.069872,0.994336
18483,Respondent #943,Quality - The product is deformed.,Strongly Agree,0.354963,0.779947
18484,Respondent #943,Pricing - The product is affordable.,Strongly Disagree,0.496544,0.216709
18485,Respondent #943,Pricing - The product saves me valuable time.,Neutral,0.985236,0.206108
18486,Respondent #943,Pricing - The product saves me valuable effort.,Disagree,0.267341,0.052341
18487,Respondent #944,Design - I easily understood how to use the product.,Strongly Agree,0.055942,0.289983
18488,Respondent #944,Design - I had no trouble installing the product.,Agree,0.827362,0.199814
18489,Respondent #944,"Design - The product's design is unintuitive.",Strongly Disagree,0.196147,0.68535
18490,Respondent #944,Quality - The product was durable.,Disagree,0.250592,0.329245
18491,Respondent #944,Quality - The product was free from scratches.,Disagree,0.964852,0.155558
18492,Respondent #944,Quality - The product is deformed.,Neutral,0.941779,0.750278
18493,Respondent #944,Pricing - The product is affordable.,Strongly Agree,0.572552,0.641506
18494,Respondent #944,Pricing - The product saves me valuable time.,Neutral,0.029186,0.337971
18495,Respondent #944,Pricing - The product saves me valuable effort.,Disagree,0.738462,0.538569
18496,Respondent #945,Design - I easily understood how to use the product.,Strongly Disagree,0.746734,0.915801
18497,Respondent #945,Design - I had no trouble installing the product.,Agree,0.498246,0.046691
18498,Respondent #945,"Design - The product's design is unintuitive.",Strongly Disagree,0.422595,0.73482
18499,Respondent #945,Quality - The product was durable.,Agree,0.484986,0.436504
18500,Respondent #945,Quality - The product was free from scratches.,Disagree,0.774002,0.059783
18501,Respondent #945,Quality - The product is deformed.,Agree,0.502275,0.18273
18502,Respondent #945,Pricing - The product is affordable.,Disagree,0.529041,0.246092
18503,Respondent #945,Pricing - The product saves me valuable time.,Disagree,0.446039,0.587083
18504,Respondent #945,Pricing - The product saves me valuable effort.,Neutral,0.735357,0.796611
18505,Respondent #946,Design - I easily understood how to use the product.,Strongly Disagree,0.16084,0.230165
18506,Respondent #946,Design - I had no trouble installing the product.,Agree,0.466679,0.116295
18507,Respondent #946,"Design - The product's design is unintuitive.",Disagree,0.100965,0.441507
18508,Respondent #946,Quality - The product was durable.,Strongly Agree,0.600926,0.880743
18509,Respondent #946,Quality - The product was free from scratches.,Neutral,0.298729,0.4406
18510,Respondent #946,Quality - The product is deformed.,Disagree,0.378922,0.26901
18511,Respondent #946,Pricing - The product is affordable.,Neutral,0.569979,0.854025
18512,Respondent #946,Pricing - The product saves me valuable time.,Agree,0.574741,0.290627
18513,Respondent #946,Pricing - The product saves me valuable effort.,Disagree,0.295289,0.873384
18514,Respondent #947,Design - I easily understood how to use the product.,Strongly Disagree,0.531217,0.466752
18515,Respondent #947,Design - I had no trouble installing the product.,Strongly Agree,0.0351,0.735456
18516,Respondent #947,"Design - The product's design is unintuitive.",Disagree,0.204995,0.909833
18517,Respondent #947,Quality - The product was durable.,Agree,0.134256,0.249326
18518,Respondent #947,Quality - The product was free from scratches.,Neutral,0.573972,0.40679
18519,Respondent #947,Quality - The product is deformed.,Neutral,0.471202,0.337908
18520,Respondent #947,Pricing - The product is affordable.,Agree,0.213323,0.399771
18521,Respondent #947,Pricing - The product saves me valuable time.,Neutral,0.398816,0.319073
18522,Respondent #947,Pricing - The product saves me valuable effort.,Strongly Disagree,0.145274,0.621248
18523,Respondent #948,Design - I easily understood how to use the product.,Agree,0.051169,0.31606
18524,Respondent #948,Design - I had no trouble installing the product.,Strongly Agree,0.116031,0.850167
18525,Respondent #948,"Design - The product's design is unintuitive.",Disagree,0.765723,0.531583
18526,Respondent #948,Quality - The product was durable.,Strongly Agree,0.379074,0.109519
18527,Respondent #948,Quality - The product was free from scratches.,Disagree,0.3001,0.211408
18528,Respondent #948,Quality - The product is deformed.,Strongly Agree,0.023326,0.243587
18529,Respondent #948,Pricing - The product is affordable.,Agree,0.042455,0.017039
18530,Respondent #948,Pricing - The product saves me valuable time.,Agree,0.530107,0.166363
18531,Respondent #948,Pricing - The product saves me valuable effort.,Disagree,0.904851,0.851407
18532,Respondent #949,Design - I easily understood how to use the product.,Strongly Disagree,0.411909,0.617898
18533,Respondent #949,Design - I had no trouble installing the product.,Disagree,0.094602,0.793752
18534,Respondent #949,"Design - The product's design is unintuitive.",Neutral,0.792068,0.177735
18535,Respondent #949,Quality - The product was durable.,Agree,0.940551,0.574074
18536,Respondent #949,Quality - The product was free from scratches.,Neutral,0.589929,0.47081
18537,Respondent #949,Quality - The product is deformed.,Neutral,0.11492,0.38507
18538,Respondent #949,Pricing - The product is affordable.,Disagree,0.412087,0.842042
18539,Respondent #949,Pricing - The product saves me valuable time.,Agree,0.018933,0.907445
18540,Respondent #949,Pricing - The product saves me valuable effort.,Strongly Disagree,0.731598,0.650435
18541,Respondent #950,Design - I easily understood how to use the product.,Strongly Disagree,0.637213,0.687088
18542,Respondent #950,Design - I had no trouble installing the product.,Strongly Agree,0.1151,0.533406
18543,Respondent #950,"Design - The product's design is unintuitive.",Strongly Disagree,0.896411,0.052765
18544,Respondent #950,Quality - The product was durable.,Agree,0.200679,0.834218
18545,Respondent #950,Quality - The product was free from scratches.,Disagree,0.421534,0.161147
18546,Respondent #950,Quality - The product is deformed.,Neutral,0.867238,0.975478
18547,Respondent #950,Pricing - The product is affordable.,Strongly Disagree,0.372094,0.281235
18548,Respondent #950,Pricing - The product saves me valuable time.,Agree,0.694674,0.359862
18549,Respondent #950,Pricing - The product saves me valuable effort.,Disagree,0.437141,0.198224
18550,Respondent #951,Design - I easily understood how to use the product.,Strongly Disagree,0.837246,0.932859
18551,Respondent #951,Design - I had no trouble installing the product.,Strongly Agree,0.454257,0.516151
18552,Respondent #951,"Design - The product's design is unintuitive.",Neutral,0.090128,0.514816
18553,Respondent #951,Quality - The product was durable.,Agree,0.219243,0.518478
18554,Respondent #951,Quality - The product was free from scratches.,Disagree,0.037905,0.177569
18555,Respondent #951,Quality - The product is deformed.,Agree,0.305915,0.375575
18556,Respondent #951,Pricing - The product is affordable.,Strongly Disagree,0.347064,0.389683
18557,Respondent #951,Pricing - The product saves me valuable time.,Agree,0.920028,0.108865
18558,Respondent #951,Pricing - The product saves me valuable effort.,Neutral,0.376605,0.813988
18559,Respondent #952,Design - I easily understood how to use the product.,Strongly Disagree,0.689557,0.25728
18560,Respondent #952,Design - I had no trouble installing the product.,Agree,0.538812,0.350133
18561,Respondent #952,"Design - The product's design is unintuitive.",Neutral,0.462363,0.458496
18562,Respondent #952,Quality - The product was durable.,Strongly Agree,0.370353,0.592198
18563,Respondent #952,Quality - The product was free from scratches.,Neutral,0.31397,0.355432
18564,Respondent #952,Quality - The product is deformed.,Strongly Agree,0.605619,0.913294
18565,Respondent #952,Pricing - The product is affordable.,Strongly Disagree,0.302552,0.666362
18566,Respondent #952,Pricing - The product saves me valuable time.,Neutral,0.634263,0.426252
18567,Respondent #952,Pricing - The product saves me valuable effort.,Strongly Disagree,0.90255,0.527307
18568,Respondent #953,Design - I easily understood how to use the product.,Strongly Disagree,0.761158,0.294908
18569,Respondent #953,Design - I had no trouble installing the product.,Strongly Agree,0.897645,0.836014
18570,Respondent #953,"Design - The product's design is unintuitive.",Neutral,0.894929,0.294243
18571,Respondent #953,Quality - The product was durable.,Strongly Agree,0.958898,0.345602
18572,Respondent #953,Quality - The product was free from scratches.,Strongly Disagree,0.55627,0.799081
18573,Respondent #953,Quality - The product is deformed.,Disagree,0.200116,0.859045
18574,Respondent #953,Pricing - The product is affordable.,Strongly Disagree,0.408576,0.192819
18575,Respondent #953,Pricing - The product saves me valuable time.,Agree,0.435658,0.479744
18576,Respondent #953,Pricing - The product saves me valuable effort.,Disagree,0.640857,0.545185
18577,Respondent #954,Design - I easily understood how to use the product.,Strongly Disagree,0.357873,0.018241
18578,Respondent #954,Design - I had no trouble installing the product.,Agree,0.886185,0.205589
18579,Respondent #954,"Design - The product's design is unintuitive.",Neutral,0.369779,0.836412
18580,Respondent #954,Quality - The product was durable.,Neutral,0.72263,0.820754
18581,Respondent #954,Quality - The product was free from scratches.,Neutral,0.272617,0.080823
18582,Respondent #954,Quality - The product is deformed.,Neutral,0.448991,0.266007
18583,Respondent #954,Pricing - The product is affordable.,Agree,0.708684,0.578119
18584,Respondent #954,Pricing - The product saves me valuable time.,Agree,0.765275,0.193924
18585,Respondent #954,Pricing - The product saves me valuable effort.,Neutral,0.865852,0.398113
18586,Respondent #955,Design - I easily understood how to use the product.,Strongly Disagree,0.573885,0.651159
18587,Respondent #955,Design - I had no trouble installing the product.,Strongly Agree,0.165163,0.849179
18588,Respondent #955,"Design - The product's design is unintuitive.",Neutral,0.826244,0.004614
18589,Respondent #955,Quality - The product was durable.,Agree,0.204243,0.001175
18590,Respondent #955,Quality - The product was free from scratches.,Disagree,0.935466,0.82769
18591,Respondent #955,Quality - The product is deformed.,Neutral,0.501251,0.08034
18592,Respondent #955,Pricing - The product is affordable.,Strongly Disagree,0.254499,0.427086
18593,Respondent #955,Pricing - The product saves me valuable time.,Agree,0.782457,0.979999
18594,Respondent #955,Pricing - The product saves me valuable effort.,Strongly Disagree,0.045203,0.952602
18595,Respondent #956,Design - I easily understood how to use the product.,Strongly Disagree,0.204434,0.15211
18596,Respondent #956,Design - I had no trouble installing the product.,Strongly Agree,0.84137,0.014298
18597,Respondent #956,"Design - The product's design is unintuitive.",Disagree,0.678671,0.696855
18598,Respondent #956,Quality - The product was durable.,Strongly Agree,0.431469,0.65535
18599,Respondent #956,Quality - The product was free from scratches.,Disagree,0.098792,0.202295
18600,Respondent #956,Quality - The product is deformed.,Strongly Agree,0.254524,0.909249
18601,Respondent #956,Pricing - The product is affordable.,Strongly Disagree,0.099928,0.440211
18602,Respondent #956,Pricing - The product saves me valuable time.,Agree,0.202196,0.933236
18603,Respondent #956,Pricing - The product saves me valuable effort.,Strongly Disagree,0.624402,0.82182
18604,Respondent #957,Design - I easily understood how to use the product.,Strongly Disagree,0.420256,0.051741
18605,Respondent #957,Design - I had no trouble installing the product.,Strongly Agree,0.029264,0.288743
18606,Respondent #957,"Design - The product's design is unintuitive.",Neutral,0.957628,0.248294
18607,Respondent #957,Quality - The product was durable.,Strongly Agree,0.909129,0.170439
18608,Respondent #957,Quality - The product was free from scratches.,Neutral,0.355408,0.681197
18609,Respondent #957,Quality - The product is deformed.,Disagree,0.714973,0.51868
18610,Respondent #957,Pricing - The product is affordable.,Strongly Disagree,0.931371,0.825906
18611,Respondent #957,Pricing - The product saves me valuable time.,Agree,0.558871,0.073787
18612,Respondent #957,Pricing - The product saves me valuable effort.,Strongly Disagree,0.101613,0.281411
18613,Respondent #958,Design - I easily understood how to use the product.,Strongly Disagree,0.532322,0.52571
18614,Respondent #958,Design - I had no trouble installing the product.,Strongly Agree,0.825502,0.962917
18615,Respondent #958,"Design - The product's design is unintuitive.",Disagree,0.378629,0.876141
18616,Respondent #958,Quality - The product was durable.,Disagree,0.175804,0.728659
18617,Respondent #958,Quality - The product was free from scratches.,Neutral,0.527551,0.936385
18618,Respondent #958,Quality - The product is deformed.,Neutral,0.966993,0.79591
18619,Respondent #958,Pricing - The product is affordable.,Strongly Agree,0.227813,0.257876
18620,Respondent #958,Pricing - The product saves me valuable time.,Agree,0.357369,0.443879
18621,Respondent #958,Pricing - The product saves me valuable effort.,Disagree,0.446687,0.1572
18622,Respondent #959,Design - I easily understood how to use the product.,Strongly Disagree,0.87059,0.580071
18623,Respondent #959,Design - I had no trouble installing the product.,Agree,0.881674,0.310785
18624,Respondent #959,"Design - The product's design is unintuitive.",Neutral,0.88948,0.324975
18625,Respondent #959,Quality - The product was durable.,Agree,0.563826,0.674571
18626,Respondent #959,Quality - The product was free from scratches.,Disagree,0.860135,0.016544
18627,Respondent #959,Quality - The product is deformed.,Disagree,0.104423,0.457056
18628,Respondent #959,Pricing - The product is affordable.,Agree,0.97336,0.106964
18629,Respondent #959,Pricing - The product saves me valuable time.,Neutral,0.012111,0.105703
18630,Respondent #959,Pricing - The product saves me valuable effort.,Strongly Disagree,0.144598,0.378149
18631,Respondent #960,Design - I easily understood how to use the product.,Agree,0.687476,0.552176
18632,Respondent #960,Design - I had no trouble installing the product.,Strongly Agree,0.174974,0.053588
18633,Respondent #960,"Design - The product's design is unintuitive.",Strongly Disagree,0.898032,0.124202
18634,Respondent #960,Quality - The product was durable.,Neutral,0.963149,0.499992
18635,Respondent #960,Quality - The product was free from scratches.,Strongly Disagree,0.570927,0.520793
18636,Respondent #960,Quality - The product is deformed.,Neutral,0.411744,0.842112
18637,Respondent #960,Pricing - The product is affordable.,Disagree,0.907302,0.8178
18638,Respondent #960,Pricing - The product saves me valuable time.,Agree,0.452025,0.881148
18639,Respondent #960,Pricing - The product saves me valuable effort.,Strongly Disagree,0.694906,0.467032
18640,Respondent #961,Design - I easily understood how to use the product.,Strongly Disagree,0.010774,0.657291
18641,Respondent #961,Design - I had no trouble installing the product.,Agree,0.602994,0.319318
18642,Respondent #961,"Design - The product's design is unintuitive.",Strongly Disagree,0.68783,0.476817
18643,Respondent #961,Quality - The product was durable.,Strongly Agree,0.301279,0.340237
18644,Respondent #961,Quality - The product was free from scratches.,Disagree,0.18334,0.65979
18645,Respondent #961,Quality - The product is deformed.,Strongly Agree,0.68531,0.37536
18646,Respondent #961,Pricing - The product is affordable.,Disagree,0.193205,0.170217
18647,Respondent #961,Pricing - The product saves me valuable time.,Strongly Agree,0.622808,0.68178
18648,Respondent #961,Pricing - The product saves me valuable effort.,Strongly Disagree,0.072929,0.743241
18649,Respondent #962,Design - I easily understood how to use the product.,Strongly Disagree,0.512028,0.749912
18650,Respondent #962,Design - I had no trouble installing the product.,Disagree,0.955292,0.856666
18651,Respondent #962,"Design - The product's design is unintuitive.",Agree,0.340896,0.005977
18652,Respondent #962,Quality - The product was durable.,Neutral,0.073863,0.060078
18653,Respondent #962,Quality - The product was free from scratches.,Disagree,0.987134,0.598331
18654,Respondent #962,Quality - The product is deformed.,Strongly Agree,0.403532,0.671665
18655,Respondent #962,Pricing - The product is affordable.,Disagree,0.608917,0.051588
18656,Respondent #962,Pricing - The product saves me valuable time.,Neutral,0.753819,0.79158
18657,Respondent #962,Pricing - The product saves me valuable effort.,Strongly Disagree,0.981383,0.707038
18658,Respondent #963,Design - I easily understood how to use the product.,Neutral,0.765056,0.85329
18659,Respondent #963,Design - I had no trouble installing the product.,Strongly Agree,0.21712,0.843818
18660,Respondent #963,"Design - The product's design is unintuitive.",Neutral,0.37529,0.200544
18661,Respondent #963,Quality - The product was durable.,Agree,0.370309,0.193331
18662,Respondent #963,Quality - The product was free from scratches.,Disagree,0.44904,0.677543
18663,Respondent #963,Quality - The product is deformed.,Strongly Agree,0.706502,0.728267
18664,Respondent #963,Pricing - The product is affordable.,Strongly Disagree,0.894908,0.641837
18665,Respondent #963,Pricing - The product saves me valuable time.,Neutral,0.972046,0.881334
18666,Respondent #963,Pricing - The product saves me valuable effort.,Disagree,0.456026,0.964986
18667,Respondent #964,Design - I easily understood how to use the product.,Strongly Disagree,0.728591,0.379191
18668,Respondent #964,Design - I had no trouble installing the product.,Agree,0.142264,0.975016
18669,Respondent #964,"Design - The product's design is unintuitive.",Neutral,0.429048,0.911806
18670,Respondent #964,Quality - The product was durable.,Disagree,0.390276,0.922759
18671,Respondent #964,Quality - The product was free from scratches.,Strongly Disagree,0.337126,0.162317
18672,Respondent #964,Quality - The product is deformed.,Agree,0.666786,0.190769
18673,Respondent #964,Pricing - The product is affordable.,Strongly Disagree,0.662096,0.253024
18674,Respondent #964,Pricing - The product saves me valuable time.,Strongly Agree,0.426517,0.469313
18675,Respondent #964,Pricing - The product saves me valuable effort.,Disagree,0.000713,0.779133
18676,Respondent #965,Design - I easily understood how to use the product.,Strongly Disagree,0.525558,0.92827
18677,Respondent #965,Design - I had no trouble installing the product.,Strongly Agree,0.314041,0.911833
18678,Respondent #965,"Design - The product's design is unintuitive.",Neutral,0.209809,0.426087
18679,Respondent #965,Quality - The product was durable.,Strongly Agree,0.492845,0.229185
18680,Respondent #965,Quality - The product was free from scratches.,Neutral,0.334427,0.250369
18681,Respondent #965,Quality - The product is deformed.,Agree,0.267615,0.749735
18682,Respondent #965,Pricing - The product is affordable.,Agree,0.916761,0.038551
18683,Respondent #965,Pricing - The product saves me valuable time.,Neutral,0.965136,0.413847
18684,Respondent #965,Pricing - The product saves me valuable effort.,Disagree,0.056491,0.304858
18685,Respondent #966,Design - I easily understood how to use the product.,Strongly Disagree,0.443148,0.092178
18686,Respondent #966,Design - I had no trouble installing the product.,Agree,0.915836,0.019882
18687,Respondent #966,"Design - The product's design is unintuitive.",Neutral,0.776478,0.487594
18688,Respondent #966,Quality - The product was durable.,Agree,0.642835,0.801055
18689,Respondent #966,Quality - The product was free from scratches.,Disagree,0.317285,0.016243
18690,Respondent #966,Quality - The product is deformed.,Disagree,0.930344,0.374185
18691,Respondent #966,Pricing - The product is affordable.,Disagree,0.696885,0.647271
18692,Respondent #966,Pricing - The product saves me valuable time.,Strongly Agree,0.145893,0.751703
18693,Respondent #966,Pricing - The product saves me valuable effort.,Strongly Disagree,0.146603,0.172136
18694,Respondent #967,Design - I easily understood how to use the product.,Disagree,0.586995,0.906679
18695,Respondent #967,Design - I had no trouble installing the product.,Neutral,0.917921,0.020099
18696,Respondent #967,"Design - The product's design is unintuitive.",Disagree,0.594772,0.764521
18697,Respondent #967,Quality - The product was durable.,Strongly Agree,0.3988,0.45299
18698,Respondent #967,Quality - The product was free from scratches.,Disagree,0.288855,0.334197
18699,Respondent #967,Quality - The product is deformed.,Agree,0.259786,0.374053
18700,Respondent #967,Pricing - The product is affordable.,Disagree,0.265131,0.702638
18701,Respondent #967,Pricing - The product saves me valuable time.,Neutral,0.688603,0.881673
18702,Respondent #967,Pricing - The product saves me valuable effort.,Strongly Disagree,0.466301,0.944355
18703,Respondent #968,Design - I easily understood how to use the product.,Strongly Agree,0.328369,0.828478
18704,Respondent #968,Design - I had no trouble installing the product.,Strongly Agree,0.228268,0.105406
18705,Respondent #968,"Design - The product's design is unintuitive.",Strongly Agree,0.094563,0.212172
18706,Respondent #968,Quality - The product was durable.,Agree,0.824673,0.4086
18707,Respondent #968,Quality - The product was free from scratches.,Disagree,0.755065,0.096046
18708,Respondent #968,Quality - The product is deformed.,Agree,0.148581,0.09559
18709,Respondent #968,Pricing - The product is affordable.,Strongly Disagree,0.684286,0.026095
18710,Respondent #968,Pricing - The product saves me valuable time.,Agree,0.880371,0.170521
18711,Respondent #968,Pricing - The product saves me valuable effort.,Neutral,0.203484,0.293945
18712,Respondent #969,Design - I easily understood how to use the product.,Strongly Disagree,0.716562,0.927628
18713,Respondent #969,Design - I had no trouble installing the product.,Strongly Agree,0.80033,0.101376
18714,Respondent #969,"Design - The product's design is unintuitive.",Agree,0.956045,0.722523
18715,Respondent #969,Quality - The product was durable.,Strongly Agree,0.59831,0.355925
18716,Respondent #969,Quality - The product was free from scratches.,Disagree,0.544761,0.623779
18717,Respondent #969,Quality - The product is deformed.,Neutral,0.505843,0.32637
18718,Respondent #969,Pricing - The product is affordable.,Strongly Disagree,0.036704,0.262968
18719,Respondent #969,Pricing - The product saves me valuable time.,Neutral,0.06682,0.493574
18720,Respondent #969,Pricing - The product saves me valuable effort.,Disagree,0.027837,0.859019
18721,Respondent #970,Design - I easily understood how to use the product.,Strongly Disagree,0.718121,0.022253
18722,Respondent #970,Design - I had no trouble installing the product.,Agree,0.446914,0.062629
18723,Respondent #970,"Design - The product's design is unintuitive.",Neutral,0.363202,0.698486
18724,Respondent #970,Quality - The product was durable.,Agree,0.372947,0.986924
18725,Respondent #970,Quality - The product was free from scratches.,Disagree,0.448083,0.928084
18726,Respondent #970,Quality - The product is deformed.,Neutral,0.776699,0.479497
18727,Respondent #970,Pricing - The product is affordable.,Neutral,0.631227,0.035347
18728,Respondent #970,Pricing - The product saves me valuable time.,Neutral,0.215367,0.413161
18729,Respondent #970,Pricing - The product saves me valuable effort.,Strongly Disagree,0.594309,0.28502
18730,Respondent #971,Design - I easily understood how to use the product.,Strongly Disagree,0.177737,0.174481
18731,Respondent #971,Design - I had no trouble installing the product.,Strongly Agree,0.028863,0.506548
18732,Respondent #971,"Design - The product's design is unintuitive.",Strongly Disagree,0.082886,0.714375
18733,Respondent #971,Quality - The product was durable.,Neutral,0.11262,0.190874
18734,Respondent #971,Quality - The product was free from scratches.,Disagree,0.370522,0.56757
18735,Respondent #971,Quality - The product is deformed.,Neutral,0.547375,0.790992
18736,Respondent #971,Pricing - The product is affordable.,Agree,0.050289,0.795142
18737,Respondent #971,Pricing - The product saves me valuable time.,Agree,0.025254,0.383346
18738,Respondent #971,Pricing - The product saves me valuable effort.,Disagree,0.73851,0.978748
18739,Respondent #972,Design - I easily understood how to use the product.,Strongly Disagree,0.461341,0.50009
18740,Respondent #972,Design - I had no trouble installing the product.,Strongly Agree,0.075246,0.269526
18741,Respondent #972,"Design - The product's design is unintuitive.",Agree,0.731652,0.026371
18742,Respondent #972,Quality - The product was durable.,Agree,0.121456,0.578657
18743,Respondent #972,Quality - The product was free from scratches.,Disagree,0.76693,0.98549
18744,Respondent #972,Quality - The product is deformed.,Agree,0.561501,0.887622
18745,Respondent #972,Pricing - The product is affordable.,Agree,0.788577,0.954948
18746,Respondent #972,Pricing - The product saves me valuable time.,Neutral,0.581963,0.972493
18747,Respondent #972,Pricing - The product saves me valuable effort.,Disagree,0.985616,0.402608
18748,Respondent #973,Design - I easily understood how to use the product.,Strongly Disagree,0.520702,0.920723
18749,Respondent #973,Design - I had no trouble installing the product.,Strongly Agree,0.34287,0.111255
18750,Respondent #973,"Design - The product's design is unintuitive.",Strongly Disagree,0.001914,0.728632
18751,Respondent #973,Quality - The product was durable.,Agree,0.224868,0.509579
18752,Respondent #973,Quality - The product was free from scratches.,Disagree,0.388314,0.510749
18753,Respondent #973,Quality - The product is deformed.,Agree,0.034621,0.982643
18754,Respondent #973,Pricing - The product is affordable.,Strongly Disagree,0.869324,0.289884
18755,Respondent #973,Pricing - The product saves me valuable time.,Agree,0.839279,0.866836
18756,Respondent #973,Pricing - The product saves me valuable effort.,Disagree,0.08661,0.399453
18757,Respondent #974,Design - I easily understood how to use the product.,Strongly Disagree,0.943399,0.910547
18758,Respondent #974,Design - I had no trouble installing the product.,Strongly Agree,0.415358,0.21586
18759,Respondent #974,"Design - The product's design is unintuitive.",Disagree,0.345136,0.54555
18760,Respondent #974,Quality - The product was durable.,Strongly Agree,0.935816,0.975183
18761,Respondent #974,Quality - The product was free from scratches.,Disagree,0.805902,0.217698
18762,Respondent #974,Quality - The product is deformed.,Disagree,0.022176,0.743616
18763,Respondent #974,Pricing - The product is affordable.,Strongly Disagree,0.166235,0.229147
18764,Respondent #974,Pricing - The product saves me valuable time.,Neutral,0.721205,0.03533
18765,Respondent #974,Pricing - The product saves me valuable effort.,Strongly Disagree,0.531484,0.054923
18766,Respondent #975,Design - I easily understood how to use the product.,Neutral,0.464914,0.892243
18767,Respondent #975,Design - I had no trouble installing the product.,Strongly Agree,0.246207,0.606805
18768,Respondent #975,"Design - The product's design is unintuitive.",Neutral,0.944459,0.847595
18769,Respondent #975,Quality - The product was durable.,Strongly Agree,0.326415,0.382941
18770,Respondent #975,Quality - The product was free from scratches.,Neutral,0.908258,0.680162
18771,Respondent #975,Quality - The product is deformed.,Agree,0.676537,0.929335
18772,Respondent #975,Pricing - The product is affordable.,Strongly Disagree,0.845045,0.650997
18773,Respondent #975,Pricing - The product saves me valuable time.,Agree,0.838517,0.225135
18774,Respondent #975,Pricing - The product saves me valuable effort.,Disagree,0.814727,0.404568
18775,Respondent #976,Design - I easily understood how to use the product.,Strongly Disagree,0.018866,0.457363
18776,Respondent #976,Design - I had no trouble installing the product.,Strongly Agree,0.232177,0.142296
18777,Respondent #976,"Design - The product's design is unintuitive.",Disagree,0.958093,0.905978
18778,Respondent #976,Quality - The product was durable.,Agree,0.788771,0.163992
18779,Respondent #976,Quality - The product was free from scratches.,Strongly Disagree,0.361606,0.433605
18780,Respondent #976,Quality - The product is deformed.,Strongly Disagree,0.060534,0.111194
18781,Respondent #976,Pricing - The product is affordable.,Strongly Disagree,0.168342,0.289014
18782,Respondent #976,Pricing - The product saves me valuable time.,Neutral,0.775694,0.381694
18783,Respondent #976,Pricing - The product saves me valuable effort.,Disagree,0.139524,0.308998
18784,Respondent #977,Design - I easily understood how to use the product.,Strongly Disagree,0.372672,0.951278
18785,Respondent #977,Design - I had no trouble installing the product.,Agree,0.765746,0.21134
18786,Respondent #977,"Design - The product's design is unintuitive.",Neutral,0.402709,0.727885
18787,Respondent #977,Quality - The product was durable.,Agree,0.777925,0.56946
18788,Respondent #977,Quality - The product was free from scratches.,Disagree,0.926489,0.609556
18789,Respondent #977,Quality - The product is deformed.,Agree,0.334177,0.85831
18790,Respondent #977,Pricing - The product is affordable.,Strongly Disagree,0.993474,0.149634
18791,Respondent #977,Pricing - The product saves me valuable time.,Neutral,0.423481,0.518245
18792,Respondent #977,Pricing - The product saves me valuable effort.,Disagree,0.473953,0.746508
18793,Respondent #978,Design - I easily understood how to use the product.,Neutral,0.683528,0.016619
18794,Respondent #978,Design - I had no trouble installing the product.,Agree,0.328448,0.46959
18795,Respondent #978,"Design - The product's design is unintuitive.",Disagree,0.96003,0.233959
18796,Respondent #978,Quality - The product was durable.,Agree,0.858757,0.525721
18797,Respondent #978,Quality - The product was free from scratches.,Neutral,0.609247,0.3625
18798,Respondent #978,Quality - The product is deformed.,Disagree,0.223563,0.629404
18799,Respondent #978,Pricing - The product is affordable.,Strongly Disagree,0.093606,0.836601
18800,Respondent #978,Pricing - The product saves me valuable time.,Strongly Agree,0.976252,0.301046
18801,Respondent #978,Pricing - The product saves me valuable effort.,Disagree,0.558092,0.588001
18802,Respondent #979,Design - I easily understood how to use the product.,Strongly Disagree,0.469976,0.032076
18803,Respondent #979,Design - I had no trouble installing the product.,Strongly Agree,0.291147,0.381695
18804,Respondent #979,"Design - The product's design is unintuitive.",Agree,0.81645,0.314326
18805,Respondent #979,Quality - The product was durable.,Neutral,0.425808,0.136329
18806,Respondent #979,Quality - The product was free from scratches.,Neutral,0.490068,0.668241
18807,Respondent #979,Quality - The product is deformed.,Neutral,0.959815,0.931852
18808,Respondent #979,Pricing - The product is affordable.,Strongly Disagree,0.484674,0.533872
18809,Respondent #979,Pricing - The product saves me valuable time.,Disagree,0.066511,0.278179
18810,Respondent #979,Pricing - The product saves me valuable effort.,Disagree,0.030579,0.846256
18811,Respondent #980,Design - I easily understood how to use the product.,Disagree,0.786039,0.534753
18812,Respondent #980,Design - I had no trouble installing the product.,Strongly Agree,0.465918,0.819092
18813,Respondent #980,"Design - The product's design is unintuitive.",Strongly Disagree,0.138429,0.799837
18814,Respondent #980,Quality - The product was durable.,Agree,0.87118,0.618867
18815,Respondent #980,Quality - The product was free from scratches.,Disagree,0.175175,0.739681
18816,Respondent #980,Quality - The product is deformed.,Strongly Agree,0.303743,0.137532
18817,Respondent #980,Pricing - The product is affordable.,Disagree,0.784114,0.852971
18818,Respondent #980,Pricing - The product saves me valuable time.,Agree,0.125519,0.256303
18819,Respondent #980,Pricing - The product saves me valuable effort.,Neutral,0.576692,0.071287
18820,Respondent #981,Design - I easily understood how to use the product.,Strongly Disagree,0.760677,0.146212
18821,Respondent #981,Design - I had no trouble installing the product.,Strongly Agree,0.479638,0.868001
18822,Respondent #981,"Design - The product's design is unintuitive.",Neutral,0.698363,0.995711
18823,Respondent #981,Quality - The product was durable.,Agree,0.336278,0.366851
18824,Respondent #981,Quality - The product was free from scratches.,Disagree,0.897216,0.843242
18825,Respondent #981,Quality - The product is deformed.,Neutral,0.033107,0.70957
18826,Respondent #981,Pricing - The product is affordable.,Neutral,0.924316,0.802969
18827,Respondent #981,Pricing - The product saves me valuable time.,Agree,0.413489,0.383286
18828,Respondent #981,Pricing - The product saves me valuable effort.,Neutral,0.83696,0.600429
18829,Respondent #982,Design - I easily understood how to use the product.,Disagree,0.586536,0.952481
18830,Respondent #982,Design - I had no trouble installing the product.,Neutral,0.416576,0.021962
18831,Respondent #982,"Design - The product's design is unintuitive.",Agree,0.189937,0.395145
18832,Respondent #982,Quality - The product was durable.,Agree,0.646374,0.678632
18833,Respondent #982,Quality - The product was free from scratches.,Neutral,0.833168,0.144202
18834,Respondent #982,Quality - The product is deformed.,Agree,0.777939,0.192967
18835,Respondent #982,Pricing - The product is affordable.,Strongly Disagree,0.48841,0.283288
18836,Respondent #982,Pricing - The product saves me valuable time.,Agree,0.361897,0.101967
18837,Respondent #982,Pricing - The product saves me valuable effort.,Disagree,0.010427,0.134355
18838,Respondent #983,Design - I easily understood how to use the product.,Strongly Disagree,0.943489,0.910756
18839,Respondent #983,Design - I had no trouble installing the product.,Strongly Agree,0.19118,0.491884
18840,Respondent #983,"Design - The product's design is unintuitive.",Disagree,0.392779,0.301473
18841,Respondent #983,Quality - The product was durable.,Agree,0.951843,0.621446
18842,Respondent #983,Quality - The product was free from scratches.,Disagree,0.255447,0.117316
18843,Respondent #983,Quality - The product is deformed.,Neutral,0.159611,0.919091
18844,Respondent #983,Pricing - The product is affordable.,Strongly Agree,0.451059,0.152614
18845,Respondent #983,Pricing - The product saves me valuable time.,Agree,0.597303,0.510432
18846,Respondent #983,Pricing - The product saves me valuable effort.,Disagree,0.802645,0.718031
18847,Respondent #984,Design - I easily understood how to use the product.,Strongly Agree,0.354927,0.711519
18848,Respondent #984,Design - I had no trouble installing the product.,Strongly Agree,0.321746,0.672032
18849,Respondent #984,"Design - The product's design is unintuitive.",Strongly Disagree,0.157015,0.609064
18850,Respondent #984,Quality - The product was durable.,Neutral,0.322611,0.149323
18851,Respondent #984,Quality - The product was free from scratches.,Disagree,0.106008,0.47034
18852,Respondent #984,Quality - The product is deformed.,Agree,0.675397,0.233678
18853,Respondent #984,Pricing - The product is affordable.,Agree,0.245378,0.813964
18854,Respondent #984,Pricing - The product saves me valuable time.,Neutral,0.472526,0.432584
18855,Respondent #984,Pricing - The product saves me valuable effort.,Disagree,0.411722,0.093438
18856,Respondent #985,Design - I easily understood how to use the product.,Strongly Disagree,0.459684,0.271701
18857,Respondent #985,Design - I had no trouble installing the product.,Strongly Agree,0.339943,0.865706
18858,Respondent #985,"Design - The product's design is unintuitive.",Neutral,0.424943,0.34469
18859,Respondent #985,Quality - The product was durable.,Neutral,0.000319,0.865713
18860,Respondent #985,Quality - The product was free from scratches.,Neutral,0.736022,0.867809
18861,Respondent #985,Quality - The product is deformed.,Agree,0.768545,0.423542
18862,Respondent #985,Pricing - The product is affordable.,Strongly Disagree,0.441985,0.076624
18863,Respondent #985,Pricing - The product saves me valuable time.,Neutral,0.201588,0.260401
18864,Respondent #985,Pricing - The product saves me valuable effort.,Strongly Disagree,0.639404,0.98677
18865,Respondent #986,Design - I easily understood how to use the product.,Strongly Disagree,0.950898,0.902263
18866,Respondent #986,Design - I had no trouble installing the product.,Strongly Agree,0.202991,0.488838
18867,Respondent #986,"Design - The product's design is unintuitive.",Strongly Agree,0.693166,0.822445
18868,Respondent #986,Quality - The product was durable.,Strongly Agree,0.6685,0.250646
18869,Respondent #986,Quality - The product was free from scratches.,Neutral,0.128567,0.415614
18870,Respondent #986,Quality - The product is deformed.,Strongly Disagree,0.650132,0.068437
18871,Respondent #986,Pricing - The product is affordable.,Strongly Disagree,0.160719,0.819869
18872,Respondent #986,Pricing - The product saves me valuable time.,Agree,0.469405,0.889862
18873,Respondent #986,Pricing - The product saves me valuable effort.,Disagree,0.585954,0.907158
18874,Respondent #987,Design - I easily understood how to use the product.,Agree,0.635354,0.499818
18875,Respondent #987,Design - I had no trouble installing the product.,Strongly Agree,0.696201,0.951942
18876,Respondent #987,"Design - The product's design is unintuitive.",Agree,0.181024,0.510497
18877,Respondent #987,Quality - The product was durable.,Agree,0.735308,0.311838
18878,Respondent #987,Quality - The product was free from scratches.,Disagree,0.321599,0.02673
18879,Respondent #987,Quality - The product is deformed.,Neutral,0.066415,0.169988
18880,Respondent #987,Pricing - The product is affordable.,Disagree,0.292224,0.951891
18881,Respondent #987,Pricing - The product saves me valuable time.,Disagree,0.991846,0.698934
18882,Respondent #987,Pricing - The product saves me valuable effort.,Strongly Disagree,0.193003,0.516649
18883,Respondent #988,Design - I easily understood how to use the product.,Strongly Disagree,0.037465,0.331644
18884,Respondent #988,Design - I had no trouble installing the product.,Strongly Agree,0.29901,0.978978
18885,Respondent #988,"Design - The product's design is unintuitive.",Disagree,0.987894,0.521915
18886,Respondent #988,Quality - The product was durable.,Strongly Agree,0.745048,0.771496
18887,Respondent #988,Quality - The product was free from scratches.,Neutral,0.35563,0.495387
18888,Respondent #988,Quality - The product is deformed.,Agree,0.15734,0.451815
18889,Respondent #988,Pricing - The product is affordable.,Agree,0.436905,0.885753
18890,Respondent #988,Pricing - The product saves me valuable time.,Agree,0.945404,0.230868
18891,Respondent #988,Pricing - The product saves me valuable effort.,Strongly Disagree,0.623582,0.003621
18892,Respondent #989,Design - I easily understood how to use the product.,Strongly Disagree,0.780948,0.001263
18893,Respondent #989,Design - I had no trouble installing the product.,Strongly Agree,0.881782,0.111326
18894,Respondent #989,"Design - The product's design is unintuitive.",Agree,0.751387,0.002964
18895,Respondent #989,Quality - The product was durable.,Agree,0.892486,0.391882
18896,Respondent #989,Quality - The product was free from scratches.,Disagree,0.277733,0.106092
18897,Respondent #989,Quality - The product is deformed.,Agree,0.005027,0.730553
18898,Respondent #989,Pricing - The product is affordable.,Strongly Disagree,0.643744,0.787498
18899,Respondent #989,Pricing - The product saves me valuable time.,Strongly Agree,0.778284,0.647217
18900,Respondent #989,Pricing - The product saves me valuable effort.,Disagree,0.54692,0.952659
18901,Respondent #990,Design - I easily understood how to use the product.,Strongly Disagree,0.867963,0.170407
18902,Respondent #990,Design - I had no trouble installing the product.,Strongly Agree,0.272423,0.156686
18903,Respondent #990,"Design - The product's design is unintuitive.",Disagree,0.786088,0.565193
18904,Respondent #990,Quality - The product was durable.,Neutral,0.467494,0.736693
18905,Respondent #990,Quality - The product was free from scratches.,Neutral,0.246103,0.696215
18906,Respondent #990,Quality - The product is deformed.,Disagree,0.707963,0.049915
18907,Respondent #990,Pricing - The product is affordable.,Strongly Disagree,0.79337,0.425751
18908,Respondent #990,Pricing - The product saves me valuable time.,Neutral,0.50227,0.047812
18909,Respondent #990,Pricing - The product saves me valuable effort.,Disagree,0.482652,0.416897
18910,Respondent #991,Design - I easily understood how to use the product.,Strongly Agree,0.23171,0.689467
18911,Respondent #991,Design - I had no trouble installing the product.,Neutral,0.817643,0.8918
18912,Respondent #991,"Design - The product's design is unintuitive.",Neutral,0.032147,0.720501
18913,Respondent #991,Quality - The product was durable.,Agree,0.524549,0.503881
18914,Respondent #991,Quality - The product was free from scratches.,Disagree,0.003904,0.075962
18915,Respondent #991,Quality - The product is deformed.,Agree,0.770373,0.403235
18916,Respondent #991,Pricing - The product is affordable.,Disagree,0.380692,0.019363
18917,Respondent #991,Pricing - The product saves me valuable time.,Agree,0.53547,0.849335
18918,Respondent #991,Pricing - The product saves me valuable effort.,Disagree,0.190735,0.877752
18919,Respondent #992,Design - I easily understood how to use the product.,Disagree,0.120457,0.172079
18920,Respondent #992,Design - I had no trouble installing the product.,Neutral,0.563223,0.473197
18921,Respondent #992,"Design - The product's design is unintuitive.",Strongly Disagree,0.203131,0.46636
18922,Respondent #992,Quality - The product was durable.,Agree,0.694193,0.40143
18923,Respondent #992,Quality - The product was free from scratches.,Neutral,0.598692,0.368297
18924,Respondent #992,Quality - The product is deformed.,Agree,0.498656,0.830008
18925,Respondent #992,Pricing - The product is affordable.,Strongly Disagree,0.2399,0.254911
18926,Respondent #992,Pricing - The product saves me valuable time.,Neutral,0.164225,0.069815
18927,Respondent #992,Pricing - The product saves me valuable effort.,Neutral,0.917341,0.902782
18928,Respondent #993,Design - I easily understood how to use the product.,Strongly Agree,0.342012,0.475252
18929,Respondent #993,Design - I had no trouble installing the product.,Disagree,0.587857,0.956678
18930,Respondent #993,"Design - The product's design is unintuitive.",Neutral,0.692822,0.076851
18931,Respondent #993,Quality - The product was durable.,Strongly Agree,0.930531,0.56536
18932,Respondent #993,Quality - The product was free from scratches.,Neutral,0.644693,0.931757
18933,Respondent #993,Quality - The product is deformed.,Disagree,0.05927,0.521199
18934,Respondent #993,Pricing - The product is affordable.,Disagree,0.955914,0.403053
18935,Respondent #993,Pricing - The product saves me valuable time.,Strongly Agree,0.996513,0.736052
18936,Respondent #993,Pricing - The product saves me valuable effort.,Strongly Disagree,0.610689,0.421904
18937,Respondent #994,Design - I easily understood how to use the product.,Strongly Disagree,0.46063,0.925666
18938,Respondent #994,Design - I had no trouble installing the product.,Strongly Agree,0.546535,0.868448
18939,Respondent #994,"Design - The product's design is unintuitive.",Disagree,0.042881,0.979685
18940,Respondent #994,Quality - The product was durable.,Strongly Agree,0.089188,0.109137
18941,Respondent #994,Quality - The product was free from scratches.,Disagree,0.027983,0.24906
18942,Respondent #994,Quality - The product is deformed.,Neutral,0.559706,0.703925
18943,Respondent #994,Pricing - The product is affordable.,Strongly Agree,0.753311,0.108743
18944,Respondent #994,Pricing - The product saves me valuable time.,Agree,0.683058,0.727606
18945,Respondent #994,Pricing - The product saves me valuable effort.,Disagree,0.796663,0.444571
18946,Respondent #995,Design - I easily understood how to use the product.,Strongly Disagree,0.527043,0.827272
18947,Respondent #995,Design - I had no trouble installing the product.,Strongly Agree,0.025595,0.542212
18948,Respondent #995,"Design - The product's design is unintuitive.",Agree,0.375378,0.741636
18949,Respondent #995,Quality - The product was durable.,Agree,0.744265,0.405098
18950,Respondent #995,Quality - The product was free from scratches.,Disagree,0.941937,0.066466
18951,Respondent #995,Quality - The product is deformed.,Neutral,0.417317,0.871368
18952,Respondent #995,Pricing - The product is affordable.,Neutral,0.168022,0.46099
18953,Respondent #995,Pricing - The product saves me valuable time.,Neutral,0.344175,0.34096
18954,Respondent #995,Pricing - The product saves me valuable effort.,Strongly Disagree,0.984392,0.47617
18955,Respondent #996,Design - I easily understood how to use the product.,Strongly Disagree,0.50403,0.518134
18956,Respondent #996,Design - I had no trouble installing the product.,Strongly Agree,0.237619,0.863849
18957,Respondent #996,"Design - The product's design is unintuitive.",Strongly Disagree,0.035949,0.807572
18958,Respondent #996,Quality - The product was durable.,Agree,0.005225,0.451662
18959,Respondent #996,Quality - The product was free from scratches.,Strongly Disagree,0.052904,0.577981
18960,Respondent #996,Quality - The product is deformed.,Neutral,0.870714,0.638137
18961,Respondent #996,Pricing - The product is affordable.,Strongly Agree,0.336095,0.011442
18962,Respondent #996,Pricing - The product saves me valuable time.,Neutral,0.162547,0.094663
18963,Respondent #996,Pricing - The product saves me valuable effort.,Disagree,0.244493,0.767341
18964,Respondent #997,Design - I easily understood how to use the product.,Strongly Disagree,0.642428,0.848976
18965,Respondent #997,Design - I had no trouble installing the product.,Strongly Agree,0.431406,0.333498
18966,Respondent #997,"Design - The product's design is unintuitive.",Neutral,0.934262,0.919586
18967,Respondent #997,Quality - The product was durable.,Agree,0.349245,0.891206
18968,Respondent #997,Quality - The product was free from scratches.,Neutral,0.344253,0.633195
18969,Respondent #997,Quality - The product is deformed.,Agree,0.354587,0.74928
18970,Respondent #997,Pricing - The product is affordable.,Neutral,0.859114,0.088394
18971,Respondent #997,Pricing - The product saves me valuable time.,Neutral,0.823222,0.762532
18972,Respondent #997,Pricing - The product saves me valuable effort.,Neutral,0.320195,0.747338
18973,Respondent #998,Design - I easily understood how to use the product.,Strongly Disagree,0.390078,0.542486
18974,Respondent #998,Design - I had no trouble installing the product.,Strongly Agree,0.857149,0.977344
18975,Respondent #998,"Design - The product's design is unintuitive.",Disagree,0.350003,0.142866
18976,Respondent #998,Quality - The product was durable.,Agree,0.356798,0.575483
18977,Respondent #998,Quality - The product was free from scratches.,Disagree,0.972804,0.050842
18978,Respondent #998,Quality - The product is deformed.,Agree,0.217555,0.955869
18979,Respondent #998,Pricing - The product is affordable.,Neutral,0.675936,0.666794
18980,Respondent #998,Pricing - The product saves me valuable time.,Agree,0.432387,0.11376
18981,Respondent #998,Pricing - The product saves me valuable effort.,Strongly Disagree,0.813455,0.154667
18982,Respondent #999,Design - I easily understood how to use the product.,Disagree,0.533882,0.220578
18983,Respondent #999,Design - I had no trouble installing the product.,Strongly Agree,0.403732,0.586729
18984,Respondent #999,"Design - The product's design is unintuitive.",Agree,0.52241,0.966634
18985,Respondent #999,Quality - The product was durable.,Strongly Agree,0.122951,0.124159
18986,Respondent #999,Quality - The product was free from scratches.,Disagree,0.089121,0.6345
18987,Respondent #999,Quality - The product is deformed.,Agree,0.339504,0.843956
18988,Respondent #999,Pricing - The product is affordable.,Disagree,0.147323,0.214318
18989,Respondent #999,Pricing - The product saves me valuable time.,Neutral,0.150328,0.225314
18990,Respondent #999,Pricing - The product saves me valuable effort.,Disagree,0.93904,0.789231
18991,Respondent #1000,Design - I easily understood how to use the product.,Neutral,0.123838,0.075076
18992,Respondent #1000,Design - I had no trouble installing the product.,Strongly Agree,0.46861,0.397515
18993,Respondent #1000,"Design - The product's design is unintuitive.",Agree,0.81683,0.490217
18994,Respondent #1000,Quality - The product was durable.,Neutral,0.368937,0.036172
18995,Respondent #1000,Quality - The product was free from scratches.,Disagree,0.95304,0.681679
18996,Respondent #1000,Quality - The product is deformed.,Agree,0.80663,0.41663
18997,Respondent #1000,Pricing - The product is affordable.,Neutral,0.313994,0.308589
18998,Respondent #1000,Pricing - The product saves me valuable time.,Agree,0.099967,0.970718
18999,Respondent #1000,Pricing - The product saves me valuable effort.,Strongly Disagree,0.673559,0.573507
