Game Number,Season,Date,Team,Rival Team,Result,Previous Game Result,Home or Away,Points Per Game,Points Per Season,Full Time Arsenal Goals,Full Time Rival Goals,Half Time Arsenal Goals,Half Time Away Goals,Half Time Result,Referee,Arsenal Shots on Target,Arsenal Shots,Arsenal Corners,Arsenal Yellows,Arsenal Reds,Arsenal Fouls,Rival Shots on Target,Rival Shots,Rival Corners,Rival Yellows,Rival Reds,Rival Fouls,Attendance,Date-1
2,2017-2018,19/08/2017,Arsenal,Stoke,L,W,Away,0,63,0,1,0,0,D,A Marriner,6,18,9,0,0,11,4,11,2,0,0,6,,11/08/2017
3,2017-2018,27/08/2017,Arsenal,Liverpool,L,L,Away,0,63,0,4,0,2,L,C Pawson,0,8,3,4,0,9,10,18,4,4,0,6,,19/08/2017
4,2017-2018,09/09/2017,Arsenal,Bournemouth,W,L,Home,3,63,3,0,2,0,W,A Taylor,9,17,10,0,0,14,2,7,3,0,0,10,,27/08/2017
5,2017-2018,17/09/2017,Arsenal,Chelsea,D,W,Away,1,63,0,0,0,0,D,M Oliver,2,11,1,3,0,15,4,13,5,3,1,11,,09/09/2017
6,2017-2018,25/09/2017,Arsenal,West Brom,W,D,Home,3,63,2,0,1,0,W,R Madley,6,16,7,1,0,8,3,7,4,1,0,17,,17/09/2017
7,2017-2018,01/10/2017,Arsenal,Brighton,W,W,Home,3,63,2,0,1,0,W,K Friend,12,25,6,0,0,7,1,9,5,0,0,8,,25/09/2017
8,2017-2018,14/10/2017,Arsenal,Watford,L,W,Away,0,63,1,2,1,0,W,N Swarbrick,6,9,5,0,0,10,2,11,2,0,0,8,,01/10/2017
9,2017-2018,22/10/2017,Arsenal,Everton,W,L,Away,3,63,5,2,1,1,D,C Pawson,14,30,7,1,0,14,3,8,0,1,1,14,,14/10/2017
10,2017-2018,28/10/2017,Arsenal,Swansea,W,W,Home,3,63,2,1,0,1,L,L Mason,5,17,5,0,0,9,2,4,2,0,0,9,,22/10/2017
11,2017-2018,05/11/2017,Arsenal,Man City,L,W,Away,0,63,1,3,0,1,L,M Oliver,3,6,5,6,0,15,5,9,5,6,0,15,,28/10/2017
12,2017-2018,18/11/2017,Arsenal,Tottenham,W,L,Home,3,63,2,0,2,0,W,M Dean,5,14,7,4,0,11,4,14,4,4,0,16,,05/11/2017
13,2017-2018,26/11/2017,Arsenal,Burnley,W,W,Away,3,63,1,0,0,0,D,L Mason,2,17,5,0,0,14,2,8,5,0,0,8,,18/11/2017
14,2017-2018,29/11/2017,Arsenal,Huddersfield,W,W,Home,3,63,5,0,1,0,W,G Scott,7,21,7,0,0,10,2,7,2,0,0,12,,26/11/2017
15,2017-2018,02/12/2017,Arsenal,Man United,L,W,Home,0,63,1,3,0,2,L,A Marriner,15,33,12,3,0,11,4,8,1,3,1,10,,29/11/2017
16,2017-2018,10/12/2017,Arsenal,Southampton,D,L,Away,1,63,1,1,0,1,L,R Madley,6,11,5,2,0,10,3,6,4,2,0,12,,02/12/2017
17,2017-2018,13/12/2017,Arsenal,West Ham,D,D,Away,1,63,0,0,0,0,D,J Moss,3,22,7,0,0,9,0,6,1,0,0,9,,10/12/2017
18,2017-2018,16/12/2017,Arsenal,Newcastle,W,D,Home,3,63,1,0,1,0,W,S Attwell,5,23,7,2,0,13,2,10,5,2,0,9,,13/12/2017
19,2017-2018,22/12/2017,Arsenal,Liverpool,D,W,Home,1,63,3,3,0,1,L,M Atkinson,4,11,7,1,0,9,9,14,8,1,0,11,,16/12/2017
20,2017-2018,28/12/2017,Arsenal,Crystal Palace,W,D,Away,3,63,3,2,1,0,W,M Oliver,9,16,4,1,0,7,2,16,5,1,0,12,,22/12/2017
21,2017-2018,31/12/2017,Arsenal,West Brom,D,W,Away,1,63,1,1,0,0,D,M Dean,4,14,6,3,0,9,3,14,5,3,0,14,,28/12/2017
22,2017-2018,03/01/2018,Arsenal,Chelsea,D,D,Home,1,63,2,2,0,0,D,A Taylor,6,14,10,3,0,11,6,19,8,3,0,11,,31/12/2017
23,2017-2018,14/01/2018,Arsenal,Bournemouth,L,D,Away,0,63,1,2,0,0,D,K Friend,3,12,5,2,0,10,5,13,4,2,0,8,,03/01/2018
24,2017-2018,20/01/2018,Arsenal,Crystal Palace,W,L,Home,3,63,4,1,4,0,W,C Kavanagh,10,16,5,0,0,6,5,9,10,0,0,8,,14/01/2018
25,2017-2018,30/01/2018,Arsenal,Swansea,L,W,Away,0,63,1,3,1,1,D,L Mason,4,9,3,3,0,8,4,12,4,3,0,4,,20/01/2018
26,2017-2018,03/02/2018,Arsenal,Everton,W,L,Home,3,63,5,1,4,0,W,N Swarbrick,7,15,4,2,0,8,2,11,6,2,0,8,,30/01/2018
27,2017-2018,10/02/2018,Arsenal,Tottenham,L,W,Away,0,63,0,1,0,0,D,A Taylor,1,6,2,1,0,9,6,18,10,1,0,13,,03/02/2018
28,2017-2018,01/03/2018,Arsenal,Man City,L,L,Home,0,63,0,3,0,3,L,A Marriner,5,10,6,1,0,11,5,9,1,1,0,11,,10/02/2018
29,2017-2018,04/03/2018,Arsenal,Brighton,L,L,Away,0,63,1,2,1,2,L,S Attwell,7,15,11,3,0,12,6,13,6,3,0,13,,01/03/2018
30,2017-2018,11/03/2018,Arsenal,Watford,W,L,Home,3,63,3,0,1,0,W,M Atkinson,7,11,4,2,0,12,4,11,9,2,0,9,,04/03/2018
31,2017-2018,01/04/2018,Arsenal,Stoke,W,W,Home,3,63,3,0,0,0,D,C Pawson,11,24,6,1,0,9,2,8,5,1,0,13,,11/03/2018
32,2017-2018,08/04/2018,Arsenal,Southampton,W,W,Home,3,63,3,2,2,1,W,A Marriner,7,13,8,2,1,11,8,15,6,2,1,7,,01/04/2018
33,2017-2018,15/04/2018,Arsenal,Newcastle,L,W,Away,0,63,1,2,1,1,D,A Taylor,3,15,5,0,0,9,4,8,2,0,0,11,,08/04/2018
34,2017-2018,22/04/2018,Arsenal,West Ham,W,L,Home,3,63,4,1,0,0,D,L Mason,8,20,8,3,0,11,4,11,6,3,0,9,,15/04/2018
35,2017-2018,29/04/2018,Arsenal,Man United,L,W,Away,0,63,1,2,0,1,L,K Friend,3,8,0,1,0,7,3,17,9,1,0,12,,22/04/2018
36,2017-2018,06/05/2018,Arsenal,Burnley,W,L,Home,3,63,5,0,2,0,W,A Marriner,8,16,4,0,0,6,2,6,5,0,0,7,,29/04/2018
37,2017-2018,09/05/2018,Arsenal,Leicester,L,W,Away,0,63,1,3,0,1,L,G Scott,7,14,6,2,1,12,10,19,6,2,0,7,,06/05/2018
38,2017-2018,13/05/2018,Arsenal,Huddersfield,W,L,Away,3,63,1,0,1,0,W,M Oliver,4,9,4,0,0,7,3,18,7,0,0,11,,09/05/2018
2,2015-2016,16/08/2015,Arsenal,Crystal Palace,W,L,Away,3,71,2,1,1,1,D,L Mason,7,20,6,1,0,12,4,11,6,1,0,14,,09/08/2015
3,2015-2016,24/08/2015,Arsenal,Liverpool,D,W,Home,1,71,0,0,0,0,D,M Oliver,5,19,7,1,0,2,8,15,8,1,0,13,,16/08/2015
4,2015-2016,29/08/2015,Arsenal,Newcastle,W,D,Away,3,71,1,0,0,0,D,A Marriner,9,22,9,1,0,8,0,1,0,1,1,15,,24/08/2015
5,2015-2016,12/09/2015,Arsenal,Stoke,W,W,Home,3,71,2,0,1,0,W,J Moss,12,29,13,1,0,6,4,9,1,1,0,13,,29/08/2015
6,2015-2016,19/09/2015,Arsenal,Chelsea,L,W,Away,0,71,0,2,0,0,D,M Dean,2,9,5,1,2,11,7,22,5,1,0,12,,12/09/2015
7,2015-2016,26/09/2015,Arsenal,Leicester,W,L,Away,3,71,5,2,2,1,W,C Pawson,12,26,5,1,0,12,7,16,6,1,0,9,,19/09/2015
8,2015-2016,04/10/2015,Arsenal,Man United,W,W,Home,3,71,3,0,3,0,W,A Taylor,5,12,3,1,0,8,5,9,6,1,0,17,,26/09/2015
9,2015-2016,17/10/2015,Arsenal,Watford,W,W,Away,3,71,3,0,0,0,D,M Jones,6,17,9,1,0,12,1,8,3,1,0,11,,04/10/2015
10,2015-2016,24/10/2015,Arsenal,Everton,W,W,Home,3,71,2,1,2,1,W,L Mason,5,20,7,2,0,11,5,10,5,2,1,14,,17/10/2015
11,2015-2016,31/10/2015,Arsenal,Swansea,W,W,Away,3,71,3,0,0,0,D,K Friend,5,15,4,0,0,7,3,8,4,0,0,12,,24/10/2015
12,2015-2016,08/11/2015,Arsenal,Tottenham,D,W,Home,1,71,1,1,0,1,L,M Atkinson,4,10,7,0,0,12,4,14,6,0,0,17,,31/10/2015
13,2015-2016,21/11/2015,Arsenal,West Brom,L,D,Away,0,71,1,2,1,2,L,M Clattenburg,3,11,5,2,0,10,1,4,3,2,0,14,,08/11/2015
14,2015-2016,29/11/2015,Arsenal,Norwich,D,L,Away,1,71,1,1,1,1,D,J Moss,3,12,6,1,0,6,2,7,3,1,0,8,,21/11/2015
15,2015-2016,05/12/2015,Arsenal,Sunderland,W,D,Home,3,71,3,1,1,1,D,R Madley,7,16,3,1,0,7,4,11,2,1,0,11,,29/11/2015
16,2015-2016,13/12/2015,Arsenal,Aston Villa,W,W,Away,3,71,2,0,2,0,W,K Friend,4,8,5,0,0,7,2,18,5,0,0,8,,05/12/2015
17,2015-2016,21/12/2015,Arsenal,Man City,W,W,Home,3,71,2,1,2,0,W,A Marriner,5,8,4,0,0,5,6,20,8,0,0,16,,13/12/2015
18,2015-2016,26/12/2015,Arsenal,Southampton,L,W,Away,0,71,0,4,0,1,L,J Moss,4,7,4,0,0,9,5,15,3,0,0,10,,21/12/2015
19,2015-2016,28/12/2015,Arsenal,Bournemouth,W,L,Home,3,71,2,0,1,0,W,R East,6,13,9,2,0,7,3,10,3,2,0,8,,26/12/2015
20,2015-2016,02/01/2016,Arsenal,Newcastle,W,W,Home,3,71,1,0,0,0,D,A Taylor,3,16,7,2,0,10,6,15,4,2,0,9,,28/12/2015
21,2015-2016,13/01/2016,Arsenal,Liverpool,D,W,Away,1,71,3,3,2,2,D,M Jones,5,14,3,0,0,7,6,22,9,0,0,9,,02/01/2016
22,2015-2016,17/01/2016,Arsenal,Stoke,D,D,Away,1,71,0,0,0,0,D,C Pawson,3,8,6,0,0,10,6,14,6,0,0,16,,13/01/2016
23,2015-2016,24/01/2016,Arsenal,Chelsea,L,D,Home,0,71,0,1,0,1,L,M Clattenburg,1,9,6,1,1,14,6,12,7,1,0,13,,17/01/2016
24,2015-2016,02/02/2016,Arsenal,Southampton,D,L,Home,1,71,0,0,0,0,D,L Mason,11,21,13,2,0,11,3,14,3,2,0,19,,24/01/2016
25,2015-2016,07/02/2016,Arsenal,Bournemouth,W,D,Away,3,71,2,0,2,0,W,K Friend,5,10,3,1,0,8,4,17,7,1,0,6,,02/02/2016
26,2015-2016,14/02/2016,Arsenal,Leicester,W,W,Home,3,71,2,1,0,1,L,M Atkinson,6,24,11,4,0,9,3,7,1,4,1,10,,07/02/2016
27,2015-2016,28/02/2016,Arsenal,Man United,L,W,Away,0,71,2,3,1,2,L,C Pawson,5,13,3,3,0,15,5,7,2,3,0,21,,14/02/2016
28,2015-2016,02/03/2016,Arsenal,Swansea,L,L,Home,0,71,1,2,1,1,D,R Madley,4,18,7,0,0,8,2,11,3,0,0,11,,28/02/2016
29,2015-2016,05/03/2016,Arsenal,Tottenham,D,L,Away,1,71,2,2,1,0,W,M Oliver,4,10,2,2,1,10,11,26,9,2,0,9,,02/03/2016
30,2015-2016,19/03/2016,Arsenal,Everton,W,D,Away,3,71,2,0,2,0,W,M Clattenburg,3,11,5,0,0,10,2,8,7,0,0,7,,05/03/2016
31,2015-2016,02/04/2016,Arsenal,Watford,W,W,Home,3,71,4,0,2,0,W,A Taylor,12,19,8,1,0,7,2,6,3,1,0,10,,19/03/2016
32,2015-2016,09/04/2016,Arsenal,West Ham,D,W,Away,1,71,3,3,2,2,D,C Pawson,6,11,4,0,0,8,7,19,7,0,0,11,,02/04/2016
33,2015-2016,17/04/2016,Arsenal,Crystal Palace,D,D,Home,1,71,1,1,1,0,W,R East,6,21,10,0,0,7,2,7,5,0,0,13,,09/04/2016
34,2015-2016,21/04/2016,Arsenal,West Brom,W,D,Home,3,71,2,0,2,0,W,J Moss,7,16,2,0,0,14,1,8,6,0,0,14,,17/04/2016
35,2015-2016,24/04/2016,Arsenal,Sunderland,D,W,Away,1,71,0,0,0,0,D,M Dean,7,20,7,4,0,8,3,12,7,4,0,10,,21/04/2016
36,2015-2016,30/04/2016,Arsenal,Norwich,W,D,Home,3,71,1,0,0,0,D,M Jones,3,14,7,1,0,8,3,12,3,1,0,7,,24/04/2016
37,2015-2016,08/05/2016,Arsenal,Man City,D,W,Away,1,71,2,2,1,1,D,A Taylor,2,5,2,1,0,10,3,14,7,1,0,16,,30/04/2016
38,2015-2016,15/05/2016,Arsenal,Aston Villa,W,D,Home,3,71,4,0,1,0,W,M Clattenburg,7,16,5,0,0,12,2,5,4,0,0,6,,08/05/2016
2,2007-2008,19/08/2007,Arsenal,Blackburn,D,W,Away,1,83,1,1,1,0,W,A Wiley,3,10,4,4,0,15,4,9,5,4,1,19,,12/08/2007
3,2007-2008,25/08/2007,Arsenal,Man City,W,D,Home,3,83,1,0,0,0,D,C Foy,10,16,8,0,0,8,4,8,2,0,0,9,,19/08/2007
4,2007-2008,02/09/2007,Arsenal,Portsmouth,W,W,Home,3,83,3,1,2,0,W,M Halsey,8,10,8,1,1,6,10,15,5,1,0,12,,25/08/2007
5,2007-2008,15/09/2007,Arsenal,Tottenham,W,W,Away,3,83,3,1,0,1,L,M Clattenburg,10,16,4,2,0,22,5,14,8,2,0,28,,02/09/2007
6,2007-2008,22/09/2007,Arsenal,Derby,W,W,Home,3,83,5,0,2,0,W,M Atkinson,9,15,5,1,0,9,3,4,4,1,0,12,,15/09/2007
7,2007-2008,29/09/2007,Arsenal,West Ham,W,W,Away,3,83,1,0,1,0,W,A Wiley,12,16,14,2,0,14,4,9,3,2,0,15,,22/09/2007
8,2007-2008,07/10/2007,Arsenal,Sunderland,W,W,Home,3,83,3,2,2,1,W,R Styles,8,18,8,0,0,10,7,11,2,0,1,9,,29/09/2007
9,2007-2008,20/10/2007,Arsenal,Bolton,W,W,Home,3,83,2,0,0,0,D,M Riley,9,19,5,1,0,14,0,1,3,1,0,20,,07/10/2007
10,2007-2008,28/10/2007,Arsenal,Liverpool,D,W,Away,1,83,1,1,0,1,L,H Webb,4,11,1,3,0,10,8,11,4,3,0,16,,20/10/2007
11,2007-2008,03/11/2007,Arsenal,Man United,D,D,Home,1,83,2,2,0,1,L,H Webb,6,16,3,1,0,15,4,10,4,1,0,15,,28/10/2007
12,2007-2008,12/11/2007,Arsenal,Reading,W,D,Away,3,83,3,1,1,0,W,R Styles,7,16,1,1,0,5,5,8,5,1,0,9,,03/11/2007
13,2007-2008,24/11/2007,Arsenal,Wigan,W,W,Home,3,83,2,0,0,0,D,P Walton,6,13,7,1,0,9,2,7,3,1,0,17,,12/11/2007
14,2007-2008,01/12/2007,Arsenal,Aston Villa,W,W,Away,3,83,2,1,2,1,W,C Foy,9,14,7,2,0,10,5,11,4,2,0,16,,24/11/2007
15,2007-2008,05/12/2007,Arsenal,Newcastle,D,W,Away,1,83,1,1,1,0,W,M Dean,2,6,6,2,0,10,8,12,6,2,0,9,,01/12/2007
16,2007-2008,09/12/2007,Arsenal,Middlesbrough,L,D,Away,0,83,1,2,0,1,L,H Webb,4,7,4,2,0,13,7,13,5,2,0,15,,05/12/2007
17,2007-2008,16/12/2007,Arsenal,Chelsea,W,L,Home,3,83,1,0,1,0,W,A Wiley,5,11,3,5,0,19,7,10,5,5,0,12,,09/12/2007
18,2007-2008,22/12/2007,Arsenal,Tottenham,W,W,Home,3,83,2,1,0,0,D,R Styles,5,9,5,1,0,10,5,10,1,1,0,10,,16/12/2007
19,2007-2008,26/12/2007,Arsenal,Portsmouth,D,W,Away,1,83,0,0,0,0,D,S Bennett,6,12,7,1,0,9,6,9,4,1,0,15,,22/12/2007
20,2007-2008,29/12/2007,Arsenal,Everton,W,D,Away,3,83,4,1,0,1,L,M Atkinson,7,10,2,5,1,13,3,10,10,5,1,14,,26/12/2007
21,2007-2008,01/01/2008,Arsenal,West Ham,W,W,Home,3,83,2,0,2,0,W,C Foy,13,21,5,0,0,5,7,15,7,0,0,7,,29/12/2007
22,2007-2008,12/01/2008,Arsenal,Birmingham,D,W,Home,1,83,1,1,1,0,W,P Dowd,9,16,14,1,0,8,2,2,3,1,0,10,,01/01/2008
23,2007-2008,19/01/2008,Arsenal,Fulham,W,D,Away,3,83,3,0,2,0,W,P Walton,4,11,3,1,0,10,0,5,4,1,0,13,,12/01/2008
24,2007-2008,29/01/2008,Arsenal,Newcastle,W,W,Home,3,83,3,0,1,0,W,M Riley,4,10,4,1,0,11,3,7,2,1,0,15,,19/01/2008
25,2007-2008,02/02/2008,Arsenal,Man City,W,W,Away,3,83,3,1,2,1,W,A Marriner,9,14,9,0,0,7,2,5,1,0,0,7,,29/01/2008
26,2007-2008,11/02/2008,Arsenal,Blackburn,W,W,Home,3,83,2,0,1,0,W,S Bennett,9,13,7,1,0,12,2,6,5,1,0,6,,02/02/2008
27,2007-2008,23/02/2008,Arsenal,Birmingham,D,W,Away,1,83,2,2,0,1,L,M Dean,13,26,7,2,0,13,1,2,1,2,1,9,,11/02/2008
28,2007-2008,01/03/2008,Arsenal,Aston Villa,D,D,Home,1,83,1,1,0,1,L,M Clattenburg,7,16,8,1,0,8,4,5,7,1,0,13,,23/02/2008
29,2007-2008,09/03/2008,Arsenal,Wigan,D,D,Away,1,83,0,0,0,0,D,R Styles,6,10,5,2,0,8,3,6,8,2,0,10,,01/03/2008
30,2007-2008,15/03/2008,Arsenal,Middlesbrough,D,D,Home,1,83,1,1,0,1,L,M Halsey,9,17,11,0,0,7,1,4,1,0,1,10,,09/03/2008
31,2007-2008,23/03/2008,Arsenal,Chelsea,L,D,Away,0,83,1,2,0,0,D,M Clattenburg,5,7,2,1,0,13,8,11,4,1,0,10,,15/03/2008
32,2007-2008,29/03/2008,Arsenal,Bolton,W,L,Away,3,83,3,2,0,2,L,C Foy,8,17,6,2,1,10,9,13,8,2,0,12,,23/03/2008
33,2007-2008,05/04/2008,Arsenal,Liverpool,D,W,Home,1,83,1,1,0,1,L,P Dowd,6,8,5,1,0,10,4,11,3,1,0,10,,29/03/2008
34,2007-2008,13/04/2008,Arsenal,Man United,L,D,Away,0,83,1,2,0,0,D,H Webb,11,18,5,6,0,7,7,13,6,6,0,12,,05/04/2008
35,2007-2008,19/04/2008,Arsenal,Reading,W,L,Home,3,83,2,0,2,0,W,P Walton,12,19,12,0,0,7,2,4,4,0,0,15,,13/04/2008
36,2007-2008,28/04/2008,Arsenal,Derby,W,W,Away,3,83,6,2,2,1,W,A Marriner,11,20,6,0,0,7,10,12,5,0,0,6,,19/04/2008
37,2007-2008,04/05/2008,Arsenal,Everton,W,W,Home,3,83,1,0,0,0,D,A Wiley,2,11,8,0,0,10,4,8,3,0,0,4,,28/04/2008
38,2007-2008,11/05/2008,Arsenal,Sunderland,W,W,Away,3,83,1,0,1,0,W,K Stroud,8,12,4,1,0,12,5,13,3,1,0,14,,04/05/2008
2,2009-2010,22/08/2009,Arsenal,Portsmouth,W,W,Home,3,75,4,1,2,1,W,S Bennett,16,19,8,1,0,9,4,9,4,1,0,10,,15/08/2009
3,2009-2010,29/08/2009,Arsenal,Man United,L,W,Away,0,75,1,2,1,0,W,M Dean,3,9,5,6,0,15,4,10,6,6,0,21,,22/08/2009
4,2009-2010,12/09/2009,Arsenal,Man City,L,L,Away,0,75,2,4,0,1,L,M Clattenburg,9,19,12,2,0,12,6,10,3,2,0,13,,29/08/2009
5,2009-2010,19/09/2009,Arsenal,Wigan,W,L,Home,3,75,4,0,1,0,W,M Jones,11,23,6,2,0,6,5,8,4,2,0,18,,12/09/2009
6,2009-2010,26/09/2009,Arsenal,Fulham,W,W,Away,3,75,1,0,0,0,D,M Atkinson,4,14,6,0,0,11,12,18,4,0,0,14,,19/09/2009
7,2009-2010,04/10/2009,Arsenal,Blackburn,W,W,Home,3,75,6,2,3,2,W,P Walton,18,24,8,1,0,9,7,7,1,1,0,10,,26/09/2009
8,2009-2010,17/10/2009,Arsenal,Birmingham,W,W,Home,3,75,3,1,2,1,W,L Probert,12,20,7,1,0,8,2,3,3,1,0,16,,04/10/2009
9,2009-2010,25/10/2009,Arsenal,West Ham,D,W,Away,1,75,2,2,2,0,W,C Foy,10,15,8,2,0,15,9,15,6,2,1,17,,17/10/2009
10,2009-2010,31/10/2009,Arsenal,Tottenham,W,D,Home,3,75,3,0,2,0,W,M Clattenburg,12,18,6,1,0,10,5,7,2,1,0,10,,25/10/2009
11,2009-2010,07/11/2009,Arsenal,Wolves,W,W,Away,3,75,4,1,3,0,W,St Bennett,6,11,4,3,0,15,6,8,4,3,0,9,,31/10/2009
12,2009-2010,21/11/2009,Arsenal,Sunderland,L,W,Away,0,75,0,1,0,0,D,A Wiley,3,9,6,1,0,10,1,5,2,1,0,10,,07/11/2009
13,2009-2010,29/11/2009,Arsenal,Chelsea,L,L,Home,0,75,0,3,0,2,L,A Marriner,3,5,4,2,0,17,5,7,3,2,0,12,,21/11/2009
14,2009-2010,05/12/2009,Arsenal,Stoke,W,L,Home,3,75,2,0,1,0,W,M Clattenburg,8,12,10,0,0,3,4,5,2,0,0,7,,29/11/2009
15,2009-2010,13/12/2009,Arsenal,Liverpool,W,W,Away,3,75,2,1,0,1,L,H Webb,5,7,4,3,0,16,3,6,3,3,0,19,,05/12/2009
16,2009-2010,16/12/2009,Arsenal,Burnley,D,W,Away,1,75,1,1,1,1,D,M Dean,9,17,6,0,0,11,3,8,3,0,0,11,,13/12/2009
17,2009-2010,19/12/2009,Arsenal,Hull,W,D,Home,3,75,3,0,1,0,W,S Bennett,9,18,8,1,0,9,2,6,0,1,0,14,,16/12/2009
18,2009-2010,27/12/2009,Arsenal,Aston Villa,W,W,Home,3,75,3,0,0,0,D,P Dowd,12,19,10,1,0,14,3,7,4,1,0,18,,19/12/2009
19,2009-2010,30/12/2009,Arsenal,Portsmouth,W,W,Away,3,75,4,1,2,0,W,A Wiley,10,14,10,0,0,3,6,10,2,0,0,14,,27/12/2009
20,2009-2010,09/01/2010,Arsenal,Everton,D,W,Home,1,75,2,2,1,1,D,P Walton,5,6,6,1,0,10,5,9,8,1,0,11,,30/12/2009
21,2009-2010,17/01/2010,Arsenal,Bolton,W,D,Away,3,75,2,0,1,0,W,P Dowd,9,14,4,2,0,5,6,12,2,2,0,13,,09/01/2010
22,2009-2010,20/01/2010,Arsenal,Bolton,W,W,Home,3,75,4,2,1,2,L,A Wiley,14,20,9,1,0,16,4,7,3,1,0,17,,17/01/2010
23,2009-2010,27/01/2010,Arsenal,Aston Villa,D,W,Away,1,75,0,0,0,0,D,L Probert,8,12,7,2,0,15,2,8,7,2,0,16,,20/01/2010
24,2009-2010,31/01/2010,Arsenal,Man United,L,D,Home,0,75,1,3,0,2,L,C Foy,7,18,8,1,0,9,5,11,5,1,0,12,,27/01/2010
25,2009-2010,07/02/2010,Arsenal,Chelsea,L,L,Away,0,75,0,2,0,2,L,M Dean,6,14,8,2,0,14,3,9,4,2,0,11,,31/01/2010
26,2009-2010,10/02/2010,Arsenal,Liverpool,W,L,Home,3,75,1,0,0,0,D,H Webb,6,11,3,3,0,19,7,9,6,3,0,13,,07/02/2010
27,2009-2010,20/02/2010,Arsenal,Sunderland,W,W,Home,3,75,2,0,1,0,W,S Bennett,10,16,7,1,0,8,4,6,1,1,0,10,,10/02/2010
28,2009-2010,27/02/2010,Arsenal,Stoke,W,W,Away,3,75,3,1,1,1,D,P Walton,11,17,6,1,0,7,3,4,3,1,1,12,,20/02/2010
29,2009-2010,06/03/2010,Arsenal,Burnley,W,W,Home,3,75,3,1,1,0,W,C Foy,11,20,8,0,0,5,5,8,2,0,0,12,,27/02/2010
30,2009-2010,13/03/2010,Arsenal,Hull,W,W,Away,3,75,2,1,1,1,D,A Marriner,9,18,8,2,0,13,2,7,2,2,1,16,,06/03/2010
31,2009-2010,20/03/2010,Arsenal,West Ham,W,W,Home,3,75,2,0,1,0,W,M Atkinson,5,9,4,1,1,7,4,8,2,1,0,24,,13/03/2010
32,2009-2010,27/03/2010,Arsenal,Birmingham,D,W,Away,1,75,1,1,0,0,D,H Webb,8,13,6,2,0,13,3,7,3,2,0,13,,20/03/2010
33,2009-2010,03/04/2010,Arsenal,Wolves,W,D,Home,3,75,1,0,0,0,D,A Marriner,13,23,10,0,0,10,2,3,4,0,1,13,,27/03/2010
34,2009-2010,14/04/2010,Arsenal,Tottenham,L,W,Away,0,75,1,2,0,1,L,M Clattenburg,11,19,6,1,0,10,10,13,4,1,0,13,,03/04/2010
35,2009-2010,18/04/2010,Arsenal,Wigan,L,L,Away,0,75,2,3,1,0,W,L Mason,8,11,3,1,0,13,11,16,8,1,0,15,,14/04/2010
36,2009-2010,24/04/2010,Arsenal,Man City,D,L,Home,1,75,0,0,0,0,D,M Dean,4,9,5,4,0,13,2,3,1,4,0,14,,18/04/2010
37,2009-2010,03/05/2010,Arsenal,Blackburn,L,D,Away,0,75,1,2,1,1,D,M Atkinson,4,6,8,2,0,15,7,11,5,2,0,19,,24/04/2010
38,2009-2010,09/05/2010,Arsenal,Fulham,W,L,Home,3,75,4,0,3,0,W,M Jones,11,16,5,2,0,11,2,5,2,2,0,10,,03/05/2010
2,2023-2024,21/08/2023,Arsenal,Crystal Palace,W,W,Away,3,89,1,0,0,0,D,D Coote,3,14,8,1,1,10,2,14,1,1,0,14,,12/08/2023
3,2023-2024,26/08/2023,Arsenal,Fulham,D,W,Home,1,89,2,2,0,1,L,P Tierney,11,19,8,0,0,6,3,8,3,0,1,5,,21/08/2023
4,2023-2024,03/09/2023,Arsenal,Man United,W,D,Home,3,89,3,1,1,1,D,A Taylor,5,17,12,2,0,8,2,10,3,2,0,7,,26/08/2023
5,2023-2024,17/09/2023,Arsenal,Everton,W,W,Away,3,89,1,0,0,0,D,S Hooper,4,13,11,1,0,10,1,8,1,1,0,12,,03/09/2023
6,2023-2024,24/09/2023,Arsenal,Tottenham,D,W,Home,1,89,2,2,1,1,D,R Jones,6,13,11,3,0,12,5,13,4,3,0,19,,17/09/2023
7,2023-2024,30/09/2023,Arsenal,Bournemouth,W,D,Away,3,89,4,0,2,0,W,M Salisbury,8,15,6,1,0,10,1,8,6,1,0,11,,24/09/2023
8,2023-2024,08/10/2023,Arsenal,Man City,W,W,Home,3,89,1,0,0,0,D,M Oliver,2,12,5,2,0,8,1,4,4,2,0,7,,30/09/2023
9,2023-2024,21/10/2023,Arsenal,Chelsea,D,W,Away,1,89,2,2,0,1,L,C Kavanagh,3,13,7,3,0,14,5,11,2,3,0,7,,08/10/2023
10,2023-2024,28/10/2023,Arsenal,Sheffield United,W,D,Home,3,89,5,0,1,0,W,T Robinson,8,13,6,0,0,9,0,2,1,0,0,13,,21/10/2023
11,2023-2024,04/11/2023,Arsenal,Newcastle,L,W,Away,0,89,0,1,0,0,D,S Attwell,1,14,11,1,0,9,2,9,0,1,0,14,,28/10/2023
12,2023-2024,11/11/2023,Arsenal,Burnley,W,L,Home,3,89,3,1,1,0,W,M Oliver,6,16,3,0,1,8,5,8,3,0,0,9,,04/11/2023
13,2023-2024,25/11/2023,Arsenal,Brentford,W,W,Away,3,89,1,0,0,0,D,T Robinson,4,15,8,1,0,7,3,9,1,1,0,9,,11/11/2023
14,2023-2024,02/12/2023,Arsenal,Wolves,W,W,Home,3,89,2,1,2,0,W,P Bankes,6,19,4,1,0,10,3,6,0,1,0,10,,25/11/2023
15,2023-2024,05/12/2023,Arsenal,Luton,W,W,Away,3,89,4,3,2,1,W,S Barrott,9,23,8,1,0,7,4,6,3,1,0,14,,02/12/2023
16,2023-2024,09/12/2023,Arsenal,Aston Villa,L,W,Away,0,89,0,1,0,1,L,J Gillett,5,12,3,2,0,11,3,10,3,2,0,16,,05/12/2023
17,2023-2024,17/12/2023,Arsenal,Brighton,W,L,Home,3,89,2,0,0,0,D,T Robinson,9,26,10,1,0,11,1,6,1,1,0,9,,09/12/2023
18,2023-2024,23/12/2023,Arsenal,Liverpool,D,W,Away,1,89,1,1,1,1,D,C Kavanagh,2,13,5,5,0,14,3,13,4,5,0,13,,17/12/2023
19,2023-2024,28/12/2023,Arsenal,West Ham,L,D,Home,0,89,0,2,0,1,L,M Oliver,8,30,10,2,0,8,3,6,3,2,0,8,,23/12/2023
20,2023-2024,31/12/2023,Arsenal,Fulham,L,L,Away,0,89,1,2,1,1,D,J Smith,3,13,4,1,0,10,4,15,5,1,0,11,,28/12/2023
21,2023-2024,20/01/2024,Arsenal,Crystal Palace,W,L,Home,3,89,5,0,2,0,W,P Tierney,6,21,6,0,0,8,5,12,7,0,0,12,,31/12/2023
22,2023-2024,30/01/2024,Arsenal,Nott'm Forest,W,W,Away,3,89,2,1,0,0,D,S Hooper,3,19,11,1,0,7,3,9,2,1,0,6,,20/01/2024
23,2023-2024,04/02/2024,Arsenal,Liverpool,W,W,Home,3,89,3,1,1,1,D,A Taylor,7,15,2,6,0,11,1,10,4,6,1,11,,30/01/2024
24,2023-2024,11/02/2024,Arsenal,West Ham,W,W,Away,3,89,6,0,4,0,W,C Pawson,12,25,6,0,0,11,1,5,2,0,0,17,,04/02/2024
25,2023-2024,17/02/2024,Arsenal,Burnley,W,W,Away,3,89,5,0,2,0,W,J Gillett,7,16,6,1,0,8,0,8,4,1,0,11,,11/02/2024
26,2023-2024,24/02/2024,Arsenal,Newcastle,W,W,Home,3,89,4,1,2,0,W,P Tierney,8,18,9,1,0,15,2,3,0,1,0,6,,17/02/2024
27,2023-2024,04/03/2024,Arsenal,Sheffield United,W,W,Away,3,89,6,0,5,0,W,S Barrott,10,22,7,0,0,4,0,4,0,0,0,11,,24/02/2024
28,2023-2024,09/03/2024,Arsenal,Brentford,W,W,Home,3,89,2,1,1,1,D,R Jones,6,17,10,2,0,9,4,9,4,2,0,10,,04/03/2024
29,2023-2024,31/03/2024,Arsenal,Man City,D,W,Away,1,89,0,0,0,0,D,A Taylor,2,6,4,2,0,20,1,12,7,2,0,9,,09/03/2024
30,2023-2024,03/04/2024,Arsenal,Luton,W,D,Home,3,89,2,0,2,0,W,C Pawson,4,13,3,1,0,12,1,5,1,1,0,8,,31/03/2024
31,2023-2024,06/04/2024,Arsenal,Brighton,W,W,Away,3,89,3,0,1,0,W,J Brooks,7,20,7,2,0,13,2,10,8,2,0,14,,03/04/2024
32,2023-2024,14/04/2024,Arsenal,Aston Villa,L,W,Home,0,89,0,2,0,0,D,D Coote,4,18,4,3,0,12,2,11,6,3,0,7,,06/04/2024
33,2023-2024,20/04/2024,Arsenal,Wolves,W,L,Away,3,89,2,0,1,0,W,P Tierney,9,24,2,2,0,9,3,5,1,2,0,14,,14/04/2024
34,2023-2024,23/04/2024,Arsenal,Chelsea,W,W,Home,3,89,5,0,1,0,W,S Hooper,10,27,4,2,0,12,1,7,2,2,0,11,,20/04/2024
35,2023-2024,28/04/2024,Arsenal,Tottenham,W,W,Away,3,89,3,2,3,0,W,M Oliver,3,9,6,1,0,16,2,14,8,1,0,12,,23/04/2024
36,2023-2024,04/05/2024,Arsenal,Bournemouth,W,W,Home,3,89,3,0,1,0,W,D Coote,9,25,6,2,0,16,2,7,1,2,0,12,,28/04/2024
37,2023-2024,12/05/2024,Arsenal,Man United,W,W,Away,3,89,1,0,1,0,W,P Tierney,5,11,7,2,0,6,2,14,4,2,0,5,,04/05/2024
38,2023-2024,19/05/2024,Arsenal,Everton,W,W,Home,3,89,2,1,1,1,D,M Oliver,5,26,8,4,0,8,2,5,1,4,0,11,,12/05/2024
2,2005-2006,21/08/2005,Arsenal,Chelsea,L,W,Away,0,67,0,1,0,0,D,G Poll,3,9,7,3,0,21,6,9,3,3,0,17,,14/08/2005
3,2005-2006,24/08/2005,Arsenal,Fulham,W,L,Home,3,67,4,1,1,1,D,M Clattenburg,14,20,6,5,0,16,3,8,7,5,0,11,,21/08/2005
4,2005-2006,10/09/2005,Arsenal,Middlesbrough,L,W,Away,0,67,1,2,0,1,L,M Riley,8,13,7,4,0,16,5,6,6,4,0,17,,24/08/2005
5,2005-2006,19/09/2005,Arsenal,Everton,W,L,Home,3,67,2,0,2,0,W,A Wiley,4,11,4,2,0,13,2,4,0,2,0,19,,10/09/2005
6,2005-2006,24/09/2005,Arsenal,West Ham,D,W,Away,1,67,0,0,0,0,D,M Dean,2,8,3,0,0,7,0,6,4,0,0,11,,19/09/2005
7,2005-2006,02/10/2005,Arsenal,Birmingham,W,D,Home,3,67,1,0,0,0,D,C Foy,13,16,11,0,0,13,2,2,4,0,1,17,,24/09/2005
8,2005-2006,15/10/2005,Arsenal,West Brom,L,W,Away,0,67,1,2,1,1,D,B Knight,10,14,6,2,0,10,4,5,3,2,0,23,,02/10/2005
9,2005-2006,22/10/2005,Arsenal,Man City,W,L,Home,3,67,1,0,0,0,D,M Riley,2,4,4,3,0,24,4,7,3,3,0,17,,15/10/2005
10,2005-2006,29/10/2005,Arsenal,Tottenham,D,W,Away,1,67,1,1,0,1,L,S Bennett,7,10,1,2,0,13,3,11,6,2,0,18,,22/10/2005
11,2005-2006,05/11/2005,Arsenal,Sunderland,W,D,Home,3,67,3,1,2,0,W,A Wiley,9,12,4,0,0,11,1,1,6,0,0,13,,29/10/2005
12,2005-2006,19/11/2005,Arsenal,Wigan,W,W,Away,3,67,3,2,3,2,W,G Poll,8,13,2,3,0,17,5,11,2,3,0,16,,05/11/2005
13,2005-2006,26/11/2005,Arsenal,Blackburn,W,W,Home,3,67,3,0,2,0,W,C Foy,10,13,9,1,0,9,9,15,10,1,0,15,,19/11/2005
14,2005-2006,03/12/2005,Arsenal,Bolton,L,W,Away,0,67,0,2,0,2,L,H Webb,3,8,3,2,0,15,9,10,9,2,0,16,,26/11/2005
15,2005-2006,10/12/2005,Arsenal,Newcastle,L,L,Away,0,67,0,1,0,0,D,D Gallagher,3,6,4,1,1,13,4,8,5,1,0,23,,03/12/2005
16,2005-2006,18/12/2005,Arsenal,Chelsea,L,L,Home,0,67,0,2,0,1,L,R Styles,5,7,5,3,0,13,8,11,5,3,0,18,,10/12/2005
17,2005-2006,26/12/2005,Arsenal,Charlton,W,L,Away,3,67,1,0,0,0,D,S Bennett,11,18,10,2,0,10,0,8,4,2,1,16,,18/12/2005
18,2005-2006,28/12/2005,Arsenal,Portsmouth,W,W,Home,3,67,4,0,4,0,W,M Clattenburg,4,6,3,0,0,12,4,6,1,0,0,13,,26/12/2005
19,2005-2006,31/12/2005,Arsenal,Aston Villa,D,W,Away,1,67,0,0,0,0,D,U Rennie,3,10,1,1,0,11,5,11,10,1,0,19,,28/12/2005
20,2005-2006,03/01/2006,Arsenal,Man United,D,D,Home,1,67,0,0,0,0,D,G Poll,5,8,6,2,0,17,6,16,9,2,0,13,,31/12/2005
21,2005-2006,14/01/2006,Arsenal,Middlesbrough,W,D,Home,3,67,7,0,4,0,W,R Styles,17,24,4,1,0,12,2,5,6,1,1,14,,03/01/2006
22,2005-2006,21/01/2006,Arsenal,Everton,L,W,Away,0,67,0,1,0,1,L,A Wiley,5,14,6,2,1,17,3,9,5,2,0,19,,14/01/2006
23,2005-2006,01/02/2006,Arsenal,West Ham,L,L,Home,0,67,2,3,1,2,L,M Halsey,10,16,12,1,0,6,4,4,2,1,0,15,,21/01/2006
24,2005-2006,04/02/2006,Arsenal,Birmingham,W,L,Away,3,67,2,0,1,0,W,M Riley,6,9,6,3,0,21,5,13,6,3,1,18,,01/02/2006
25,2005-2006,11/02/2006,Arsenal,Bolton,D,W,Home,1,67,1,1,0,1,L,H Webb,10,16,8,2,0,14,3,5,6,2,0,12,,04/02/2006
26,2005-2006,14/02/2006,Arsenal,Liverpool,L,D,Away,0,67,0,1,0,0,D,G Poll,2,6,1,1,0,15,9,22,13,1,0,12,,11/02/2006
27,2005-2006,25/02/2006,Arsenal,Blackburn,L,L,Away,0,67,0,1,0,1,L,U Rennie,3,10,5,2,0,10,2,6,3,2,0,23,,14/02/2006
28,2005-2006,04/03/2006,Arsenal,Fulham,W,L,Away,3,67,4,0,2,0,W,R Styles,11,18,7,1,0,15,4,7,0,1,0,11,,25/02/2006
29,2005-2006,12/03/2006,Arsenal,Liverpool,W,W,Home,3,67,2,1,1,0,W,S Bennett,4,11,5,0,0,8,3,8,0,0,1,18,,04/03/2006
30,2005-2006,18/03/2006,Arsenal,Charlton,W,W,Home,3,67,3,0,2,0,W,D Gallagher,9,16,8,0,0,6,1,2,1,0,0,10,,12/03/2006
31,2005-2006,01/04/2006,Arsenal,Aston Villa,W,W,Home,3,67,5,0,2,0,W,M Atkinson,16,20,8,0,0,9,4,9,8,0,0,11,,18/03/2006
32,2005-2006,09/04/2006,Arsenal,Man United,L,W,Away,0,67,0,2,0,0,D,G Poll,3,10,3,1,0,16,8,14,5,1,0,16,,01/04/2006
33,2005-2006,12/04/2006,Arsenal,Portsmouth,D,L,Away,1,67,1,1,1,0,W,U Rennie,3,9,10,1,0,9,4,10,3,1,0,9,,09/04/2006
34,2005-2006,15/04/2006,Arsenal,West Brom,W,D,Home,3,67,3,1,1,0,W,M Dean,10,16,5,2,0,8,1,8,1,2,0,6,,12/04/2006
35,2005-2006,22/04/2006,Arsenal,Tottenham,D,W,Home,1,67,1,1,0,0,D,S Bennett,6,9,5,1,0,9,6,9,4,1,1,9,,15/04/2006
36,2005-2006,01/05/2006,Arsenal,Sunderland,W,D,Away,3,67,3,0,3,0,W,D Gallagher,4,7,3,0,0,8,2,7,5,0,0,17,,22/04/2006
37,2005-2006,04/05/2006,Arsenal,Man City,W,W,Away,3,67,3,1,1,1,D,G Poll,12,17,6,0,0,8,8,10,12,0,0,21,,01/05/2006
38,2005-2006,07/05/2006,Arsenal,Wigan,W,W,Home,3,67,4,2,2,2,D,U Rennie,7,13,5,1,0,12,3,8,1,1,1,16,,04/05/2006
2,2000-2001,21/08/2000,Arsenal,Liverpool,W,L,Home,3,70,2,0,1,0,W,Graham Poll,12,17,10,2,1,25,4,7,11,2,2,20,38014,19/08/2000
3,2000-2001,26/08/2000,Arsenal,Charlton,W,W,Home,3,70,5,3,1,2,L,Steve Lodge,9,18,8,0,0,12,4,7,3,0,0,15,38025,21/08/2000
4,2000-2001,06/09/2000,Arsenal,Chelsea,D,W,Away,1,70,2,2,0,1,L,Mike Riley,5,13,6,1,0,22,5,12,7,1,0,16,34923,26/08/2000
5,2000-2001,09/09/2000,Arsenal,Bradford,D,D,Away,1,70,1,1,0,1,L,Alan Wiley,11,18,10,2,0,13,5,9,4,2,0,17,17160,06/09/2000
6,2000-2001,16/09/2000,Arsenal,Coventry,W,D,Home,3,70,2,1,1,0,W,Mike Dean,13,18,8,1,0,5,2,6,4,1,0,13,37794,09/09/2000
7,2000-2001,23/09/2000,Arsenal,Ipswich,D,W,Away,1,70,1,1,0,0,D,Paul Durkin,4,10,7,2,0,13,6,17,4,2,0,8,22030,16/09/2000
8,2000-2001,01/10/2000,Arsenal,Man United,W,D,Home,3,70,1,0,1,0,W,Graham Barber,5,7,3,2,0,18,4,13,11,2,0,17,38146,23/09/2000
9,2000-2001,14/10/2000,Arsenal,Aston Villa,W,W,Home,3,70,1,0,0,0,D,Rob Harris,10,16,7,1,0,12,3,8,4,1,1,20,38046,01/10/2000
10,2000-2001,21/10/2000,Arsenal,West Ham,W,W,Away,3,70,2,1,2,0,W,Dermot Gallagher,5,13,4,0,0,11,3,11,5,0,0,15,26034,14/10/2000
11,2000-2001,28/10/2000,Arsenal,Man City,W,W,Home,3,70,5,0,1,0,W,Rob Styles,14,22,10,0,0,6,2,6,4,0,1,13,38049,21/10/2000
12,2000-2001,04/11/2000,Arsenal,Middlesbrough,W,W,Away,3,70,1,0,1,0,W,Andy D'Urso,8,11,8,1,0,11,3,4,5,1,1,10,29541,28/10/2000
13,2000-2001,11/11/2000,Arsenal,Derby,D,W,Home,1,70,0,0,0,0,D,Steve Lodge,9,15,10,0,0,12,2,9,0,0,0,13,37679,04/11/2000
14,2000-2001,18/11/2000,Arsenal,Everton,L,D,Away,0,70,0,2,0,0,D,Mike Riley,2,4,5,1,0,12,2,4,3,1,0,20,33106,11/11/2000
15,2000-2001,26/11/2000,Arsenal,Leeds,L,L,Away,0,70,0,1,0,0,D,Dermot Gallagher,3,9,4,7,0,22,6,12,8,7,0,19,38084,18/11/2000
16,2000-2001,02/12/2000,Arsenal,Southampton,W,L,Home,3,70,1,0,0,0,D,Steve Dunn,12,24,16,0,0,14,5,7,8,0,0,15,38036,26/11/2000
17,2000-2001,09/12/2000,Arsenal,Newcastle,W,W,Home,3,70,5,0,2,0,W,Mike Dean,10,15,5,0,0,10,1,3,2,0,0,11,38052,02/12/2000
18,2000-2001,18/12/2000,Arsenal,Tottenham,D,W,Away,1,70,1,1,0,1,L,Jeff Winter,10,17,7,1,0,14,4,8,3,1,0,20,36062,09/12/2000
19,2000-2001,23/12/2000,Arsenal,Liverpool,L,D,Away,0,70,0,4,0,1,L,Paul Durkin,6,12,3,0,0,14,6,12,6,0,0,18,44144,18/12/2000
20,2000-2001,26/12/2000,Arsenal,Leicester,W,L,Home,3,70,6,1,1,0,W,Dermot Gallagher,15,27,14,0,0,14,2,2,0,0,0,11,38007,23/12/2000
21,2000-2001,30/12/2000,Arsenal,Sunderland,D,W,Home,1,70,2,2,2,0,W,Graham Barber,9,17,11,0,0,14,7,14,1,0,0,18,38026,26/12/2000
22,2000-2001,01/01/2001,Arsenal,Charlton,L,D,Away,0,70,0,1,0,1,L,Graham Poll,5,10,12,1,0,12,4,9,6,1,0,15,20043,30/12/2000
23,2000-2001,13/01/2001,Arsenal,Chelsea,D,L,Home,1,70,1,1,1,0,W,David Ellaray,8,15,10,1,0,13,8,12,3,1,0,15,38071,01/01/2001
24,2000-2001,20/01/2001,Arsenal,Leicester,D,D,Away,1,70,0,0,0,0,D,Barry Knight,4,13,9,2,0,8,0,3,1,2,1,6,21872,13/01/2001
25,2000-2001,30/01/2001,Arsenal,Bradford,W,D,Home,3,70,2,0,2,0,W,Clive Wilkes,8,20,6,1,0,12,2,6,3,1,0,14,37318,20/01/2001
26,2000-2001,03/02/2001,Arsenal,Coventry,W,W,Away,3,70,1,0,0,0,D,Mike Dean,6,8,7,4,0,14,4,12,3,4,0,13,22035,30/01/2001
27,2000-2001,10/02/2001,Arsenal,Ipswich,W,W,Home,3,70,1,0,0,0,D,Rob Harris,10,17,11,2,0,16,3,5,3,2,0,15,38011,03/02/2001
28,2000-2001,25/02/2001,Arsenal,Man United,L,W,Away,0,70,1,6,1,5,L,Paul Durkin,2,6,3,0,0,6,9,16,3,0,0,10,67535,10/02/2001
29,2000-2001,03/03/2001,Arsenal,West Ham,W,L,Home,3,70,3,0,3,0,W,Mike Riley,6,16,5,2,0,19,2,4,6,2,0,12,38076,25/02/2001
30,2000-2001,18/03/2001,Arsenal,Aston Villa,D,W,Away,1,70,0,0,0,0,D,Barry Knight,5,14,3,2,1,13,2,4,3,2,0,16,36111,03/03/2001
31,2000-2001,31/03/2001,Arsenal,Tottenham,W,D,Home,3,70,2,0,0,0,D,Paul Durkin,19,25,12,0,0,5,3,4,2,0,0,6,38121,18/03/2001
32,2000-2001,11/04/2001,Arsenal,Man City,W,W,Away,3,70,4,0,4,0,W,Neale Barry,8,15,3,0,0,8,2,7,7,0,0,10,33444,31/03/2001
33,2000-2001,14/04/2001,Arsenal,Middlesbrough,L,W,Home,0,70,0,3,0,2,L,Paul Durkin,8,17,9,1,0,13,2,6,0,1,0,11,37879,11/04/2001
34,2000-2001,21/04/2001,Arsenal,Everton,W,L,Home,3,70,4,1,1,1,D,Dermot Gallagher,8,10,10,0,0,7,2,4,0,0,1,13,38029,14/04/2001
35,2000-2001,28/04/2001,Arsenal,Derby,W,W,Away,3,70,2,1,1,1,D,Graham Barber,9,14,6,4,0,13,2,6,4,4,0,14,29567,21/04/2001
36,2000-2001,05/05/2001,Arsenal,Leeds,W,W,Home,3,70,2,1,1,0,W,Peter Jones,4,7,11,4,0,21,3,4,2,4,0,18,38142,28/04/2001
37,2000-2001,15/05/2001,Arsenal,Newcastle,D,W,Away,1,70,0,0,0,0,D,Alan Wiley,1,8,8,0,0,10,2,12,4,0,0,14,50729,05/05/2001
38,2000-2001,19/05/2001,Arsenal,Southampton,L,D,Away,0,70,2,3,1,0,W,Paul Taylor,5,8,5,2,0,10,7,11,7,2,0,17,15252,15/05/2001
2,2001-2002,21/08/2001,Arsenal,Leeds,L,W,Home,0,87,1,2,1,1,D,J. T. Winter,5,14,10,4,0,28,2,5,2,4,2,29,38062,18/08/2001
3,2001-2002,25/08/2001,Arsenal,Leicester,W,L,Home,3,87,4,0,2,0,W,A. P. D'Urso,11,20,9,1,1,14,0,2,0,1,1,20,37909,21/08/2001
4,2001-2002,08/09/2001,Arsenal,Chelsea,D,W,Away,1,87,1,1,1,1,D,M. A. Riley,11,14,6,5,0,20,5,10,5,5,1,20,40855,25/08/2001
5,2001-2002,15/09/2001,Arsenal,Fulham,W,D,Away,3,87,3,1,1,0,W,A.G. Wiley,6,11,5,4,0,20,3,6,4,4,0,18,20805,08/09/2001
6,2001-2002,22/09/2001,Arsenal,Bolton,D,W,Home,1,87,1,1,0,0,D,C. R. Wilkes,12,23,17,1,0,9,4,7,0,1,1,11,38014,15/09/2001
7,2001-2002,29/09/2001,Arsenal,Derby,W,D,Away,3,87,2,0,1,0,W,R. Styles,6,11,5,3,1,19,5,7,2,3,0,18,29200,22/09/2001
8,2001-2002,13/10/2001,Arsenal,Southampton,W,W,Away,3,87,2,0,1,0,W,G. P. Barber,8,21,6,1,0,9,0,3,1,1,1,15,29759,29/09/2001
9,2001-2002,20/10/2001,Arsenal,Blackburn,D,W,Home,1,87,3,3,0,1,L,U. D. Rennie,11,18,5,1,0,13,5,9,4,1,0,20,38108,13/10/2001
10,2001-2002,27/10/2001,Arsenal,Sunderland,D,D,Away,1,87,1,1,1,0,W,M. A. Riley,5,14,6,3,0,22,6,10,7,3,0,12,48029,20/10/2001
11,2001-2002,04/11/2001,Arsenal,Charlton,L,D,Home,0,87,2,4,1,2,L,M. R. Halsey,12,26,4,3,0,9,4,9,6,3,0,11,38010,27/10/2001
12,2001-2002,17/11/2001,Arsenal,Tottenham,D,L,Away,1,87,1,1,0,0,D,J. T. Winter,5,5,6,1,0,16,4,9,9,1,0,18,36048,04/11/2001
13,2001-2002,25/11/2001,Arsenal,Man United,W,D,Home,3,87,3,1,0,1,L,P. Jones,10,14,11,2,0,12,1,2,2,2,0,19,38174,17/11/2001
14,2001-2002,01/12/2001,Arsenal,Ipswich,W,W,Away,3,87,2,0,1,0,W,D. R. Elleray,3,7,5,2,0,9,2,7,12,2,0,4,24666,25/11/2001
15,2001-2002,09/12/2001,Arsenal,Aston Villa,W,W,Home,3,87,3,2,0,2,L,A. G. Wiley,8,15,9,4,0,18,5,8,3,4,0,14,38074,01/12/2001
16,2001-2002,15/12/2001,Arsenal,West Ham,D,W,Away,1,87,1,1,1,1,D,M. A. Riley,6,16,6,3,0,14,4,8,7,3,0,10,34523,09/12/2001
17,2001-2002,18/12/2001,Arsenal,Newcastle,L,D,Home,0,87,1,3,1,0,W,G. Poll,8,19,4,3,1,10,3,4,4,3,1,19,38012,15/12/2001
18,2001-2002,23/12/2001,Arsenal,Liverpool,W,L,Away,3,87,2,1,1,0,W,"Durkin, P. A.",3,11,4,4,1,20,2,15,6,4,0,12,44297,18/12/2001
19,2001-2002,26/12/2001,Arsenal,Chelsea,W,W,Home,3,87,2,1,0,1,L,"Barber, G. P.",7,11,4,2,0,18,3,9,5,2,0,21,38079,23/12/2001
20,2001-2002,29/12/2001,Arsenal,Middlesbrough,W,W,Home,3,87,2,1,0,1,L,"D'Urso, A. P.",6,16,9,3,0,17,2,3,1,3,0,13,37928,26/12/2001
21,2001-2002,13/01/2002,Arsenal,Liverpool,D,W,Home,1,87,1,1,0,0,D,"Dunn, S. W.",4,11,3,1,0,15,2,5,1,1,0,16,38132,29/12/2001
22,2001-2002,20/01/2002,Arsenal,Leeds,D,D,Away,1,87,1,1,1,1,D,"Halsey, M. R.",6,9,7,2,0,16,1,6,3,2,0,18,40143,13/01/2002
23,2001-2002,23/01/2002,Arsenal,Leicester,W,D,Away,3,87,3,1,2,0,W,"Elleray, D. R.",8,13,7,0,0,9,2,3,7,0,0,12,21344,20/01/2002
24,2001-2002,30/01/2002,Arsenal,Blackburn,W,W,Away,3,87,3,2,2,2,D,"Gallagher, D. J.",5,9,2,2,1,21,4,10,6,2,0,18,25983,23/01/2002
25,2001-2002,02/02/2002,Arsenal,Southampton,D,W,Home,1,87,1,1,1,0,W,"Wilkes, C. R.",4,14,4,2,0,13,1,4,3,2,0,22,38024,30/01/2002
26,2001-2002,10/02/2002,Arsenal,Everton,W,D,Away,3,87,1,0,0,0,D,"Winter, J. T.",3,6,5,5,0,20,2,6,1,5,0,17,30859,02/02/2002
27,2001-2002,23/02/2002,Arsenal,Fulham,W,W,Home,3,87,4,1,3,1,W,"Rennie, U. D.",10,16,7,0,0,19,5,6,5,0,0,14,38029,10/02/2002
28,2001-2002,02/03/2002,Arsenal,Newcastle,W,W,Away,3,87,2,0,2,0,W,"Barry, N. S.",6,9,8,1,0,17,6,13,5,1,0,17,52067,23/02/2002
29,2001-2002,05/03/2002,Arsenal,Derby,W,W,Home,3,87,1,0,0,0,D,"Barber, G. P.",8,17,9,1,0,13,0,0,1,1,0,16,37878,02/03/2002
30,2001-2002,17/03/2002,Arsenal,Aston Villa,W,W,Away,3,87,2,1,0,1,L,"Dunn, S. W.",3,6,2,2,0,12,3,8,10,2,0,10,41520,05/03/2002
31,2001-2002,30/03/2002,Arsenal,Sunderland,W,W,Home,3,87,3,0,3,0,W,"Durkin, P. A.",10,13,5,0,0,8,5,13,4,0,0,17,38047,17/03/2002
32,2001-2002,01/04/2002,Arsenal,Charlton,W,W,Away,3,87,3,0,3,0,W,"D'Urso, A. P.",8,12,2,2,0,15,5,5,9,2,0,7,26339,30/03/2002
33,2001-2002,06/04/2002,Arsenal,Tottenham,W,W,Home,3,87,2,1,1,0,W,"Halsey, M. R.",5,13,10,1,0,15,2,2,1,1,0,17,38186,01/04/2002
34,2001-2002,21/04/2002,Arsenal,Ipswich,W,W,Home,3,87,2,0,0,0,D,"Wiley, A. G.",8,20,14,1,0,9,2,7,2,1,0,9,38058,06/04/2002
35,2001-2002,24/04/2002,Arsenal,West Ham,W,W,Home,3,87,2,0,0,0,D,"Dunn, S. W.",9,20,12,2,0,12,1,5,2,2,0,13,38038,21/04/2002
36,2001-2002,29/04/2002,Arsenal,Bolton,W,W,Away,3,87,2,0,2,0,W,"Gallagher, D. J.",4,8,3,0,0,8,1,7,7,0,0,10,27351,24/04/2002
37,2001-2002,08/05/2002,Arsenal,Man United,W,W,Away,3,87,1,0,0,0,D,"Durkin, P. A.",2,5,5,2,0,16,3,9,6,2,0,21,67580,29/04/2002
38,2001-2002,11/05/2002,Arsenal,Everton,W,W,Home,3,87,4,3,2,2,D,"Halsey, M. R.",6,17,4,0,0,7,6,14,3,0,0,5,38254,08/05/2002
2,2012-2013,26/08/2012,Arsenal,Stoke,D,D,Away,1,73,0,0,0,0,D,L Mason,6,16,11,0,0,9,4,7,0,0,0,9,,18/08/2012
3,2012-2013,02/09/2012,Arsenal,Liverpool,W,D,Away,3,73,2,0,1,0,W,H Webb,7,11,2,2,0,7,8,17,10,2,0,12,,26/08/2012
4,2012-2013,15/09/2012,Arsenal,Southampton,W,W,Home,3,73,6,1,4,1,W,K Friend,12,20,8,0,0,4,4,9,3,0,0,7,,02/09/2012
5,2012-2013,23/09/2012,Arsenal,Man City,D,W,Away,1,73,1,1,0,1,L,M Dean,4,10,4,0,0,7,10,14,9,0,0,11,,15/09/2012
6,2012-2013,29/09/2012,Arsenal,Chelsea,L,D,Home,0,73,1,2,1,1,D,M Atkinson,5,14,6,2,0,14,5,10,5,2,0,13,,23/09/2012
7,2012-2013,06/10/2012,Arsenal,West Ham,W,L,Away,3,73,3,1,1,1,D,P Dowd,14,20,16,2,0,7,3,7,4,2,0,12,,29/09/2012
8,2012-2013,20/10/2012,Arsenal,Norwich,L,W,Away,0,73,0,1,0,1,L,L Probert,7,13,10,0,0,9,3,7,2,0,0,9,,06/10/2012
9,2012-2013,27/10/2012,Arsenal,QPR,W,L,Home,3,73,1,0,0,0,D,A Taylor,11,21,5,1,0,14,3,4,2,1,1,9,,20/10/2012
10,2012-2013,03/11/2012,Arsenal,Man United,L,W,Away,0,73,1,2,0,1,L,M Dean,3,7,1,3,1,13,7,11,6,3,0,13,,27/10/2012
11,2012-2013,10/11/2012,Arsenal,Fulham,D,L,Home,1,73,3,3,2,2,D,P Dowd,9,15,8,1,0,12,5,9,6,1,0,10,,03/11/2012
12,2012-2013,17/11/2012,Arsenal,Tottenham,W,D,Home,3,73,5,2,3,1,W,H Webb,10,13,6,1,0,13,4,6,6,1,1,12,,10/11/2012
13,2012-2013,24/11/2012,Arsenal,Aston Villa,D,W,Away,1,73,0,0,0,0,D,L Mason,6,13,6,0,0,9,8,10,7,0,0,6,,17/11/2012
14,2012-2013,28/11/2012,Arsenal,Everton,D,D,Away,1,73,1,1,1,1,D,M Oliver,9,12,6,1,0,9,10,14,6,1,0,15,,24/11/2012
15,2012-2013,01/12/2012,Arsenal,Swansea,L,D,Home,0,73,0,2,0,0,D,M Clattenburg,8,10,8,1,0,11,10,12,5,1,0,9,,28/11/2012
16,2012-2013,08/12/2012,Arsenal,West Brom,W,L,Home,3,73,2,0,1,0,W,M Jones,7,16,7,2,0,11,2,7,4,2,0,12,,01/12/2012
17,2012-2013,17/12/2012,Arsenal,Reading,W,W,Away,3,73,5,2,3,0,W,A Taylor,17,25,7,1,0,4,5,7,3,1,0,8,,08/12/2012
18,2012-2013,22/12/2012,Arsenal,Wigan,W,W,Away,3,73,1,0,0,0,D,J Moss,8,10,4,1,0,8,5,13,4,1,0,14,,17/12/2012
19,2012-2013,29/12/2012,Arsenal,Newcastle,W,W,Home,3,73,7,3,1,1,D,C Foy,12,16,5,0,0,8,8,10,6,0,0,10,,22/12/2012
20,2012-2013,01/01/2013,Arsenal,Southampton,D,W,Away,1,73,1,1,1,1,D,L Probert,4,6,3,0,0,6,6,9,3,0,0,9,,29/12/2012
21,2012-2013,13/01/2013,Arsenal,Man City,L,D,Home,0,73,0,2,0,2,L,M Dean,4,9,2,2,1,11,9,16,7,2,1,18,,01/01/2013
22,2012-2013,20/01/2013,Arsenal,Chelsea,L,L,Away,0,73,1,2,0,2,L,M Atkinson,8,12,9,1,0,11,8,13,3,1,0,10,,13/01/2013
23,2012-2013,23/01/2013,Arsenal,West Ham,W,L,Home,3,73,5,1,1,1,D,A Marriner,17,23,13,0,0,9,5,7,5,0,0,10,,20/01/2013
24,2012-2013,30/01/2013,Arsenal,Liverpool,D,W,Home,1,73,2,2,0,1,L,K Friend,6,14,8,3,0,9,5,10,6,3,0,11,,23/01/2013
25,2012-2013,02/02/2013,Arsenal,Stoke,W,D,Home,3,73,1,0,0,0,D,C Foy,9,15,11,0,0,3,2,6,1,0,0,13,,30/01/2013
26,2012-2013,09/02/2013,Arsenal,Sunderland,W,W,Away,3,73,1,0,1,0,W,A Taylor,9,18,2,2,1,13,7,12,11,2,0,6,,02/02/2013
27,2012-2013,23/02/2013,Arsenal,Aston Villa,W,W,Home,3,73,2,1,1,0,W,M Atkinson,14,24,12,1,0,7,3,5,3,1,0,12,,09/02/2013
28,2012-2013,03/03/2013,Arsenal,Tottenham,L,W,Away,0,73,1,2,0,2,L,M Clattenburg,6,10,6,1,0,13,5,11,4,1,0,17,,23/02/2013
29,2012-2013,16/03/2013,Arsenal,Swansea,W,L,Away,3,73,2,0,0,0,D,J Moss,11,15,7,1,0,7,2,9,3,1,0,2,,03/03/2013
30,2012-2013,30/03/2013,Arsenal,Reading,W,W,Home,3,73,4,1,1,0,W,C Foy,14,23,11,0,0,9,2,4,3,0,0,14,,16/03/2013
31,2012-2013,06/04/2013,Arsenal,West Brom,W,W,Away,3,73,2,1,1,0,W,H Webb,6,11,4,4,1,15,5,16,6,4,0,7,,30/03/2013
32,2012-2013,13/04/2013,Arsenal,Norwich,W,W,Home,3,73,3,1,0,0,D,M Jones,7,10,9,1,0,8,5,5,3,1,0,10,,06/04/2013
33,2012-2013,16/04/2013,Arsenal,Everton,D,W,Home,1,73,0,0,0,0,D,N Swarbrick,6,10,8,2,0,11,5,10,1,2,0,12,,13/04/2013
34,2012-2013,20/04/2013,Arsenal,Fulham,W,D,Away,3,73,1,0,1,0,W,A Marriner,7,10,3,2,1,8,5,7,7,2,1,13,,16/04/2013
35,2012-2013,28/04/2013,Arsenal,Man United,D,W,Home,1,73,1,1,1,1,D,P Dowd,13,19,7,3,0,12,5,10,2,3,0,10,,20/04/2013
36,2012-2013,04/05/2013,Arsenal,QPR,W,D,Away,3,73,1,0,1,0,W,J Moss,11,13,7,1,0,6,6,14,3,1,0,8,,28/04/2013
37,2012-2013,14/05/2013,Arsenal,Wigan,W,W,Home,3,73,4,1,1,1,D,M Dean,12,19,7,0,0,11,5,10,4,0,0,11,,04/05/2013
38,2012-2013,19/05/2013,Arsenal,Newcastle,W,W,Away,3,73,1,0,0,0,D,H Webb,3,9,4,2,0,10,2,7,4,2,0,17,,14/05/2013
2,2014-2015,23/08/2014,Arsenal,Everton,D,W,Away,1,75,2,2,0,2,L,K Friend,3,13,3,4,0,18,2,8,3,4,0,10,,16/08/2014
3,2014-2015,31/08/2014,Arsenal,Leicester,D,D,Away,1,75,1,1,1,1,D,A Taylor,6,24,10,1,0,6,3,9,5,1,0,14,,23/08/2014
4,2014-2015,13/09/2014,Arsenal,Man City,D,D,Home,1,75,2,2,0,1,L,M Clattenburg,6,15,0,3,0,11,8,15,3,3,0,15,,31/08/2014
5,2014-2015,20/09/2014,Arsenal,Aston Villa,W,D,Away,3,75,3,0,3,0,W,M Jones,3,9,5,3,0,9,2,6,5,3,0,11,,13/09/2014
6,2014-2015,27/09/2014,Arsenal,Tottenham,D,W,Home,1,75,1,1,0,0,D,M Oliver,6,16,15,3,0,7,4,6,5,3,0,16,,20/09/2014
7,2014-2015,05/10/2014,Arsenal,Chelsea,L,D,Away,0,75,0,2,0,1,L,M Atkinson,0,10,2,3,0,10,3,5,2,3,0,14,,27/09/2014
8,2014-2015,18/10/2014,Arsenal,Hull,D,L,Home,1,75,2,2,1,1,D,R East,9,25,10,2,0,9,4,4,0,2,0,13,,05/10/2014
9,2014-2015,25/10/2014,Arsenal,Sunderland,W,D,Away,3,75,2,0,1,0,W,K Friend,5,15,3,3,0,9,3,11,3,3,0,11,,18/10/2014
10,2014-2015,01/11/2014,Arsenal,Burnley,W,W,Home,3,75,3,0,0,0,D,C Pawson,13,32,18,0,0,5,2,6,1,0,0,9,,25/10/2014
11,2014-2015,09/11/2014,Arsenal,Swansea,L,W,Away,0,75,1,2,0,0,D,P Dowd,4,12,10,5,0,16,5,11,6,5,0,10,,01/11/2014
12,2014-2015,22/11/2014,Arsenal,Man United,L,L,Home,0,75,1,2,0,0,D,M Dean,9,23,11,2,0,12,2,12,5,2,0,8,,09/11/2014
13,2014-2015,29/11/2014,Arsenal,West Brom,W,L,Away,3,75,1,0,0,0,D,C Foy,5,17,4,1,0,10,1,9,4,1,0,9,,22/11/2014
14,2014-2015,03/12/2014,Arsenal,Southampton,W,W,Home,3,75,1,0,0,0,D,A Marriner,8,19,9,0,0,7,1,6,4,0,0,14,,29/11/2014
15,2014-2015,06/12/2014,Arsenal,Stoke,L,W,Away,0,75,2,3,0,3,L,A Taylor,6,15,9,2,1,14,4,13,3,2,0,17,,03/12/2014
16,2014-2015,13/12/2014,Arsenal,Newcastle,W,L,Home,3,75,4,1,1,0,W,L Mason,4,17,9,2,0,14,4,10,6,2,0,15,,06/12/2014
17,2014-2015,21/12/2014,Arsenal,Liverpool,D,W,Away,1,75,2,2,1,1,D,M Oliver,3,7,6,3,0,14,10,27,10,3,1,6,,13/12/2014
18,2014-2015,26/12/2014,Arsenal,QPR,W,D,Home,3,75,2,1,1,0,W,M Atkinson,5,15,6,1,1,6,2,16,2,1,0,15,,21/12/2014
19,2014-2015,28/12/2014,Arsenal,West Ham,W,W,Away,3,75,2,1,2,0,W,N Swarbrick,7,21,8,3,0,13,4,14,7,3,0,12,,26/12/2014
20,2014-2015,01/01/2015,Arsenal,Southampton,L,W,Away,0,75,0,2,0,1,L,C Pawson,6,11,7,1,0,7,6,13,2,1,0,14,,28/12/2014
21,2014-2015,11/01/2015,Arsenal,Stoke,W,L,Home,3,75,3,0,2,0,W,J Moss,6,14,9,0,0,11,2,7,1,0,0,11,,01/01/2015
22,2014-2015,18/01/2015,Arsenal,Man City,W,W,Away,3,75,2,0,1,0,W,M Dean,3,9,3,3,0,5,4,12,16,3,0,12,,11/01/2015
23,2014-2015,01/02/2015,Arsenal,Aston Villa,W,W,Home,3,75,5,0,1,0,W,A Taylor,8,13,7,0,0,6,2,9,7,0,0,10,,18/01/2015
24,2014-2015,07/02/2015,Arsenal,Tottenham,L,W,Away,0,75,1,2,1,0,W,M Atkinson,3,7,3,5,0,12,8,23,10,5,0,8,,01/02/2015
25,2014-2015,10/02/2015,Arsenal,Leicester,W,L,Home,3,75,2,1,2,0,W,M Jones,7,17,6,2,0,13,4,11,6,2,0,14,,07/02/2015
26,2014-2015,21/02/2015,Arsenal,Crystal Palace,W,W,Away,3,75,2,1,2,0,W,M Clattenburg,4,12,1,3,0,14,3,22,10,3,0,15,,10/02/2015
27,2014-2015,01/03/2015,Arsenal,Everton,W,W,Home,3,75,2,0,1,0,W,A Marriner,4,17,8,2,0,12,2,8,9,2,0,5,,21/02/2015
28,2014-2015,04/03/2015,Arsenal,QPR,W,W,Away,3,75,2,1,0,0,D,K Friend,9,20,6,1,0,8,3,10,1,1,0,10,,01/03/2015
29,2014-2015,14/03/2015,Arsenal,West Ham,W,W,Home,3,75,3,0,1,0,W,A Taylor,9,19,7,1,0,10,1,7,5,1,0,9,,04/03/2015
30,2014-2015,21/03/2015,Arsenal,Newcastle,W,W,Away,3,75,2,1,2,0,W,M Jones,3,7,4,0,0,7,4,16,9,0,0,11,,14/03/2015
31,2014-2015,04/04/2015,Arsenal,Liverpool,W,W,Home,3,75,4,1,3,0,W,A Taylor,10,16,6,1,0,7,2,13,5,1,1,9,,21/03/2015
32,2014-2015,11/04/2015,Arsenal,Burnley,W,W,Away,3,75,1,0,1,0,W,M Dean,5,17,6,0,0,7,4,8,1,0,0,15,,04/04/2015
33,2014-2015,26/04/2015,Arsenal,Chelsea,D,W,Home,1,75,0,0,0,0,D,M Oliver,1,12,6,4,0,17,3,7,2,4,0,11,,11/04/2015
34,2014-2015,04/05/2015,Arsenal,Hull,W,D,Away,3,75,3,1,3,0,W,L Mason,9,22,5,0,0,11,1,8,0,0,0,8,,26/04/2015
35,2014-2015,11/05/2015,Arsenal,Swansea,L,W,Home,0,75,0,1,0,0,D,K Friend,9,23,6,0,0,7,3,8,1,0,0,10,,04/05/2015
36,2014-2015,17/05/2015,Arsenal,Man United,D,L,Away,1,75,1,1,0,1,L,M Dean,3,5,5,0,0,8,4,12,5,0,0,16,,11/05/2015
37,2014-2015,20/05/2015,Arsenal,Sunderland,D,D,Home,1,75,0,0,0,0,D,A Taylor,8,28,5,1,0,6,3,7,2,1,0,8,,17/05/2015
38,2014-2015,24/05/2015,Arsenal,West Brom,W,D,Home,3,75,4,1,4,0,W,R Madley,13,24,7,1,0,6,5,14,3,1,0,7,,20/05/2015
2,2008-2009,23/08/2008,Arsenal,Fulham,L,W,Away,0,72,0,1,0,1,L,M Atkinson,6,15,5,0,0,6,2,5,1,0,0,14,,16/08/2008
3,2008-2009,30/08/2008,Arsenal,Newcastle,W,L,Home,3,72,3,0,2,0,W,R Styles,14,20,12,2,0,12,2,4,1,2,0,11,,23/08/2008
4,2008-2009,13/09/2008,Arsenal,Blackburn,W,W,Away,3,72,4,0,2,0,W,M Dean,10,17,5,1,0,8,3,10,5,1,0,8,,30/08/2008
5,2008-2009,20/09/2008,Arsenal,Bolton,W,W,Away,3,72,3,1,2,1,W,S Bennett,9,20,17,2,0,10,8,12,7,2,0,12,,13/09/2008
6,2008-2009,27/09/2008,Arsenal,Hull,L,W,Home,0,72,1,2,0,0,D,A Wiley,9,18,15,2,0,8,5,7,4,2,0,7,,20/09/2008
7,2008-2009,04/10/2008,Arsenal,Sunderland,D,L,Away,1,72,1,1,0,0,D,L Mason,7,13,7,5,0,11,5,8,1,5,0,10,,27/09/2008
8,2008-2009,18/10/2008,Arsenal,Everton,W,D,Home,3,72,3,1,0,1,L,P Walton,14,22,7,2,0,8,3,7,4,2,0,13,,04/10/2008
9,2008-2009,26/10/2008,Arsenal,West Ham,W,W,Away,3,72,2,0,0,0,D,P Dowd,10,20,9,3,0,9,3,7,4,3,1,13,,18/10/2008
10,2008-2009,29/10/2008,Arsenal,Tottenham,D,W,Home,1,72,4,4,1,1,D,M Atkinson,12,20,9,1,0,8,6,9,1,1,0,17,,26/10/2008
11,2008-2009,01/11/2008,Arsenal,Stoke,L,D,Away,0,72,1,2,0,1,L,R Styles,6,13,5,2,1,7,5,7,3,2,0,11,,29/10/2008
12,2008-2009,08/11/2008,Arsenal,Man United,W,L,Home,3,72,2,1,1,0,W,H Webb,7,11,5,3,0,16,9,17,6,3,0,7,,01/11/2008
13,2008-2009,15/11/2008,Arsenal,Aston Villa,L,W,Home,0,72,0,2,0,0,D,M Riley,8,11,8,2,0,9,6,9,5,2,0,22,,08/11/2008
14,2008-2009,22/11/2008,Arsenal,Man City,L,L,Away,0,72,0,3,0,1,L,A Wiley,5,11,3,1,0,9,8,12,3,1,0,16,,15/11/2008
15,2008-2009,30/11/2008,Arsenal,Chelsea,W,L,Away,3,72,2,1,0,1,L,M Dean,6,9,2,0,0,16,5,12,3,0,0,18,,22/11/2008
16,2008-2009,06/12/2008,Arsenal,Wigan,W,W,Home,3,72,1,0,1,0,W,S Bennett,4,11,8,1,0,13,4,10,3,1,0,13,,30/11/2008
17,2008-2009,13/12/2008,Arsenal,Middlesbrough,D,W,Away,1,72,1,1,1,1,D,P Walton,11,17,10,1,0,11,3,8,5,1,0,8,,06/12/2008
18,2008-2009,21/12/2008,Arsenal,Liverpool,D,D,Home,1,72,1,1,1,1,D,H Webb,3,6,2,3,1,14,6,10,1,3,0,17,,13/12/2008
19,2008-2009,26/12/2008,Arsenal,Aston Villa,D,D,Away,1,72,2,2,1,0,W,L Mason,6,8,6,4,0,10,9,13,7,4,0,10,,21/12/2008
20,2008-2009,28/12/2008,Arsenal,Portsmouth,W,D,Home,3,72,1,0,0,0,D,A Wiley,7,11,11,0,0,9,3,4,2,0,0,9,,26/12/2008
21,2008-2009,10/01/2009,Arsenal,Bolton,W,W,Home,3,72,1,0,0,0,D,C Foy,9,14,5,2,0,13,2,2,0,2,0,16,,28/12/2008
22,2008-2009,17/01/2009,Arsenal,Hull,W,W,Away,3,72,3,1,1,0,W,A Wiley,9,13,4,1,0,19,3,4,4,1,0,11,,10/01/2009
23,2008-2009,28/01/2009,Arsenal,Everton,D,W,Away,1,72,1,1,0,0,D,A Marriner,4,7,6,2,0,11,3,7,7,2,0,9,,17/01/2009
24,2008-2009,31/01/2009,Arsenal,West Ham,D,D,Home,1,72,0,0,0,0,D,S Bennett,8,15,13,2,0,12,2,2,3,2,0,12,,28/01/2009
25,2008-2009,08/02/2009,Arsenal,Tottenham,D,D,Away,1,72,0,0,0,0,D,M Dean,1,4,4,2,1,14,6,16,6,2,0,14,,31/01/2009
26,2008-2009,21/02/2009,Arsenal,Sunderland,D,D,Home,1,72,0,0,0,0,D,A Wiley,9,16,8,2,0,6,2,3,3,2,0,12,,08/02/2009
27,2008-2009,28/02/2009,Arsenal,Fulham,D,D,Home,1,72,0,0,0,0,D,P Walton,8,16,11,0,0,6,3,12,6,0,0,14,,21/02/2009
28,2008-2009,03/03/2009,Arsenal,West Brom,W,D,Away,3,72,3,1,3,1,W,S Tanner,8,16,4,0,0,14,4,8,3,0,0,19,,28/02/2009
29,2008-2009,14/03/2009,Arsenal,Blackburn,W,W,Home,3,72,4,0,1,0,W,P Dowd,12,18,7,0,0,8,3,7,4,0,0,14,,03/03/2009
30,2008-2009,21/03/2009,Arsenal,Newcastle,W,W,Away,3,72,3,1,0,0,D,M Halsey,10,15,4,1,0,12,8,11,8,1,0,12,,14/03/2009
31,2008-2009,04/04/2009,Arsenal,Man City,W,W,Home,3,72,2,0,1,0,W,A Marriner,9,17,7,1,0,11,4,9,2,1,0,9,,21/03/2009
32,2008-2009,11/04/2009,Arsenal,Wigan,W,W,Away,3,72,4,1,0,1,L,A Wiley,8,15,5,3,0,16,5,11,6,3,0,15,,04/04/2009
33,2008-2009,21/04/2009,Arsenal,Liverpool,D,W,Away,1,72,4,4,1,0,W,H Webb,4,8,0,1,0,12,15,22,12,1,0,10,,11/04/2009
34,2008-2009,26/04/2009,Arsenal,Middlesbrough,W,D,Home,3,72,2,0,1,0,W,C Foy,11,15,8,0,0,8,4,5,1,0,0,13,,21/04/2009
35,2008-2009,02/05/2009,Arsenal,Portsmouth,W,W,Away,3,72,3,0,2,0,W,L Mason,9,15,11,1,0,10,4,12,5,1,1,9,,26/04/2009
36,2008-2009,10/05/2009,Arsenal,Chelsea,L,W,Home,0,72,1,4,0,2,L,P Dowd,7,15,6,1,0,19,8,16,2,1,0,12,,02/05/2009
37,2008-2009,16/05/2009,Arsenal,Man United,D,L,Away,1,72,0,0,0,0,D,M Dean,11,14,6,5,0,14,5,11,2,5,0,13,,10/05/2009
38,2008-2009,24/05/2009,Arsenal,Stoke,W,D,Home,3,72,4,1,4,1,W,M Atkinson,11,24,6,1,0,9,1,3,0,1,0,11,,16/05/2009
2,2018-2019,18/08/2018,Arsenal,Chelsea,L,L,Away,0,70,2,3,2,2,D,M Atkinson,6,15,1,2,0,9,11,24,5,2,0,12,,12/08/2018
3,2018-2019,25/08/2018,Arsenal,West Ham,W,L,Home,3,70,3,1,1,1,D,G Scott,10,17,10,1,0,16,5,13,2,1,0,13,,18/08/2018
4,2018-2019,02/09/2018,Arsenal,Cardiff,W,W,Away,3,70,3,2,1,1,D,A Taylor,11,17,9,4,0,14,3,14,3,4,0,12,,25/08/2018
5,2018-2019,15/09/2018,Arsenal,Newcastle,W,W,Away,3,70,2,1,0,0,D,L Probert,2,12,4,0,0,11,2,4,10,0,0,13,,02/09/2018
6,2018-2019,23/09/2018,Arsenal,Everton,W,W,Home,3,70,2,0,0,0,D,J Moss,5,9,5,2,0,17,6,9,9,2,0,12,,15/09/2018
7,2018-2019,29/09/2018,Arsenal,Watford,W,W,Home,3,70,2,0,0,0,D,A Taylor,2,9,6,2,0,11,4,13,6,2,0,17,,23/09/2018
8,2018-2019,07/10/2018,Arsenal,Fulham,W,W,Away,3,70,5,1,1,1,D,P Tierney,7,9,2,0,0,12,4,21,4,0,0,11,,29/09/2018
9,2018-2019,22/10/2018,Arsenal,Leicester,W,W,Home,3,70,3,1,1,1,D,C Kavanagh,6,19,6,2,0,10,2,8,4,2,0,10,,07/10/2018
10,2018-2019,28/10/2018,Arsenal,Crystal Palace,D,W,Away,1,70,2,2,0,1,L,M Atkinson,2,7,4,2,0,16,3,16,6,2,0,10,,22/10/2018
11,2018-2019,03/11/2018,Arsenal,Liverpool,D,D,Home,1,70,1,1,0,0,D,A Marriner,4,12,5,1,0,7,4,13,8,1,0,7,,28/10/2018
12,2018-2019,11/11/2018,Arsenal,Wolves,D,D,Home,1,70,1,1,0,1,L,S Attwell,3,10,11,2,0,9,5,12,2,2,0,16,,03/11/2018
13,2018-2019,25/11/2018,Arsenal,Bournemouth,W,D,Away,3,70,2,1,1,1,D,C Pawson,4,20,8,1,0,9,5,11,5,1,0,6,,11/11/2018
14,2018-2019,02/12/2018,Arsenal,Tottenham,W,W,Home,3,70,4,2,1,2,L,M Dean,7,22,8,3,0,15,6,11,5,3,1,17,,25/11/2018
15,2018-2019,05/12/2018,Arsenal,Man United,D,W,Away,1,70,2,2,1,1,D,A Marriner,4,9,4,3,0,10,7,10,4,3,0,13,,02/12/2018
16,2018-2019,08/12/2018,Arsenal,Huddersfield,W,D,Home,3,70,1,0,0,0,D,P Tierney,2,14,7,5,0,13,0,6,1,5,0,20,,05/12/2018
17,2018-2019,16/12/2018,Arsenal,Southampton,L,W,Away,0,70,2,3,1,2,L,C Kavanagh,4,13,5,1,0,10,7,12,4,1,0,12,,08/12/2018
18,2018-2019,22/12/2018,Arsenal,Burnley,W,L,Home,3,70,3,1,1,0,W,K Friend,6,10,1,2,0,10,2,7,3,2,0,14,,16/12/2018
19,2018-2019,26/12/2018,Arsenal,Brighton,D,W,Away,1,70,1,1,1,1,D,A Taylor,4,7,9,1,0,4,3,12,4,1,0,10,,22/12/2018
20,2018-2019,29/12/2018,Arsenal,Liverpool,L,D,Away,0,70,1,5,1,4,L,M Oliver,2,8,3,2,0,13,10,15,5,2,0,8,,26/12/2018
21,2018-2019,01/01/2019,Arsenal,Fulham,W,L,Home,3,70,4,1,1,0,W,G Scott,9,16,8,0,0,7,4,9,3,0,0,12,,29/12/2018
22,2018-2019,12/01/2019,Arsenal,West Ham,L,W,Away,0,70,0,1,0,0,D,J Moss,2,11,3,2,0,10,3,11,7,2,0,7,,01/01/2019
23,2018-2019,19/01/2019,Arsenal,Chelsea,W,L,Home,3,70,2,0,2,0,W,A Taylor,5,13,5,0,0,13,1,13,6,0,0,15,,12/01/2019
24,2018-2019,29/01/2019,Arsenal,Cardiff,W,W,Home,3,70,2,1,0,0,D,M Dean,4,15,4,3,0,14,2,19,7,3,0,12,,19/01/2019
25,2018-2019,03/02/2019,Arsenal,Man City,L,W,Away,0,70,1,3,1,2,L,M Atkinson,2,4,2,1,0,8,12,19,4,1,0,11,,29/01/2019
26,2018-2019,09/02/2019,Arsenal,Huddersfield,W,L,Away,3,70,2,1,2,0,W,J Moss,4,9,0,2,0,12,6,15,5,2,0,17,,03/02/2019
27,2018-2019,24/02/2019,Arsenal,Southampton,W,W,Home,3,70,2,0,2,0,W,G Scott,4,12,6,0,0,7,4,10,4,0,0,14,,09/02/2019
28,2018-2019,27/02/2019,Arsenal,Bournemouth,W,W,Home,3,70,5,1,2,1,W,C Kavanagh,6,16,9,2,0,11,5,13,4,2,0,9,,24/02/2019
29,2018-2019,02/03/2019,Arsenal,Tottenham,D,W,Away,1,70,1,1,1,0,W,A Taylor,4,9,4,2,1,14,3,10,3,2,0,15,,27/02/2019
30,2018-2019,10/03/2019,Arsenal,Man United,W,D,Home,3,70,2,0,1,0,W,J Moss,3,14,5,2,0,12,4,14,2,2,0,18,,02/03/2019
31,2018-2019,01/04/2019,Arsenal,Newcastle,W,W,Home,3,70,2,0,1,0,W,A Taylor,4,7,6,2,0,11,1,3,2,2,0,10,,10/03/2019
32,2018-2019,07/04/2019,Arsenal,Everton,L,W,Away,0,70,0,1,0,1,L,K Friend,2,7,6,4,0,9,6,23,9,4,0,8,,01/04/2019
33,2018-2019,15/04/2019,Arsenal,Watford,W,L,Away,3,70,1,0,1,0,W,C Pawson,6,19,4,0,0,8,3,11,6,0,1,12,,07/04/2019
34,2018-2019,21/04/2019,Arsenal,Crystal Palace,L,W,Home,0,70,2,3,0,1,L,J Moss,5,12,8,4,0,15,7,16,3,4,0,12,,15/04/2019
35,2018-2019,24/04/2019,Arsenal,Wolves,L,L,Away,0,70,1,3,0,3,L,S Attwell,1,11,5,3,0,9,3,11,5,3,0,12,,21/04/2019
36,2018-2019,28/04/2019,Arsenal,Leicester,L,L,Away,0,70,0,3,0,0,D,M Oliver,1,6,6,1,1,13,12,24,8,1,0,13,,24/04/2019
37,2018-2019,05/05/2019,Arsenal,Brighton,D,L,Home,1,70,1,1,1,0,W,A Taylor,8,20,16,5,0,9,5,11,3,5,0,14,,28/04/2019
38,2018-2019,12/05/2019,Arsenal,Burnley,W,D,Away,3,70,3,1,0,0,D,M Dean,6,17,5,1,0,3,5,14,4,1,0,11,,05/05/2019
2,2013-2014,24/08/2013,Arsenal,Fulham,W,L,Away,3,79,3,1,2,0,W,H Webb,7,18,8,2,0,8,7,16,1,2,0,10,,17/08/2013
3,2013-2014,01/09/2013,Arsenal,Tottenham,W,W,Home,3,79,1,0,1,0,W,M Oliver,5,12,3,2,0,15,4,14,6,2,0,14,,24/08/2013
4,2013-2014,14/09/2013,Arsenal,Sunderland,W,W,Away,3,79,3,1,1,0,W,M Atkinson,6,14,7,2,0,10,2,17,6,2,0,12,,01/09/2013
5,2013-2014,22/09/2013,Arsenal,Stoke,W,W,Home,3,79,3,1,2,1,W,M Dean,8,16,6,0,0,8,3,9,7,0,0,15,,14/09/2013
6,2013-2014,28/09/2013,Arsenal,Swansea,W,W,Away,3,79,2,1,0,0,D,M Clattenburg,4,10,3,2,0,11,3,10,4,2,0,5,,22/09/2013
7,2013-2014,06/10/2013,Arsenal,West Brom,D,W,Away,1,79,1,1,0,1,L,L Mason,5,14,2,2,0,11,4,12,6,2,0,6,,28/09/2013
8,2013-2014,19/10/2013,Arsenal,Norwich,W,D,Home,3,79,4,1,1,0,W,L Probert,11,20,10,0,0,8,6,12,1,0,0,7,,06/10/2013
9,2013-2014,26/10/2013,Arsenal,Crystal Palace,W,W,Away,3,79,2,0,0,0,D,C Foy,4,10,3,0,1,8,4,13,4,0,0,12,,19/10/2013
10,2013-2014,02/11/2013,Arsenal,Liverpool,W,W,Home,3,79,2,0,1,0,W,M Atkinson,7,12,3,2,0,11,4,12,5,2,0,7,,26/10/2013
11,2013-2014,10/11/2013,Arsenal,Man United,L,W,Away,0,79,0,1,0,1,L,M Oliver,2,10,6,3,0,11,2,5,5,3,0,12,,02/11/2013
12,2013-2014,23/11/2013,Arsenal,Southampton,W,L,Home,3,79,2,0,1,0,W,M Clattenburg,4,9,5,0,0,10,4,10,6,0,0,14,,10/11/2013
13,2013-2014,30/11/2013,Arsenal,Cardiff,W,W,Away,3,79,3,0,1,0,W,L Mason,6,15,3,3,0,8,4,10,3,3,0,6,,23/11/2013
14,2013-2014,04/12/2013,Arsenal,Hull,W,W,Home,3,79,2,0,1,0,W,A Marriner,7,20,11,0,0,9,2,7,1,0,0,6,,30/11/2013
15,2013-2014,08/12/2013,Arsenal,Everton,D,W,Home,1,79,1,1,0,0,D,H Webb,5,11,3,0,0,13,4,12,2,0,0,11,,04/12/2013
16,2013-2014,14/12/2013,Arsenal,Man City,L,D,Away,0,79,3,6,1,2,L,M Atkinson,6,12,8,1,0,6,7,22,8,1,0,12,,08/12/2013
17,2013-2014,23/12/2013,Arsenal,Chelsea,D,L,Home,1,79,0,0,0,0,D,M Dean,2,7,8,2,0,7,4,13,6,2,0,11,,14/12/2013
18,2013-2014,26/12/2013,Arsenal,West Ham,W,D,Away,3,79,3,1,0,0,D,P Dowd,8,29,10,1,0,6,5,12,0,1,0,11,,23/12/2013
19,2013-2014,29/12/2013,Arsenal,Newcastle,W,W,Away,3,79,1,0,0,0,D,L Probert,5,11,1,3,0,8,3,11,4,3,0,10,,26/12/2013
20,2013-2014,01/01/2014,Arsenal,Cardiff,W,W,Home,3,79,2,0,0,0,D,J Moss,6,28,12,1,0,6,2,8,2,1,0,11,,29/12/2013
21,2013-2014,13/01/2014,Arsenal,Aston Villa,W,W,Away,3,79,2,1,2,0,W,N Swarbrick,4,8,5,2,0,9,5,11,3,2,0,12,,01/01/2014
22,2013-2014,18/01/2014,Arsenal,Fulham,W,W,Home,3,79,2,0,0,0,D,L Probert,8,22,4,0,0,5,2,8,4,0,0,7,,13/01/2014
23,2013-2014,28/01/2014,Arsenal,Southampton,D,W,Away,1,79,2,2,0,1,L,L Mason,4,7,5,1,1,4,5,13,7,1,0,11,,18/01/2014
24,2013-2014,02/02/2014,Arsenal,Crystal Palace,W,D,Home,3,79,2,0,0,0,D,J Moss,6,11,6,1,0,9,2,10,5,1,0,14,,28/01/2014
25,2013-2014,08/02/2014,Arsenal,Liverpool,L,W,Away,0,79,1,5,0,4,L,M Oliver,6,11,6,2,0,14,12,22,6,2,0,14,,02/02/2014
26,2013-2014,12/02/2014,Arsenal,Man United,D,L,Home,1,79,0,0,0,0,D,M Clattenburg,5,17,5,1,0,10,2,6,5,1,0,14,,08/02/2014
27,2013-2014,22/02/2014,Arsenal,Sunderland,W,D,Home,3,79,4,1,3,0,W,A Marriner,9,12,7,0,0,10,3,7,3,0,0,11,,12/02/2014
28,2013-2014,01/03/2014,Arsenal,Stoke,L,W,Away,0,79,0,1,0,0,D,M Jones,2,10,4,1,0,11,4,8,3,1,0,13,,22/02/2014
29,2013-2014,16/03/2014,Arsenal,Tottenham,W,L,Away,3,79,1,0,1,0,W,M Dean,3,7,2,3,0,11,2,17,5,3,0,18,,01/03/2014
30,2013-2014,22/03/2014,Arsenal,Chelsea,L,W,Away,0,79,0,6,0,4,L,A Marriner,5,12,1,1,1,8,11,21,7,1,0,14,,16/03/2014
31,2013-2014,25/03/2014,Arsenal,Swansea,D,L,Home,1,79,2,2,0,1,L,L Probert,4,13,7,0,0,11,2,8,0,0,0,12,,22/03/2014
32,2013-2014,29/03/2014,Arsenal,Man City,D,D,Home,1,79,1,1,0,1,L,M Dean,3,10,6,1,0,8,4,15,6,1,0,11,,25/03/2014
33,2013-2014,06/04/2014,Arsenal,Everton,L,D,Away,0,79,0,3,0,2,L,M Atkinson,5,15,6,2,0,5,8,14,3,2,0,6,,29/03/2014
34,2013-2014,15/04/2014,Arsenal,West Ham,W,L,Home,3,79,3,1,1,1,D,K Friend,8,14,4,2,0,14,2,12,3,2,0,12,,06/04/2014
35,2013-2014,20/04/2014,Arsenal,Hull,W,W,Away,3,79,3,0,2,0,W,J Moss,6,12,0,1,0,7,4,13,7,1,0,10,,15/04/2014
36,2013-2014,28/04/2014,Arsenal,Newcastle,W,W,Home,3,79,3,0,2,0,W,N Swarbrick,8,20,14,3,0,9,3,8,0,3,0,8,,20/04/2014
37,2013-2014,04/05/2014,Arsenal,West Brom,W,W,Home,3,79,1,0,1,0,W,M Jones,4,15,9,2,0,9,1,11,10,2,0,6,,28/04/2014
38,2013-2014,11/05/2014,Arsenal,Norwich,W,W,Away,3,79,2,0,0,0,D,L Mason,8,14,4,0,0,5,5,11,4,0,0,6,,04/05/2014
2,2021-2022,22/08/2021,Arsenal,Chelsea,L,L,Home,0,69,0,2,0,2,L,P Tierney,3,6,9,3,0,10,5,22,8,3,0,4,,13/08/2021
3,2021-2022,28/08/2021,Arsenal,Man City,L,L,Away,0,69,0,5,0,3,L,M Atkinson,0,1,0,2,1,7,10,25,14,2,0,5,,22/08/2021
4,2021-2022,11/09/2021,Arsenal,Norwich,W,L,Home,3,69,1,0,0,0,D,M Oliver,7,30,8,1,0,9,1,10,4,1,0,11,,28/08/2021
5,2021-2022,18/09/2021,Arsenal,Burnley,W,W,Away,3,69,1,0,1,0,W,A Taylor,3,13,3,1,0,8,3,18,8,1,0,9,,11/09/2021
6,2021-2022,26/09/2021,Arsenal,Tottenham,W,W,Home,3,69,3,1,3,0,W,C Pawson,7,12,4,2,0,12,4,10,4,2,0,13,,18/09/2021
7,2021-2022,02/10/2021,Arsenal,Brighton,D,W,Away,1,69,0,0,0,0,D,J Moss,2,8,5,1,0,5,2,21,8,1,0,8,,26/09/2021
8,2021-2022,18/10/2021,Arsenal,Crystal Palace,D,D,Home,1,69,2,2,1,0,W,M Dean,6,17,6,1,0,7,6,9,4,1,0,4,,02/10/2021
9,2021-2022,22/10/2021,Arsenal,Aston Villa,W,D,Home,3,69,3,1,2,0,W,C Pawson,9,22,7,2,0,17,4,10,4,2,0,10,,18/10/2021
10,2021-2022,30/10/2021,Arsenal,Leicester,W,W,Away,3,69,2,0,2,0,W,M Oliver,5,9,6,0,0,11,8,16,7,0,0,8,,22/10/2021
11,2021-2022,07/11/2021,Arsenal,Watford,W,W,Home,3,69,1,0,0,0,D,K Friend,6,14,4,4,0,6,1,7,2,4,1,19,,30/10/2021
12,2021-2022,20/11/2021,Arsenal,Liverpool,L,W,Away,0,69,0,4,0,1,L,M Oliver,3,5,1,0,0,12,9,19,6,0,0,15,,07/11/2021
13,2021-2022,27/11/2021,Arsenal,Newcastle,W,L,Home,3,69,2,0,0,0,D,S Attwell,6,24,4,1,0,6,5,9,4,1,0,12,,20/11/2021
14,2021-2022,02/12/2021,Arsenal,Man United,L,W,Away,0,69,2,3,1,1,D,M Atkinson,8,17,8,0,0,10,10,14,3,0,0,9,,27/11/2021
15,2021-2022,06/12/2021,Arsenal,Everton,L,L,Away,0,69,1,2,1,0,W,M Dean,3,10,3,2,0,12,5,11,3,2,0,8,,02/12/2021
16,2021-2022,11/12/2021,Arsenal,Southampton,W,L,Home,3,69,3,0,2,0,W,J Gillett,5,15,9,2,0,5,6,11,8,2,0,9,,06/12/2021
17,2021-2022,15/12/2021,Arsenal,West Ham,W,W,Home,3,69,2,0,0,0,D,A Taylor,8,21,5,2,0,8,1,7,2,2,1,9,,11/12/2021
18,2021-2022,18/12/2021,Arsenal,Leeds,W,W,Away,3,69,4,1,3,0,W,A Marriner,12,21,4,1,0,7,2,9,1,1,0,11,,15/12/2021
19,2021-2022,26/12/2021,Arsenal,Norwich,W,W,Away,3,69,5,0,2,0,W,G Scott,6,16,5,2,0,7,2,4,3,2,0,13,,18/12/2021
20,2021-2022,01/01/2022,Arsenal,Man City,L,W,Home,0,69,1,2,1,0,W,S Attwell,2,7,5,3,1,13,2,15,5,3,0,5,,26/12/2021
21,2021-2022,23/01/2022,Arsenal,Burnley,D,L,Home,1,69,0,0,0,0,D,D Coote,5,20,12,0,0,9,1,10,4,0,0,13,,01/01/2022
22,2021-2022,10/02/2022,Arsenal,Wolves,W,D,Away,3,69,1,0,1,0,W,M Oliver,2,12,4,3,1,13,4,15,7,3,0,12,,23/01/2022
23,2021-2022,19/02/2022,Arsenal,Brentford,W,W,Home,3,69,2,1,0,0,D,J Moss,8,24,14,1,0,10,2,6,0,1,0,5,,10/02/2022
24,2021-2022,24/02/2022,Arsenal,Wolves,W,W,Home,3,69,2,1,0,1,L,M Atkinson,5,26,5,1,0,8,2,6,4,1,0,9,,19/02/2022
25,2021-2022,06/03/2022,Arsenal,Watford,W,W,Away,3,69,3,2,2,1,W,C Pawson,4,16,5,2,0,11,7,13,1,2,0,5,,24/02/2022
26,2021-2022,13/03/2022,Arsenal,Leicester,W,W,Home,3,69,2,0,1,0,W,A Taylor,8,21,2,0,0,8,3,6,6,0,0,10,,06/03/2022
27,2021-2022,16/03/2022,Arsenal,Liverpool,L,W,Home,0,69,0,2,0,0,D,A Marriner,2,9,1,0,0,9,3,9,6,0,0,9,,13/03/2022
28,2021-2022,19/03/2022,Arsenal,Aston Villa,W,L,Away,3,69,1,0,1,0,W,A Madley,3,10,5,3,0,14,1,8,6,3,0,13,,16/03/2022
29,2021-2022,04/04/2022,Arsenal,Crystal Palace,L,W,Away,0,69,0,3,0,2,L,P Tierney,3,12,2,2,0,15,5,6,0,2,0,11,,19/03/2022
30,2021-2022,09/04/2022,Arsenal,Brighton,L,L,Home,0,69,1,2,0,1,L,D Coote,4,20,11,3,0,12,3,8,2,3,0,19,,04/04/2022
31,2021-2022,16/04/2022,Arsenal,Southampton,L,L,Away,0,69,0,1,0,1,L,P Bankes,6,23,8,1,0,6,3,9,6,1,0,6,,09/04/2022
32,2021-2022,20/04/2022,Arsenal,Chelsea,W,L,Away,3,69,4,2,2,2,D,J Moss,4,14,1,1,0,6,2,11,6,1,0,7,,16/04/2022
33,2021-2022,23/04/2022,Arsenal,Man United,W,W,Home,3,69,3,1,2,1,W,C Pawson,7,14,1,3,0,9,5,14,7,3,0,12,,20/04/2022
34,2021-2022,01/05/2022,Arsenal,West Ham,W,W,Away,3,69,2,1,1,1,D,M Dean,7,13,7,2,0,9,3,8,3,2,0,8,,23/04/2022
35,2021-2022,08/05/2022,Arsenal,Leeds,W,W,Home,3,69,2,1,2,0,W,C Kavanagh,9,19,8,2,0,13,2,3,2,2,1,15,,01/05/2022
36,2021-2022,12/05/2022,Arsenal,Tottenham,L,W,Away,0,69,0,3,0,2,L,P Tierney,4,8,2,3,1,15,6,16,2,3,0,8,,08/05/2022
37,2021-2022,16/05/2022,Arsenal,Newcastle,L,L,Away,0,69,0,2,0,0,D,D England,2,11,8,3,0,8,4,16,12,3,0,11,,12/05/2022
38,2021-2022,22/05/2022,Arsenal,Everton,W,L,Home,3,69,5,1,2,1,W,A Marriner,9,26,12,0,0,8,2,6,2,0,0,9,,16/05/2022
2,2024-2025,24/08/2024,Arsenal,Aston Villa,W,W,Away,3,74,2,0,0,0,D,M Oliver,4,9,1,3,0,15,3,11,4,3,0,8,,17/08/2024
3,2024-2025,31/08/2024,Arsenal,Brighton,D,W,Home,1,74,1,1,1,0,W,C Kavanagh,7,11,3,3,1,12,4,22,7,3,0,7,,24/08/2024
4,2024-2025,15/09/2024,Arsenal,Tottenham,W,D,Away,3,74,1,0,0,0,D,J Gillett,4,7,6,3,0,10,5,15,7,3,0,13,,31/08/2024
5,2024-2025,22/09/2024,Arsenal,Man City,D,W,Away,1,74,2,2,2,1,W,M Oliver,3,5,2,4,1,10,11,33,8,4,0,7,,15/09/2024
6,2024-2025,28/09/2024,Arsenal,Leicester,W,D,Home,3,74,4,2,2,0,W,S Barrott,16,36,17,2,0,11,3,5,0,2,0,6,,22/09/2024
7,2024-2025,05/10/2024,Arsenal,Southampton,W,W,Home,3,74,3,1,0,0,D,T Harrington,6,29,13,0,0,10,2,8,1,0,0,9,,28/09/2024
8,2024-2025,19/10/2024,Arsenal,Bournemouth,L,W,Away,0,74,0,2,0,0,D,R Jones,1,6,4,1,1,11,4,13,7,1,0,12,,05/10/2024
9,2024-2025,27/10/2024,Arsenal,Liverpool,D,L,Home,1,74,2,2,2,1,W,A Taylor,3,9,1,2,0,14,4,9,3,2,0,14,,19/10/2024
10,2024-2025,02/11/2024,Arsenal,Newcastle,L,D,Away,0,74,0,1,0,1,L,J Brooks,1,10,6,4,0,18,4,9,4,4,0,16,,27/10/2024
11,2024-2025,10/11/2024,Arsenal,Chelsea,D,L,Away,1,74,1,1,0,0,D,M Oliver,3,13,3,2,0,12,3,17,4,2,0,12,,02/11/2024
12,2024-2025,23/11/2024,Arsenal,Nott'm Forest,W,D,Home,3,74,3,0,1,0,W,S Hooper,7,19,8,3,0,10,0,7,1,3,0,1,,10/11/2024
13,2024-2025,30/11/2024,Arsenal,West Ham,W,W,Away,3,74,5,2,5,2,W,A Taylor,7,16,10,1,0,13,5,12,2,1,0,10,,23/11/2024
14,2024-2025,04/12/2024,Arsenal,Man United,W,W,Home,3,74,2,0,0,0,D,S Barrott,6,14,13,1,0,12,2,5,0,1,0,8,,30/11/2024
15,2024-2025,08/12/2024,Arsenal,Fulham,D,W,Away,1,74,1,1,0,1,L,C Kavanagh,4,12,6,2,0,9,2,2,0,2,0,10,,04/12/2024
16,2024-2025,14/12/2024,Arsenal,Everton,D,D,Home,1,74,0,0,0,0,D,C Pawson,5,13,8,0,0,6,0,2,2,0,0,9,,08/12/2024
17,2024-2025,21/12/2024,Arsenal,Crystal Palace,W,D,Away,3,74,5,1,3,1,W,S Hooper,6,14,3,2,0,8,6,15,3,2,0,9,,14/12/2024
18,2024-2025,27/12/2024,Arsenal,Ipswich,W,W,Home,3,74,1,0,1,0,W,D England,5,13,5,1,0,7,0,3,1,1,0,12,,21/12/2024
19,2024-2025,01/01/2025,Arsenal,Brentford,W,W,Away,3,74,3,1,1,1,D,P Bankes,5,14,3,2,0,8,2,5,4,2,0,6,,27/12/2024
20,2024-2025,04/01/2025,Arsenal,Brighton,D,W,Away,1,74,1,1,1,0,W,A Taylor,3,9,5,3,0,14,4,11,2,3,0,17,,01/01/2025
21,2024-2025,15/01/2025,Arsenal,Tottenham,W,D,Home,3,74,2,1,2,1,W,S Hooper,4,14,10,3,0,16,2,10,4,3,0,9,,04/01/2025
22,2024-2025,18/01/2025,Arsenal,Aston Villa,D,W,Home,1,74,2,2,1,0,W,C Kavanagh,6,18,10,2,0,10,4,8,1,2,0,18,,15/01/2025
23,2024-2025,25/01/2025,Arsenal,Wolves,W,D,Away,3,74,1,0,0,0,D,M Oliver,3,9,5,1,1,10,4,9,1,1,1,20,,18/01/2025
24,2024-2025,02/02/2025,Arsenal,Man City,W,W,Home,3,74,5,1,1,0,W,P Bankes,7,12,5,2,0,6,4,7,2,2,0,7,,25/01/2025
25,2024-2025,15/02/2025,Arsenal,Leicester,W,W,Away,3,74,2,0,0,0,D,S Barrott,5,11,7,1,0,10,2,6,3,1,0,9,,02/02/2025
26,2024-2025,22/02/2025,Arsenal,West Ham,L,W,Home,0,74,0,1,0,1,L,C Pawson,2,20,2,1,1,16,2,5,0,1,0,15,,15/02/2025
27,2024-2025,26/02/2025,Arsenal,Nott'm Forest,D,L,Away,1,74,0,0,0,0,D,A Madley,1,13,11,1,0,17,2,6,3,1,0,10,,22/02/2025
28,2024-2025,09/03/2025,Arsenal,Man United,D,D,Away,1,74,1,1,0,1,L,A Taylor,6,17,9,1,0,11,6,10,2,1,0,8,,26/02/2025
29,2024-2025,16/03/2025,Arsenal,Chelsea,W,D,Home,3,74,1,0,1,0,W,C Kavanagh,4,12,5,3,0,10,2,8,4,3,0,13,,09/03/2025
30,2024-2025,01/04/2025,Arsenal,Fulham,W,W,Home,3,74,2,1,1,0,W,J Brooks,4,17,5,1,0,2,3,9,4,1,0,10,,16/03/2025
31,2024-2025,05/04/2025,Arsenal,Everton,D,W,Away,1,74,1,1,1,0,W,D England,5,14,8,1,0,13,2,5,3,1,0,17,,01/04/2025
32,2024-2025,12/04/2025,Arsenal,Brentford,D,D,Home,1,74,1,1,0,0,D,S Hooper,3,14,13,1,0,7,2,3,5,1,0,9,,05/04/2025
33,2024-2025,20/04/2025,Arsenal,Ipswich,W,D,Away,3,74,4,0,2,0,W,C Kavanagh,7,24,12,0,0,7,0,4,0,0,1,10,,12/04/2025
34,2024-2025,23/04/2025,Arsenal,Crystal Palace,D,W,Home,1,74,2,2,2,1,W,M Salisbury,6,12,3,1,0,4,4,15,6,1,0,6,,20/04/2025
35,2024-2025,03/05/2025,Arsenal,Bournemouth,L,D,Home,0,74,1,2,1,0,W,J Gillett,4,13,2,0,0,7,2,9,3,0,0,16,,23/04/2025
36,2024-2025,11/05/2025,Arsenal,Liverpool,D,L,Away,1,74,2,2,0,2,L,A Taylor,7,15,1,1,1,10,5,14,3,1,0,13,,03/05/2025
37,2024-2025,18/05/2025,Arsenal,Newcastle,W,D,Home,3,74,1,0,0,0,D,S Hooper,4,12,10,3,0,9,5,14,7,3,0,9,,11/05/2025
38,2024-2025,25/05/2025,Arsenal,Southampton,W,W,Away,3,74,2,1,1,0,W,D Bond,8,23,8,0,0,8,2,7,5,0,0,7,,18/05/2025
2,2004-2005,22/08/2004,Arsenal,Middlesbrough,W,W,Home,3,83,5,3,1,1,D,S Dunn,11,16,7,1,0,8,5,9,5,1,0,14,,15/08/2004
3,2004-2005,25/08/2004,Arsenal,Blackburn,W,W,Home,3,83,3,0,0,0,D,N Barry,9,15,6,2,0,11,0,3,5,2,0,18,,22/08/2004
4,2004-2005,28/08/2004,Arsenal,Norwich,W,W,Away,3,83,4,1,3,0,W,G Poll,15,18,10,1,0,5,5,5,4,1,0,15,,25/08/2004
5,2004-2005,11/09/2004,Arsenal,Fulham,W,W,Away,3,83,3,0,0,0,D,M Halsey,7,12,4,2,0,10,7,9,9,2,0,16,,28/08/2004
6,2004-2005,18/09/2004,Arsenal,Bolton,D,W,Home,1,83,2,2,1,0,W,P Dowd,6,11,3,1,0,13,5,8,8,1,0,17,,11/09/2004
7,2004-2005,25/09/2004,Arsenal,Man City,W,D,Away,3,83,1,0,1,0,W,N Barry,9,12,1,0,0,8,7,11,8,0,0,16,,18/09/2004
8,2004-2005,02/10/2004,Arsenal,Charlton,W,W,Home,3,83,4,0,1,0,W,M Dean,9,15,6,3,0,13,0,4,1,3,0,15,,25/09/2004
9,2004-2005,16/10/2004,Arsenal,Aston Villa,W,W,Home,3,83,3,1,2,1,W,G Poll,15,18,6,2,0,11,2,5,3,2,0,22,,02/10/2004
10,2004-2005,24/10/2004,Arsenal,Man United,L,W,Away,0,83,0,2,0,0,D,M Riley,6,12,3,3,0,23,5,11,3,3,0,20,,16/10/2004
11,2004-2005,30/10/2004,Arsenal,Southampton,D,L,Home,1,83,2,2,0,0,D,M Messias,9,14,7,1,0,8,4,7,7,1,0,21,,24/10/2004
12,2004-2005,06/11/2004,Arsenal,Crystal Palace,D,D,Away,1,83,1,1,0,0,D,M Dean,13,19,8,1,0,8,1,3,1,1,0,10,,30/10/2004
13,2004-2005,13/11/2004,Arsenal,Tottenham,W,D,Away,3,83,5,4,1,1,D,S Bennett,6,10,4,0,0,9,7,10,3,0,0,20,,06/11/2004
14,2004-2005,20/11/2004,Arsenal,West Brom,D,W,Home,1,83,1,1,0,0,D,H Webb,4,11,12,0,0,9,2,4,3,0,0,12,,13/11/2004
15,2004-2005,28/11/2004,Arsenal,Liverpool,L,D,Away,0,83,1,2,0,1,L,A Wiley,2,3,0,2,0,16,7,11,6,2,0,6,,20/11/2004
16,2004-2005,04/12/2004,Arsenal,Birmingham,W,L,Home,3,83,3,0,1,0,W,D Gallagher,4,7,4,0,0,7,1,2,2,0,0,15,,28/11/2004
17,2004-2005,12/12/2004,Arsenal,Chelsea,D,W,Home,1,83,2,2,2,1,W,G Poll,5,10,4,1,0,11,5,10,6,1,0,17,,04/12/2004
18,2004-2005,19/12/2004,Arsenal,Portsmouth,W,D,Away,3,83,1,0,0,0,D,H Webb,5,13,7,1,0,9,5,11,5,1,0,13,,12/12/2004
19,2004-2005,26/12/2004,Arsenal,Fulham,W,W,Home,3,83,2,0,1,0,W,B Knight,8,11,7,1,0,12,1,2,6,1,0,9,,19/12/2004
20,2004-2005,29/12/2004,Arsenal,Newcastle,W,W,Away,3,83,1,0,1,0,W,S Bennett,6,13,8,4,0,21,5,9,4,4,0,10,,26/12/2004
21,2004-2005,01/01/2005,Arsenal,Charlton,W,W,Away,3,83,3,1,1,1,D,M Halsey,5,8,2,1,0,15,4,7,1,1,0,13,,29/12/2004
22,2004-2005,04/01/2005,Arsenal,Man City,D,W,Home,1,83,1,1,0,1,L,R Styles,9,13,12,3,0,10,4,5,5,3,0,13,,01/01/2005
23,2004-2005,15/01/2005,Arsenal,Bolton,L,D,Away,0,83,0,1,0,1,L,M Clattenburg,7,11,7,1,0,8,3,9,8,1,0,8,,04/01/2005
24,2004-2005,23/01/2005,Arsenal,Newcastle,W,L,Home,3,83,1,0,1,0,W,S Dunn,8,13,11,2,0,17,1,4,1,2,0,19,,15/01/2005
25,2004-2005,01/02/2005,Arsenal,Man United,L,W,Home,0,83,2,4,2,1,W,G Poll,10,11,6,2,0,20,9,10,7,2,1,16,,23/01/2005
26,2004-2005,05/02/2005,Arsenal,Aston Villa,W,L,Away,3,83,3,1,3,0,W,S Bennett,6,15,2,0,0,11,1,5,5,0,0,13,,01/02/2005
27,2004-2005,14/02/2005,Arsenal,Crystal Palace,W,W,Home,3,83,5,1,3,0,W,R Styles,12,17,5,1,0,8,3,6,1,1,0,17,,05/02/2005
28,2004-2005,26/02/2005,Arsenal,Southampton,D,W,Away,1,83,1,1,1,0,W,A Wiley,12,17,5,1,1,13,3,10,3,1,1,9,,14/02/2005
29,2004-2005,05/03/2005,Arsenal,Portsmouth,W,D,Home,3,83,3,0,1,0,W,C Foy,6,11,7,0,0,12,2,5,3,0,0,15,,26/02/2005
30,2004-2005,19/03/2005,Arsenal,Blackburn,W,W,Away,3,83,1,0,1,0,W,G Poll,8,10,6,1,0,8,2,9,4,1,0,21,,05/03/2005
31,2004-2005,02/04/2005,Arsenal,Norwich,W,W,Home,3,83,4,1,2,1,W,A Wiley,15,21,10,1,0,8,1,3,3,1,0,11,,19/03/2005
32,2004-2005,09/04/2005,Arsenal,Middlesbrough,W,W,Away,3,83,1,0,0,0,D,P Dowd,1,7,3,1,0,9,6,9,5,1,0,11,,02/04/2005
33,2004-2005,20/04/2005,Arsenal,Chelsea,D,W,Away,1,83,0,0,0,0,D,S Bennett,4,6,2,3,0,16,3,9,2,3,0,10,,09/04/2005
34,2004-2005,25/04/2005,Arsenal,Tottenham,W,D,Home,3,83,1,0,1,0,W,M Riley,3,12,4,0,0,17,1,7,7,0,0,15,,20/04/2005
35,2004-2005,02/05/2005,Arsenal,West Brom,W,W,Away,3,83,2,0,0,0,D,N Barry,5,8,0,0,0,11,3,7,9,0,0,12,,25/04/2005
36,2004-2005,08/05/2005,Arsenal,Liverpool,W,W,Home,3,83,3,1,2,0,W,G Poll,8,11,1,0,0,13,6,11,4,0,0,10,,02/05/2005
37,2004-2005,11/05/2005,Arsenal,Everton,W,W,Home,3,83,7,0,3,0,W,A Wiley,12,19,4,2,0,9,3,7,2,2,0,12,,08/05/2005
38,2004-2005,15/05/2005,Arsenal,Birmingham,L,W,Away,0,83,1,2,0,0,D,D Gallagher,5,11,2,0,0,8,4,9,3,0,0,10,,11/05/2005
2,2020-2021,19/09/2020,Arsenal,West Ham,W,W,Home,3,61,2,1,1,1,D,M Oliver,3,7,7,0,0,11,3,14,5,0,0,13,,12/09/2020
3,2020-2021,28/09/2020,Arsenal,Liverpool,L,W,Away,0,61,1,3,1,2,L,C Pawson,3,4,3,2,0,7,8,21,7,2,0,11,,19/09/2020
4,2020-2021,04/10/2020,Arsenal,Sheffield United,W,L,Home,3,61,2,1,0,0,D,L Mason,5,6,2,0,0,3,2,6,4,0,0,9,,28/09/2020
5,2020-2021,17/10/2020,Arsenal,Man City,L,W,Away,0,61,0,1,0,1,L,C Kavanagh,3,11,6,1,0,10,5,13,6,1,0,15,,04/10/2020
6,2020-2021,25/10/2020,Arsenal,Leicester,L,L,Home,0,61,0,1,0,0,D,C Pawson,4,12,9,3,0,13,2,6,3,3,0,9,,17/10/2020
7,2020-2021,01/11/2020,Arsenal,Man United,W,L,Away,3,61,1,0,0,0,D,M Dean,2,7,3,3,0,12,2,8,6,3,0,12,,25/10/2020
8,2020-2021,08/11/2020,Arsenal,Aston Villa,L,W,Home,0,61,0,3,0,1,L,M Atkinson,2,13,3,0,0,11,6,15,8,0,0,13,,01/11/2020
9,2020-2021,22/11/2020,Arsenal,Leeds,D,L,Away,1,61,0,0,0,0,D,A Taylor,2,9,3,0,1,8,4,25,5,0,0,9,,08/11/2020
10,2020-2021,29/11/2020,Arsenal,Wolves,L,D,Home,0,61,1,2,1,2,L,M Oliver,2,13,8,3,0,13,5,11,4,3,0,13,,22/11/2020
11,2020-2021,06/12/2020,Arsenal,Tottenham,L,L,Away,0,61,0,2,0,2,L,M Atkinson,2,11,9,2,0,12,3,6,3,2,0,16,,29/11/2020
12,2020-2021,13/12/2020,Arsenal,Burnley,L,L,Home,0,61,0,1,0,0,D,G Scott,6,18,13,2,1,5,2,10,4,2,0,11,,06/12/2020
13,2020-2021,16/12/2020,Arsenal,Southampton,D,L,Home,1,61,1,1,0,1,L,P Tierney,4,9,2,1,1,13,3,13,7,1,0,13,,13/12/2020
14,2020-2021,19/12/2020,Arsenal,Everton,L,D,Away,0,61,1,2,1,2,L,A Marriner,2,13,3,3,0,9,2,9,4,3,0,9,,16/12/2020
15,2020-2021,26/12/2020,Arsenal,Chelsea,W,L,Home,3,61,3,1,2,0,W,M Oliver,7,15,7,2,0,13,3,19,9,2,0,10,,19/12/2020
16,2020-2021,29/12/2020,Arsenal,Brighton,W,W,Away,3,61,1,0,0,0,D,M Atkinson,3,11,4,0,0,4,2,13,5,0,0,11,,26/12/2020
17,2020-2021,02/01/2021,Arsenal,West Brom,W,W,Away,3,61,4,0,2,0,W,M Atkinson,12,21,5,2,0,4,3,7,3,2,0,7,,29/12/2020
18,2020-2021,14/01/2021,Arsenal,Crystal Palace,D,W,Home,1,61,0,0,0,0,D,A Marriner,4,11,7,1,0,10,2,12,3,1,0,11,,02/01/2021
19,2020-2021,18/01/2021,Arsenal,Newcastle,W,D,Home,3,61,3,0,0,0,D,D Coote,6,20,7,0,0,9,1,4,2,0,0,8,,14/01/2021
20,2020-2021,26/01/2021,Arsenal,Southampton,W,W,Away,3,61,3,1,2,1,W,K Friend,5,9,5,2,0,6,5,13,4,2,0,11,,18/01/2021
21,2020-2021,30/01/2021,Arsenal,Man United,D,W,Home,1,61,0,0,0,0,D,M Oliver,3,17,4,1,0,9,3,14,7,1,0,16,,26/01/2021
22,2020-2021,02/02/2021,Arsenal,Wolves,L,D,Away,0,61,1,2,1,1,D,C Pawson,3,9,6,2,2,8,7,11,9,2,0,11,,30/01/2021
23,2020-2021,06/02/2021,Arsenal,Aston Villa,L,L,Away,0,61,0,1,0,1,L,C Kavanagh,3,14,7,2,0,12,8,12,3,2,0,12,,02/02/2021
24,2020-2021,14/02/2021,Arsenal,Leeds,W,L,Home,3,61,4,2,3,0,W,S Attwell,5,13,4,0,0,8,5,9,5,0,0,17,,06/02/2021
25,2020-2021,21/02/2021,Arsenal,Man City,L,W,Home,0,61,0,1,0,1,L,J Moss,1,7,1,2,0,11,3,15,3,2,0,9,,14/02/2021
26,2020-2021,28/02/2021,Arsenal,Leicester,W,L,Away,3,61,3,1,2,1,W,P Tierney,4,12,7,1,0,3,3,8,2,1,0,15,,21/02/2021
27,2020-2021,06/03/2021,Arsenal,Burnley,D,W,Away,1,61,1,1,1,1,D,A Marriner,3,15,4,1,0,12,5,9,2,1,0,5,,28/02/2021
28,2020-2021,14/03/2021,Arsenal,Tottenham,W,D,Home,3,61,2,1,1,1,D,M Oliver,3,13,6,1,0,12,3,6,3,1,1,14,,06/03/2021
29,2020-2021,21/03/2021,Arsenal,West Ham,D,W,Away,1,61,3,3,1,3,L,J Moss,7,16,5,1,0,8,5,15,3,1,0,18,,14/03/2021
30,2020-2021,03/04/2021,Arsenal,Liverpool,L,D,Home,0,61,0,3,0,0,D,S Attwell,2,3,1,1,0,10,7,16,2,1,0,10,,21/03/2021
31,2020-2021,11/04/2021,Arsenal,Sheffield United,W,L,Away,3,61,3,0,1,0,W,P Bankes,5,14,4,1,0,6,2,7,2,1,0,9,,03/04/2021
32,2020-2021,18/04/2021,Arsenal,Fulham,D,W,Home,1,61,1,1,0,0,D,C Pawson,5,18,11,0,0,9,1,3,1,0,0,11,,11/04/2021
33,2020-2021,23/04/2021,Arsenal,Everton,L,D,Home,0,61,0,1,0,0,D,J Moss,3,14,7,1,0,13,1,8,3,1,0,10,,18/04/2021
34,2020-2021,02/05/2021,Arsenal,Newcastle,W,L,Away,3,61,2,0,1,0,W,M Dean,5,19,7,1,0,9,1,5,3,1,1,10,,23/04/2021
35,2020-2021,09/05/2021,Arsenal,West Brom,W,W,Home,3,61,3,1,2,0,W,P Bankes,7,15,6,1,0,7,1,12,6,1,0,9,,02/05/2021
36,2020-2021,12/05/2021,Arsenal,Chelsea,W,W,Away,3,61,1,0,1,0,W,A Marriner,2,5,1,1,0,6,5,19,9,1,0,7,,09/05/2021
37,2020-2021,19/05/2021,Arsenal,Crystal Palace,W,W,Away,3,61,3,1,1,0,W,A Taylor,3,6,7,1,0,7,6,12,6,1,0,7,,12/05/2021
38,2020-2021,23/05/2021,Arsenal,Brighton,W,W,Home,3,61,2,0,0,0,D,J Moss,5,16,11,0,0,10,1,5,3,0,0,8,,19/05/2021
2,2010-2011,21/08/2010,Arsenal,Blackpool,W,D,Home,3,68,6,0,3,0,W,M Jones,16,26,8,0,0,9,1,3,2,0,1,3,,15/08/2010
3,2010-2011,28/08/2010,Arsenal,Blackburn,W,W,Away,3,68,2,1,1,1,D,C Foy,9,14,8,0,0,7,7,15,4,0,0,9,,21/08/2010
4,2010-2011,11/09/2010,Arsenal,Bolton,W,W,Home,3,68,4,1,1,1,D,S Attwell,14,23,9,2,0,11,6,7,6,2,1,11,,28/08/2010
5,2010-2011,18/09/2010,Arsenal,Sunderland,D,W,Away,1,68,1,1,1,0,W,P Dowd,7,16,3,2,1,13,5,16,11,2,0,11,,11/09/2010
6,2010-2011,25/09/2010,Arsenal,West Brom,L,D,Home,0,68,2,3,0,0,D,M Oliver,12,24,16,4,0,15,5,7,4,4,0,14,,18/09/2010
7,2010-2011,03/10/2010,Arsenal,Chelsea,L,L,Away,0,68,0,2,0,1,L,M Dean,5,13,10,1,0,12,6,11,10,1,0,7,,25/09/2010
8,2010-2011,16/10/2010,Arsenal,Birmingham,W,L,Home,3,68,2,1,1,1,D,M Atkinson,13,18,7,2,1,16,4,6,3,2,0,9,,03/10/2010
9,2010-2011,24/10/2010,Arsenal,Man City,W,W,Away,3,68,3,0,1,0,W,M Clattenburg,8,12,7,4,0,10,6,9,6,4,1,11,,16/10/2010
10,2010-2011,30/10/2010,Arsenal,West Ham,W,W,Home,3,68,1,0,0,0,D,M Jones,13,20,7,2,0,14,3,6,4,2,0,18,,24/10/2010
11,2010-2011,07/11/2010,Arsenal,Newcastle,L,W,Home,0,68,0,1,0,1,L,M Dean,8,11,12,3,1,16,2,7,2,3,0,12,,30/10/2010
12,2010-2011,10/11/2010,Arsenal,Wolves,W,L,Away,3,68,2,0,1,0,W,M Halsey,8,12,2,2,0,14,7,14,5,2,0,7,,07/11/2010
13,2010-2011,14/11/2010,Arsenal,Everton,W,W,Away,3,68,2,1,1,0,W,H Webb,8,13,2,2,0,14,7,14,9,2,0,15,,10/11/2010
14,2010-2011,20/11/2010,Arsenal,Tottenham,L,W,Home,0,68,2,3,2,0,W,P Dowd,7,12,2,3,0,17,6,10,6,3,0,16,,14/11/2010
15,2010-2011,27/11/2010,Arsenal,Aston Villa,W,L,Away,3,68,4,2,2,0,W,M Clattenburg,10,17,8,1,0,7,4,6,3,1,0,10,,20/11/2010
16,2010-2011,04/12/2010,Arsenal,Fulham,W,W,Home,3,68,2,1,1,1,D,C Foy,9,15,3,0,0,7,7,11,7,0,0,5,,27/11/2010
17,2010-2011,13/12/2010,Arsenal,Man United,L,W,Away,0,68,0,1,0,1,L,H Webb,6,11,4,4,0,16,10,14,5,4,0,7,,04/12/2010
18,2010-2011,27/12/2010,Arsenal,Chelsea,W,L,Home,3,68,3,1,1,0,W,M Clattenburg,8,10,4,2,0,12,4,10,6,2,0,16,,13/12/2010
19,2010-2011,29/12/2010,Arsenal,Wigan,D,W,Away,1,68,2,2,2,1,W,L Probert,9,15,4,0,0,11,5,7,3,0,1,16,,27/12/2010
20,2010-2011,01/01/2011,Arsenal,Birmingham,W,D,Away,3,68,3,0,1,0,W,P Walton,11,18,5,1,0,9,1,2,4,1,0,7,,29/12/2010
21,2010-2011,05/01/2011,Arsenal,Man City,D,W,Home,1,68,0,0,0,0,D,M Jones,8,13,7,0,1,6,0,5,2,0,1,12,,01/01/2011
22,2010-2011,15/01/2011,Arsenal,West Ham,W,D,Away,3,68,3,0,2,0,W,A Marriner,13,19,10,0,0,7,6,7,4,0,0,8,,05/01/2011
23,2010-2011,22/01/2011,Arsenal,Wigan,W,W,Home,3,68,3,0,1,0,W,K Friend,15,23,8,0,0,6,1,3,1,0,1,14,,15/01/2011
24,2010-2011,01/02/2011,Arsenal,Everton,W,W,Home,3,68,2,1,0,1,L,L Mason,10,19,5,3,0,12,4,4,7,3,0,14,,22/01/2011
25,2010-2011,05/02/2011,Arsenal,Newcastle,D,W,Away,1,68,4,4,4,0,W,P Dowd,10,13,6,3,1,15,8,16,12,3,0,13,,01/02/2011
26,2010-2011,12/02/2011,Arsenal,Wolves,W,D,Home,3,68,2,0,1,0,W,C Foy,8,17,3,0,0,15,0,2,6,0,0,9,,05/02/2011
27,2010-2011,23/02/2011,Arsenal,Stoke,W,W,Home,3,68,1,0,1,0,W,P Walton,4,9,5,1,0,8,4,7,3,1,0,9,,12/02/2011
28,2010-2011,05/03/2011,Arsenal,Sunderland,D,W,Home,1,68,0,0,0,0,D,A Taylor,7,14,5,3,0,13,3,6,6,3,0,10,,23/02/2011
29,2010-2011,19/03/2011,Arsenal,West Brom,D,D,Away,1,68,2,2,0,1,L,S Attwell,11,18,7,3,0,7,3,4,2,3,0,9,,05/03/2011
30,2010-2011,02/04/2011,Arsenal,Blackburn,D,D,Home,1,68,0,0,0,0,D,P Dowd,11,19,11,1,0,10,2,7,4,1,1,9,,19/03/2011
31,2010-2011,10/04/2011,Arsenal,Blackpool,W,D,Away,3,68,3,1,2,0,W,L Mason,7,16,4,2,0,9,6,12,6,2,0,13,,02/04/2011
32,2010-2011,17/04/2011,Arsenal,Liverpool,D,W,Home,1,68,1,1,0,0,D,A Marriner,6,12,10,2,0,13,5,9,3,2,0,13,,10/04/2011
33,2010-2011,20/04/2011,Arsenal,Tottenham,D,D,Away,1,68,3,3,3,2,W,M Atkinson,9,13,6,3,0,13,9,16,7,3,0,8,,17/04/2011
34,2010-2011,24/04/2011,Arsenal,Bolton,L,D,Away,0,68,1,2,0,1,L,M Jones,7,17,9,3,0,14,10,11,3,3,0,13,,20/04/2011
35,2010-2011,01/05/2011,Arsenal,Man United,W,L,Home,3,68,1,0,0,0,D,C Foy,2,9,3,2,0,15,7,11,6,2,0,7,,24/04/2011
36,2010-2011,08/05/2011,Arsenal,Stoke,L,W,Away,0,68,1,3,0,2,L,M Halsey,5,14,5,2,0,10,7,12,2,2,0,7,,01/05/2011
37,2010-2011,15/05/2011,Arsenal,Aston Villa,L,L,Home,0,68,1,2,0,2,L,M Oliver,15,24,13,1,0,9,5,8,2,1,0,10,,08/05/2011
38,2010-2011,22/05/2011,Arsenal,Fulham,D,L,Away,1,68,2,2,1,1,D,M Atkinson,6,12,3,1,0,5,6,10,5,1,1,12,,15/05/2011
2,2011-2012,20/08/2011,Arsenal,Liverpool,L,D,Home,0,70,0,2,0,0,D,M Atkinson,6,10,9,2,1,11,8,13,5,2,0,6,,13/08/2011
3,2011-2012,28/08/2011,Arsenal,Man United,L,L,Away,0,70,2,8,1,3,L,H Webb,13,19,5,3,1,7,15,25,3,3,0,9,,20/08/2011
4,2011-2012,10/09/2011,Arsenal,Swansea,W,L,Home,3,70,1,0,1,0,W,S Attwell,8,18,4,3,0,10,5,10,5,3,0,7,,28/08/2011
5,2011-2012,17/09/2011,Arsenal,Blackburn,L,W,Away,0,70,3,4,2,1,W,A Marriner,16,24,13,1,0,9,5,10,2,1,0,14,,10/09/2011
6,2011-2012,24/09/2011,Arsenal,Bolton,W,L,Home,3,70,3,0,0,0,D,M Clattenburg,14,23,9,0,0,7,3,3,2,0,1,9,,17/09/2011
7,2011-2012,02/10/2011,Arsenal,Tottenham,L,W,Away,0,70,1,2,0,1,L,M Dean,7,13,7,1,0,8,8,16,9,1,0,11,,24/09/2011
8,2011-2012,16/10/2011,Arsenal,Sunderland,W,L,Home,3,70,2,1,1,1,D,H Webb,11,20,9,3,0,9,4,8,2,3,0,19,,02/10/2011
9,2011-2012,23/10/2011,Arsenal,Stoke,W,W,Home,3,70,3,1,1,1,D,L Mason,5,9,10,0,0,9,2,5,1,0,0,13,,16/10/2011
10,2011-2012,29/10/2011,Arsenal,Chelsea,W,W,Away,3,70,5,3,1,2,L,A Marriner,8,13,2,3,0,18,10,12,3,3,0,7,,23/10/2011
11,2011-2012,05/11/2011,Arsenal,West Brom,W,W,Home,3,70,3,0,2,0,W,M Oliver,7,12,4,0,0,12,4,9,1,0,0,12,,29/10/2011
12,2011-2012,19/11/2011,Arsenal,Norwich,W,W,Away,3,70,2,1,1,1,D,P Dowd,14,20,6,0,0,9,4,7,1,0,0,11,,05/11/2011
13,2011-2012,26/11/2011,Arsenal,Fulham,D,W,Home,1,70,1,1,0,0,D,M Dean,12,20,13,1,0,9,6,10,4,1,0,7,,19/11/2011
14,2011-2012,03/12/2011,Arsenal,Wigan,W,D,Away,3,70,4,0,2,0,W,M Clattenburg,10,16,5,2,0,12,4,7,4,2,0,8,,26/11/2011
15,2011-2012,10/12/2011,Arsenal,Everton,W,W,Home,3,70,1,0,0,0,D,H Webb,7,12,7,2,0,7,1,7,4,2,0,14,,03/12/2011
16,2011-2012,18/12/2011,Arsenal,Man City,L,W,Away,0,70,0,1,0,0,D,P Dowd,8,12,6,3,0,10,9,15,4,3,0,13,,10/12/2011
17,2011-2012,21/12/2011,Arsenal,Aston Villa,W,L,Away,3,70,2,1,1,0,W,J Moss,6,8,15,3,0,8,4,10,7,3,1,10,,18/12/2011
18,2011-2012,27/12/2011,Arsenal,Wolves,D,W,Home,1,70,1,1,1,1,D,S Attwell,17,23,13,2,0,3,4,6,3,2,1,12,,21/12/2011
19,2011-2012,31/12/2011,Arsenal,QPR,W,D,Home,3,70,1,0,0,0,D,M Atkinson,7,16,12,2,0,11,3,6,4,2,0,13,,27/12/2011
20,2011-2012,02/01/2012,Arsenal,Fulham,L,W,Away,0,70,1,2,1,0,W,L Probert,10,17,3,1,1,12,8,21,4,1,0,6,,31/12/2011
21,2011-2012,15/01/2012,Arsenal,Swansea,L,L,Away,0,70,2,3,1,1,D,M Oliver,9,14,2,0,0,9,5,9,9,0,0,9,,02/01/2012
22,2011-2012,22/01/2012,Arsenal,Man United,L,L,Home,0,70,1,2,0,1,L,M Dean,6,12,0,5,0,15,5,9,5,5,0,6,,15/01/2012
23,2011-2012,01/02/2012,Arsenal,Bolton,D,L,Away,1,70,0,0,0,0,D,C Foy,7,16,6,1,0,10,8,14,6,1,0,8,,22/01/2012
24,2011-2012,04/02/2012,Arsenal,Blackburn,W,D,Home,3,70,7,1,3,1,W,A Marriner,11,20,11,2,0,9,3,3,1,2,1,14,,01/02/2012
25,2011-2012,11/02/2012,Arsenal,Sunderland,W,W,Away,3,70,2,1,0,0,D,N Swarbrick,8,10,3,1,0,7,5,8,7,1,0,7,,04/02/2012
26,2011-2012,26/02/2012,Arsenal,Tottenham,W,W,Home,3,70,5,2,2,2,D,M Dean,13,21,7,3,0,15,4,8,5,3,1,12,,11/02/2012
27,2011-2012,03/03/2012,Arsenal,Liverpool,W,W,Away,3,70,2,1,1,1,D,M Halsey,7,10,0,1,0,9,4,12,12,1,0,11,,26/02/2012
28,2011-2012,12/03/2012,Arsenal,Newcastle,W,W,Home,3,70,2,1,1,1,D,H Webb,13,21,6,2,0,11,3,5,3,2,0,12,,03/03/2012
29,2011-2012,21/03/2012,Arsenal,Everton,W,W,Away,3,70,1,0,1,0,W,L Mason,8,12,6,1,0,11,2,7,4,1,0,11,,12/03/2012
30,2011-2012,24/03/2012,Arsenal,Aston Villa,W,W,Home,3,70,3,0,2,0,W,P Dowd,12,20,15,0,0,6,2,3,5,0,0,13,,21/03/2012
31,2011-2012,31/03/2012,Arsenal,QPR,L,W,Away,0,70,1,2,1,1,D,M Dean,7,13,6,2,0,9,8,10,4,2,0,13,,24/03/2012
32,2011-2012,08/04/2012,Arsenal,Man City,W,L,Home,3,70,1,0,0,0,D,M Atkinson,7,12,7,2,0,13,2,7,6,2,1,14,,31/03/2012
33,2011-2012,11/04/2012,Arsenal,Wolves,W,W,Away,3,70,3,0,2,0,W,N Swarbrick,7,10,4,0,0,4,6,9,6,0,1,9,,08/04/2012
34,2011-2012,16/04/2012,Arsenal,Wigan,L,W,Home,0,70,1,2,1,2,L,A Marriner,8,18,9,2,0,15,7,12,3,2,0,13,,11/04/2012
35,2011-2012,21/04/2012,Arsenal,Chelsea,D,L,Home,1,70,0,0,0,0,D,M Dean,8,13,7,3,0,11,7,13,7,3,0,11,,16/04/2012
36,2011-2012,28/04/2012,Arsenal,Stoke,D,D,Away,1,70,1,1,1,1,D,C Foy,10,17,6,2,0,10,4,6,2,2,0,8,,21/04/2012
37,2011-2012,05/05/2012,Arsenal,Norwich,D,D,Home,1,70,3,3,1,2,L,A Taylor,13,20,6,2,0,8,6,12,1,2,0,15,,28/04/2012
38,2011-2012,13/05/2012,Arsenal,West Brom,W,D,Away,3,70,3,2,2,2,D,M Jones,8,12,5,1,0,10,8,12,9,1,0,12,,05/05/2012
2,2019-2020,17/08/2019,Arsenal,Burnley,W,W,Home,3,56,2,1,1,1,D,M Dean,9,16,10,2,0,13,5,18,7,2,0,11,,11/08/2019
3,2019-2020,24/08/2019,Arsenal,Liverpool,L,W,Away,0,56,1,3,0,1,L,A Taylor,3,9,4,1,0,5,5,25,6,1,0,8,,17/08/2019
4,2019-2020,01/09/2019,Arsenal,Tottenham,D,L,Home,1,56,2,2,1,2,L,M Atkinson,8,26,11,3,0,13,9,13,6,3,0,19,,24/08/2019
5,2019-2020,15/09/2019,Arsenal,Watford,D,D,Away,1,56,2,2,2,0,W,A Taylor,4,10,1,3,0,4,7,31,7,3,0,14,,01/09/2019
6,2019-2020,22/09/2019,Arsenal,Aston Villa,W,D,Home,3,56,3,2,0,1,L,J Moss,6,21,9,5,1,13,9,14,4,5,0,15,,15/09/2019
7,2019-2020,30/09/2019,Arsenal,Man United,D,W,Away,1,56,1,1,0,1,L,K Friend,5,10,7,2,0,13,4,16,8,2,0,18,,22/09/2019
8,2019-2020,06/10/2019,Arsenal,Bournemouth,W,D,Home,3,56,1,0,1,0,W,M Atkinson,2,12,14,1,0,12,2,10,5,1,0,6,,30/09/2019
9,2019-2020,21/10/2019,Arsenal,Sheffield United,L,W,Away,0,56,0,1,0,1,L,M Dean,3,9,12,4,0,12,2,8,7,4,0,10,,06/10/2019
10,2019-2020,27/10/2019,Arsenal,Crystal Palace,D,L,Home,1,56,2,2,2,1,W,M Atkinson,6,15,12,2,0,18,4,10,5,2,0,9,,21/10/2019
11,2019-2020,02/11/2019,Arsenal,Wolves,D,D,Home,1,56,1,1,1,0,W,M Oliver,4,10,8,0,0,6,8,25,9,0,0,15,,27/10/2019
12,2019-2020,09/11/2019,Arsenal,Leicester,L,D,Away,0,56,0,2,0,0,D,C Kavanagh,1,8,4,1,0,10,7,19,5,1,0,10,,02/11/2019
13,2019-2020,23/11/2019,Arsenal,Southampton,D,L,Home,1,56,2,2,1,1,D,S Attwell,5,12,6,6,0,13,6,21,8,6,0,19,,09/11/2019
14,2019-2020,01/12/2019,Arsenal,Norwich,D,D,Away,1,56,2,2,1,2,L,P Tierney,7,16,12,1,0,10,8,15,7,1,0,8,,23/11/2019
15,2019-2020,05/12/2019,Arsenal,Brighton,L,D,Home,0,56,1,2,0,1,L,G Scott,5,12,9,3,0,10,9,20,9,3,0,11,,01/12/2019
16,2019-2020,09/12/2019,Arsenal,West Ham,W,L,Away,3,56,3,1,0,1,L,M Dean,3,10,3,0,0,6,4,11,4,0,0,12,,05/12/2019
17,2019-2020,15/12/2019,Arsenal,Man City,L,W,Home,0,56,0,3,0,3,L,P Tierney,1,6,3,1,0,9,7,14,3,1,0,24,,09/12/2019
18,2019-2020,21/12/2019,Arsenal,Everton,D,L,Away,1,56,0,0,0,0,D,K Friend,2,6,4,3,0,11,0,9,5,3,0,10,,15/12/2019
19,2019-2020,26/12/2019,Arsenal,Bournemouth,D,D,Away,1,56,1,1,0,1,L,S Attwell,2,17,3,4,0,13,4,12,8,4,0,5,,21/12/2019
20,2019-2020,29/12/2019,Arsenal,Chelsea,L,D,Home,0,56,1,2,1,0,W,C Pawson,2,7,2,5,0,13,4,13,3,5,0,19,,26/12/2019
21,2019-2020,01/01/2020,Arsenal,Man United,W,L,Home,3,56,2,0,2,0,W,C Kavanagh,4,10,1,2,0,11,4,10,4,2,0,15,,29/12/2019
22,2019-2020,11/01/2020,Arsenal,Crystal Palace,D,W,Away,1,56,1,1,1,0,W,P Tierney,4,7,4,3,1,22,3,6,1,3,0,14,,01/01/2020
23,2019-2020,18/01/2020,Arsenal,Sheffield United,D,D,Home,1,56,1,1,1,0,W,M Dean,4,11,4,1,0,9,4,12,5,1,0,13,,11/01/2020
24,2019-2020,21/01/2020,Arsenal,Chelsea,D,D,Away,1,56,2,2,0,1,L,S Attwell,2,2,5,1,1,6,8,19,17,1,0,11,,18/01/2020
25,2019-2020,02/02/2020,Arsenal,Burnley,D,D,Away,1,56,0,0,0,0,D,C Kavanagh,2,13,7,3,0,11,2,15,5,3,0,8,,21/01/2020
26,2019-2020,16/02/2020,Arsenal,Newcastle,W,D,Home,3,56,4,0,0,0,D,L Mason,7,15,5,2,0,15,2,10,6,2,0,9,,02/02/2020
27,2019-2020,23/02/2020,Arsenal,Everton,W,W,Home,3,56,3,2,2,2,D,S Attwell,4,9,6,0,0,12,5,17,3,0,0,12,,16/02/2020
28,2019-2020,07/03/2020,Arsenal,West Ham,W,W,Home,3,56,1,0,0,0,D,M Atkinson,2,9,6,1,0,11,6,14,7,1,0,9,,23/02/2020
29,2019-2020,17/06/2020,Arsenal,Man City,L,W,Away,0,56,0,3,0,1,L,A Taylor,0,3,2,1,1,7,12,20,5,1,0,9,,07/03/2020
30,2019-2020,20/06/2020,Arsenal,Brighton,L,L,Away,0,56,1,2,0,0,D,M Atkinson,6,13,7,1,0,8,5,9,10,1,0,13,,17/06/2020
31,2019-2020,25/06/2020,Arsenal,Southampton,W,L,Away,3,56,2,0,1,0,W,G Scott,5,10,6,2,0,14,3,12,4,2,1,10,,20/06/2020
32,2019-2020,01/07/2020,Arsenal,Norwich,W,W,Home,3,56,4,0,2,0,W,P Bankes,8,13,6,1,0,10,2,8,2,1,0,10,,25/06/2020
33,2019-2020,04/07/2020,Arsenal,Wolves,W,W,Away,3,56,2,0,1,0,W,M Oliver,5,8,5,4,0,11,1,10,3,4,0,6,,01/07/2020
34,2019-2020,07/07/2020,Arsenal,Leicester,D,W,Home,1,56,1,1,1,0,W,C Kavanagh,7,11,10,1,1,10,5,13,1,1,0,14,,04/07/2020
35,2019-2020,12/07/2020,Arsenal,Tottenham,L,D,Away,0,56,1,2,1,1,D,M Oliver,4,13,5,3,0,11,9,15,6,3,0,16,,07/07/2020
36,2019-2020,15/07/2020,Arsenal,Liverpool,W,L,Home,3,56,2,1,2,1,W,P Tierney,2,3,2,3,0,14,8,24,13,3,0,10,,12/07/2020
37,2019-2020,21/07/2020,Arsenal,Aston Villa,L,W,Away,0,56,0,1,0,1,L,C Kavanagh,0,7,9,4,0,19,3,8,8,4,0,13,,15/07/2020
38,2019-2020,26/07/2020,Arsenal,Watford,W,L,Home,3,56,3,2,3,1,W,M Dean,5,13,4,3,0,9,6,19,8,3,0,12,,21/07/2020
2,2022-2023,13/08/2022,Arsenal,Leicester,W,W,Home,3,84,4,2,2,0,W,D England,7,19,6,1,0,15,2,6,2,1,0,9,,05/08/2022
3,2022-2023,20/08/2022,Arsenal,Bournemouth,W,W,Away,3,84,3,0,2,0,W,C Pawson,6,14,4,1,0,10,1,6,3,1,0,12,,13/08/2022
4,2022-2023,27/08/2022,Arsenal,Fulham,W,W,Home,3,84,2,1,0,0,D,J Gillett,8,22,9,2,0,6,3,11,2,2,0,12,,20/08/2022
5,2022-2023,31/08/2022,Arsenal,Aston Villa,W,W,Home,3,84,2,1,1,0,W,R Jones,9,22,10,2,0,10,3,4,3,2,0,14,,27/08/2022
6,2022-2023,04/09/2022,Arsenal,Man United,L,W,Away,0,84,1,3,0,1,L,P Tierney,3,16,5,3,0,9,6,10,2,3,0,13,,31/08/2022
7,2022-2023,18/09/2022,Arsenal,Brentford,W,L,Away,3,84,3,0,2,0,W,D Coote,7,13,3,2,0,10,2,5,3,2,0,10,,04/09/2022
8,2022-2023,01/10/2022,Arsenal,Tottenham,W,W,Home,3,84,3,1,1,1,D,A Taylor,9,22,5,2,0,10,3,7,2,2,1,10,,18/09/2022
9,2022-2023,09/10/2022,Arsenal,Liverpool,W,W,Home,3,84,3,2,2,1,W,M Oliver,7,11,4,1,0,11,3,8,3,1,0,11,,01/10/2022
10,2022-2023,16/10/2022,Arsenal,Leeds,W,W,Away,3,84,1,0,1,0,W,C Kavanagh,4,9,3,2,0,11,4,16,6,2,0,10,,09/10/2022
11,2022-2023,23/10/2022,Arsenal,Southampton,D,W,Away,1,84,1,1,1,0,W,R Jones,3,12,4,1,0,8,3,10,9,1,0,11,,16/10/2022
12,2022-2023,30/10/2022,Arsenal,Nott'm Forest,W,D,Home,3,84,5,0,1,0,W,S Hooper,10,24,9,0,0,9,2,5,4,0,0,8,,23/10/2022
13,2022-2023,06/11/2022,Arsenal,Chelsea,W,W,Away,3,84,1,0,0,0,D,M Oliver,2,14,6,2,0,13,1,5,4,2,0,20,,30/10/2022
14,2022-2023,12/11/2022,Arsenal,Wolves,W,W,Away,3,84,2,0,0,0,D,S Attwell,4,14,4,2,0,6,2,11,6,2,0,5,,06/11/2022
15,2022-2023,26/12/2022,Arsenal,West Ham,W,W,Home,3,84,3,1,0,1,L,M Oliver,5,16,7,0,0,13,4,8,5,0,0,17,,12/11/2022
16,2022-2023,31/12/2022,Arsenal,Brighton,W,W,Away,3,84,4,2,2,0,W,A Taylor,7,14,4,3,0,11,5,9,7,3,0,7,,26/12/2022
17,2022-2023,03/01/2023,Arsenal,Newcastle,D,W,Home,1,84,0,0,0,0,D,A Madley,4,17,5,4,0,10,1,8,5,4,0,16,,31/12/2022
18,2022-2023,15/01/2023,Arsenal,Tottenham,W,D,Away,3,84,2,0,2,0,W,C Pawson,5,14,3,2,0,15,7,17,4,2,0,16,,03/01/2023
19,2022-2023,22/01/2023,Arsenal,Man United,W,W,Home,3,84,3,2,1,1,D,A Taylor,5,25,12,1,0,8,4,6,4,1,0,9,,15/01/2023
20,2022-2023,04/02/2023,Arsenal,Everton,L,W,Away,0,84,0,1,0,0,D,D Coote,3,15,5,1,0,8,4,12,7,1,0,13,,22/01/2023
21,2022-2023,11/02/2023,Arsenal,Brentford,D,L,Home,1,84,1,1,0,0,D,P Bankes,7,23,7,0,0,9,2,9,4,0,0,9,,04/02/2023
22,2022-2023,15/02/2023,Arsenal,Man City,L,D,Home,0,84,1,3,1,1,D,A Taylor,1,10,1,2,0,11,6,9,3,2,0,15,,11/02/2023
23,2022-2023,18/02/2023,Arsenal,Aston Villa,W,L,Away,3,84,4,2,1,2,L,S Hooper,5,20,9,1,0,4,5,7,2,1,0,13,,15/02/2023
24,2022-2023,25/02/2023,Arsenal,Leicester,W,W,Away,3,84,1,0,0,0,D,C Pawson,2,10,8,1,0,9,0,1,0,1,0,14,,18/02/2023
25,2022-2023,01/03/2023,Arsenal,Everton,W,W,Home,3,84,4,0,2,0,W,M Oliver,5,15,5,0,0,5,5,8,1,0,0,12,,25/02/2023
26,2022-2023,04/03/2023,Arsenal,Bournemouth,W,W,Home,3,84,3,2,0,1,L,C Kavanagh,9,31,17,0,0,6,4,4,1,0,0,8,,01/03/2023
27,2022-2023,12/03/2023,Arsenal,Fulham,W,W,Away,3,84,3,0,3,0,W,D Coote,7,15,8,1,0,9,2,12,4,1,0,10,,04/03/2023
28,2022-2023,19/03/2023,Arsenal,Crystal Palace,W,W,Home,3,84,4,1,2,0,W,S Attwell,5,15,5,0,0,8,4,8,4,0,0,10,,12/03/2023
29,2022-2023,01/04/2023,Arsenal,Leeds,W,W,Home,3,84,4,1,1,0,W,D England,6,13,4,0,0,11,5,7,3,0,0,13,,19/03/2023
30,2022-2023,09/04/2023,Arsenal,Liverpool,D,W,Away,1,84,2,2,2,1,W,P Tierney,5,9,4,4,0,11,6,21,5,4,0,11,,01/04/2023
31,2022-2023,16/04/2023,Arsenal,West Ham,D,D,Away,1,84,2,2,2,1,W,D Coote,5,11,2,2,0,8,3,16,7,2,0,11,,09/04/2023
32,2022-2023,21/04/2023,Arsenal,Southampton,D,D,Home,1,84,3,3,1,2,L,S Hooper,6,25,7,1,0,10,6,8,2,1,0,14,,16/04/2023
33,2022-2023,26/04/2023,Arsenal,Man City,L,D,Away,0,84,1,4,0,2,L,M Oliver,2,8,3,1,0,13,9,14,1,1,0,13,,21/04/2023
34,2022-2023,02/05/2023,Arsenal,Chelsea,W,L,Home,3,84,3,1,3,0,W,R Jones,10,16,7,0,0,10,4,7,2,0,0,10,,26/04/2023
35,2022-2023,07/05/2023,Arsenal,Newcastle,W,W,Away,3,84,2,0,1,0,W,C Kavanagh,6,10,4,1,0,12,5,12,9,1,0,16,,02/05/2023
36,2022-2023,14/05/2023,Arsenal,Brighton,L,W,Home,0,84,0,3,0,0,D,A Madley,2,14,5,1,0,13,6,12,2,1,0,17,,07/05/2023
37,2022-2023,20/05/2023,Arsenal,Nott'm Forest,L,L,Away,0,84,0,1,0,1,L,A Taylor,3,11,6,2,0,12,2,6,3,2,0,11,,14/05/2023
38,2022-2023,28/05/2023,Arsenal,Wolves,W,L,Home,3,84,5,0,3,0,W,A Marriner,8,14,8,0,0,8,0,6,4,0,0,11,,20/05/2023
2,2003-2004,24/08/2003,Arsenal,Middlesbrough,W,W,Away,3,90,4,0,3,0,W,D Gallagher,10,14,5,0,0,7,4,10,3,0,0,11,,16/08/2003
3,2003-2004,27/08/2003,Arsenal,Aston Villa,W,W,Home,3,90,2,0,0,0,D,M Dean,6,14,2,3,0,16,3,6,6,3,0,16,,24/08/2003
4,2003-2004,31/08/2003,Arsenal,Man City,W,W,Away,3,90,2,1,0,1,L,G Poll,5,10,5,3,0,11,7,11,5,3,0,12,,27/08/2003
5,2003-2004,13/09/2003,Arsenal,Portsmouth,D,W,Home,1,90,1,1,1,1,D,A Wiley,7,12,7,2,0,11,2,8,1,2,0,19,,31/08/2003
6,2003-2004,21/09/2003,Arsenal,Man United,D,D,Away,1,90,0,0,0,0,D,S Bennett,1,6,3,3,1,15,7,9,4,3,0,11,,13/09/2003
7,2003-2004,26/09/2003,Arsenal,Newcastle,W,D,Home,3,90,3,2,1,1,D,M Riley,7,11,3,0,0,13,4,5,4,0,0,17,,21/09/2003
8,2003-2004,04/10/2003,Arsenal,Liverpool,W,W,Away,3,90,2,1,1,1,D,G Barber,8,12,3,2,0,20,7,13,11,2,0,12,,26/09/2003
9,2003-2004,18/10/2003,Arsenal,Chelsea,W,W,Home,3,90,2,1,1,1,D,P Durkin,9,13,6,1,0,11,3,7,3,1,0,13,,04/10/2003
10,2003-2004,26/10/2003,Arsenal,Charlton,D,W,Away,1,90,1,1,1,1,D,S Dunn,6,11,5,1,0,13,4,6,7,1,0,15,,18/10/2003
11,2003-2004,01/11/2003,Arsenal,Leeds,W,D,Away,3,90,4,1,3,0,W,M Dean,9,13,3,0,0,11,5,9,4,0,0,12,,26/10/2003
12,2003-2004,08/11/2003,Arsenal,Tottenham,W,W,Home,3,90,2,1,0,1,L,M Halsey,3,9,9,1,0,8,2,5,5,1,0,22,,01/11/2003
13,2003-2004,22/11/2003,Arsenal,Birmingham,W,W,Away,3,90,3,0,1,0,W,P Durkin,6,9,6,2,0,11,1,7,8,2,0,8,,08/11/2003
14,2003-2004,30/11/2003,Arsenal,Fulham,D,W,Home,1,90,0,0,0,0,D,G Barber,14,22,9,1,0,13,1,7,0,1,0,11,,22/11/2003
15,2003-2004,06/12/2003,Arsenal,Leicester,D,D,Away,1,90,1,1,0,0,D,R Styles,5,8,5,1,1,12,1,4,7,1,0,13,,30/11/2003
16,2003-2004,14/12/2003,Arsenal,Blackburn,W,D,Home,3,90,1,0,1,0,W,A D'Urso,7,11,5,2,0,14,1,5,6,2,0,14,,06/12/2003
17,2003-2004,20/12/2003,Arsenal,Bolton,D,W,Away,1,90,1,1,0,0,D,G Poll,4,9,1,2,0,13,13,19,8,2,0,11,,14/12/2003
18,2003-2004,26/12/2003,Arsenal,Wolves,W,D,Home,3,90,3,0,2,0,W,P Dowd,10,15,14,2,0,15,1,5,3,2,0,17,,20/12/2003
19,2003-2004,29/12/2003,Arsenal,Southampton,W,W,Away,3,90,1,0,1,0,W,S Dunn,9,17,3,0,0,10,3,6,2,0,0,14,,26/12/2003
20,2003-2004,07/01/2004,Arsenal,Everton,D,W,Away,1,90,1,1,1,0,W,A Wiley,5,9,4,3,0,16,4,8,5,3,0,13,,29/12/2003
21,2003-2004,10/01/2004,Arsenal,Middlesbrough,W,D,Home,3,90,4,1,2,0,W,A D'Urso,13,20,7,1,0,12,4,5,3,1,0,21,,07/01/2004
22,2003-2004,18/01/2004,Arsenal,Aston Villa,W,W,Away,3,90,2,0,1,0,W,M Halsey,9,13,2,1,0,21,5,12,3,1,0,17,,10/01/2004
23,2003-2004,01/02/2004,Arsenal,Man City,W,W,Home,3,90,2,1,1,0,W,A Wiley,9,11,5,2,0,13,8,9,4,2,1,13,,18/01/2004
24,2003-2004,07/02/2004,Arsenal,Wolves,W,W,Away,3,90,3,1,1,1,D,P Dowd,7,10,4,1,0,18,5,12,6,1,0,18,,01/02/2004
25,2003-2004,10/02/2004,Arsenal,Southampton,W,W,Home,3,90,2,0,1,0,W,N Barry,6,11,5,2,0,13,6,10,9,2,0,12,,07/02/2004
26,2003-2004,21/02/2004,Arsenal,Chelsea,W,W,Away,3,90,2,1,2,1,W,M Riley,7,9,5,2,0,18,4,10,11,2,1,16,,10/02/2004
27,2003-2004,28/02/2004,Arsenal,Charlton,W,W,Home,3,90,2,1,2,0,W,G Barber,11,21,12,0,0,8,3,6,3,0,0,10,,21/02/2004
28,2003-2004,13/03/2004,Arsenal,Blackburn,W,W,Away,3,90,2,0,0,0,D,A Wiley,5,14,3,1,0,11,5,10,8,1,0,12,,28/02/2004
29,2003-2004,20/03/2004,Arsenal,Bolton,W,W,Home,3,90,2,1,2,1,W,G Barber,8,11,6,1,0,12,2,8,1,1,0,14,,13/03/2004
30,2003-2004,28/03/2004,Arsenal,Man United,D,W,Home,1,90,1,1,0,0,D,G Poll,10,17,8,1,0,15,8,13,7,1,0,18,,20/03/2004
31,2003-2004,09/04/2004,Arsenal,Liverpool,W,D,Home,3,90,4,2,1,2,L,A Wiley,7,12,2,3,0,16,5,12,8,3,0,9,,28/03/2004
32,2003-2004,11/04/2004,Arsenal,Newcastle,D,W,Away,1,90,0,0,0,0,D,P Durkin,5,11,4,1,0,12,5,9,5,1,0,14,,09/04/2004
33,2003-2004,16/04/2004,Arsenal,Leeds,W,D,Home,3,90,5,0,3,0,W,D Gallagher,8,15,3,0,0,10,2,7,8,0,0,10,,11/04/2004
34,2003-2004,25/04/2004,Arsenal,Tottenham,D,W,Away,1,90,2,2,2,0,W,M Halsey,7,9,4,1,0,15,7,13,7,1,0,14,,16/04/2004
35,2003-2004,01/05/2004,Arsenal,Birmingham,D,D,Home,1,90,0,0,0,0,D,G Poll,1,7,2,0,0,13,3,3,3,0,0,16,,25/04/2004
36,2003-2004,04/05/2004,Arsenal,Portsmouth,D,D,Away,1,90,1,1,0,1,L,M Riley,9,20,12,2,0,10,6,11,5,2,0,13,,01/05/2004
37,2003-2004,09/05/2004,Arsenal,Fulham,W,D,Away,3,90,1,0,1,0,W,M Dean,5,7,7,3,0,19,5,12,6,3,0,13,,04/05/2004
38,2003-2004,15/05/2004,Arsenal,Leicester,W,W,Home,3,90,2,1,0,1,L,P Durkin,10,17,7,0,0,15,1,2,5,0,0,13,,09/05/2004
2,1999-2000,10/08/1999,Arsenal,Derby,W,W,Away,3,73,2,1,1,1,D,,,,,,,,,,,,,,,07/08/1999
3,1999-2000,14/08/1999,Arsenal,Sunderland,D,W,Away,1,73,0,0,0,0,D,,,,,,,,,,,,,,,10/08/1999
4,1999-2000,22/08/1999,Arsenal,Man United,L,D,Home,0,73,1,2,1,0,W,,,,,,,,,,,,,,,14/08/1999
5,1999-2000,25/08/1999,Arsenal,Bradford,W,L,Home,3,73,2,0,2,0,W,,,,,,,,,,,,,,,22/08/1999
6,1999-2000,28/08/1999,Arsenal,Liverpool,L,W,Away,0,73,0,2,0,1,L,,,,,,,,,,,,,,,25/08/1999
7,1999-2000,11/09/1999,Arsenal,Aston Villa,W,L,Home,3,73,3,1,1,1,D,,,,,,,,,,,,,,,28/08/1999
8,1999-2000,18/09/1999,Arsenal,Southampton,W,W,Away,3,73,1,0,0,0,D,,,,,,,,,,,,,,,11/09/1999
9,1999-2000,25/09/1999,Arsenal,Watford,W,W,Home,3,73,1,0,0,0,D,,,,,,,,,,,,,,,18/09/1999
10,1999-2000,03/10/1999,Arsenal,West Ham,L,W,Away,0,73,1,2,0,1,L,,,,,,,,,,,,,,,25/09/1999
11,1999-2000,16/10/1999,Arsenal,Everton,W,L,Home,3,73,4,1,1,1,D,,,,,,,,,,,,,,,03/10/1999
12,1999-2000,23/10/1999,Arsenal,Chelsea,W,W,Away,3,73,3,2,0,1,L,,,,,,,,,,,,,,,16/10/1999
13,1999-2000,30/10/1999,Arsenal,Newcastle,D,W,Home,1,73,0,0,0,0,D,,,,,,,,,,,,,,,23/10/1999
14,1999-2000,07/11/1999,Arsenal,Tottenham,L,D,Away,0,73,1,2,1,2,L,,,,,,,,,,,,,,,30/10/1999
15,1999-2000,20/11/1999,Arsenal,Middlesbrough,W,L,Home,3,73,5,1,2,0,W,,,,,,,,,,,,,,,07/11/1999
16,1999-2000,28/11/1999,Arsenal,Derby,W,W,Home,3,73,2,1,1,1,D,,,,,,,,,,,,,,,20/11/1999
17,1999-2000,04/12/1999,Arsenal,Leicester,W,W,Away,3,73,3,0,1,0,W,,,,,,,,,,,,,,,28/11/1999
18,1999-2000,18/12/1999,Arsenal,Wimbledon,D,W,Home,1,73,1,1,0,1,L,,,,,,,,,,,,,,,04/12/1999
19,1999-2000,26/12/1999,Arsenal,Coventry,L,D,Away,0,73,2,3,0,2,L,,,,,,,,,,,,,,,18/12/1999
20,1999-2000,28/12/1999,Arsenal,Leeds,W,L,Home,3,73,2,0,1,0,W,,,,,,,,,,,,,,,26/12/1999
21,1999-2000,03/01/2000,Arsenal,Sheffield Weds,D,W,Away,1,73,1,1,1,0,W,,,,,,,,,,,,,,,28/12/1999
22,1999-2000,15/01/2000,Arsenal,Sunderland,W,D,Home,3,73,4,1,3,0,W,,,,,,,,,,,,,,,03/01/2000
23,1999-2000,24/01/2000,Arsenal,Man United,D,W,Away,1,73,1,1,1,0,W,,,,,,,,,,,,,,,15/01/2000
24,1999-2000,05/02/2000,Arsenal,Bradford,L,D,Away,0,73,1,2,1,1,D,,,,,,,,,,,,,,,24/01/2000
25,1999-2000,13/02/2000,Arsenal,Liverpool,L,L,Home,0,73,0,1,0,1,L,,,,,,,,,,,,,,,05/02/2000
26,1999-2000,26/02/2000,Arsenal,Southampton,W,L,Home,3,73,3,1,2,0,W,,,,,,,,,,,,,,,13/02/2000
27,1999-2000,05/03/2000,Arsenal,Aston Villa,D,W,Away,1,73,1,1,0,0,D,,,,,,,,,,,,,,,26/02/2000
28,1999-2000,12/03/2000,Arsenal,Middlesbrough,L,D,Away,0,73,1,2,0,0,D,,,,,,,,,,,,,,,05/03/2000
29,1999-2000,19/03/2000,Arsenal,Tottenham,W,L,Home,3,73,2,1,2,1,W,,,,,,,,,,,,,,,12/03/2000
30,1999-2000,26/03/2000,Arsenal,Coventry,W,W,Home,3,73,3,0,0,0,D,,,,,,,,,,,,,,,19/03/2000
31,1999-2000,01/04/2000,Arsenal,Wimbledon,W,W,Away,3,73,3,1,2,1,W,,,,,,,,,,,,,,,26/03/2000
32,1999-2000,16/04/2000,Arsenal,Leeds,W,W,Away,3,73,4,0,1,0,W,,,,,,,,,,,,,,,01/04/2000
33,1999-2000,23/04/2000,Arsenal,Watford,W,W,Away,3,73,3,2,3,0,W,,,,,,,,,,,,,,,16/04/2000
34,1999-2000,29/04/2000,Arsenal,Everton,W,W,Away,3,73,1,0,1,0,W,,,,,,,,,,,,,,,23/04/2000
35,1999-2000,02/05/2000,Arsenal,West Ham,W,W,Home,3,73,2,1,0,1,L,,,,,,,,,,,,,,,29/04/2000
36,1999-2000,06/05/2000,Arsenal,Chelsea,W,W,Home,3,73,2,1,1,0,W,,,,,,,,,,,,,,,02/05/2000
37,1999-2000,09/05/2000,Arsenal,Sheffield Weds,D,W,Home,1,73,3,3,1,0,W,,,,,,,,,,,,,,,06/05/2000
38,1999-2000,14/05/2000,Arsenal,Newcastle,L,D,Away,0,73,2,4,1,2,L,,,,,,,,,,,,,,,09/05/2000
2,2002-2003,24/08/2002,Arsenal,West Ham,D,W,Away,1,78,2,2,0,1,L,N Barry,5,9,4,5,0,14,4,8,4,5,0,18,,18/08/2002
3,2002-2003,27/08/2002,Arsenal,West Brom,W,D,Home,3,78,5,2,3,0,W,P Durkin,8,10,1,3,0,9,6,8,1,3,0,9,,24/08/2002
4,2002-2003,01/09/2002,Arsenal,Chelsea,D,W,Away,1,78,1,1,0,1,L,A D'Urso,5,8,2,2,1,16,2,8,6,2,0,20,,27/08/2002
5,2002-2003,10/09/2002,Arsenal,Man City,W,D,Home,3,78,2,1,2,1,W,C Wilkes,5,13,7,1,0,16,4,5,6,1,1,14,,01/09/2002
6,2002-2003,14/09/2002,Arsenal,Charlton,W,W,Away,3,78,3,0,1,0,W,S Dunn,8,10,6,3,0,13,3,9,1,3,0,8,,10/09/2002
7,2002-2003,21/09/2002,Arsenal,Bolton,W,W,Home,3,78,2,1,1,0,W,D Pugh,9,14,8,1,0,12,3,8,1,1,1,11,,14/09/2002
8,2002-2003,28/09/2002,Arsenal,Leeds,W,W,Away,3,78,4,1,2,0,W,A Wiley,6,7,4,2,0,15,3,9,4,2,0,14,,21/09/2002
9,2002-2003,06/10/2002,Arsenal,Sunderland,W,W,Home,3,78,3,1,3,0,W,D Elleray,5,9,15,0,0,9,2,4,0,0,0,7,,28/09/2002
10,2002-2003,19/10/2002,Arsenal,Everton,L,W,Away,0,78,1,2,1,1,D,U Rennie,3,9,5,1,0,13,6,10,8,1,0,18,,06/10/2002
11,2002-2003,26/10/2002,Arsenal,Blackburn,L,L,Home,0,78,1,2,1,1,D,G Barber,9,19,15,1,0,11,2,3,3,1,1,14,,19/10/2002
12,2002-2003,03/11/2002,Arsenal,Fulham,W,L,Away,3,78,1,0,1,0,W,J Winter,3,6,5,2,0,21,4,5,10,2,0,10,,26/10/2002
13,2002-2003,09/11/2002,Arsenal,Newcastle,W,W,Home,3,78,1,0,1,0,W,M Dean,10,16,11,0,0,11,2,3,0,0,0,12,,03/11/2002
14,2002-2003,16/11/2002,Arsenal,Tottenham,W,W,Home,3,78,3,0,1,0,W,M Riley,12,17,3,0,0,15,5,6,1,0,1,10,,09/11/2002
15,2002-2003,23/11/2002,Arsenal,Southampton,L,W,Away,0,78,2,3,1,1,D,P Durkin,2,7,8,2,1,16,3,8,3,2,0,12,,16/11/2002
16,2002-2003,30/11/2002,Arsenal,Aston Villa,W,L,Home,3,78,3,1,1,0,W,G Barber,7,13,6,2,0,11,5,12,9,2,0,20,,23/11/2002
17,2002-2003,07/12/2002,Arsenal,Man United,L,W,Away,0,78,0,2,0,1,L,D Gallagher,5,12,7,2,0,12,6,8,6,2,0,16,,30/11/2002
18,2002-2003,15/12/2002,Arsenal,Tottenham,D,L,Away,1,78,1,1,1,1,D,N Barry,4,6,6,2,0,11,10,14,5,2,0,14,,07/12/2002
19,2002-2003,21/12/2002,Arsenal,Middlesbrough,W,D,Home,3,78,2,0,1,0,W,S Dunn,14,26,13,1,0,8,1,3,3,1,1,14,,15/12/2002
20,2002-2003,26/12/2002,Arsenal,West Brom,W,W,Away,3,78,2,1,0,1,L,G Poll,4,11,7,0,0,8,2,6,5,0,0,20,,21/12/2002
21,2002-2003,29/12/2002,Arsenal,Liverpool,D,W,Home,1,78,1,1,0,0,D,J Winter,6,13,15,1,0,14,2,9,4,1,0,15,,26/12/2002
22,2002-2003,01/01/2003,Arsenal,Chelsea,W,D,Home,3,78,3,2,1,0,W,U Rennie,7,7,2,0,0,13,7,8,7,0,0,9,,29/12/2002
23,2002-2003,12/01/2003,Arsenal,Birmingham,W,W,Away,3,78,4,0,2,0,W,S Bennett,9,12,5,2,0,17,4,10,7,2,0,13,,01/01/2003
24,2002-2003,19/01/2003,Arsenal,West Ham,W,W,Home,3,78,3,1,1,1,D,M Dean,13,24,12,3,0,17,2,5,1,3,1,9,,12/01/2003
25,2002-2003,29/01/2003,Arsenal,Liverpool,D,W,Away,1,78,2,2,1,0,W,M Halsey,15,20,10,1,0,11,12,16,9,1,0,14,,19/01/2003
26,2002-2003,01/02/2003,Arsenal,Fulham,W,D,Home,3,78,2,1,1,1,D,E Wolstenholme,6,11,6,3,0,10,1,3,4,3,0,16,,29/01/2003
27,2002-2003,09/02/2003,Arsenal,Newcastle,D,W,Away,1,78,1,1,1,0,W,N Barry,10,18,7,2,0,10,4,6,6,2,1,11,,01/02/2003
28,2002-2003,22/02/2003,Arsenal,Man City,W,D,Away,3,78,5,1,4,0,W,P Durkin,9,9,4,0,0,7,12,18,14,0,0,7,,09/02/2003
29,2002-2003,02/03/2003,Arsenal,Charlton,W,W,Home,3,78,2,0,2,0,W,R Styles,11,19,12,1,0,12,4,6,6,1,0,12,,22/02/2003
30,2002-2003,15/03/2003,Arsenal,Blackburn,L,W,Away,0,78,0,2,0,1,L,S Bennett,5,9,5,2,0,15,4,10,3,2,0,11,,02/03/2003
31,2002-2003,23/03/2003,Arsenal,Everton,W,L,Home,3,78,2,1,1,0,W,A Wiley,10,14,3,2,0,15,3,6,5,2,0,19,,15/03/2003
32,2002-2003,05/04/2003,Arsenal,Aston Villa,D,W,Away,1,78,1,1,0,0,D,U Rennie,5,12,6,2,0,12,2,6,5,2,0,19,,23/03/2003
33,2002-2003,16/04/2003,Arsenal,Man United,D,D,Home,1,78,2,2,0,1,L,M Halsey,7,10,6,0,1,15,3,6,2,0,0,15,,05/04/2003
34,2002-2003,19/04/2003,Arsenal,Middlesbrough,W,D,Away,3,78,2,0,0,0,D,D Elleray,2,6,5,1,0,12,3,7,3,1,0,16,,16/04/2003
35,2002-2003,26/04/2003,Arsenal,Bolton,D,W,Away,1,78,2,2,0,0,D,A D'Urso,7,8,4,2,0,16,11,17,10,2,1,15,,19/04/2003
36,2002-2003,04/05/2003,Arsenal,Leeds,L,D,Home,0,78,2,3,1,1,D,A Wiley,17,33,6,2,0,16,6,11,2,2,0,16,,26/04/2003
37,2002-2003,07/05/2003,Arsenal,Southampton,W,L,Home,3,78,6,1,5,1,W,U Rennie,13,16,6,1,0,12,5,13,10,1,0,16,,04/05/2003
38,2002-2003,11/05/2003,Arsenal,Sunderland,W,W,Away,3,78,4,0,2,0,W,P Durkin,13,20,10,0,0,12,3,7,6,0,0,16,,07/05/2003
2,2016-2017,20/08/2016,Arsenal,Leicester,D,L,Away,1,75,0,0,0,0,D,M Clattenburg,4,13,7,2,0,7,1,8,2,2,0,11,,14/08/2016
3,2016-2017,27/08/2016,Arsenal,Watford,W,D,Away,3,75,3,1,3,0,W,K Friend,7,10,2,1,0,15,6,14,3,1,0,18,,20/08/2016
4,2016-2017,10/09/2016,Arsenal,Southampton,W,W,Home,3,75,2,1,1,1,D,R Madley,2,17,6,2,0,10,5,11,1,2,0,8,,27/08/2016
5,2016-2017,17/09/2016,Arsenal,Hull,W,W,Away,3,75,4,1,1,0,W,R East,9,24,4,2,0,12,2,6,2,2,1,9,,10/09/2016
6,2016-2017,24/09/2016,Arsenal,Chelsea,W,W,Home,3,75,3,0,3,0,W,M Oliver,5,14,9,0,0,9,2,9,1,0,0,11,,17/09/2016
7,2016-2017,02/10/2016,Arsenal,Burnley,W,W,Away,3,75,1,0,0,0,D,C Pawson,3,18,6,0,0,3,1,10,2,0,0,2,,24/09/2016
8,2016-2017,15/10/2016,Arsenal,Swansea,W,W,Home,3,75,3,2,2,1,W,J Moss,6,16,5,0,1,7,6,13,6,0,0,10,,02/10/2016
9,2016-2017,22/10/2016,Arsenal,Middlesbrough,D,W,Home,1,75,0,0,0,0,D,M Dean,5,9,8,1,0,6,4,11,3,1,0,13,,15/10/2016
10,2016-2017,29/10/2016,Arsenal,Sunderland,W,D,Away,3,75,4,1,1,0,W,M Atkinson,7,21,8,3,0,13,1,3,0,3,0,9,,22/10/2016
11,2016-2017,06/11/2016,Arsenal,Tottenham,D,W,Home,1,75,1,1,1,0,W,M Clattenburg,2,15,7,1,0,11,3,10,2,1,0,17,,29/10/2016
12,2016-2017,19/11/2016,Arsenal,Man United,D,D,Away,1,75,1,1,0,0,D,A Marriner,1,5,4,3,0,11,5,12,10,3,0,14,,06/11/2016
13,2016-2017,27/11/2016,Arsenal,Bournemouth,W,D,Home,3,75,3,1,1,1,D,M Jones,3,16,3,3,0,12,3,9,10,3,0,13,,19/11/2016
14,2016-2017,03/12/2016,Arsenal,West Ham,W,W,Away,3,75,5,1,1,0,W,C Pawson,10,19,2,3,0,11,3,10,3,3,0,10,,27/11/2016
15,2016-2017,10/12/2016,Arsenal,Stoke,W,W,Home,3,75,3,1,1,1,D,L Mason,6,21,7,0,0,9,5,12,7,0,0,6,,03/12/2016
16,2016-2017,13/12/2016,Arsenal,Everton,L,W,Away,0,75,1,2,1,1,D,M Clattenburg,3,9,3,1,0,10,4,14,8,1,1,10,,10/12/2016
17,2016-2017,18/12/2016,Arsenal,Man City,L,L,Away,0,75,1,2,1,0,W,M Atkinson,1,6,1,2,0,13,5,14,8,2,0,9,,13/12/2016
18,2016-2017,26/12/2016,Arsenal,West Brom,W,L,Home,3,75,1,0,0,0,D,N Swarbrick,11,26,6,2,0,11,1,3,5,2,0,7,,18/12/2016
19,2016-2017,01/01/2017,Arsenal,Crystal Palace,W,W,Home,3,75,2,0,1,0,W,A Marriner,7,22,8,1,0,9,4,7,4,1,0,7,,26/12/2016
20,2016-2017,03/01/2017,Arsenal,Bournemouth,D,W,Away,1,75,3,3,0,2,L,M Oliver,4,14,7,3,0,12,6,12,4,3,1,10,,01/01/2017
21,2016-2017,14/01/2017,Arsenal,Swansea,W,D,Away,3,75,4,0,1,0,W,M Jones,6,14,2,0,0,8,3,12,3,0,0,12,,03/01/2017
22,2016-2017,22/01/2017,Arsenal,Burnley,W,W,Home,3,75,2,1,0,0,D,J Moss,8,24,10,1,1,12,7,13,4,1,0,11,,14/01/2017
23,2016-2017,31/01/2017,Arsenal,Watford,L,W,Home,0,75,1,2,0,2,L,A Marriner,5,20,9,3,0,12,6,10,5,3,0,15,,22/01/2017
24,2016-2017,04/02/2017,Arsenal,Chelsea,L,L,Away,0,75,1,3,0,1,L,M Atkinson,5,9,13,1,0,8,6,13,10,1,0,14,,31/01/2017
25,2016-2017,11/02/2017,Arsenal,Hull,W,L,Home,3,75,2,0,1,0,W,M Clattenburg,7,17,3,3,0,12,4,9,8,3,1,9,,04/02/2017
26,2016-2017,04/03/2017,Arsenal,Liverpool,L,W,Away,0,75,1,3,0,2,L,R Madley,3,7,3,2,0,15,7,18,9,2,0,8,,11/02/2017
27,2016-2017,18/03/2017,Arsenal,West Brom,L,L,Away,0,75,1,3,1,1,D,N Swarbrick,2,11,5,0,0,6,8,12,4,0,0,5,,04/03/2017
28,2016-2017,02/04/2017,Arsenal,Man City,D,L,Home,1,75,2,2,1,2,L,A Marriner,3,8,3,3,0,8,5,14,8,3,0,15,,18/03/2017
29,2016-2017,05/04/2017,Arsenal,West Ham,W,D,Home,3,75,3,0,0,0,D,M Atkinson,8,21,5,2,0,11,2,7,0,2,0,5,,02/04/2017
30,2016-2017,10/04/2017,Arsenal,Crystal Palace,L,W,Away,0,75,0,3,0,1,L,M Oliver,3,11,8,1,0,10,6,17,5,1,0,11,,05/04/2017
31,2016-2017,17/04/2017,Arsenal,Middlesbrough,W,L,Away,3,75,2,1,1,0,W,A Taylor,4,12,4,2,0,16,5,13,2,2,0,11,,10/04/2017
32,2016-2017,26/04/2017,Arsenal,Leicester,W,W,Home,3,75,1,0,0,0,D,M Jones,5,12,12,2,0,9,3,7,1,2,0,13,,17/04/2017
33,2016-2017,30/04/2017,Arsenal,Tottenham,L,W,Away,0,75,0,2,0,0,D,M Oliver,4,12,5,3,0,15,11,20,14,3,0,7,,26/04/2017
34,2016-2017,07/05/2017,Arsenal,Man United,W,L,Home,3,75,2,0,0,0,D,A Marriner,4,9,5,1,0,14,4,10,9,1,0,10,,30/04/2017
35,2016-2017,10/05/2017,Arsenal,Southampton,W,W,Away,3,75,2,0,0,0,D,J Moss,4,11,5,2,0,5,3,14,8,2,0,5,,07/05/2017
36,2016-2017,13/05/2017,Arsenal,Stoke,W,W,Away,3,75,4,1,1,0,W,M Dean,6,10,6,2,0,7,4,10,7,2,0,13,,10/05/2017
37,2016-2017,16/05/2017,Arsenal,Sunderland,W,W,Home,3,75,2,0,0,0,D,R East,13,36,17,4,0,15,2,6,3,4,0,10,,13/05/2017
38,2016-2017,21/05/2017,Arsenal,Everton,W,W,Home,3,75,3,1,2,0,W,M Oliver,9,17,4,2,1,10,7,22,6,2,0,15,,16/05/2017
2,2025-2026,23/08/2025,Arsenal,Leeds,W,W,Home,3,85,5,0,2,0,W,J Gillett,5,18,2,0,0,8,1,3,2,0,0,11,,17/08/2025
3,2025-2026,31/08/2025,Arsenal,Liverpool,L,W,Away,0,85,0,1,0,0,D,C Kavanagh,1,11,8,2,0,10,3,9,3,2,0,7,,23/08/2025
4,2025-2026,13/09/2025,Arsenal,Nott'm Forest,W,L,Home,3,85,3,0,1,0,W,D England,5,16,8,1,0,8,1,5,4,1,0,11,,31/08/2025
5,2025-2026,21/09/2025,Arsenal,Man City,D,W,Home,1,85,1,1,0,1,L,S Attwell,3,12,11,1,0,11,3,5,2,1,0,10,,13/09/2025
6,2025-2026,28/09/2025,Arsenal,Newcastle,W,D,Away,3,85,2,1,0,1,L,J Gillett,7,20,12,1,0,9,3,8,7,1,0,8,,21/09/2025
7,2025-2026,04/10/2025,Arsenal,West Ham,W,W,Home,3,85,2,0,1,0,W,J Brooks,5,21,8,0,0,14,0,4,3,0,0,14,,28/09/2025
8,2025-2026,18/10/2025,Arsenal,Fulham,W,W,Away,3,85,1,0,0,0,D,A Taylor,5,16,10,0,0,4,0,9,6,0,0,11,,04/10/2025
9,2025-2026,26/10/2025,Arsenal,Crystal Palace,W,W,Home,3,85,1,0,1,0,W,T Bramall,3,10,4,0,0,6,1,7,3,0,0,11,,18/10/2025
10,2025-2026,01/11/2025,Arsenal,Burnley,W,W,Away,3,85,2,0,2,0,W,C Kavanagh,8,12,6,1,0,13,0,3,1,1,0,10,,26/10/2025
11,2025-2026,08/11/2025,Arsenal,Sunderland,D,W,Away,1,85,2,2,0,1,L,C Pawson,7,17,2,1,0,13,2,6,2,1,0,13,,01/11/2025
12,2025-2026,23/11/2025,Arsenal,Tottenham,W,D,Home,3,85,4,1,2,0,W,M Oliver,8,17,4,1,0,11,2,3,1,1,0,15,,08/11/2025
13,2025-2026,30/11/2025,Arsenal,Chelsea,D,W,Away,1,85,1,1,0,0,D,A Taylor,4,8,3,6,0,13,4,11,3,6,1,12,,23/11/2025
14,2025-2026,03/12/2025,Arsenal,Brentford,W,D,Home,3,85,2,0,1,0,W,T Harrington,7,15,4,0,0,7,1,6,8,0,0,9,,30/11/2025
15,2025-2026,06/12/2025,Arsenal,Aston Villa,L,W,Away,0,85,1,2,0,1,L,P Bankes,9,15,3,2,0,8,6,15,3,2,0,10,,03/12/2025
16,2025-2026,13/12/2025,Arsenal,Wolves,W,L,Home,3,85,2,1,0,0,D,R Jones,2,16,8,0,0,7,2,3,0,0,0,15,,06/12/2025
17,2025-2026,20/12/2025,Arsenal,Everton,W,W,Away,3,85,1,0,1,0,W,S Barrott,2,13,3,2,0,5,1,5,2,2,0,4,,13/12/2025
18,2025-2026,27/12/2025,Arsenal,Brighton,W,W,Home,3,85,2,1,1,0,W,J Brooks,6,24,7,2,0,7,3,8,2,2,0,13,,20/12/2025
19,2025-2026,30/12/2025,Arsenal,Aston Villa,W,W,Home,3,85,4,1,0,0,D,D England,7,22,3,2,0,18,3,11,3,2,0,9,,27/12/2025
20,2025-2026,03/01/2026,Arsenal,Bournemouth,W,W,Away,3,85,3,2,1,1,D,C Kavanagh,5,12,5,1,0,8,3,15,7,1,0,13,,30/12/2025
21,2025-2026,08/01/2026,Arsenal,Liverpool,D,W,Home,1,85,0,0,0,0,D,A Taylor,4,9,3,2,0,10,0,8,0,2,0,9,,03/01/2026
22,2025-2026,17/01/2026,Arsenal,Nott'm Forest,D,D,Away,1,85,0,0,0,0,D,M Oliver,3,15,9,1,0,14,0,6,4,1,0,8,,08/01/2026
23,2025-2026,25/01/2026,Arsenal,Man United,L,D,Home,0,85,2,3,1,1,D,C Pawson,4,15,9,2,0,11,3,10,2,2,0,9,,17/01/2026
24,2025-2026,31/01/2026,Arsenal,Leeds,W,L,Away,3,85,4,0,2,0,W,S Attwell,8,14,12,1,0,7,1,3,4,1,0,10,,25/01/2026
25,2025-2026,07/02/2026,Arsenal,Sunderland,W,W,Home,3,85,3,0,1,0,W,S Barrott,5,16,5,1,0,11,3,5,2,1,0,8,,31/01/2026
26,2025-2026,12/02/2026,Arsenal,Brentford,D,W,Away,1,85,1,1,0,0,D,J Brooks,2,7,4,2,0,11,3,12,6,2,0,12,,07/02/2026
27,2025-2026,18/02/2026,Arsenal,Wolves,D,D,Away,1,85,2,2,1,0,W,P Tierney,4,10,3,1,0,8,2,5,1,1,0,6,,12/02/2026
28,2025-2026,22/02/2026,Arsenal,Tottenham,W,D,Away,3,85,4,1,1,1,D,P Bankes,7,20,5,1,0,11,5,6,2,1,0,17,,18/02/2026
29,2025-2026,01/03/2026,Arsenal,Chelsea,W,W,Home,3,85,2,1,1,1,D,D England,5,12,5,1,0,11,3,9,10,1,1,14,,22/02/2026
30,2025-2026,04/03/2026,Arsenal,Brighton,W,W,Away,3,85,1,0,1,0,W,C Kavanagh,2,7,3,1,0,12,3,11,4,1,0,14,,01/03/2026
31,2025-2026,14/03/2026,Arsenal,Everton,W,W,Home,3,85,2,0,0,0,D,A Madley,7,25,8,0,0,11,3,9,3,0,0,12,,04/03/2026
32,2025-2026,11/04/2026,Arsenal,Bournemouth,L,W,Home,0,85,1,2,1,1,D,M Oliver,3,15,10,1,0,12,3,8,1,1,0,18,,14/03/2026
33,2025-2026,19/04/2026,Arsenal,Man City,L,L,Away,0,85,1,2,1,1,D,A Taylor,3,9,5,2,0,12,5,15,8,2,0,5,,11/04/2026
34,2025-2026,25/04/2026,Arsenal,Newcastle,W,L,Home,3,85,1,0,1,0,W,S Barrott,4,11,7,2,0,13,3,13,2,2,0,10,,19/04/2026
35,2025-2026,02/05/2026,Arsenal,Fulham,W,W,Home,3,85,3,0,3,0,W,J Gillett,9,18,3,0,0,7,1,10,4,0,0,12,,25/04/2026
36,2025-2026,10/05/2026,Arsenal,West Ham,W,W,Away,3,85,1,0,0,0,D,C Kavanagh,4,15,3,4,0,12,3,9,4,4,0,14,,02/05/2026
37,2025-2026,18/05/2026,Arsenal,Burnley,W,W,Home,3,85,1,0,1,0,W,P Tierney,3,13,3,1,0,7,0,5,3,1,0,16,,10/05/2026
38,2025-2026,24/05/2026,Arsenal,Crystal Palace,W,W,Away,3,85,2,1,1,0,W,F Hallam,7,17,4,1,0,12,3,8,3,1,0,9,,18/05/2026
2,2006-2007,26/08/2006,Arsenal,Man City,L,D,Away,0,68,0,1,0,1,L,U Rennie,6,17,8,1,0,8,3,10,2,1,0,16,,19/08/2006
3,2006-2007,09/09/2006,Arsenal,Middlesbrough,D,L,Home,1,68,1,1,0,1,L,R Styles,12,20,15,1,0,5,1,1,0,1,1,17,,26/08/2006
4,2006-2007,17/09/2006,Arsenal,Man United,W,D,Away,3,68,1,0,0,0,D,G Poll,7,14,5,2,0,11,9,17,10,2,0,11,,09/09/2006
5,2006-2007,23/09/2006,Arsenal,Sheffield United,W,W,Home,3,68,3,0,0,0,D,A Wiley,11,14,7,2,0,11,4,5,2,2,0,8,,17/09/2006
6,2006-2007,30/09/2006,Arsenal,Charlton,W,W,Away,3,68,2,1,1,1,D,M Clattenburg,12,21,7,4,0,8,6,10,4,4,0,19,,23/09/2006
7,2006-2007,14/10/2006,Arsenal,Watford,W,W,Home,3,68,3,0,2,0,W,H Webb,7,15,8,0,0,6,3,9,4,0,0,14,,30/09/2006
8,2006-2007,22/10/2006,Arsenal,Reading,W,W,Away,3,68,4,0,2,0,W,A Wiley,9,16,2,0,0,6,1,3,10,0,0,6,,14/10/2006
9,2006-2007,28/10/2006,Arsenal,Everton,D,W,Home,1,68,1,1,0,1,L,M Riley,12,26,16,2,0,6,2,2,3,2,0,21,,22/10/2006
10,2006-2007,05/11/2006,Arsenal,West Ham,L,D,Away,0,68,0,1,0,0,D,R Styles,5,11,3,2,0,8,5,11,8,2,0,11,,28/10/2006
11,2006-2007,12/11/2006,Arsenal,Liverpool,W,L,Home,3,68,3,0,1,0,W,M Clattenburg,7,7,2,2,0,7,4,10,6,2,0,12,,05/11/2006
12,2006-2007,18/11/2006,Arsenal,Newcastle,D,W,Home,1,68,1,1,0,1,L,M Atkinson,10,23,11,2,0,10,1,2,1,2,0,9,,12/11/2006
13,2006-2007,25/11/2006,Arsenal,Bolton,L,D,Away,0,68,1,3,1,2,L,M Dean,7,14,11,4,0,8,8,10,7,4,0,11,,18/11/2006
14,2006-2007,29/11/2006,Arsenal,Fulham,L,L,Away,0,68,1,2,1,2,L,H Webb,2,7,6,5,1,15,7,13,6,5,0,17,,25/11/2006
15,2006-2007,02/12/2006,Arsenal,Tottenham,W,L,Home,3,68,3,0,2,0,W,G Poll,5,6,3,1,0,15,4,7,2,1,0,15,,29/11/2006
16,2006-2007,10/12/2006,Arsenal,Chelsea,D,W,Away,1,68,1,1,0,0,D,A Wiley,4,11,5,2,0,16,7,20,4,2,0,16,,02/12/2006
17,2006-2007,13/12/2006,Arsenal,Wigan,W,D,Away,3,68,1,0,0,0,D,R Styles,3,9,7,0,0,7,7,15,4,0,0,10,,10/12/2006
18,2006-2007,16/12/2006,Arsenal,Portsmouth,D,W,Home,1,68,2,2,0,1,L,S Bennett,8,14,7,0,0,13,5,7,4,0,0,13,,13/12/2006
19,2006-2007,23/12/2006,Arsenal,Blackburn,W,D,Home,3,68,6,2,3,1,W,H Webb,12,18,7,3,0,14,7,11,6,3,0,14,,16/12/2006
20,2006-2007,26/12/2006,Arsenal,Watford,W,W,Away,3,68,2,1,1,1,D,M Dean,8,16,5,0,0,6,3,6,7,0,0,11,,23/12/2006
21,2006-2007,30/12/2006,Arsenal,Sheffield United,L,W,Away,0,68,0,1,0,1,L,L Mason,4,9,9,3,0,5,5,11,5,3,0,11,,26/12/2006
22,2006-2007,02/01/2007,Arsenal,Charlton,W,L,Home,3,68,4,0,2,0,W,M Riley,10,16,8,0,0,13,2,4,2,0,1,9,,30/12/2006
23,2006-2007,13/01/2007,Arsenal,Blackburn,W,W,Away,3,68,2,0,1,0,W,C Foy,4,6,2,0,1,5,7,13,8,0,0,15,,02/01/2007
24,2006-2007,21/01/2007,Arsenal,Man United,W,W,Home,3,68,2,1,0,0,D,S Bennett,11,18,8,1,0,13,6,10,6,1,0,11,,13/01/2007
25,2006-2007,03/02/2007,Arsenal,Middlesbrough,D,W,Away,1,68,1,1,0,0,D,M Riley,4,11,6,1,1,5,1,3,3,1,0,14,,21/01/2007
26,2006-2007,11/02/2007,Arsenal,Wigan,W,D,Home,3,68,2,1,0,1,L,P Dowd,3,10,10,6,0,9,2,8,1,6,0,15,,03/02/2007
27,2006-2007,03/03/2007,Arsenal,Reading,W,W,Home,3,68,2,1,0,0,D,C Foy,9,16,16,1,0,8,4,7,7,1,0,14,,11/02/2007
28,2006-2007,14/03/2007,Arsenal,Aston Villa,W,W,Away,3,68,1,0,1,0,W,M Atkinson,5,10,4,1,0,14,6,11,6,1,0,12,,03/03/2007
29,2006-2007,18/03/2007,Arsenal,Everton,L,W,Away,0,68,0,1,0,0,D,M Clattenburg,9,18,4,0,0,13,4,11,5,0,0,17,,14/03/2007
30,2006-2007,31/03/2007,Arsenal,Liverpool,L,L,Away,0,68,1,4,0,2,L,S Bennett,3,11,7,3,0,8,7,12,2,3,0,17,,18/03/2007
31,2006-2007,07/04/2007,Arsenal,West Ham,L,L,Home,0,68,0,1,0,1,L,G Poll,15,29,14,0,0,10,5,6,1,0,0,15,,31/03/2007
32,2006-2007,09/04/2007,Arsenal,Newcastle,D,L,Away,1,68,0,0,0,0,D,H Webb,2,6,6,2,0,14,4,8,3,2,0,13,,07/04/2007
33,2006-2007,14/04/2007,Arsenal,Bolton,W,D,Home,3,68,2,1,1,1,D,R Styles,9,19,2,2,0,7,2,6,5,2,1,18,,09/04/2007
34,2006-2007,17/04/2007,Arsenal,Man City,W,W,Home,3,68,3,1,1,1,D,M Halsey,10,12,7,0,0,8,6,9,3,0,0,8,,14/04/2007
35,2006-2007,21/04/2007,Arsenal,Tottenham,D,W,Away,1,68,2,2,0,1,L,M Dean,5,17,6,2,0,6,3,7,4,2,0,10,,17/04/2007
36,2006-2007,29/04/2007,Arsenal,Fulham,W,D,Home,3,68,3,1,1,0,W,M Clattenburg,5,10,7,2,0,6,1,7,6,2,0,10,,21/04/2007
37,2006-2007,06/05/2007,Arsenal,Chelsea,D,W,Home,1,68,1,1,1,0,W,A Wiley,4,7,3,1,0,19,4,9,7,1,1,13,,29/04/2007
38,2006-2007,13/05/2007,Arsenal,Portsmouth,D,D,Away,1,68,0,0,0,0,D,G Poll,6,14,6,0,0,15,4,9,2,0,0,18,,06/05/2007
1,2011-2012,13/08/2011,Arsenal,Newcastle,D,,Away,1,70,0,0,0,0,D,P Walton,4,9,5,5,1,11,1,6,2,5,0,9,,
1,2013-2014,17/08/2013,Arsenal,Aston Villa,L,,Home,0,79,1,3,1,1,D,A Taylor,4,16,4,4,1,15,4,9,3,4,0,18,,
1,2009-2010,15/08/2009,Arsenal,Everton,W,,Away,3,75,6,1,3,0,W,M Halsey,9,15,9,0,0,13,5,8,4,0,0,11,,
1,2020-2021,12/09/2020,Arsenal,Fulham,W,,Away,3,61,3,0,1,0,W,C Kavanagh,6,13,3,2,0,12,2,5,2,2,0,12,,
1,2002-2003,18/08/2002,Arsenal,Birmingham,W,,Home,3,78,2,0,2,0,W,M Riley,7,15,9,0,0,6,1,7,2,0,1,11,,
1,2000-2001,19/08/2000,Arsenal,Sunderland,L,,Away,0,70,0,1,0,0,D,Steve Dunn,7,14,9,1,1,21,2,8,2,1,0,10,46346,
1,2019-2020,11/08/2019,Arsenal,Newcastle,W,,Away,3,56,1,0,0,0,D,M Atkinson,2,8,3,3,0,7,2,9,5,3,0,12,,
1,2022-2023,05/08/2022,Arsenal,Crystal Palace,W,,Away,3,84,2,0,1,0,W,A Taylor,2,10,5,2,0,11,2,10,3,2,0,16,,
1,2012-2013,18/08/2012,Arsenal,Sunderland,D,,Home,1,73,0,0,0,0,D,C Foy,4,14,7,0,0,12,2,3,0,0,0,8,,
1,2003-2004,16/08/2003,Arsenal,Everton,W,,Home,3,90,2,1,1,0,W,M Halsey,5,11,6,1,1,8,7,13,9,1,1,15,,
1,2005-2006,14/08/2005,Arsenal,Newcastle,W,,Home,3,67,2,0,0,0,D,S Bennett,12,15,8,0,0,15,1,2,3,0,1,17,,
1,2017-2018,11/08/2017,Arsenal,Leicester,W,,Home,3,63,4,3,2,2,D,M Dean,10,27,9,0,0,9,3,6,4,0,0,12,,
1,2023-2024,12/08/2023,Arsenal,Nott'm Forest,W,,Home,3,89,2,1,2,0,W,M Oliver,7,15,8,2,0,12,2,6,3,2,0,12,,
1,2021-2022,13/08/2021,Arsenal,Brentford,L,,Away,0,69,0,2,0,1,L,M Oliver,4,22,5,0,0,8,3,8,2,0,0,12,,
1,2025-2026,17/08/2025,Arsenal,Man United,W,,Away,3,85,1,0,1,0,W,S Hooper,3,9,4,4,0,19,7,22,3,4,0,10,,
1,2018-2019,12/08/2018,Arsenal,Man City,L,,Home,0,70,0,2,0,1,L,M Oliver,3,9,2,2,0,11,8,17,9,2,0,14,,
1,2010-2011,15/08/2010,Arsenal,Liverpool,D,,Away,1,68,1,1,0,0,D,M Atkinson,7,14,11,3,1,15,4,7,9,3,1,13,,
1,2001-2002,18/08/2001,Arsenal,Middlesbrough,W,,Away,3,87,4,0,1,0,W,G. P. Barber,9,14,6,3,1,19,2,6,2,3,1,13,31557,
1,2007-2008,12/08/2007,Arsenal,Fulham,W,,Home,3,83,2,1,0,1,L,P Dowd,13,19,14,1,0,6,9,12,4,1,0,19,,
1,2006-2007,19/08/2006,Arsenal,Aston Villa,D,,Home,1,68,1,1,0,0,D,G Poll,11,19,18,1,0,10,3,5,1,1,0,19,,
1,1999-2000,07/08/1999,Arsenal,Leicester,W,,Home,3,73,2,1,0,0,D,,,,,,,,,,,,,,,
1,2016-2017,14/08/2016,Arsenal,Liverpool,L,,Home,0,75,3,4,1,1,D,M Oliver,5,9,5,3,0,13,7,16,4,3,0,17,,
1,2014-2015,16/08/2014,Arsenal,Crystal Palace,W,,Home,3,75,2,1,1,1,D,J Moss,6,14,9,2,0,13,2,4,3,2,1,19,,
1,2015-2016,09/08/2015,Arsenal,West Ham,L,,Home,0,71,0,2,0,1,L,M Atkinson,6,22,5,1,0,12,4,8,4,1,0,9,,
1,2004-2005,15/08/2004,Arsenal,Everton,W,,Away,3,83,4,1,2,0,W,M Riley,14,18,7,1,0,19,5,9,0,1,0,14,,
1,2008-2009,16/08/2008,Arsenal,West Brom,W,,Home,3,72,1,0,1,0,W,H Webb,14,24,7,0,0,11,4,5,5,0,0,8,,
1,2024-2025,17/08/2024,Arsenal,Wolves,W,,Home,3,74,2,0,1,0,W,J Gillett,6,18,8,2,0,17,3,9,2,2,0,14,,
