Entity,Fuel,Year,TWh
Algeria,Coal,2000,5.6405497
Algeria,Coal,2001,6.5127997
Algeria,Coal,2002,8.54805
Algeria,Coal,2003,7.0477796
Algeria,Coal,2004,8.408489
Algeria,Coal,2005,6.9082203
Algeria,Coal,2006,10.25766
Algeria,Coal,2007,8.80391
Algeria,Coal,2008,8.80391
Algeria,Coal,2009,5.65218
Algeria,Coal,2010,3.6053
Algeria,Coal,2011,3.1982498
Algeria,Coal,2012,3.3959599
Algeria,Coal,2013,1.83754
Algeria,Coal,2014,2.08177
Algeria,Coal,2015,1.5467899
Algeria,Coal,2016,0.56987
Algeria,Coal,2017,2.1166599
Algeria,Coal,2018,5.815
Algeria,Coal,2019,4.80319
Algeria,Coal,2020,1.52353
Algeria,Coal,2021,3.10521
Algeria,Coal,2022,1.4969789
Argentina,Coal,2000,7.512647
Argentina,Coal,2001,6.1568522
Argentina,Coal,2002,4.5862966
Argentina,Coal,2003,5.593865
Argentina,Coal,2004,9.519818
Argentina,Coal,2005,10.961645
Argentina,Coal,2006,9.9238205
Argentina,Coal,2007,14.36036
Argentina,Coal,2008,17.516068
Argentina,Coal,2009,9.620937
Argentina,Coal,2010,13.472079
Argentina,Coal,2011,14.618645
Argentina,Coal,2012,13.669181
Argentina,Coal,2013,14.939302
Argentina,Coal,2014,15.891717
Argentina,Coal,2015,15.814129
Argentina,Coal,2016,12.188642
Argentina,Coal,2017,12.525288
Argentina,Coal,2018,13.709147
Argentina,Coal,2019,8.123962
Argentina,Coal,2020,10.015325
Argentina,Coal,2021,14.052401
Argentina,Coal,2022,14.398857
Australia,Coal,2000,591.6619
Australia,Coal,2001,585.69135
Australia,Coal,2002,598.8721
Australia,Coal,2003,616.0213
Australia,Coal,2004,641.92114
Australia,Coal,2005,638.2223
Australia,Coal,2006,655.49884
Australia,Coal,2007,649.8025
Australia,Coal,2008,677.2914
Australia,Coal,2009,654.86127
Australia,Coal,2010,607.3943
Australia,Coal,2011,592.0622
Australia,Coal,2012,554.4683
Australia,Coal,2013,526.2419
Australia,Coal,2014,521.88837
Australia,Coal,2015,540.4112
Australia,Coal,2016,540.06226
Australia,Coal,2017,521.52594
Australia,Coal,2018,508.88223
Australia,Coal,2019,486.3916
Australia,Coal,2020,468.04425
Australia,Coal,2021,452.4409
Australia,Coal,2022,430.7635
Austria,Coal,2000,42.470078
Austria,Coal,2001,43.878994
Austria,Coal,2002,44.579712
Austria,Coal,2003,47.54769
Austria,Coal,2004,46.576305
Austria,Coal,2005,46.730534
Austria,Coal,2006,46.67483
Austria,Coal,2007,45.044926
Austria,Coal,2008,44.524986
Austria,Coal,2009,33.460773
Austria,Coal,2010,39.34366
Austria,Coal,2011,40.411076
Austria,Coal,2012,37.621
Austria,Coal,2013,38.13149
Austria,Coal,2014,35.02138
Austria,Coal,2015,37.999046
Austria,Coal,2016,35.44773
Austria,Coal,2017,36.564552
Austria,Coal,2018,32.28496
Austria,Coal,2019,33.94468
Austria,Coal,2020,29.031853
Austria,Coal,2021,29.934498
Austria,Coal,2022,28.291656
Azerbaijan,Coal,2001,0.03489
Azerbaijan,Coal,2002,0.02326
Azerbaijan,Coal,2003,0.03489
Azerbaijan,Coal,2004,0.010699611
Azerbaijan,Coal,2005,0.037448607
Azerbaijan,Coal,2006,0.037448607
Azerbaijan,Coal,2007,0.05838889
Azerbaijan,Coal,2008,0.045333333
Azerbaijan,Coal,2009,0.04919444
Azerbaijan,Coal,2010,0.048416667
Azerbaijan,Coal,2011,0.042249996
Azerbaijan,Coal,2012,0.043027777
Azerbaijan,Coal,2013,0.03841667
Azerbaijan,Coal,2014,0.023833333
Azerbaijan,Coal,2015,0.034583334
Azerbaijan,Coal,2016,0.013833333
Azerbaijan,Coal,2017,0.011527778
Azerbaijan,Coal,2018,0.008444444
Azerbaijan,Coal,2019,0.007694444
Azerbaijan,Coal,2020,0.004611111
Azerbaijan,Coal,2021,0.001555556
Azerbaijan,Coal,2022,0.001555556
Bangladesh,Coal,2000,3.8364346
Bangladesh,Coal,2001,4.0689416
Bangladesh,Coal,2002,4.2491364
Bangladesh,Coal,2003,4.063126
Bangladesh,Coal,2004,4.0689416
Bangladesh,Coal,2005,8.347995
Bangladesh,Coal,2006,12.68387
Bangladesh,Coal,2007,10.351397
Bangladesh,Coal,2008,10.896065
Bangladesh,Coal,2009,13.614829
Bangladesh,Coal,2010,8.675766
Bangladesh,Coal,2011,12.915542
Bangladesh,Coal,2012,10.657114
Bangladesh,Coal,2013,14.760409
Bangladesh,Coal,2014,9.351047
Bangladesh,Coal,2015,30.63301
Bangladesh,Coal,2016,23.035818
Bangladesh,Coal,2017,25.117134
Bangladesh,Coal,2018,28.568832
Bangladesh,Coal,2019,48.06491
Bangladesh,Coal,2020,52.34683
Bangladesh,Coal,2021,42.310978
Bangladesh,Coal,2022,49.94223
Belarus,Coal,2000,11.571725
Belarus,Coal,2001,8.308523
Belarus,Coal,2002,7.837448
Belarus,Coal,2003,7.3767715
Belarus,Coal,2004,7.225938
Belarus,Coal,2005,7.9798536
Belarus,Coal,2006,7.1446896
Belarus,Coal,2007,8.080224
Belarus,Coal,2008,7.532654
Belarus,Coal,2009,7.1767774
Belarus,Coal,2010,7.5073485
Belarus,Coal,2011,9.018615
Belarus,Coal,2012,9.199352
Belarus,Coal,2013,9.764291
Belarus,Coal,2014,9.686455
Belarus,Coal,2015,8.61383
Belarus,Coal,2016,9.467982
Belarus,Coal,2017,9.7924595
Belarus,Coal,2018,14.68869
Belarus,Coal,2019,15.467899
Belarus,Coal,2020,9.734309
Belarus,Coal,2021,9.8974
Belarus,Coal,2022,10.721621
Belgium,Coal,2000,88.68365
Belgium,Coal,2001,84.474434
Belgium,Coal,2002,72.41641
Belgium,Coal,2003,70.04909
Belgium,Coal,2004,65.15431
Belgium,Coal,2005,59.86575
Belgium,Coal,2006,59.076744
Belgium,Coal,2007,53.98673
Belgium,Coal,2008,53.31606
Belgium,Coal,2009,34.345123
Belgium,Coal,2010,43.6005
Belgium,Coal,2011,41.048958
Belgium,Coal,2012,38.662643
Belgium,Coal,2013,40.907593
Belgium,Coal,2014,39.672768
Belgium,Coal,2015,38.740704
Belgium,Coal,2016,36.819427
Belgium,Coal,2017,36.070084
Belgium,Coal,2018,35.873142
Belgium,Coal,2019,35.961716
Belgium,Coal,2020,27.956694
Belgium,Coal,2021,30.947184
Belgium,Coal,2022,31.991251
Brazil,Coal,2000,151.18149
Brazil,Coal,2001,148.78801
Brazil,Coal,2002,144.01038
Brazil,Coal,2003,149.41873
Brazil,Coal,2004,156.65688
Brazil,Coal,2005,151.0846
Brazil,Coal,2006,148.97397
Brazil,Coal,2007,157.87172
Brazil,Coal,2008,160.13234
Brazil,Coal,2009,129.20715
Brazil,Coal,2010,168.19763
Brazil,Coal,2011,179.673
Brazil,Coal,2012,177.79971
Brazil,Coal,2013,191.64679
Brazil,Coal,2014,203.76967
Brazil,Coal,2015,204.981
Brazil,Coal,2016,185.14966
Brazil,Coal,2017,195.27472
Brazil,Coal,2018,190.97849
Brazil,Coal,2019,179.51239
Brazil,Coal,2020,163.13281
Brazil,Coal,2021,197.9085
Brazil,Coal,2022,162.66177
Bulgaria,Coal,2000,73.19367
Bulgaria,Coal,2001,83.42836
Bulgaria,Coal,2002,76.82982
Bulgaria,Coal,2003,86.018326
Bulgaria,Coal,2004,82.19636
Bulgaria,Coal,2005,80.50993
Bulgaria,Coal,2006,81.74977
Bulgaria,Coal,2007,91.969536
Bulgaria,Coal,2008,87.66482
Bulgaria,Coal,2009,73.79338
Bulgaria,Coal,2010,80.046974
Bulgaria,Coal,2011,94.14436
Bulgaria,Coal,2012,80.42796
Bulgaria,Coal,2013,69.12558
Bulgaria,Coal,2014,73.85166
Bulgaria,Coal,2015,76.23653
Bulgaria,Coal,2016,66.22471
Bulgaria,Coal,2017,71.00035
Bulgaria,Coal,2018,63.447147
Bulgaria,Coal,2019,59.153008
Bulgaria,Coal,2020,48.342094
Bulgaria,Coal,2021,60.90773
Bulgaria,Coal,2022,72.74707
Canada,Coal,2000,355.18835
Canada,Coal,2001,369.12305
Canada,Coal,2002,371.2714
Canada,Coal,2003,370.35748
Canada,Coal,2004,349.85416
Canada,Coal,2005,348.345
Canada,Coal,2006,337.43332
Canada,Coal,2007,352.7697
Canada,Coal,2008,335.23026
Canada,Coal,2009,280.0783
Canada,Coal,2010,286.98526
Canada,Coal,2011,258.7261
Canada,Coal,2012,245.40971
Canada,Coal,2013,239.33687
Canada,Coal,2014,227.59932
Canada,Coal,2015,228.95923
Canada,Coal,2016,213.09785
Canada,Coal,2017,221.6048
Canada,Coal,2018,181.72258
Canada,Coal,2019,170.1786
Canada,Coal,2020,148.405
Canada,Coal,2021,138.15527
Canada,Coal,2022,107.23305
Chile,Coal,2000,37.3637
Chile,Coal,2001,29.314577
Chile,Coal,2002,29.547176
Chile,Coal,2003,28.250431
Chile,Coal,2004,32.723408
Chile,Coal,2005,32.07011
Chile,Coal,2006,40.03847
Chile,Coal,2007,47.52157
Chile,Coal,2008,50.81752
Chile,Coal,2009,46.457573
Chile,Coal,2010,52.229164
Chile,Coal,2011,66.98647
Chile,Coal,2012,78.09894
Chile,Coal,2013,87.78789
Chile,Coal,2014,88.5578
Chile,Coal,2015,85.05484
Chile,Coal,2016,86.26053
Chile,Coal,2017,89.68967
Chile,Coal,2018,86.561676
Chile,Coal,2019,87.08458
Chile,Coal,2020,73.145775
Chile,Coal,2021,81.11111
Chile,Coal,2022,61.168365
China,Coal,2000,8211.406
China,Coal,2001,8635.754
China,Coal,2002,9467.457
China,Coal,2003,11283.059
China,Coal,2004,13155.28
China,Coal,2005,15405.105
China,Coal,2006,16918.38
China,Coal,2007,18423.912
China,Coal,2008,18715.92
China,Coal,2009,19605.02
China,Coal,2010,20340.541
China,Coal,2011,22143.604
China,Coal,2012,22422.357
China,Coal,2013,22902.13
China,Coal,2014,22804.703
China,Coal,2015,22329.041
China,Coal,2016,21675.78
China,Coal,2017,21915.443
China,Coal,2018,22352.146
China,Coal,2019,22922.236
China,Coal,2020,23402.553
China,Coal,2021,24315.475
China,Coal,2022,24559.486
Colombia,Coal,2000,31.437815
Colombia,Coal,2001,30.95842
Colombia,Coal,2002,25.461409
Colombia,Coal,2003,28.22483
Colombia,Coal,2004,24.698715
Colombia,Coal,2005,15.562342
Colombia,Coal,2006,44.330044
Colombia,Coal,2007,39.03194
Colombia,Coal,2008,51.6421
Colombia,Coal,2009,47.50083
Colombia,Coal,2010,55.907337
Colombia,Coal,2011,45.266426
Colombia,Coal,2012,54.560337
Colombia,Coal,2013,58.69
Colombia,Coal,2014,62.166916
Colombia,Coal,2015,57.779972
Colombia,Coal,2016,63.54703
Colombia,Coal,2017,48.428135
Colombia,Coal,2018,45.462593
Colombia,Coal,2019,53.641968
Colombia,Coal,2020,47.47986
Colombia,Coal,2021,31.458893
Colombia,Coal,2022,28.492508
Croatia,Coal,2000,5.0206594
Croatia,Coal,2001,5.5889707
Croatia,Coal,2002,6.793734
Croatia,Coal,2003,7.555883
Croatia,Coal,2004,8.023571
Croatia,Coal,2005,7.95114
Croatia,Coal,2006,7.381305
Croatia,Coal,2007,8.013639
Croatia,Coal,2008,8.246868
Croatia,Coal,2009,5.893177
Croatia,Coal,2010,7.9398127
Croatia,Coal,2011,8.172656
Croatia,Coal,2012,7.329214
Croatia,Coal,2013,7.852052
Croatia,Coal,2014,7.5210743
Croatia,Coal,2015,7.0444655
Croatia,Coal,2016,7.570932
Croatia,Coal,2017,4.5628443
Croatia,Coal,2018,4.248253
Croatia,Coal,2019,4.8999634
Croatia,Coal,2020,4.200651
Croatia,Coal,2021,4.8303576
Croatia,Coal,2022,4.7832775
Cyprus,Coal,2000,0.41868
Cyprus,Coal,2001,0.61639
Cyprus,Coal,2002,0.51172
Cyprus,Coal,2003,0.51172
Cyprus,Coal,2004,0.51172
Cyprus,Coal,2005,0.51172
Cyprus,Coal,2006,0.3509561
Cyprus,Coal,2007,0.31871858
Cyprus,Coal,2008,0.2606911
Cyprus,Coal,2009,0.1381886
Cyprus,Coal,2010,0.17042612
Cyprus,Coal,2011,0.08016111
Cyprus,Coal,2012,0.002791195
Cyprus,Coal,2013,0.002791195
Cyprus,Coal,2014,0.025789998
Cyprus,Coal,2015,0.038685
Cyprus,Coal,2016,0.005164444
Cyprus,Coal,2017,0.034689166
Cyprus,Coal,2018,0.15830112
Cyprus,Coal,2019,0.1943486
Cyprus,Coal,2020,0.16211778
Cyprus,Coal,2021,0.4799583
Cyprus,Coal,2022,0.3808161
Czechia,Coal,2000,246.71695
Czechia,Coal,2001,242.13039
Czechia,Coal,2002,237.63068
Czechia,Coal,2003,241.5218
Czechia,Coal,2004,241.88832
Czechia,Coal,2005,233.69691
Czechia,Coal,2006,241.97527
Czechia,Coal,2007,241.51474
Czechia,Coal,2008,229.0496
Czechia,Coal,2009,211.57613
Czechia,Coal,2010,218.38116
Czechia,Coal,2011,214.98866
Czechia,Coal,2012,206.14917
Czechia,Coal,2013,196.5045
Czechia,Coal,2014,190.43582
Czechia,Coal,2015,189.86116
Czechia,Coal,2016,191.26581
Czechia,Coal,2017,187.27791
Czechia,Coal,2018,186.01262
Czechia,Coal,2019,167.36311
Czechia,Coal,2020,145.43529
Czechia,Coal,2021,150.807
Czechia,Coal,2022,163.59177
Denmark,Coal,2000,46.182728
Denmark,Coal,2001,48.81576
Denmark,Coal,2002,48.873913
Denmark,Coal,2003,66.68293
Denmark,Coal,2004,51.11385
Denmark,Coal,2005,43.05212
Denmark,Coal,2006,64.73512
Denmark,Coal,2007,54.23582
Denmark,Coal,2008,47.65927
Denmark,Coal,2009,46.800316
Denmark,Coal,2010,45.47204
Denmark,Coal,2011,37.835083
Denmark,Coal,2012,29.658981
Denmark,Coal,2013,37.670876
Denmark,Coal,2014,29.857864
Denmark,Coal,2015,21.238243
Denmark,Coal,2016,24.577396
Denmark,Coal,2017,18.368776
Denmark,Coal,2018,18.772844
Denmark,Coal,2019,10.575361
Denmark,Coal,2020,9.309924
Denmark,Coal,2021,12.399527
Denmark,Coal,2022,11.995051
Ecuador,Coal,2000,0.016110389
Ecuador,Coal,2001,0.020834971
Ecuador,Coal,2002,0.022496028
Ecuador,Coal,2003,0.8815003
Ecuador,Coal,2004,0.02098511
Ecuador,Coal,2005,0.024508944
Ecuador,Coal,2006,0.062975556
Ecuador,Coal,2007,0.025139555
Ecuador,Coal,2008,0.2895472
Ecuador,Coal,2009,0.06921278
Ecuador,Coal,2010,0.11599944
Ecuador,Coal,2011,0.108782776
Ecuador,Coal,2012,0.13059416
Ecuador,Coal,2013,0.14639612
Ecuador,Coal,2014,0.13852888
Ecuador,Coal,2015,0.14999388
Ecuador,Coal,2016,0.08799222
Ecuador,Coal,2017,0.094677225
Ecuador,Coal,2018,0.32408777
Ecuador,Coal,2019,0.0995275
Ecuador,Coal,2020,0.28073332
Ecuador,Coal,2021,0.549848
Ecuador,Coal,2022,0.79980165
Egypt,Coal,2000,10.1112385
Egypt,Coal,2001,8.8946705
Egypt,Coal,2002,9.542124
Egypt,Coal,2003,9.894048
Egypt,Coal,2004,10.112517
Egypt,Coal,2005,9.894048
Egypt,Coal,2006,9.899571
Egypt,Coal,2007,8.999108
Egypt,Coal,2008,8.098236
Egypt,Coal,2009,7.197784
Egypt,Coal,2010,5.396436
Egypt,Coal,2011,5.126364
Egypt,Coal,2012,4.541817
Egypt,Coal,2013,4.4871445
Egypt,Coal,2014,4.5240703
Egypt,Coal,2015,9.319224
Egypt,Coal,2016,14.169939
Egypt,Coal,2017,13.951776
Egypt,Coal,2018,25.388884
Egypt,Coal,2019,22.94092
Egypt,Coal,2020,8.733374
Egypt,Coal,2021,14.113942
Egypt,Coal,2022,14.265933
Estonia,Coal,2000,34.268295
Estonia,Coal,2001,34.071384
Estonia,Coal,2002,33.307957
Estonia,Coal,2003,38.57416
Estonia,Coal,2004,38.464703
Estonia,Coal,2005,38.0906
Estonia,Coal,2006,36.387783
Estonia,Coal,2007,45.288357
Estonia,Coal,2008,40.482048
Estonia,Coal,2009,34.96647
Estonia,Coal,2010,46.82532
Estonia,Coal,2011,47.39325
Estonia,Coal,2012,43.54446
Estonia,Coal,2013,48.425804
Estonia,Coal,2014,47.36029
Estonia,Coal,2015,41.96262
Estonia,Coal,2016,44.06444
Estonia,Coal,2017,50.30153
Estonia,Coal,2018,49.140667
Estonia,Coal,2019,35.80686
Estonia,Coal,2020,29.10825
Estonia,Coal,2021,31.758135
Estonia,Coal,2022,34.026913
Europe,Coal,2000,5580.7266
Europe,Coal,2001,5552.1797
Europe,Coal,2002,5544.8164
Europe,Coal,2003,5715.4272
Europe,Coal,2004,5577.022
Europe,Coal,2005,5404.7207
Europe,Coal,2006,5598.9473
Europe,Coal,2007,5591.573
Europe,Coal,2008,5392.2656
Europe,Coal,2009,4794.713
Europe,Coal,2010,4952.181
Europe,Coal,2011,5140.0195
Europe,Coal,2012,5266.8657
Europe,Coal,2013,5090.4775
Europe,Coal,2014,4734.474
Europe,Coal,2015,4630.6494
Europe,Coal,2016,4416.4688
Europe,Coal,2017,4216.76
Europe,Coal,2018,4148.695
Europe,Coal,2019,3587.7712
Europe,Coal,2020,3105.7117
Europe,Coal,2021,3365.5562
Europe,Coal,2022,3210.59
Finland,Coal,2000,58.32722
Finland,Coal,2001,70.48917
Finland,Coal,2002,76.5911
Finland,Coal,2003,95.59249
Finland,Coal,2004,85.87945
Finland,Coal,2005,55.168888
Finland,Coal,2006,86.153885
Finland,Coal,2007,81.35305
Finland,Coal,2008,62.04361
Finland,Coal,2009,62.48972
Finland,Coal,2010,78.925
Finland,Coal,2011,64.1175
Finland,Coal,2012,52.501667
Finland,Coal,2013,58.041386
Finland,Coal,2014,52.02472
Finland,Coal,2015,44.405
Finland,Coal,2016,50.921112
Finland,Coal,2017,46.645554
Finland,Coal,2018,48.881386
Finland,Coal,2019,41.046944
Finland,Coal,2020,31.483889
Finland,Coal,2021,33.97278
Finland,Coal,2022,33.928883
France,Coal,2000,164.76129
France,Coal,2001,144.1878
France,Coal,2002,148.6099
France,Coal,2003,157.97934
France,Coal,2004,150.38844
France,Coal,2005,156.18452
France,Coal,2006,144.31758
France,Coal,2007,149.40895
France,Coal,2008,140.40898
France,Coal,2009,125.0283
France,Coal,2010,133.87088
France,Coal,2011,113.60685
France,Coal,2012,128.70036
France,Coal,2013,134.49423
France,Coal,2014,100.44779
France,Coal,2015,99.87414
France,Coal,2016,97.52974
France,Coal,2017,106.459755
France,Coal,2018,95.2595
France,Coal,2019,74.53557
France,Coal,2020,52.277348
France,Coal,2021,63.309937
France,Coal,2022,59.457893
Germany,Coal,2000,992.09576
Germany,Coal,2001,994.93604
Germany,Coal,2002,997.1488
Germany,Coal,2003,1013.6199
Germany,Coal,2004,988.11
Germany,Coal,2005,945.3872
Germany,Coal,2006,983.3112
Germany,Coal,2007,1008.28674
Germany,Coal,2008,931.8082
Germany,Coal,2009,834.2924
Germany,Coal,2010,896.1722
Germany,Coal,2011,910.7911
Germany,Coal,2012,936.07416
Germany,Coal,2013,963.3986
Germany,Coal,2014,925.89496
Germany,Coal,2015,915.0558
Germany,Coal,2016,889.935
Germany,Coal,2017,835.9297
Germany,Coal,2018,806.68994
Germany,Coal,2019,624.2178
Germany,Coal,2020,514.8666
Germany,Coal,2021,621.9345
Germany,Coal,2022,647.22217
Greece,Coal,2000,104.9478
Greece,Coal,2001,108.47605
Greece,Coal,2002,104.36563
Greece,Coal,2003,104.92748
Greece,Coal,2004,107.55803
Greece,Coal,2005,106.09819
Greece,Coal,2006,97.70742
Greece,Coal,2007,103.01639
Greece,Coal,2008,96.96925
Greece,Coal,2009,98.008194
Greece,Coal,2010,91.50558
Greece,Coal,2011,91.84949
Greece,Coal,2012,94.6589
Greece,Coal,2013,81.26121
Greece,Coal,2014,78.09801
Greece,Coal,2015,65.440796
Greece,Coal,2016,50.69211
Greece,Coal,2017,55.779747
Greece,Coal,2018,54.774902
Greece,Coal,2019,37.175343
Greece,Coal,2020,21.294855
Greece,Coal,2021,19.91156
Greece,Coal,2022,20.013203
Hong Kong,Coal,2000,50.449722
Hong Kong,Coal,2001,79.68833
Hong Kong,Coal,2002,61.98861
Hong Kong,Coal,2003,78.61528
Hong Kong,Coal,2004,73.40639
Hong Kong,Coal,2005,79.86221
Hong Kong,Coal,2006,79.73417
Hong Kong,Coal,2007,86.998055
Hong Kong,Coal,2008,79.721664
Hong Kong,Coal,2009,83.24778
Hong Kong,Coal,2010,72.42305
Hong Kong,Coal,2011,86.14694
Hong Kong,Coal,2012,84.79666
Hong Kong,Coal,2013,90.37639
Hong Kong,Coal,2014,94.726105
Hong Kong,Coal,2015,77.90111
Hong Kong,Coal,2016,77.89527
Hong Kong,Coal,2017,72.96777
Hong Kong,Coal,2018,74.94055
Hong Kong,Coal,2019,71.769165
Hong Kong,Coal,2020,38.230556
Hong Kong,Coal,2021,42.464996
Hong Kong,Coal,2022,41.76583
Hungary,Coal,2000,44.99306
Hungary,Coal,2001,42.749565
Hungary,Coal,2002,41.246876
Hungary,Coal,2003,42.21048
Hungary,Coal,2004,40.02382
Hungary,Coal,2005,35.593605
Hungary,Coal,2006,35.72894
Hungary,Coal,2007,36.334526
Hungary,Coal,2008,35.293922
Hungary,Coal,2009,29.717325
Hungary,Coal,2010,31.308727
Hungary,Coal,2011,31.54748
Hungary,Coal,2012,30.353474
Hungary,Coal,2013,26.576935
Hungary,Coal,2014,26.271076
Hungary,Coal,2015,27.226086
Hungary,Coal,2016,25.506508
Hungary,Coal,2017,26.144308
Hungary,Coal,2018,24.698467
Hungary,Coal,2019,21.386988
Hungary,Coal,2020,19.594992
Hungary,Coal,2021,15.946323
Hungary,Coal,2022,13.812908
Iceland,Coal,2000,1.099672
Iceland,Coal,2001,1.192968
Iceland,Coal,2002,1.1883333
Iceland,Coal,2003,1.1666666
Iceland,Coal,2004,1.2222222
Iceland,Coal,2005,1.1666666
Iceland,Coal,2006,1.1944444
Iceland,Coal,2007,1.2777778
Iceland,Coal,2008,1.1111112
Iceland,Coal,2009,1.0277778
Iceland,Coal,2010,1.0833333
Iceland,Coal,2011,1.0833333
Iceland,Coal,2012,1.1083333
Iceland,Coal,2013,1.275
Iceland,Coal,2014,1.0444444
Iceland,Coal,2015,1.1555555
Iceland,Coal,2016,1.3444444
Iceland,Coal,2017,1.3333334
Iceland,Coal,2018,1.3333334
Iceland,Coal,2019,1.3055555
India,Coal,2000,1911.1661
India,Coal,2001,1926.9531
India,Coal,2002,2012.7899
India,Coal,2003,2107.9834
India,Coal,2004,2243.5286
India,Coal,2005,2456.1133
India,Coal,2006,2549.8647
India,Coal,2007,2790.2725
India,Coal,2008,3020.762
India,Coal,2009,3268.2656
India,Coal,2010,3348.546
India,Coal,2011,3478.864
India,Coal,2012,3787.818
India,Coal,2013,4009.7288
India,Coal,2014,4401.073
India,Coal,2015,4490.47
India,Coal,2016,4587.692
India,Coal,2017,4737.1567
India,Coal,2018,4981.6016
India,Coal,2019,4989.023
India,Coal,2020,4714.672
India,Coal,2021,5359.929
India,Coal,2022,5581.4287
Indonesia,Coal,2000,153.06941
Indonesia,Coal,2001,194.33177
Indonesia,Coal,2002,200.4558
Indonesia,Coal,2003,269.08673
Indonesia,Coal,2004,247.38066
Indonesia,Coal,2005,283.74945
Indonesia,Coal,2006,330.78885
Indonesia,Coal,2007,417.32904
Indonesia,Coal,2008,366.07092
Indonesia,Coal,2009,378.3209
Indonesia,Coal,2010,429.6194
Indonesia,Coal,2011,496.26547
Indonesia,Coal,2012,505.70566
Indonesia,Coal,2013,440.75632
Indonesia,Coal,2014,469.06967
Indonesia,Coal,2015,532.274
Indonesia,Coal,2016,544.31616
Indonesia,Coal,2017,566.1091
Indonesia,Coal,2018,655.7294
Indonesia,Coal,2019,801.23114
Indonesia,Coal,2020,765.3798
Indonesia,Coal,2021,763.22955
Indonesia,Coal,2022,1216.5106
Iran,Coal,2000,15.1596575
Iran,Coal,2001,14.8619995
Iran,Coal,2002,14.081556
Iran,Coal,2003,15.257164
Iran,Coal,2004,15.971223
Iran,Coal,2005,18.102768
Iran,Coal,2006,17.473772
Iran,Coal,2007,18.215395
Iran,Coal,2008,14.342342
Iran,Coal,2009,9.255012
Iran,Coal,2010,13.363621
Iran,Coal,2011,13.733183
Iran,Coal,2012,10.651124
Iran,Coal,2013,8.86266
Iran,Coal,2014,10.552486
Iran,Coal,2015,12.6951065
Iran,Coal,2016,10.559657
Iran,Coal,2017,11.981637
Iran,Coal,2018,15.848832
Iran,Coal,2019,18.932867
Iran,Coal,2020,21.418182
Iran,Coal,2021,19.573114
Iran,Coal,2022,21.138962
Ireland,Coal,2000,30.419252
Ireland,Coal,2001,31.861221
Ireland,Coal,2002,30.630024
Ireland,Coal,2003,29.650684
Ireland,Coal,2004,27.702469
Ireland,Coal,2005,30.784609
Ireland,Coal,2006,27.77244
Ireland,Coal,2007,27.12116
Ireland,Coal,2008,26.53966
Ireland,Coal,2009,23.20185
Ireland,Coal,2010,23.09718
Ireland,Coal,2011,22.66687
Ireland,Coal,2012,26.29543
Ireland,Coal,2013,23.79498
Ireland,Coal,2014,23.387928
Ireland,Coal,2015,25.5054
Ireland,Coal,2016,24.504408
Ireland,Coal,2017,20.86448
Ireland,Coal,2018,16.405048
Ireland,Coal,2019,11.740789
Ireland,Coal,2020,10.0594015
Ireland,Coal,2021,13.721661
Ireland,Coal,2022,11.8059635
Israel,Coal,2000,72.74457
Israel,Coal,2001,83.96879
Israel,Coal,2002,88.76048
Israel,Coal,2003,91.98803
Israel,Coal,2004,92.87359
Israel,Coal,2005,92.33707
Israel,Coal,2006,91.28712
Israel,Coal,2007,93.35963
Israel,Coal,2008,91.8698
Israel,Coal,2009,89.96574
Israel,Coal,2010,89.91976
Israel,Coal,2011,92.25194
Israel,Coal,2012,102.468956
Israel,Coal,2013,82.44158
Israel,Coal,2014,76.612236
Israel,Coal,2015,75.027176
Israel,Coal,2016,64.12097
Israel,Coal,2017,58.192833
Israel,Coal,2018,54.78136
Israel,Coal,2019,57.898838
Israel,Coal,2020,50.470398
Israel,Coal,2021,43.970703
Israel,Coal,2022,43.436695
Italy,Coal,2000,145.58014
Italy,Coal,2001,154.69652
Italy,Coal,2002,159.67827
Italy,Coal,2003,172.29904
Italy,Coal,2004,193.01271
Italy,Coal,2005,191.53352
Italy,Coal,2006,193.91122
Italy,Coal,2007,189.84833
Italy,Coal,2008,183.7009
Italy,Coal,2009,143.82344
Italy,Coal,2010,159.02751
Italy,Coal,2011,178.26997
Italy,Coal,2012,182.7333
Italy,Coal,2013,157.4031
Italy,Coal,2014,153.44742
Italy,Coal,2015,143.39546
Italy,Coal,2016,127.73232
Italy,Coal,2017,111.903915
Italy,Coal,2018,102.56716
Italy,Coal,2019,77.53442
Italy,Coal,2020,59.252834
Italy,Coal,2021,65.18218
Italy,Coal,2022,84.7727
Japan,Coal,2000,1110.6033
Japan,Coal,2001,1137.1547
Japan,Coal,2002,1207.9081
Japan,Coal,2003,1241.2594
Japan,Coal,2004,1274.1025
Japan,Coal,2005,1334.8142
Japan,Coal,2006,1312.1417
Japan,Coal,2007,1377.4036
Japan,Coal,2008,1414.7809
Japan,Coal,2009,1186.9474
Japan,Coal,2010,1352.7345
Japan,Coal,2011,1282.6497
Japan,Coal,2012,1354.1991
Japan,Coal,2013,1409.438
Japan,Coal,2014,1385.7355
Japan,Coal,2015,1397.981
Japan,Coal,2016,1395.3855
Japan,Coal,2017,1415.9634
Japan,Coal,2018,1386.5973
Japan,Coal,2019,1362.5938
Japan,Coal,2020,1270.7518
Japan,Coal,2021,1369.4674
Japan,Coal,2022,1365.5248
Kazakhstan,Coal,2000,207.46405
Kazakhstan,Coal,2001,259.34784
Kazakhstan,Coal,2002,262.75076
Kazakhstan,Coal,2003,290.11264
Kazakhstan,Coal,2004,309.25217
Kazakhstan,Coal,2005,312.6714
Kazakhstan,Coal,2006,329.56393
Kazakhstan,Coal,2007,362.14423
Kazakhstan,Coal,2008,392.9506
Kazakhstan,Coal,2009,359.7931
Kazakhstan,Coal,2010,388.25568
Kazakhstan,Coal,2011,422.64
Kazakhstan,Coal,2012,440.26526
Kazakhstan,Coal,2013,435.88074
Kazakhstan,Coal,2014,430.71915
Kazakhstan,Coal,2015,318.00595
Kazakhstan,Coal,2016,371.23032
Kazakhstan,Coal,2017,407.11954
Kazakhstan,Coal,2018,423.42175
Kazakhstan,Coal,2019,400.9196
Kazakhstan,Coal,2020,379.28656
Kazakhstan,Coal,2021,389.98877
Kazakhstan,Coal,2022,398.66843
Kuwait,Coal,2000,0.000289872
Kuwait,Coal,2001,0.000756256
Kuwait,Coal,2002,0.003279333
Kuwait,Coal,2003,0.001089872
Kuwait,Coal,2004,0.000985092
Kuwait,Coal,2006,0.027147556
Kuwait,Coal,2007,0.004620305
Kuwait,Coal,2008,0.007815084
Kuwait,Coal,2010,0.044709165
Kuwait,Coal,2011,0.15746082
Kuwait,Coal,2012,0.75596887
Kuwait,Coal,2013,3.1863277
Kuwait,Coal,2014,2.532947
Kuwait,Coal,2015,2.099681
Kuwait,Coal,2016,2.5887494
Kuwait,Coal,2017,1.959468
Kuwait,Coal,2018,2.1999168
Kuwait,Coal,2019,2.019391
Kuwait,Coal,2020,0.3588136
Kuwait,Coal,2021,0.75288326
Kuwait,Coal,2022,1.2527883
Latvia,Coal,2000,1.530508
Latvia,Coal,2001,1.4281639
Latvia,Coal,2002,1.15137
Latvia,Coal,2003,1.0327438
Latvia,Coal,2004,0.78153604
Latvia,Coal,2005,0.94086695
Latvia,Coal,2006,1.008321
Latvia,Coal,2007,1.246736
Latvia,Coal,2008,1.2425
Latvia,Coal,2009,0.9941667
Latvia,Coal,2010,1.2677777
Latvia,Coal,2011,1.2866666
Latvia,Coal,2012,1.0666666
Latvia,Coal,2013,0.845
Latvia,Coal,2014,0.69666666
Latvia,Coal,2015,0.5447222
Latvia,Coal,2016,0.47583333
Latvia,Coal,2017,0.48027778
Latvia,Coal,2018,0.56361115
Latvia,Coal,2019,0.47666666
Latvia,Coal,2020,0.28249997
Latvia,Coal,2021,0.21888888
Latvia,Coal,2022,0.23761277
Lithuania,Coal,2000,1.0734489
Lithuania,Coal,2001,0.9745939
Lithuania,Coal,2002,1.571213
Lithuania,Coal,2003,2.029435
Lithuania,Coal,2004,1.961981
Lithuania,Coal,2005,2.1492238
Lithuania,Coal,2006,2.9191298
Lithuania,Coal,2007,2.901685
Lithuania,Coal,2008,2.462071
Lithuania,Coal,2009,1.9573288
Lithuania,Coal,2010,2.40741
Lithuania,Coal,2011,2.787711
Lithuania,Coal,2012,2.7179308
Lithuania,Coal,2013,3.127307
Lithuania,Coal,2014,2.645825
Lithuania,Coal,2015,2.121312
Lithuania,Coal,2016,2.1492238
Lithuania,Coal,2017,2.3039029
Lithuania,Coal,2018,2.458582
Lithuania,Coal,2019,2.308555
Lithuania,Coal,2020,1.801487
Lithuania,Coal,2021,2.1585279
Lithuania,Coal,2022,2.233781
Luxembourg,Coal,2000,1.2758111
Luxembourg,Coal,2001,1.376992
Luxembourg,Coal,2002,0.85713106
Luxembourg,Coal,2003,0.6582581
Luxembourg,Coal,2004,0.9245849
Luxembourg,Coal,2005,0.90248805
Luxembourg,Coal,2006,1.076938
Luxembourg,Coal,2007,0.9117919
Luxembourg,Coal,2008,0.87108696
Luxembourg,Coal,2009,0.7780469
Luxembourg,Coal,2010,0.77921
Luxembourg,Coal,2011,0.67919195
Luxembourg,Coal,2012,0.62453115
Luxembourg,Coal,2013,0.55707693
Luxembourg,Coal,2014,0.6209489
Luxembourg,Coal,2015,0.5714516
Luxembourg,Coal,2016,0.59231585
Luxembourg,Coal,2017,0.54795915
Luxembourg,Coal,2018,0.48566887
Luxembourg,Coal,2019,0.5321655
Luxembourg,Coal,2020,0.44708055
Luxembourg,Coal,2021,0.48942527
Luxembourg,Coal,2022,0.5143739
Malaysia,Coal,2000,28.892843
Malaysia,Coal,2001,34.52962
Malaysia,Coal,2002,42.328133
Malaysia,Coal,2003,61.78373
Malaysia,Coal,2004,77.078575
Malaysia,Coal,2005,80.06548
Malaysia,Coal,2006,84.81897
Malaysia,Coal,2007,102.8218
Malaysia,Coal,2008,113.688576
Malaysia,Coal,2009,123.46287
Malaysia,Coal,2010,171.74158
Malaysia,Coal,2011,171.68346
Malaysia,Coal,2012,184.58412
Malaysia,Coal,2013,175.11201
Malaysia,Coal,2014,178.48247
Malaysia,Coal,2015,202.29639
Malaysia,Coal,2016,217.84692
Malaysia,Coal,2017,241.40518
Malaysia,Coal,2018,258.9431
Malaysia,Coal,2019,244.72913
Malaysia,Coal,2020,288.0916
Malaysia,Coal,2021,262.44614
Malaysia,Coal,2022,260.54477
Mexico,Coal,2000,76.18694
Mexico,Coal,2001,83.67358
Mexico,Coal,2002,140.1058
Mexico,Coal,2003,103.318375
Mexico,Coal,2004,105.719696
Mexico,Coal,2005,133.42952
Mexico,Coal,2006,143.19829
Mexico,Coal,2007,131.58376
Mexico,Coal,2008,117.545296
Mexico,Coal,2009,119.74645
Mexico,Coal,2010,148.11874
Mexico,Coal,2011,171.32704
Mexico,Coal,2012,149.266
Mexico,Coal,2013,148.2266
Mexico,Coal,2014,147.93884
Mexico,Coal,2015,147.65045
Mexico,Coal,2016,144.6333
Mexico,Coal,2017,176.75279
Mexico,Coal,2018,157.54546
Mexico,Coal,2019,150.41484
Mexico,Coal,2020,66.491
Mexico,Coal,2021,55.12622
Mexico,Coal,2022,69.78955
Morocco,Coal,2000,31.22655
Morocco,Coal,2001,39.69319
Morocco,Coal,2002,39.472218
Morocco,Coal,2003,38.060337
Morocco,Coal,2004,42.100597
Morocco,Coal,2005,44.14748
Morocco,Coal,2006,44.8918
Morocco,Coal,2007,37.59607
Morocco,Coal,2008,42.61604
Morocco,Coal,2009,31.469973
Morocco,Coal,2010,32.415386
Morocco,Coal,2011,34.6259
Morocco,Coal,2012,35.170513
Morocco,Coal,2013,34.901863
Morocco,Coal,2014,46.952866
Morocco,Coal,2015,51.69651
Morocco,Coal,2016,49.81594
Morocco,Coal,2017,51.781143
Morocco,Coal,2018,59.892403
Morocco,Coal,2019,77.487465
Morocco,Coal,2020,77.79928
Morocco,Coal,2021,85.41785
Morocco,Coal,2022,77.66616
Netherlands,Coal,2000,90.27777
Netherlands,Coal,2001,96.11111
Netherlands,Coal,2002,96.666664
Netherlands,Coal,2003,100
Netherlands,Coal,2004,98.61111
Netherlands,Coal,2005,94.166664
Netherlands,Coal,2006,89.72222
Netherlands,Coal,2007,97.77778
Netherlands,Coal,2008,92.5
Netherlands,Coal,2009,87.22222
Netherlands,Coal,2010,87.77778
Netherlands,Coal,2011,86.58333
Netherlands,Coal,2012,95.138885
Netherlands,Coal,2013,95.19444
Netherlands,Coal,2014,105.30555
Netherlands,Coal,2015,128.66667
Netherlands,Coal,2016,119.27777
Netherlands,Coal,2017,106.97222
Netherlands,Coal,2018,96.11111
Netherlands,Coal,2019,74.666664
Netherlands,Coal,2020,47.805553
Netherlands,Coal,2021,65.02778
Netherlands,Coal,2022,64.5
New Zealand,Coal,2000,12.859932
New Zealand,Coal,2001,15.92658
New Zealand,Coal,2002,15.918619
New Zealand,Coal,2003,22.97443
New Zealand,Coal,2004,23.73867
New Zealand,Coal,2005,26.427471
New Zealand,Coal,2006,26.021524
New Zealand,Coal,2007,19.720991
New Zealand,Coal,2008,24.47237
New Zealand,Coal,2009,18.818949
New Zealand,Coal,2010,16.071981
New Zealand,Coal,2011,16.269657
New Zealand,Coal,2012,20.272028
New Zealand,Coal,2013,17.877504
New Zealand,Coal,2014,16.509882
New Zealand,Coal,2015,16.673475
New Zealand,Coal,2016,13.796134
New Zealand,Coal,2017,14.536367
New Zealand,Coal,2018,15.672816
New Zealand,Coal,2019,17.082287
New Zealand,Coal,2020,16.407167
New Zealand,Coal,2021,18.388664
New Zealand,Coal,2022,12.718105
North Macedonia,Coal,2000,15.544994
North Macedonia,Coal,2001,17.187988
North Macedonia,Coal,2002,14.942584
North Macedonia,Coal,2003,17.205456
North Macedonia,Coal,2004,16.350151
North Macedonia,Coal,2005,16.966042
North Macedonia,Coal,2006,16.486874
North Macedonia,Coal,2007,16.917696
North Macedonia,Coal,2008,17.337875
North Macedonia,Coal,2009,15.550031
North Macedonia,Coal,2010,15.057268
North Macedonia,Coal,2011,17.196571
North Macedonia,Coal,2012,16.186949
North Macedonia,Coal,2013,13.540367
North Macedonia,Coal,2014,12.5287895
North Macedonia,Coal,2015,11.296521
North Macedonia,Coal,2016,10.188275
North Macedonia,Coal,2017,11.13589
North Macedonia,Coal,2018,10.049073
North Macedonia,Coal,2019,11.909485
North Macedonia,Coal,2020,8.174519
North Macedonia,Coal,2021,7.0944376
North Macedonia,Coal,2022,8.317619
Norway,Coal,2000,11.5451565
Norway,Coal,2001,10.288382
Norway,Coal,2002,8.922321
Norway,Coal,2003,8.711558
Norway,Coal,2004,9.83563
Norway,Coal,2005,8.399316
Norway,Coal,2006,7.2049894
Norway,Coal,2007,7.9231462
Norway,Coal,2008,8.165134
Norway,Coal,2009,6.4999995
Norway,Coal,2010,8.861111
Norway,Coal,2011,9.833333
Norway,Coal,2012,9.527778
Norway,Coal,2013,9.027778
Norway,Coal,2014,9.888888
Norway,Coal,2015,8.862735
Norway,Coal,2016,9.100231
Norway,Coal,2017,9.513363
Norway,Coal,2018,9.290532
Norway,Coal,2019,9.07454
Norway,Coal,2020,8.976604
Norway,Coal,2021,9.790111
Norway,Coal,2022,9.335043
Oman,Coal,2000,0.002903139
Oman,Coal,2001,0.001639556
Oman,Coal,2002,0.003904917
Oman,Coal,2004,0.009284611
Oman,Coal,2005,0.003650889
Oman,Coal,2006,0.035779163
Oman,Coal,2007,0.008164
Oman,Coal,2008,0.013950194
Oman,Coal,2009,0.016285306
Oman,Coal,2010,0.3446064
Oman,Coal,2011,0.11837333
Oman,Coal,2012,0.35913944
Oman,Coal,2013,0.5224439
Oman,Coal,2014,0.41572553
Oman,Coal,2015,0.5721903
Oman,Coal,2016,0.64058
Oman,Coal,2017,0.8834947
Oman,Coal,2018,0.8663694
Oman,Coal,2019,0.97515744
Oman,Coal,2020,1.1217446
Oman,Coal,2021,0.97774804
Oman,Coal,2022,0.97774804
Pakistan,Coal,2000,23.58564
Pakistan,Coal,2001,24.48115
Pakistan,Coal,2002,27.4468
Pakistan,Coal,2003,35.223816
Pakistan,Coal,2004,39.279713
Pakistan,Coal,2005,43.60852
Pakistan,Coal,2006,46.207226
Pakistan,Coal,2007,63.226902
Pakistan,Coal,2008,69.673096
Pakistan,Coal,2009,57.295914
Pakistan,Coal,2010,53.84872
Pakistan,Coal,2011,46.427776
Pakistan,Coal,2012,47.08847
Pakistan,Coal,2013,37.305233
Pakistan,Coal,2014,54.99725
Pakistan,Coal,2015,54.262775
Pakistan,Coal,2016,62.120884
Pakistan,Coal,2017,83.12105
Pakistan,Coal,2018,137.64632
Pakistan,Coal,2019,156.56241
Pakistan,Coal,2020,181.74779
Pakistan,Coal,2021,200.75873
Pakistan,Coal,2022,177.12915
Peru,Coal,2000,7.3238883
Peru,Coal,2001,6.6452775
Peru,Coal,2002,9.1
Peru,Coal,2003,9.765555
Peru,Coal,2004,10.559443
Peru,Coal,2005,10.716666
Peru,Coal,2006,9.118055
Peru,Coal,2007,12.038889
Peru,Coal,2008,10.734722
Peru,Coal,2009,9.643888
Peru,Coal,2010,9.457777
Peru,Coal,2011,9.511666
Peru,Coal,2012,10.151944
Peru,Coal,2013,10.23861
Peru,Coal,2014,10.111112
Peru,Coal,2015,9.424167
Peru,Coal,2016,10.047221
Peru,Coal,2017,8.715277
Peru,Coal,2018,7.86575
Peru,Coal,2019,8.185528
Peru,Coal,2020,5.945166
Peru,Coal,2021,5.980305
Peru,Coal,2022,8.137307
Philippines,Coal,2000,53.77712
Philippines,Coal,2001,52.4513
Philippines,Coal,2002,49.16001
Philippines,Coal,2003,50.043888
Philippines,Coal,2004,52.707157
Philippines,Coal,2005,61.836708
Philippines,Coal,2006,58.603565
Philippines,Coal,2007,62.69733
Philippines,Coal,2008,73.92028
Philippines,Coal,2009,70.559204
Philippines,Coal,2010,81.77052
Philippines,Coal,2011,89.85338
Philippines,Coal,2012,94.02855
Philippines,Coal,2013,116.334885
Philippines,Coal,2014,123.76646
Philippines,Coal,2015,135.08244
Philippines,Coal,2016,152.19017
Philippines,Coal,2017,179.97424
Philippines,Coal,2018,190.13885
Philippines,Coal,2019,203.31123
Philippines,Coal,2020,204.06207
Philippines,Coal,2021,219.96307
Philippines,Coal,2022,233.03395
Poland,Coal,2000,654.1142
Poland,Coal,2001,646.4082
Poland,Coal,2002,634.1711
Poland,Coal,2003,652.89545
Poland,Coal,2004,633.70966
Poland,Coal,2005,641.023
Poland,Coal,2006,667.58386
Poland,Coal,2007,650.67
Poland,Coal,2008,642.1825
Poland,Coal,2009,602.8747
Poland,Coal,2010,640.523
Poland,Coal,2011,639.2178
Poland,Coal,2012,595.79724
Poland,Coal,2013,620.8222
Poland,Coal,2014,575.0486
Poland,Coal,2015,566.04724
Poland,Coal,2016,575.66943
Poland,Coal,2017,578.87915
Poland,Coal,2018,579.1753
Poland,Coal,2019,516.0783
Poland,Coal,2020,478.4086
Poland,Coal,2021,529.1506
Poland,Coal,2022,501.4305
Portugal,Coal,2000,43.173363
Portugal,Coal,2001,36.919003
Portugal,Coal,2002,40.703857
Portugal,Coal,2003,38.967873
Portugal,Coal,2004,38.553112
Portugal,Coal,2005,38.79613
Portugal,Coal,2006,38.414658
Portugal,Coal,2007,33.43719
Portugal,Coal,2008,29.261322
Portugal,Coal,2009,33.21664
Portugal,Coal,2010,19.161901
Portugal,Coal,2011,25.828568
Portugal,Coal,2012,33.851383
Portugal,Coal,2013,30.815416
Portugal,Coal,2014,31.157421
Portugal,Coal,2015,37.914043
Portugal,Coal,2016,33.09898
Portugal,Coal,2017,37.762608
Portugal,Coal,2018,31.66849
Portugal,Coal,2019,14.518099
Portugal,Coal,2020,6.5792556
Portugal,Coal,2021,2.274579
Portugal,Coal,2022,0.10467
Qatar,Coal,2012,0.053096388
Qatar,Coal,2013,0.07565445
Qatar,Coal,2014,0.47915915
Qatar,Coal,2015,0.2833572
Qatar,Coal,2016,0.29937223
Qatar,Coal,2017,0.32651833
Qatar,Coal,2018,0.4667772
Qatar,Coal,2019,0.4123775
Qatar,Coal,2020,0.07488333
Qatar,Coal,2021,0.02859861
Qatar,Coal,2022,0.11497805
Romania,Coal,2000,85.53638
Romania,Coal,2001,88.45867
Romania,Coal,2002,95.27037
Romania,Coal,2003,106.61747
Romania,Coal,2004,104.841866
Romania,Coal,2005,99.98216
Romania,Coal,2006,113.25408
Romania,Coal,2007,114.20869
Romania,Coal,2008,109.88726
Romania,Coal,2009,87.61162
Romania,Coal,2010,81.89478
Romania,Coal,2011,95.46504
Romania,Coal,2012,88.00536
Romania,Coal,2013,68.355545
Romania,Coal,2014,67.58777
Romania,Coal,2015,70.08958
Romania,Coal,2016,62.37897
Romania,Coal,2017,62.510082
Romania,Coal,2018,59.62158
Romania,Coal,2019,57.781013
Romania,Coal,2020,41.721542
Romania,Coal,2021,47.12719
Romania,Coal,2022,45.835896
Russia,Coal,2000,1230.0566
Russia,Coal,2001,1199.908
Russia,Coal,2002,1204.9393
Russia,Coal,2003,1212.4135
Russia,Coal,2004,1161.7518
Russia,Coal,2005,1099.9026
Russia,Coal,2006,1128.3627
Russia,Coal,2007,1092.2435
Russia,Coal,2008,1171.354
Russia,Coal,2009,1071.749
Russia,Coal,2010,1053.0176
Russia,Coal,2011,1093.4177
Russia,Coal,2012,1144.6897
Russia,Coal,2013,1052.7126
Russia,Coal,2014,1018.22736
Russia,Coal,2015,1071.3556
Russia,Coal,2016,1037.9774
Russia,Coal,2017,976.1059
Russia,Coal,2018,1007.8558
Russia,Coal,2019,990.7597
Russia,Coal,2020,914.2343
Russia,Coal,2021,951.6829
Russia,Coal,2022,887.35596
Saudi Arabia,Coal,2001,0.09176527
Saudi Arabia,Coal,2002,0.14420277
Saudi Arabia,Coal,2003,0.18353084
Saudi Arabia,Coal,2004,0.16386665
Saudi Arabia,Coal,2005,0.32532138
Saudi Arabia,Coal,2006,0.23053417
Saudi Arabia,Coal,2007,0.6451761
Saudi Arabia,Coal,2008,0.7464194
Saudi Arabia,Coal,2009,0.2734739
Saudi Arabia,Coal,2010,0.7860291
Saudi Arabia,Coal,2011,0.76566386
Saudi Arabia,Coal,2012,0.89776665
Saudi Arabia,Coal,2013,1.1490005
Saudi Arabia,Coal,2014,1.5928696
Saudi Arabia,Coal,2015,1.0364242
Saudi Arabia,Coal,2016,0.8553122
Saudi Arabia,Coal,2017,1.3395644
Saudi Arabia,Coal,2018,1.1144836
Saudi Arabia,Coal,2019,1.172558
Saudi Arabia,Coal,2020,1.0281849
Saudi Arabia,Coal,2021,1.2788855
Saudi Arabia,Coal,2022,1.2788855
Singapore,Coal,2002,0.07832805
Singapore,Coal,2003,0.101832226
Singapore,Coal,2004,0.08042138
Singapore,Coal,2005,0.097691946
Singapore,Coal,2006,0.058149997
Singapore,Coal,2007,0.09420305
Singapore,Coal,2008,0.056986943
Singapore,Coal,2009,0.04652
Singapore,Coal,2010,0.09071389
Singapore,Coal,2011,0.07443195
Singapore,Coal,2012,0.28958693
Singapore,Coal,2013,3.0645049
Singapore,Coal,2014,4.5182548
Singapore,Coal,2015,4.726432
Singapore,Coal,2016,4.95438
Singapore,Coal,2017,10.446066
Singapore,Coal,2018,5.5521617
Singapore,Coal,2019,5.3252683
Singapore,Coal,2020,5.036953
Singapore,Coal,2021,5.397483
Singapore,Coal,2022,4.814323
Slovakia,Coal,2000,49.753967
Slovakia,Coal,2001,51.43757
Slovakia,Coal,2002,49.823803
Slovakia,Coal,2003,53.990612
Slovakia,Coal,2004,52.956886
Slovakia,Coal,2005,49.09387
Slovakia,Coal,2006,51.19868
Slovakia,Coal,2007,45.880035
Slovakia,Coal,2008,45.75521
Slovakia,Coal,2009,44.54377
Slovakia,Coal,2010,44.787094
Slovakia,Coal,2011,42.45844
Slovakia,Coal,2012,40.04157
Slovakia,Coal,2013,39.80115
Slovakia,Coal,2014,39.089558
Slovakia,Coal,2015,37.68276
Slovakia,Coal,2016,37.193085
Slovakia,Coal,2017,38.865448
Slovakia,Coal,2018,38.57444
Slovakia,Coal,2019,31.427668
Slovakia,Coal,2020,26.940102
Slovakia,Coal,2021,32.704887
Slovakia,Coal,2022,29.302374
Slovenia,Coal,2000,15.787771
Slovenia,Coal,2001,16.738373
Slovenia,Coal,2002,18.233456
Slovenia,Coal,2003,17.301334
Slovenia,Coal,2004,17.590212
Slovenia,Coal,2005,17.650805
Slovenia,Coal,2006,17.99839
Slovenia,Coal,2007,18.29556
Slovenia,Coal,2008,17.627079
Slovenia,Coal,2009,16.366154
Slovenia,Coal,2010,16.697203
Slovenia,Coal,2011,16.927105
Slovenia,Coal,2012,16.072124
Slovenia,Coal,2013,15.524713
Slovenia,Coal,2014,12.253065
Slovenia,Coal,2015,12.382635
Slovenia,Coal,2016,13.235521
Slovenia,Coal,2017,13.194513
Slovenia,Coal,2018,12.8988905
Slovenia,Coal,2019,12.19452
Slovenia,Coal,2020,11.74366
Slovenia,Coal,2021,10.787278
Slovenia,Coal,2022,8.296195
South Africa,Coal,2000,867.96533
South Africa,Coal,2001,871.0688
South Africa,Coal,2002,828.59814
South Africa,Coal,2003,920.9662
South Africa,Coal,2004,1009.1068
South Africa,Coal,2005,930.26404
South Africa,Coal,2006,947.52783
South Africa,Coal,2007,972.9775
South Africa,Coal,2008,1085.5026
South Africa,Coal,2009,1091.1694
South Africa,Coal,2010,1079.5361
South Africa,Coal,2011,1052.6561
South Africa,Coal,2012,1027.3839
South Africa,Coal,2013,1027.6122
South Africa,Coal,2014,1040.7196
South Africa,Coal,2015,976.4878
South Africa,Coal,2016,1050.054
South Africa,Coal,2017,1032.9447
South Africa,Coal,2018,980.26025
South Africa,Coal,2019,1044.748
South Africa,Coal,2020,1015.7037
South Africa,Coal,2021,974.9811
South Africa,Coal,2022,920.3187
South America,Coal,2000,236.40985
South America,Coal,2001,222.49557
South America,Coal,2002,212.98389
South America,Coal,2003,222.6734
South America,Coal,2004,234.2243
South America,Coal,2005,220.90196
South America,Coal,2006,255.3773
South America,Coal,2007,272.51825
South America,Coal,2008,292.82364
South America,Coal,2009,245.31587
South America,Coal,2010,301.7665
South America,Coal,2011,318.62106
South America,Coal,2012,336.93686
South America,Coal,2013,365.95923
South America,Coal,2014,383.0173
South America,Coal,2015,374.87225
South America,Coal,2016,359.15805
South America,Coal,2017,355.84033
South America,Coal,2018,345.50964
South America,Coal,2019,337.7534
South America,Coal,2020,300.64786
South America,Coal,2021,331.6942
South America,Coal,2022,276.2768
South Korea,Coal,2000,499.2131
South Korea,Coal,2001,531.7724
South Korea,Coal,2002,571.3901
South Korea,Coal,2003,594.5768
South Korea,Coal,2004,618.6974
South Korea,Coal,2005,637.27167
South Korea,Coal,2006,658.86743
South Korea,Coal,2007,693.7644
South Korea,Coal,2008,768.74066
South Korea,Coal,2009,797.7598
South Korea,Coal,2010,897.1591
South Korea,Coal,2011,973.2844
South Korea,Coal,2012,937.80133
South Korea,Coal,2013,948.3567
South Korea,Coal,2014,981.5569
South Korea,Coal,2015,993.21594
South Korea,Coal,2016,947.8368
South Korea,Coal,2017,1002.235
South Korea,Coal,2018,1007.7488
South Korea,Coal,2019,955.3661
South Korea,Coal,2020,840.1593
South Korea,Coal,2021,843.5401
South Korea,Coal,2022,798.56226
South and Central America (EI),Coal,2000,243.51869
South and Central America (EI),Coal,2001,230.52597
South and Central America (EI),Coal,2002,229.72903
South and Central America (EI),Coal,2003,243.34047
South and Central America (EI),Coal,2004,258.01733
South and Central America (EI),Coal,2005,241.30214
South and Central America (EI),Coal,2006,279.90622
South and Central America (EI),Coal,2007,299.82928
South and Central America (EI),Coal,2008,319.30453
South and Central America (EI),Coal,2009,269.8386
South and Central America (EI),Coal,2010,325.32047
South and Central America (EI),Coal,2011,346.95157
South and Central America (EI),Coal,2012,365.09998
South and Central America (EI),Coal,2013,398.9492
South and Central America (EI),Coal,2014,418.46048
South and Central America (EI),Coal,2015,411.95544
South and Central America (EI),Coal,2016,397.762
South and Central America (EI),Coal,2017,387.80396
South and Central America (EI),Coal,2018,381.45264
South and Central America (EI),Coal,2019,387.2776
South and Central America (EI),Coal,2020,357.40094
South and Central America (EI),Coal,2021,391.47342
South and Central America (EI),Coal,2022,329.3064
Spain,Coal,2000,243.48569
Spain,Coal,2001,222.92383
Spain,Coal,2002,251.18472
Spain,Coal,2003,234.10027
Spain,Coal,2004,244.79987
Spain,Coal,2005,238.56618
Spain,Coal,2006,208.27003
Spain,Coal,2007,233.0303
Spain,Coal,2008,157.05151
Spain,Coal,2009,109.6709
Spain,Coal,2010,80.212105
Spain,Coal,2011,148.75934
Spain,Coal,2012,180.17195
Spain,Coal,2013,132.5471
Spain,Coal,2014,135.36157
Spain,Coal,2015,159.17296
Spain,Coal,2016,122.0701
Spain,Coal,2017,156.40977
Spain,Coal,2018,134.02187
Spain,Coal,2019,58.98408
Spain,Coal,2020,34.386036
Spain,Coal,2021,35.731247
Spain,Coal,2022,46.911194
Sri Lanka,Coal,2000,0.003956528
Sri Lanka,Coal,2001,0.001025767
Sri Lanka,Coal,2002,0.12653555
Sri Lanka,Coal,2003,0.69488305
Sri Lanka,Coal,2004,0.1828061
Sri Lanka,Coal,2005,0.67949665
Sri Lanka,Coal,2006,0.5096592
Sri Lanka,Coal,2007,0.49720332
Sri Lanka,Coal,2008,0.67033803
Sri Lanka,Coal,2009,0.68228084
Sri Lanka,Coal,2010,0.697008
Sri Lanka,Coal,2011,3.478508
Sri Lanka,Coal,2012,5.303183
Sri Lanka,Coal,2013,5.578877
Sri Lanka,Coal,2014,10.707201
Sri Lanka,Coal,2015,14.409015
Sri Lanka,Coal,2016,15.254024
Sri Lanka,Coal,2017,15.801332
Sri Lanka,Coal,2018,15.269992
Sri Lanka,Coal,2019,16.297167
Sri Lanka,Coal,2020,19.583334
Sri Lanka,Coal,2021,18.783527
Sri Lanka,Coal,2022,16.955885
Sweden,Coal,2000,29.83794
Sweden,Coal,2001,32.333935
Sweden,Coal,2002,34.7224
Sweden,Coal,2003,34.043278
Sweden,Coal,2004,35.024788
Sweden,Coal,2005,32.01512
Sweden,Coal,2006,35.34985
Sweden,Coal,2007,32.93782
Sweden,Coal,2008,32.947243
Sweden,Coal,2009,23.227459
Sweden,Coal,2010,32.030727
Sweden,Coal,2011,28.601309
Sweden,Coal,2012,24.52861
Sweden,Coal,2013,25.037483
Sweden,Coal,2014,23.48541
Sweden,Coal,2015,23.468327
Sweden,Coal,2016,23.028597
Sweden,Coal,2017,22.96996
Sweden,Coal,2018,23.032448
Sweden,Coal,2019,22.852985
Sweden,Coal,2020,18.931768
Sweden,Coal,2021,19.137384
Sweden,Coal,2022,20.314974
Switzerland,Coal,2000,1.6027778
Switzerland,Coal,2001,1.675
Switzerland,Coal,2002,1.5444444
Switzerland,Coal,2003,1.5861111
Switzerland,Coal,2004,1.5055555
Switzerland,Coal,2005,1.6777776
Switzerland,Coal,2006,1.811111
Switzerland,Coal,2007,2.0277777
Switzerland,Coal,2008,1.8222222
Switzerland,Coal,2009,1.7194444
Switzerland,Coal,2010,1.7249999
Switzerland,Coal,2011,1.5944444
Switzerland,Coal,2012,1.436111
Switzerland,Coal,2013,1.5472221
Switzerland,Coal,2014,1.5833334
Switzerland,Coal,2015,1.4472222
Switzerland,Coal,2016,1.3305556
Switzerland,Coal,2017,1.2805556
Switzerland,Coal,2018,1.1916666
Switzerland,Coal,2019,1.0583333
Switzerland,Coal,2020,1.0166667
Switzerland,Coal,2021,1.0277778
Switzerland,Coal,2022,1.0277778
Taiwan,Coal,2000,326.856
Taiwan,Coal,2001,342.99756
Taiwan,Coal,2002,371.88583
Taiwan,Coal,2003,396.44775
Taiwan,Coal,2004,412.37943
Taiwan,Coal,2005,419.94257
Taiwan,Coal,2006,440.8106
Taiwan,Coal,2007,461.68237
Taiwan,Coal,2008,442.00507
Taiwan,Coal,2009,421.60492
Taiwan,Coal,2010,452.32077
Taiwan,Coal,2011,468.85687
Taiwan,Coal,2012,458.43033
Taiwan,Coal,2013,467.62402
Taiwan,Coal,2014,472.62485
Taiwan,Coal,2015,458.4512
Taiwan,Coal,2016,464.03384
Taiwan,Coal,2017,471.06088
Taiwan,Coal,2018,473.56342
Taiwan,Coal,2019,464.15848
Taiwan,Coal,2020,433.8346
Taiwan,Coal,2021,465.73355
Taiwan,Coal,2022,439.27582
Thailand,Coal,2000,91.6959
Thailand,Coal,2001,102.077644
Thailand,Coal,2002,108.9419
Thailand,Coal,2003,111.272194
Thailand,Coal,2004,124.67288
Thailand,Coal,2005,134.76213
Thailand,Coal,2006,143.81845
Thailand,Coal,2007,161.62822
Thailand,Coal,2008,174.30933
Thailand,Coal,2009,174.89502
Thailand,Coal,2010,179.48473
Thailand,Coal,2011,182.51888
Thailand,Coal,2012,191.56169
Thailand,Coal,2013,188.53526
Thailand,Coal,2014,207.87042
Thailand,Coal,2015,204.07373
Thailand,Coal,2016,208.03029
Thailand,Coal,2017,208.8567
Thailand,Coal,2018,222.66977
Thailand,Coal,2019,198.45288
Thailand,Coal,2020,212.18327
Thailand,Coal,2021,217.27417
Thailand,Coal,2022,197.55916
Turkey,Coal,2000,261.22144
Turkey,Coal,2001,214.60838
Turkey,Coal,2002,224.14499
Turkey,Coal,2003,242.09007
Turkey,Coal,2004,256.86017
Turkey,Coal,2005,257.6859
Turkey,Coal,2006,304.33383
Turkey,Coal,2007,342.6663
Turkey,Coal,2008,344.20148
Turkey,Coal,2009,359.34375
Turkey,Coal,2010,365.62393
Turkey,Coal,2011,394.01044
Turkey,Coal,2012,424.43686
Turkey,Coal,2013,367.0916
Turkey,Coal,2014,420.1454
Turkey,Coal,2015,404.02606
Turkey,Coal,2016,447.26016
Turkey,Coal,2017,458.9118
Turkey,Coal,2018,475.22025
Turkey,Coal,2019,487.52646
Turkey,Coal,2020,472.36676
Turkey,Coal,2021,482.32193
Turkey,Coal,2022,484.84363
Ukraine,Coal,2000,448.2814
Ukraine,Coal,2001,436.4513
Ukraine,Coal,2002,439.19794
Ukraine,Coal,2003,451.35873
Ukraine,Coal,2004,428.85007
Ukraine,Coal,2005,433.76498
Ukraine,Coal,2006,466.3887
Ukraine,Coal,2007,496.1009
Ukraine,Coal,2008,486.11075
Ukraine,Coal,2009,417.1681
Ukraine,Coal,2010,444.85913
Ukraine,Coal,2011,482.5287
Ukraine,Coal,2012,496.81033
Ukraine,Coal,2013,481.796
Ukraine,Coal,2014,413.74887
Ukraine,Coal,2015,318.0107
Ukraine,Coal,2016,377.3935
Ukraine,Coal,2017,299.5539
Ukraine,Coal,2018,326.27963
Ukraine,Coal,2019,303.2639
Ukraine,Coal,2020,265.7106
Ukraine,Coal,2021,264.8816
Ukraine,Coal,2022,144.07051
United Arab Emirates,Coal,2001,0.21500388
United Arab Emirates,Coal,2002,1.0964997
United Arab Emirates,Coal,2003,1.2899997
United Arab Emirates,Coal,2004,1.4619956
United Arab Emirates,Coal,2005,1.6913275
United Arab Emirates,Coal,2006,3.2751706
United Arab Emirates,Coal,2007,1.5766675
United Arab Emirates,Coal,2008,3.9918344
United Arab Emirates,Coal,2009,3.1852243
United Arab Emirates,Coal,2010,7.652819
United Arab Emirates,Coal,2011,5.1739426
United Arab Emirates,Coal,2012,16.076893
United Arab Emirates,Coal,2013,20.58097
United Arab Emirates,Coal,2014,22.946222
United Arab Emirates,Coal,2015,19.941587
United Arab Emirates,Coal,2016,21.4059
United Arab Emirates,Coal,2017,24.76027
United Arab Emirates,Coal,2018,22.332268
United Arab Emirates,Coal,2019,20.668407
United Arab Emirates,Coal,2020,24.812746
United Arab Emirates,Coal,2021,27.505568
United Arab Emirates,Coal,2022,28.538933
United Kingdom,Coal,2000,427.1478
United Kingdom,Coal,2001,452.54538
United Kingdom,Coal,2002,415.30847
United Kingdom,Coal,2003,443.14835
United Kingdom,Coal,2004,432.50574
United Kingdom,Coal,2005,440.46332
United Kingdom,Coal,2006,480.9891
United Kingdom,Coal,2007,452.89124
United Kingdom,Coal,2008,420.3333
United Kingdom,Coal,2009,346.69504
United Kingdom,Coal,2010,354.80872
United Kingdom,Coal,2011,357.704
United Kingdom,Coal,2012,451.25424
United Kingdom,Coal,2013,434.92456
United Kingdom,Coal,2014,351.19412
United Kingdom,Coal,2015,277.32315
United Kingdom,Coal,2016,141.17226
United Kingdom,Coal,2017,114.2266
United Kingdom,Coal,2018,96.78637
United Kingdom,Coal,2019,69.04289
United Kingdom,Coal,2020,63.38257
United Kingdom,Coal,2021,65.80684
United Kingdom,Coal,2022,58.722347
United States of America,Coal,2000,6286.536
United States of America,Coal,2001,6101.3154
United States of America,Coal,2002,6098.454
United States of America,Coal,2003,6214.537
United States of America,Coal,2004,6254.9824
United States of America,Coal,2005,6346.9565
United States of America,Coal,2006,6249.6826
United States of America,Coal,2007,6333.8496
United States of America,Coal,2008,6233.0547
United States of America,Coal,2009,5482.3765
United States of America,Coal,2010,5800.5415
United States of America,Coal,2011,5473.0713
United States of America,Coal,2012,4838.4043
United States of America,Coal,2013,5022.2715
United States of America,Coal,2014,5010.856
United States of America,Coal,2015,4329.0776
United States of America,Coal,2016,3960.741
United States of America,Coal,2017,3852.5925
United States of America,Coal,2018,3689.4585
United States of America,Coal,2019,3150.46
United States of America,Coal,2020,2556.1814
United States of America,Coal,2021,2936.8943
United States of America,Coal,2022,2741.2214
Uzbekistan,Coal,2000,11.003521
Uzbekistan,Coal,2001,9.22359
Uzbekistan,Coal,2002,9.822983
Uzbekistan,Coal,2003,7.661995
Uzbekistan,Coal,2004,10.35431
Uzbekistan,Coal,2005,9.831249
Uzbekistan,Coal,2006,10.694142
Uzbekistan,Coal,2007,9.210256
Uzbekistan,Coal,2008,11.6313715
Uzbekistan,Coal,2009,11.0725765
Uzbekistan,Coal,2010,9.231049
Uzbekistan,Coal,2011,9.882212
Uzbekistan,Coal,2012,13.372362
Uzbekistan,Coal,2013,19.96948
Uzbekistan,Coal,2014,18.376455
Uzbekistan,Coal,2015,14.784921
Uzbekistan,Coal,2016,17.464579
Uzbekistan,Coal,2017,16.491726
Uzbekistan,Coal,2018,23.624329
Uzbekistan,Coal,2019,20.912853
Uzbekistan,Coal,2020,28.659058
Uzbekistan,Coal,2021,25.81105
Uzbekistan,Coal,2022,28.67892
Venezuela,Coal,2000,1.5366952
Venezuela,Coal,2001,0.568835
Venezuela,Coal,2002,0.21224749
Venezuela,Coal,2003,0.5009158
Venezuela,Coal,2005,0.43298498
Venezuela,Coal,2006,2.878111
Venezuela,Coal,2007,1.6130924
Venezuela,Coal,2008,1.6385738
Venezuela,Coal,2009,2.7592523
Venezuela,Coal,2010,2.317766
Venezuela,Coal,2011,2.3856852
Venezuela,Coal,2012,2.4536042
Venezuela,Coal,2013,2.4451144
Venezuela,Coal,2014,2.2922962
Venezuela,Coal,2015,1.5281994
Venezuela,Coal,2016,1.7149794
Venezuela,Coal,2017,0.95276445
Venezuela,Coal,2018,0.38110805
Venezuela,Coal,2019,0.7507281
Venezuela,Coal,2020,0.5255144
Venezuela,Coal,2021,0.47296304
Venezuela,Coal,2022,0.41601887
Vietnam,Coal,2000,54.536125
Vietnam,Coal,2001,59.599205
Vietnam,Coal,2002,68.05898
Vietnam,Coal,2003,79.2372
Vietnam,Coal,2004,103.84395
Vietnam,Coal,2005,108.74028
Vietnam,Coal,2006,66.61516
Vietnam,Coal,2007,72.92038
Vietnam,Coal,2008,138.26147
Vietnam,Coal,2009,129.73248
Vietnam,Coal,2010,169.25735
Vietnam,Coal,2011,201.71034
Vietnam,Coal,2012,187.22202
Vietnam,Coal,2013,199.97055
Vietnam,Coal,2014,241.61691
Vietnam,Coal,2015,305.12338
Vietnam,Coal,2016,330.17935
Vietnam,Coal,2017,329.9152
Vietnam,Coal,2018,439.51398
Vietnam,Coal,2019,580.6638
Vietnam,Coal,2020,609.74115
Vietnam,Coal,2021,599.0743
Vietnam,Coal,2022,569.2505
Algeria,Gas,2000,191.01292
Algeria,Gas,2001,197.32211
Algeria,Gas,2002,194.83887
Algeria,Gas,2003,205.93167
Algeria,Gas,2004,211.89917
Algeria,Gas,2005,223.55986
Algeria,Gas,2006,228.4975
Algeria,Gas,2007,233.80681
Algeria,Gas,2008,244.04187
Algeria,Gas,2009,262.1176
Algeria,Gas,2010,253.27225
Algeria,Gas,2011,267.9696
Algeria,Gas,2012,298.74075
Algeria,Gas,2013,321.21512
Algeria,Gas,2014,360.91824
Algeria,Gas,2015,379.225
Algeria,Gas,2016,385.9625
Algeria,Gas,2017,394.625
Algeria,Gas,2018,434.0875
Algeria,Gas,2019,450.54623
Algeria,Gas,2020,433.50037
Algeria,Gas,2021,477.015
Algeria,Gas,2022,442.74997
Argentina,Gas,2000,322.96722
Argentina,Gas,2001,302.35025
Argentina,Gas,2002,294.37573
Argentina,Gas,2003,336.2905
Argentina,Gas,2004,368.09125
Argentina,Gas,2005,392.89
Argentina,Gas,2006,406.505
Argentina,Gas,2007,427.12198
Argentina,Gas,2008,431.88724
Argentina,Gas,2009,418.3556
Argentina,Gas,2010,420.87415
Argentina,Gas,2011,438.3979
Argentina,Gas,2012,456.64206
Argentina,Gas,2013,460.2769
Argentina,Gas,2014,461.54977
Argentina,Gas,2015,466.52567
Argentina,Gas,2016,482.1001
Argentina,Gas,2017,483.00027
Argentina,Gas,2018,487.0214
Argentina,Gas,2019,465.58914
Argentina,Gas,2020,439.31244
Argentina,Gas,2021,459.3407
Argentina,Gas,2022,456.82983
Australia,Gas,2000,205.55078
Australia,Gas,2001,221.69318
Australia,Gas,2002,228.14816
Australia,Gas,2003,229.94289
Australia,Gas,2004,234.53601
Australia,Gas,2005,232.58981
Australia,Gas,2006,259.4306
Australia,Gas,2007,290.19815
Australia,Gas,2008,285.34958
Australia,Gas,2009,291.36435
Australia,Gas,2010,317.06424
Australia,Gas,2011,330.81964
Australia,Gas,2012,332.84848
Australia,Gas,2013,350.00482
Australia,Gas,2014,375.67746
Australia,Gas,2015,389.9496
Australia,Gas,2016,379.52664
Australia,Gas,2017,372.84402
Australia,Gas,2018,371.9078
Australia,Gas,2019,440.5704
Australia,Gas,2020,424.92896
Australia,Gas,2021,399.08533
Australia,Gas,2022,416.2641
Austria,Gas,2000,78.20515
Austria,Gas,2001,82.881966
Austria,Gas,2002,81.48537
Austria,Gas,2003,89.629715
Austria,Gas,2004,90.49233
Austria,Gas,2005,95.27706
Austria,Gas,2006,89.532005
Austria,Gas,2007,84.708954
Austria,Gas,2008,90.68554
Austria,Gas,2009,88.31914
Austria,Gas,2010,96.12812
Austria,Gas,2011,90.41807
Austria,Gas,2012,86.24141
Austria,Gas,2013,82.00461
Austria,Gas,2014,75.10976
Austria,Gas,2015,79.68095
Austria,Gas,2016,83.4219
Austria,Gas,2017,90.69854
Austria,Gas,2018,86.86919
Austria,Gas,2019,89.00441
Austria,Gas,2020,85.272484
Austria,Gas,2021,90.1387
Austria,Gas,2022,79.12825
Azerbaijan,Gas,2000,52.828648
Azerbaijan,Gas,2001,75.7764
Azerbaijan,Gas,2002,75.99123
Azerbaijan,Gas,2003,77.9247
Azerbaijan,Gas,2004,91.375175
Azerbaijan,Gas,2005,94.38427
Azerbaijan,Gas,2006,99.77681
Azerbaijan,Gas,2007,87.84967
Azerbaijan,Gas,2008,100.50773
Azerbaijan,Gas,2009,85.81977
Azerbaijan,Gas,2010,81.58022
Azerbaijan,Gas,2011,89.345276
Azerbaijan,Gas,2012,93.76557
Azerbaijan,Gas,2013,94.18168
Azerbaijan,Gas,2014,98.54446
Azerbaijan,Gas,2015,111.46552
Azerbaijan,Gas,2016,109.30647
Azerbaijan,Gas,2017,106.166046
Azerbaijan,Gas,2018,108.15812
Azerbaijan,Gas,2019,117.89236
Azerbaijan,Gas,2020,123.66787
Azerbaijan,Gas,2021,128.1744
Azerbaijan,Gas,2022,121.01472
Bangladesh,Gas,2000,90.58189
Bangladesh,Gas,2001,101.43208
Bangladesh,Gas,2002,106.71138
Bangladesh,Gas,2003,114.784294
Bangladesh,Gas,2004,123.40231
Bangladesh,Gas,2005,132.63358
Bangladesh,Gas,2006,143.63368
Bangladesh,Gas,2007,153.36371
Bangladesh,Gas,2008,163.7642
Bangladesh,Gas,2009,187.46738
Bangladesh,Gas,2010,192.53728
Bangladesh,Gas,2011,195.82149
Bangladesh,Gas,2012,213.36278
Bangladesh,Gas,2013,219.52786
Bangladesh,Gas,2014,230.2227
Bangladesh,Gas,2015,258.54062
Bangladesh,Gas,2016,264.50946
Bangladesh,Gas,2017,265.92673
Bangladesh,Gas,2018,274.29
Bangladesh,Gas,2019,309.34378
Bangladesh,Gas,2020,299.15314
Bangladesh,Gas,2021,305.9589
Bangladesh,Gas,2022,291.9801
Belarus,Gas,2000,151.93619
Belarus,Gas,2001,151.06563
Belarus,Gas,2002,155.4278
Belarus,Gas,2003,152.80676
Belarus,Gas,2004,185.34369
Belarus,Gas,2005,190.02661
Belarus,Gas,2006,193.94777
Belarus,Gas,2007,194.71536
Belarus,Gas,2008,199.4145
Belarus,Gas,2009,169.31981
Belarus,Gas,2010,207.28363
Belarus,Gas,2011,192.26184
Belarus,Gas,2012,194.10098
Belarus,Gas,2013,192.70277
Belarus,Gas,2014,191.2144
Belarus,Gas,2015,178.9891
Belarus,Gas,2016,177.87515
Belarus,Gas,2017,182.08755
Belarus,Gas,2018,193.14272
Belarus,Gas,2019,191.64499
Belarus,Gas,2020,177.51007
Belarus,Gas,2021,187.6169
Belarus,Gas,2022,184.62439
Belgium,Gas,2000,155.26274
Belgium,Gas,2001,153.37599
Belgium,Gas,2002,158.32524
Belgium,Gas,2003,168.66574
Belgium,Gas,2004,171.87999
Belgium,Gas,2005,168.93474
Belgium,Gas,2006,173.88899
Belgium,Gas,2007,175.19025
Belgium,Gas,2008,174.0145
Belgium,Gas,2009,175.74065
Belgium,Gas,2010,194.04001
Belgium,Gas,2011,165.24
Belgium,Gas,2012,167.4
Belgium,Gas,2013,165.33
Belgium,Gas,2014,144.63
Belgium,Gas,2015,158.499
Belgium,Gas,2016,161.89198
Belgium,Gas,2017,164.11499
Belgium,Gas,2018,168.741
Belgium,Gas,2019,173.86896
Belgium,Gas,2020,169.9818
Belgium,Gas,2021,169.60622
Belgium,Gas,2022,145.53444
Brazil,Gas,2000,97.04505
Brazil,Gas,2001,122.86193
Brazil,Gas,2002,145.16252
Brazil,Gas,2003,162.47292
Brazil,Gas,2004,193.22482
Brazil,Gas,2005,201.27115
Brazil,Gas,2006,211.69781
Brazil,Gas,2007,218.01636
Brazil,Gas,2008,256.60886
Brazil,Gas,2009,206.68614
Brazil,Gas,2010,275.7678
Brazil,Gas,2011,274.83426
Brazil,Gas,2012,325.76535
Brazil,Gas,2013,383.8277
Brazil,Gas,2014,406.55472
Brazil,Gas,2015,429.3654
Brazil,Gas,2016,370.8788
Brazil,Gas,2017,376.32028
Brazil,Gas,2018,358.90796
Brazil,Gas,2019,357.33347
Brazil,Gas,2020,314.23697
Brazil,Gas,2021,404.4645
Brazil,Gas,2022,319.7619
Bulgaria,Gas,2000,34.06825
Bulgaria,Gas,2001,28.639248
Bulgaria,Gas,2002,25.393
Bulgaria,Gas,2003,26.832998
Bulgaria,Gas,2004,26.19875
Bulgaria,Gas,2005,32.663998
Bulgaria,Gas,2006,33.656998
Bulgaria,Gas,2007,33.919
Bulgaria,Gas,2008,33.92125
Bulgaria,Gas,2009,24.263748
Bulgaria,Gas,2010,26.722748
Bulgaria,Gas,2011,30.594498
Bulgaria,Gas,2012,28.512249
Bulgaria,Gas,2013,27.543999
Bulgaria,Gas,2014,27.3615
Bulgaria,Gas,2015,30.0035
Bulgaria,Gas,2016,31.2505
Bulgaria,Gas,2017,32.1365
Bulgaria,Gas,2018,30.22925
Bulgaria,Gas,2019,28.30875
Bulgaria,Gas,2020,29.2065
Bulgaria,Gas,2021,33.02
Bulgaria,Gas,2022,27.0345
Canada,Gas,2000,892.2072
Canada,Gas,2001,840.42194
Canada,Gas,2002,874.6652
Canada,Gas,2003,897.84796
Canada,Gas,2004,878.19775
Canada,Gas,2005,875.9175
Canada,Gas,2006,870.735
Canada,Gas,2007,936.5643
Canada,Gas,2008,925.4387
Canada,Gas,2009,897.27527
Canada,Gas,2010,915.72095
Canada,Gas,2011,1005.50793
Canada,Gas,2012,994.2352
Canada,Gas,2013,1054.407
Canada,Gas,2014,1098.4153
Canada,Gas,2015,1103.3245
Canada,Gas,2016,1051.926
Canada,Gas,2017,1097.8177
Canada,Gas,2018,1162.0444
Canada,Gas,2019,1168.621
Canada,Gas,2020,1136.4077
Canada,Gas,2021,1169.7312
Canada,Gas,2022,1216.2826
Chile,Gas,2000,70.140526
Chile,Gas,2001,79.50152
Chile,Gas,2002,80.177216
Chile,Gas,2003,86.73886
Chile,Gas,2004,94.15018
Chile,Gas,2005,91.077576
Chile,Gas,2006,84.2835
Chile,Gas,2007,49.681034
Chile,Gas,2008,27.651487
Chile,Gas,2009,27.949215
Chile,Gas,2010,57.397537
Chile,Gas,2011,58.36515
Chile,Gas,2012,53.008377
Chile,Gas,2013,53.12584
Chile,Gas,2014,43.98931
Chile,Gas,2015,48.242855
Chile,Gas,2016,59.163006
Chile,Gas,2017,56.14597
Chile,Gas,2018,56.366688
Chile,Gas,2019,65.13059
Chile,Gas,2020,62.354355
Chile,Gas,2021,68.2293
Chile,Gas,2022,74.59519
China,Gas,2000,246.95747
China,Gas,2001,276.4577
China,Gas,2002,294.1357
China,Gas,2003,341.74728
China,Gas,2004,399.8397
China,Gas,2005,469.75107
China,Gas,2006,577.8375
China,Gas,2007,710.77893
China,Gas,2008,819.32904
China,Gas,2009,902.24023
China,Gas,2010,1088.7405
China,Gas,2011,1351.6287
China,Gas,2012,1508.7758
China,Gas,2013,1718.7853
China,Gas,2014,1883.6313
China,Gas,2015,1946.8953
China,Gas,2016,2094.411
China,Gas,2017,2412.5217
China,Gas,2018,2839.26
China,Gas,2019,3083.7683
China,Gas,2020,3366.1726
China,Gas,2021,3802.6792
China,Gas,2022,3757.0474
Colombia,Gas,2000,57.358074
Colombia,Gas,2001,59.38993
Colombia,Gas,2002,59.986813
Colombia,Gas,2003,57.499798
Colombia,Gas,2004,61.348198
Colombia,Gas,2005,64.46344
Colombia,Gas,2006,67.64682
Colombia,Gas,2007,71.61633
Colombia,Gas,2008,72.751144
Colombia,Gas,2009,83.79319
Colombia,Gas,2010,87.45138
Colombia,Gas,2011,85.14971
Colombia,Gas,2012,94.65898
Colombia,Gas,2013,104.77255
Colombia,Gas,2014,113.840614
Colombia,Gas,2015,112.117294
Colombia,Gas,2016,120.68478
Colombia,Gas,2017,118.30532
Colombia,Gas,2018,127.299385
Colombia,Gas,2019,128.70773
Colombia,Gas,2020,131.22676
Colombia,Gas,2021,126.26629
Colombia,Gas,2022,125.85035
Croatia,Gas,2000,25.6955
Croatia,Gas,2001,26.925
Croatia,Gas,2002,27.567
Croatia,Gas,2003,27.401749
Croatia,Gas,2004,28.418333
Croatia,Gas,2005,27.48239
Croatia,Gas,2006,27.17922
Croatia,Gas,2007,31.229944
Croatia,Gas,2008,30.270388
Croatia,Gas,2009,27.949888
Croatia,Gas,2010,30.614166
Croatia,Gas,2011,29.891666
Croatia,Gas,2012,28.066055
Croatia,Gas,2013,26.537943
Croatia,Gas,2014,23.485712
Croatia,Gas,2015,24.21231
Croatia,Gas,2016,25.243532
Croatia,Gas,2017,28.99667
Croatia,Gas,2018,26.658365
Croatia,Gas,2019,27.981422
Croatia,Gas,2020,29.368093
Croatia,Gas,2021,28.251804
Croatia,Gas,2022,24.369545
Czechia,Gas,2000,87.22675
Czechia,Gas,2001,93.413994
Czechia,Gas,2002,90.2725
Czechia,Gas,2003,91.20475
Czechia,Gas,2004,90.57324
Czechia,Gas,2005,89.590996
Czechia,Gas,2006,88.312744
Czechia,Gas,2007,84.1855
Czechia,Gas,2008,83.428246
Czechia,Gas,2009,79.1335
Czechia,Gas,2010,93.84875
Czechia,Gas,2011,79.1905
Czechia,Gas,2012,79.7365
Czechia,Gas,2013,80.78675
Czechia,Gas,2014,71.898
Czechia,Gas,2015,75.3945
Czechia,Gas,2016,81.59975
Czechia,Gas,2017,83.74774
Czechia,Gas,2018,79.82825
Czechia,Gas,2019,83.2495
Czechia,Gas,2020,84.62375
Czechia,Gas,2021,90.69425
Czechia,Gas,2022,73.764496
Denmark,Gas,2000,51.01935
Denmark,Gas,2001,53.31487
Denmark,Gas,2002,53.817955
Denmark,Gas,2003,54.409176
Denmark,Gas,2004,54.15029
Denmark,Gas,2005,52.00558
Denmark,Gas,2006,52.982906
Denmark,Gas,2007,47.48961
Denmark,Gas,2008,47.7161
Denmark,Gas,2009,45.82792
Denmark,Gas,2010,51.839787
Denmark,Gas,2011,43.473644
Denmark,Gas,2012,40.60289
Denmark,Gas,2013,38.297825
Denmark,Gas,2014,32.894382
Denmark,Gas,2015,33.092525
Denmark,Gas,2016,33.65253
Denmark,Gas,2017,32.162132
Denmark,Gas,2018,31.209858
Denmark,Gas,2019,28.977777
Denmark,Gas,2020,23.22588
Denmark,Gas,2021,23.69471
Denmark,Gas,2022,16.985794
Ecuador,Gas,2000,3.26803
Ecuador,Gas,2001,3.32618
Ecuador,Gas,2002,1.3242072
Ecuador,Gas,2003,2.3108554
Ecuador,Gas,2004,5.378899
Ecuador,Gas,2005,5.522699
Ecuador,Gas,2006,6.0344195
Ecuador,Gas,2007,5.4683084
Ecuador,Gas,2008,4.9879146
Ecuador,Gas,2009,5.878689
Ecuador,Gas,2010,6.189022
Ecuador,Gas,2011,5.6075635
Ecuador,Gas,2012,7.489686
Ecuador,Gas,2013,8.511817
Ecuador,Gas,2014,8.725521
Ecuador,Gas,2015,8.210332
Ecuador,Gas,2016,8.8630905
Ecuador,Gas,2017,8.23237
Ecuador,Gas,2018,7.2747273
Ecuador,Gas,2019,6.4958754
Ecuador,Gas,2020,5.5182943
Ecuador,Gas,2021,5.8204036
Ecuador,Gas,2022,5.497367
Egypt,Gas,2000,192.5
Egypt,Gas,2001,235.8125
Egypt,Gas,2002,255.06248
Egypt,Gas,2003,285.8625
Egypt,Gas,2004,305.1125
Egypt,Gas,2005,304.14996
Egypt,Gas,2006,351.31247
Egypt,Gas,2007,369.215
Egypt,Gas,2008,393.085
Egypt,Gas,2009,409.44748
Egypt,Gas,2010,434.18375
Egypt,Gas,2011,477.5925
Egypt,Gas,2012,506.37125
Egypt,Gas,2013,495.01373
Egypt,Gas,2014,462.18747
Egypt,Gas,2015,460.18768
Egypt,Gas,2016,493.5411
Egypt,Gas,2017,559.34143
Egypt,Gas,2018,595.9461
Egypt,Gas,2019,590.3862
Egypt,Gas,2020,583.08185
Egypt,Gas,2021,621.67096
Egypt,Gas,2022,607.4758
Estonia,Gas,2000,7.6992497
Estonia,Gas,2001,8.2625
Estonia,Gas,2002,6.9284997
Estonia,Gas,2003,7.9087496
Estonia,Gas,2004,9.008
Estonia,Gas,2005,9.30025
Estonia,Gas,2006,9.39875
Estonia,Gas,2007,9.342999
Estonia,Gas,2008,8.9609995
Estonia,Gas,2009,6.10725
Estonia,Gas,2010,6.542
Estonia,Gas,2011,5.85325
Estonia,Gas,2012,6.343
Estonia,Gas,2013,6.4535
Estonia,Gas,2014,5.0655003
Estonia,Gas,2015,4.541
Estonia,Gas,2016,4.9807496
Estonia,Gas,2017,4.8887925
Estonia,Gas,2018,5.003573
Estonia,Gas,2019,4.660554
Estonia,Gas,2020,4.3005
Estonia,Gas,2021,4.863189
Estonia,Gas,2022,3.621307
Europe,Gas,2000,9259.316
Europe,Gas,2001,9413.887
Europe,Gas,2002,9468.498
Europe,Gas,2003,9779.315
Europe,Gas,2004,10045.516
Europe,Gas,2005,10212.317
Europe,Gas,2006,10348
Europe,Gas,2007,10317.612
Europe,Gas,2008,10337.445
Europe,Gas,2009,9588.531
Europe,Gas,2010,10321.889
Europe,Gas,2011,9939.508
Europe,Gas,2012,9709.16
Europe,Gas,2013,9549.834
Europe,Gas,2014,8948.588
Europe,Gas,2015,8898.572
Europe,Gas,2016,9318.166
Europe,Gas,2017,9572.84
Europe,Gas,2018,9745.767
Europe,Gas,2019,9753.065
Europe,Gas,2020,9367.039
Europe,Gas,2021,10092.123
Europe,Gas,2022,8740.663
Finland,Gas,2000,39.41
Finland,Gas,2001,42.76
Finland,Gas,2002,42.46
Finland,Gas,2003,47
Finland,Gas,2004,45.28
Finland,Gas,2005,41.43
Finland,Gas,2006,44.28
Finland,Gas,2007,40.96
Finland,Gas,2008,41.880554
Finland,Gas,2009,37.38
Finland,Gas,2010,41.3
Finland,Gas,2011,36.12
Finland,Gas,2012,31.945
Finland,Gas,2013,29.706667
Finland,Gas,2014,26.556667
Finland,Gas,2015,22.87861
Finland,Gas,2016,20.076668
Finland,Gas,2017,18.324167
Finland,Gas,2018,21.012777
Finland,Gas,2019,20.338888
Finland,Gas,2020,20.718332
Finland,Gas,2021,20.775833
Finland,Gas,2022,10.825556
France,Gas,2000,415.9635
France,Gas,2001,436.684
France,Gas,2002,435.94272
France,Gas,2003,457.26825
France,Gas,2004,466.92523
France,Gas,2005,477.12573
France,Gas,2006,460.80548
France,Gas,2007,447.60925
France,Gas,2008,463.8645
France,Gas,2009,447.31073
France,Gas,2010,495.6445
France,Gas,2011,430.19037
France,Gas,2012,444.44296
France,Gas,2013,451.43152
France,Gas,2014,379.08353
France,Gas,2015,407.51764
France,Gas,2016,445.29938
France,Gas,2017,447.65695
France,Gas,2018,428.38385
France,Gas,2019,436.6204
France,Gas,2020,405.82837
France,Gas,2021,430.41394
France,Gas,2022,383.71768
Germany,Gas,2000,829.24585
Germany,Gas,2001,874.48193
Germany,Gas,2002,873.12775
Germany,Gas,2003,883.7197
Germany,Gas,2004,888.2105
Germany,Gas,2005,902.8105
Germany,Gas,2006,920.0689
Germany,Gas,2007,886.36194
Germany,Gas,2008,895.0063
Germany,Gas,2009,844.30115
Germany,Gas,2010,880.71246
Germany,Gas,2011,808.6072
Germany,Gas,2012,811.1005
Germany,Gas,2013,849.74335
Germany,Gas,2014,738.9503
Germany,Gas,2015,769.5361
Germany,Gas,2016,848.8475
Germany,Gas,2017,877.3847
Germany,Gas,2018,858.5072
Germany,Gas,2019,892.83026
Germany,Gas,2020,871.07495
Germany,Gas,2021,917.31525
Germany,Gas,2022,772.8999
Greece,Gas,2000,19.601875
Greece,Gas,2001,19.344769
Greece,Gas,2002,20.80514
Greece,Gas,2003,23.520193
Greece,Gas,2004,25.854729
Greece,Gas,2005,26.0325
Greece,Gas,2006,30.692999
Greece,Gas,2007,38.867813
Greece,Gas,2008,45.02978
Greece,Gas,2009,37.812714
Greece,Gas,2010,41.439564
Greece,Gas,2011,51.09987
Greece,Gas,2012,46.96464
Greece,Gas,2013,41.45214
Greece,Gas,2014,31.60299
Greece,Gas,2015,34.126534
Greece,Gas,2016,44.420002
Greece,Gas,2017,53.57
Greece,Gas,2018,52.450996
Greece,Gas,2019,57.583
Greece,Gas,2020,63.426598
Greece,Gas,2021,69.8031
Greece,Gas,2022,61.967
Hong Kong,Gas,2000,28.136944
Hong Kong,Gas,2001,28.3967
Hong Kong,Gas,2002,26.977533
Hong Kong,Gas,2003,17.347586
Hong Kong,Gas,2004,25.06098
Hong Kong,Gas,2005,25.118761
Hong Kong,Gas,2006,27.556843
Hong Kong,Gas,2007,25.744291
Hong Kong,Gas,2008,29.780863
Hong Kong,Gas,2009,28.922623
Hong Kong,Gas,2010,35.943127
Hong Kong,Gas,2011,28.62538
Hong Kong,Gas,2012,26.359234
Hong Kong,Gas,2013,24.833277
Hong Kong,Gas,2014,23.870398
Hong Kong,Gas,2015,30.456371
Hong Kong,Gas,2016,31.265652
Hong Kong,Gas,2017,31.161383
Hong Kong,Gas,2018,30.1735
Hong Kong,Gas,2019,31.161623
Hong Kong,Gas,2020,49.442585
Hong Kong,Gas,2021,48.25467
Hong Kong,Gas,2022,45.14507
Hungary,Gas,2000,112.30805
Hungary,Gas,2001,124.56472
Hungary,Gas,2002,125.72666
Hungary,Gas,2003,138.23471
Hungary,Gas,2004,136.21333
Hungary,Gas,2005,140.65251
Hungary,Gas,2006,133.24222
Hungary,Gas,2007,124.49722
Hungary,Gas,2008,122.822495
Hungary,Gas,2009,106.436386
Hungary,Gas,2010,114.15417
Hungary,Gas,2011,109.13528
Hungary,Gas,2012,97.39972
Hungary,Gas,2013,90.80139
Hungary,Gas,2014,81.19611
Hungary,Gas,2015,87.10667
Hungary,Gas,2016,93.36222
Hungary,Gas,2017,99.341385
Hungary,Gas,2018,96.22417
Hungary,Gas,2019,98.44
Hungary,Gas,2020,101.92972
Hungary,Gas,2021,108.104
Hungary,Gas,2022,91.7925
India,Gas,2000,253.62692
India,Gas,2001,254.27748
India,Gas,2002,265.54413
India,Gas,2003,284.26898
India,Gas,2004,306.69138
India,Gas,2005,343.25635
India,Gas,2006,358.77188
India,Gas,2007,388.1026
India,Gas,2008,399.87665
India,Gas,2009,491.08084
India,Gas,2010,589.6162
India,Gas,2011,602.85876
India,Gas,2012,556.9909
India,Gas,2013,490.193
India,Gas,2014,485.01566
India,Gas,2015,478.0684
India,Gas,2016,507.90982
India,Gas,2017,535.9986
India,Gas,2018,579.96277
India,Gas,2019,592.4984
India,Gas,2020,603.6012
India,Gas,2021,620.8639
India,Gas,2022,581.8393
Indonesia,Gas,2000,330.0515
Indonesia,Gas,2001,341.34586
Indonesia,Gas,2002,371.03445
Indonesia,Gas,2003,395.58176
Indonesia,Gas,2004,362.02185
Indonesia,Gas,2005,363.9356
Indonesia,Gas,2006,371.11362
Indonesia,Gas,2007,346.4204
Indonesia,Gas,2008,396.94687
Indonesia,Gas,2009,421.00803
Indonesia,Gas,2010,440.47586
Indonesia,Gas,2011,427.34302
Indonesia,Gas,2012,429.71207
Indonesia,Gas,2013,445.05484
Indonesia,Gas,2014,440.41812
Indonesia,Gas,2015,457.5555
Indonesia,Gas,2016,446.30768
Indonesia,Gas,2017,432.15338
Indonesia,Gas,2018,445.28586
Indonesia,Gas,2019,439.9881
Indonesia,Gas,2020,375.17645
Indonesia,Gas,2021,370.80698
Indonesia,Gas,2022,370.14996
Iran,Gas,2000,594.40875
Iran,Gas,2001,665.327
Iran,Gas,2002,782.20325
Iran,Gas,2003,802.7674
Iran,Gas,2004,932.5601
Iran,Gas,2005,970.46906
Iran,Gas,2006,1057.84
Iran,Gas,2007,1185.5222
Iran,Gas,2008,1257.8671
Iran,Gas,2009,1347.9441
Iran,Gas,2010,1443.894
Iran,Gas,2011,1531.9261
Iran,Gas,2012,1525.4553
Iran,Gas,2013,1538.3448
Iran,Gas,2014,1734.0094
Iran,Gas,2015,1840.1948
Iran,Gas,2016,1963.1904
Iran,Gas,2017,2050.0398
Iran,Gas,2018,2126.4338
Iran,Gas,2019,2183.8955
Iran,Gas,2020,2367.6733
Iran,Gas,2021,2364.6533
Iran,Gas,2022,2289.1401
Iraq,Gas,2000,29.925
Iraq,Gas,2001,26.22
Iraq,Gas,2002,22.419998
Iraq,Gas,2003,14.819999
Iraq,Gas,2004,9.5
Iraq,Gas,2005,13.775
Iraq,Gas,2006,13.775
Iraq,Gas,2007,45.42957
Iraq,Gas,2008,64.57625
Iraq,Gas,2009,68.5273
Iraq,Gas,2010,71.35259
Iraq,Gas,2011,63.0192
Iraq,Gas,2012,63.413452
Iraq,Gas,2013,70.72655
Iraq,Gas,2014,75.30834
Iraq,Gas,2015,73.01097
Iraq,Gas,2016,98.95578
Iraq,Gas,2017,114.268555
Iraq,Gas,2018,146.00446
Iraq,Gas,2019,194.92345
Iraq,Gas,2020,184.86945
Iraq,Gas,2021,168.46552
Iraq,Gas,2022,188.67082
Ireland,Gas,2000,40.042088
Ireland,Gas,2001,41.76333
Ireland,Gas,2002,42.86818
Ireland,Gas,2003,42.55417
Ireland,Gas,2004,42.48439
Ireland,Gas,2005,40.437508
Ireland,Gas,2006,45.90361
Ireland,Gas,2007,49.83455
Ireland,Gas,2008,52.20707
Ireland,Gas,2009,49.555428
Ireland,Gas,2010,54.672626
Ireland,Gas,2011,48.09005
Ireland,Gas,2012,46.903374
Ireland,Gas,2013,44.67215
Ireland,Gas,2014,43.282696
Ireland,Gas,2015,43.763687
Ireland,Gas,2016,49.20653
Ireland,Gas,2017,50.18881
Ireland,Gas,2018,52.10539
Ireland,Gas,2019,53.158844
Ireland,Gas,2020,53.08083
Ireland,Gas,2021,50.963886
Ireland,Gas,2022,51.999706
Israel,Gas,2000,0.091643326
Israel,Gas,2001,0.09598138
Israel,Gas,2002,0.08567833
Israel,Gas,2003,0.07781527
Israel,Gas,2004,11.39425
Israel,Gas,2005,15.702999
Israel,Gas,2006,21.92675
Israel,Gas,2007,26.235498
Israel,Gas,2008,36.097748
Israel,Gas,2009,40.0235
Israel,Gas,2010,51.130497
Israel,Gas,2011,47.492
Israel,Gas,2012,24.41625
Israel,Gas,2013,66.35475
Israel,Gas,2014,72.48275
Israel,Gas,2015,80.52575
Israel,Gas,2016,92.49449
Israel,Gas,2017,98.93848
Israel,Gas,2018,105.22925
Israel,Gas,2019,107.71874
Israel,Gas,2020,112.985
Israel,Gas,2021,116.59476
Israel,Gas,2022,112.869095
Italy,Gas,2000,678.785
Italy,Gas,2001,680.64575
Italy,Gas,2002,676.0286
Italy,Gas,2003,745.3318
Italy,Gas,2004,773.4183
Italy,Gas,2005,827.69543
Italy,Gas,2006,810.5877
Italy,Gas,2007,814.5612
Italy,Gas,2008,808.51514
Italy,Gas,2009,743.1756
Italy,Gas,2010,791.499
Italy,Gas,2011,742.16064
Italy,Gas,2012,713.5658
Italy,Gas,2013,667.40424
Italy,Gas,2014,589.7159
Italy,Gas,2015,643.1542
Italy,Gas,2016,675.4584
Italy,Gas,2017,715.7879
Italy,Gas,2018,692.14087
Italy,Gas,2019,707.9061
Italy,Gas,2020,676.2516
Italy,Gas,2021,723.73676
Italy,Gas,2022,652.6924
Japan,Gas,2000,756.65015
Japan,Gas,2001,777.2839
Japan,Gas,2002,760.4603
Japan,Gas,2003,834.98224
Japan,Gas,2004,806.0405
Japan,Gas,2005,827.27966
Japan,Gas,2006,885.50336
Japan,Gas,2007,953.9006
Japan,Gas,2008,990.99493
Japan,Gas,2009,924.7802
Japan,Gas,2010,999.3671
Japan,Gas,2011,1120.2524
Japan,Gas,2012,1232.1508
Japan,Gas,2013,1235.3688
Japan,Gas,2014,1247.5212
Japan,Gas,2015,1187.1764
Japan,Gas,2016,1164.1744
Japan,Gas,2017,1169.8649
Japan,Gas,2018,1157.0815
Japan,Gas,2019,1081.2328
Japan,Gas,2020,1041.275
Japan,Gas,2021,1036.1228
Japan,Gas,2022,1004.9831
Kazakhstan,Gas,2000,47.7995
Kazakhstan,Gas,2001,40.931976
Kazakhstan,Gas,2002,41.078304
Kazakhstan,Gas,2003,46.83375
Kazakhstan,Gas,2004,52.35442
Kazakhstan,Gas,2005,60.58933
Kazakhstan,Gas,2006,66.522194
Kazakhstan,Gas,2007,81.16604
Kazakhstan,Gas,2008,85.557655
Kazakhstan,Gas,2009,80.93388
Kazakhstan,Gas,2010,87.56788
Kazakhstan,Gas,2011,98.736694
Kazakhstan,Gas,2012,107.33574
Kazakhstan,Gas,2013,111.82619
Kazakhstan,Gas,2014,148.29568
Kazakhstan,Gas,2015,138.02618
Kazakhstan,Gas,2016,150.1451
Kazakhstan,Gas,2017,167.25644
Kazakhstan,Gas,2018,166.70808
Kazakhstan,Gas,2019,197.04109
Kazakhstan,Gas,2020,176.56163
Kazakhstan,Gas,2021,216.16681
Kazakhstan,Gas,2022,217.13852
Kuwait,Gas,2000,91.2
Kuwait,Gas,2001,90.25
Kuwait,Gas,2002,82.744995
Kuwait,Gas,2003,95
Kuwait,Gas,2004,103.549995
Kuwait,Gas,2005,116.84999
Kuwait,Gas,2006,117.895
Kuwait,Gas,2007,106.96999
Kuwait,Gas,2008,120.649994
Kuwait,Gas,2009,118.46112
Kuwait,Gas,2010,139.75537
Kuwait,Gas,2011,158.57924
Kuwait,Gas,2012,175.31842
Kuwait,Gas,2013,177.70389
Kuwait,Gas,2014,178.71143
Kuwait,Gas,2015,203.22707
Kuwait,Gas,2016,211.49913
Kuwait,Gas,2017,210.27515
Kuwait,Gas,2018,211.52235
Kuwait,Gas,2019,183.73247
Kuwait,Gas,2020,179.13583
Kuwait,Gas,2021,197.58406
Kuwait,Gas,2022,217.85663
Latvia,Gas,2000,12.73396
Latvia,Gas,2001,13.24029
Latvia,Gas,2002,15.085792
Latvia,Gas,2003,15.005345
Latvia,Gas,2004,16.562193
Latvia,Gas,2005,16.088987
Latvia,Gas,2006,16.62844
Latvia,Gas,2007,16.088987
Latvia,Gas,2008,15.757743
Latvia,Gas,2009,14.451695
Latvia,Gas,2010,17.234144
Latvia,Gas,2011,15.180432
Latvia,Gas,2012,14.271877
Latvia,Gas,2013,14.062125
Latvia,Gas,2014,12.637625
Latvia,Gas,2015,12.7435
Latvia,Gas,2016,13.195875
Latvia,Gas,2017,11.963875
Latvia,Gas,2018,13.715625
Latvia,Gas,2019,13.118875
Latvia,Gas,2020,10.731875
Latvia,Gas,2021,11.588499
Latvia,Gas,2022,8.10425
Lithuania,Gas,2000,24.007809
Lithuania,Gas,2001,24.966122
Lithuania,Gas,2002,25.24175
Lithuania,Gas,2003,27.380508
Lithuania,Gas,2004,27.311892
Lithuania,Gas,2005,28.806347
Lithuania,Gas,2006,28.545835
Lithuania,Gas,2007,33.63512
Lithuania,Gas,2008,30.19148
Lithuania,Gas,2009,25.372007
Lithuania,Gas,2010,28.981958
Lithuania,Gas,2011,31.619642
Lithuania,Gas,2012,30.87416
Lithuania,Gas,2013,25.171972
Lithuania,Gas,2014,24.01711
Lithuania,Gas,2015,24.037651
Lithuania,Gas,2016,21.41865
Lithuania,Gas,2017,22.28886
Lithuania,Gas,2018,22.38687
Lithuania,Gas,2019,21.57156
Lithuania,Gas,2020,23.60484
Lithuania,Gas,2021,22.28184
Lithuania,Gas,2022,16.07382
Luxembourg,Gas,2000,7.807751
Luxembourg,Gas,2001,8.6795
Luxembourg,Gas,2002,12.407249
Luxembourg,Gas,2003,12.5595
Luxembourg,Gas,2004,13.907999
Luxembourg,Gas,2005,13.680046
Luxembourg,Gas,2006,14.30931
Luxembourg,Gas,2007,13.356533
Luxembourg,Gas,2008,12.714174
Luxembourg,Gas,2009,12.937938
Luxembourg,Gas,2010,13.916304
Luxembourg,Gas,2011,12.005276
Luxembourg,Gas,2012,12.2237215
Luxembourg,Gas,2013,10.34957
Luxembourg,Gas,2014,9.805904
Luxembourg,Gas,2015,8.9427395
Luxembourg,Gas,2016,8.247018
Luxembourg,Gas,2017,8.061143
Luxembourg,Gas,2018,7.950632
Luxembourg,Gas,2019,7.955588
Luxembourg,Gas,2020,7.2253613
Luxembourg,Gas,2021,7.7898073
Luxembourg,Gas,2022,6.122363
Malaysia,Gas,2000,287.54013
Malaysia,Gas,2001,277.09637
Malaysia,Gas,2002,280.88776
Malaysia,Gas,2003,302.6591
Malaysia,Gas,2004,326.94257
Malaysia,Gas,2005,373.73004
Malaysia,Gas,2006,388.63968
Malaysia,Gas,2007,404.01456
Malaysia,Gas,2008,435.49695
Malaysia,Gas,2009,400.2232
Malaysia,Gas,2010,380.2312
Malaysia,Gas,2011,383.1736
Malaysia,Gas,2012,420.157
Malaysia,Gas,2013,445.67322
Malaysia,Gas,2014,447.09207
Malaysia,Gas,2015,468.39825
Malaysia,Gas,2016,449.92978
Malaysia,Gas,2017,450.44153
Malaysia,Gas,2018,446.77808
Malaysia,Gas,2019,452.15112
Malaysia,Gas,2020,436.13663
Malaysia,Gas,2021,494.4841
Malaysia,Gas,2022,493.81924
Mexico,Gas,2000,359.13306
Mexico,Gas,2001,361.9052
Mexico,Gas,2002,410.68823
Mexico,Gas,2003,445.09402
Mexico,Gas,2004,480.21918
Mexico,Gas,2005,527.12335
Mexico,Gas,2006,582.8828
Mexico,Gas,2007,570.41376
Mexico,Gas,2008,599.96576
Mexico,Gas,2009,651.688
Mexico,Gas,2010,660.44543
Mexico,Gas,2011,708.0849
Mexico,Gas,2012,736.5377
Mexico,Gas,2013,777.9507
Mexico,Gas,2014,788.48444
Mexico,Gas,2015,807.82916
Mexico,Gas,2016,830.30035
Mexico,Gas,2017,860.33527
Mexico,Gas,2018,902.7362
Mexico,Gas,2019,933.8935
Mexico,Gas,2020,945.19037
Mexico,Gas,2021,973.32666
Mexico,Gas,2022,965.85693
Morocco,Gas,2000,0.44187024
Morocco,Gas,2001,0.43712527
Morocco,Gas,2002,0.55943996
Morocco,Gas,2003,0.53613
Morocco,Gas,2004,0.68764496
Morocco,Gas,2005,4.49883
Morocco,Gas,2006,5.5827446
Morocco,Gas,2007,6.2976627
Morocco,Gas,2008,6.219108
Morocco,Gas,2009,6.831928
Morocco,Gas,2010,7.379246
Morocco,Gas,2011,9.3402
Morocco,Gas,2012,12.491665
Morocco,Gas,2013,12.112491
Morocco,Gas,2014,11.739
Morocco,Gas,2015,11.770798
Morocco,Gas,2016,11.975875
Morocco,Gas,2017,11.880709
Morocco,Gas,2018,10.715159
Morocco,Gas,2019,10.126819
Morocco,Gas,2020,7.866613
Morocco,Gas,2021,7.899017
Morocco,Gas,2022,2.2269576
Netherlands,Gas,2000,409.91666
Netherlands,Gas,2001,418.19443
Netherlands,Gas,2002,413.97223
Netherlands,Gas,2003,416.8333
Netherlands,Gas,2004,426.77777
Netherlands,Gas,2005,414.55557
Netherlands,Gas,2006,398.0833
Netherlands,Gas,2007,388.05554
Netherlands,Gas,2008,403.8889
Netherlands,Gas,2009,413.5833
Netherlands,Gas,2010,467.5833
Netherlands,Gas,2011,409.27777
Netherlands,Gas,2012,392.8333
Netherlands,Gas,2013,391.1389
Netherlands,Gas,2014,343.27777
Netherlands,Gas,2015,337.72223
Netherlands,Gas,2016,351.47223
Netherlands,Gas,2017,362.77777
Netherlands,Gas,2018,355.5833
Netherlands,Gas,2019,371.44446
Netherlands,Gas,2020,360.49997
Netherlands,Gas,2021,348.9167
Netherlands,Gas,2022,271.4722
New Zealand,Gas,2000,58.75267
New Zealand,Gas,2001,61.993137
New Zealand,Gas,2002,59.181942
New Zealand,Gas,2003,44.62404
New Zealand,Gas,2004,40.718163
New Zealand,Gas,2005,37.576244
New Zealand,Gas,2006,38.154423
New Zealand,Gas,2007,42.152313
New Zealand,Gas,2008,39.045193
New Zealand,Gas,2009,40.138943
New Zealand,Gas,2010,43.759987
New Zealand,Gas,2011,40.2155
New Zealand,Gas,2012,44.646664
New Zealand,Gas,2013,47.0649
New Zealand,Gas,2014,52.28978
New Zealand,Gas,2015,48.018906
New Zealand,Gas,2016,47.97363
New Zealand,Gas,2017,49.92102
New Zealand,Gas,2018,45.022667
New Zealand,Gas,2019,48.04402
New Zealand,Gas,2020,45.72634
New Zealand,Gas,2021,38.74297
New Zealand,Gas,2022,36.21647
North Macedonia,Gas,2000,0.57449996
North Macedonia,Gas,2001,0.766
North Macedonia,Gas,2002,0.78515
North Macedonia,Gas,2003,0.69897497
North Macedonia,Gas,2004,0.68
North Macedonia,Gas,2005,0.7270144
North Macedonia,Gas,2006,0.7785819
North Macedonia,Gas,2007,0.9934347
North Macedonia,Gas,2008,1.1295522
North Macedonia,Gas,2009,0.7484022
North Macedonia,Gas,2010,1.1085367
North Macedonia,Gas,2011,1.2825214
North Macedonia,Gas,2012,1.3308442
North Macedonia,Gas,2013,1.5065966
North Macedonia,Gas,2014,1.2924999
North Macedonia,Gas,2015,1.3019553
North Macedonia,Gas,2016,2.0473385
North Macedonia,Gas,2017,2.6327944
North Macedonia,Gas,2018,2.4284995
North Macedonia,Gas,2019,2.8388057
North Macedonia,Gas,2020,3.249465
North Macedonia,Gas,2021,4.1141524
North Macedonia,Gas,2022,2.6549218
Norway,Gas,2000,42.36809
Norway,Gas,2001,39.26288
Norway,Gas,2002,41.90289
Norway,Gas,2003,45.147655
Norway,Gas,2004,47.74115
Norway,Gas,2005,43.69921
Norway,Gas,2006,43.316414
Norway,Gas,2007,41.761112
Norway,Gas,2008,42.99499
Norway,Gas,2009,41.293125
Norway,Gas,2010,40.972103
Norway,Gas,2011,40.32401
Norway,Gas,2012,40.152008
Norway,Gas,2013,39.828846
Norway,Gas,2014,42.673874
Norway,Gas,2015,45.35952
Norway,Gas,2016,43.782986
Norway,Gas,2017,45.947956
Norway,Gas,2018,44.357285
Norway,Gas,2019,45.74684
Norway,Gas,2020,44.114475
Norway,Gas,2021,42.16283
Norway,Gas,2022,39.87285
Oman,Gas,2000,76.75152
Oman,Gas,2001,84.27616
Oman,Gas,2002,88.281784
Oman,Gas,2003,95.24595
Oman,Gas,2004,86.43484
Oman,Gas,2005,107.78306
Oman,Gas,2006,120.35769
Oman,Gas,2007,121.62479
Oman,Gas,2008,133.8041
Oman,Gas,2009,135.47403
Oman,Gas,2010,163.80843
Oman,Gas,2011,180.82379
Oman,Gas,2012,197.15591
Oman,Gas,2013,217.27544
Oman,Gas,2014,213.1425
Oman,Gas,2015,230.46227
Oman,Gas,2016,228.57845
Oman,Gas,2017,233.50879
Oman,Gas,2018,249.96494
Oman,Gas,2019,249.96547
Oman,Gas,2020,259.1574
Oman,Gas,2021,279.6692
Oman,Gas,2022,285.14288
Pakistan,Gas,2000,179.525
Pakistan,Gas,2001,189.545
Pakistan,Gas,2002,205.4935
Pakistan,Gas,2003,255.5038
Pakistan,Gas,2004,306.76593
Pakistan,Gas,2005,326.10187
Pakistan,Gas,2006,333.1948
Pakistan,Gas,2007,338.00253
Pakistan,Gas,2008,346.0761
Pakistan,Gas,2009,347.01666
Pakistan,Gas,2010,353.48395
Pakistan,Gas,2011,353.39645
Pakistan,Gas,2012,365.97232
Pakistan,Gas,2013,355.85727
Pakistan,Gas,2014,349.86688
Pakistan,Gas,2015,365.3418
Pakistan,Gas,2016,386.5067
Pakistan,Gas,2017,407.3958
Pakistan,Gas,2018,435.8761
Pakistan,Gas,2019,444.7297
Pakistan,Gas,2020,411.59784
Pakistan,Gas,2021,448.92047
Pakistan,Gas,2022,383.859
Peru,Gas,2000,3.3254375
Peru,Gas,2001,3.56125
Peru,Gas,2002,4.25425
Peru,Gas,2003,5.033875
Peru,Gas,2004,8.277499
Peru,Gas,2005,14.599701
Peru,Gas,2006,17.086441
Peru,Gas,2007,25.751993
Peru,Gas,2008,32.6939
Peru,Gas,2009,33.43666
Peru,Gas,2010,54.23817
Peru,Gas,2011,62.92885
Peru,Gas,2012,68.61824
Peru,Gas,2013,67.02667
Peru,Gas,2014,74.31637
Peru,Gas,2015,76.43131
Peru,Gas,2016,84.93306
Peru,Gas,2017,74.91936
Peru,Gas,2018,80.25237
Peru,Gas,2019,82.11267
Peru,Gas,2020,71.30238
Peru,Gas,2021,80.2279
Peru,Gas,2022,96.20718
Philippines,Gas,2000,0.10194638
Philippines,Gas,2001,1.3423836
Philippines,Gas,2002,16.86588
Philippines,Gas,2003,25.705385
Philippines,Gas,2004,23.739664
Philippines,Gas,2005,31.442307
Philippines,Gas,2006,29.446762
Philippines,Gas,2007,35.304607
Philippines,Gas,2008,37.165127
Philippines,Gas,2009,37.424606
Philippines,Gas,2010,35.249565
Philippines,Gas,2011,38.058514
Philippines,Gas,2012,36.48458
Philippines,Gas,2013,33.60541
Philippines,Gas,2014,35.342564
Philippines,Gas,2015,33.22501
Philippines,Gas,2016,38.09864
Philippines,Gas,2017,37.744267
Philippines,Gas,2018,40.888065
Philippines,Gas,2019,42.159954
Philippines,Gas,2020,38.428337
Philippines,Gas,2021,32.0817
Philippines,Gas,2022,30.803785
Poland,Gas,2000,115.831245
Poland,Gas,2001,120.67975
Poland,Gas,2002,117.61649
Poland,Gas,2003,130.96175
Poland,Gas,2004,138.17099
Poland,Gas,2005,142.28725
Poland,Gas,2006,143.90324
Poland,Gas,2007,143.94194
Poland,Gas,2008,156.43639
Poland,Gas,2009,150.94778
Poland,Gas,2010,162.32639
Poland,Gas,2011,164.52527
Poland,Gas,2012,174.1936
Poland,Gas,2013,174.10417
Poland,Gas,2014,170.13611
Poland,Gas,2015,170.98805
Poland,Gas,2016,182.57611
Poland,Gas,2017,191.80331
Poland,Gas,2018,199.26056
Poland,Gas,2019,208.88777
Poland,Gas,2020,210.64583
Poland,Gas,2021,223.73805
Poland,Gas,2022,179.30151
Portugal,Gas,2000,23.090034
Portugal,Gas,2001,25.74884
Portugal,Gas,2002,31.322216
Portugal,Gas,2003,30.202194
Portugal,Gas,2004,37.83355
Portugal,Gas,2005,42.8778
Portugal,Gas,2006,41.184383
Portugal,Gas,2007,43.89386
Portugal,Gas,2008,48.02346
Portugal,Gas,2009,47.69356
Portugal,Gas,2010,51.887592
Portugal,Gas,2011,52.536816
Portugal,Gas,2012,45.554913
Portugal,Gas,2013,43.183426
Portugal,Gas,2014,41.2596
Portugal,Gas,2015,48.19863
Portugal,Gas,2016,50.73813
Portugal,Gas,2017,63.394844
Portugal,Gas,2018,57.9938
Portugal,Gas,2019,61.35022
Portugal,Gas,2020,60.366592
Portugal,Gas,2021,58.10982
Portugal,Gas,2022,56.06581
Qatar,Gas,2000,112.9724
Qatar,Gas,2001,104.71878
Qatar,Gas,2002,114.538284
Qatar,Gas,2003,130.73177
Qatar,Gas,2004,157.12418
Qatar,Gas,2005,178.92508
Qatar,Gas,2006,177.58905
Qatar,Gas,2007,192.59296
Qatar,Gas,2008,206.97778
Qatar,Gas,2009,212.71104
Qatar,Gas,2010,254.05739
Qatar,Gas,2011,289.4309
Qatar,Gas,2012,336.03415
Qatar,Gas,2013,352.79242
Qatar,Gas,2014,384.34033
Qatar,Gas,2015,433.7454
Qatar,Gas,2016,413.69882
Qatar,Gas,2017,412.20465
Qatar,Gas,2018,407.1339
Qatar,Gas,2019,418.72513
Qatar,Gas,2020,384.99585
Qatar,Gas,2021,400.14822
Qatar,Gas,2022,366.9616
Romania,Gas,2000,159.097
Romania,Gas,2001,153.28125
Romania,Gas,2002,158.50224
Romania,Gas,2003,171.30223
Romania,Gas,2004,162.091
Romania,Gas,2005,161.92674
Romania,Gas,2006,165.1305
Romania,Gas,2007,148.422
Romania,Gas,2008,141.4145
Romania,Gas,2009,123.0495
Romania,Gas,2010,125.469
Romania,Gas,2011,129.15175
Romania,Gas,2012,125.340996
Romania,Gas,2013,114.427
Romania,Gas,2014,108.73125
Romania,Gas,2015,103.708244
Romania,Gas,2016,104.946106
Romania,Gas,2017,112.90269
Romania,Gas,2018,115.62987
Romania,Gas,2019,107.749794
Romania,Gas,2020,112.62553
Romania,Gas,2021,115.68957
Romania,Gas,2022,97.69295
Russia,Gas,2000,3661.913
Russia,Gas,2001,3721.688
Russia,Gas,2002,3766.749
Russia,Gas,2003,3855.9521
Russia,Gas,2004,3956.1902
Russia,Gas,2005,4004.0103
Russia,Gas,2006,4217.3613
Russia,Gas,2007,4288.172
Russia,Gas,2008,4227.477
Russia,Gas,2009,3977.893
Russia,Gas,2010,4239.202
Russia,Gas,2011,4356.3613
Russia,Gas,2012,4286.259
Russia,Gas,2013,4248.6743
Russia,Gas,2014,4221.9824
Russia,Gas,2015,4086.748
Russia,Gas,2016,4206.464
Russia,Gas,2017,4311.006
Russia,Gas,2018,4544.9927
Russia,Gas,2019,4443.1274
Russia,Gas,2020,4234.834
Russia,Gas,2021,4746.1406
Russia,Gas,2022,4080.4531
Saudi Arabia,Gas,2000,473.195
Saudi Arabia,Gas,2001,510.055
Saudi Arabia,Gas,2002,538.64996
Saudi Arabia,Gas,2003,570.57
Saudi Arabia,Gas,2004,623.96
Saudi Arabia,Gas,2005,676.77997
Saudi Arabia,Gas,2006,697.8795
Saudi Arabia,Gas,2007,706.99
Saudi Arabia,Gas,2008,764.18
Saudi Arabia,Gas,2009,745.275
Saudi Arabia,Gas,2010,832.76996
Saudi Arabia,Gas,2011,876.47
Saudi Arabia,Gas,2012,943.63495
Saudi Arabia,Gas,2013,950.285
Saudi Arabia,Gas,2014,972.61
Saudi Arabia,Gas,2015,992.27496
Saudi Arabia,Gas,2016,1053.17
Saudi Arabia,Gas,2017,1092.5021
Saudi Arabia,Gas,2018,1121
Saudi Arabia,Gas,2019,1111.5
Saudi Arabia,Gas,2020,1130.5
Saudi Arabia,Gas,2021,1144.6068
Saudi Arabia,Gas,2022,1203.5773
Singapore,Gas,2000,16.57425
Singapore,Gas,2001,43.556496
Singapore,Gas,2002,47.076763
Singapore,Gas,2003,51.11191
Singapore,Gas,2004,61.872314
Singapore,Gas,2005,61.858868
Singapore,Gas,2006,81.4966
Singapore,Gas,2007,81.4966
Singapore,Gas,2008,87.142586
Singapore,Gas,2009,91.806404
Singapore,Gas,2010,83.36057
Singapore,Gas,2011,82.87124
Singapore,Gas,2012,89.3
Singapore,Gas,2013,100.15245
Singapore,Gas,2014,103.89518
Singapore,Gas,2015,115.78651
Singapore,Gas,2016,119.02109
Singapore,Gas,2017,122.87653
Singapore,Gas,2018,122.862816
Singapore,Gas,2019,125.487816
Singapore,Gas,2020,125.983604
Singapore,Gas,2021,133.51857
Singapore,Gas,2022,130.59363
Slovakia,Gas,2000,67.17975
Slovakia,Gas,2001,71.738
Slovakia,Gas,2002,68.23725
Slovakia,Gas,2003,65.927
Slovakia,Gas,2004,63.9465
Slovakia,Gas,2005,68.64875
Slovakia,Gas,2006,62.54475
Slovakia,Gas,2007,59.189
Slovakia,Gas,2008,60.08425
Slovakia,Gas,2009,51.4675
Slovakia,Gas,2010,58.22475
Slovakia,Gas,2011,53.928997
Slovakia,Gas,2012,50.76875
Slovakia,Gas,2013,53.01
Slovakia,Gas,2014,43.87225
Slovakia,Gas,2015,45.118
Slovakia,Gas,2016,45.30275
Slovakia,Gas,2017,48.109444
Slovakia,Gas,2018,47.416214
Slovakia,Gas,2019,47.522778
Slovakia,Gas,2020,47.546383
Slovakia,Gas,2021,52.928764
Slovakia,Gas,2022,51.444206
Slovenia,Gas,2000,9.598017
Slovenia,Gas,2001,9.881982
Slovenia,Gas,2002,9.531758
Slovenia,Gas,2003,10.544566
Slovenia,Gas,2004,10.45011
Slovenia,Gas,2005,10.784431
Slovenia,Gas,2006,10.45774
Slovenia,Gas,2007,10.634877
Slovenia,Gas,2008,10.213975
Slovenia,Gas,2009,9.665117
Slovenia,Gas,2010,10.028044
Slovenia,Gas,2011,8.580589
Slovenia,Gas,2012,8.253386
Slovenia,Gas,2013,8.10667
Slovenia,Gas,2014,7.280815
Slovenia,Gas,2015,7.72434
Slovenia,Gas,2016,8.190601
Slovenia,Gas,2017,8.62206
Slovenia,Gas,2018,8.530561
Slovenia,Gas,2019,8.56711
Slovenia,Gas,2020,8.551605
Slovenia,Gas,2021,9.00705
Slovenia,Gas,2022,7.944912
South Africa,Gas,2000,11.396027
South Africa,Gas,2001,13.829062
South Africa,Gas,2002,13.919588
South Africa,Gas,2003,10.525237
South Africa,Gas,2004,24.342817
South Africa,Gas,2005,34.55495
South Africa,Gas,2006,37.446712
South Africa,Gas,2007,37.908703
South Africa,Gas,2008,39.2192
South Africa,Gas,2009,33.239952
South Africa,Gas,2010,41.22056
South Africa,Gas,2011,42.80949
South Africa,Gas,2012,43.573288
South Africa,Gas,2013,40.543686
South Africa,Gas,2014,42.982246
South Africa,Gas,2015,43.186268
South Africa,Gas,2016,36.546562
South Africa,Gas,2017,40.109257
South Africa,Gas,2018,44.10787
South Africa,Gas,2019,42.61174
South Africa,Gas,2020,39.705296
South Africa,Gas,2021,46.14272
South Africa,Gas,2022,45.5819
South America,Gas,2000,875.3867
South America,Gas,2001,909.8303
South America,Gas,2002,911.93964
South America,Gas,2003,943.7164
South America,Gas,2004,1059.8513
South America,Gas,2005,1091.0902
South America,Gas,2006,1160.6055
South America,Gas,2007,1190.2632
South America,Gas,2008,1197.7673
South America,Gas,2009,1143.1995
South America,Gas,2010,1240.7551
South America,Gas,2011,1289.0256
South America,Gas,2012,1383.2856
South America,Gas,2013,1433.626
South America,Gas,2014,1484.2368
South America,Gas,2015,1545.6105
South America,Gas,2016,1535.0197
South America,Gas,2017,1542.0856
South America,Gas,2018,1473.5325
South America,Gas,2019,1399.7126
South America,Gas,2020,1273.0579
South America,Gas,2021,1461.9447
South America,Gas,2022,1407.0662
South Korea,Gas,2000,198.0775
South Korea,Gas,2001,217.57753
South Korea,Gas,2002,241.77722
South Korea,Gas,2003,253.23859
South Korea,Gas,2004,296.7499
South Korea,Gas,2005,317.72577
South Korea,Gas,2006,334.98584
South Korea,Gas,2007,362.8176
South Korea,Gas,2008,373.36835
South Korea,Gas,2009,354.915
South Korea,Gas,2010,450.16473
South Korea,Gas,2011,484.45462
South Korea,Gas,2012,525.2864
South Korea,Gas,2013,549.75824
South Korea,Gas,2014,500.03998
South Korea,Gas,2015,456.49725
South Korea,Gas,2016,476.4369
South Korea,Gas,2017,497.5639
South Korea,Gas,2018,578.04004
South Korea,Gas,2019,560.33826
South Korea,Gas,2020,575.3731
South Korea,Gas,2021,624.0739
South Korea,Gas,2022,619.28
South and Central America (EI),Gas,2000,983.33673
South and Central America (EI),Gas,2001,1031.905
South and Central America (EI),Gas,2002,1042.2432
South and Central America (EI),Gas,2003,1095.907
South and Central America (EI),Gas,2004,1224.2314
South and Central America (EI),Gas,2005,1271.3911
South and Central America (EI),Gas,2006,1375.1426
South and Central America (EI),Gas,2007,1411.4226
South and Central America (EI),Gas,2008,1414.4355
South and Central America (EI),Gas,2009,1358.4406
South and Central America (EI),Gas,2010,1472.7887
South and Central America (EI),Gas,2011,1521.2981
South and Central America (EI),Gas,2012,1617.8888
South and Central America (EI),Gas,2013,1673.1066
South and Central America (EI),Gas,2014,1726.1263
South and Central America (EI),Gas,2015,1778.4165
South and Central America (EI),Gas,2016,1742.7338
South and Central America (EI),Gas,2017,1761.6201
South and Central America (EI),Gas,2018,1690.1277
South and Central America (EI),Gas,2019,1628.8076
South and Central America (EI),Gas,2020,1474.5215
South and Central America (EI),Gas,2021,1679.1132
South and Central America (EI),Gas,2022,1617.286
Spain,Gas,2000,176.96399
Spain,Gas,2001,190.69435
Spain,Gas,2002,218.03433
Spain,Gas,2003,248.28728
Spain,Gas,2004,292.69077
Spain,Gas,2005,347.01956
Spain,Gas,2006,363.17368
Spain,Gas,2007,369.5727
Spain,Gas,2008,405.92172
Spain,Gas,2009,363.0772
Spain,Gas,2010,361.96466
Spain,Gas,2011,336.46082
Spain,Gas,2012,332.2561
Spain,Gas,2013,303.28094
Spain,Gas,2014,275.23898
Spain,Gas,2015,285.43784
Spain,Gas,2016,291.21594
Spain,Gas,2017,317.12115
Spain,Gas,2018,314.9725
Spain,Gas,2019,359.74472
Spain,Gas,2020,324.90228
Spain,Gas,2021,343.24298
Spain,Gas,2022,330.96942
Sweden,Gas,2000,8.081545
Sweden,Gas,2001,9.117825
Sweden,Gas,2002,9.278819
Sweden,Gas,2003,9.252622
Sweden,Gas,2004,9.2123165
Sweden,Gas,2005,8.777249
Sweden,Gas,2006,9.18875
Sweden,Gas,2007,9.483
Sweden,Gas,2008,8.6102495
Sweden,Gas,2009,11.495
Sweden,Gas,2010,15.468
Sweden,Gas,2011,12.21675
Sweden,Gas,2012,10.651
Sweden,Gas,2013,10.2365
Sweden,Gas,2014,8.403749
Sweden,Gas,2015,9.33575
Sweden,Gas,2016,9.988999
Sweden,Gas,2017,9.61625
Sweden,Gas,2018,10.16875
Sweden,Gas,2019,10.20175
Sweden,Gas,2020,9.91925
Sweden,Gas,2021,10.64775
Sweden,Gas,2022,7.3596416
Switzerland,Gas,2000,28.3
Switzerland,Gas,2001,29.455555
Switzerland,Gas,2002,28.91111
Switzerland,Gas,2003,30.558332
Switzerland,Gas,2004,31.525
Switzerland,Gas,2005,32.363888
Switzerland,Gas,2006,31.469442
Switzerland,Gas,2007,30.641666
Switzerland,Gas,2008,32.64722
Switzerland,Gas,2009,31.336111
Switzerland,Gas,2010,35.002777
Switzerland,Gas,2011,31.04722
Switzerland,Gas,2012,34.033333
Switzerland,Gas,2013,35.841667
Switzerland,Gas,2014,31.04722
Switzerland,Gas,2015,33.172222
Switzerland,Gas,2016,34.85
Switzerland,Gas,2017,34.997223
Switzerland,Gas,2018,33.197224
Switzerland,Gas,2019,34.058334
Switzerland,Gas,2020,33.14722
Switzerland,Gas,2021,36.041664
Switzerland,Gas,2022,29.644005
Taiwan,Gas,2000,67.67396
Taiwan,Gas,2001,72.894005
Taiwan,Gas,2002,81.52753
Taiwan,Gas,2003,84.14759
Taiwan,Gas,2004,102.36428
Taiwan,Gas,2005,103.200806
Taiwan,Gas,2006,110.69848
Taiwan,Gas,2007,117.44902
Taiwan,Gas,2008,127.659584
Taiwan,Gas,2009,124.667755
Taiwan,Gas,2010,154.79768
Taiwan,Gas,2011,170.3993
Taiwan,Gas,2012,178.85228
Taiwan,Gas,2013,179.37906
Taiwan,Gas,2014,188.68167
Taiwan,Gas,2015,201.80359
Taiwan,Gas,2016,209.65404
Taiwan,Gas,2017,232.4506
Taiwan,Gas,2018,236.62138
Taiwan,Gas,2019,232.59819
Taiwan,Gas,2020,248.8446
Taiwan,Gas,2021,272.90454
Taiwan,Gas,2022,280.66354
Thailand,Gas,2000,211.95367
Thailand,Gas,2001,245.60527
Thailand,Gas,2002,266.8925
Thailand,Gas,2003,284.2218
Thailand,Gas,2004,297.55035
Thailand,Gas,2005,320.5919
Thailand,Gas,2006,330.1123
Thailand,Gas,2007,351.72043
Thailand,Gas,2008,369.41727
Thailand,Gas,2009,381.24442
Thailand,Gas,2010,432.0556
Thailand,Gas,2011,443.1806
Thailand,Gas,2012,486.33502
Thailand,Gas,2013,488.64325
Thailand,Gas,2014,499.4473
Thailand,Gas,2015,509.60953
Thailand,Gas,2016,505.64255
Thailand,Gas,2017,500.83792
Thailand,Gas,2018,500.1961
Thailand,Gas,2019,509.39563
Thailand,Gas,2020,468.52917
Thailand,Gas,2021,470.1373
Thailand,Gas,2022,443.1806
Trinidad and Tobago,Gas,2000,98.1304
Trinidad and Tobago,Gas,2001,108.9441
Trinidad and Tobago,Gas,2002,117.30721
Trinidad and Tobago,Gas,2003,135.20102
Trinidad and Tobago,Gas,2004,148.70534
Trinidad and Tobago,Gas,2005,163.75308
Trinidad and Tobago,Gas,2006,192.76155
Trinidad and Tobago,Gas,2007,196.45027
Trinidad and Tobago,Gas,2008,191.58102
Trinidad and Tobago,Gas,2009,190.88472
Trinidad and Tobago,Gas,2010,207.40086
Trinidad and Tobago,Gas,2011,204.81319
Trinidad and Tobago,Gas,2012,202.35985
Trinidad and Tobago,Gas,2013,203.5563
Trinidad and Tobago,Gas,2014,205.10089
Trinidad and Tobago,Gas,2015,196.0477
Trinidad and Tobago,Gas,2016,169.4447
Trinidad and Tobago,Gas,2017,183.49327
Trinidad and Tobago,Gas,2018,173.7475
Trinidad and Tobago,Gas,2019,174.73317
Trinidad and Tobago,Gas,2020,151.85648
Trinidad and Tobago,Gas,2021,156.03127
Trinidad and Tobago,Gas,2022,150.64699
Turkey,Gas,2000,139.46945
Turkey,Gas,2001,153.45853
Turkey,Gas,2002,166.39435
Turkey,Gas,2003,200.48134
Turkey,Gas,2004,211.6841
Turkey,Gas,2005,257.23236
Turkey,Gas,2006,291.97046
Turkey,Gas,2007,338.9071
Turkey,Gas,2008,352.98236
Turkey,Gas,2009,337.22192
Turkey,Gas,2010,358.21033
Turkey,Gas,2011,418.39877
Turkey,Gas,2012,433.19214
Turkey,Gas,2013,439.66486
Turkey,Gas,2014,466.46527
Turkey,Gas,2015,459.59042
Turkey,Gas,2016,445.046
Turkey,Gas,2017,515.6808
Turkey,Gas,2018,472.32516
Turkey,Gas,2019,433.61343
Turkey,Gas,2020,462.09906
Turkey,Gas,2021,573.1037
Turkey,Gas,2022,512.2179
Turkmenistan,Gas,2000,71.60999
Turkmenistan,Gas,2001,105.20124
Turkmenistan,Gas,2002,74.97875
Turkmenistan,Gas,2003,116.173744
Turkmenistan,Gas,2004,114.5375
Turkmenistan,Gas,2005,116.4625
Turkmenistan,Gas,2006,119.9275
Turkmenistan,Gas,2007,111.649994
Turkmenistan,Gas,2008,78.925
Turkmenistan,Gas,2009,171.13249
Turkmenistan,Gas,2010,182.71884
Turkmenistan,Gas,2011,207.35255
Turkmenistan,Gas,2012,229.38441
Turkmenistan,Gas,2013,193.31212
Turkmenistan,Gas,2014,199.62996
Turkmenistan,Gas,2015,253.86305
Turkmenistan,Gas,2016,251.15004
Turkmenistan,Gas,2017,247.58879
Turkmenistan,Gas,2018,283.9233
Turkmenistan,Gas,2019,277.4699
Turkmenistan,Gas,2020,342.53235
Turkmenistan,Gas,2021,367.58234
Turkmenistan,Gas,2022,375.36435
Ukraine,Gas,2000,741.9862
Ukraine,Gas,2001,719.27234
Ukraine,Gas,2002,707.9154
Ukraine,Gas,2003,722.1116
Ukraine,Gas,2004,716.4331
Ukraine,Gas,2005,722.1116
Ukraine,Gas,2006,700.3442
Ukraine,Gas,2007,660.5949
Ukraine,Gas,2008,627.47046
Ukraine,Gas,2009,489.08627
Ukraine,Gas,2010,545.60596
Ukraine,Gas,2011,561.26904
Ukraine,Gas,2012,518.38715
Ukraine,Gas,2013,476.99112
Ukraine,Gas,2014,403.17108
Ukraine,Gas,2015,319.88693
Ukraine,Gas,2016,314.20847
Ukraine,Gas,2017,301.9051
Ukraine,Gas,2018,305.69077
Ukraine,Gas,2019,282.9769
Ukraine,Gas,2020,293.3874
Ukraine,Gas,2021,272.56638
Ukraine,Gas,2022,192.73332
United Arab Emirates,Gas,2000,306.4425
United Arab Emirates,Gas,2001,314.73
United Arab Emirates,Gas,2002,355.29
United Arab Emirates,Gas,2003,369.33002
United Arab Emirates,Gas,2004,392.0475
United Arab Emirates,Gas,2005,409.9875
United Arab Emirates,Gas,2006,422.76
United Arab Emirates,Gas,2007,479.38232
United Arab Emirates,Gas,2008,579.7211
United Arab Emirates,Gas,2009,575.88074
United Arab Emirates,Gas,2010,592.71643
United Arab Emirates,Gas,2011,616.3614
United Arab Emirates,Gas,2012,639.3075
United Arab Emirates,Gas,2013,647.4963
United Arab Emirates,Gas,2014,634.3496
United Arab Emirates,Gas,2015,714.7054
United Arab Emirates,Gas,2016,719.30963
United Arab Emirates,Gas,2017,671.851
United Arab Emirates,Gas,2018,660.50903
United Arab Emirates,Gas,2019,696.6682
United Arab Emirates,Gas,2020,647.2875
United Arab Emirates,Gas,2021,707.6289
United Arab Emirates,Gas,2022,698.482
United Kingdom,Gas,2000,1013.4171
United Kingdom,Gas,2001,1008.53186
United Kingdom,Gas,2002,995.34143
United Kingdom,Gas,2003,998.0918
United Kingdom,Gas,2004,1019.879
United Kingdom,Gas,2005,993.8657
United Kingdom,Gas,2006,942.60236
United Kingdom,Gas,2007,953.0051
United Kingdom,Gas,2008,978.32526
United Kingdom,Gas,2009,912.237
United Kingdom,Gas,2010,984.9284
United Kingdom,Gas,2011,819.185
United Kingdom,Gas,2012,768.98737
United Kingdom,Gas,2013,763.2575
United Kingdom,Gas,2014,700.55505
United Kingdom,Gas,2015,720.4546
United Kingdom,Gas,2016,806.7364
United Kingdom,Gas,2017,785.4911
United Kingdom,Gas,2018,785.66034
United Kingdom,Gas,2019,776.78296
United Kingdom,Gas,2020,731.34485
United Kingdom,Gas,2021,778.26587
United Kingdom,Gas,2022,719.80096
United States of America,Gas,2000,6283.9067
United States of America,Gas,2001,6006.5796
United States of America,Gas,2002,6201.112
United States of America,Gas,2003,6021.9004
United States of America,Gas,2004,6046.277
United States of America,Gas,2005,5951.9297
United States of America,Gas,2006,5865.778
United States of America,Gas,2007,6241.383
United States of America,Gas,2008,6288.912
United States of America,Gas,2009,6176.281
United States of America,Gas,2010,6481.9346
United States of America,Gas,2011,6582.108
United States of America,Gas,2012,6881.228
United States of America,Gas,2013,7070.228
United States of America,Gas,2014,7222.6045
United States of America,Gas,2015,7435.795
United States of America,Gas,2016,7490.9893
United States of America,Gas,2017,7399.9224
United States of America,Gas,2018,8219.633
United States of America,Gas,2019,8509.999
United States of America,Gas,2020,8328.868
United States of America,Gas,2021,8358.034
United States of America,Gas,2022,8812.123
Uzbekistan,Gas,2000,486.73627
Uzbekistan,Gas,2001,490.58624
Uzbekistan,Gas,2002,505.21625
Uzbekistan,Gas,2003,455.455
Uzbekistan,Gas,2004,460.17123
Uzbekistan,Gas,2005,469.21875
Uzbekistan,Gas,2006,433.02872
Uzbekistan,Gas,2007,468.35248
Uzbekistan,Gas,2008,441.30624
Uzbekistan,Gas,2009,440.72876
Uzbekistan,Gas,2010,440.44
Uzbekistan,Gas,2011,473.56372
Uzbekistan,Gas,2012,462.38498
Uzbekistan,Gas,2013,461.51877
Uzbekistan,Gas,2014,485.485
Uzbekistan,Gas,2015,463.44376
Uzbekistan,Gas,2016,433.2689
Uzbekistan,Gas,2017,447.82132
Uzbekistan,Gas,2018,443.97635
Uzbekistan,Gas,2019,445.98196
Uzbekistan,Gas,2020,435.83817
Uzbekistan,Gas,2021,465.25882
Uzbekistan,Gas,2022,483.17737
Venezuela,Gas,2000,309.9564
Venezuela,Gas,2001,328.48227
Venezuela,Gas,2002,315.41205
Venezuela,Gas,2003,279.9864
Venezuela,Gas,2004,315.29547
Venezuela,Gas,2005,304.3509
Venezuela,Gas,2006,349.4502
Venezuela,Gas,2007,372.67056
Venezuela,Gas,2008,348.99554
Venezuela,Gas,2009,342.16846
Venezuela,Gas,2010,312.66815
Venezuela,Gas,2011,333.2639
Venezuela,Gas,2012,346.1283
Venezuela,Gas,2013,323.05798
Venezuela,Gas,2014,340.266
Venezuela,Gas,2015,370.38235
Venezuela,Gas,2016,372.38733
Venezuela,Gas,2017,386.05386
Venezuela,Gas,2018,316.19098
Venezuela,Gas,2019,255.76218
Venezuela,Gas,2020,215.61087
Venezuela,Gas,2021,280.59106
Venezuela,Gas,2022,291.77618
Vietnam,Gas,2000,15.44
Vietnam,Gas,2001,19.3
Vietnam,Gas,2002,23.159998
Vietnam,Gas,2003,22.89945
Vietnam,Gas,2004,40.144
Vietnam,Gas,2005,62.146
Vietnam,Gas,2006,67.55
Vietnam,Gas,2007,68.322
Vietnam,Gas,2008,72.36535
Vietnam,Gas,2009,77.2965
Vietnam,Gas,2010,90.729294
Vietnam,Gas,2011,81.832
Vietnam,Gas,2012,90.27574
Vietnam,Gas,2013,94.097145
Vietnam,Gas,2014,98.5265
Vietnam,Gas,2015,102.868996
Vietnam,Gas,2016,102.3865
Vietnam,Gas,2017,95.206894
Vietnam,Gas,2018,96.5965
Vietnam,Gas,2019,98.43
Vietnam,Gas,2020,88.394
Vietnam,Gas,2021,71.989
Vietnam,Gas,2022,77.97199
Algeria,Solar,2010,0.025257777
Algeria,Solar,2011,0.049983334
Algeria,Solar,2012,0.07327278
Algeria,Solar,2013,0.077946946
Algeria,Solar,2014,0.16254583
Algeria,Solar,2015,0.1561925
Algeria,Solar,2016,0.65587413
Algeria,Solar,2017,1.3412902
Algeria,Solar,2018,1.5953735
Algeria,Solar,2019,1.6211231
Algeria,Solar,2020,1.799008
Algeria,Solar,2021,1.7374732
Algeria,Solar,2022,1.7774663
Argentina,Solar,2000,0.000106452
Argentina,Solar,2001,0.000126325
Argentina,Solar,2002,0.000137185
Argentina,Solar,2003,0.000188508
Argentina,Solar,2004,0.000201716
Argentina,Solar,2005,0.000231936
Argentina,Solar,2006,0.000256086
Argentina,Solar,2007,0.000307928
Argentina,Solar,2008,0.000403806
Argentina,Solar,2009,0.000212481
Argentina,Solar,2010,0.000238394
Argentina,Solar,2011,0.004452472
Argentina,Solar,2012,0.022409748
Argentina,Solar,2013,0.041083056
Argentina,Solar,2014,0.043193888
Argentina,Solar,2015,0.03954083
Argentina,Solar,2016,0.038209442
Argentina,Solar,2017,0.043690275
Argentina,Solar,2018,0.2860825
Argentina,Solar,2019,2.1079817
Argentina,Solar,2020,3.5306728
Argentina,Solar,2021,5.763542
Argentina,Solar,2022,7.658984
Australia,Solar,2000,0.13823916
Australia,Solar,2001,0.15908112
Australia,Solar,2002,0.17016806
Australia,Solar,2003,0.18328777
Australia,Solar,2004,0.21021637
Australia,Solar,2005,0.24067
Australia,Solar,2006,0.27742696
Australia,Solar,2007,0.32164195
Australia,Solar,2008,0.39116
Australia,Solar,2009,0.8105625
Australia,Solar,2010,2.7135398
Australia,Solar,2011,5.6401973
Australia,Solar,2012,6.6135483
Australia,Solar,2013,10.485772
Australia,Solar,2014,13.415453
Australia,Solar,2015,16.684376
Australia,Solar,2016,19.91656
Australia,Solar,2017,23.732206
Australia,Solar,2018,32.628548
Australia,Solar,2019,48.23035
Australia,Solar,2020,62.617725
Australia,Solar,2021,81.624115
Australia,Solar,2022,101.26366
Austria,Solar,2000,0.008870971
Austria,Solar,2001,0.014688944
Austria,Solar,2002,0.0262695
Austria,Solar,2003,0.043501943
Austria,Solar,2004,0.051869724
Austria,Solar,2005,0.060184166
Austria,Solar,2006,0.06369972
Austria,Solar,2007,0.06853694
Austria,Solar,2008,0.08463861
Austria,Solar,2009,0.13660361
Austria,Solar,2010,0.24650778
Austria,Solar,2011,0.48019886
Austria,Solar,2012,0.9253566
Austria,Solar,2013,1.7060405
Austria,Solar,2014,2.1273081
Austria,Solar,2015,2.523579
Austria,Solar,2016,2.934076
Austria,Solar,2017,3.3771002
Austria,Solar,2018,3.8498824
Austria,Solar,2019,4.48667
Austria,Solar,2020,5.3653355
Austria,Solar,2021,7.2811704
Austria,Solar,2022,8.391033
Azerbaijan,Solar,2013,0.002180333
Azerbaijan,Solar,2014,0.007856389
Azerbaijan,Solar,2015,0.012387666
Azerbaijan,Solar,2016,0.09449944
Azerbaijan,Solar,2017,0.099
Azerbaijan,Solar,2018,0.10387111
Azerbaijan,Solar,2019,0.11651
Azerbaijan,Solar,2020,0.12343555
Azerbaijan,Solar,2021,0.14444055
Azerbaijan,Solar,2022,0.15877444
Bangladesh,Solar,2002,0.000291883
Bangladesh,Solar,2003,0.002610111
Bangladesh,Solar,2004,0.005475139
Bangladesh,Solar,2005,0.009735611
Bangladesh,Solar,2006,0.015365195
Bangladesh,Solar,2007,0.025448583
Bangladesh,Solar,2008,0.042712778
Bangladesh,Solar,2009,0.07009695
Bangladesh,Solar,2010,0.12295806
Bangladesh,Solar,2011,0.16110556
Bangladesh,Solar,2012,0.24924193
Bangladesh,Solar,2013,0.35311335
Bangladesh,Solar,2014,0.4522758
Bangladesh,Solar,2015,0.5342561
Bangladesh,Solar,2016,0.58894557
Bangladesh,Solar,2017,0.6742672
Bangladesh,Solar,2018,0.72775495
Bangladesh,Solar,2019,0.86362886
Bangladesh,Solar,2020,1.0219653
Bangladesh,Solar,2021,1.5379003
Bangladesh,Solar,2022,1.7145659
Belarus,Solar,2013,0.001090167
Belarus,Solar,2014,0.005418195
Belarus,Solar,2015,0.02423675
Belarus,Solar,2016,0.069603056
Belarus,Solar,2017,0.23685472
Belarus,Solar,2018,0.3121958
Belarus,Solar,2019,0.47183916
Belarus,Solar,2020,0.44646916
Belarus,Solar,2021,0.44361973
Belarus,Solar,2022,0.74311584
Belgium,Solar,2004,0.002881639
Belgium,Solar,2005,0.002863417
Belgium,Solar,2006,0.005690805
Belgium,Solar,2007,0.016965723
Belgium,Solar,2008,0.118022494
Belgium,Solar,2009,0.4635903
Belgium,Solar,2010,1.5543242
Belgium,Solar,2011,3.224867
Belgium,Solar,2012,5.889677
Belgium,Solar,2013,7.206004
Belgium,Solar,2014,7.819269
Belgium,Solar,2015,8.23107
Belgium,Solar,2016,8.286502
Belgium,Solar,2017,8.803282
Belgium,Solar,2018,10.327332
Belgium,Solar,2019,11.209473
Belgium,Solar,2020,13.426116
Belgium,Solar,2021,14.700752
Belgium,Solar,2022,17.65261
Brazil,Solar,2012,0.004428555
Brazil,Solar,2013,0.013064556
Brazil,Solar,2014,0.04356722
Brazil,Solar,2015,0.15866305
Brazil,Solar,2016,0.22824582
Brazil,Solar,2017,2.2136967
Brazil,Solar,2018,9.158012
Brazil,Solar,2019,17.541286
Brazil,Solar,2020,28.228252
Brazil,Solar,2021,43.835308
Brazil,Solar,2022,78.54375
Bulgaria,Solar,2009,0.008378139
Bulgaria,Solar,2010,0.04163361
Bulgaria,Solar,2011,0.27862415
Bulgaria,Solar,2012,2.2319355
Bulgaria,Solar,2013,3.793746
Bulgaria,Solar,2014,3.4043903
Bulgaria,Solar,2015,3.720775
Bulgaria,Solar,2016,3.715701
Bulgaria,Solar,2017,3.7337103
Bulgaria,Solar,2018,3.5526507
Bulgaria,Solar,2019,3.7359266
Bulgaria,Solar,2020,3.8572834
Bulgaria,Solar,2021,3.837613
Bulgaria,Solar,2022,5.223541
Canada,Solar,2000,0.048556942
Canada,Solar,2001,0.05751889
Canada,Solar,2002,0.066364996
Canada,Solar,2003,0.06609222
Canada,Solar,2004,0.041101385
Canada,Solar,2005,0.048678055
Canada,Solar,2006,0.05975361
Canada,Solar,2007,0.07351805
Canada,Solar,2008,0.09835194
Canada,Solar,2009,0.30440557
Canada,Solar,2010,0.7093147
Canada,Solar,2011,1.5771648
Canada,Solar,2012,2.415116
Canada,Solar,2013,4.085374
Canada,Solar,2014,5.743832
Canada,Solar,2015,7.796024
Canada,Solar,2016,10.794679
Canada,Solar,2017,9.510755
Canada,Solar,2018,10.045746
Canada,Solar,2019,10.754235
Canada,Solar,2020,11.241582
Canada,Solar,2021,13.519392
Canada,Solar,2022,15.6783495
Chile,Solar,2012,0.000933328
Chile,Solar,2013,0.018414443
Chile,Solar,2014,1.2426983
Chile,Solar,2015,3.6627123
Chile,Solar,2016,6.827152
Chile,Solar,2017,10.36825
Chile,Solar,2018,13.542739
Chile,Solar,2019,16.607224
Chile,Solar,2020,19.998781
Chile,Solar,2021,28.129797
Chile,Solar,2022,37.69042
China,Solar,2000,0.06505389
China,Solar,2001,0.09107139
China,Solar,2002,0.14010417
China,Solar,2003,0.18560806
China,Solar,2004,0.21900554
China,Solar,2005,0.24052666
China,Solar,2006,0.27031332
China,Solar,2007,0.32234886
China,Solar,2008,0.42712888
China,Solar,2009,0.77916664
China,Solar,2010,1.9456807
China,Solar,2011,7.2000885
China,Solar,2012,9.855914
China,Solar,2013,22.822338
China,Solar,2014,63.696743
China,Solar,2015,106.32008
China,Solar,2016,178.09781
China,Solar,2017,313.5
China,Solar,2018,468.02914
China,Solar,2019,590.45776
China,Solar,2020,685.72406
China,Solar,2021,855.6533
China,Solar,2022,1115.1132
Colombia,Solar,2000,0.005426111
Colombia,Solar,2001,0.007840222
Colombia,Solar,2002,0.013576223
Colombia,Solar,2003,0.018575305
Colombia,Solar,2004,0.02291411
Colombia,Solar,2005,0.027291916
Colombia,Solar,2017,0.013306444
Colombia,Solar,2018,0.03174861
Colombia,Solar,2019,0.34810638
Colombia,Solar,2020,0.50109607
Colombia,Solar,2021,0.8452127
Colombia,Solar,2022,1.31032
Croatia,Solar,2009,0.000254137
Croatia,Solar,2010,0.000333069
Croatia,Solar,2011,0.000377936
Croatia,Solar,2012,0.006591611
Croatia,Solar,2013,0.030750832
Croatia,Solar,2014,0.09528972
Croatia,Solar,2015,0.15421028
Croatia,Solar,2016,0.17545584
Croatia,Solar,2017,0.20944361
Croatia,Solar,2018,0.198165
Croatia,Solar,2019,0.21904917
Croatia,Solar,2020,0.25081053
Croatia,Solar,2021,0.3896233
Croatia,Solar,2022,0.4209197
Cyprus,Solar,2004,0.001152661
Cyprus,Solar,2005,0.001620692
Cyprus,Solar,2006,0.002851083
Cyprus,Solar,2007,0.004900278
Cyprus,Solar,2008,0.008430166
Cyprus,Solar,2009,0.011170861
Cyprus,Solar,2010,0.019429056
Cyprus,Solar,2011,0.033103887
Cyprus,Solar,2012,0.060322497
Cyprus,Solar,2013,0.12809472
Cyprus,Solar,2014,0.22648056
Cyprus,Solar,2015,0.34108916
Cyprus,Solar,2016,0.39067888
Cyprus,Solar,2017,0.45779526
Cyprus,Solar,2018,0.50753
Cyprus,Solar,2019,0.5753459
Cyprus,Solar,2020,0.7763522
Cyprus,Solar,2021,1.2254891
Cyprus,Solar,2022,1.6706963
Czechia,Solar,2004,0.000288164
Czechia,Solar,2005,0.000194712
Czechia,Solar,2006,0.000483719
Czechia,Solar,2007,0.004959639
Czechia,Solar,2008,0.03635361
Czechia,Solar,2009,0.24801248
Czechia,Solar,2010,1.7089294
Czechia,Solar,2011,6.0194335
Czechia,Solar,2012,5.891388
Czechia,Solar,2013,5.5398316
Czechia,Solar,2014,5.7627993
Czechia,Solar,2015,6.1052804
Czechia,Solar,2016,5.7129073
Czechia,Solar,2017,5.8459306
Czechia,Solar,2018,6.19419
Czechia,Solar,2019,6.028583
Czechia,Solar,2020,5.874983
Czechia,Solar,2021,5.634439
Czechia,Solar,2022,5.9847517
Denmark,Solar,2000,0.003548389
Denmark,Solar,2001,0.003525333
Denmark,Solar,2002,0.003737722
Denmark,Solar,2003,0.004406583
Denmark,Solar,2004,0.005299028
Denmark,Solar,2005,0.006188166
Denmark,Solar,2006,0.006299417
Denmark,Solar,2007,0.007053333
Denmark,Solar,2008,0.007368583
Denmark,Solar,2009,0.010472667
Denmark,Solar,2010,0.017100638
Denmark,Solar,2011,0.041739997
Denmark,Solar,2012,0.28478056
Denmark,Solar,2013,1.4105172
Denmark,Solar,2014,1.613313
Denmark,Solar,2015,1.6272583
Denmark,Solar,2016,1.9911283
Denmark,Solar,2017,1.9999228
Denmark,Solar,2018,2.5213065
Denmark,Solar,2019,2.5391517
Denmark,Solar,2020,3.1004183
Denmark,Solar,2021,3.4250443
Denmark,Solar,2022,5.055607
Ecuador,Solar,2005,3.55E-05
Ecuador,Solar,2006,4.23E-05
Ecuador,Solar,2007,5.14E-05
Ecuador,Solar,2008,7.50E-05
Ecuador,Solar,2009,2.20E-05
Ecuador,Solar,2011,0.000160333
Ecuador,Solar,2012,0.000892939
Ecuador,Solar,2013,0.009984861
Ecuador,Solar,2014,0.04465333
Ecuador,Solar,2015,0.09710305
Ecuador,Solar,2016,0.10374805
Ecuador,Solar,2017,0.09974527
Ecuador,Solar,2018,0.100747496
Ecuador,Solar,2019,0.10016694
Ecuador,Solar,2020,0.099168606
Ecuador,Solar,2021,0.09647694
Ecuador,Solar,2022,0.10037472
Egypt,Solar,2000,0.000591397
Egypt,Solar,2001,0.002644008
Egypt,Solar,2002,0.002918833
Egypt,Solar,2003,0.002900111
Egypt,Solar,2004,0.002881639
Egypt,Solar,2005,0.002863417
Egypt,Solar,2006,0.002845417
Egypt,Solar,2007,0.003393139
Egypt,Solar,2008,0.004215083
Egypt,Solar,2009,0.006143972
Egypt,Solar,2010,0.06994472
Egypt,Solar,2011,0.67468137
Egypt,Solar,2012,1.3824866
Egypt,Solar,2013,0.06932639
Egypt,Solar,2014,0.37805194
Egypt,Solar,2015,0.113104716
Egypt,Solar,2016,0.6253828
Egypt,Solar,2017,1.6035472
Egypt,Solar,2018,1.4632275
Egypt,Solar,2019,3.924963
Egypt,Solar,2020,11.693579
Egypt,Solar,2021,13.285365
Egypt,Solar,2022,13.101806
Estonia,Solar,2009,0.000279272
Estonia,Solar,2010,0.000277558
Estonia,Solar,2011,0.000551731
Estonia,Solar,2012,0.000822581
Estonia,Solar,2013,0.003815583
Estonia,Solar,2014,0.008398194
Estonia,Solar,2015,0.015888527
Estonia,Solar,2016,0.025967278
Estonia,Solar,2017,0.03858861
Estonia,Solar,2018,0.08148833
Estonia,Solar,2019,0.19374388
Estonia,Solar,2020,0.32172057
Estonia,Solar,2021,0.92630357
Estonia,Solar,2022,1.5440466
Europe,Solar,2000,0.22034094
Europe,Solar,2001,0.5707726
Europe,Solar,2002,0.91882867
Europe,Solar,2003,1.3596238
Europe,Solar,2004,2.1640797
Europe,Solar,2005,4.3309965
Europe,Solar,2006,7.311704
Europe,Solar,2007,10.965898
Europe,Solar,2008,21.326517
Europe,Solar,2009,40.002575
Europe,Solar,2010,65.21097
Europe,Solar,2011,130.12068
Europe,Solar,2012,197.9948
Europe,Solar,2013,235.86777
Europe,Solar,2014,266.5266
Europe,Solar,2015,294.28632
Europe,Solar,2016,301.9376
Europe,Solar,2017,322.95706
Europe,Solar,2018,343.97876
Europe,Solar,2019,377.136
Europe,Solar,2020,440.1725
Europe,Solar,2021,490.01984
Europe,Solar,2022,607.9981
Finland,Solar,2000,0.004660222
Finland,Solar,2001,0.005038306
Finland,Solar,2002,0.005443639
Finland,Solar,2003,0.006081556
Finland,Solar,2004,0.006803583
Finland,Solar,2005,0.007533638
Finland,Solar,2006,0.009614611
Finland,Solar,2007,0.010776056
Finland,Solar,2008,0.011082861
Finland,Solar,2009,0.012056138
Finland,Solar,2010,0.013153472
Finland,Solar,2011,0.014620861
Finland,Solar,2012,0.015763389
Finland,Solar,2013,0.01758439
Finland,Solar,2014,0.021000916
Finland,Solar,2015,0.030460276
Finland,Solar,2016,0.059071388
Finland,Solar,2017,0.12910722
Finland,Solar,2018,0.23871082
Finland,Solar,2019,0.38796777
Finland,Solar,2020,0.573768
Finland,Solar,2021,0.77850854
Finland,Solar,2022,0.8207094
France,Solar,2000,0.015445083
France,Solar,2001,0.018098248
France,Solar,2002,0.020733805
France,Solar,2003,0.022526138
France,Solar,2004,0.024344139
France,Solar,2005,0.030068057
France,Solar,2006,0.0338775
France,Solar,2007,0.050897222
France,Solar,2008,0.118022494
France,Solar,2009,0.48593193
France,Solar,2010,1.7208589
France,Solar,2011,5.7320457
France,Solar,2012,11.012514
France,Solar,2013,12.902739
France,Solar,2014,16.020185
France,Solar,2015,19.5595
France,Solar,2016,21.857859
France,Solar,2017,24.22473
France,Solar,2018,27.633865
France,Solar,2019,31.137177
France,Solar,2020,34.10372
France,Solar,2021,39.920315
France,Solar,2022,52.484104
Germany,Solar,2001,0.29377887
Germany,Solar,2002,0.58376694
Germany,Solar,2003,0.90773886
Germany,Solar,2004,1.60508
Germany,Solar,2005,3.7453449
Germany,Solar,2006,6.4448414
Germany,Solar,2007,8.870247
Germany,Solar,2008,12.667742
Germany,Solar,2009,18.753061
Germany,Solar,2010,33.204247
Germany,Solar,2011,55.148262
Germany,Solar,2012,73.330315
Germany,Solar,2013,83.45502
Germany,Solar,2014,96.032104
Germany,Solar,2015,102.53761
Germany,Solar,2016,100.53882
Germany,Solar,2017,103.154274
Germany,Solar,2018,117.25863
Germany,Solar,2019,119.20131
Germany,Solar,2020,129.9908
Germany,Solar,2021,129.10684
Germany,Solar,2022,158.4799
Greece,Solar,2004,0.002233281
Greece,Solar,2005,0.002728833
Greece,Solar,2006,0.003943722
Greece,Solar,2007,0.004015222
Greece,Solar,2008,0.014713472
Greece,Solar,2009,0.13963555
Greece,Solar,2010,0.43784192
Greece,Solar,2011,1.6836371
Greece,Solar,2012,4.6448
Greece,Solar,2013,9.942598
Greece,Solar,2014,10.272587
Greece,Solar,2015,10.501612
Greece,Solar,2016,10.519997
Greece,Solar,2017,10.6224785
Greece,Solar,2018,10.029031
Greece,Solar,2019,11.6734295
Greece,Solar,2020,11.678725
Greece,Solar,2021,13.740113
Greece,Solar,2022,18.649336
Hong Kong,Solar,2010,0.002775578
Hong Kong,Solar,2011,0.008275972
Hong Kong,Solar,2012,0.008225805
Hong Kong,Solar,2013,0.00817625
Hong Kong,Solar,2014,0.008127306
Hong Kong,Solar,2015,0.010771888
Hong Kong,Solar,2016,0.010708138
Hong Kong,Solar,2017,0.014916527
Hong Kong,Solar,2018,0.016887667
Hong Kong,Solar,2019,0.04375722
Hong Kong,Solar,2020,0.13718417
Hong Kong,Solar,2021,0.13668223
Hong Kong,Solar,2022,0.1361836
Hungary,Solar,2008,0.002810056
Hungary,Solar,2009,0.002792722
Hungary,Solar,2010,0.002775578
Hungary,Solar,2011,0.002758656
Hungary,Solar,2012,0.021935472
Hungary,Solar,2013,0.06813556
Hungary,Solar,2014,0.18150945
Hungary,Solar,2015,0.37970915
Hungary,Solar,2016,0.6531972
Hungary,Solar,2017,0.9287903
Hungary,Solar,2018,1.6641624
Hungary,Solar,2019,3.9460506
Hungary,Solar,2020,6.458045
Hungary,Solar,2021,9.932906
Hungary,Solar,2022,12.121247
India,Solar,2000,0.020908
India,Solar,2001,0.03264222
India,Solar,2002,0.038328055
India,Solar,2003,0.046870552
India,Solar,2004,0.05239361
India,Solar,2005,0.05206194
India,Solar,2006,0.020486915
India,Solar,2007,0.16682972
India,Solar,2008,0.1770336
India,Solar,2009,0.20945333
India,Solar,2010,0.31364027
India,Solar,2011,2.281407
India,Solar,2012,5.7553225
India,Solar,2013,9.3563595
India,Solar,2014,13.298961
India,Solar,2015,17.683079
India,Solar,2016,30.935793
India,Solar,2017,57.33638
India,Solar,2018,96.122734
India,Solar,2019,121.96038
India,Solar,2020,154.11977
India,Solar,2021,178.73424
India,Solar,2022,248.08994
Indonesia,Solar,2008,0.000281006
Indonesia,Solar,2009,0.000279272
Indonesia,Solar,2010,0.0014433
Indonesia,Solar,2011,0.002124164
Indonesia,Solar,2012,0.008253222
Indonesia,Solar,2013,0.014989805
Indonesia,Solar,2014,0.018448943
Indonesia,Solar,2015,0.014218888
Indonesia,Solar,2016,0.056458607
Indonesia,Solar,2017,0.077310555
Indonesia,Solar,2018,0.23882972
Indonesia,Solar,2019,0.31178278
Indonesia,Solar,2020,0.44901666
Indonesia,Solar,2021,0.50402445
Indonesia,Solar,2022,0.7814363
Iran,Solar,2006,0.000284542
Iran,Solar,2007,0.000282761
Iran,Solar,2008,0.000562011
Iran,Solar,2009,0.000837814
Iran,Solar,2010,0.001942906
Iran,Solar,2011,0.001931058
Iran,Solar,2012,0.001919356
Iran,Solar,2013,0.001907792
Iran,Solar,2014,0.001896369
Iran,Solar,2015,0.004039472
Iran,Solar,2016,0.013385193
Iran,Solar,2017,0.22835195
Iran,Solar,2018,0.5868647
Iran,Solar,2019,1.3455929
Iran,Solar,2020,1.533406
Iran,Solar,2021,1.616114
Iran,Solar,2022,1.9052374
Iraq,Solar,2013,0.12618694
Iraq,Solar,2014,0.15523139
Iraq,Solar,2015,0.15432082
Iraq,Solar,2016,0.1534075
Iraq,Solar,2017,0.15250528
Iraq,Solar,2018,0.99623525
Iraq,Solar,2019,0.9925622
Iraq,Solar,2020,0.99162555
Iraq,Solar,2021,0.98529667
Iraq,Solar,2022,1.1008552
Ireland,Solar,2009,0.001184769
Ireland,Solar,2010,0.001321472
Ireland,Solar,2011,0.001495414
Ireland,Solar,2012,0.001771094
Ireland,Solar,2013,0.001906331
Ireland,Solar,2014,0.002563389
Ireland,Solar,2015,0.004353528
Ireland,Solar,2016,0.016340638
Ireland,Solar,2017,0.031344723
Ireland,Solar,2018,0.058145277
Ireland,Solar,2019,0.10414194
Ireland,Solar,2020,0.16227306
Ireland,Solar,2021,0.2432986
Ireland,Solar,2022,0.35339305
Israel,Solar,2009,0.067025
Israel,Solar,2010,0.19429055
Israel,Solar,2011,0.52966166
Israel,Solar,2012,1.0117742
Israel,Solar,2013,1.3215553
Israel,Solar,2014,2.2767258
Israel,Solar,2015,3.275193
Israel,Solar,2016,4.378295
Israel,Solar,2017,4.3725
Israel,Solar,2018,4.836389
Israel,Solar,2019,8.209736
Israel,Solar,2020,10.933242
Israel,Solar,2021,14.001053
Israel,Solar,2022,18.494232
Italy,Solar,2000,0.05322583
Italy,Solar,2001,0.055818055
Italy,Solar,2002,0.061295554
Italy,Solar,2003,0.069603056
Italy,Solar,2004,0.083567776
Italy,Solar,2005,0.08876583
Italy,Solar,2006,0.09958917
Italy,Solar,2007,0.11027721
Italy,Solar,2008,0.5423411
Italy,Solar,2009,1.890666
Italy,Solar,2010,5.2894206
Italy,Solar,2011,29.781607
Italy,Solar,2012,51.717564
Italy,Solar,2013,58.837955
Italy,Solar,2014,60.43022
Italy,Solar,2015,61.782707
Italy,Solar,2016,59.17404
Italy,Solar,2017,64.87614
Italy,Solar,2018,59.935772
Italy,Solar,2019,62.443287
Italy,Solar,2020,65.50359
Italy,Solar,2021,65.518974
Italy,Solar,2022,71.74867
Japan,Solar,2000,1.0173867
Japan,Solar,2001,1.4681277
Japan,Solar,2002,2.0274808
Japan,Solar,2003,2.7665877
Japan,Solar,2004,3.6643724
Japan,Solar,2005,4.6676173
Japan,Solar,2006,5.6783752
Japan,Solar,2007,6.5387816
Japan,Solar,2008,7.28921
Japan,Solar,2009,8.5052395
Japan,Solar,2010,11.050631
Japan,Solar,2011,15.004736
Japan,Solar,2012,20.213282
Japan,Solar,2013,35.181824
Japan,Solar,2014,63.79429
Japan,Solar,2015,93.01573
Japan,Solar,2016,115.98451
Japan,Solar,2017,144.35287
Japan,Solar,2018,164.33765
Japan,Solar,2019,178.57726
Japan,Solar,2020,197.32648
Japan,Solar,2021,241.79141
Japan,Solar,2022,266.96536
Kazakhstan,Solar,2012,5.76E-05
Kazakhstan,Solar,2013,0.002145995
Kazakhstan,Solar,2014,0.003356583
Kazakhstan,Solar,2015,0.12433722
Kazakhstan,Solar,2016,0.23665832
Kazakhstan,Solar,2017,0.24655667
Kazakhstan,Solar,2018,0.37374496
Kazakhstan,Solar,2019,1.0312475
Kazakhstan,Solar,2020,3.2499535
Kazakhstan,Solar,2021,4.2627482
Kazakhstan,Solar,2022,4.4195566
Kuwait,Solar,2013,0.000496025
Kuwait,Solar,2014,0.008880416
Kuwait,Solar,2015,0.013707222
Kuwait,Solar,2016,0.13067694
Kuwait,Solar,2017,0.13640167
Kuwait,Solar,2018,0.14078972
Kuwait,Solar,2019,0.15430444
Kuwait,Solar,2020,0.15415888
Kuwait,Solar,2021,0.5477139
Kuwait,Solar,2022,0.54571664
Latvia,Solar,2011,0.000551731
Latvia,Solar,2012,0.000548386
Latvia,Solar,2013,0.000545083
Latvia,Solar,2014,0.000541819
Latvia,Solar,2015,0.000538594
Latvia,Solar,2016,0.001022628
Latvia,Solar,2017,0.001170967
Latvia,Solar,2018,0.003368
Latvia,Solar,2019,0.008269056
Latvia,Solar,2020,0.012729611
Latvia,Solar,2021,0.017785555
Latvia,Solar,2022,0.017720694
Lithuania,Solar,2011,0.000275866
Lithuania,Solar,2012,0.006306444
Lithuania,Solar,2013,0.12209861
Lithuania,Solar,2014,0.19776416
Lithuania,Solar,2015,0.197395
Lithuania,Solar,2016,0.17802306
Lithuania,Solar,2017,0.18096778
Lithuania,Solar,2018,0.22912
Lithuania,Solar,2019,0.24013695
Lithuania,Solar,2020,0.3382661
Lithuania,Solar,2021,0.49926195
Lithuania,Solar,2022,0.53804886
Luxembourg,Solar,2000,0.000118279
Luxembourg,Solar,2001,0.000135138
Luxembourg,Solar,2002,0.000172211
Luxembourg,Solar,2003,0.004057278
Luxembourg,Solar,2004,0.026508305
Luxembourg,Solar,2005,0.050676662
Luxembourg,Solar,2006,0.060077775
Luxembourg,Solar,2007,0.0591
Luxembourg,Solar,2008,0.05628833
Luxembourg,Solar,2009,0.056736667
Luxembourg,Solar,2010,0.058698054
Luxembourg,Solar,2011,0.07101889
Luxembourg,Solar,2012,0.10495305
Luxembourg,Solar,2013,0.20096694
Luxembourg,Solar,2014,0.2566628
Luxembourg,Solar,2015,0.27931777
Luxembourg,Solar,2016,0.2684747
Luxembourg,Solar,2017,0.28865165
Luxembourg,Solar,2018,0.3141139
Luxembourg,Solar,2019,0.3436914
Luxembourg,Solar,2020,0.42351806
Luxembourg,Solar,2021,0.47149387
Luxembourg,Solar,2022,0.56462026
Malaysia,Solar,2012,0.019193556
Malaysia,Solar,2013,0.38428387
Malaysia,Solar,2014,0.61496526
Malaysia,Solar,2015,0.7351814
Malaysia,Solar,2016,0.82988167
Malaysia,Solar,2017,0.8782258
Malaysia,Solar,2018,1.6720997
Malaysia,Solar,2019,3.7015378
Malaysia,Solar,2020,5.1493783
Malaysia,Solar,2021,6.5818424
Malaysia,Solar,2022,7.093971
Mexico,Solar,2000,0.020698916
Mexico,Solar,2001,0.023502305
Mexico,Solar,2002,0.023350665
Mexico,Solar,2003,0.023201
Mexico,Solar,2004,0.025934862
Mexico,Solar,2005,0.025770722
Mexico,Solar,2006,0.028454166
Mexico,Solar,2007,0.025448583
Mexico,Solar,2008,0.05339111
Mexico,Solar,2009,0.07540333
Mexico,Solar,2010,0.08604305
Mexico,Solar,2011,0.113104716
Mexico,Solar,2012,0.1891936
Mexico,Solar,2013,0.28889415
Mexico,Solar,2014,0.59871054
Mexico,Solar,2015,0.5445122
Mexico,Solar,2016,0.67535275
Mexico,Solar,2017,3.1576371
Mexico,Solar,2018,8.497309
Mexico,Solar,2019,26.265673
Mexico,Solar,2020,41.588917
Mexico,Solar,2021,52.84355
Mexico,Solar,2022,50.24874
Morocco,Solar,2002,0.000294831
Morocco,Solar,2003,0.000292942
Morocco,Solar,2004,0.000291075
Morocco,Solar,2005,0.000289233
Morocco,Solar,2006,0.000287414
Morocco,Solar,2007,0.000285619
Morocco,Solar,2008,0.000283844
Morocco,Solar,2009,0.000282092
Morocco,Solar,2010,0.000280361
Morocco,Solar,2011,0.000278653
Morocco,Solar,2012,0.000277711
Morocco,Solar,2013,0.000275295
Morocco,Solar,2014,0.000273646
Morocco,Solar,2015,0.015349944
Morocco,Solar,2016,1.0748305
Morocco,Solar,2017,1.1052338
Morocco,Solar,2018,2.513851
Morocco,Solar,2019,4.1686897
Morocco,Solar,2020,3.9915226
Morocco,Solar,2021,4.762892
Morocco,Solar,2022,3.774472
Netherlands,Solar,2000,0.022798387
Netherlands,Solar,2001,0.0383675
Netherlands,Solar,2002,0.049736943
Netherlands,Solar,2003,0.08914972
Netherlands,Solar,2004,0.095498055
Netherlands,Solar,2005,0.097925834
Netherlands,Solar,2006,0.10022361
Netherlands,Solar,2007,0.10098
Netherlands,Solar,2008,0.10928027
Netherlands,Solar,2009,0.12411917
Netherlands,Solar,2010,0.1649914
Netherlands,Solar,2011,0.27681446
Netherlands,Solar,2012,0.69577444
Netherlands,Solar,2013,1.406043
Netherlands,Solar,2014,2.125997
Netherlands,Solar,2015,2.9852138
Netherlands,Solar,2016,4.2881002
Netherlands,Solar,2017,5.8664045
Netherlands,Solar,2018,9.809806
Netherlands,Solar,2019,14.232684
Netherlands,Solar,2020,22.50286
Netherlands,Solar,2021,30.079916
Netherlands,Solar,2022,46.082966
New Zealand,Solar,2007,0.009630583
New Zealand,Solar,2008,0.009710471
New Zealand,Solar,2009,0.010025444
New Zealand,Solar,2010,0.010626361
New Zealand,Solar,2011,0.011384611
New Zealand,Solar,2012,0.013224222
New Zealand,Solar,2013,0.018217776
New Zealand,Solar,2014,0.05089472
New Zealand,Solar,2015,0.09890555
New Zealand,Solar,2016,0.15171139
New Zealand,Solar,2017,0.20501556
New Zealand,Solar,2018,0.26631334
New Zealand,Solar,2019,0.33715028
New Zealand,Solar,2020,0.4224389
New Zealand,Solar,2021,0.5429058
New Zealand,Solar,2022,0.7258811
North Macedonia,Solar,2010,0.000072165
North Macedonia,Solar,2011,0.003235889
North Macedonia,Solar,2012,0.007776138
North Macedonia,Solar,2013,0.02466775
North Macedonia,Solar,2014,0.038962223
North Macedonia,Solar,2015,0.060861107
North Macedonia,Solar,2016,0.06344583
North Macedonia,Solar,2017,0.063208334
North Macedonia,Solar,2018,0.060290832
North Macedonia,Solar,2019,0.06122583
North Macedonia,Solar,2020,0.061814997
North Macedonia,Solar,2021,0.06618361
North Macedonia,Solar,2022,0.0863875
Norway,Solar,2000,0.015672056
Norway,Solar,2001,0.015570277
Norway,Solar,2002,0.015469832
Norway,Solar,2003,0.017980777
Norway,Solar,2004,0.017866248
Norway,Solar,2005,0.017753167
Norway,Solar,2006,0.020202361
Norway,Solar,2007,0.020076111
Norway,Solar,2008,0.020794416
Norway,Solar,2009,0.021503888
Norway,Solar,2010,0.022482194
Norway,Solar,2011,0.023448555
Norway,Solar,2012,0.024403222
Norway,Solar,2013,0.026709082
Norway,Solar,2014,0.031425554
Norway,Solar,2015,0.036085833
Norway,Solar,2016,0.06371361
Norway,Solar,2017,0.10634778
Norway,Solar,2018,0.16106139
Norway,Solar,2019,0.27682972
Norway,Solar,2020,0.35651886
Norway,Solar,2021,0.45668083
Norway,Solar,2022,0.71207887
Oman,Solar,2013,0.0032705
Oman,Solar,2014,0.003250917
Oman,Solar,2015,0.009964
Oman,Solar,2016,0.01123286
Oman,Solar,2017,0.04140972
Oman,Solar,2018,0.04156972
Oman,Solar,2019,0.04363861
Oman,Solar,2020,0.5553447
Oman,Solar,2021,2.1912208
Oman,Solar,2022,3.8151662
Pakistan,Solar,2007,0.000571181
Pakistan,Solar,2008,0.004451139
Pakistan,Solar,2009,0.014879582
Pakistan,Solar,2010,0.037270553
Pakistan,Solar,2011,0.074014716
Pakistan,Solar,2012,0.18088555
Pakistan,Solar,2013,0.39488584
Pakistan,Solar,2014,0.64505774
Pakistan,Solar,2015,1.0282389
Pakistan,Solar,2016,1.1989958
Pakistan,Solar,2017,1.7532399
Pakistan,Solar,2018,1.9123317
Pakistan,Solar,2019,1.8457997
Pakistan,Solar,2020,1.8644038
Pakistan,Solar,2021,1.8775741
Pakistan,Solar,2022,2.3210225
Peru,Solar,2012,0.1636936
Peru,Solar,2013,0.53663474
Peru,Solar,2014,0.5399233
Peru,Solar,2015,0.6200714
Peru,Solar,2016,0.64516604
Peru,Solar,2017,0.8774886
Peru,Solar,2018,2.1078508
Peru,Solar,2019,2.1955013
Peru,Solar,2020,2.247053
Peru,Solar,2021,2.3072567
Peru,Solar,2022,2.3554876
Philippines,Solar,2005,0.004343805
Philippines,Solar,2006,0.003915278
Philippines,Solar,2007,0.003701361
Philippines,Solar,2008,0.003664306
Philippines,Solar,2009,0.003496472
Philippines,Solar,2010,0.003480583
Philippines,Solar,2011,0.0033435
Philippines,Solar,2012,0.003619361
Philippines,Solar,2013,0.00385375
Philippines,Solar,2014,0.044746112
Philippines,Solar,2015,0.3730683
Philippines,Solar,2016,2.9367528
Philippines,Solar,2017,3.196614
Philippines,Solar,2018,3.304821
Philippines,Solar,2019,3.2846377
Philippines,Solar,2020,3.6048548
Philippines,Solar,2021,3.9611702
Philippines,Solar,2022,4.7832394
Poland,Solar,2011,0.000551731
Poland,Solar,2012,0.003016139
Poland,Solar,2013,0.004088139
Poland,Solar,2014,0.018963695
Poland,Solar,2015,0.15349944
Poland,Solar,2016,0.33195278
Poland,Solar,2017,0.43911275
Poland,Solar,2018,0.79371804
Poland,Solar,2019,1.8733144
Poland,Solar,2020,5.1420536
Poland,Solar,2021,10.295184
Poland,Solar,2022,21.211647
Portugal,Solar,2000,0.004139778
Portugal,Solar,2001,0.004700472
Portugal,Solar,2002,0.005253889
Portugal,Solar,2003,0.007540334
Portugal,Solar,2004,0.008356778
Portugal,Solar,2005,0.010880972
Portugal,Solar,2006,0.014227027
Portugal,Solar,2007,0.06786277
Portugal,Solar,2008,0.1152125
Portugal,Solar,2009,0.44683388
Portugal,Solar,2010,0.5967494
Portugal,Solar,2011,0.7779405
Portugal,Solar,2012,1.0775806
Portugal,Solar,2013,1.3058563
Portugal,Solar,2014,1.6994622
Portugal,Solar,2015,2.144023
Portugal,Solar,2016,2.2005248
Portugal,Solar,2017,2.6399999
Portugal,Solar,2018,2.6589558
Portugal,Solar,2019,3.5374749
Portugal,Solar,2020,4.5056343
Portugal,Solar,2021,5.853935
Portugal,Solar,2022,8.025395
Qatar,Solar,2011,0.003017972
Qatar,Solar,2012,0.002999667
Qatar,Solar,2013,0.010223055
Qatar,Solar,2014,0.017625388
Qatar,Solar,2015,0.01752047
Qatar,Solar,2016,0.02239075
Qatar,Solar,2017,0.022259027
Qatar,Solar,2018,0.022128861
Qatar,Solar,2019,0.022047278
Qatar,Solar,2020,0.021966277
Qatar,Solar,2021,0.021826083
Qatar,Solar,2022,1.0714253
Romania,Solar,2009,0.002820917
Romania,Solar,2010,0.005607222
Romania,Solar,2011,0.002758656
Romania,Solar,2012,0.021935472
Romania,Solar,2013,1.1446755
Romania,Solar,2014,3.5090945
Romania,Solar,2015,5.337471
Romania,Solar,2016,4.872208
Romania,Solar,2017,4.9393544
Romania,Solar,2018,4.6855826
Romania,Solar,2019,4.6867585
Romania,Solar,2020,4.551359
Romania,Solar,2021,4.456201
Romania,Solar,2022,4.6198425
Russia,Solar,2011,0.003310389
Russia,Solar,2012,0.011547666
Russia,Solar,2013,0.029434443
Russia,Solar,2014,0.43345556
Russia,Solar,2015,0.9037613
Russia,Solar,2016,1.2536566
Russia,Solar,2017,1.447742
Russia,Solar,2018,1.6521509
Russia,Solar,2019,2.5965648
Russia,Solar,2020,4.890518
Russia,Solar,2021,6.0498614
Russia,Solar,2022,6.253577
Saudi Arabia,Solar,2008,0.001711325
Saudi Arabia,Solar,2009,0.001700761
Saudi Arabia,Solar,2010,0.011349333
Saudi Arabia,Solar,2011,0.014874666
Saudi Arabia,Solar,2012,0.070295
Saudi Arabia,Solar,2013,0.11576222
Saudi Arabia,Solar,2014,0.124296114
Saudi Arabia,Solar,2015,0.12355639
Saudi Arabia,Solar,2016,0.12282527
Saudi Arabia,Solar,2017,0.17307971
Saudi Arabia,Solar,2018,0.4219622
Saudi Arabia,Solar,2019,0.5449519
Saudi Arabia,Solar,2020,0.54443777
Saudi Arabia,Solar,2021,2.1729314
Saudi Arabia,Solar,2022,2.1674714
Singapore,Solar,2008,0.000834586
Singapore,Solar,2009,0.004457166
Singapore,Solar,2010,0.008565445
Singapore,Solar,2011,0.013503611
Singapore,Solar,2012,0.022464667
Singapore,Solar,2013,0.034220275
Singapore,Solar,2014,0.07350583
Singapore,Solar,2015,0.13123666
Singapore,Solar,2016,0.23688887
Singapore,Solar,2017,0.32676917
Singapore,Solar,2018,0.3576022
Singapore,Solar,2019,0.51301026
Singapore,Solar,2020,0.77503914
Singapore,Solar,2021,1.0382836
Singapore,Solar,2022,1.7395859
Slovakia,Solar,2010,0.047023885
Slovakia,Solar,2011,1.0951858
Slovakia,Solar,2012,1.1625808
Slovakia,Solar,2013,1.6025455
Slovakia,Solar,2014,1.6173314
Slovakia,Solar,2015,1.3626442
Slovakia,Solar,2016,1.426861
Slovakia,Solar,2017,1.3466127
Slovakia,Solar,2018,1.5477502
Slovakia,Solar,2019,1.5525877
Slovakia,Solar,2020,1.7412297
Slovakia,Solar,2021,1.7557902
Slovakia,Solar,2022,1.7020355
Slovenia,Solar,2008,0.002810056
Slovenia,Solar,2009,0.011170861
Slovenia,Solar,2010,0.0360825
Slovenia,Solar,2011,0.1820711
Slovenia,Solar,2012,0.44693553
Slovenia,Solar,2013,0.58596474
Slovenia,Solar,2014,0.6962383
Slovenia,Solar,2015,0.73787445
Slovenia,Solar,2016,0.7147692
Slovenia,Solar,2017,0.7554525
Slovenia,Solar,2018,0.6745572
Slovenia,Solar,2019,0.7988025
Slovenia,Solar,2020,0.96698916
Slovenia,Solar,2021,1.1856503
Slovenia,Solar,2022,1.3990513
South Africa,Solar,2000,0.027499998
South Africa,Solar,2001,0.031728055
South Africa,Solar,2002,0.036193613
South Africa,Solar,2003,0.040311664
South Africa,Solar,2004,0.044665556
South Africa,Solar,2005,0.048678055
South Africa,Solar,2006,0.052924443
South Africa,Solar,2007,0.056835275
South Africa,Solar,2008,0.06097833
South Africa,Solar,2009,0.06507028
South Africa,Solar,2010,0.07660611
South Africa,Solar,2011,0.22152
South Africa,Solar,2012,0.23580638
South Africa,Solar,2013,0.6622767
South Africa,Solar,2014,2.9121745
South Africa,Solar,2015,7.402981
South Africa,Solar,2016,8.764621
South Africa,Solar,2017,11.281209
South Africa,Solar,2018,12.09891
South Africa,Solar,2019,12.924172
South Africa,Solar,2020,14.969848
South Africa,Solar,2021,17.754154
South Africa,Solar,2022,16.164234
South America,Solar,2000,0.005579102
South America,Solar,2001,0.008012784
South America,Solar,2002,0.013759348
South America,Solar,2003,0.018834751
South America,Solar,2004,0.023186313
South America,Solar,2005,0.027633501
South America,Solar,2006,0.000402325
South America,Solar,2007,0.000464772
South America,Solar,2008,0.00075581
South America,Solar,2009,0.000594736
South America,Solar,2010,0.03163498
South America,Solar,2011,0.110791355
South America,Solar,2012,0.35491803
South America,Solar,2013,0.7606738
South America,Solar,2014,2.089658
South America,Solar,2015,4.918299
South America,Solar,2016,8.452962
South America,Solar,2017,14.540528
South America,Solar,2018,26.847364
South America,Solar,2019,40.706547
South America,Solar,2020,56.685898
South America,Solar,2021,83.37632
South America,Solar,2022,130.08621
South Korea,Solar,2000,0.015624722
South Korea,Solar,2001,0.018167278
South Korea,Solar,2002,0.020560278
South Korea,Solar,2003,0.022481749
South Korea,Solar,2004,0.028447777
South Korea,Solar,2005,0.041230276
South Korea,Solar,2006,0.08827028
South Korea,Solar,2007,0.20154999
South Korea,Solar,2008,0.7989417
South Korea,Solar,2009,1.5812083
South Korea,Solar,2010,2.1467013
South Korea,Solar,2011,2.5455625
South Korea,Solar,2012,3.0904262
South Korea,Solar,2013,4.5450187
South Korea,Solar,2014,7.299258
South Korea,Solar,2015,11.391129
South Korea,Solar,2016,14.766931
South Korea,Solar,2017,20.59623
South Korea,Solar,2018,26.90048
South Korea,Solar,2019,37.41212
South Korea,Solar,2020,50.787083
South Korea,Solar,2021,64.67803
South Korea,Solar,2022,70.31782
South and Central America (EI),Solar,2000,0.007515944
South and Central America (EI),Solar,2001,0.012017
South and Central America (EI),Solar,2002,0.018747639
South and Central America (EI),Solar,2003,0.025336832
South and Central America (EI),Solar,2004,0.031929165
South and Central America (EI),Solar,2005,0.052417777
South and Central America (EI),Solar,2006,0.024479944
South and Central America (EI),Solar,2007,0.031751666
South and Central America (EI),Solar,2008,0.042883053
South and Central America (EI),Solar,2009,0.06942472
South and Central America (EI),Solar,2010,0.1742361
South and Central America (EI),Solar,2011,0.3659522
South and Central America (EI),Solar,2012,0.9276978
South and Central America (EI),Solar,2013,1.4502983
South and Central America (EI),Solar,2014,3.003241
South and Central America (EI),Solar,2015,7.682763
South and Central America (EI),Solar,2016,13.027867
South and Central America (EI),Solar,2017,20.25746
South and Central America (EI),Solar,2018,33.77654
South and Central America (EI),Solar,2019,49.63717
South and Central America (EI),Solar,2020,67.024666
South and Central America (EI),Solar,2021,95.70585
South and Central America (EI),Solar,2022,142.81859
Spain,Solar,2000,0.05322583
Spain,Solar,2001,0.070506945
Spain,Solar,2002,0.087565
Spain,Solar,2003,0.118905
Spain,Solar,2004,0.16137248
Spain,Solar,2005,0.1174
Spain,Solar,2006,0.33860305
Spain,Solar,2007,1.4364314
Spain,Solar,2008,7.24433
Spain,Solar,2009,16.943201
Spain,Solar,2010,19.60788
Spain,Solar,2011,23.943842
Spain,Solar,2012,32.80975
Spain,Solar,2013,35.732647
Spain,Solar,2014,37.041565
Spain,Solar,2015,37.320366
Spain,Solar,2016,36.519344
Spain,Solar,2017,38.11146
Spain,Solar,2018,33.717148
Spain,Solar,2019,39.825024
Spain,Solar,2020,54.27789
Spain,Solar,2021,70.90671
Spain,Solar,2022,88.01281
Sri Lanka,Solar,2000,0.001277419
Sri Lanka,Solar,2001,0.002653105
Sri Lanka,Solar,2002,0.0043815
Sri Lanka,Solar,2003,0.006971889
Sri Lanka,Solar,2004,0.010198361
Sri Lanka,Solar,2005,0.013215611
Sri Lanka,Solar,2006,0.015327582
Sri Lanka,Solar,2007,0.016899167
Sri Lanka,Solar,2008,0.017914498
Sri Lanka,Solar,2009,0.01895639
Sri Lanka,Solar,2010,0.01997161
Sri Lanka,Solar,2011,0.024039334
Sri Lanka,Solar,2012,0.027440805
Sri Lanka,Solar,2013,0.0392
Sri Lanka,Solar,2014,0.07608222
Sri Lanka,Solar,2015,0.13120167
Sri Lanka,Solar,2016,0.22211388
Sri Lanka,Solar,2017,0.5977525
Sri Lanka,Solar,2018,0.8500986
Sri Lanka,Solar,2019,1.3190405
Sri Lanka,Solar,2020,1.6114911
Sri Lanka,Solar,2021,2.3177953
Sri Lanka,Solar,2022,2.6422856
Sweden,Solar,2000,0.002957
Sweden,Solar,2001,0.005875583
Sweden,Solar,2002,0.005837666
Sweden,Solar,2003,0.00580025
Sweden,Solar,2004,0.005763306
Sweden,Solar,2005,0.005726833
Sweden,Solar,2006,0.005690805
Sweden,Solar,2007,0.008482861
Sweden,Solar,2008,0.011240223
Sweden,Solar,2009,0.019548971
Sweden,Solar,2010,0.024980221
Sweden,Solar,2011,0.035862498
Sweden,Solar,2012,0.052096665
Sweden,Solar,2013,0.09538972
Sweden,Solar,2014,0.1273275
Sweden,Solar,2015,0.2612183
Sweden,Solar,2016,0.38281637
Sweden,Solar,2017,0.61209667
Sweden,Solar,2018,1.0344794
Sweden,Solar,2019,1.7476497
Sweden,Solar,2020,2.7182093
Sweden,Solar,2021,3.943332
Sweden,Solar,2022,6.8608494
Switzerland,Solar,2000,0.032526944
Switzerland,Solar,2001,0.03819111
Switzerland,Solar,2002,0.0437825
Switzerland,Solar,2003,0.05220222
Switzerland,Solar,2004,0.051869724
Switzerland,Solar,2005,0.060131665
Switzerland,Solar,2006,0.06828972
Switzerland,Solar,2007,0.082001105
Switzerland,Solar,2008,0.10397222
Switzerland,Solar,2009,0.1508064
Switzerland,Solar,2010,0.26090443
Switzerland,Solar,2011,0.4634539
Switzerland,Solar,2012,0.8198386
Switzerland,Solar,2013,1.3627088
Switzerland,Solar,2014,2.2810605
Switzerland,Solar,2015,3.0134358
Switzerland,Solar,2016,3.568491
Switzerland,Solar,2017,4.4789515
Switzerland,Solar,2018,5.1459394
Switzerland,Solar,2019,5.7411475
Switzerland,Solar,2020,6.8257256
Switzerland,Solar,2021,7.4365954
Switzerland,Solar,2022,9.722893
Taiwan,Solar,2000,0.000354839
Taiwan,Solar,2001,0.000775575
Taiwan,Solar,2002,0.001015756
Taiwan,Solar,2003,0.001336958
Taiwan,Solar,2004,0.001682886
Taiwan,Solar,2005,0.002748878
Taiwan,Solar,2006,0.00414575
Taiwan,Solar,2007,0.006164222
Taiwan,Solar,2008,0.012569806
Taiwan,Solar,2009,0.025448695
Taiwan,Solar,2010,0.060305
Taiwan,Solar,2011,0.16999528
Taiwan,Solar,2012,0.43835276
Taiwan,Solar,2013,0.87512136
Taiwan,Solar,2014,1.4324683
Taiwan,Solar,2015,2.2897482
Taiwan,Solar,2016,2.9688468
Taiwan,Solar,2017,4.437576
Taiwan,Solar,2018,7.1754236
Taiwan,Solar,2019,10.585929
Taiwan,Solar,2020,15.95385
Taiwan,Solar,2021,20.851633
Taiwan,Solar,2022,27.832035
Thailand,Solar,2006,0.103800274
Thailand,Solar,2007,0.109598614
Thailand,Solar,2008,0.109255
Thailand,Solar,2009,0.12399639
Thailand,Solar,2010,0.16187167
Thailand,Solar,2011,0.26052722
Thailand,Solar,2012,1.3667861
Thailand,Solar,2013,3.4271445
Thailand,Solar,2014,5.2379727
Thailand,Solar,2015,6.403888
Thailand,Solar,2016,9.511515
Thailand,Solar,2017,12.090242
Thailand,Solar,2018,12.003664
Thailand,Solar,2019,13.564714
Thailand,Solar,2020,13.21286
Thailand,Solar,2021,13.054601
Thailand,Solar,2022,12.721238
Trinidad and Tobago,Solar,2000,0.001570161
Trinidad and Tobago,Solar,2001,0.003052361
Trinidad and Tobago,Solar,2002,0.003995889
Trinidad and Tobago,Solar,2003,0.005516028
Trinidad and Tobago,Solar,2004,0.007431778
Trinidad and Tobago,Solar,2005,0.007854333
Trinidad and Tobago,Solar,2006,0.008792305
Trinidad and Tobago,Solar,2007,0.009288722
Trinidad and Tobago,Solar,2008,0.00993075
Trinidad and Tobago,Solar,2009,0.0110005
Trinidad and Tobago,Solar,2010,0.01223475
Trinidad and Tobago,Solar,2011,0.012160139
Trinidad and Tobago,Solar,2012,0.012086445
Trinidad and Tobago,Solar,2013,0.012013638
Trinidad and Tobago,Solar,2014,0.013252916
Trinidad and Tobago,Solar,2015,0.014959471
Trinidad and Tobago,Solar,2016,0.014870944
Trinidad and Tobago,Solar,2017,0.014783472
Trinidad and Tobago,Solar,2018,0.014697027
Trinidad and Tobago,Solar,2019,0.014642833
Trinidad and Tobago,Solar,2020,0.014589028
Trinidad and Tobago,Solar,2021,0.014495917
Trinidad and Tobago,Solar,2022,0.014443056
Turkey,Solar,2010,0.006661389
Turkey,Solar,2011,0.007894
Turkey,Solar,2012,0.011674583
Turkey,Solar,2013,0.018490916
Turkey,Solar,2014,0.047138333
Turkey,Solar,2015,0.52275974
Turkey,Solar,2016,2.7924178
Turkey,Solar,2017,7.689266
Turkey,Solar,2018,20.636145
Turkey,Solar,2019,24.382217
Turkey,Solar,2020,28.758392
Turkey,Solar,2021,36.484066
Turkey,Solar,2022,41.48884
Turkmenistan,Solar,2010,0.000442706
Turkmenistan,Solar,2011,0.001260017
Turkmenistan,Solar,2012,0.002691022
Turkmenistan,Solar,2013,0.005038611
Turkmenistan,Solar,2014,0.008445611
Turkmenistan,Solar,2015,0.014057306
Turkmenistan,Solar,2016,0.018683221
Turkmenistan,Solar,2017,0.018522583
Turkmenistan,Solar,2018,0.01841425
Turkmenistan,Solar,2019,0.018346362
Turkmenistan,Solar,2020,0.018329054
Turkmenistan,Solar,2021,0.018212084
Turkmenistan,Solar,2022,0.018145666
Ukraine,Solar,2011,0.08303555
Ukraine,Solar,2012,0.9138872
Ukraine,Solar,2013,1.553488
Ukraine,Solar,2014,1.162203
Ukraine,Solar,2015,1.2832013
Ukraine,Solar,2016,1.31389
Ukraine,Solar,2017,1.9206533
Ukraine,Solar,2018,2.9301429
Ukraine,Solar,2019,7.7307796
Ukraine,Solar,2020,14.101072
Ukraine,Solar,2021,16.553822
Ukraine,Solar,2022,13.252646
United Arab Emirates,Solar,2009,0.017744888
United Arab Emirates,Solar,2010,0.05113722
United Arab Emirates,Solar,2011,0.057093054
United Arab Emirates,Solar,2012,0.06647
United Arab Emirates,Solar,2013,0.23281333
United Arab Emirates,Solar,2014,0.83556974
United Arab Emirates,Solar,2015,0.805468
United Arab Emirates,Solar,2016,0.84594387
United Arab Emirates,Solar,2017,1.9829274
United Arab Emirates,Solar,2018,3.1698458
United Arab Emirates,Solar,2019,9.636588
United Arab Emirates,Solar,2020,13.615907
United Arab Emirates,Solar,2021,16.36035
United Arab Emirates,Solar,2022,18.134716
United Kingdom,Solar,2000,0.002957
United Kingdom,Solar,2001,0.005875583
United Kingdom,Solar,2002,0.0087565
United Kingdom,Solar,2003,0.008700361
United Kingdom,Solar,2004,0.011526612
United Kingdom,Solar,2005,0.022907306
United Kingdom,Solar,2006,0.031299442
United Kingdom,Solar,2007,0.039586667
United Kingdom,Solar,2008,0.04777111
United Kingdom,Solar,2009,0.05585472
United Kingdom,Solar,2010,0.111792214
United Kingdom,Solar,2011,0.67218333
United Kingdom,Solar,2012,3.7119322
United Kingdom,Solar,2013,5.478804
United Kingdom,Solar,2014,10.982852
United Kingdom,Solar,2015,20.285795
United Kingdom,Solar,2016,27.862413
United Kingdom,Solar,2017,30.491041
United Kingdom,Solar,2018,33.517128
United Kingdom,Solar,2019,32.733635
United Kingdom,Solar,2020,33.886326
United Kingdom,Solar,2021,31.761118
United Kingdom,Solar,2022,36.292698
United States of America,Solar,2000,1.5332363
United States of America,Solar,2001,1.6873215
United States of America,Solar,2002,1.7559638
United States of America,Solar,2003,1.7709733
United States of America,Solar,2004,2.0117748
United States of America,Solar,2005,2.1444123
United States of America,Solar,2006,2.3458428
United States of America,Solar,2007,3.0974057
United States of America,Solar,2008,4.5890007
United States of America,Solar,2009,5.7975593
United States of America,Solar,2010,8.36292
United States of America,Solar,2011,13.073
United States of America,Solar,2012,24.778908
United States of America,Solar,2013,43.71487
United States of America,Solar,2014,79.149445
United States of America,Solar,2015,106.173836
United States of America,Solar,2016,148.36197
United States of America,Solar,2017,207.73387
United States of America,Solar,2018,249.51344
United States of America,Solar,2019,284.61578
United States of America,Solar,2020,346.77893
United States of America,Solar,2021,434.5851
United States of America,Solar,2022,537.5174
Uzbekistan,Solar,2016,0.012429472
Uzbekistan,Solar,2017,0.016739527
Uzbekistan,Solar,2018,0.018062389
Uzbekistan,Solar,2019,0.017995777
Uzbekistan,Solar,2020,0.017978806
Uzbekistan,Solar,2021,0.12827222
Uzbekistan,Solar,2022,0.47976747
Venezuela,Solar,2010,0.006827917
Venezuela,Solar,2011,0.008220778
Venezuela,Solar,2012,0.014312916
Venezuela,Solar,2013,0.01460825
Venezuela,Solar,2014,0.015166889
Venezuela,Solar,2015,0.015258388
Venezuela,Solar,2016,0.015216278
Venezuela,Solar,2017,0.013042972
Venezuela,Solar,2018,0.00092865
Venezuela,Solar,2019,0.000889642
Venezuela,Solar,2020,0.000945464
Venezuela,Solar,2021,0.000953778
Venezuela,Solar,2022,0.0009503
Vietnam,Solar,2010,0.016364805
Vietnam,Solar,2011,0.016265027
Vietnam,Solar,2012,0.016166443
Vietnam,Solar,2013,0.016069055
Vietnam,Solar,2014,0.018066972
Vietnam,Solar,2015,0.017959444
Vietnam,Solar,2016,0.014161527
Vietnam,Solar,2017,0.021269029
Vietnam,Solar,2018,0.27778026
Vietnam,Solar,2019,13.843573
Vietnam,Solar,2020,28.521502
Vietnam,Solar,2021,67.45687
Vietnam,Solar,2022,68.750305
Algeria,Hydro,2000,0.1596775
Algeria,Hydro,2001,0.2027075
Algeria,Hydro,2002,0.16637361
Algeria,Hydro,2003,0.76853275
Algeria,Hydro,2004,0.72329473
Algeria,Hydro,2005,1.5900536
Algeria,Hydro,2006,0.61916
Algeria,Hydro,2007,0.63904226
Algeria,Hydro,2008,0.79524636
Algeria,Hydro,2009,0.9551075
Algeria,Hydro,2010,0.48017526
Algeria,Hydro,2011,1.0427713
Algeria,Hydro,2012,1.0666127
Algeria,Hydro,2013,0.26981637
Algeria,Hydro,2014,0.5228558
Algeria,Hydro,2015,0.3904811
Algeria,Hydro,2016,0.19274665
Algeria,Hydro,2017,0.14903222
Algeria,Hydro,2018,0.30955
Algeria,Hydro,2019,0.40066776
Algeria,Hydro,2020,0.13026388
Algeria,Hydro,2021,0.024335083
Algeria,Hydro,2022,0.20017584
Argentina,Hydro,2000,84.49667
Argentina,Hydro,2001,107.4648
Argentina,Hydro,2002,104.4325
Argentina,Hydro,2003,98.02586
Argentina,Hydro,2004,87.78204
Argentina,Hydro,2005,97.97495
Argentina,Hydro,2006,108.16867
Argentina,Hydro,2007,88.27875
Argentina,Hydro,2008,87.67296
Argentina,Hydro,2009,96.67863
Argentina,Hydro,2010,92.593056
Argentina,Hydro,2011,86.033966
Argentina,Hydro,2012,79.966896
Argentina,Hydro,2013,89.3157
Argentina,Hydro,2014,87.82
Argentina,Hydro,2015,87.08391
Argentina,Hydro,2016,79.64933
Argentina,Hydro,2017,84.081566
Argentina,Hydro,2018,85.40055
Argentina,Hydro,2019,72.50111
Argentina,Hydro,2020,62.16348
Argentina,Hydro,2021,51.412483
Argentina,Hydro,2022,62.283165
Australia,Hydro,2000,48.69126
Australia,Hydro,2001,47.367424
Australia,Hydro,2002,46.97864
Australia,Hydro,2003,47.012604
Australia,Hydro,2004,45.203465
Australia,Hydro,2005,44.284695
Australia,Hydro,2006,42.524857
Australia,Hydro,2007,36.897484
Australia,Hydro,2008,33.20126
Australia,Hydro,2009,35.305607
Australia,Hydro,2010,38.153107
Australia,Hydro,2011,53.992386
Australia,Hydro,2012,46.711613
Australia,Hydro,2013,52.025497
Australia,Hydro,2014,39.23857
Australia,Hydro,2015,37.93474
Australia,Hydro,2016,47.194626
Australia,Hydro,2017,35.926666
Australia,Hydro,2018,45.80106
Australia,Hydro,2019,36.958378
Australia,Hydro,2020,37.873524
Australia,Hydro,2021,41.716778
Australia,Hydro,2022,44.642174
Austria,Hydro,2000,123.707565
Austria,Hydro,2001,118.849625
Austria,Hydro,2002,117.41596
Austria,Hydro,2003,96.32759
Austria,Hydro,2004,105.936104
Austria,Hydro,2005,106.21872
Austria,Hydro,2006,101.45599
Austria,Hydro,2007,104.77595
Austria,Hydro,2008,107.70809
Austria,Hydro,2009,114.21159
Austria,Hydro,2010,106.48069
Austria,Hydro,2011,94.448524
Austria,Hydro,2012,120.227554
Austria,Hydro,2013,114.513115
Austria,Hydro,2014,111.09262
Austria,Hydro,2015,100.062416
Austria,Hydro,2016,107.004776
Austria,Hydro,2017,101.91078
Austria,Hydro,2018,99.57964
Austria,Hydro,2019,107.61613
Austria,Hydro,2020,110.29897
Austria,Hydro,2021,101.39971
Austria,Hydro,2022,92.646835
Azerbaijan,Hydro,2000,4.5360217
Azerbaijan,Hydro,2001,3.822062
Azerbaijan,Hydro,2002,5.8960457
Azerbaijan,Hydro,2003,7.163306
Azerbaijan,Hydro,2004,7.938951
Azerbaijan,Hydro,2005,8.617157
Azerbaijan,Hydro,2006,7.164729
Azerbaijan,Hydro,2007,6.684496
Azerbaijan,Hydro,2008,6.27205
Azerbaijan,Hydro,2009,6.4466963
Azerbaijan,Hydro,2010,9.565477
Azerbaijan,Hydro,2011,7.3816075
Azerbaijan,Hydro,2012,4.9930644
Azerbaijan,Hydro,2013,4.0584197
Azerbaijan,Hydro,2014,3.5210145
Azerbaijan,Hydro,2015,4.409742
Azerbaijan,Hydro,2016,5.2451196
Azerbaijan,Hydro,2017,4.6476774
Azerbaijan,Hydro,2018,4.6776457
Azerbaijan,Hydro,2019,4.124769
Azerbaijan,Hydro,2020,2.8088162
Azerbaijan,Hydro,2021,3.3422816
Azerbaijan,Hydro,2022,4.1578584
Bangladesh,Hydro,2000,2.2147849
Bangladesh,Hydro,2001,2.9172235
Bangladesh,Hydro,2002,2.186207
Bangladesh,Hydro,2003,2.1721928
Bangladesh,Hydro,2004,2.1583571
Bangladesh,Hydro,2005,2.144697
Bangladesh,Hydro,2006,2.131208
Bangladesh,Hydro,2007,2.117888
Bangladesh,Hydro,2008,2.6695552
Bangladesh,Hydro,2009,1.1645608
Bangladesh,Hydro,2010,2.023397
Bangladesh,Hydro,2011,2.4055467
Bangladesh,Hydro,2012,2.1304839
Bangladesh,Hydro,2013,1.9851364
Bangladesh,Hydro,2014,1.5345777
Bangladesh,Hydro,2015,2.4186835
Bangladesh,Hydro,2016,2.3681946
Bangladesh,Hydro,2017,2.7398732
Bangladesh,Hydro,2018,2.2896414
Bangladesh,Hydro,2019,2.1696455
Bangladesh,Hydro,2020,1.8401642
Bangladesh,Hydro,2021,1.7842263
Bangladesh,Hydro,2022,2.0205986
Belarus,Hydro,2000,0.07983861
Belarus,Hydro,2001,0.08813361
Belarus,Hydro,2002,0.08464611
Belarus,Hydro,2003,0.081203334
Belarus,Hydro,2004,0.09509444
Belarus,Hydro,2005,0.103082776
Belarus,Hydro,2006,0.09958917
Belarus,Hydro,2007,0.098966666
Belarus,Hydro,2008,0.109592214
Belarus,Hydro,2009,0.12567194
Belarus,Hydro,2010,0.12490111
Belarus,Hydro,2011,0.11586361
Belarus,Hydro,2012,0.19741945
Belarus,Hydro,2013,0.37610775
Belarus,Hydro,2014,0.32780084
Belarus,Hydro,2015,0.29892
Belarus,Hydro,2016,0.38013944
Belarus,Hydro,2017,1.0804839
Belarus,Hydro,2018,0.8572155
Belarus,Hydro,2019,0.92522633
Belarus,Hydro,2020,1.0505158
Belarus,Hydro,2021,0.89752024
Belarus,Hydro,2022,0.8942472
Belgium,Hydro,2000,1.360215
Belgium,Hydro,2001,1.2955644
Belgium,Hydro,2002,1.0507803
Belgium,Hydro,2003,0.7163305
Belgium,Hydro,2004,0.91348356
Belgium,Hydro,2005,0.82466304
Belgium,Hydro,2006,1.0215002
Belgium,Hydro,2007,1.0999447
Belgium,Hydro,2008,1.1521238
Belgium,Hydro,2009,0.9160094
Belgium,Hydro,2010,0.8659805
Belgium,Hydro,2011,0.5406964
Belgium,Hydro,2012,0.9788711
Belgium,Hydro,2013,1.0356588
Belgium,Hydro,2014,0.7915983
Belgium,Hydro,2015,0.8574425
Belgium,Hydro,2016,0.9905039
Belgium,Hydro,2017,0.71881443
Belgium,Hydro,2018,0.7733461
Belgium,Hydro,2019,0.7960636
Belgium,Hydro,2020,0.70095664
Belgium,Hydro,2021,1.0940328
Belgium,Hydro,2022,0.82290024
Brazil,Hydro,2000,900.1172
Brazil,Hydro,2001,786.9629
Brazil,Hydro,2002,835.0557
Brazil,Hydro,2003,886.3243
Brazil,Hydro,2004,924.42505
Brazil,Hydro,2005,966.2783
Brazil,Hydro,2006,992.4927
Brazil,Hydro,2007,1057.573
Brazil,Hydro,2008,1038.475
Brazil,Hydro,2009,1091.9171
Brazil,Hydro,2010,1119.3627
Brazil,Hydro,2011,1181.6226
Brazil,Hydro,2012,1138.8414
Brazil,Hydro,2013,1065.6166
Brazil,Hydro,2014,1011.683
Brazil,Hydro,2015,968.7774
Brazil,Hydro,2016,1019.7129
Brazil,Hydro,2017,987.0897
Brazil,Hydro,2018,1029.1113
Brazil,Hydro,2019,1048.7928
Brazil,Hydro,2020,1041.0116
Brazil,Hydro,2021,949.37866
Brazil,Hydro,2022,1113.5426
Bulgaria,Hydro,2000,7.904032
Bulgaria,Hydro,2001,5.1029377
Bulgaria,Hydro,2002,6.403923
Bulgaria,Hydro,2003,8.784475
Bulgaria,Hydro,2004,9.129073
Bulgaria,Hydro,2005,12.418624
Bulgaria,Hydro,2006,12.0588255
Bulgaria,Hydro,2007,8.126582
Bulgaria,Hydro,2008,7.935604
Bulgaria,Hydro,2009,9.69071
Bulgaria,Hydro,2010,14.036102
Bulgaria,Hydro,2011,8.046995
Bulgaria,Hydro,2012,8.845483
Bulgaria,Hydro,2013,11.000162
Bulgaria,Hydro,2014,12.466264
Bulgaria,Hydro,2015,15.227525
Bulgaria,Hydro,2016,10.386482
Bulgaria,Hydro,2017,7.526403
Bulgaria,Hydro,2018,13.616441
Bulgaria,Hydro,2019,7.7220783
Bulgaria,Hydro,2020,7.407181
Bulgaria,Hydro,2021,12.610302
Bulgaria,Hydro,2022,9.8225155
Canada,Hydro,2000,1054.9357
Canada,Hydro,2001,973.9385
Canada,Hydro,2002,1019.47485
Canada,Hydro,2003,974.8459
Canada,Hydro,2004,975.14624
Canada,Hydro,2005,1036.429
Canada,Hydro,2006,1004.1071
Canada,Hydro,2007,1039.4941
Canada,Hydro,2008,1060.7625
Canada,Hydro,2009,1029.6378
Canada,Hydro,2010,975.2962
Canada,Hydro,2011,1036.492
Canada,Hydro,2012,1042.668
Canada,Hydro,2013,1067.7883
Canada,Hydro,2014,1036.2336
Canada,Hydro,2015,1029.2358
Canada,Hydro,2016,1031.817
Canada,Hydro,2017,1050.1116
Canada,Hydro,2018,1020.9701
Canada,Hydro,2019,1006.336
Canada,Hydro,2020,1015.1783
Canada,Hydro,2021,1001.64905
Canada,Hydro,2022,1038.782
Chile,Hydro,2000,56.42231
Chile,Hydro,2001,63.691242
Chile,Hydro,2002,67.679016
Chile,Hydro,2003,65.5515
Chile,Hydro,2004,60.426334
Chile,Hydro,2005,73.23324
Chile,Hydro,2006,80.28323
Chile,Hydro,2007,63.154514
Chile,Hydro,2008,68.18928
Chile,Hydro,2009,70.31856
Chile,Hydro,2010,60.395134
Chile,Hydro,2011,56.580017
Chile,Hydro,2012,55.282967
Chile,Hydro,2013,54.255466
Chile,Hydro,2014,62.43137
Chile,Hydro,2015,63.61206
Chile,Hydro,2016,52.712814
Chile,Hydro,2017,56.75396
Chile,Hydro,2018,61.822098
Chile,Hydro,2019,56.51611
Chile,Hydro,2020,57.04545
Chile,Hydro,2021,47.2893
Chile,Hydro,2022,58.003117
China,Hydro,2000,657.664
China,Hydro,2001,815.0305
China,Hydro,2002,840.53674
China,Hydro,2003,822.7072
China,Hydro,2004,1018.7907
China,Hydro,2005,1136.8239
China,Hydro,2006,1239.9875
China,Hydro,2007,1372.1426
China,Hydro,2008,1789.8945
China,Hydro,2009,1719.3163
China,Hydro,2010,1974.5
China,Hydro,2011,1898.0785
China,Hydro,2012,2365.7258
China,Hydro,2013,2479.0735
China,Hydro,2014,2870.8083
China,Hydro,2015,3001.3591
China,Hydro,2016,3087.3403
China,Hydro,2017,3100.5762
China,Hydro,2018,3171.9277
China,Hydro,2019,3354.375
China,Hydro,2020,3471.19
China,Hydro,2021,3401.68
China,Hydro,2022,3397.4243
Colombia,Hydro,2000,91.12174
Colombia,Hydro,2001,92.93004
Colombia,Hydro,2002,99.14709
Colombia,Hydro,2003,104.915924
Colombia,Hydro,2004,110.45389
Colombia,Hydro,2005,112.30562
Colombia,Hydro,2006,121.09442
Colombia,Hydro,2007,125.09955
Colombia,Hydro,2008,129.71477
Colombia,Hydro,2009,114.047005
Colombia,Hydro,2010,112.57043
Colombia,Hydro,2011,133.59468
Colombia,Hydro,2012,130.46597
Colombia,Hydro,2013,120.907135
Colombia,Hydro,2014,121.21036
Colombia,Hydro,2015,120.327126
Colombia,Hydro,2016,125.25303
Colombia,Hydro,2017,152.56572
Colombia,Hydro,2018,149.88373
Colombia,Hydro,2019,143.49442
Colombia,Hydro,2020,130.8873
Colombia,Hydro,2021,158.29971
Colombia,Hydro,2022,167.73596
Croatia,Hydro,2000,19.081156
Croatia,Hydro,2001,21.094494
Croatia,Hydro,2002,17.079268
Croatia,Hydro,2003,15.828297
Croatia,Hydro,2004,21.977207
Croatia,Hydro,2005,20.145546
Croatia,Hydro,2006,18.828043
Croatia,Hydro,2007,13.289252
Croatia,Hydro,2008,16.242136
Croatia,Hydro,2009,20.689531
Croatia,Hydro,2010,25.330496
Croatia,Hydro,2011,13.881237
Croatia,Hydro,2012,13.262467
Croatia,Hydro,2013,23.497734
Croatia,Hydro,2014,24.39846
Croatia,Hydro,2015,17.209806
Croatia,Hydro,2016,18.343327
Croatia,Hydro,2017,14.124532
Croatia,Hydro,2018,20.37448
Croatia,Hydro,2019,15.357438
Croatia,Hydro,2020,14.871099
Croatia,Hydro,2021,18.650887
Croatia,Hydro,2022,14.132496
Czechia,Hydro,2000,5.1983867
Czechia,Hydro,2001,6.0342164
Czechia,Hydro,2002,7.2737355
Czechia,Hydro,2003,4.0108714
Czechia,Hydro,2004,5.8186316
Czechia,Hydro,2005,6.8146667
Czechia,Hydro,2006,7.2566357
Czechia,Hydro,2007,5.9080567
Czechia,Hydro,2008,5.688499
Czechia,Hydro,2009,6.785193
Czechia,Hydro,2010,7.7424045
Czechia,Hydro,2011,5.415283
Czechia,Hydro,2012,5.8379726
Czechia,Hydro,2013,7.452674
Czechia,Hydro,2014,5.1737285
Czechia,Hydro,2015,4.8349237
Czechia,Hydro,2016,5.3580475
Czechia,Hydro,2017,4.9753613
Czechia,Hydro,2018,4.3059616
Czechia,Hydro,2019,5.2947497
Czechia,Hydro,2020,5.631027
Czechia,Hydro,2021,6.3023195
Czechia,Hydro,2022,5.4566164
Denmark,Hydro,2000,0.08930111
Denmark,Hydro,2001,0.08108305
Denmark,Hydro,2002,0.092818886
Denmark,Hydro,2003,0.0614825
Denmark,Hydro,2004,0.07636389
Denmark,Hydro,2005,0.06442694
Denmark,Hydro,2006,0.06658249
Denmark,Hydro,2007,0.079738885
Denmark,Hydro,2008,0.07249944
Denmark,Hydro,2009,0.05278222
Denmark,Hydro,2010,0.0572925
Denmark,Hydro,2011,0.04653694
Denmark,Hydro,2012,0.047915276
Denmark,Hydro,2013,0.03657361
Denmark,Hydro,2014,0.040915
Denmark,Hydro,2015,0.048555832
Denmark,Hydro,2016,0.0515925
Denmark,Hydro,2017,0.047563054
Denmark,Hydro,2018,0.03931833
Denmark,Hydro,2019,0.044692773
Denmark,Hydro,2020,0.044815
Denmark,Hydro,2021,0.042636108
Denmark,Hydro,2022,0.038200554
Ecuador,Hydro,2000,22.506329
Ecuador,Hydro,2001,20.772078
Ecuador,Hydro,2002,21.962057
Ecuador,Hydro,2003,20.824099
Ecuador,Hydro,2004,21.357937
Ecuador,Hydro,2005,19.707842
Ecuador,Hydro,2006,20.286293
Ecuador,Hydro,2007,25.555063
Ecuador,Hydro,2008,31.734922
Ecuador,Hydro,2009,25.763906
Ecuador,Hydro,2010,23.97101
Ecuador,Hydro,2011,30.712343
Ecuador,Hydro,2012,33.555046
Ecuador,Hydro,2013,30.08541
Ecuador,Hydro,2014,31.04056
Ecuador,Hydro,2015,35.267895
Ecuador,Hydro,2016,42.387787
Ecuador,Hydro,2017,53.461624
Ecuador,Hydro,2018,54.70835
Ecuador,Hydro,2019,64.952995
Ecuador,Hydro,2020,63.906178
Ecuador,Hydro,2021,66.920494
Ecuador,Hydro,2022,64.22718
Egypt,Hydro,2000,41.924194
Egypt,Hydro,2001,42.343803
Egypt,Hydro,2002,40.84763
Egypt,Hydro,2003,37.524704
Egypt,Hydro,2004,36.975914
Egypt,Hydro,2005,36.205
Egypt,Hydro,2006,36.37708
Egypt,Hydro,2007,40.201702
Egypt,Hydro,2008,42.420635
Egypt,Hydro,2009,38.462627
Egypt,Hydro,2010,35.956238
Egypt,Hydro,2011,35.834923
Egypt,Hydro,2012,35.720562
Egypt,Hydro,2013,36.07499
Egypt,Hydro,2014,36.808514
Egypt,Hydro,2015,36.84929
Egypt,Hydro,2016,35.3302
Egypt,Hydro,2017,34.032578
Egypt,Hydro,2018,34.192055
Egypt,Hydro,2019,37.11317
Egypt,Hydro,2020,39.1409
Egypt,Hydro,2021,37.377922
Egypt,Hydro,2022,35.967506
Estonia,Hydro,2000,0.014784943
Estonia,Hydro,2001,0.02173964
Estonia,Hydro,2002,0.016345471
Estonia,Hydro,2003,0.037121665
Estonia,Hydro,2004,0.06454889
Estonia,Hydro,2005,0.06156333
Estonia,Hydro,2006,0.038413055
Estonia,Hydro,2007,0.062207773
Estonia,Hydro,2008,0.07868166
Estonia,Hydro,2009,0.08936667
Estonia,Hydro,2010,0.07494055
Estonia,Hydro,2011,0.08275972
Estonia,Hydro,2012,0.11516139
Estonia,Hydro,2013,0.07086083
Estonia,Hydro,2014,0.07314555
Estonia,Hydro,2015,0.072710276
Estonia,Hydro,2016,0.093696386
Estonia,Hydro,2017,0.06919361
Estonia,Hydro,2018,0.039685834
Estonia,Hydro,2019,0.050083607
Estonia,Hydro,2020,0.07878861
Estonia,Hydro,2021,0.06018361
Estonia,Hydro,2022,0.061111663
Europe,Hydro,2000,2220.6467
Europe,Hydro,2001,2238.5188
Europe,Hydro,2002,2021.4257
Europe,Hydro,2003,1887.3087
Europe,Hydro,2004,2018.8599
Europe,Hydro,2005,2018.3055
Europe,Hydro,2006,1966.6559
Europe,Hydro,2007,1992.9426
Europe,Hydro,2008,2036.8799
Europe,Hydro,2009,2033.266
Europe,Hydro,2010,2124.765
Europe,Hydro,2011,1877.154
Europe,Hydro,2012,2005.1382
Europe,Hydro,2013,2135.5488
Europe,Hydro,2014,2104.599
Europe,Hydro,2015,1988.2642
Europe,Hydro,2016,2064.1829
Europe,Hydro,2017,1900.2836
Europe,Hydro,2018,2057.1042
Europe,Hydro,2019,1935.3955
Europe,Hydro,2020,2089.7402
Europe,Hydro,2021,2128.5642
Europe,Hydro,2022,1819.0048
Finland,Hydro,2000,43.34946
Finland,Hydro,2001,38.79349
Finland,Hydro,2002,31.45336
Finland,Hydro,2003,27.815088
Finland,Hydro,2004,43.425385
Finland,Hydro,2005,39.46929
Finland,Hydro,2006,32.704205
Finland,Hydro,2007,40.087765
Finland,Hydro,2008,48.086082
Finland,Hydro,2009,35.42843
Finland,Hydro,2010,35.866013
Finland,Hydro,2011,34.331562
Finland,Hydro,2012,46.226643
Finland,Hydro,2013,34.99055
Finland,Hydro,2014,36.293903
Finland,Hydro,2015,45.157642
Finland,Hydro,2016,42.294853
Finland,Hydro,2017,39.311165
Finland,Hydro,2018,35.19109
Finland,Hydro,2019,32.74003
Finland,Hydro,2020,41.71425
Finland,Hydro,2021,41.320282
Finland,Hydro,2022,35.616962
France,Hydro,2000,196.23468
France,Hydro,2001,218.18364
France,Hydro,2002,176.28885
France,Hydro,2003,170.94202
France,Hydro,2004,171.61679
France,Hydro,2005,147.40852
France,Hydro,2006,160.20482
France,Hydro,2007,162.88228
France,Hydro,2008,178.87143
France,Hydro,2009,159.16783
France,Hydro,2010,174.06764
France,Hydro,2011,123.72167
France,Hydro,2012,161.18044
France,Hydro,2013,193.085
France,Hydro,2014,170.20995
France,Hydro,2015,146.92136
France,Hydro,2016,160.41986
France,Hydro,2017,130.37505
France,Hydro,2018,169.16905
France,Hydro,2019,147.74898
France,Hydro,2020,162.09404
France,Hydro,2021,153.52106
France,Hydro,2022,116.24238
Germany,Hydro,2000,73.62903
Germany,Hydro,2001,68.15668
Germany,Hydro,2002,69.17638
Germany,Hydro,2003,53.133743
Germany,Hydro,2004,59.78195
Germany,Hydro,2005,56.231716
Germany,Hydro,2006,56.996304
Germany,Hydro,2007,59.860737
Germany,Hydro,2008,57.446014
Germany,Hydro,2009,53.1481
Germany,Hydro,2010,58.1567
Germany,Hydro,2011,48.748184
Germany,Hydro,2012,59.650803
Germany,Hydro,2013,62.679157
Germany,Hydro,2014,53.0631
Germany,Hydro,2015,51.104538
Germany,Hydro,2016,55.00241
Germany,Hydro,2017,53.624996
Germany,Hydro,2018,46.810852
Germany,Hydro,2019,52.01037
Germany,Hydro,2020,48.11887
Germany,Hydro,2021,51.436016
Germany,Hydro,2022,45.62486
Greece,Hydro,2000,10.920161
Greece,Hydro,2001,6.1605415
Greece,Hydro,2002,8.172737
Greece,Hydro,2003,13.821991
Greece,Hydro,2004,13.463303
Greece,Hydro,2005,14.367169
Greece,Hydro,2006,16.687868
Greece,Hydro,2007,7.327559
Greece,Hydro,2008,9.307721
Greece,Hydro,2009,14.9481535
Greece,Hydro,2010,20.746767
Greece,Hydro,2011,11.065419
Greece,Hydro,2012,12.04402
Greece,Hydro,2013,17.298012
Greece,Hydro,2014,12.132213
Greece,Hydro,2015,16.422268
Greece,Hydro,2016,14.83785
Greece,Hydro,2017,10.545487
Greece,Hydro,2018,15.195597
Greece,Hydro,2019,10.5428295
Greece,Hydro,2020,8.781489
Greece,Hydro,2021,15.4473915
Greece,Hydro,2022,11.863254
Hungary,Hydro,2000,0.5263442
Hungary,Hydro,2001,0.5464286
Hungary,Hydro,2002,0.5662539
Hungary,Hydro,2003,0.4959211
Hungary,Hydro,2004,0.5907386
Hungary,Hydro,2005,0.57840943
Hungary,Hydro,2006,0.52924526
Hungary,Hydro,2007,0.59380025
Hungary,Hydro,2008,0.5985425
Hungary,Hydro,2009,0.6367383
Hungary,Hydro,2010,0.52180886
Hungary,Hydro,2011,0.61242133
Hungary,Hydro,2012,0.5840322
Hungary,Hydro,2013,0.58051383
Hungary,Hydro,2014,0.8154386
Hungary,Hydro,2015,0.63015556
Hungary,Hydro,2016,0.69335276
Hungary,Hydro,2017,0.58548385
Hungary,Hydro,2018,0.5873514
Hungary,Hydro,2019,0.577278
Hungary,Hydro,2020,0.6408144
Hungary,Hydro,2021,0.55473554
Hungary,Hydro,2022,0.45936668
Iceland,Hydro,2000,18.778324
Iceland,Hydro,2001,19.308891
Iceland,Hydro,2002,20.346266
Iceland,Hydro,2003,20.539627
Iceland,Hydro,2004,20.551634
Iceland,Hydro,2005,20.087666
Iceland,Hydro,2006,20.740145
Iceland,Hydro,2007,23.734303
Iceland,Hydro,2008,34.92181
Iceland,Hydro,2009,34.292667
Iceland,Hydro,2010,34.950317
Iceland,Hydro,2011,34.50205
Iceland,Hydro,2012,33.82597
Iceland,Hydro,2013,35.05662
Iceland,Hydro,2014,34.87426
Iceland,Hydro,2015,37.11123
Iceland,Hydro,2016,36.058617
Iceland,Hydro,2017,37.41434
Iceland,Hydro,2018,36.54489
Iceland,Hydro,2019,35.48405
Iceland,Hydro,2020,34.554012
Iceland,Hydro,2021,36.12061
Iceland,Hydro,2022,36.95804
India,Hydro,2000,227.65968
India,Hydro,2001,211.5882
India,Hydro,2002,200.0712
India,Hydro,2003,200.96754
India,Hydro,2004,289.99792
India,Hydro,2005,278.95374
India,Hydro,2006,320.4419
India,Hydro,2007,346.70337
India,Hydro,2008,323.63162
India,Hydro,2009,296.9715
India,Hydro,2010,301.82782
India,Hydro,2011,363.32748
India,Hydro,2012,317.45135
India,Hydro,2013,359.70886
India,Hydro,2014,376.55457
India,Hydro,2015,358.92618
India,Hydro,2016,343.6824
India,Hydro,2017,361.46524
India,Hydro,2018,369.7484
India,Hydro,2019,427.20215
India,Hydro,2020,429.93338
India,Hydro,2021,419.5389
India,Hydro,2022,456.0515
Indonesia,Hydro,2000,29.617203
Indonesia,Hydro,2001,34.239918
Indonesia,Hydro,2002,28.992783
Indonesia,Hydro,2003,26.388227
Indonesia,Hydro,2004,27.8771
Indonesia,Hydro,2005,30.710112
Indonesia,Hydro,2006,27.38133
Indonesia,Hydro,2007,31.912529
Indonesia,Hydro,2008,32.39505
Indonesia,Hydro,2009,31.791815
Indonesia,Hydro,2010,48.451115
Indonesia,Hydro,2011,34.259457
Indonesia,Hydro,2012,35.094334
Indonesia,Hydro,2013,46.121647
Indonesia,Hydro,2014,41.073418
Indonesia,Hydro,2015,37.002865
Indonesia,Hydro,2016,49.998734
Indonesia,Hydro,2017,49.5862
Indonesia,Hydro,2018,57.24396
Indonesia,Hydro,2019,55.779808
Indonesia,Hydro,2020,63.884483
Indonesia,Hydro,2021,64.62407
Indonesia,Hydro,2022,71.16174
Iran,Hydro,2000,11.180376
Iran,Hydro,2001,12.109562
Iran,Hydro,2002,23.385702
Iran,Hydro,2003,27.80639
Iran,Hydro,2004,34.386753
Iran,Hydro,2005,41.370598
Iran,Hydro,2006,52.665596
Iran,Hydro,2007,50.781242
Iran,Hydro,2008,20.901213
Iran,Hydro,2009,18.775402
Iran,Hydro,2010,28.455235
Iran,Hydro,2011,29.473465
Iran,Hydro,2012,34.27968
Iran,Hydro,2013,39.856506
Iran,Hydro,2014,39.292755
Iran,Hydro,2015,35.68727
Iran,Hydro,2016,41.28527
Iran,Hydro,2017,45.859352
Iran,Hydro,2018,26.028666
Iran,Hydro,2019,89.2672
Iran,Hydro,2020,60.94304
Iran,Hydro,2021,38.94208
Iran,Hydro,2022,19.432703
Iraq,Hydro,2000,9.452244
Iraq,Hydro,2001,10.87277
Iraq,Hydro,2002,13.310002
Iraq,Hydro,2003,13.7927
Iraq,Hydro,2004,16.569277
Iraq,Hydro,2005,14.013028
Iraq,Hydro,2006,14.200732
Iraq,Hydro,2007,12.911794
Iraq,Hydro,2008,8.239191
Iraq,Hydro,2009,7.903961
Iraq,Hydro,2010,10.033917
Iraq,Hydro,2011,9.378071
Iraq,Hydro,2012,12.056041
Iraq,Hydro,2013,12.56069
Iraq,Hydro,2014,7.6808395
Iraq,Hydro,2015,6.8566766
Iraq,Hydro,2016,9.02492
Iraq,Hydro,2017,5.7911887
Iraq,Hydro,2018,4.8091435
Iraq,Hydro,2019,13.083027
Iraq,Hydro,2020,10.930615
Iraq,Hydro,2021,8.755401
Iraq,Hydro,2022,8.58532
Ireland,Hydro,2000,2.501613
Ireland,Hydro,2001,1.7509216
Ireland,Hydro,2002,2.661977
Ireland,Hydro,2003,1.734274
Ireland,Hydro,2004,1.8154405
Ireland,Hydro,2005,1.8075583
Ireland,Hydro,2006,2.06085
Ireland,Hydro,2007,1.8848244
Ireland,Hydro,2008,2.7210438
Ireland,Hydro,2009,2.5182831
Ireland,Hydro,2010,1.6632128
Ireland,Hydro,2011,1.9495053
Ireland,Hydro,2012,2.199989
Ireland,Hydro,2013,1.6338797
Ireland,Hydro,2014,1.919813
Ireland,Hydro,2015,2.1718552
Ireland,Hydro,2016,1.8231293
Ireland,Hydro,2017,1.8405564
Ireland,Hydro,2018,1.8363727
Ireland,Hydro,2019,2.3370109
Ireland,Hydro,2020,2.449422
Ireland,Hydro,2021,1.9607861
Ireland,Hydro,2022,1.8422122
Israel,Hydro,2000,0.09166667
Israel,Hydro,2001,0.029377777
Israel,Hydro,2002,0.061295554
Israel,Hydro,2003,0.08990389
Israel,Hydro,2004,0.08068639
Israel,Hydro,2005,0.080175556
Israel,Hydro,2006,0.04268111
Israel,Hydro,2007,0.039586667
Israel,Hydro,2008,0.044960834
Israel,Hydro,2009,0.067025
Israel,Hydro,2010,0.08604305
Israel,Hydro,2011,0.08000111
Israel,Hydro,2012,0.09048389
Israel,Hydro,2013,0.07549416
Israel,Hydro,2014,0.03440555
Israel,Hydro,2015,0.065977775
Israel,Hydro,2016,0.067943335
Israel,Hydro,2017,0.06561667
Israel,Hydro,2018,0.060817774
Israel,Hydro,2019,0.058109164
Israel,Hydro,2020,0.06280389
Israel,Hydro,2021,0.062267218
Israel,Hydro,2022,0.061214443
Italy,Hydro,2000,130.69891
Italy,Hydro,2001,137.5208
Italy,Hydro,2002,115.34942
Italy,Hydro,2003,106.34755
Italy,Hydro,2004,122.00338
Italy,Hydro,2005,103.27474
Italy,Hydro,2006,105.2629
Italy,Hydro,2007,92.788376
Italy,Hydro,2008,116.96304
Italy,Hydro,2009,137.22829
Italy,Hydro,2010,141.87927
Italy,Hydro,2011,126.40983
Italy,Hydro,2012,114.81854
Italy,Hydro,2013,143.8312
Italy,Hydro,2014,158.60413
Italy,Hydro,2015,122.631226
Italy,Hydro,2016,113.59206
Italy,Hydro,2017,96.33535
Italy,Hydro,2018,129.1771
Italy,Hydro,2019,122.19445
Italy,Hydro,2020,125.1002
Italy,Hydro,2021,118.76625
Italy,Hydro,2022,73.41612
Japan,Hydro,2000,249.77095
Japan,Hydro,2001,239.5384
Japan,Hydro,2002,235.25806
Japan,Hydro,2003,268.18027
Japan,Hydro,2004,264.15237
Japan,Hydro,2005,222.09064
Japan,Hydro,2006,252.69186
Japan,Hydro,2007,210.68529
Japan,Hydro,2008,211.21626
Japan,Hydro,2009,196.79187
Japan,Hydro,2010,245.6463
Japan,Hydro,2011,227.55247
Japan,Hydro,2012,211.4032
Japan,Hydro,2013,216.21167
Japan,Hydro,2014,221.35652
Japan,Hydro,2015,230.96307
Japan,Hydro,2016,212.62605
Japan,Hydro,2017,211.01729
Japan,Hydro,2018,214.58644
Japan,Hydro,2019,194.11435
Japan,Hydro,2020,203.31186
Japan,Hydro,2021,208.24683
Japan,Hydro,2022,195.23007
Kazakhstan,Hydro,2000,22.269234
Kazakhstan,Hydro,2001,23.740673
Kazakhstan,Hydro,2002,25.947104
Kazakhstan,Hydro,2003,25.012236
Kazakhstan,Hydro,2004,23.216507
Kazakhstan,Hydro,2005,22.49489
Kazakhstan,Hydro,2006,22.103302
Kazakhstan,Hydro,2007,23.105639
Kazakhstan,Hydro,2008,20.962551
Kazakhstan,Hydro,2009,19.211357
Kazakhstan,Hydro,2010,22.265757
Kazakhstan,Hydro,2011,21.747364
Kazakhstan,Hydro,2012,20.94089
Kazakhstan,Hydro,2013,21.06956
Kazakhstan,Hydro,2014,22.384817
Kazakhstan,Hydro,2015,24.961674
Kazakhstan,Hydro,2016,31.109222
Kazakhstan,Hydro,2017,29.833555
Kazakhstan,Hydro,2018,27.452955
Kazakhstan,Hydro,2019,26.343008
Kazakhstan,Hydro,2020,25.369024
Kazakhstan,Hydro,2021,24.095587
Kazakhstan,Hydro,2022,24.002531
Latvia,Hydro,2000,8.3357525
Latvia,Hydro,2001,8.322753
Latvia,Hydro,2002,7.192008
Latvia,Hydro,2003,6.571681
Latvia,Hydro,2004,8.959056
Latvia,Hydro,2005,9.523714
Latvia,Hydro,2006,7.676902
Latvia,Hydro,2007,7.727888
Latvia,Hydro,2008,8.736471
Latvia,Hydro,2009,9.654406
Latvia,Hydro,2010,9.770037
Latvia,Hydro,2011,7.964236
Latvia,Hydro,2012,10.145162
Latvia,Hydro,2013,7.936416
Latvia,Hydro,2014,5.4019413
Latvia,Hydro,2015,5.030472
Latvia,Hydro,2016,6.770228
Latvia,Hydro,2017,11.658101
Latvia,Hydro,2018,6.4332685
Latvia,Hydro,2019,5.555454
Latvia,Hydro,2020,6.836341
Latvia,Hydro,2021,7.085427
Latvia,Hydro,2022,7.172395
Lithuania,Hydro,2000,1.0033064
Lithuania,Hydro,2001,0.95624995
Lithuania,Hydro,2002,1.0309324
Lithuania,Hydro,2003,0.94283026
Lithuania,Hydro,2004,1.2117348
Lithuania,Hydro,2005,1.2905405
Lithuania,Hydro,2006,1.1299102
Lithuania,Hydro,2007,1.1892974
Lithuania,Hydro,2008,1.1293625
Lithuania,Hydro,2009,1.1849478
Lithuania,Hydro,2010,1.4988124
Lithuania,Hydro,2011,1.3238783
Lithuania,Hydro,2012,1.1579194
Lithuania,Hydro,2013,1.4204876
Lithuania,Hydro,2014,1.0787628
Lithuania,Hydro,2015,0.94146305
Lithuania,Hydro,2016,1.2151076
Lithuania,Hydro,2017,1.6031613
Lithuania,Hydro,2018,1.1403084
Lithuania,Hydro,2019,0.910465
Lithuania,Hydro,2020,0.78919995
Lithuania,Hydro,2021,1.0040189
Lithuania,Hydro,2022,1.2167252
Luxembourg,Hydro,2000,0.36519998
Luxembourg,Hydro,2001,0.34675306
Luxembourg,Hydro,2002,0.29109833
Luxembourg,Hydro,2003,0.23032777
Luxembourg,Hydro,2004,0.2998589
Luxembourg,Hydro,2005,0.26612276
Luxembourg,Hydro,2006,0.31672776
Luxembourg,Hydro,2007,0.32998914
Luxembourg,Hydro,2008,0.37124804
Luxembourg,Hydro,2009,0.2955778
Luxembourg,Hydro,2010,0.29882166
Luxembourg,Hydro,2011,0.17379527
Luxembourg,Hydro,2012,0.26953778
Luxembourg,Hydro,2013,0.3248561
Luxembourg,Hydro,2014,0.29200834
Luxembourg,Hydro,2015,0.26728556
Luxembourg,Hydro,2016,0.30895972
Luxembourg,Hydro,2017,0.22793694
Luxembourg,Hydro,2018,0.24546528
Luxembourg,Hydro,2019,0.281825
Luxembourg,Hydro,2020,0.24057332
Luxembourg,Hydro,2021,0.2794925
Luxembourg,Hydro,2022,0.1801947
Malaysia,Hydro,2000,20.681183
Malaysia,Hydro,2001,17.820621
Malaysia,Hydro,2002,15.805489
Malaysia,Hydro,2003,14.761631
Malaysia,Hydro,2004,16.059446
Malaysia,Hydro,2005,17.200525
Malaysia,Hydro,2006,17.991493
Malaysia,Hydro,2007,16.844137
Malaysia,Hydro,2008,21.938122
Malaysia,Hydro,2009,19.241787
Malaysia,Hydro,2010,17.655457
Malaysia,Hydro,2011,22.223722
Malaysia,Hydro,2012,25.365644
Malaysia,Hydro,2013,32.156387
Malaysia,Hydro,2014,36.2694
Malaysia,Hydro,2015,37.496944
Malaysia,Hydro,2016,53.605
Malaysia,Hydro,2017,71.445
Malaysia,Hydro,2018,69.64877
Malaysia,Hydro,2019,69.05193
Malaysia,Hydro,2020,73.334595
Malaysia,Hydro,2021,80.83747
Malaysia,Hydro,2022,84.758446
Mexico,Hydro,2000,97.80206
Mexico,Hydro,2001,83.536964
Mexico,Hydro,2002,72.566864
Mexico,Hydro,2003,57.573856
Mexico,Hydro,2004,72.54961
Mexico,Hydro,2005,79.3436
Mexico,Hydro,2006,86.632545
Mexico,Hydro,2007,77.30624
Mexico,Hydro,2008,110.22146
Mexico,Hydro,2009,74.62687
Mexico,Hydro,2010,103.13493
Mexico,Hydro,2011,100.057556
Mexico,Hydro,2012,87.49704
Mexico,Hydro,2013,76.369804
Mexico,Hydro,2014,105.36432
Mexico,Hydro,2015,83.19006
Mexico,Hydro,2016,82.17796
Mexico,Hydro,2017,84.75586
Mexico,Hydro,2018,85.947914
Mexico,Hydro,2019,62.230183
Mexico,Hydro,2020,70.73973
Mexico,Hydro,2021,91.2441
Mexico,Hydro,2022,93.12104
Morocco,Hydro,2000,2.1231184
Morocco,Hydro,2001,2.5332541
Morocco,Hydro,2002,2.4576585
Morocco,Hydro,2003,4.181143
Morocco,Hydro,2004,4.5855727
Morocco,Hydro,2005,2.762335
Morocco,Hydro,2006,2.7956102
Morocco,Hydro,2007,2.550514
Morocco,Hydro,2008,2.5734513
Morocco,Hydro,2009,7.172522
Morocco,Hydro,2010,9.625153
Morocco,Hydro,2011,5.532206
Morocco,Hydro,2012,4.4720964
Morocco,Hydro,2013,7.5902886
Morocco,Hydro,2014,4.435877
Morocco,Hydro,2015,5.076253
Morocco,Hydro,2016,3.361556
Morocco,Hydro,2017,3.1528625
Morocco,Hydro,2018,4.4803877
Morocco,Hydro,2019,3.3286557
Morocco,Hydro,2020,2.278666
Morocco,Hydro,2021,2.1412454
Morocco,Hydro,2022,0.9130494
Netherlands,Hydro,2000,0.42105442
Netherlands,Hydro,2001,0.34467304
Netherlands,Hydro,2002,0.32000944
Netherlands,Hydro,2003,0.20887555
Netherlands,Hydro,2004,0.27586636
Netherlands,Hydro,2005,0.25198027
Netherlands,Hydro,2006,0.2993336
Netherlands,Hydro,2007,0.30255556
Netherlands,Hydro,2008,0.28100583
Netherlands,Hydro,2009,0.27151304
Netherlands,Hydro,2010,0.2891236
Netherlands,Hydro,2011,0.15724334
Netherlands,Hydro,2012,0.28622526
Netherlands,Hydro,2013,0.31154805
Netherlands,Hydro,2014,0.30321583
Netherlands,Hydro,2015,0.2496386
Netherlands,Hydro,2016,0.26791528
Netherlands,Hydro,2017,0.16169193
Netherlands,Hydro,2018,0.19141306
Netherlands,Hydro,2019,0.19554166
Netherlands,Hydro,2020,0.12098277
Netherlands,Hydro,2021,0.23064166
Netherlands,Hydro,2022,0.13056861
New Zealand,Hydro,2000,72.253944
New Zealand,Hydro,2001,63.694656
New Zealand,Hydro,2002,72.60024
New Zealand,Hydro,2003,68.50904
New Zealand,Hydro,2004,78.49645
New Zealand,Hydro,2005,66.79644
New Zealand,Hydro,2006,67.075356
New Zealand,Hydro,2007,66.84637
New Zealand,Hydro,2008,62.797318
New Zealand,Hydro,2009,67.63234
New Zealand,Hydro,2010,68.63037
New Zealand,Hydro,2011,69.27165
New Zealand,Hydro,2012,62.781155
New Zealand,Hydro,2013,62.763844
New Zealand,Hydro,2014,65.880005
New Zealand,Hydro,2015,66.058464
New Zealand,Hydro,2016,69.4291
New Zealand,Hydro,2017,67.00025
New Zealand,Hydro,2018,69.462456
New Zealand,Hydro,2019,67.47734
New Zealand,Hydro,2020,63.731087
New Zealand,Hydro,2021,63.414463
New Zealand,Hydro,2022,68.47338
North Macedonia,Hydro,2000,3.459677
North Macedonia,Hydro,2001,1.8390552
North Macedonia,Hydro,2002,2.2095573
North Macedonia,Hydro,2003,3.9847703
North Macedonia,Hydro,2004,4.270608
North Macedonia,Hydro,2005,4.272213
North Macedonia,Hydro,2006,4.6949177
North Macedonia,Hydro,2007,2.855897
North Macedonia,Hydro,2008,2.3604486
North Macedonia,Hydro,2009,3.5467443
North Macedonia,Hydro,2010,6.7474318
North Macedonia,Hydro,2011,3.9531517
North Macedonia,Hydro,2012,2.8543549
North Macedonia,Hydro,2013,4.316972
North Macedonia,Hydro,2014,3.2689357
North Macedonia,Hydro,2015,5.0229135
North Macedonia,Hydro,2016,5.079264
North Macedonia,Hydro,2017,2.9547746
North Macedonia,Hydro,2018,4.739471
North Macedonia,Hydro,2019,3.0674124
North Macedonia,Hydro,2020,3.3541467
North Macedonia,Hydro,2021,3.7984283
North Macedonia,Hydro,2022,3.5074174
Norway,Hydro,2000,419.3543
Norway,Hydro,2001,353.89474
Norway,Hydro,2002,377.61545
Norway,Hydro,2003,305.90506
Norway,Hydro,2004,313.46896
Norway,Hydro,2005,388.53085
Norway,Hydro,2006,339.6531
Norway,Hydro,2007,377.9285
Norway,Hydro,2008,390.7217
Norway,Hydro,2009,349.87933
Norway,Hydro,2010,324.01828
Norway,Hydro,2011,331.80823
Norway,Hydro,2012,388.59808
Norway,Hydro,2013,349.22955
Norway,Hydro,2014,366.99066
Norway,Hydro,2015,369.7505
Norway,Hydro,2016,382.2997
Norway,Hydro,2017,378.87726
Norway,Hydro,2018,367.67975
Norway,Hydro,2019,330.25983
Norway,Hydro,2020,370.10666
Norway,Hydro,2021,374.9531
Norway,Hydro,2022,332.69702
Pakistan,Hydro,2000,51.919636
Pakistan,Hydro,2001,53.737713
Pakistan,Hydro,2002,59.595676
Pakistan,Hydro,2003,71.3358
Pakistan,Hydro,2004,75.54539
Pakistan,Hydro,2005,87.905754
Pakistan,Hydro,2006,86.076004
Pakistan,Hydro,2007,89.575455
Pakistan,Hydro,2008,76.824356
Pakistan,Hydro,2009,80.27858
Pakistan,Hydro,2010,82.73995
Pakistan,Hydro,2011,84.39943
Pakistan,Hydro,2012,29.46632
Pakistan,Hydro,2013,85.81219
Pakistan,Hydro,2014,87.71059
Pakistan,Hydro,2015,88.2742
Pakistan,Hydro,2016,92.56564
Pakistan,Hydro,2017,80.38179
Pakistan,Hydro,2018,77.995514
Pakistan,Hydro,2019,95.25408
Pakistan,Hydro,2020,105.01806
Pakistan,Hydro,2021,98.47178
Pakistan,Hydro,2022,91.35989
Peru,Hydro,2000,47.832554
Peru,Hydro,2001,51.74855
Peru,Hydro,2002,52.656067
Peru,Hydro,2003,53.750027
Peru,Hydro,2004,50.501816
Peru,Hydro,2005,51.475586
Peru,Hydro,2006,55.75371
Peru,Hydro,2007,55.276596
Peru,Hydro,2008,53.55858
Peru,Hydro,2009,55.585583
Peru,Hydro,2010,55.656185
Peru,Hydro,2011,59.469143
Peru,Hydro,2012,60.410046
Peru,Hydro,2013,60.830235
Peru,Hydro,2014,60.170963
Peru,Hydro,2015,63.788605
Peru,Hydro,2016,64.612976
Peru,Hydro,2017,77.37572
Peru,Hydro,2018,81.32277
Peru,Hydro,2019,82.93322
Peru,Hydro,2020,80.128876
Peru,Hydro,2021,83.53919
Peru,Hydro,2022,77.53704
Philippines,Hydro,2000,23.061558
Philippines,Hydro,2001,20.870047
Philippines,Hydro,2002,20.528084
Philippines,Hydro,2003,22.823454
Philippines,Hydro,2004,24.761116
Philippines,Hydro,2005,24.0148
Philippines,Hydro,2006,28.281652
Philippines,Hydro,2007,24.214142
Philippines,Hydro,2008,27.658092
Philippines,Hydro,2009,27.333855
Philippines,Hydro,2010,21.658966
Philippines,Hydro,2011,26.75214
Philippines,Hydro,2012,28.110691
Philippines,Hydro,2013,27.306799
Philippines,Hydro,2014,24.753767
Philippines,Hydro,2015,23.334814
Philippines,Hydro,2016,21.713224
Philippines,Hydro,2017,25.577126
Philippines,Hydro,2018,24.826864
Philippines,Hydro,2019,21.154976
Philippines,Hydro,2020,18.888323
Philippines,Hydro,2021,24.473867
Philippines,Hydro,2022,26.4419
Poland,Hydro,2000,6.2274194
Poland,Hydro,2001,6.830357
Poland,Hydro,2002,6.652024
Poland,Hydro,2003,4.8461075
Poland,Hydro,2004,5.999599
Poland,Hydro,2005,6.302373
Poland,Hydro,2006,5.8103166
Poland,Hydro,2007,6.6505647
Poland,Hydro,2008,6.050055
Poland,Hydro,2009,6.632691
Poland,Hydro,2010,8.104691
Poland,Hydro,2011,6.4331822
Poland,Hydro,2012,5.5853224
Poland,Hydro,2013,6.647294
Poland,Hydro,2014,5.913961
Poland,Hydro,2015,4.9335256
Poland,Hydro,2016,5.7261834
Poland,Hydro,2017,6.812903
Poland,Hydro,2018,5.2120824
Poland,Hydro,2019,5.1506896
Poland,Hydro,2020,5.562449
Poland,Hydro,2021,6.120878
Poland,Hydro,2022,5.1308413
Portugal,Hydro,2000,33.481987
Portugal,Hydro,2001,41.228916
Portugal,Hydro,2002,22.766909
Portugal,Hydro,2003,45.598648
Portugal,Hydro,2004,28.439022
Portugal,Hydro,2005,13.54681
Portugal,Hydro,2006,31.068974
Portugal,Hydro,2007,28.352554
Portugal,Hydro,2008,19.105585
Portugal,Hydro,2009,23.137619
Portugal,Hydro,2010,44.820045
Portugal,Hydro,2011,31.823837
Portugal,Hydro,2012,15.415161
Portugal,Hydro,2013,37.419987
Portugal,Hydro,2014,42.177944
Portugal,Hydro,2015,23.322504
Portugal,Hydro,2016,42.09106
Portugal,Hydro,2017,15.693628
Portugal,Hydro,2018,32.788494
Portugal,Hydro,2019,23.244003
Portugal,Hydro,2020,31.73235
Portugal,Hydro,2021,31.15819
Portugal,Hydro,2022,16.95607
Romania,Hydro,2000,43.698387
Romania,Hydro,2001,43.84061
Romania,Hydro,2002,46.83562
Romania,Hydro,2003,38.452744
Romania,Hydro,2004,47.584717
Romania,Hydro,2005,57.860996
Romania,Hydro,2006,52.230247
Romania,Hydro,2007,45.145794
Romania,Hydro,2008,48.318947
Romania,Hydro,2009,43.38199
Romania,Hydro,2010,55.186832
Romania,Hydro,2011,40.629463
Romania,Hydro,2012,33.084194
Romania,Hydro,2013,40.31847
Romania,Hydro,2014,50.181973
Romania,Hydro,2015,44.792206
Romania,Hydro,2016,48.26163
Romania,Hydro,2017,38.57274
Romania,Hydro,2018,46.73386
Romania,Hydro,2019,41.070877
Romania,Hydro,2020,40.39458
Romania,Hydro,2021,45.561405
Romania,Hydro,2022,36.04607
Russia,Hydro,2000,485.17096
Russia,Hydro,2001,510.8784
Russia,Hydro,2002,473.35904
Russia,Hydro,2003,451.46228
Russia,Hydro,2004,506.23996
Russia,Hydro,2005,494.25668
Russia,Hydro,2006,493.06595
Russia,Hydro,2007,500.61615
Russia,Hydro,2008,463.04135
Russia,Hydro,2009,486.48764
Russia,Hydro,2010,462.08865
Russia,Hydro,2011,449.81296
Russia,Hydro,2012,448.18112
Russia,Hydro,2013,493.7124
Russia,Hydro,2014,469.74268
Russia,Hydro,2015,452.40176
Russia,Hydro,2016,494.21262
Russia,Hydro,2017,492.7725
Russia,Hydro,2018,504.37497
Russia,Hydro,2019,512.3701
Russia,Hydro,2020,557.9243
Russia,Hydro,2021,561.3645
Russia,Hydro,2022,515.3433
Slovakia,Hydro,2000,13.646504
Slovakia,Hydro,2001,14.474482
Slovakia,Hydro,2002,15.37642
Slovakia,Hydro,2003,10.092431
Slovakia,Hydro,2004,11.814773
Slovakia,Hydro,2005,13.280512
Slovakia,Hydro,2006,12.516934
Slovakia,Hydro,2007,12.585741
Slovakia,Hydro,2008,11.350758
Slovakia,Hydro,2009,12.19734
Slovakia,Hydro,2010,14.585667
Slovakia,Hydro,2011,10.422713
Slovakia,Hydro,2012,11.250161
Slovakia,Hydro,2013,13.212825
Slovakia,Hydro,2014,11.402593
Slovakia,Hydro,2015,10.411032
Slovakia,Hydro,2016,11.669207
Slovakia,Hydro,2017,11.50742
Slovakia,Hydro,2018,9.49816
Slovakia,Hydro,2019,11.482295
Slovakia,Hydro,2020,11.862947
Slovakia,Hydro,2021,11.14181
Slovakia,Hydro,2022,9.3085985
Slovenia,Hydro,2000,11.337096
Slovenia,Hydro,2001,11.151843
Slovenia,Hydro,2002,9.670099
Slovenia,Hydro,2003,8.575666
Slovenia,Hydro,2004,11.8003645
Slovenia,Hydro,2005,9.9102745
Slovenia,Hydro,2006,10.217848
Slovenia,Hydro,2007,9.23501
Slovenia,Hydro,2008,11.290813
Slovenia,Hydro,2009,13.167638
Slovenia,Hydro,2010,12.540065
Slovenia,Hydro,2011,9.826327
Slovenia,Hydro,2012,10.690805
Slovenia,Hydro,2013,12.615959
Slovenia,Hydro,2014,16.503824
Slovenia,Hydro,2015,10.254838
Slovenia,Hydro,2016,12.0547
Slovenia,Hydro,2017,10.294788
Slovenia,Hydro,2018,12.446346
Slovenia,Hydro,2019,11.807561
Slovenia,Hydro,2020,12.958268
Slovenia,Hydro,2021,12.331119
Slovenia,Hydro,2022,8.207861
South Africa,Hydro,2000,3.2556448
South Africa,Hydro,2001,5.055933
South Africa,Hydro,2002,6.082851
South Africa,Hydro,2003,2.3995976
South Africa,Hydro,2004,2.7373939
South Africa,Hydro,2005,3.8138957
South Africa,Hydro,2006,8.244901
South Africa,Hydro,2007,8.102886
South Africa,Hydro,2008,3.539605
South Africa,Hydro,2009,4.053956
South Africa,Hydro,2010,3.1722085
South Africa,Hydro,2011,8.452033
South Africa,Hydro,2012,2.792688
South Africa,Hydro,2013,3.0086317
South Africa,Hydro,2014,4.8629932
South Africa,Hydro,2015,1.9658697
South Africa,Hydro,2016,1.6704713
South Africa,Hydro,2017,2.065161
South Africa,Hydro,2018,2.9182372
South Africa,Hydro,2019,1.9532555
South Africa,Hydro,2020,3.8475137
South Africa,Hydro,2021,5.280454
South Africa,Hydro,2022,8.082117
South America,Hydro,2000,1577.2489
South America,Hydro,2001,1472.2545
South America,Hydro,2002,1534.4415
South America,Hydro,2003,1590.061
South America,Hydro,2004,1630.8798
South America,Hydro,2005,1716.4923
South America,Hydro,2006,1783.3889
South America,Hydro,2007,1835.5673
South America,Hydro,2008,1833.2285
South America,Hydro,2009,1872.7833
South America,Hydro,2010,1861.3896
South America,Hydro,2011,1964.8721
South America,Hydro,2012,1912.8685
South America,Hydro,2013,1840.7942
South America,Hydro,2014,1776.9221
South America,Hydro,2015,1721.7152
South America,Hydro,2016,1752.4569
South America,Hydro,2017,1786.4795
South America,Hydro,2018,1819.9438
South America,Hydro,2019,1798.5688
South America,Hydro,2020,1754.7719
South America,Hydro,2021,1666.5444
South America,Hydro,2022,1858.0339
South Korea,Hydro,2000,11.856205
South Korea,Hydro,2001,6.8448663
South Korea,Hydro,2002,9.435943
South Korea,Hydro,2003,14.168778
South Korea,Hydro,2004,12.42303
South Korea,Hydro,2005,10.518176
South Korea,Hydro,2006,9.866548
South Korea,Hydro,2007,10.268927
South Korea,Hydro,2008,8.6271925
South Korea,Hydro,2009,7.8563766
South Korea,Hydro,2010,10.219596
South Korea,Hydro,2011,12.683376
South Korea,Hydro,2012,10.882847
South Korea,Hydro,2013,11.690045
South Korea,Hydro,2014,7.4538627
South Korea,Hydro,2015,5.7783628
South Korea,Hydro,2016,7.6195855
South Korea,Hydro,2017,7.4750867
South Korea,Hydro,2018,8.888103
South Korea,Hydro,2019,7.35088
South Korea,Hydro,2020,10.182727
South Korea,Hydro,2021,7.992645
South Korea,Hydro,2022,9.232518
South and Central America (EI),Hydro,2000,1627.2698
South and Central America (EI),Hydro,2001,1516.5714
South and Central America (EI),Hydro,2002,1581.6958
South and Central America (EI),Hydro,2003,1640.205
South and Central America (EI),Hydro,2004,1683.6881
South and Central America (EI),Hydro,2005,1773.101
South and Central America (EI),Hydro,2006,1841.7264
South and Central America (EI),Hydro,2007,1892.9073
South and Central America (EI),Hydro,2008,1895.4669
South and Central America (EI),Hydro,2009,1931.5586
South and Central America (EI),Hydro,2010,1926.2356
South and Central America (EI),Hydro,2011,2028.6525
South and Central America (EI),Hydro,2012,1980.9143
South and Central America (EI),Hydro,2013,1907.1158
South and Central America (EI),Hydro,2014,1840.0813
South and Central America (EI),Hydro,2015,1785.9524
South and Central America (EI),Hydro,2016,1818.8481
South and Central America (EI),Hydro,2017,1866.1349
South and Central America (EI),Hydro,2018,1897.6844
South and Central America (EI),Hydro,2019,1859.7589
South and Central America (EI),Hydro,2020,1830.1565
South and Central America (EI),Hydro,2021,1749.8939
South and Central America (EI),Hydro,2022,1945.5544
Spain,Hydro,2000,87.43817
Spain,Hydro,2001,120.528625
Spain,Hydro,2002,66.89968
Spain,Hydro,2003,119.06169
Spain,Hydro,2004,91.279205
Spain,Hydro,2005,51.174927
Spain,Hydro,2006,73.667534
Spain,Hydro,2007,77.00459
Spain,Hydro,2008,66.12628
Spain,Hydro,2009,73.59488
Spain,Hydro,2010,116.67339
Spain,Hydro,2011,84.40379
Spain,Hydro,2012,56.333065
Spain,Hydro,2013,100.240585
Spain,Hydro,2014,106.112656
Spain,Hydro,2015,75.78024
Spain,Hydro,2016,97.40553
Spain,Hydro,2017,48.760162
Spain,Hydro,2018,90.838394
Spain,Hydro,2019,59.27268
Spain,Hydro,2020,80.119484
Spain,Hydro,2021,77.52167
Spain,Hydro,2022,47.545746
Sri Lanka,Hydro,2000,9.474807
Sri Lanka,Hydro,2001,9.159563
Sri Lanka,Hydro,2002,7.882055
Sri Lanka,Hydro,2003,9.624763
Sri Lanka,Hydro,2004,8.556266
Sri Lanka,Hydro,2005,9.906071
Sri Lanka,Hydro,2006,13.212286
Sri Lanka,Hydro,2007,11.187407
Sri Lanka,Hydro,2008,11.631372
Sri Lanka,Hydro,2009,10.866753
Sri Lanka,Hydro,2010,15.666919
Sri Lanka,Hydro,2011,12.645373
Sri Lanka,Hydro,2012,9.054318
Sri Lanka,Hydro,2013,18.885082
Sri Lanka,Hydro,2014,12.360661
Sri Lanka,Hydro,2015,16.103678
Sri Lanka,Hydro,2016,11.3279915
Sri Lanka,Hydro,2017,10.72862
Sri Lanka,Hydro,2018,16.962973
Sri Lanka,Hydro,2019,12.684035
Sri Lanka,Hydro,2020,13.069202
Sri Lanka,Hydro,2021,18.77794
Sri Lanka,Hydro,2022,18.576773
Sweden,Hydro,2000,232.37202
Sweden,Hydro,2001,232.26447
Sweden,Hydro,2002,193.68802
Sweden,Hydro,2003,155.27264
Sweden,Hydro,2004,174.59352
Sweden,Hydro,2005,207.32085
Sweden,Hydro,2006,175.32132
Sweden,Hydro,2007,187.10304
Sweden,Hydro,2008,194.6795
Sweden,Hydro,2009,183.03278
Sweden,Hydro,2010,186.45139
Sweden,Hydro,2011,185.00493
Sweden,Hydro,2012,216.4465
Sweden,Hydro,2013,167.23479
Sweden,Hydro,2014,172.74011
Sweden,Hydro,2015,202.81442
Sweden,Hydro,2016,166.33446
Sweden,Hydro,2017,173.15065
Sweden,Hydro,2018,164.42552
Sweden,Hydro,2019,172.12164
Sweden,Hydro,2020,189.84395
Sweden,Hydro,2021,193.0954
Sweden,Hydro,2022,181.87082
Switzerland,Hydro,2000,108.9276
Switzerland,Hydro,2001,121.39785
Switzerland,Hydro,2002,102.66071
Switzerland,Hydro,2003,100.828995
Switzerland,Hydro,2004,97.2607
Switzerland,Hydro,2005,89.42412
Switzerland,Hydro,2006,88.099014
Switzerland,Hydro,2007,99.68326
Switzerland,Hydro,2008,101.27276
Switzerland,Hydro,2009,99.775536
Switzerland,Hydro,2010,100.09926
Switzerland,Hydro,2011,89.3621
Switzerland,Hydro,2012,105.84992
Switzerland,Hydro,2013,104.83242
Switzerland,Hydro,2014,103.054214
Switzerland,Hydro,2015,103.0381
Switzerland,Hydro,2016,92.70027
Switzerland,Hydro,2017,90.737656
Switzerland,Hydro,2018,91.566475
Switzerland,Hydro,2019,99.2021
Switzerland,Hydro,2020,98.389946
Switzerland,Hydro,2021,95.69053
Switzerland,Hydro,2022,77.08028
Taiwan,Hydro,2000,13.483812
Taiwan,Hydro,2001,14.954215
Taiwan,Hydro,2002,8.111153
Taiwan,Hydro,2003,8.800473
Taiwan,Hydro,2004,9.249726
Taiwan,Hydro,2005,11.658027
Taiwan,Hydro,2006,11.633013
Taiwan,Hydro,2007,12.491157
Taiwan,Hydro,2008,12.097595
Taiwan,Hydro,2009,10.46789
Taiwan,Hydro,2010,11.641059
Taiwan,Hydro,2011,11.033864
Taiwan,Hydro,2012,15.545562
Taiwan,Hydro,2013,14.77964
Taiwan,Hydro,2014,11.697511
Taiwan,Hydro,2015,12.037979
Taiwan,Hydro,2016,17.56683
Taiwan,Hydro,2017,14.495555
Taiwan,Hydro,2018,11.857049
Taiwan,Hydro,2019,14.615929
Taiwan,Hydro,2020,7.929167
Taiwan,Hydro,2021,9.07745
Taiwan,Hydro,2022,15.216603
Thailand,Hydro,2000,17.420937
Thailand,Hydro,2001,18.138916
Thailand,Hydro,2002,21.502878
Thailand,Hydro,2003,20.903383
Thailand,Hydro,2004,16.991066
Thailand,Hydro,2005,16.238935
Thailand,Hydro,2006,22.621109
Thailand,Hydro,2007,22.5117
Thailand,Hydro,2008,19.531841
Thailand,Hydro,2009,19.453293
Thailand,Hydro,2010,14.840334
Thailand,Hydro,2011,21.889708
Thailand,Hydro,2012,23.117853
Thailand,Hydro,2013,14.75019
Thailand,Hydro,2014,13.988624
Thailand,Hydro,2015,10.12755
Thailand,Hydro,2016,9.484953
Thailand,Hydro,2017,12.473963
Thailand,Hydro,2018,20.099623
Thailand,Hydro,2019,16.632874
Thailand,Hydro,2020,11.922954
Thailand,Hydro,2021,11.879692
Thailand,Hydro,2022,17.204016
Turkey,Hydro,2000,91.307396
Turkey,Hydro,2001,70.535995
Turkey,Hydro,2002,98.31744
Turkey,Hydro,2003,102.45994
Turkey,Hydro,2004,132.79718
Turkey,Hydro,2005,113.27807
Turkey,Hydro,2006,125.892654
Turkey,Hydro,2007,101.372475
Turkey,Hydro,2008,93.49007
Turkey,Hydro,2009,100.421455
Turkey,Hydro,2010,143.76237
Turkey,Hydro,2011,144.384
Turkey,Hydro,2012,158.66211
Turkey,Hydro,2013,161.94571
Turkey,Hydro,2014,110.11047
Turkey,Hydro,2015,180.82188
Turkey,Hydro,2016,179.97964
Turkey,Hydro,2017,154.93633
Turkey,Hydro,2018,158.58092
Turkey,Hydro,2019,234.13445
Turkey,Hydro,2020,205.09822
Turkey,Hydro,2021,146.34236
Turkey,Hydro,2022,175.18874
Turkmenistan,Hydro,2000,0.009326333
Turkmenistan,Hydro,2001,0.009265777
Turkmenistan,Hydro,2002,0.009206
Turkmenistan,Hydro,2003,0.009147001
Turkmenistan,Hydro,2004,0.009088722
Turkmenistan,Hydro,2005,0.009031194
Turkmenistan,Hydro,2006,0.008974416
Turkmenistan,Hydro,2007,0.008918306
Turkmenistan,Hydro,2008,0.008862916
Turkmenistan,Hydro,2009,0.008808222
Turkmenistan,Hydro,2010,0.008754166
Turkmenistan,Hydro,2011,0.008700805
Turkmenistan,Hydro,2012,0.008648056
Turkmenistan,Hydro,2013,0.008595971
Turkmenistan,Hydro,2014,0.008544499
Turkmenistan,Hydro,2015,0.008493639
Turkmenistan,Hydro,2016,0.008443389
Turkmenistan,Hydro,2017,0.008393722
Turkmenistan,Hydro,2018,0.008344611
Turkmenistan,Hydro,2019,0.008313861
Turkmenistan,Hydro,2020,0.008305999
Turkmenistan,Hydro,2021,0.0151305
Turkmenistan,Hydro,2022,0.015075333
Ukraine,Hydro,2000,33.337097
Ukraine,Hydro,2001,35.347466
Ukraine,Hydro,2002,28.099619
Ukraine,Hydro,2003,26.791346
Ukraine,Hydro,2004,33.868053
Ukraine,Hydro,2005,35.400383
Ukraine,Hydro,2006,36.665882
Ukraine,Hydro,2007,28.680557
Ukraine,Hydro,2008,32.34939
Ukraine,Hydro,2009,33.33381
Ukraine,Hydro,2010,36.504414
Ukraine,Hydro,2011,30.190247
Ukraine,Hydro,2012,28.731728
Ukraine,Hydro,2013,37.623875
Ukraine,Hydro,2014,22.968464
Ukraine,Hydro,2015,14.53214
Ukraine,Hydro,2016,20.548405
Ukraine,Hydro,2017,23.812187
Ukraine,Hydro,2018,27.58885
Ukraine,Hydro,2019,17.155699
Ukraine,Hydro,2020,19.864733
Ukraine,Hydro,2021,27.260853
Ukraine,Hydro,2022,28.926935
United Kingdom,Hydro,2000,15.038494
United Kingdom,Hydro,2001,11.911696
United Kingdom,Hydro,2002,13.973875
United Kingdom,Hydro,2003,9.360731
United Kingdom,Hydro,2004,13.960048
United Kingdom,Hydro,2005,14.096299
United Kingdom,Hydro,2006,13.070101
United Kingdom,Hydro,2007,14.356692
United Kingdom,Hydro,2008,14.447031
United Kingdom,Hydro,2009,14.599998
United Kingdom,Hydro,2010,9.968146
United Kingdom,Hydro,2011,15.701572
United Kingdom,Hydro,2012,14.557122
United Kingdom,Hydro,2013,12.813576
United Kingdom,Hydro,2014,15.950759
United Kingdom,Hydro,2015,16.95837
United Kingdom,Hydro,2016,14.377256
United Kingdom,Hydro,2017,15.653177
United Kingdom,Hydro,2018,14.401486
United Kingdom,Hydro,2019,15.63896
United Kingdom,Hydro,2020,18.02895
United Kingdom,Hydro,2021,14.380995
United Kingdom,Hydro,2022,13.858746
United States of America,Hydro,2000,806.55237
United States of America,Hydro,2001,617.6405
United States of America,Hydro,2002,753.54846
United States of America,Hydro,2003,782.9493
United States of America,Hydro,2004,756.59106
United States of America,Hydro,2005,762.8928
United States of America,Hydro,2006,812.4882
United States of America,Hydro,2007,687.23645
United States of America,Hydro,2008,705.47595
United States of America,Hydro,2009,758.3137
United States of America,Hydro,2010,714.0861
United States of America,Hydro,2011,871.99786
United States of America,Hydro,2012,751.3726
United States of America,Hydro,2013,726.45966
United States of America,Hydro,2014,692.8534
United States of America,Hydro,2015,663.6914
United States of America,Hydro,2016,706.1052
United States of America,Hydro,2017,789.88806
United States of America,Hydro,2018,765.9766
United States of America,Hydro,2019,752.48486
United States of America,Hydro,2020,742.6633
United States of America,Hydro,2021,651.4552
United States of America,Hydro,2022,674.0775
Uzbekistan,Hydro,2000,17.38414
Uzbekistan,Hydro,2001,17.67667
Uzbekistan,Hydro,2002,18.05591
Uzbekistan,Hydro,2003,20.750017
Uzbekistan,Hydro,2004,18.71177
Uzbekistan,Hydro,2005,19.687696
Uzbekistan,Hydro,2006,16.644827
Uzbekistan,Hydro,2007,18.25823
Uzbekistan,Hydro,2008,12.324634
Uzbekistan,Hydro,2009,18.10599
Uzbekistan,Hydro,2010,22.73782
Uzbekistan,Hydro,2011,15.783091
Uzbekistan,Hydro,2012,17.424948
Uzbekistan,Hydro,2013,17.08837
Uzbekistan,Hydro,2014,16.755793
Uzbekistan,Hydro,2015,16.213026
Uzbekistan,Hydro,2016,18.36398
Uzbekistan,Hydro,2017,21.102842
Uzbekistan,Hydro,2018,15.602647
Uzbekistan,Hydro,2019,17.033873
Uzbekistan,Hydro,2020,13.12939
Uzbekistan,Hydro,2021,13.10997
Uzbekistan,Hydro,2022,13.8517065
Venezuela,Hydro,2000,185.95323
Venezuela,Hydro,2001,177.56285
Venezuela,Hydro,2002,173.76988
Venezuela,Hydro,2003,175.55031
Venezuela,Hydro,2004,201.93176
Venezuela,Hydro,2005,220.73622
Venezuela,Hydro,2006,231.6539
Venezuela,Hydro,2007,234.78986
Venezuela,Hydro,2008,243.66829
Venezuela,Hydro,2009,239.72433
Venezuela,Hydro,2010,212.77527
Venezuela,Hydro,2011,229.39513
Venezuela,Hydro,2012,224.11357
Venezuela,Hydro,2013,222.1106
Venezuela,Hydro,2014,217.71346
Venezuela,Hydro,2015,201.26091
Venezuela,Hydro,2016,168.54152
Venezuela,Hydro,2017,186.38475
Venezuela,Hydro,2018,172.71806
Venezuela,Hydro,2019,165.51112
Venezuela,Hydro,2020,176.46042
Venezuela,Hydro,2021,177.52939
Venezuela,Hydro,2022,173.70929
Vietnam,Hydro,2000,43.02715
Vietnam,Hydro,2001,53.497116
Vietnam,Hydro,2002,53.11695
Vietnam,Hydro,2003,55.061756
Vietnam,Hydro,2004,51.345272
Vietnam,Hydro,2005,47.346542
Vietnam,Hydro,2006,56.08577
Vietnam,Hydro,2007,63.443333
Vietnam,Hydro,2008,73.01655
Vietnam,Hydro,2009,83.71713
Vietnam,Hydro,2010,79.17164
Vietnam,Hydro,2011,113.31358
Vietnam,Hydro,2012,146.15987
Vietnam,Hydro,2013,157.58281
Vietnam,Hydro,2014,168.4109
Vietnam,Hydro,2015,153.9595
Vietnam,Hydro,2016,171.77747
Vietnam,Hydro,2017,233.12636
Vietnam,Hydro,2018,223.53485
Vietnam,Hydro,2019,175.40288
Vietnam,Hydro,2020,192.72237
Vietnam,Hydro,2021,198.67511
Vietnam,Hydro,2022,250.1722
Argentina,Nuclear,2000,17.527328
Argentina,Nuclear,2001,19.899952
Argentina,Nuclear,2002,16.304049
Argentina,Nuclear,2003,21.055779
Argentina,Nuclear,2004,21.759527
Argentina,Nuclear,2005,18.885078
Argentina,Nuclear,2006,21.081717
Argentina,Nuclear,2007,19.682814
Argentina,Nuclear,2008,19.938072
Argentina,Nuclear,2009,21.929417
Argentina,Nuclear,2010,19.20336
Argentina,Nuclear,2011,16.94204
Argentina,Nuclear,2012,16.844624
Argentina,Nuclear,2013,16.233166
Argentina,Nuclear,2014,14.334412
Argentina,Nuclear,2015,18.18994
Argentina,Nuclear,2016,21.283125
Argentina,Nuclear,2017,15.547312
Argentina,Nuclear,2018,17.446835
Argentina,Nuclear,2019,21.353771
Argentina,Nuclear,2020,25.229486
Argentina,Nuclear,2021,25.535925
Argentina,Nuclear,2022,18.686522
Belarus,Nuclear,2020,0.8518197
Belarus,Nuclear,2021,14.51431
Belarus,Nuclear,2022,11.733422
Belgium,Nuclear,2000,136.64621
Belgium,Nuclear,2001,130.66197
Belgium,Nuclear,2002,132.65071
Belgium,Nuclear,2003,131.85326
Belgium,Nuclear,2004,130.82816
Belgium,Nuclear,2005,130.77774
Belgium,Nuclear,2006,127.36132
Belgium,Nuclear,2007,130.85786
Belgium,Nuclear,2008,122.87504
Belgium,Nuclear,2009,126.54906
Belgium,Nuclear,2010,127.69569
Belgium,Nuclear,2011,127.684746
Belgium,Nuclear,2012,106.0222
Belgium,Nuclear,2013,111.52685
Belgium,Nuclear,2014,87.61565
Belgium,Nuclear,2015,67.45447
Belgium,Nuclear,2016,111.80512
Belgium,Nuclear,2017,107.83726
Belgium,Nuclear,2018,72.60289
Belgium,Nuclear,2019,110.091576
Belgium,Nuclear,2020,86.781525
Belgium,Nuclear,2021,126.36671
Belgium,Nuclear,2022,109.40878
Brazil,Nuclear,2000,17.155615
Brazil,Nuclear,2001,40.253777
Brazil,Nuclear,2002,38.753277
Brazil,Nuclear,2003,37.17461
Brazil,Nuclear,2004,32.106987
Brazil,Nuclear,2005,27.078781
Brazil,Nuclear,2006,37.55473
Brazil,Nuclear,2007,33.509514
Brazil,Nuclear,2008,37.666557
Brazil,Nuclear,2009,34.72314
Brazil,Nuclear,2010,38.68147
Brazil,Nuclear,2011,41.453403
Brazil,Nuclear,2012,42.199436
Brazil,Nuclear,2013,40.405575
Brazil,Nuclear,2014,39.97846
Brazil,Nuclear,2015,38.07549
Brazil,Nuclear,2016,40.753506
Brazil,Nuclear,2017,40.194183
Brazil,Nuclear,2018,39.793324
Brazil,Nuclear,2019,40.79735
Brazil,Nuclear,2020,35.415028
Brazil,Nuclear,2021,36.922523
Brazil,Nuclear,2022,36.423683
Bulgaria,Nuclear,2000,51.580345
Bulgaria,Nuclear,2001,55.121655
Bulgaria,Nuclear,2002,56.639835
Bulgaria,Nuclear,2003,48.08933
Bulgaria,Nuclear,2004,46.4972
Bulgaria,Nuclear,2005,51.25322
Bulgaria,Nuclear,2006,53.22444
Bulgaria,Nuclear,2007,39.73193
Bulgaria,Nuclear,2008,42.510643
Bulgaria,Nuclear,2009,40.884174
Bulgaria,Nuclear,2010,40.614708
Bulgaria,Nuclear,2011,43.18632
Bulgaria,Nuclear,2012,41.532707
Bulgaria,Nuclear,2013,37.061413
Bulgaria,Nuclear,2014,41.248478
Bulgaria,Nuclear,2015,39.752216
Bulgaria,Nuclear,2016,40.52656
Bulgaria,Nuclear,2017,39.699528
Bulgaria,Nuclear,2018,40.939335
Bulgaria,Nuclear,2019,41.87608
Bulgaria,Nuclear,2020,41.89986
Bulgaria,Nuclear,2021,41.397808
Bulgaria,Nuclear,2022,41.152412
Canada,Nuclear,2000,205.1344
Canada,Nuclear,2001,214.70778
Canada,Nuclear,2002,210.06763
Canada,Nuclear,2003,206.97218
Canada,Nuclear,2004,248.20045
Canada,Nuclear,2005,251.14131
Canada,Nuclear,2006,265.62433
Canada,Nuclear,2007,251.88799
Canada,Nuclear,2008,257.12036
Canada,Nuclear,2009,239.75511
Canada,Nuclear,2010,239.78362
Canada,Nuclear,2011,246.02522
Canada,Nuclear,2012,247.86096
Canada,Nuclear,2013,268.64478
Canada,Nuclear,2014,276.95135
Canada,Nuclear,2015,261.26126
Canada,Nuclear,2016,258.746
Canada,Nuclear,2017,256.89523
Canada,Nuclear,2018,253.962
Canada,Nuclear,2019,254.19629
Canada,Nuclear,2020,245.74895
Canada,Nuclear,2021,230.96967
Canada,Nuclear,2022,216.76048
China,Nuclear,2000,47.491486
China,Nuclear,2001,49.25513
China,Nuclear,2002,70.37826
China,Nuclear,2003,120.6185
China,Nuclear,2004,139.55797
China,Nuclear,2005,145.87096
China,Nuclear,2006,149.74545
China,Nuclear,2007,168.5819
China,Nuclear,2008,184.42581
China,Nuclear,2009,187.72626
China,Nuclear,2010,199.07062
China,Nuclear,2011,230.8353
China,Nuclear,2012,258.69043
China,Nuclear,2013,291.60797
China,Nuclear,2014,346.31763
China,Nuclear,2015,442.86957
China,Nuclear,2016,547.62866
China,Nuclear,2017,633.5887
China,Nuclear,2018,748.9546
China,Nuclear,2019,882.02563
China,Nuclear,2020,922.8886
China,Nuclear,2021,1023.2132
China,Nuclear,2022,1045.2504
Czechia,Nuclear,2000,38.56183
Czechia,Nuclear,2001,41.579594
Czechia,Nuclear,2002,52.48386
Czechia,Nuclear,2003,72.00013
Czechia,Nuclear,2004,72.793625
Czechia,Nuclear,2005,67.94453
Czechia,Nuclear,2006,71.11837
Czechia,Nuclear,2007,71.01469
Czechia,Nuclear,2008,71.59531
Czechia,Nuclear,2009,72.913506
Czechia,Nuclear,2010,74.54473
Czechia,Nuclear,2011,74.86952
Czechia,Nuclear,2012,79.78752
Czechia,Nuclear,2013,80.40818
Czechia,Nuclear,2014,78.83374
Czechia,Nuclear,2015,69.36118
Czechia,Nuclear,2016,61.92072
Czechia,Nuclear,2017,72.372574
Czechia,Nuclear,2018,75.96509
Czechia,Nuclear,2019,76.50683
Czechia,Nuclear,2020,75.71436
Czechia,Nuclear,2021,77.164536
Czechia,Nuclear,2022,77.61024
Europe,Nuclear,2000,3346.293
Europe,Nuclear,2001,3435.6519
Europe,Nuclear,2002,3464.3186
Europe,Nuclear,2003,3492.3315
Europe,Nuclear,2004,3503.87
Europe,Nuclear,2005,3460.4197
Europe,Nuclear,2006,3451.9607
Europe,Nuclear,2007,3298.3984
Europe,Nuclear,2008,3284.1694
Europe,Nuclear,2009,3130.123
Europe,Nuclear,2010,3202.0383
Europe,Nuclear,2011,3168.3115
Europe,Nuclear,2012,3093.348
Europe,Nuclear,2013,3030.4307
Europe,Nuclear,2014,3049.9004
Europe,Nuclear,2015,3006.6401
Europe,Nuclear,2016,2924.755
Europe,Nuclear,2017,2908.8245
Europe,Nuclear,2018,2895.2793
Europe,Nuclear,2019,2880.352
Europe,Nuclear,2020,2644.2595
Europe,Nuclear,2021,2788.4429
Europe,Nuclear,2022,2426.4165
Finland,Nuclear,2000,63.784496
Finland,Nuclear,2001,64.19912
Finland,Nuclear,2002,62.446106
Finland,Nuclear,2003,63.259174
Finland,Nuclear,2004,62.81477
Finland,Nuclear,2005,63.942192
Finland,Nuclear,2006,62.543434
Finland,Nuclear,2007,63.55535
Finland,Nuclear,2008,61.906715
Finland,Nuclear,2009,63.04674
Finland,Nuclear,2010,60.7263
Finland,Nuclear,2011,61.38048
Finland,Nuclear,2012,60.482246
Finland,Nuclear,2013,61.736767
Finland,Nuclear,2014,61.299496
Finland,Nuclear,2015,60.068924
Finland,Nuclear,2016,59.60559
Finland,Nuclear,2017,57.40094
Finland,Nuclear,2018,57.86753
Finland,Nuclear,2019,60.37841
Finland,Nuclear,2020,58.697433
Finland,Nuclear,2021,59.25346
Finland,Nuclear,2022,63.147774
France,Nuclear,2000,1178.0283
France,Nuclear,2001,1187.0509
France,Nuclear,2002,1223.3219
France,Nuclear,2003,1227.4746
France,Nuclear,2004,1239.4857
France,Nuclear,2005,1240.6753
France,Nuclear,2006,1229.219
France,Nuclear,2007,1193.1517
France,Nuclear,2008,1184.9778
France,Nuclear,2009,1098.0413
France,Nuclear,2010,1141.3375
France,Nuclear,2011,1171.086
France,Nuclear,2012,1119.3071
France,Nuclear,2013,1108.0624
France,Nuclear,2014,1134.688
France,Nuclear,2015,1130.3857
France,Nuclear,2016,1035.7585
France,Nuclear,2017,1017.31494
France,Nuclear,2018,1048.3887
France,Nuclear,2019,1009.28723
France,Nuclear,2020,891.7213
France,Nuclear,2021,952.5582
France,Nuclear,2022,737.35693
Germany,Nuclear,2000,481.25955
Germany,Nuclear,2001,482.9241
Germany,Nuclear,2002,461.70624
Germany,Nuclear,2003,459.35327
Germany,Nuclear,2004,461.9717
Germany,Nuclear,2005,447.98557
Germany,Nuclear,2006,456.95532
Germany,Nuclear,2007,381.32123
Germany,Nuclear,2008,401.1802
Germany,Nuclear,2009,361.60092
Germany,Nuclear,2010,374.36166
Germany,Nuclear,2011,285.82077
Germany,Nuclear,2012,261.69418
Germany,Nuclear,2013,254.44252
Germany,Nuclear,2014,252.50037
Germany,Nuclear,2015,237.191
Germany,Nuclear,2016,217.41505
Germany,Nuclear,2017,194.91447
Germany,Nuclear,2018,192.9632
Germany,Nuclear,2019,189.8903
Germany,Nuclear,2020,162.255
Germany,Nuclear,2021,173.58215
Germany,Nuclear,2022,86.81232
Hungary,Nuclear,2000,40.235962
Hungary,Nuclear,2001,39.822456
Hungary,Nuclear,2002,39.080982
Hungary,Nuclear,2003,30.648598
Hungary,Nuclear,2004,32.947613
Hungary,Nuclear,2005,38.01196
Hungary,Nuclear,2006,36.754436
Hungary,Nuclear,2007,39.824184
Hungary,Nuclear,2008,39.957035
Hungary,Nuclear,2009,41.339752
Hungary,Nuclear,2010,41.978386
Hungary,Nuclear,2011,41.5213
Hungary,Nuclear,2012,41.55379
Hungary,Nuclear,2013,40.19612
Hungary,Nuclear,2014,40.68078
Hungary,Nuclear,2015,40.918694
Hungary,Nuclear,2016,41.24049
Hungary,Nuclear,2017,41.10945
Hungary,Nuclear,2018,39.943398
Hungary,Nuclear,2019,41.199978
Hungary,Nuclear,2020,40.461433
Hungary,Nuclear,2021,40.15013
Hungary,Nuclear,2022,39.559464
India,Nuclear,2000,44.743122
India,Nuclear,2001,53.248417
India,Nuclear,2002,54.204597
India,Nuclear,2003,50.48722
India,Nuclear,2004,58.777546
India,Nuclear,2005,48.708836
India,Nuclear,2006,48.142445
India,Nuclear,2007,48.38428
India,Nuclear,2008,41.069977
India,Nuclear,2009,45.06526
India,Nuclear,2010,61.47768
India,Nuclear,2011,85.30224
India,Nuclear,2012,87.19555
India,Nuclear,2013,87.11104
India,Nuclear,2014,90.17042
India,Nuclear,2015,98.992966
India,Nuclear,2016,97.354065
India,Nuclear,2017,95.54765
India,Nuclear,2018,99.14305
India,Nuclear,2019,114.238106
India,Nuclear,2020,112.43298
India,Nuclear,2021,110.275894
India,Nuclear,2022,115.569664
Iran,Nuclear,2011,0.28346664
Iran,Nuclear,2012,3.8196535
Iran,Nuclear,2013,11.129087
Iran,Nuclear,2014,10.579254
Iran,Nuclear,2015,9.032548
Iran,Nuclear,2016,16.631624
Iran,Nuclear,2017,17.76808
Iran,Nuclear,2018,17.480797
Iran,Nuclear,2019,16.215496
Iran,Nuclear,2020,15.953461
Iran,Nuclear,2021,8.880182
Iran,Nuclear,2022,16.427147
Japan,Nuclear,2000,905.5122
Japan,Nuclear,2001,903.6253
Japan,Nuclear,2002,880.2068
Japan,Nuclear,2003,640.294
Japan,Nuclear,2004,790.4816
Japan,Nuclear,2005,805.1869
Japan,Nuclear,2006,830.8468
Japan,Nuclear,2007,757.0547
Japan,Nuclear,2008,678.83325
Japan,Nuclear,2009,736.0291
Japan,Nuclear,2010,778.66785
Japan,Nuclear,2011,431.30008
Japan,Nuclear,2012,47.33809
Japan,Nuclear,2013,38.190964
Japan,Nuclear,2015,11.6918125
Japan,Nuclear,2016,45.4135
Japan,Nuclear,2017,74.24665
Japan,Nuclear,2018,124.67241
Japan,Nuclear,2019,166.02455
Japan,Nuclear,2020,108.36635
Japan,Nuclear,2021,153.72713
Japan,Nuclear,2022,129.52798
Lithuania,Nuclear,2000,23.889038
Lithuania,Nuclear,2001,32.030495
Lithuania,Nuclear,2002,39.61035
Lithuania,Nuclear,2003,43.091156
Lithuania,Nuclear,2004,41.75927
Lithuania,Nuclear,2005,28.40483
Lithuania,Nuclear,2006,23.621572
Lithuania,Nuclear,2007,26.680332
Lithuania,Nuclear,2008,26.678562
Lithuania,Nuclear,2009,29.083614
Mexico,Nuclear,2000,23.327211
Mexico,Nuclear,2001,24.599375
Mexico,Nuclear,2002,27.299328
Mexico,Nuclear,2003,29.225142
Mexico,Nuclear,2004,25.423267
Mexico,Nuclear,2005,29.688858
Mexico,Nuclear,2006,29.669605
Mexico,Nuclear,2007,28.275322
Mexico,Nuclear,2008,26.43662
Mexico,Nuclear,2009,28.14158
Mexico,Nuclear,2010,15.658971
Mexico,Nuclear,2011,26.708054
Mexico,Nuclear,2012,23.074131
Mexico,Nuclear,2013,30.860197
Mexico,Nuclear,2014,25.157251
Mexico,Nuclear,2015,29.917238
Mexico,Nuclear,2016,27.145742
Mexico,Nuclear,2017,27.792253
Mexico,Nuclear,2018,34.413517
Mexico,Nuclear,2019,28.304321
Mexico,Nuclear,2020,28.170366
Mexico,Nuclear,2021,29.93832
Mexico,Nuclear,2022,27.143528
Netherlands,Nuclear,2000,11.1208105
Netherlands,Nuclear,2001,11.199033
Netherlands,Nuclear,2002,10.961441
Netherlands,Nuclear,2003,11.181851
Netherlands,Nuclear,2004,10.568726
Netherlands,Nuclear,2005,10.98389
Netherlands,Nuclear,2006,9.473091
Netherlands,Nuclear,2007,11.397018
Netherlands,Nuclear,2008,11.241493
Netherlands,Nuclear,2009,11.385002
Netherlands,Nuclear,2010,10.571615
Netherlands,Nuclear,2011,10.961433
Netherlands,Nuclear,2012,10.300189
Netherlands,Nuclear,2013,7.560463
Netherlands,Nuclear,2014,10.63592
Netherlands,Nuclear,2015,10.538332
Netherlands,Nuclear,2016,10.173457
Netherlands,Nuclear,2017,8.689123
Netherlands,Nuclear,2018,8.923401
Netherlands,Nuclear,2019,9.889584
Netherlands,Nuclear,2020,10.300877
Netherlands,Nuclear,2021,9.611815
Netherlands,Nuclear,2022,10.402621
Pakistan,Nuclear,2000,2.6835842
Pakistan,Nuclear,2001,5.880499
Pakistan,Nuclear,2002,5.310293
Pakistan,Nuclear,2003,5.3008504
Pakistan,Nuclear,2004,6.67801
Pakistan,Nuclear,2005,6.973385
Pakistan,Nuclear,2006,6.9161906
Pakistan,Nuclear,2007,6.2894115
Pakistan,Nuclear,2008,4.7105193
Pakistan,Nuclear,2009,6.8172092
Pakistan,Nuclear,2010,6.7704353
Pakistan,Nuclear,2011,10.4332905
Pakistan,Nuclear,2012,7.144079
Pakistan,Nuclear,2013,11.148404
Pakistan,Nuclear,2014,12.140254
Pakistan,Nuclear,2015,11.125059
Pakistan,Nuclear,2016,13.589858
Pakistan,Nuclear,2017,20.728819
Pakistan,Nuclear,2018,23.48021
Pakistan,Nuclear,2019,23.227259
Pakistan,Nuclear,2020,24.067062
Pakistan,Nuclear,2021,39.40852
Pakistan,Nuclear,2022,55.746376
Romania,Nuclear,2000,15.481482
Romania,Nuclear,2001,15.352761
Romania,Nuclear,2002,15.441371
Romania,Nuclear,2003,13.653139
Romania,Nuclear,2004,15.341449
Romania,Nuclear,2005,15.263585
Romania,Nuclear,2006,15.377831
Romania,Nuclear,2007,20.917397
Romania,Nuclear,2008,30.271137
Romania,Nuclear,2009,31.493893
Romania,Nuclear,2010,30.957096
Romania,Nuclear,2011,31.097115
Romania,Nuclear,2012,30.169294
Romania,Nuclear,2013,30.385601
Romania,Nuclear,2014,30.35235
Romania,Nuclear,2015,30.079683
Romania,Nuclear,2016,28.992317
Romania,Nuclear,2017,29.391262
Romania,Nuclear,2018,28.884258
Romania,Nuclear,2019,28.532404
Romania,Nuclear,2020,28.896343
Romania,Nuclear,2021,28.33359
Romania,Nuclear,2022,27.742414
Russia,Nuclear,2000,370.90576
Russia,Nuclear,2001,386.032
Russia,Nuclear,2002,396.6889
Russia,Nuclear,2003,418.39386
Russia,Nuclear,2004,400.1469
Russia,Nuclear,2005,410.6358
Russia,Nuclear,2006,427.13892
Russia,Nuclear,2007,434.29578
Russia,Nuclear,2008,439.75906
Russia,Nuclear,2009,438.38068
Russia,Nuclear,2010,453.88834
Russia,Nuclear,2011,457.8091
Russia,Nuclear,2012,467.11835
Russia,Nuclear,2013,451.1604
Russia,Nuclear,2014,469.90405
Russia,Nuclear,2015,505.12732
Russia,Nuclear,2016,505.07767
Russia,Nuclear,2017,518.77405
Russia,Nuclear,2018,519.3963
Russia,Nuclear,2019,528.6227
Russia,Nuclear,2020,544.1421
Russia,Nuclear,2021,558.4149
Russia,Nuclear,2022,559.64996
Slovakia,Nuclear,2000,46.80197
Slovakia,Nuclear,2001,48.214886
Slovakia,Nuclear,2002,50.284588
Slovakia,Nuclear,2003,49.71457
Slovakia,Nuclear,2004,47.08066
Slovakia,Nuclear,2005,48.708836
Slovakia,Nuclear,2006,49.180664
Slovakia,Nuclear,2007,41.606873
Slovakia,Nuclear,2008,45.039978
Slovakia,Nuclear,2009,37.735325
Slovakia,Nuclear,2010,38.81689
Slovakia,Nuclear,2011,40.795902
Slovakia,Nuclear,2012,40.769672
Slovakia,Nuclear,2013,41.112514
Slovakia,Nuclear,2014,40.291813
Slovakia,Nuclear,2015,39.13977
Slovakia,Nuclear,2016,37.95255
Slovakia,Nuclear,2017,38.513306
Slovakia,Nuclear,2018,37.683838
Slovakia,Nuclear,2019,38.65534
Slovakia,Nuclear,2020,38.921604
Slovakia,Nuclear,2021,39.49728
Slovakia,Nuclear,2022,39.768406
Slovenia,Nuclear,2000,13.509408
Slovenia,Nuclear,2001,14.819954
Slovenia,Nuclear,2002,15.483385
Slovenia,Nuclear,2003,14.490807
Slovenia,Nuclear,2004,15.095344
Slovenia,Nuclear,2005,16.167585
Slovenia,Nuclear,2006,15.148475
Slovenia,Nuclear,2007,15.452662
Slovenia,Nuclear,2008,16.915272
Slovenia,Nuclear,2009,15.379804
Slovenia,Nuclear,2010,15.067047
Slovenia,Nuclear,2011,16.452309
Slovenia,Nuclear,2012,14.544998
Slovenia,Nuclear,2013,13.861089
Slovenia,Nuclear,2014,16.559702
Slovenia,Nuclear,2015,14.5953665
Slovenia,Nuclear,2016,14.681117
Slovenia,Nuclear,2017,16.051098
Slovenia,Nuclear,2018,14.665391
Slovenia,Nuclear,2019,14.724686
Slovenia,Nuclear,2020,16.010092
Slovenia,Nuclear,2021,14.327372
Slovenia,Nuclear,2022,14.023834
South Africa,Nuclear,2000,36.91607
South Africa,Nuclear,2001,30.217817
South Africa,Nuclear,2002,33.585613
South Africa,Nuclear,2003,35.24046
South Africa,Nuclear,2004,36.957523
South Africa,Nuclear,2005,31.029053
South Africa,Nuclear,2006,27.375378
South Africa,Nuclear,2007,30.707249
South Africa,Nuclear,2008,35.065548
South Africa,Nuclear,2009,34.31848
South Africa,Nuclear,2010,36.028275
South Africa,Nuclear,2011,34.154095
South Africa,Nuclear,2012,34.119267
South Africa,Nuclear,2013,36.891415
South Africa,Nuclear,2014,35.859425
South Africa,Nuclear,2015,31.62243
South Africa,Nuclear,2016,38.599903
South Africa,Nuclear,2017,36.245564
South Africa,Nuclear,2018,29.399641
South Africa,Nuclear,2019,33.520515
South Africa,Nuclear,2020,24.957308
South Africa,Nuclear,2021,31.02282
South Africa,Nuclear,2022,25.268139
South America,Nuclear,2000,34.682945
South America,Nuclear,2001,60.15373
South America,Nuclear,2002,55.057323
South America,Nuclear,2003,58.23039
South America,Nuclear,2004,53.866516
South America,Nuclear,2005,45.96386
South America,Nuclear,2006,58.636448
South America,Nuclear,2007,53.19233
South America,Nuclear,2008,57.60463
South America,Nuclear,2009,56.652557
South America,Nuclear,2010,57.88483
South America,Nuclear,2011,58.395443
South America,Nuclear,2012,59.04406
South America,Nuclear,2013,56.63874
South America,Nuclear,2014,54.31287
South America,Nuclear,2015,56.26543
South America,Nuclear,2016,62.036633
South America,Nuclear,2017,55.741493
South America,Nuclear,2018,57.240158
South America,Nuclear,2019,62.151123
South America,Nuclear,2020,60.644512
South America,Nuclear,2021,62.45845
South America,Nuclear,2022,55.110207
South Korea,Nuclear,2000,309.18625
South Korea,Nuclear,2001,316.11307
South Korea,Nuclear,2002,333.59552
South Korea,Nuclear,2003,360.8697
South Korea,Nuclear,2004,361.4554
South Korea,Nuclear,2005,403.30768
South Korea,Nuclear,2006,406.14975
South Korea,Nuclear,2007,387.84192
South Korea,Nuclear,2008,407.06113
South Korea,Nuclear,2009,396.00732
South Korea,Nuclear,2010,395.7749
South Korea,Nuclear,2011,409.58206
South Korea,Nuclear,2012,395.53366
South Korea,Nuclear,2013,362.9617
South Korea,Nuclear,2014,406.60052
South Korea,Nuclear,2015,425.77332
South Korea,Nuclear,2016,416.14508
South Korea,Nuclear,2017,379.04672
South Korea,Nuclear,2018,338.94702
South Korea,Nuclear,2019,369.0739
South Korea,Nuclear,2020,403.69125
South Korea,Nuclear,2021,396.76874
South Korea,Nuclear,2022,440.45123
South and Central America (EI),Nuclear,2000,34.68294
South and Central America (EI),Nuclear,2001,60.153725
South and Central America (EI),Nuclear,2002,55.057327
South and Central America (EI),Nuclear,2003,58.23039
South and Central America (EI),Nuclear,2004,53.866512
South and Central America (EI),Nuclear,2005,45.96386
South and Central America (EI),Nuclear,2006,58.636448
South and Central America (EI),Nuclear,2007,53.192326
South and Central America (EI),Nuclear,2008,57.60463
South and Central America (EI),Nuclear,2009,56.652557
South and Central America (EI),Nuclear,2010,57.88483
South and Central America (EI),Nuclear,2011,58.395443
South and Central America (EI),Nuclear,2012,59.04406
South and Central America (EI),Nuclear,2013,56.63874
South and Central America (EI),Nuclear,2014,54.31287
South and Central America (EI),Nuclear,2015,56.26543
South and Central America (EI),Nuclear,2016,62.036633
South and Central America (EI),Nuclear,2017,55.741497
South and Central America (EI),Nuclear,2018,57.240154
South and Central America (EI),Nuclear,2019,62.15112
South and Central America (EI),Nuclear,2020,60.644512
South and Central America (EI),Nuclear,2021,62.458447
South and Central America (EI),Nuclear,2022,55.110207
Spain,Nuclear,2000,176.51044
Spain,Nuclear,2001,179.59854
Spain,Nuclear,2002,176.50163
Spain,Nuclear,2003,172.19487
Spain,Nuclear,2004,175.88467
Spain,Nuclear,2005,158.10107
Spain,Nuclear,2006,164.17036
Spain,Nuclear,2007,149.51501
Spain,Nuclear,2008,159.0219
Spain,Nuclear,2009,141.3937
Spain,Nuclear,2010,164.10324
Spain,Nuclear,2011,152.82515
Spain,Nuclear,2012,161.7368
Spain,Nuclear,2013,148.36945
Spain,Nuclear,2014,148.97234
Spain,Nuclear,2015,148.0856
Spain,Nuclear,2016,150.58475
Spain,Nuclear,2017,148.40436
Spain,Nuclear,2018,141.58035
Spain,Nuclear,2019,147.41031
Spain,Nuclear,2020,146.92485
Spain,Nuclear,2021,142.02953
Spain,Nuclear,2022,146.59856
Sweden,Nuclear,2000,162.635
Sweden,Nuclear,2001,203.28172
Sweden,Nuclear,2002,190.77223
Sweden,Nuclear,2003,187.61238
Sweden,Nuclear,2004,214.77751
Sweden,Nuclear,2005,199.73392
Sweden,Nuclear,2006,182.87721
Sweden,Nuclear,2007,181.71257
Sweden,Nuclear,2008,172.27795
Sweden,Nuclear,2009,139.81671
Sweden,Nuclear,2010,153.75449
Sweden,Nuclear,2011,160.09007
Sweden,Nuclear,2012,168.49078
Sweden,Nuclear,2013,173.80373
Sweden,Nuclear,2014,168.65567
Sweden,Nuclear,2015,145.61314
Sweden,Nuclear,2016,162.09827
Sweden,Nuclear,2017,167.77182
Sweden,Nuclear,2018,174.03444
Sweden,Nuclear,2019,167.27335
Sweden,Nuclear,2020,123.98768
Sweden,Nuclear,2021,132.9927
Sweden,Nuclear,2022,128.95059
Switzerland,Nuclear,2000,74.51912
Switzerland,Nuclear,2001,75.05603
Switzerland,Nuclear,2002,75.74818
Switzerland,Nuclear,2003,75.96274
Switzerland,Nuclear,2004,74.026436
Switzerland,Nuclear,2005,63.68926
Switzerland,Nuclear,2006,75.429085
Switzerland,Nuclear,2007,75.24328
Switzerland,Nuclear,2008,74.17418
Switzerland,Nuclear,2009,73.67964
Switzerland,Nuclear,2010,70.665115
Switzerland,Nuclear,2011,71.22344
Switzerland,Nuclear,2012,67.42668
Switzerland,Nuclear,2013,68.46855
Switzerland,Nuclear,2014,72.16052
Switzerland,Nuclear,2015,60.102245
Switzerland,Nuclear,2016,54.717026
Switzerland,Nuclear,2017,52.416668
Switzerland,Nuclear,2018,61.98297
Switzerland,Nuclear,2019,63.94496
Switzerland,Nuclear,2020,57.938854
Switzerland,Nuclear,2021,46.52795
Switzerland,Nuclear,2022,57.82401
Taiwan,Nuclear,2000,109.25224
Taiwan,Nuclear,2001,100.0394
Taiwan,Nuclear,2002,110.783844
Taiwan,Nuclear,2003,108.2332
Taiwan,Nuclear,2004,109.19878
Taiwan,Nuclear,2005,109.83189
Taiwan,Nuclear,2006,108.86396
Taiwan,Nuclear,2007,109.99789
Taiwan,Nuclear,2008,110.090454
Taiwan,Nuclear,2009,111.40543
Taiwan,Nuclear,2010,110.875275
Taiwan,Nuclear,2011,111.49051
Taiwan,Nuclear,2012,106.35564
Taiwan,Nuclear,2013,108.899414
Taiwan,Nuclear,2014,110.196045
Taiwan,Nuclear,2015,94.247406
Taiwan,Nuclear,2016,81.33406
Taiwan,Nuclear,2017,57.32057
Taiwan,Nuclear,2018,70.27051
Taiwan,Nuclear,2019,81.76109
Taiwan,Nuclear,2020,79.23497
Taiwan,Nuclear,2021,69.77422
Taiwan,Nuclear,2022,59.42972
Ukraine,Nuclear,2000,219.45624
Ukraine,Nuclear,2001,214.72722
Ukraine,Nuclear,2002,218.44232
Ukraine,Nuclear,2003,226.5486
Ukraine,Nuclear,2004,240.6351
Ukraine,Nuclear,2005,243.87663
Ukraine,Nuclear,2006,246.35384
Ukraine,Nuclear,2007,251.10101
Ukraine,Nuclear,2008,242.25809
Ukraine,Nuclear,2009,222.22597
Ukraine,Nuclear,2010,237.45049
Ukraine,Nuclear,2011,238.90314
Ukraine,Nuclear,2012,237.16504
Ukraine,Nuclear,2013,217.61649
Ukraine,Nuclear,2014,229.77979
Ukraine,Nuclear,2015,226.44368
Ukraine,Nuclear,2016,207.95038
Ukraine,Nuclear,2017,218.54137
Ukraine,Nuclear,2018,214.27235
Ukraine,Nuclear,2019,209.9527
Ukraine,Nuclear,2020,192.04425
Ukraine,Nuclear,2021,216.45795
Ukraine,Nuclear,2022,155.28139
United Arab Emirates,Nuclear,2020,4.100038
United Arab Emirates,Nuclear,2021,26.48605
United Arab Emirates,Nuclear,2022,50.297695
United Kingdom,Nuclear,2000,241.36687
United Kingdom,Nuclear,2001,253.97932
United Kingdom,Nuclear,2002,246.05467
United Kingdom,Nuclear,2003,246.8092
United Kingdom,Nuclear,2004,221.21526
United Kingdom,Nuclear,2005,224.2637
United Kingdom,Nuclear,2006,206.0134
United Kingdom,Nuclear,2007,171.01944
United Kingdom,Nuclear,2008,141.52905
United Kingdom,Nuclear,2009,185.17319
United Kingdom,Nuclear,2010,165.50493
United Kingdom,Nuclear,2011,182.60461
United Kingdom,Nuclear,2012,185.2463
United Kingdom,Nuclear,2013,184.65814
United Kingdom,Nuclear,2014,165.72168
United Kingdom,Nuclear,2015,181.78285
United Kingdom,Nuclear,2016,184.2553
United Kingdom,Nuclear,2017,179.62227
United Kingdom,Nuclear,2018,165.18587
United Kingdom,Nuclear,2019,142.11565
United Kingdom,Nuclear,2020,126.71019
United Kingdom,Nuclear,2021,115.26251
United Kingdom,Nuclear,2022,119.393456
United States of America,Nuclear,2000,2251.771
United States of America,Nuclear,2001,2281.4634
United States of America,Nuclear,2002,2299.8767
United States of America,Nuclear,2003,2237.2922
United States of America,Nuclear,2004,2295.2163
United States of America,Nuclear,2005,2261.768
United States of America,Nuclear,2006,2262.5813
United States of America,Nuclear,2007,2303.2964
United States of America,Nuclear,2008,2288.3762
United States of America,Nuclear,2009,2253.5059
United States of America,Nuclear,2010,2262.4282
United States of America,Nuclear,2011,2201.92
United States of America,Nuclear,2012,2130.7642
United States of America,Nuclear,2013,2172.1208
United States of America,Nuclear,2014,2181.4148
United States of America,Nuclear,2015,2168.4624
United States of America,Nuclear,2016,2178.6594
United States of America,Nuclear,2017,2163.843
United States of America,Nuclear,2018,2156.8943
United States of America,Nuclear,2019,2155.1316
United States of America,Nuclear,2020,2095.4043
United States of America,Nuclear,2021,2060.6848
United States of America,Nuclear,2022,2031.8195
Algeria,Wind,2014,0.002709097
Algeria,Wind,2015,0.05116639
Algeria,Wind,2016,0.051003054
Algeria,Wind,2017,0.050564446
Algeria,Wind,2018,0.026457276
Algeria,Wind,2019,0.02635972
Algeria,Wind,2020,0.020222416
Algeria,Wind,2021,0.027475111
Algeria,Wind,2022,0.027374918
Argentina,Wind,2000,0.102779165
Argentina,Wind,2001,0.14501223
Argentina,Wind,2002,0.21425694
Argentina,Wind,2003,0.22607638
Argentina,Wind,2004,0.20876417
Argentina,Wind,2005,0.20536307
Argentina,Wind,2006,0.19815388
Argentina,Wind,2007,0.17416167
Argentina,Wind,2008,0.117885
Argentina,Wind,2009,0.10285972
Argentina,Wind,2010,0.07036527
Argentina,Wind,2011,0.07335416
Argentina,Wind,2012,1.0141377
Argentina,Wind,2013,1.2355814
Argentina,Wind,2014,1.6782616
Argentina,Wind,2015,1.5978347
Argentina,Wind,2016,1.4653004
Argentina,Wind,2017,1.6275572
Argentina,Wind,2018,3.7377324
Argentina,Wind,2019,13.169229
Argentina,Wind,2020,24.71506
Argentina,Wind,2021,33.85339
Argentina,Wind,2022,36.92865
Australia,Wind,2000,0.39623666
Australia,Wind,2001,0.84314525
Australia,Wind,2002,1.5573441
Australia,Wind,2003,2.0418324
Australia,Wind,2004,2.2909133
Australia,Wind,2005,3.7197175
Australia,Wind,2006,6.152049
Australia,Wind,2007,8.064658
Australia,Wind,2008,9.718445
Australia,Wind,2009,12.393357
Australia,Wind,2010,13.836261
Australia,Wind,2011,17.743668
Australia,Wind,2012,21.181452
Australia,Wind,2013,25.234642
Australia,Wind,2014,26.48685
Australia,Wind,2015,31.865946
Australia,Wind,2016,34.90778
Australia,Wind,2017,35.15775
Australia,Wind,2018,43.024693
Australia,Wind,2019,51.326828
Australia,Wind,2020,59.372234
Australia,Wind,2021,70.11614
Australia,Wind,2022,82.522026
Austria,Wind,2000,0.19811833
Austria,Wind,2001,0.50529945
Austria,Wind,2002,0.59252334
Austria,Wind,2003,1.0614452
Austria,Wind,2004,2.6626463
Austria,Wind,2005,3.8119957
Austria,Wind,2006,4.987406
Austria,Wind,2007,5.760387
Austria,Wind,2008,5.65175
Austria,Wind,2009,5.457072
Austria,Wind,2010,5.728555
Austria,Wind,2011,5.341407
Austria,Wind,2012,6.750725
Austria,Wind,2013,8.593873
Austria,Wind,2014,10.418562
Austria,Wind,2015,13.034909
Austria,Wind,2016,14.013859
Austria,Wind,2017,17.488697
Austria,Wind,2018,15.95487
Austria,Wind,2019,19.638197
Austria,Wind,2020,17.836521
Austria,Wind,2021,17.63651
Austria,Wind,2022,18.889414
Azerbaijan,Wind,2009,0.005864695
Azerbaijan,Wind,2010,0.001387789
Azerbaijan,Wind,2013,0.002180333
Azerbaijan,Wind,2014,0.006230917
Azerbaijan,Wind,2015,0.012387666
Azerbaijan,Wind,2016,0.061036386
Azerbaijan,Wind,2017,0.058814444
Azerbaijan,Wind,2018,0.21880165
Azerbaijan,Wind,2019,0.27783138
Azerbaijan,Wind,2020,0.2523864
Azerbaijan,Wind,2021,0.23916416
Azerbaijan,Wind,2022,0.21717444
Bangladesh,Wind,2006,0.004552639
Bangladesh,Wind,2007,0.004524194
Bangladesh,Wind,2008,0.008149167
Bangladesh,Wind,2009,0.014242834
Bangladesh,Wind,2010,0.014155444
Bangladesh,Wind,2011,0.014069139
Bangladesh,Wind,2012,0.013983861
Bangladesh,Wind,2013,0.013847861
Bangladesh,Wind,2014,0.013764916
Bangladesh,Wind,2015,0.013683
Bangladesh,Wind,2016,0.013602028
Bangladesh,Wind,2017,0.013522027
Bangladesh,Wind,2018,0.013442944
Bangladesh,Wind,2019,0.013393388
Bangladesh,Wind,2020,0.013380722
Bangladesh,Wind,2021,0.013295333
Bangladesh,Wind,2022,0.01324686
Belarus,Wind,2004,0.00291075
Belarus,Wind,2005,0.002863417
Belarus,Wind,2006,0.002845417
Belarus,Wind,2007,0.002827611
Belarus,Wind,2008,0.002810056
Belarus,Wind,2009,0.002792722
Belarus,Wind,2010,0.002775578
Belarus,Wind,2011,0.011034611
Belarus,Wind,2012,0.01645161
Belarus,Wind,2013,0.021803332
Belarus,Wind,2014,0.024381889
Belarus,Wind,2015,0.105025835
Belarus,Wind,2016,0.1954236
Belarus,Wind,2017,0.25814527
Belarus,Wind,2018,0.26192692
Belarus,Wind,2019,0.43757138
Belarus,Wind,2020,0.4858636
Belarus,Wind,2021,0.48146945
Belarus,Wind,2022,0.47971362
Belgium,Wind,2000,0.047311943
Belgium,Wind,2001,0.10869805
Belgium,Wind,2002,0.16637361
Belgium,Wind,2003,0.25521082
Belgium,Wind,2004,0.4091947
Belgium,Wind,2005,0.64999497
Belgium,Wind,2006,1.041418
Belgium,Wind,2007,1.3883618
Belgium,Wind,2008,1.7900069
Belgium,Wind,2009,2.781541
Belgium,Wind,2010,3.586048
Belgium,Wind,2011,6.3780093
Belgium,Wind,2012,7.565822
Belgium,Wind,2013,9.988656
Belgium,Wind,2014,12.503299
Belgium,Wind,2015,15.010628
Belgium,Wind,2016,14.508204
Belgium,Wind,2017,17.353476
Belgium,Wind,2018,20.039003
Belgium,Wind,2019,25.714964
Belgium,Wind,2020,33.66535
Belgium,Wind,2021,31.393843
Belgium,Wind,2022,31.04347
Brazil,Wind,2000,0.002957
Brazil,Wind,2001,0.102528885
Brazil,Wind,2002,0.1780489
Brazil,Wind,2003,0.1769075
Brazil,Wind,2004,0.17578083
Brazil,Wind,2005,0.26601112
Brazil,Wind,2006,0.6743608
Brazil,Wind,2007,1.8740958
Brazil,Wind,2008,3.3242989
Brazil,Wind,2009,3.4573774
Brazil,Wind,2010,6.0412083
Brazil,Wind,2011,7.4615235
Brazil,Wind,2012,13.846774
Brazil,Wind,2013,17.921974
Brazil,Wind,2014,33.078766
Brazil,Wind,2015,58.237415
Brazil,Wind,2016,89.65097
Brazil,Wind,2017,112.76754
Brazil,Wind,2018,128.252
Brazil,Wind,2019,147.57654
Brazil,Wind,2020,149.83165
Brazil,Wind,2021,189.14905
Brazil,Wind,2022,212.8245
Bulgaria,Wind,2004,0.002881639
Bulgaria,Wind,2005,0.014317055
Bulgaria,Wind,2006,0.056908052
Bulgaria,Wind,2007,0.13289805
Bulgaria,Wind,2008,0.3428272
Bulgaria,Wind,2009,0.66187274
Bulgaria,Wind,2010,1.8901691
Bulgaria,Wind,2011,2.3752015
Bulgaria,Wind,2012,3.347903
Bulgaria,Wind,2013,3.7433941
Bulgaria,Wind,2014,3.6046631
Bulgaria,Wind,2015,3.908879
Bulgaria,Wind,2016,3.8146982
Bulgaria,Wind,2017,4.002751
Bulgaria,Wind,2018,3.4873936
Bulgaria,Wind,2019,3.4715438
Bulgaria,Wind,2020,3.879373
Bulgaria,Wind,2021,3.7511659
Bulgaria,Wind,2022,3.9064748
Canada,Wind,2000,0.78064525
Canada,Wind,2001,0.9665322
Canada,Wind,2002,1.182128
Canada,Wind,2003,2.0010855
Canada,Wind,2004,2.723161
Canada,Wind,2005,4.4882703
Canada,Wind,2006,7.0368724
Canada,Wind,2007,8.503444
Canada,Wind,2008,10.645945
Canada,Wind,2009,18.54822
Canada,Wind,2010,24.214682
Canada,Wind,2011,28.106756
Canada,Wind,2012,31.01537
Canada,Wind,2013,30.37599
Canada,Wind,2014,34.7227
Canada,Wind,2015,72.619736
Canada,Wind,2016,82.80911
Canada,Wind,2017,83.86688
Canada,Wind,2018,88.55608
Canada,Wind,2019,86.6591
Canada,Wind,2020,93.92787
Canada,Wind,2021,90.94714
Canada,Wind,2022,97.83473
Chile,Wind,2001,0.020564528
Chile,Wind,2002,0.020431831
Chile,Wind,2003,0.020300861
Chile,Wind,2004,0.01440825
Chile,Wind,2005,0.020043889
Chile,Wind,2006,0.019917833
Chile,Wind,2007,0.031669445
Chile,Wind,2008,0.10712833
Chile,Wind,2009,0.22066388
Chile,Wind,2010,0.90296805
Chile,Wind,2011,0.9313097
Chile,Wind,2012,1.119772
Chile,Wind,2013,1.4855585
Chile,Wind,2014,3.9095538
Chile,Wind,2015,5.694689
Chile,Wind,2016,6.5636663
Chile,Wind,2017,9.648666
Chile,Wind,2018,9.492591
Chile,Wind,2019,12.903667
Chile,Wind,2020,14.713266
Chile,Wind,2021,19.960268
Chile,Wind,2022,24.41743
China,Wind,2000,1.7443249
China,Wind,2001,2.1128333
China,Wind,2002,2.4441555
China,Wind,2003,2.8913352
China,Wind,2004,3.6821108
China,Wind,2005,5.5723767
China,Wind,2006,10.5616255
China,Wind,2007,15.493363
China,Wind,2008,36.81176
China,Wind,2009,77.120735
China,Wind,2010,137.11253
China,Wind,2011,204.41629
China,Wind,2012,282.55618
China,Wind,2013,376.8275
China,Wind,2014,432.8128
China,Wind,2015,499.7926
China,Wind,2016,644.79254
China,Wind,2017,810.629
China,Wind,2018,967.807
China,Wind,2019,1068.3596
China,Wind,2020,1225.164
China,Wind,2021,1716.0167
China,Wind,2022,1988.4497
Colombia,Wind,2004,0.14981695
Colombia,Wind,2005,0.14168166
Colombia,Wind,2006,0.17920749
Colombia,Wind,2007,0.14107278
Colombia,Wind,2008,0.15151305
Colombia,Wind,2009,0.1611614
Colombia,Wind,2010,0.10705388
Colombia,Wind,2011,0.113855
Colombia,Wind,2012,0.15040806
Colombia,Wind,2013,0.15705167
Colombia,Wind,2014,0.19026083
Colombia,Wind,2015,0.18413861
Colombia,Wind,2016,0.13622722
Colombia,Wind,2017,0.008173944
Colombia,Wind,2018,0.11493027
Colombia,Wind,2019,0.16690972
Colombia,Wind,2020,0.026578056
Colombia,Wind,2021,0.15823056
Colombia,Wind,2022,0.19522221
Croatia,Wind,2004,0.005763306
Croatia,Wind,2005,0.028634166
Croatia,Wind,2006,0.054062776
Croatia,Wind,2007,0.098683886
Croatia,Wind,2008,0.11212139
Croatia,Wind,2009,0.151365
Croatia,Wind,2010,0.38608304
Croatia,Wind,2011,0.55448973
Croatia,Wind,2012,0.90140027
Croatia,Wind,2013,1.4098231
Croatia,Wind,2014,1.9775602
Croatia,Wind,2015,2.1444001
Croatia,Wind,2016,2.7151802
Croatia,Wind,2017,3.2041936
Croatia,Wind,2018,3.533104
Croatia,Wind,2019,3.867762
Croatia,Wind,2020,4.519056
Croatia,Wind,2021,5.395065
Croatia,Wind,2022,5.9938273
Cyprus,Wind,2004,0.001022986
Cyprus,Wind,2005,0.001016511
Cyprus,Wind,2006,0.001010119
Cyprus,Wind,2007,0.001006633
Cyprus,Wind,2008,0.001000381
Cyprus,Wind,2009,0.000994206
Cyprus,Wind,2010,0.08604305
Cyprus,Wind,2011,0.31448668
Cyprus,Wind,2012,0.50725806
Cyprus,Wind,2013,0.6295717
Cyprus,Wind,2014,0.49820304
Cyprus,Wind,2015,0.5974547
Cyprus,Wind,2016,0.6068872
Cyprus,Wind,2017,0.56273
Cyprus,Wind,2018,0.5836739
Cyprus,Wind,2019,0.6288508
Cyprus,Wind,2020,0.6313808
Cyprus,Wind,2021,0.64495337
Cyprus,Wind,2022,0.58469164
Czechia,Wind,2001,0.000587558
Czechia,Wind,2002,0.004670139
Czechia,Wind,2003,0.011310472
Czechia,Wind,2004,0.028528333
Czechia,Wind,2005,0.06093333
Czechia,Wind,2006,0.14049195
Czechia,Wind,2007,0.35372972
Czechia,Wind,2008,0.6875116
Czechia,Wind,2009,0.8044883
Czechia,Wind,2010,0.9311872
Czechia,Wind,2011,1.0951942
Czechia,Wind,2012,1.1401433
Czechia,Wind,2013,1.3096149
Czechia,Wind,2014,1.2910057
Czechia,Wind,2015,1.5420272
Czechia,Wind,2016,1.3303813
Czechia,Wind,2017,1.5729246
Czechia,Wind,2018,1.6121203
Czechia,Wind,2019,1.8452703
Czechia,Wind,2020,1.8359956
Czechia,Wind,2021,1.5740203
Czechia,Wind,2022,1.6720064
Denmark,Wind,2000,12.5411825
Denmark,Wind,2001,12.650172
Denmark,Wind,2002,14.234978
Denmark,Wind,2003,16.12696
Denmark,Wind,2004,18.970236
Denmark,Wind,2005,18.938618
Denmark,Wind,2006,17.379614
Denmark,Wind,2007,20.277435
Denmark,Wind,2008,19.46752
Denmark,Wind,2009,18.768421
Denmark,Wind,2010,21.675667
Denmark,Wind,2011,26.963594
Denmark,Wind,2012,28.15951
Denmark,Wind,2013,30.31557
Denmark,Wind,2014,35.430946
Denmark,Wind,2015,38.060024
Denmark,Wind,2016,34.217175
Denmark,Wind,2017,39.33387
Denmark,Wind,2018,36.78078
Denmark,Wind,2019,42.570515
Denmark,Wind,2020,42.887863
Denmark,Wind,2021,42.009354
Denmark,Wind,2022,49.540455
Ecuador,Wind,2007,0.002720553
Ecuador,Wind,2008,0.007537861
Ecuador,Wind,2009,0.008949
Ecuador,Wind,2010,0.009533694
Ecuador,Wind,2011,0.009226778
Ecuador,Wind,2012,0.006576167
Ecuador,Wind,2013,0.15453917
Ecuador,Wind,2014,0.21603027
Ecuador,Wind,2015,0.26608276
Ecuador,Wind,2016,0.22476083
Ecuador,Wind,2017,0.1953386
Ecuador,Wind,2018,0.21234028
Ecuador,Wind,2019,0.22544666
Ecuador,Wind,2020,0.20248693
Ecuador,Wind,2021,0.16226026
Ecuador,Wind,2022,0.15799223
Egypt,Wind,2000,0.23803777
Egypt,Wind,2001,0.5258642
Egypt,Wind,2002,0.6202525
Egypt,Wind,2003,0.8294355
Egypt,Wind,2004,1.4524981
Egypt,Wind,2005,1.4606591
Egypt,Wind,2006,1.7216423
Egypt,Wind,2007,1.8731189
Egypt,Wind,2008,2.6128287
Egypt,Wind,2009,2.8965838
Egypt,Wind,2010,3.9111888
Egypt,Wind,2011,4.123706
Egypt,Wind,2012,3.6637826
Egypt,Wind,2013,4.296848
Egypt,Wind,2014,2.7852988
Egypt,Wind,2015,5.1019583
Egypt,Wind,2016,6.416037
Egypt,Wind,2017,5.6141944
Egypt,Wind,2018,7.903716
Egypt,Wind,2019,13.126317
Egypt,Wind,2020,13.741634
Egypt,Wind,2021,14.0787325
Egypt,Wind,2022,13.409331
Estonia,Wind,2002,0.004086361
Estonia,Wind,2003,0.017690748
Estonia,Wind,2004,0.021900555
Estonia,Wind,2005,0.15433805
Estonia,Wind,2006,0.21710443
Estonia,Wind,2007,0.2573136
Estonia,Wind,2008,0.37373778
Estonia,Wind,2009,0.5445789
Estonia,Wind,2010,0.7688353
Estonia,Wind,2011,1.015185
Estonia,Wind,2012,1.1899999
Estonia,Wind,2013,1.441746
Estonia,Wind,2014,1.636295
Estonia,Wind,2015,1.9254752
Estonia,Wind,2016,1.5901601
Estonia,Wind,2017,1.924113
Estonia,Wind,2018,1.6826824
Estonia,Wind,2019,1.810913
Estonia,Wind,2020,2.216588
Estonia,Wind,2021,1.9180242
Estonia,Wind,2022,1.7236431
Europe,Wind,2000,66.27327
Europe,Wind,2001,78.92258
Europe,Wind,2002,106.34845
Europe,Wind,2003,130.07536
Europe,Wind,2004,172.17694
Europe,Wind,2005,204.94583
Europe,Wind,2006,238.04192
Europe,Wind,2007,300.19525
Europe,Wind,2008,340.9418
Europe,Wind,2009,376.09534
Europe,Wind,2010,417.77133
Europe,Wind,2011,502.72922
Europe,Wind,2012,573.5852
Europe,Wind,2013,655.6612
Europe,Wind,2014,694.61096
Europe,Wind,2015,828.0812
Europe,Wind,2016,823.2466
Europe,Wind,2017,975.38025
Europe,Wind,2018,1015.0296
Europe,Wind,2019,1155.062
Europe,Wind,2020,1285.6653
Europe,Wind,2021,1234.4569
Europe,Wind,2022,1365.5275
Finland,Wind,2000,0.23064528
Finland,Wind,2001,0.20564526
Finland,Wind,2002,0.18680528
Finland,Wind,2003,0.26971164
Finland,Wind,2004,0.34678942
Finland,Wind,2005,0.48661417
Finland,Wind,2006,0.44286165
Finland,Wind,2007,0.5327464
Finland,Wind,2008,0.73207635
Finland,Wind,2009,0.7725311
Finland,Wind,2010,0.8169
Finland,Wind,2011,1.3279969
Finland,Wind,2012,1.3554015
Finland,Wind,2013,2.1086338
Finland,Wind,2014,2.9994373
Finland,Wind,2015,6.2675133
Finland,Wind,2016,8.213262
Finland,Wind,2017,12.761397
Finland,Wind,2018,15.447522
Finland,Wind,2019,15.881063
Finland,Wind,2020,20.847878
Finland,Wind,2021,21.404078
Finland,Wind,2022,31.0348
France,Wind,2000,0.14193554
France,Wind,2001,0.38485026
France,Wind,2002,0.7734911
France,Wind,2003,1.125248
France,Wind,2004,1.714583
France,Wind,2005,2.7546039
France,Wind,2006,6.208673
France,Wind,2007,11.508417
France,Wind,2008,16.000471
France,Wind,2009,22.095938
France,Wind,2010,27.603132
France,Wind,2011,33.968895
France,Wind,2012,41.42512
France,Wind,2013,43.754795
France,Wind,2014,46.73245
France,Wind,2015,57.495407
France,Wind,2016,57.042225
France,Wind,2017,65.31789
France,Wind,2018,75.4849
France,Wind,2019,91.245125
France,Wind,2020,104.39454
France,Wind,2021,96.22842
France,Wind,2022,99.09144
Germany,Wind,2000,28.091396
Germany,Wind,2001,30.846773
Germany,Wind,2002,46.117584
Germany,Wind,2003,55.354668
Germany,Wind,2004,74.9777
Germany,Wind,2005,79.52845
Germany,Wind,2006,89.129456
Germany,Wind,2007,114.538445
Germany,Wind,2008,116.29426
Germany,Wind,2009,110.08871
Germany,Wind,2010,106.990234
Germany,Wind,2011,137.53824
Germany,Wind,2012,141.70322
Germany,Wind,2013,143.73036
Germany,Wind,2014,158.47409
Germany,Wind,2015,217.1182
Germany,Wind,2016,213.95955
Germany,Wind,2017,281.27975
Germany,Wind,2018,290.90036
Germany,Wind,2019,331.8531
Germany,Wind,2020,346.93808
Germany,Wind,2021,299.99414
Germany,Wind,2022,326.6401
Greece,Wind,2000,1.3336022
Greece,Wind,2001,2.2209675
Greece,Wind,2002,1.9001614
Greece,Wind,2003,2.9610264
Greece,Wind,2004,3.2296546
Greece,Wind,2005,3.6263757
Greece,Wind,2006,4.835347
Greece,Wind,2007,5.140615
Greece,Wind,2008,6.3001504
Greece,Wind,2009,7.1018667
Greece,Wind,2010,7.532746
Greece,Wind,2011,9.145566
Greece,Wind,2012,10.556882
Greece,Wind,2013,11.280875
Greece,Wind,2014,9.99271
Greece,Wind,2015,12.444276
Greece,Wind,2016,13.775757
Greece,Wind,2017,14.735529
Greece,Wind,2018,16.668766
Greece,Wind,2019,19.15389
Greece,Wind,2020,24.451025
Greece,Wind,2021,27.430574
Greece,Wind,2022,28.364248
Hong Kong,Wind,2006,0.001974711
Hong Kong,Wind,2007,0.002445892
Hong Kong,Wind,2008,0.002267717
Hong Kong,Wind,2009,0.003069195
Hong Kong,Wind,2010,0.002889389
Hong Kong,Wind,2011,0.002394511
Hong Kong,Wind,2012,0.00288725
Hong Kong,Wind,2013,0.00227845
Hong Kong,Wind,2014,0.002438189
Hong Kong,Wind,2015,0.002184
Hong Kong,Wind,2016,0.001317103
Hong Kong,Wind,2017,0.002781056
Hong Kong,Wind,2018,0.001852008
Hong Kong,Wind,2019,0.001845181
Hong Kong,Wind,2020,0.00210103
Hong Kong,Wind,2021,0.002684711
Hong Kong,Wind,2022,0.002674919
Hungary,Wind,2001,0.002937778
Hungary,Wind,2002,0.002918833
Hungary,Wind,2003,0.0116005
Hungary,Wind,2004,0.017289916
Hungary,Wind,2005,0.028634166
Hungary,Wind,2006,0.1223525
Hungary,Wind,2007,0.31103832
Hungary,Wind,2008,0.5760619
Hungary,Wind,2009,0.92438775
Hungary,Wind,2010,1.46273
Hungary,Wind,2011,1.7269177
Hungary,Wind,2012,2.1145284
Hungary,Wind,2013,1.9565911
Hungary,Wind,2014,1.778631
Hungary,Wind,2015,1.8662297
Hungary,Wind,2016,1.8310938
Hungary,Wind,2017,2.017258
Hungary,Wind,2018,1.6059563
Hungary,Wind,2019,1.9216238
Hungary,Wind,2020,1.7202194
Hungary,Wind,2021,1.7374732
Hungary,Wind,2022,1.5760597
Iceland,Wind,2011,2.19E-05
Iceland,Wind,2013,0.014948222
Iceland,Wind,2014,0.022717249
Iceland,Wind,2015,0.029337779
Iceland,Wind,2016,0.024654916
Iceland,Wind,2017,0.021628
Iceland,Wind,2018,0.011543306
Iceland,Wind,2019,0.017316194
Iceland,Wind,2020,0.017491888
Iceland,Wind,2021,0.01592772
Iceland,Wind,2022,0.014946695
India,Wind,2000,4.677957
India,Wind,2001,6.1252875
India,Wind,2002,6.0857697
India,Wind,2003,7.553315
India,Wind,2004,15.05787
India,Wind,2005,17.15471
India,Wind,2006,26.568398
India,Wind,2007,33.03453
India,Wind,2008,40.403576
India,Wind,2009,45.440216
India,Wind,2010,54.00277
India,Wind,2011,66.07612
India,Wind,2012,75.21842
India,Wind,2013,81.7827
India,Wind,2014,90.6326
India,Wind,2015,88.17162
India,Wind,2016,116.32454
India,Wind,2017,140.06178
India,Wind,2018,159.5672
India,Wind,2019,166.89456
India,Wind,2020,158.69983
India,Wind,2021,178.18063
India,Wind,2022,182.61719
Indonesia,Wind,2007,5.66E-05
Indonesia,Wind,2008,0.000758717
Indonesia,Wind,2009,0.010249251
Indonesia,Wind,2010,0.01010311
Indonesia,Wind,2011,0.012938083
Indonesia,Wind,2012,0.012640333
Indonesia,Wind,2013,0.000272542
Indonesia,Wind,2015,0.009964
Indonesia,Wind,2016,0.015232333
Indonesia,Wind,2018,0.50263524
Indonesia,Wind,2019,1.2758105
Indonesia,Wind,2020,1.2474874
Indonesia,Wind,2021,1.1434878
Indonesia,Wind,2022,0.9281399
Iran,Wind,2000,0.10793
Iran,Wind,2001,0.09900333
Iran,Wind,2002,0.08844056
Iran,Wind,2003,0.08004333
Iran,Wind,2004,0.13342054
Iran,Wind,2005,0.2030161
Iran,Wind,2006,0.35652915
Iran,Wind,2007,0.39841193
Iran,Wind,2008,0.55020946
Iran,Wind,2009,0.63171136
Iran,Wind,2010,0.46907276
Iran,Wind,2011,0.58483475
Iran,Wind,2012,0.7759677
Iran,Wind,2013,0.59686667
Iran,Wind,2014,0.54181945
Iran,Wind,2015,0.37970915
Iran,Wind,2016,0.41761777
Iran,Wind,2017,0.8462903
Iran,Wind,2018,1.9842952
Iran,Wind,2019,1.9031719
Iran,Wind,2020,2.9572015
Iran,Wind,2021,2.9585476
Iran,Wind,2022,3.2499468
Ireland,Wind,2000,0.7216353
Ireland,Wind,2001,0.98139775
Ireland,Wind,2002,1.1327116
Ireland,Wind,2003,1.3168933
Ireland,Wind,2004,1.8878216
Ireland,Wind,2005,3.1844313
Ireland,Wind,2006,4.6161942
Ireland,Wind,2007,5.538526
Ireland,Wind,2008,6.7734957
Ireland,Wind,2009,8.254557
Ireland,Wind,2010,7.813714
Ireland,Wind,2011,12.08595
Ireland,Wind,2012,10.998451
Ireland,Wind,2013,12.379752
Ireland,Wind,2014,13.927435
Ireland,Wind,2015,17.704086
Ireland,Wind,2016,16.455866
Ireland,Wind,2017,19.810743
Ireland,Wind,2018,22.858465
Ireland,Wind,2019,26.411085
Ireland,Wind,2020,30.332115
Ireland,Wind,2021,25.580402
Ireland,Wind,2022,29.590975
Israel,Wind,2001,0.029377777
Israel,Wind,2002,0.032107223
Israel,Wind,2003,0.03480139
Israel,Wind,2004,0.031698056
Israel,Wind,2005,0.031497497
Israel,Wind,2006,0.028454166
Israel,Wind,2007,0.02827611
Israel,Wind,2008,0.025290526
Israel,Wind,2009,0.025134416
Israel,Wind,2010,0.022204638
Israel,Wind,2011,0.019310582
Israel,Wind,2012,0.01645161
Israel,Wind,2013,0.0163525
Israel,Wind,2014,0.11215666
Israel,Wind,2015,0.01777361
Israel,Wind,2016,0.08545111
Israel,Wind,2017,0.094060555
Israel,Wind,2018,0.11988527
Israel,Wind,2019,0.12719972
Israel,Wind,2020,0.15562779
Israel,Wind,2021,0.090284996
Israel,Wind,2022,0.08995583
Italy,Wind,2000,1.664785
Italy,Wind,2001,3.463652
Italy,Wind,2002,4.0980434
Italy,Wind,2003,4.2283807
Italy,Wind,2004,5.322411
Italy,Wind,2005,6.708978
Italy,Wind,2006,8.453697
Italy,Wind,2007,11.406622
Italy,Wind,2008,13.659693
Italy,Wind,2009,18.272715
Italy,Wind,2010,25.329655
Italy,Wind,2011,27.190403
Italy,Wind,2012,36.761402
Italy,Wind,2013,40.600548
Italy,Wind,2014,41.1195
Italy,Wind,2015,39.97421
Italy,Wind,2016,47.353313
Italy,Wind,2017,47.216343
Italy,Wind,2018,46.87276
Italy,Wind,2019,53.251915
Italy,Wind,2020,49.273388
Italy,Wind,2021,54.759983
Italy,Wind,2022,53.869656
Japan,Wind,2000,0.32231194
Japan,Wind,2001,0.7403225
Japan,Wind,2002,1.2054785
Japan,Wind,2003,2.412903
Japan,Wind,2004,4.1495786
Japan,Wind,2005,5.4691195
Japan,Wind,2006,6.074939
Japan,Wind,2007,7.747681
Japan,Wind,2008,8.275621
Japan,Wind,2009,9.571467
Japan,Wind,2010,10.896171
Japan,Wind,2011,12.300954
Japan,Wind,2012,12.962273
Japan,Wind,2013,13.99003
Japan,Wind,2014,13.58334
Japan,Wind,2015,14.064874
Japan,Wind,2016,14.297439
Japan,Wind,2017,15.5077915
Japan,Wind,2018,17.0514
Japan,Wind,2019,17.789293
Japan,Wind,2020,20.535694
Japan,Wind,2021,21.587341
Japan,Wind,2022,21.308592
Kazakhstan,Wind,2011,0.000405522
Kazakhstan,Wind,2012,0.00730725
Kazakhstan,Wind,2013,0.01239711
Kazakhstan,Wind,2014,0.035936665
Kazakhstan,Wind,2015,0.35472444
Kazakhstan,Wind,2016,0.7361391
Kazakhstan,Wind,2017,0.9042097
Kazakhstan,Wind,2018,1.0194386
Kazakhstan,Wind,2019,1.8639841
Kazakhstan,Wind,2020,2.7015624
Kazakhstan,Wind,2021,4.570457
Kazakhstan,Wind,2022,6.5975223
Kuwait,Wind,2017,0.005216139
Kuwait,Wind,2018,0.005185639
Kuwait,Wind,2019,0.009600221
Kuwait,Wind,2020,0.012519528
Kuwait,Wind,2021,0.01243961
Kuwait,Wind,2022,0.01239425
Latvia,Wind,2000,0.014784943
Latvia,Wind,2001,0.008813362
Latvia,Wind,2002,0.032107223
Latvia,Wind,2003,0.13920583
Latvia,Wind,2004,0.14120084
Latvia,Wind,2005,0.13458055
Latvia,Wind,2006,0.13088861
Latvia,Wind,2007,0.14986388
Latvia,Wind,2008,0.16298333
Latvia,Wind,2009,0.13405028
Latvia,Wind,2010,0.13600333
Latvia,Wind,2011,0.19586444
Latvia,Wind,2012,0.29612887
Latvia,Wind,2013,0.3243247
Latvia,Wind,2014,0.27361888
Latvia,Wind,2015,0.39586693
Latvia,Wind,2016,0.34801498
Latvia,Wind,2017,0.39919358
Latvia,Wind,2018,0.32287914
Latvia,Wind,2019,0.40593722
Latvia,Wind,2020,0.46443832
Latvia,Wind,2021,0.3700922
Latvia,Wind,2022,0.5076891
Lithuania,Wind,2004,0.003457972
Lithuania,Wind,2005,0.005154139
Lithuania,Wind,2006,0.038981944
Lithuania,Wind,2007,0.30001056
Lithuania,Wind,2008,0.3683986
Lithuania,Wind,2009,0.44041082
Lithuania,Wind,2010,0.62172973
Lithuania,Wind,2011,1.3103608
Lithuania,Wind,2012,1.4809194
Lithuania,Wind,2013,1.6426094
Lithuania,Wind,2014,1.7313844
Lithuania,Wind,2015,2.1821153
Lithuania,Wind,2016,3.040847
Lithuania,Wind,2017,3.6294677
Lithuania,Wind,2018,3.0293577
Lithuania,Wind,2019,3.9523768
Lithuania,Wind,2020,4.075213
Lithuania,Wind,2021,3.563129
Lithuania,Wind,2022,3.9424224
Luxembourg,Wind,2000,0.073164724
Luxembourg,Wind,2001,0.06974305
Luxembourg,Wind,2002,0.07145027
Luxembourg,Wind,2003,0.075890556
Luxembourg,Wind,2004,0.11353416
Luxembourg,Wind,2005,0.1496161
Luxembourg,Wind,2006,0.1649936
Luxembourg,Wind,2007,0.18177637
Luxembourg,Wind,2008,0.1702586
Luxembourg,Wind,2009,0.17725888
Luxembourg,Wind,2010,0.15288723
Luxembourg,Wind,2011,0.17669193
Luxembourg,Wind,2012,0.21240665
Luxembourg,Wind,2013,0.22628333
Luxembourg,Wind,2014,0.21639194
Luxembourg,Wind,2015,0.27427387
Luxembourg,Wind,2016,0.27168193
Luxembourg,Wind,2017,0.62493217
Luxembourg,Wind,2018,0.67353606
Luxembourg,Wind,2019,0.7414541
Luxembourg,Wind,2020,0.9221822
Luxembourg,Wind,2021,0.8224555
Luxembourg,Wind,2022,0.87258554
Mexico,Wind,2000,0.056182776
Mexico,Wind,2001,0.052880276
Mexico,Wind,2002,0.061295554
Mexico,Wind,2003,0.05510222
Mexico,Wind,2004,0.057633054
Mexico,Wind,2005,0.054404724
Mexico,Wind,2006,0.12804334
Mexico,Wind,2007,0.70124996
Mexico,Wind,2008,0.71656466
Mexico,Wind,2009,1.6654415
Mexico,Wind,2010,3.4392505
Mexico,Wind,2011,4.547149
Mexico,Wind,2012,10.113109
Mexico,Wind,2013,11.404631
Mexico,Wind,2014,17.409197
Mexico,Wind,2015,23.550297
Mexico,Wind,2016,27.78255
Mexico,Wind,2017,28.262321
Mexico,Wind,2018,32.90028
Mexico,Wind,2019,44.09167
Mexico,Wind,2020,51.745487
Mexico,Wind,2021,55.146126
Mexico,Wind,2022,52.969234
Morocco,Wind,2000,0.18924722
Morocco,Wind,2001,0.6045966
Morocco,Wind,2002,0.56596196
Morocco,Wind,2003,0.58814526
Morocco,Wind,2004,0.5731605
Morocco,Wind,2005,0.5907222
Morocco,Wind,2006,0.521278
Morocco,Wind,2007,0.7886236
Morocco,Wind,2008,0.8379592
Morocco,Wind,2009,1.0922297
Morocco,Wind,2010,1.8285513
Morocco,Wind,2011,1.9095408
Morocco,Wind,2012,1.9961288
Morocco,Wind,2013,3.31111
Morocco,Wind,2014,5.2117624
Morocco,Wind,2015,6.7846746
Morocco,Wind,2016,8.03138
Morocco,Wind,2017,8.07675
Morocco,Wind,2018,10.161558
Morocco,Wind,2019,12.386934
Morocco,Wind,2020,12.059633
Morocco,Wind,2021,13.362505
Morocco,Wind,2022,13.963497
Netherlands,Wind,2000,2.451344
Netherlands,Wind,2001,2.423675
Netherlands,Wind,2002,2.7612174
Netherlands,Wind,2003,3.8223636
Netherlands,Wind,2004,5.380044
Netherlands,Wind,2005,5.918676
Netherlands,Wind,2006,7.7793365
Netherlands,Wind,2007,9.718533
Netherlands,Wind,2008,11.966163
Netherlands,Wind,2009,12.79993
Netherlands,Wind,2010,11.083041
Netherlands,Wind,2011,14.06961
Netherlands,Wind,2012,13.659854
Netherlands,Wind,2013,15.3363285
Netherlands,Wind,2014,15.705545
Netherlands,Wind,2015,20.331558
Netherlands,Wind,2016,21.872591
Netherlands,Wind,2017,28.126646
Netherlands,Wind,2018,27.908482
Netherlands,Wind,2019,30.202164
Netherlands,Wind,2020,40.123726
Netherlands,Wind,2021,47.112885
Netherlands,Wind,2022,55.14566
New Zealand,Wind,2000,0.35545388
New Zealand,Wind,2001,0.40831694
New Zealand,Wind,2002,0.4538297
New Zealand,Wind,2003,0.42498693
New Zealand,Wind,2004,1.0418228
New Zealand,Wind,2005,1.759241
New Zealand,Wind,2006,1.7704588
New Zealand,Wind,2007,2.6293476
New Zealand,Wind,2008,2.9743276
New Zealand,Wind,2009,4.12333
New Zealand,Wind,2010,4.544111
New Zealand,Wind,2011,5.3992906
New Zealand,Wind,2012,5.7010202
New Zealand,Wind,2013,5.5104413
New Zealand,Wind,2014,5.989612
New Zealand,Wind,2015,6.3665366
New Zealand,Wind,2016,6.266317
New Zealand,Wind,2017,5.564888
New Zealand,Wind,2018,5.4712734
New Zealand,Wind,2019,5.9458766
New Zealand,Wind,2020,6.054294
New Zealand,Wind,2021,6.9151397
New Zealand,Wind,2022,7.470776
North Macedonia,Wind,2014,0.19135167
North Macedonia,Wind,2015,0.3252222
North Macedonia,Wind,2016,0.29309
North Macedonia,Wind,2017,0.29401943
North Macedonia,Wind,2018,0.2575297
North Macedonia,Wind,2019,0.26835775
North Macedonia,Wind,2020,0.30697387
North Macedonia,Wind,2021,0.27039695
North Macedonia,Wind,2022,0.28067362
Norway,Wind,2000,0.09166667
Norway,Wind,2001,0.079320274
Norway,Wind,2002,0.2189125
Norway,Wind,2003,0.63222694
Norway,Wind,2004,0.7261764
Norway,Wind,2005,1.4288434
Norway,Wind,2006,1.8096775
Norway,Wind,2007,2.5222378
Norway,Wind,2008,2.565583
Norway,Wind,2009,2.7284796
Norway,Wind,2010,2.4397335
Norway,Wind,2011,3.5393538
Norway,Wind,2012,4.244516
Norway,Wind,2013,5.1265106
Norway,Wind,2014,6.00607
Norway,Wind,2015,6.7728252
Norway,Wind,2016,5.664612
Norway,Wind,2017,7.5953226
Norway,Wind,2018,10.257484
Norway,Wind,2019,14.563746
Norway,Wind,2020,26.029152
Norway,Wind,2021,30.793055
Norway,Wind,2022,38.641563
Oman,Wind,2019,0.02293297
Oman,Wind,2020,0.27392194
Oman,Wind,2021,0.31112278
Oman,Wind,2022,0.30998832
Pakistan,Wind,2012,0.052096665
Pakistan,Wind,2013,0.41255084
Pakistan,Wind,2014,0.8489442
Pakistan,Wind,2015,1.6119969
Pakistan,Wind,2016,2.457839
Pakistan,Wind,2017,4.691593
Pakistan,Wind,2018,7.4921436
Pakistan,Wind,2019,8.298686
Pakistan,Wind,2020,7.175438
Pakistan,Wind,2021,8.981276
Pakistan,Wind,2022,12.126243
Peru,Wind,2000,0.002365592
Peru,Wind,2001,0.003525333
Peru,Wind,2002,0.003502611
Peru,Wind,2003,0.003480139
Peru,Wind,2004,0.003457972
Peru,Wind,2005,0.003436083
Peru,Wind,2006,0.003414472
Peru,Wind,2007,0.003393139
Peru,Wind,2008,0.003372083
Peru,Wind,2009,0.00335125
Peru,Wind,2010,0.003330694
Peru,Wind,2011,0.003310389
Peru,Wind,2012,0.003290333
Peru,Wind,2013,0.0032705
Peru,Wind,2014,0.69759274
Peru,Wind,2015,1.600633
Peru,Wind,2016,2.848368
Peru,Wind,2017,2.8567142
Peru,Wind,2018,3.9749405
Peru,Wind,2019,4.362534
Peru,Wind,2020,4.7643566
Peru,Wind,2021,4.7690897
Peru,Wind,2022,5.035232
Philippines,Wind,2005,0.050020833
Philippines,Wind,2006,0.15147498
Philippines,Wind,2007,0.16355528
Philippines,Wind,2008,0.17249833
Philippines,Wind,2009,0.17992888
Philippines,Wind,2010,0.17130028
Philippines,Wind,2011,0.24332444
Philippines,Wind,2012,0.20657471
Philippines,Wind,2013,0.17893721
Philippines,Wind,2014,0.41192362
Philippines,Wind,2015,2.0154583
Philippines,Wind,2016,2.6106977
Philippines,Wind,2017,2.9102757
Philippines,Wind,2018,3.05032
Philippines,Wind,2019,2.745787
Philippines,Wind,2020,2.6957548
Philippines,Wind,2021,3.5835106
Philippines,Wind,2022,2.7908146
Poland,Wind,2000,0.014784943
Poland,Wind,2001,0.041129164
Poland,Wind,2002,0.1780489
Poland,Wind,2003,0.35961527
Poland,Wind,2004,0.4091947
Poland,Wind,2005,0.38656083
Poland,Wind,2006,0.7284236
Poland,Wind,2007,1.4760181
Poland,Wind,2008,2.3520186
Poland,Wind,2009,3.007751
Poland,Wind,2010,4.618563
Poland,Wind,2011,8.841488
Poland,Wind,2012,13.015967
Poland,Wind,2013,16.363407
Poland,Wind,2014,20.800453
Poland,Wind,2015,29.240294
Poland,Wind,2016,33.698547
Poland,Wind,2017,39.677177
Poland,Wind,2018,33.862663
Poland,Wind,2019,39.820995
Poland,Wind,2020,41.4955
Poland,Wind,2021,42.47796
Poland,Wind,2022,50.687912
Portugal,Wind,2000,0.49677414
Portugal,Wind,2001,0.7520739
Portugal,Wind,2002,1.056618
Portugal,Wind,2003,1.4384613
Portugal,Wind,2004,2.351428
Portugal,Wind,2005,5.0768323
Portugal,Wind,2006,8.322808
Portugal,Wind,2007,11.415106
Portugal,Wind,2008,16.177504
Portugal,Wind,2009,21.16038
Portugal,Wind,2010,25.485365
Portugal,Wind,2011,25.274792
Portugal,Wind,2012,28.132257
Portugal,Wind,2013,32.744804
Portugal,Wind,2014,32.810925
Portugal,Wind,2015,31.259047
Portugal,Wind,2016,33.393368
Portugal,Wind,2017,32.59548
Portugal,Wind,2018,33.381138
Portugal,Wind,2019,36.025833
Portugal,Wind,2020,32.299847
Portugal,Wind,2021,34.58099
Portugal,Wind,2022,34.76469
Romania,Wind,2006,0.002845417
Romania,Wind,2007,0.008482861
Romania,Wind,2008,0.014050277
Romania,Wind,2009,0.025134416
Romania,Wind,2010,0.8493272
Romania,Wind,2011,3.826254
Romania,Wind,2012,7.23871
Romania,Wind,2013,12.318888
Romania,Wind,2014,12.796695
Romania,Wind,2015,19.020462
Romania,Wind,2016,17.641676
Romania,Wind,2017,19.712177
Romania,Wind,2018,16.726288
Romania,Wind,2019,17.853441
Romania,Wind,2020,18.239578
Romania,Wind,2021,17.207268
Romania,Wind,2022,18.265587
Russia,Wind,2000,0.005618278
Russia,Wind,2001,0.009107139
Russia,Wind,2002,0.018096777
Russia,Wind,2003,0.024941055
Russia,Wind,2004,0.020171555
Russia,Wind,2005,0.019471223
Russia,Wind,2006,0.014796111
Russia,Wind,2007,0.018662306
Russia,Wind,2008,0.014612305
Russia,Wind,2009,0.010612305
Russia,Wind,2010,0.011618583
Russia,Wind,2011,0.014874666
Russia,Wind,2012,0.014397916
Russia,Wind,2013,0.012190805
Russia,Wind,2014,0.26036054
Russia,Wind,2015,0.39865944
Russia,Wind,2016,0.39652416
Russia,Wind,2017,0.36991945
Russia,Wind,2018,0.62746054
Russia,Wind,2019,0.8298305
Russia,Wind,2020,2.9887695
Russia,Wind,2021,6.7636914
Russia,Wind,2022,10.9527025
Saudi Arabia,Wind,2017,0.012822083
Saudi Arabia,Wind,2018,0.012747111
Saudi Arabia,Wind,2019,0.015009222
Saudi Arabia,Wind,2020,0.014954084
Saudi Arabia,Wind,2021,0.014858639
Saudi Arabia,Wind,2022,0.014804471
Slovakia,Wind,2003,0.00580025
Slovakia,Wind,2004,0.017289916
Slovakia,Wind,2005,0.017180473
Slovakia,Wind,2006,0.017072415
Slovakia,Wind,2007,0.022620972
Slovakia,Wind,2008,0.019670416
Slovakia,Wind,2009,0.016756278
Slovakia,Wind,2010,0.016653473
Slovakia,Wind,2011,0.013793277
Slovakia,Wind,2012,0.01645161
Slovakia,Wind,2013,0.0163525
Slovakia,Wind,2014,0.016254583
Slovakia,Wind,2015,0.016157832
Slovakia,Wind,2016,0.016062222
Slovakia,Wind,2017,0.015967749
Slovakia,Wind,2018,0.01587436
Slovakia,Wind,2019,0.015815832
Slovakia,Wind,2020,0.010505167
Slovakia,Wind,2021,0.013083388
Slovakia,Wind,2022,0.013035666
Slovenia,Wind,2013,0.010901666
Slovenia,Wind,2014,0.010836389
Slovenia,Wind,2015,0.016157832
Slovenia,Wind,2016,0.016106222
Slovenia,Wind,2017,0.015211945
Slovenia,Wind,2018,0.015929917
Slovenia,Wind,2019,0.016211223
Slovenia,Wind,2020,0.016416945
Slovenia,Wind,2021,0.014635083
Slovenia,Wind,2022,0.014947888
South Africa,Wind,2003,0.017400749
South Africa,Wind,2004,0.034579724
South Africa,Wind,2005,0.034360833
South Africa,Wind,2006,0.034144722
South Africa,Wind,2007,0.033931386
South Africa,Wind,2008,0.059011113
South Africa,Wind,2009,0.08378139
South Africa,Wind,2010,0.09436972
South Africa,Wind,2011,0.10207028
South Africa,Wind,2012,0.101451665
South Africa,Wind,2013,0.10084055
South Africa,Wind,2014,2.8878982
South Africa,Wind,2015,8.270118
South Africa,Wind,2016,11.267652
South Africa,Wind,2017,18.68758
South Africa,Wind,2018,16.959112
South Africa,Wind,2019,17.48177
South Africa,Wind,2020,16.83714
South Africa,Wind,2021,22.639488
South Africa,Wind,2022,25.289207
South America,Wind,2000,0.11114301
South America,Wind,2001,0.27465248
South America,Wind,2002,0.4192423
South America,Wind,2003,0.42974764
South America,Wind,2004,0.55519193
South America,Wind,2005,0.6394808
South America,Wind,2006,1.077981
South America,Wind,2007,2.240908
South America,Wind,2008,3.7468956
South America,Wind,2009,4.0865116
South America,Wind,2010,7.343287
South America,Wind,2011,8.91688
South America,Wind,2012,16.468079
South America,Wind,2013,21.609097
South America,Wind,2014,42.09234
South America,Wind,2015,73.39237
South America,Wind,2016,109.281586
South America,Wind,2017,137.58235
South America,Wind,2018,158.4802
South America,Wind,2019,191.29198
South America,Wind,2020,208.8714
South America,Wind,2021,261.49042
South America,Wind,2022,293.24066
South Korea,Wind,2000,0.0493375
South Korea,Wind,2001,0.036986668
South Korea,Wind,2002,0.043435276
South Korea,Wind,2003,0.072111666
South Korea,Wind,2004,0.13671139
South Korea,Wind,2005,0.37192306
South Korea,Wind,2006,0.6797986
South Korea,Wind,2007,1.0621703
South Korea,Wind,2008,1.2252808
South Korea,Wind,2009,1.9139936
South Korea,Wind,2010,2.2675192
South Korea,Wind,2011,2.3804133
South Korea,Wind,2012,2.5027654
South Korea,Wind,2013,3.129356
South Korea,Wind,2014,3.1035447
South Korea,Wind,2015,3.615292
South Korea,Wind,2016,4.5060267
South Korea,Wind,2017,5.772638
South Korea,Wind,2018,6.521649
South Korea,Wind,2019,7.0624223
South Korea,Wind,2020,8.2726755
South Korea,Wind,2021,8.321077
South Korea,Wind,2022,8.755021
South and Central America (EI),Wind,2000,0.74550223
South and Central America (EI),Wind,2001,0.94300497
South and Central America (EI),Wind,2002,1.3393575
South and Central America (EI),Wind,2003,1.2850391
South and Central America (EI),Wind,2004,1.5659328
South and Central America (EI),Wind,2005,1.5241996
South and Central America (EI),Wind,2006,2.2017448
South and Central America (EI),Wind,2007,3.28417
South and Central America (EI),Wind,2008,4.6940165
South and Central America (EI),Wind,2009,5.8030543
South and Central America (EI),Wind,2010,9.571835
South and Central America (EI),Wind,2011,11.929899
South and Central America (EI),Wind,2012,21.023687
South and Central America (EI),Wind,2013,27.80555
South and Central America (EI),Wind,2014,50.463722
South and Central America (EI),Wind,2015,84.77226
South and Central America (EI),Wind,2016,121.020615
South and Central America (EI),Wind,2017,149.4487
South and Central America (EI),Wind,2018,173.94125
South and Central America (EI),Wind,2019,207.69203
South and Central America (EI),Wind,2020,224.05054
South and Central America (EI),Wind,2021,277.9636
South and Central America (EI),Wind,2022,308.57852
Spain,Wind,2000,13.977688
Spain,Wind,2001,19.856508
Spain,Wind,2002,27.267752
Spain,Wind,2003,35.018997
Spain,Wind,2004,45.241936
Spain,Wind,2005,60.635647
Spain,Wind,2006,66.28939
Spain,Wind,2007,77.95186
Spain,Wind,2008,92.58018
Spain,Wind,2009,105.807205
Spain,Wind,2010,121.24105
Spain,Wind,2011,117.05799
Spain,Wind,2012,135.64903
Spain,Wind,2013,151.98872
Spain,Wind,2014,140.90831
Spain,Wind,2015,132.83086
Spain,Wind,2016,130.94461
Spain,Wind,2017,130.74121
Spain,Wind,2018,134.65694
Spain,Wind,2019,139.94131
Spain,Wind,2020,148.23741
Spain,Wind,2021,162.39359
Spain,Wind,2022,163.47594
Sri Lanka,Wind,2000,0.01005375
Sri Lanka,Wind,2001,0.01028225
Sri Lanka,Wind,2002,0.010524583
Sri Lanka,Wind,2003,0.009877083
Sri Lanka,Wind,2004,0.007797028
Sri Lanka,Wind,2005,0.006888639
Sri Lanka,Wind,2006,0.006560778
Sri Lanka,Wind,2007,0.006519778
Sri Lanka,Wind,2008,0.0091095
Sri Lanka,Wind,2009,0.009778527
Sri Lanka,Wind,2010,0.14755388
Sri Lanka,Wind,2011,0.25274915
Sri Lanka,Wind,2012,0.4025375
Sri Lanka,Wind,2013,0.6393333
Sri Lanka,Wind,2014,0.73810387
Sri Lanka,Wind,2015,0.92425495
Sri Lanka,Wind,2016,0.92323
Sri Lanka,Wind,2017,0.9761877
Sri Lanka,Wind,2018,0.8633272
Sri Lanka,Wind,2019,0.91784555
Sri Lanka,Wind,2020,0.9197264
Sri Lanka,Wind,2021,1.2865467
Sri Lanka,Wind,2022,1.281855
Sweden,Wind,2000,1.3513441
Sweden,Wind,2001,1.4160138
Sweden,Wind,2002,1.7746513
Sweden,Wind,2003,1.9691842
Sweden,Wind,2004,2.4494042
Sweden,Wind,2005,2.6897218
Sweden,Wind,2006,2.8119369
Sweden,Wind,2007,4.048316
Sweden,Wind,2008,5.621723
Sweden,Wind,2009,6.955001
Sweden,Wind,2010,9.677134
Sweden,Wind,2011,16.855984
Sweden,Wind,2012,19.646452
Sweden,Wind,2013,26.824171
Sweden,Wind,2014,30.434267
Sweden,Wind,2015,43.95668
Sweden,Wind,2016,41.438965
Sweden,Wind,2017,46.861927
Sweden,Wind,2018,43.96332
Sweden,Wind,2019,52.315044
Sweden,Wind,2020,72.29181
Sweden,Wind,2021,70.93378
Sweden,Wind,2022,85.04774
Switzerland,Wind,2000,0.008870971
Switzerland,Wind,2001,0.011751138
Switzerland,Wind,2002,0.014594166
Switzerland,Wind,2003,0.014500611
Switzerland,Wind,2004,0.017289916
Switzerland,Wind,2005,0.022907306
Switzerland,Wind,2006,0.04268111
Switzerland,Wind,2007,0.045241944
Switzerland,Wind,2008,0.05339111
Switzerland,Wind,2009,0.0642325
Switzerland,Wind,2010,0.10269639
Switzerland,Wind,2011,0.19310583
Switzerland,Wind,2012,0.24129027
Switzerland,Wind,2013,0.2452875
Switzerland,Wind,2014,0.27361888
Switzerland,Wind,2015,0.29622692
Switzerland,Wind,2016,0.29179722
Switzerland,Wind,2017,0.35395166
Switzerland,Wind,2018,0.3227786
Switzerland,Wind,2019,0.38485193
Switzerland,Wind,2020,0.38081193
Switzerland,Wind,2021,0.38203472
Switzerland,Wind,2022,0.3968144
Taiwan,Wind,2000,0.004089111
Taiwan,Wind,2001,0.035925552
Taiwan,Wind,2002,0.04635
Taiwan,Wind,2003,0.06891167
Taiwan,Wind,2004,0.072769724
Taiwan,Wind,2005,0.26143083
Taiwan,Wind,2006,0.78554446
Taiwan,Wind,2007,1.2428368
Taiwan,Wind,2008,1.6530591
Taiwan,Wind,2009,2.1968462
Taiwan,Wind,2010,2.8486812
Taiwan,Wind,2011,4.1177793
Taiwan,Wind,2012,3.8756392
Taiwan,Wind,2013,4.4697056
Taiwan,Wind,2014,4.064959
Taiwan,Wind,2015,4.1074176
Taiwan,Wind,2016,3.9007165
Taiwan,Wind,2017,4.5839624
Taiwan,Wind,2018,4.516743
Taiwan,Wind,2019,4.98787
Taiwan,Wind,2020,6.063765
Taiwan,Wind,2021,5.779291
Taiwan,Wind,2022,9.236927
Thailand,Wind,2006,0.000372747
Thailand,Wind,2007,0.001114083
Thailand,Wind,2008,0.001354447
Thailand,Wind,2009,0.002792722
Thailand,Wind,2010,0.01089136
Thailand,Wind,2011,0.013793277
Thailand,Wind,2012,0.04710361
Thailand,Wind,2013,0.9574502
Thailand,Wind,2014,1.0728028
Thailand,Wind,2015,0.88329494
Thailand,Wind,2016,1.0253053
Thailand,Wind,2017,2.951371
Thailand,Wind,2018,4.3416386
Thailand,Wind,2019,9.674019
Thailand,Wind,2020,8.456651
Thailand,Wind,2021,9.242103
Thailand,Wind,2022,8.9169445
Trinidad and Tobago,Wind,2015,7.27E-05
Trinidad and Tobago,Wind,2016,7.23E-05
Trinidad and Tobago,Wind,2017,7.19E-05
Trinidad and Tobago,Wind,2018,7.14E-05
Trinidad and Tobago,Wind,2019,7.12E-05
Trinidad and Tobago,Wind,2020,7.09E-05
Trinidad and Tobago,Wind,2021,7.05E-05
Trinidad and Tobago,Wind,2022,7.02E-05
Turkey,Wind,2000,0.09876333
Turkey,Wind,2001,0.18331805
Turkey,Wind,2002,0.14010417
Turkey,Wind,2003,0.17806749
Turkey,Wind,2004,0.16627139
Turkey,Wind,2005,0.16894138
Turkey,Wind,2006,0.37132525
Turkey,Wind,2007,0.99277776
Turkey,Wind,2008,2.3787143
Turkey,Wind,2009,4.176138
Turkey,Wind,2010,8.094781
Turkey,Wind,2011,13.031609
Turkey,Wind,2012,16.069798
Turkey,Wind,2013,20.597208
Turkey,Wind,2014,23.08165
Turkey,Wind,2015,31.37978
Turkey,Wind,2016,41.53986
Turkey,Wind,2017,47.647205
Turkey,Wind,2018,52.78014
Turkey,Wind,2019,57.281525
Turkey,Wind,2020,65.20603
Turkey,Wind,2021,82.25969
Turkey,Wind,2022,91.616104
Ukraine,Wind,2000,0.017741943
Ukraine,Wind,2001,0.047004722
Ukraine,Wind,2002,0.064214446
Ukraine,Wind,2003,0.08990389
Ukraine,Wind,2004,0.09509444
Ukraine,Wind,2005,0.10880972
Ukraine,Wind,2006,0.09958917
Ukraine,Wind,2007,0.12724306
Ukraine,Wind,2008,0.12645249
Ukraine,Wind,2009,0.12008666
Ukraine,Wind,2010,0.13877888
Ukraine,Wind,2011,0.24689944
Ukraine,Wind,2012,0.7902258
Ukraine,Wind,2013,1.7404516
Ukraine,Wind,2014,3.0618224
Ukraine,Wind,2015,2.9202592
Ukraine,Wind,2016,2.553358
Ukraine,Wind,2017,2.6171129
Ukraine,Wind,2018,3.1441822
Ukraine,Wind,2019,5.325191
Ukraine,Wind,2020,8.572996
Ukraine,Wind,2021,10.213985
Ukraine,Wind,2022,3.8162766
United Arab Emirates,Wind,2013,0.004058139
United Arab Emirates,Wind,2014,0.008067695
United Arab Emirates,Wind,2015,0.004009833
United Arab Emirates,Wind,2021,0.000117751
United Arab Emirates,Wind,2022,0.000117321
United Kingdom,Wind,2000,2.7973118
United Kingdom,Wind,2001,2.8349652
United Kingdom,Wind,2002,3.6748126
United Kingdom,Wind,2003,3.7353597
United Kingdom,Wind,2004,5.587523
United Kingdom,Wind,2005,8.33826
United Kingdom,Wind,2006,12.053134
United Kingdom,Wind,2007,14.912356
United Kingdom,Wind,2008,19.943678
United Kingdom,Wind,2009,25.91908
United Kingdom,Wind,2010,28.548616
United Kingdom,Wind,2011,44.036316
United Kingdom,Wind,2012,54.41952
United Kingdom,Wind,2013,77.394104
United Kingdom,Wind,2014,86.58072
United Kingdom,Wind,2015,108.4587
United Kingdom,Wind,2016,99.47717
United Kingdom,Wind,2017,132.10951
United Kingdom,Wind,2018,150.56201
United Kingdom,Wind,2019,168.267
United Kingdom,Wind,2020,198.5866
United Kingdom,Wind,2021,169.19975
United Kingdom,Wind,2022,208.99315
United States of America,Wind,2000,16.706276
United States of America,Wind,2001,19.992777
United States of America,Wind,2002,30.527706
United States of America,Wind,2003,32.772766
United States of America,Wind,2004,41.169025
United States of America,Wind,2005,51.514107
United States of America,Wind,2006,76.42107
United States of America,Wind,2007,98.39529
United States of America,Wind,2008,157.14497
United States of America,Wind,2009,208.42696
United States of America,Wind,2010,265.36844
United States of America,Wind,2011,334.87445
United States of America,Wind,2012,390.02423
United States of America,Wind,2013,462.05396
United States of America,Wind,2014,497.09286
United States of America,Wind,2015,518.78766
United States of America,Wind,2016,613.80566
United States of America,Wind,2017,683.6094
United States of America,Wind,2018,728.6906
United States of America,Wind,2019,787.8162
United States of America,Wind,2020,896.4879
United States of America,Wind,2021,999.6149
United States of America,Wind,2022,1145.0632
Uzbekistan,Wind,2019,0.0408575
Uzbekistan,Wind,2021,0.00314
Uzbekistan,Wind,2022,0.003128556
Venezuela,Wind,2013,0.2405725
Venezuela,Wind,2014,0.29724637
Venezuela,Wind,2015,0.20106804
Venezuela,Wind,2016,0.26231223
Venezuela,Wind,2017,0.2545497
Venezuela,Wind,2018,0.001135017
Venezuela,Wind,2019,0.15710388
Venezuela,Wind,2020,0.051373333
Venezuela,Wind,2021,0.04628611
Venezuela,Wind,2022,0.0461175
Vietnam,Wind,2008,0.004777111
Vietnam,Wind,2009,0.032395557
Vietnam,Wind,2010,0.11296611
Vietnam,Wind,2011,0.112277225
Vietnam,Wind,2012,0.11159667
Vietnam,Wind,2013,0.18778138
Vietnam,Wind,2014,0.18665694
Vietnam,Wind,2015,0.47584832
Vietnam,Wind,2016,0.53808445
Vietnam,Wind,2017,0.9314516
Vietnam,Wind,2018,1.2884691
Vietnam,Wind,2019,1.9031719
Vietnam,Wind,2020,2.820083
Vietnam,Wind,2021,6.260307
Vietnam,Wind,2022,20.974154