Take Medicine For sleep,Trouble Staying Asleep,Trouble Falling asleep,Wake up Well rested,Sleep Hours
Never,Some Days,Some Days,Some Days,7
Every Day,Never,Never,Most Days,7
Never,Never,Never,Most Days,7
Every Day,Every Day,Every Day,Never,3
Never,Never,Never,Some Days,9
Some Days,Most Days,Never,Most Days,6
Some Days,Most Days,Some Days,Never,6
Never,Most Days,Never,Most Days,7
Never,Some Days,Never,Some Days,8
Never,Never,Never,Most Days,7
Never,Some Days,Some Days,Most Days,7
Never,Never,Never,Every Day,7
Never,Some Days,Some Days,Every Day,8
Never,Some Days,Never,Never,7
Some Days,Some Days,Some Days,Some Days,8
Never,Some Days,Most Days,Most Days,7
Every Day,Every Day,Every Day,Every Day,3
Never,Never,Never,Never,12
Never,Never,Never,Most Days,7
Never,Never,Never,Never,12
Never,Never,Never,Every Day,6
Never,Most Days,Never,Some Days,10
Never,Never,Some Days,Never,7
Never,Some Days,Some Days,Some Days,8
Every Day,Most Days,Every Day,Never,6
Never,Never,Never,Most Days,8
Never,Never,Never,Every Day,8
Never,Never,Never,Some Days,6
Most Days,Never,Most Days,Some Days,6
Never,Some Days,Some Days,Never,8
Never,Never,Never,Most Days,7
Never,Every Day,Some Days,Most Days,8
Never,Never,Never,Every Day,8
Never,Some Days,Never,Some Days,8
Never,Never,Some Days,Every Day,8
Every Day,Some Days,Some Days,Most Days,8
Every Day,Never,Never,Every Day,8
Never,Most Days,Most Days,Most Days,7
Never,Never,Never,Some Days,8
Never,Never,Never,Every Day,7
Some Days,Every Day,Every Day,Never,4
Never,Some Days,Some Days,Most Days,7
Never,Never,Never,Every Day,5
Never,Some Days,Never,Most Days,8
Some Days,Never,Some Days,Most Days,8
Never,Some Days,Some Days,Most Days,7
Never,Never,Most Days,Most Days,7
Never,Never,Never,Some Days,7
Never,Some Days,Never,Most Days,7
Some Days,Some Days,Every Day,Never,7
Never,Some Days,Some Days,Most Days,8
Some Days,Some Days,Some Days,Most Days,8
Some Days,Some Days,Some Days,Some Days,7
Never,Most Days,Most Days,Some Days,8
Some Days,Never,Never,Some Days,7
Never,Never,Some Days,Most Days,7
Never,Some Days,Never,Some Days,6
Never,Never,Never,Most Days,8
Never,Never,Some Days,Most Days,8
Never,Never,Never,Some Days,6
Never,Never,Some Days,Most Days,8
Never,Never,Never,Some Days,10
Never,Some Days,Some Days,Most Days,7
Never,Most Days,Some Days,Most Days,8
Never,Every Day,Never,Some Days,6
Never,Some Days,Some Days,Most Days,6
Every Day,Every Day,Every Day,Never,7
Never,Some Days,Some Days,Every Day,8
Never,Never,Never,Every Day,6
Some Days,Some Days,Some Days,Most Days,6
Some Days,Most Days,Some Days,Some Days,6
Some Days,Some Days,Never,Most Days,8
Never,Most Days,Some Days,Some Days,7
Never,Most Days,Most Days,Some Days,9
Never,Never,Never,Some Days,6
Never,Some Days,Some Days,Some Days,7
Never,Some Days,Some Days,Some Days,6
Never,Some Days,Some Days,Most Days,6
Never,Never,Never,Most Days,8
Never,Never,Never,Some Days,8
Never,Never,Never,Most Days,8
Some Days,Most Days,Some Days,Some Days,7
Never,Never,Never,Every Day,6
Never,Some Days,Some Days,Some Days,5
Never,Some Days,Some Days,Most Days,7
Never,Never,Never,Most Days,8
Never,Most Days,Most Days,Most Days,4
Never,Some Days,Some Days,Most Days,8
Never,Never,Never,Every Day,9
Most Days,Most Days,Most Days,Some Days,8
Never,Some Days,Some Days,Most Days,8
Never,Some Days,Most Days,Some Days,6
Never,Never,Some Days,Most Days,8
Some Days,Never,Most Days,Most Days,5
Never,Never,Never,Most Days,6
Some Days,Some Days,Some Days,Some Days,6
Never,Most Days,Most Days,Most Days,8
Never,Never,Some Days,Every Day,7
Never,Some Days,Some Days,Some Days,7
Never,Most Days,Most Days,Some Days,7
Some Days,Never,Never,Most Days,7
Never,Never,Never,Most Days,9
Never,Never,Never,Most Days,7
Never,Never,Never,Every Day,8
Never,Never,Never,Most Days,9
Never,Every Day,Some Days,Every Day,8
Never,Most Days,Every Day,Every Day,8
Never,Never,Never,Never,7
Never,Never,Never,Most Days,7
Never,Never,Never,Every Day,8
Some Days,Some Days,Never,Never,8
Never,Some Days,Some Days,Every Day,6
Never,Never,Never,Most Days,7
Every Day,Most Days,Never,Most Days,6
Some Days,Every Day,Every Day,Never,6
Never,Never,Never,Every Day,8
Every Day,Every Day,Never,Some Days,6
Never,Every Day,Every Day,Never,6
Never,Never,Some Days,Some Days,8
Never,Never,Never,Some Days,7
Never,Some Days,Some Days,Never,12
Never,Every Day,Most Days,Never,5
Never,Every Day,Every Day,Some Days,5
Never,Never,Never,Most Days,8
Never,Never,Never,Most Days,8
Never,Never,Some Days,Most Days,6
Never,Most Days,Never,Some Days,5
Never,Some Days,Never,Never,9
Never,Every Day,Never,Some Days,7
Never,Some Days,Never,Some Days,7
Never,Never,Some Days,Some Days,5
Never,Never,Never,Most Days,7
Every Day,Every Day,Every Day,Some Days,10
Never,Some Days,Some Days,Some Days,8
Never,Some Days,Never,Some Days,9
Never,Never,Never,Most Days,7
Never,Some Days,Some Days,Most Days,8
Some Days,Never,Some Days,Some Days,7
Never,Some Days,Never,Some Days,7
Never,Never,Never,Most Days,8
Never,Some Days,Some Days,Most Days,6
Some Days,Some Days,Some Days,Never,8
Never,Some Days,Most Days,Some Days,6
Some Days,Some Days,Some Days,Some Days,7
Never,Most Days,Most Days,Every Day,8
Never,Never,Never,Some Days,6
Every Day,Some Days,Never,Most Days,8
Never,Never,Never,Most Days,8
Never,Never,Never,Every Day,8
Never,Never,Some Days,Most Days,7
Most Days,Most Days,Some Days,Most Days,6
Never,Never,Never,Most Days,7
Some Days,Most Days,Some Days,Some Days,8
Never,Some Days,Never,Most Days,8
Never,Never,Never,Every Day,8
Some Days,Some Days,Most Days,Some Days,7
Never,Some Days,Never,Most Days,8
Never,Most Days,Most Days,Some Days,6
Never,Some Days,Never,Most Days,8
Never,Never,Some Days,Every Day,8
Some Days,Most Days,Every Day,Never,7
Never,Some Days,Never,Every Day,8
Never,Never,Never,Most Days,8
Never,Some Days,Never,Some Days,8
Never,Never,Never,Every Day,7
Never,Some Days,Some Days,Some Days,8
Never,Most Days,Some Days,Some Days,6
Never,Never,Never,Every Day,7
Never,Never,Never,Every Day,8
Never,Never,Some Days,Never,7
Every Day,Never,Never,Every Day,9
Never,Never,Never,Every Day,7
Never,Never,Never,Most Days,8
Some Days,Some Days,Some Days,Some Days,6
Every Day,Some Days,Some Days,Never,7
Never,Never,Some Days,Some Days,8
Every Day,Most Days,Most Days,Most Days,5
Never,Never,Never,Some Days,8
Every Day,Some Days,Some Days,Most Days,7
Never,Some Days,Some Days,Most Days,5
Never,Some Days,Never,Most Days,7
Never,Never,Never,Every Day,8
Never,Never,Never,Most Days,8
Never,Never,Some Days,Most Days,8
Never,Some Days,Some Days,Most Days,7
Never,Some Days,Some Days,Most Days,8
Some Days,Some Days,Some Days,Never,6
Never,Never,Never,Every Day,8
Never,Never,Never,Every Day,9
Never,Never,Never,Never,8
Never,Never,Never,Most Days,7
Never,Never,Some Days,Some Days,7
Every Day,Every Day,Most Days,Some Days,6
Never,Some Days,Never,Some Days,5
Never,Never,Never,Most Days,7
Never,Some Days,Some Days,Most Days,7
Some Days,Some Days,Some Days,Most Days,7
Never,Some Days,Never,Every Day,7
Never,Some Days,Never,Every Day,8
Never,Every Day,Some Days,Never,6
Never,Some Days,Never,Most Days,7
Never,Some Days,Never,Some Days,8
Never,Some Days,Every Day,Some Days,7
Every Day,Some Days,Most Days,Most Days,7
Never,Never,Never,Every Day,9
Never,Never,Never,Most Days,7
Never,Never,Never,Most Days,7
Never,Some Days,Some Days,Most Days,8
Some Days,Some Days,Some Days,Most Days,8
Never,Never,Never,Most Days,8
Some Days,Some Days,Most Days,Never,7
Some Days,Some Days,Some Days,Some Days,7
Never,Most Days,Most Days,Some Days,12
Never,Some Days,Some Days,Some Days,8
Never,Most Days,Some Days,Some Days,7
Never,Never,Never,Every Day,8
Never,Some Days,Some Days,Some Days,6
Never,Never,Never,Most Days,7
Some Days,Never,Every Day,Some Days,8
Some Days,Most Days,Every Day,Never,5
Never,Some Days,Some Days,Some Days,6
Never,Some Days,Never,Some Days,7
Never,Never,Never,Most Days,8
Every Day,Never,Never,Every Day,6
Every Day,Never,Every Day,Every Day,4
Some Days,Most Days,Most Days,Never,6
Never,Never,Some Days,Some Days,8
Never,Never,Some Days,Most Days,8
Never,Never,Never,Every Day,8
Never,Most Days,Every Day,Some Days,7
Some Days,Never,Never,Some Days,7
Never,Never,Never,Most Days,5
Never,Never,Some Days,Some Days,7
Most Days,Most Days,Never,Some Days,6
Some Days,Some Days,Some Days,Most Days,8
Most Days,Most Days,Most Days,Some Days,5
Never,Never,Never,Most Days,8
Never,Never,Never,Most Days,7
Never,Never,Never,Every Day,10
Never,Never,Never,Every Day,8
Never,Never,Never,Every Day,8
Never,Some Days,Some Days,Most Days,8
Never,Never,Never,Most Days,7
Some Days,Never,Some Days,Most Days,10
Never,Every Day,Most Days,Every Day,6
Never,Never,Never,Most Days,8
Never,Never,Never,Most Days,7
Never,Some Days,Some Days,Most Days,7
Never,Most Days,Never,Most Days,8
Never,Never,Never,Some Days,6
Some Days,Some Days,Some Days,Some Days,7
Never,Some Days,Some Days,Some Days,8
Some Days,Some Days,Some Days,Some Days,7
Never,Never,Some Days,Every Day,7
Never,Some Days,Most Days,Some Days,5
Never,Some Days,Some Days,Most Days,7
Never,Some Days,Some Days,Some Days,8
Every Day,Every Day,Every Day,Most Days,8
Never,Never,Never,Every Day,8
Never,Most Days,Never,Most Days,7
Never,Never,Never,Every Day,8
Never,Never,Never,Most Days,6
Never,Never,Never,Every Day,7
Every Day,Most Days,Most Days,Some Days,7
Never,Never,Never,Every Day,7
Never,Every Day,Every Day,Never,6
Never,Never,Some Days,Most Days,8
Every Day,Every Day,Every Day,Some Days,6
Never,Some Days,Some Days,Most Days,6
Never,Never,Never,Every Day,10
Never,Never,Never,Every Day,8
Never,Never,Never,Every Day,8
Never,Never,Some Days,Every Day,8
Never,Never,Never,Most Days,13
Never,Some Days,Never,Some Days,8
Never,Most Days,Most Days,Never,5
Never,Most Days,Most Days,Most Days,7
Some Days,Some Days,Never,Some Days,8
Never,Some Days,Some Days,Most Days,7
Never,Never,Never,Some Days,5
Never,Never,Some Days,Most Days,8
Some Days,Never,Some Days,Most Days,8
Never,Some Days,Never,Most Days,7
Never,Some Days,Never,Most Days,7
Never,Most Days,Some Days,Most Days,6
Never,Never,Never,Every Day,7
Never,Never,Never,Most Days,7
Never,Never,Never,Every Day,7
Never,Some Days,Never,Most Days,7
Never,Never,Never,Every Day,6
Every Day,Some Days,Every Day,Never,6
Some Days,Never,Some Days,Most Days,5
Never,Never,Never,Most Days,7
Never,Some Days,Most Days,Some Days,7
Never,Never,Never,Most Days,9
Never,Never,Never,Most Days,8
Never,Every Day,Never,Some Days,7
Never,Never,Some Days,Never,6
Never,Never,Never,Every Day,8
Never,Most Days,Most Days,Never,8
Never,Most Days,Never,Never,9
Never,Never,Never,Every Day,8
Never,Never,Never,Most Days,7
Never,Most Days,Most Days,Never,5
Never,Never,Never,Most Days,7
Never,Never,Never,Most Days,7
Some Days,Most Days,Most Days,Some Days,5
Never,Some Days,Most Days,Some Days,5
Never,Never,Never,Every Day,7
Never,Some Days,Some Days,Some Days,6
Never,Never,Never,Most Days,7
Never,Never,Never,Most Days,8
Never,Never,Never,Most Days,8
Never,Never,Never,Most Days,8
Never,Never,Never,Most Days,7
Never,Never,Never,Most Days,8
Never,Never,Some Days,Most Days,6
Never,Every Day,Never,Never,4
Never,Never,Never,Every Day,7
Some Days,Never,Every Day,Most Days,8
Never,Never,Never,Every Day,8
Never,Never,Never,Some Days,8
Some Days,Never,Most Days,Some Days,6
Never,Never,Never,Most Days,6
Never,Never,Every Day,Every Day,10
Never,Never,Never,Most Days,8
Never,Never,Never,Every Day,9
Never,Most Days,Never,Most Days,6
Never,Some Days,Some Days,Most Days,7
Never,Never,Never,Every Day,6
Most Days,Some Days,Some Days,Most Days,7
Never,Never,Never,Every Day,7
Never,Some Days,Never,Most Days,7
Never,Some Days,Never,Never,7
Never,Most Days,Never,Most Days,5
Never,Never,Never,Most Days,7
Never,Never,Never,Most Days,8
Never,Some Days,Every Day,Some Days,6
Never,Some Days,Never,Most Days,7
Never,Never,Never,Every Day,6
Never,Never,Never,Some Days,7
Never,Never,Never,Most Days,9
Never,Some Days,Some Days,Most Days,8
Never,Never,Never,Most Days,7
Never,Never,Never,Never,7
Never,Most Days,Some Days,Most Days,6
Never,Some Days,Some Days,Most Days,8
Never,Some Days,Never,Some Days,6
Never,Most Days,Some Days,Some Days,7
Every Day,Never,Never,Some Days,6
Every Day,Never,Never,Every Day,6
Never,Never,Never,Some Days,8
Some Days,Some Days,Some Days,Some Days,6
Never,Some Days,Some Days,Most Days,7
Never,Never,Never,Every Day,8
Every Day,Some Days,Some Days,Some Days,6
Some Days,Most Days,Never,Some Days,11
Never,Never,Every Day,Never,10
Never,Never,Never,Most Days,7
Never,Never,Never,Every Day,8
Never,Never,Never,Most Days,8
Never,Never,Never,Most Days,8
Never,Never,Never,Most Days,9
Never,Never,Never,Most Days,8
Every Day,Some Days,Most Days,Never,9
Never,Some Days,Some Days,Some Days,7
Never,Never,Never,Every Day,7
Never,Never,Never,Most Days,6
Never,Never,Some Days,Every Day,4
Never,Never,Never,Every Day,9
Some Days,Some Days,Some Days,Some Days,8
Some Days,Never,Some Days,Most Days,7
Never,Never,Some Days,Most Days,7
Never,Never,Never,Most Days,6
Never,Some Days,Some Days,Some Days,12
Never,Most Days,Every Day,Some Days,7
Never,Some Days,Some Days,Most Days,7
Never,Never,Some Days,Some Days,7
Never,Never,Some Days,Some Days,10
Never,Never,Some Days,Some Days,9
Never,Some Days,Never,Most Days,7
Most Days,Never,Never,Some Days,7
Never,Some Days,Every Day,Most Days,9
Never,Never,Never,Most Days,7
Never,Never,Never,Every Day,6
Never,Some Days,Some Days,Every Day,8
Every Day,Never,Never,Every Day,6
Never,Never,Some Days,Most Days,6
Never,Some Days,Never,Every Day,8
Never,Some Days,Some Days,Most Days,8
Some Days,Some Days,Some Days,Every Day,5
Never,Some Days,Never,Some Days,7
Never,Never,Never,Most Days,8
Never,Never,Never,Never,8
Never,Most Days,Never,Most Days,7
Never,Some Days,Some Days,Most Days,6
Never,Some Days,Some Days,Some Days,6
Never,Never,Never,Every Day,10
Never,Some Days,Some Days,Most Days,7
Never,Never,Some Days,Most Days,8
Some Days,Some Days,Some Days,Most Days,9
Never,Every Day,Every Day,Some Days,6
Never,Never,Never,Most Days,7
Never,Never,Some Days,Most Days,6
Never,Some Days,Some Days,Most Days,8
Never,Never,Never,Every Day,8
Some Days,Most Days,Never,Some Days,6
Never,Every Day,Some Days,Some Days,5
Never,Never,Never,Most Days,6
Never,Never,Never,Every Day,8
Never,Every Day,Every Day,Every Day,7
Never,Some Days,Some Days,Some Days,8
Every Day,Every Day,Some Days,Never,5
Never,Some Days,Some Days,Most Days,8
Every Day,Never,Every Day,Never,8
Never,Some Days,Most Days,Some Days,5
Some Days,Never,Never,Most Days,7
Some Days,Never,Most Days,Some Days,8
Every Day,Never,Never,Most Days,7
Never,Some Days,Never,Some Days,7
Never,Never,Never,Every Day,14
Never,Never,Never,Some Days,7
Most Days,Never,Never,Most Days,7
Never,Never,Never,Most Days,7
Never,Never,Never,Most Days,7
Never,Never,Never,Most Days,7
Never,Never,Never,Most Days,6
Never,Never,Some Days,Some Days,10
Never,Never,Never,Never,8
Never,Some Days,Never,Most Days,7
Never,Never,Some Days,Most Days,7
Never,Some Days,Never,Most Days,10
Never,Never,Never,Most Days,8
Never,Some Days,Never,Most Days,8
Most Days,Never,Most Days,Never,5
Never,Some Days,Some Days,Some Days,7
Never,Never,Never,Some Days,6
Never,Some Days,Never,Some Days,6
Never,Never,Never,Every Day,8
Never,Never,Some Days,Every Day,8
Never,Some Days,Never,Most Days,8
Never,Some Days,Some Days,Most Days,7
Never,Never,Never,Every Day,8
Never,Never,Never,Most Days,8
Every Day,Most Days,Most Days,Some Days,10
Never,Never,Some Days,Most Days,7
Never,Never,Never,Most Days,9
Never,Some Days,Some Days,Most Days,7
Never,Never,Never,Some Days,8
Some Days,Some Days,Some Days,Every Day,8
Never,Never,Most Days,Most Days,6
Never,Never,Some Days,Some Days,7
Never,Most Days,Some Days,Never,8
Never,Never,Never,Most Days,7
Never,Never,Never,Every Day,8
Some Days,Most Days,Most Days,Some Days,6
Never,Some Days,Some Days,Some Days,7
Never,Never,Never,Most Days,7
Never,Most Days,Most Days,Most Days,7
Every Day,Most Days,Most Days,Most Days,7
Never,Never,Never,Some Days,8
Never,Never,Some Days,Never,6
Never,Never,Some Days,Most Days,7
Never,Never,Never,Every Day,10
Never,Never,Never,Most Days,7
Never,Some Days,Some Days,Some Days,7
Never,Some Days,Some Days,Every Day,9
Never,Some Days,Some Days,Most Days,7
Never,Never,Never,Every Day,8
Never,Some Days,Never,Every Day,6
Never,Every Day,Never,Never,4
Never,Never,Never,Most Days,10
Never,Never,Never,Some Days,6
Every Day,Every Day,Every Day,Never,5
Every Day,Every Day,Most Days,Some Days,5
Never,Most Days,Never,Some Days,7
Some Days,Some Days,Some Days,Most Days,7
Never,Never,Never,Every Day,8
Never,Some Days,Never,Most Days,7
Every Day,Never,Never,Most Days,7
Never,Never,Never,Most Days,7
Never,Some Days,Most Days,Most Days,6
Never,Most Days,Never,Every Day,8
Never,Some Days,Never,Most Days,7
Every Day,Most Days,Most Days,Every Day,7
Never,Never,Never,Every Day,7
Never,Most Days,Never,Most Days,8
Never,Never,Never,Never,6
Never,Never,Never,Some Days,8
Never,Never,Never,Never,5
Some Days,Some Days,Some Days,Most Days,7
Never,Some Days,Some Days,Most Days,7
Every Day,Some Days,Some Days,Some Days,6
Never,Never,Some Days,Most Days,8
Every Day,Some Days,Some Days,Some Days,9
Never,Never,Never,Most Days,6
Never,Some Days,Some Days,Some Days,7
Never,Every Day,Every Day,Never,6
Never,Never,Never,Every Day,6
Never,Never,Most Days,Never,6
Some Days,Some Days,Never,Some Days,8
Some Days,Most Days,Most Days,Never,8
Never,Never,Some Days,Some Days,8
Some Days,Some Days,Some Days,Some Days,8
Never,Never,Never,Some Days,7
Never,Some Days,Never,Most Days,7
Every Day,Most Days,Some Days,Most Days,6
Never,Some Days,Most Days,Never,4
Never,Some Days,Never,Most Days,7
Never,Never,Never,Most Days,8
Never,Never,Never,Most Days,7
Never,Never,Some Days,Every Day,7
Never,Some Days,Some Days,Never,7
Every Day,Some Days,Most Days,Never,3
Never,Never,Some Days,Most Days,6
Never,Never,Most Days,Never,6
Never,Never,Never,Some Days,8
Never,Never,Never,Most Days,7
Never,Some Days,Some Days,Some Days,8
Never,Some Days,Never,Some Days,8
Never,Some Days,Some Days,Most Days,8
Never,Never,Never,Most Days,8
Never,Never,Never,Most Days,7
Never,Some Days,Never,Some Days,7
Never,Never,Never,Every Day,12
Never,Never,Never,Most Days,7
Never,Every Day,Never,Some Days,6
Never,Never,Never,Every Day,10
Every Day,Some Days,Some Days,Most Days,8
Never,Never,Never,Most Days,7
Never,Some Days,Some Days,Some Days,6
Never,Some Days,Never,Most Days,8
Every Day,Never,Most Days,Some Days,12
Never,Most Days,Most Days,Never,4
Never,Most Days,Every Day,Never,5
Never,Every Day,Most Days,Some Days,8
Never,Some Days,Some Days,Some Days,7
Never,Never,Never,Most Days,6
Never,Never,Never,Every Day,12
Never,Never,Never,Most Days,8
Never,Every Day,Every Day,Never,4
Never,Never,Never,Most Days,6
Never,Most Days,Every Day,Most Days,6
Never,Every Day,Every Day,Never,6
Never,Never,Never,Most Days,7
Never,Never,Never,Some Days,8
Never,Most Days,Some Days,Most Days,7
Some Days,Some Days,Some Days,Some Days,8
Never,Never,Never,Every Day,12
Some Days,Some Days,Some Days,Some Days,8
Never,Never,Some Days,Every Day,8
Never,Never,Some Days,Every Day,8
Never,Never,Never,Every Day,9
Never,Some Days,Never,Some Days,8
Never,Most Days,Every Day,Never,4
Never,Some Days,Some Days,Some Days,6
Never,Every Day,Every Day,Never,8
Never,Never,Never,Most Days,8
Never,Never,Never,Every Day,7
Most Days,Every Day,Most Days,Never,4
Some Days,Most Days,Some Days,Some Days,6
Never,Never,Never,Some Days,8
Never,Every Day,Never,Some Days,5
Never,Never,Most Days,Most Days,8
Never,Never,Never,Most Days,8
Never,Never,Never,Every Day,8
Some Days,Some Days,Some Days,Some Days,6
Never,Never,Never,Every Day,7
Never,Never,Never,Most Days,6
Never,Never,Some Days,Most Days,7
Never,Never,Never,Most Days,7
Never,Some Days,Some Days,Most Days,7
Never,Some Days,Some Days,Most Days,8
Some Days,Some Days,Never,Most Days,8
Some Days,Some Days,Some Days,Some Days,10
Never,Never,Some Days,Some Days,7
Never,Never,Some Days,Most Days,6
Never,Some Days,Never,Most Days,7
Never,Most Days,Some Days,Most Days,8
Never,Never,Never,Most Days,7
Never,Some Days,Some Days,Most Days,6
Never,Some Days,Never,Most Days,8
Never,Some Days,Some Days,Most Days,6
Never,Never,Never,Most Days,7
Never,Never,Some Days,Most Days,8
Never,Never,Never,Most Days,10
Never,Some Days,Some Days,Some Days,7
Never,Never,Never,Every Day,8
Never,Never,Never,Most Days,8
Never,Never,Never,Most Days,7
Never,Some Days,Never,Some Days,7
Never,Never,Never,Most Days,7
Never,Never,Some Days,Some Days,7
Never,Some Days,Some Days,Most Days,8
Never,Some Days,Some Days,Some Days,7
Never,Every Day,Never,Most Days,9
Never,Never,Never,Most Days,7
Never,Every Day,Every Day,Some Days,4
Never,Never,Some Days,Some Days,5
Every Day,Every Day,Every Day,Never,4
Some Days,Never,Never,Most Days,8
Never,Some Days,Some Days,Every Day,8
Never,Never,Never,Most Days,8
Never,Never,Never,Most Days,8
Some Days,Most Days,Some Days,Never,7
Never,Never,Never,Every Day,7
Never,Some Days,Never,Some Days,6
Never,Never,Never,Some Days,7
Some Days,Some Days,Some Days,Some Days,8
Most Days,Every Day,Every Day,Most Days,6
Every Day,Every Day,Every Day,Some Days,6
Some Days,Some Days,Most Days,Most Days,8
Never,Never,Never,Most Days,6
Never,Never,Some Days,Most Days,6
Never,Most Days,Most Days,Some Days,6
Never,Never,Never,Every Day,8
Never,Never,Never,Most Days,7
Never,Some Days,Some Days,Every Day,8
Some Days,Most Days,Most Days,Some Days,6
Never,Some Days,Some Days,Most Days,6
Never,Never,Never,Every Day,8
Never,Never,Never,Every Day,8
Never,Never,Never,Most Days,6
Some Days,Some Days,Some Days,Most Days,7
Never,Never,Never,Most Days,6
Some Days,Some Days,Every Day,Some Days,8
Never,Every Day,Every Day,Never,4
Never,Never,Never,Every Day,9
Never,Never,Some Days,Most Days,8
Some Days,Never,Never,Most Days,8
Never,Never,Never,Most Days,8
Never,Some Days,Never,Some Days,6
Never,Never,Never,Most Days,7
Never,Some Days,Some Days,Most Days,6
Never,Every Day,Never,Most Days,8
Never,Every Day,Some Days,Most Days,8
Never,Never,Never,Most Days,8
Never,Never,Never,Every Day,8
Every Day,Never,Most Days,Some Days,3
Every Day,Never,Never,Every Day,9
Never,Most Days,Some Days,Never,7
Every Day,Every Day,Every Day,Some Days,6
Every Day,Every Day,Every Day,Every Day,9
Every Day,Never,Never,Every Day,8
Never,Most Days,Most Days,Most Days,8
Every Day,Some Days,Every Day,Every Day,8
Every Day,Every Day,Some Days,Never,7
Never,Never,Never,Every Day,8
Some Days,Never,Never,Most Days,6
Never,Some Days,Some Days,Most Days,7
Some Days,Never,Some Days,Never,6
Some Days,Some Days,Never,Most Days,7
Never,Never,Never,Most Days,7
Never,Never,Some Days,Most Days,7
Some Days,Some Days,Never,Most Days,7
Never,Never,Some Days,Most Days,9
Never,Never,Never,Most Days,8
Never,Never,Never,Most Days,7
Never,Never,Never,Most Days,8
Never,Every Day,Every Day,Some Days,9
Never,Never,Never,Most Days,7
Never,Some Days,Some Days,Some Days,7
Never,Every Day,Every Day,Most Days,6
Every Day,Every Day,Never,Some Days,8
Every Day,Every Day,Some Days,Never,5
Never,Never,Never,Most Days,7
Never,Every Day,Most Days,Some Days,6
Never,Never,Never,Most Days,8
Never,Some Days,Some Days,Most Days,8
Most Days,Never,Never,Some Days,8
Never,Most Days,Some Days,Most Days,7
Every Day,Never,Most Days,Some Days,7
Some Days,Every Day,Every Day,Never,5
Never,Never,Never,Most Days,10
Some Days,Some Days,Some Days,Most Days,7
Never,Some Days,Some Days,Most Days,8
Never,Never,Never,Some Days,7
Some Days,Never,Some Days,Most Days,7
Never,Never,Never,Most Days,7
Never,Never,Never,Most Days,8
Some Days,Most Days,Some Days,Some Days,7
Most Days,Never,Every Day,Most Days,6
Never,Never,Never,Most Days,8
Never,Never,Never,Every Day,6
Never,Never,Never,Most Days,8
Never,Never,Never,Never,7
Never,Never,Never,Most Days,9
Never,Some Days,Some Days,Most Days,10
Never,Never,Never,Every Day,9
Never,Never,Never,Every Day,6
Never,Never,Never,Most Days,6
Never,Never,Never,Most Days,9
Never,Never,Never,Every Day,8
Never,Never,Some Days,Most Days,7
Never,Most Days,Most Days,Some Days,6
Never,Every Day,Never,Every Day,7
Never,Some Days,Never,Most Days,8
Never,Most Days,Some Days,Most Days,7
Never,Some Days,Some Days,Never,7
Every Day,Some Days,Never,Most Days,7
Every Day,Most Days,Most Days,Most Days,8
Never,Never,Some Days,Some Days,7
Some Days,Some Days,Most Days,Some Days,7
Never,Never,Never,Every Day,8
Never,Some Days,Some Days,Most Days,7
Never,Some Days,Never,Some Days,8
Never,Some Days,Some Days,Some Days,7
Never,Every Day,Never,Never,10
Never,Never,Never,Most Days,9
Never,Never,Never,Every Day,4
Never,Some Days,Never,Most Days,7
Never,Never,Some Days,Some Days,7
Never,Never,Never,Never,6
Never,Most Days,Some Days,Most Days,7
Never,Some Days,Some Days,Most Days,7
Never,Some Days,Never,Some Days,8
Never,Never,Never,Every Day,9
Never,Some Days,Most Days,Some Days,5
Never,Some Days,Never,Most Days,7
Never,Never,Never,Never,7
Never,Never,Some Days,Most Days,7
Never,Never,Never,Every Day,8
Never,Never,Never,Most Days,7
Some Days,Never,Never,Every Day,6
Never,Never,Never,Most Days,8
Never,Some Days,Some Days,Most Days,8
Never,Never,Never,Most Days,7
Never,Never,Never,Every Day,8
Never,Never,Never,Most Days,7
Never,Never,Never,Most Days,7
Never,Never,Never,Every Day,8
Never,Never,Never,Some Days,7
Never,Never,Some Days,Some Days,10
Never,Never,Never,Every Day,6
Never,Some Days,Never,Most Days,8
Never,Never,Never,Most Days,7
Never,Never,Never,Every Day,5
Never,Never,Never,Most Days,8
Never,Never,Never,Every Day,8
Never,Never,Never,Every Day,8
Never,Never,Some Days,Most Days,7
Some Days,Every Day,Some Days,Some Days,7
Never,Every Day,Most Days,Never,7
Never,Never,Never,Every Day,7
Every Day,Never,Never,Some Days,8
Some Days,Never,Some Days,Most Days,7
Never,Never,Never,Most Days,8
Never,Some Days,Some Days,Some Days,6
Never,Some Days,Never,Most Days,7
Never,Never,Never,Most Days,10
Some Days,Some Days,Some Days,Most Days,7
Never,Some Days,Most Days,Never,5
Never,Never,Never,Every Day,8
Never,Some Days,Never,Every Day,8
Never,Never,Never,Most Days,7
Never,Some Days,Some Days,Most Days,8
Never,Never,Some Days,Some Days,5
Never,Every Day,Every Day,Some Days,4
Never,Never,Some Days,Some Days,8
Some Days,Some Days,Some Days,Some Days,8
Some Days,Some Days,Never,Most Days,7
Every Day,Some Days,Most Days,Some Days,6
Some Days,Never,Some Days,Some Days,7
Never,Some Days,Never,Every Day,7
Every Day,Some Days,Never,Every Day,12
Never,Most Days,Some Days,Never,6
Never,Some Days,Some Days,Some Days,7
Never,Some Days,Every Day,Never,7
Never,Never,Never,Every Day,8
Most Days,Most Days,Some Days,Some Days,8
Never,Most Days,Some Days,Every Day,6
Never,Never,Never,Most Days,7
Never,Some Days,Some Days,Some Days,8
Never,Never,Some Days,Some Days,7
Never,Never,Some Days,Some Days,8
Every Day,Some Days,Most Days,Some Days,7
Some Days,Every Day,Every Day,Never,7
Some Days,Never,Some Days,Every Day,6
Never,Some Days,Some Days,Most Days,6
Every Day,Some Days,Most Days,Some Days,7
Never,Some Days,Never,Some Days,6
Never,Never,Some Days,Some Days,8
Some Days,Some Days,Some Days,Some Days,6
Never,Never,Never,Most Days,8
Never,Never,Never,Most Days,7
Never,Some Days,Never,Never,5
Never,Never,Some Days,Most Days,7
Some Days,Never,Never,Some Days,6
Never,Never,Never,Every Day,7
Never,Some Days,Never,Some Days,5
Never,Some Days,Never,Most Days,7
Never,Some Days,Never,Most Days,7
Never,Never,Never,Every Day,9
Never,Never,Some Days,Most Days,8
Every Day,Never,Never,Every Day,8
Never,Some Days,Some Days,Some Days,6
Never,Some Days,Some Days,Most Days,7
Never,Never,Never,Every Day,8
Never,Never,Never,Some Days,8
Never,Never,Never,Every Day,8
Some Days,Most Days,Never,Some Days,7
Never,Some Days,Some Days,Never,5
Never,Never,Never,Most Days,7
Never,Never,Never,Most Days,6
Never,Some Days,Never,Every Day,5
Never,Never,Never,Most Days,7
Never,Some Days,Some Days,Some Days,7
Never,Never,Some Days,Most Days,7
Never,Never,Some Days,Most Days,8
Never,Some Days,Some Days,Most Days,8
Never,Some Days,Never,Some Days,8
Never,Some Days,Never,Every Day,7
Never,Never,Some Days,Most Days,6
Never,Some Days,Never,Never,8
Never,Never,Never,Some Days,7
Never,Never,Never,Some Days,7
Never,Never,Never,Every Day,6
Every Day,Never,Some Days,Some Days,8
Never,Never,Some Days,Most Days,7
Never,Never,Never,Most Days,6
Never,Some Days,Some Days,Most Days,7
Never,Some Days,Some Days,Most Days,11
Every Day,Every Day,Every Day,Never,6
Never,Never,Never,Every Day,6
Some Days,Some Days,Some Days,Never,8
Never,Never,Never,Every Day,6
Never,Never,Never,Most Days,8
Never,Never,Never,Every Day,6
Never,Never,Never,Some Days,7
Never,Never,Never,Most Days,7
Never,Most Days,Most Days,Most Days,8
Never,Never,Never,Most Days,8
Never,Never,Some Days,Most Days,7
Never,Most Days,Some Days,Some Days,7
Never,Some Days,Some Days,Some Days,8
Never,Never,Some Days,Most Days,9
Never,Some Days,Some Days,Some Days,6
Never,Never,Never,Never,8
Never,Some Days,Some Days,Some Days,6
Never,Never,Never,Some Days,7
Some Days,Some Days,Some Days,Some Days,6
Every Day,Some Days,Some Days,Some Days,7
Never,Never,Never,Some Days,7
Never,Some Days,Some Days,Most Days,7
Never,Some Days,Never,Most Days,6
Never,Most Days,Some Days,Never,6
Never,Some Days,Most Days,Some Days,7
Never,Never,Never,Every Day,7
Never,Never,Never,Some Days,6
Never,Never,Never,Most Days,8
Never,Some Days,Never,Never,6
Never,Never,Some Days,Some Days,9
Never,Never,Never,Some Days,8
Some Days,Some Days,Never,Most Days,6
Never,Never,Never,Some Days,7
Never,Never,Never,Most Days,6
Never,Never,Never,Every Day,7
Never,Never,Never,Every Day,8
Never,Never,Never,Never,9
Most Days,Some Days,Some Days,Some Days,3
Never,Never,Never,Never,7
Never,Never,Never,Never,6
Never,Never,Never,Most Days,8
Never,Never,Some Days,Most Days,8
Never,Never,Never,Most Days,7
Never,Never,Never,Most Days,7
Never,Every Day,Some Days,Most Days,6
Never,Never,Never,Most Days,9
Never,Never,Never,Most Days,6
Never,Never,Never,Some Days,7
Never,Most Days,Most Days,Some Days,7
Never,Never,Never,Most Days,7
Never,Some Days,Some Days,Most Days,7
Never,Never,Never,Most Days,8
Some Days,Most Days,Never,Most Days,7
Never,Some Days,Never,Every Day,7
Never,Never,Never,Most Days,8
Never,Some Days,Some Days,Most Days,7
Never,Never,Never,Most Days,10
Never,Never,Most Days,Most Days,7
Never,Never,Never,Every Day,8
Never,Never,Some Days,Most Days,7
Never,Most Days,Every Day,Most Days,9
Never,Never,Never,Every Day,5
Never,Most Days,Never,Most Days,8
Never,Never,Never,Most Days,6
Never,Never,Most Days,Every Day,12
Every Day,Every Day,Never,Never,12
Never,Never,Never,Some Days,7
Never,Some Days,Some Days,Some Days,6
Never,Never,Never,Most Days,6
Never,Most Days,Some Days,Some Days,6
Never,Some Days,Some Days,Most Days,7
Some Days,Some Days,Never,Most Days,6
Some Days,Some Days,Never,Some Days,6
Never,Most Days,Never,Some Days,6
Never,Some Days,Never,Some Days,5
Every Day,Every Day,Some Days,Never,8
Never,Never,Never,Every Day,7
Never,Never,Never,Most Days,7
Some Days,Never,Some Days,Most Days,8
Every Day,Some Days,Never,Most Days,8
Never,Every Day,Never,Never,8
Never,Never,Never,Most Days,7
Never,Every Day,Some Days,Most Days,6
Every Day,Every Day,Every Day,Some Days,7
Never,Never,Never,Most Days,8
Never,Never,Some Days,Most Days,7
Never,Some Days,Some Days,Every Day,8
Never,Some Days,Some Days,Some Days,10
Never,Never,Never,Every Day,10
Never,Never,Never,Most Days,8
Never,Never,Never,Every Day,8
Never,Never,Never,Every Day,7
Never,Never,Most Days,Some Days,8
Never,Never,Never,Most Days,8
Never,Some Days,Never,Most Days,7
Never,Some Days,Never,Most Days,8
Some Days,Every Day,Every Day,Some Days,5
Never,Never,Never,Most Days,8
Never,Some Days,Never,Some Days,6
Some Days,Never,Never,Most Days,8
Every Day,Some Days,Never,Some Days,7
Some Days,Never,Never,Most Days,6
Never,Never,Never,Every Day,7
Never,Every Day,Some Days,Most Days,7
Most Days,Some Days,Some Days,Some Days,6
Never,Never,Never,Most Days,7
Some Days,Never,Some Days,Some Days,7
Never,Some Days,Every Day,Some Days,6
Never,Never,Never,Most Days,7
Never,Never,Some Days,Most Days,8
Never,Some Days,Some Days,Most Days,7
Never,Never,Never,Most Days,8
Never,Never,Every Day,Every Day,8
Never,Never,Most Days,Every Day,8
Never,Some Days,Every Day,Some Days,8
Never,Never,Never,Never,7
Never,Never,Some Days,Most Days,7
Never,Never,Most Days,Never,6
Never,Never,Never,Every Day,9
Never,Some Days,Most Days,Never,6
Never,Never,Never,Most Days,7
Never,Never,Never,Some Days,7
Never,Never,Never,Every Day,8
Never,Never,Never,Some Days,7
Never,Some Days,Some Days,Most Days,8
Never,Never,Never,Most Days,8
Every Day,Every Day,Never,Every Day,6
Never,Never,Never,Most Days,6
Never,Most Days,Never,Most Days,7
Every Day,Every Day,Every Day,Never,3
Every Day,Every Day,Every Day,Some Days,9
Never,Never,Never,Every Day,7
Every Day,Every Day,Every Day,Some Days,8
Never,Never,Never,Most Days,6
Every Day,Every Day,Every Day,Every Day,12
Never,Some Days,Some Days,Most Days,7
Never,Some Days,Some Days,Some Days,6
Every Day,Never,Never,Every Day,12
Never,Never,Some Days,Most Days,8
Never,Never,Never,Every Day,8
Never,Never,Some Days,Most Days,7
Never,Never,Never,Some Days,7
Never,Some Days,Never,Most Days,7
Never,Some Days,Never,Most Days,8
Never,Never,Never,Some Days,7
Never,Never,Never,Some Days,8
Never,Never,Never,Some Days,8
Every Day,Never,Some Days,Some Days,9
Never,Some Days,Never,Most Days,6
Never,Every Day,Every Day,Never,5
Never,Never,Never,Most Days,6
Never,Some Days,Some Days,Most Days,8
Some Days,Some Days,Some Days,Some Days,6
Every Day,Every Day,Every Day,Some Days,7
Some Days,Some Days,Never,Most Days,8
Every Day,Never,Never,Never,10
Some Days,Never,Never,Most Days,8
Never,Never,Never,Most Days,7
Never,Never,Never,Every Day,8
Never,Some Days,Some Days,Never,5
Every Day,Never,Never,Some Days,6
Never,Some Days,Never,Most Days,7
Never,Some Days,Some Days,Some Days,4
Some Days,Never,Every Day,Never,5
Never,Some Days,Some Days,Most Days,8
Never,Never,Some Days,Most Days,7
Never,Never,Never,Some Days,8
Never,Some Days,Never,Most Days,7
Never,Never,Some Days,Some Days,8
Never,Never,Never,Every Day,6
Never,Never,Never,Some Days,7
Never,Never,Never,Some Days,7
Never,Never,Most Days,Most Days,6
Most Days,Some Days,Never,Never,7
Never,Never,Never,Most Days,7
Never,Never,Some Days,Most Days,6
Some Days,Every Day,Never,Never,7
Some Days,Some Days,Some Days,Some Days,8
Never,Never,Never,Most Days,6
Never,Never,Never,Every Day,7
Never,Never,Never,Every Day,10
Never,Every Day,Never,Never,8
Never,Never,Never,Every Day,6
Never,Never,Never,Most Days,7
Never,Never,Never,Every Day,10
Never,Some Days,Never,Some Days,6
Never,Never,Never,Every Day,7
Every Day,Every Day,Every Day,Some Days,5
Never,Never,Never,Every Day,8
Never,Every Day,Never,Never,8
Never,Never,Never,Most Days,7
Never,Never,Never,Most Days,8
Never,Never,Never,Some Days,8
Never,Never,Never,Every Day,7
Never,Some Days,Never,Most Days,7
Never,Never,Never,Most Days,8
Never,Most Days,Never,Every Day,1
Every Day,Never,Never,Some Days,8
Never,Some Days,Never,Most Days,6
Never,Never,Never,Most Days,7
Never,Some Days,Never,Most Days,8
Every Day,Never,Never,Some Days,6
Never,Some Days,Never,Some Days,7
Never,Never,Never,Most Days,5
Never,Never,Never,Most Days,7
Never,Some Days,Some Days,Most Days,7
Never,Never,Never,Most Days,7
Never,Some Days,Never,Most Days,8
Never,Some Days,Never,Most Days,8
Never,Never,Never,Some Days,9
Some Days,Some Days,Most Days,Some Days,7
Never,Never,Every Day,Some Days,7
Every Day,Never,Some Days,Most Days,9
Never,Some Days,Never,Most Days,7
Never,Never,Never,Most Days,7
Never,Every Day,Never,Most Days,8
Never,Most Days,Never,Most Days,8
Never,Every Day,Every Day,Never,9
Some Days,Never,Some Days,Most Days,8
Never,Never,Never,Every Day,8
Never,Some Days,Never,Most Days,8
Some Days,Some Days,Some Days,Some Days,7
Every Day,Most Days,Never,Never,5
Every Day,Most Days,Some Days,Some Days,8
Never,Never,Never,Every Day,10
Never,Some Days,Never,Most Days,8
Never,Never,Never,Most Days,6
Never,Some Days,Some Days,Some Days,5
Never,Never,Never,Most Days,7
Never,Never,Never,Most Days,9
Some Days,Some Days,Most Days,Some Days,6
Every Day,Some Days,Never,Some Days,8
Never,Some Days,Some Days,Most Days,7
Every Day,Some Days,Some Days,Some Days,8
Never,Never,Some Days,Most Days,7
Some Days,Most Days,Some Days,Some Days,7
Never,Never,Some Days,Some Days,12
Every Day,Never,Some Days,Never,7
Every Day,Never,Some Days,Some Days,7
Never,Never,Never,Every Day,10
Never,Some Days,Never,Most Days,7
Never,Never,Some Days,Some Days,10
Some Days,Some Days,Some Days,Some Days,6
Never,Never,Never,Some Days,8
Never,Some Days,Some Days,Some Days,5
Most Days,Never,Every Day,Never,5
Every Day,Some Days,Some Days,Most Days,9
Never,Never,Never,Never,5
Never,Most Days,Some Days,Most Days,7
Never,Some Days,Never,Some Days,7
Never,Some Days,Some Days,Some Days,7
Never,Some Days,Some Days,Every Day,6
Never,Some Days,Some Days,Some Days,10
Never,Some Days,Never,Most Days,8
Some Days,Most Days,Some Days,Some Days,6
Every Day,Some Days,Some Days,Most Days,8
Every Day,Never,Never,Every Day,8
Never,Never,Never,Every Day,7
Never,Never,Never,Most Days,10
Never,Never,Never,Most Days,6
Some Days,Some Days,Some Days,Some Days,7
Never,Some Days,Never,Most Days,7
Some Days,Some Days,Some Days,Some Days,7
Never,Some Days,Some Days,Most Days,7
Some Days,Most Days,Most Days,Some Days,4
Never,Some Days,Never,Most Days,8
Never,Never,Never,Every Day,7
Never,Some Days,Never,Some Days,7
Most Days,Most Days,Most Days,Some Days,6
Never,Most Days,Most Days,Some Days,5
Every Day,Never,Never,Most Days,7
Never,Most Days,Most Days,Some Days,4
Never,Some Days,Never,Most Days,7
Every Day,Some Days,Never,Some Days,8
Never,Some Days,Every Day,Some Days,8
Some Days,Some Days,Every Day,Never,14
Never,Never,Never,Most Days,8
Never,Never,Some Days,Most Days,6
Never,Never,Some Days,Most Days,7
Never,Every Day,Never,Never,10
Every Day,Never,Every Day,Never,5
Never,Most Days,Every Day,Some Days,6
Never,Never,Some Days,Some Days,6
Never,Never,Some Days,Every Day,8
Never,Every Day,Some Days,Most Days,6
Never,Most Days,Some Days,Some Days,4
Some Days,Never,Some Days,Most Days,8
Never,Some Days,Never,Some Days,6
Never,Never,Never,Never,8
Never,Some Days,Some Days,Every Day,8
Never,Some Days,Never,Most Days,8
Never,Some Days,Never,Some Days,8
Never,Never,Never,Most Days,7
Never,Never,Never,Some Days,6
Never,Some Days,Never,Every Day,8
Never,Never,Never,Most Days,5
Never,Never,Never,Never,8
Never,Most Days,Some Days,Never,6
Never,Some Days,Never,Most Days,7
Never,Every Day,Most Days,Never,7
Never,Never,Never,Every Day,7
Never,Never,Some Days,Every Day,8
Never,Never,Never,Never,7
Never,Never,Never,Every Day,9
Never,Some Days,Never,Most Days,8
Never,Never,Never,Every Day,9
Never,Never,Never,Most Days,8
Never,Never,Never,Some Days,6
Never,Some Days,Some Days,Never,8
Never,Some Days,Most Days,Most Days,6
Never,Some Days,Some Days,Some Days,5
Never,Some Days,Never,Some Days,6
Never,Never,Never,Every Day,7
Every Day,Some Days,Never,Never,6
Never,Never,Never,Every Day,7
Never,Some Days,Some Days,Some Days,7
Never,Never,Some Days,Every Day,8
Never,Never,Never,Every Day,8
Never,Never,Never,Every Day,8
Never,Some Days,Some Days,Some Days,8
Never,Most Days,Every Day,Some Days,5
Never,Never,Never,Every Day,8
Never,Some Days,Never,Some Days,7
Some Days,Some Days,Some Days,Most Days,7
Never,Every Day,Every Day,Some Days,6
Never,Some Days,Every Day,Some Days,6
Never,Never,Never,Never,6
Never,Some Days,Never,Most Days,8
Some Days,Never,Some Days,Most Days,5
Never,Never,Never,Every Day,8
Some Days,Some Days,Some Days,Some Days,7
Never,Never,Never,Most Days,7
Never,Never,Never,Every Day,6
Never,Every Day,Every Day,Never,4
Never,Never,Every Day,Never,6
Never,Every Day,Every Day,Never,5
Never,Never,Never,Most Days,7
Never,Most Days,Most Days,Some Days,8
Never,Some Days,Never,Some Days,4
Every Day,Most Days,Most Days,Some Days,6
Never,Some Days,Never,Most Days,8
Never,Never,Some Days,Most Days,7
Never,Some Days,Some Days,Every Day,6
Never,Never,Never,Every Day,7
Never,Some Days,Some Days,Most Days,7
Never,Some Days,Never,Never,8
Never,Never,Never,Never,7
Never,Never,Never,Every Day,8
Never,Some Days,Some Days,Most Days,7
Never,Some Days,Never,Some Days,6
Never,Most Days,Some Days,Most Days,6
Never,Some Days,Some Days,Most Days,7
Every Day,Some Days,Never,Most Days,7
Never,Most Days,Some Days,Some Days,5
Never,Some Days,Never,Most Days,7
Never,Never,Never,Every Day,8
Never,Never,Most Days,Most Days,8
Never,Never,Never,Most Days,8
Some Days,Never,Some Days,Every Day,10
Never,Some Days,Some Days,Most Days,5
Every Day,Some Days,Every Day,Never,6
Some Days,Some Days,Some Days,Some Days,6
Never,Never,Never,Never,7
Never,Never,Most Days,Most Days,4
Some Days,Most Days,Most Days,Some Days,7
Never,Most Days,Most Days,Never,6
Never,Most Days,Some Days,Some Days,7
Every Day,Most Days,Every Day,Some Days,4
Never,Never,Never,Every Day,8
Never,Never,Never,Never,9
Some Days,Some Days,Most Days,Most Days,7
Never,Never,Never,Most Days,8
Never,Never,Never,Some Days,10
Never,Some Days,Some Days,Most Days,7
Never,Some Days,Some Days,Most Days,7
Never,Never,Never,Every Day,7
Never,Never,Never,Every Day,8
Never,Never,Never,Most Days,7
Never,Never,Never,Every Day,8
Never,Never,Never,Most Days,6
Never,Some Days,Most Days,Most Days,8
Some Days,Every Day,Never,Every Day,8
Never,Never,Never,Every Day,7
Never,Some Days,Some Days,Some Days,6
Never,Never,Never,Most Days,8
Never,Never,Never,Some Days,7
Never,Never,Never,Some Days,8
Never,Never,Never,Every Day,10
Never,Never,Never,Some Days,7
Never,Never,Never,Every Day,8
Never,Some Days,Never,Some Days,8
Never,Never,Never,Every Day,8
Never,Never,Never,Never,7
Never,Some Days,Some Days,Some Days,8
Never,Some Days,Some Days,Most Days,6
Never,Never,Never,Every Day,6
Never,Never,Most Days,Some Days,6
Never,Never,Never,Most Days,6
Never,Never,Some Days,Some Days,10
Most Days,Most Days,Most Days,Some Days,5
Never,Never,Never,Every Day,8
Never,Never,Never,Some Days,6
Some Days,Some Days,Never,Most Days,7
Never,Never,Never,Most Days,6
Never,Never,Never,Every Day,8
Never,Never,Never,Every Day,8
Never,Never,Never,Every Day,7
Never,Never,Never,Never,8
Never,Most Days,Most Days,Some Days,7
Never,Every Day,Never,Some Days,7
Most Days,Most Days,Most Days,Some Days,6
Most Days,Some Days,Never,Every Day,8
Some Days,Every Day,Some Days,Never,6
Never,Never,Never,Some Days,6
Never,Never,Never,Every Day,8
Never,Some Days,Never,Most Days,8
Never,Some Days,Some Days,Some Days,8
Never,Never,Never,Most Days,7
Never,Every Day,Every Day,Some Days,4
Never,Never,Never,Some Days,5
Never,Every Day,Every Day,Never,5
Never,Never,Never,Some Days,4
Never,Never,Never,Most Days,7
Never,Never,Never,Some Days,6
Never,Never,Never,Never,6
Never,Never,Never,Every Day,8
Never,Never,Never,Most Days,6
Never,Never,Never,Most Days,7
Never,Never,Never,Every Day,8
Never,Some Days,Some Days,Most Days,6
Never,Never,Never,Most Days,7
Never,Never,Never,Every Day,6
Every Day,Most Days,Never,Most Days,14
Never,Some Days,Some Days,Most Days,7
Every Day,Never,Never,Every Day,8
Never,Never,Never,Most Days,7
Never,Some Days,Some Days,Most Days,6
Some Days,Some Days,Some Days,Most Days,5
Never,Some Days,Never,Some Days,8
Never,Never,Never,Some Days,8
Never,Never,Never,Most Days,8
Never,Never,Most Days,Some Days,7
Never,Never,Some Days,Every Day,7
Some Days,Some Days,Never,Some Days,8
Never,Never,Never,Every Day,8
Never,Never,Never,Most Days,7
Never,Every Day,Most Days,Never,6
Every Day,Some Days,Never,Most Days,8
Most Days,Most Days,Some Days,Most Days,9
Never,Some Days,Some Days,Most Days,6
Every Day,Some Days,Some Days,Most Days,8
Never,Never,Some Days,Most Days,7
Never,Never,Never,Every Day,9
Never,Most Days,Most Days,Some Days,6
Every Day,Some Days,Some Days,Never,10
Some Days,Most Days,Most Days,Never,7
Never,Some Days,Never,Never,6
Never,Never,Never,Never,8
Never,Some Days,Never,Most Days,7
Never,Some Days,Some Days,Some Days,8
Never,Never,Never,Most Days,8
Some Days,Some Days,Most Days,Most Days,5
Never,Never,Never,Every Day,7
Never,Every Day,Every Day,Never,6
Never,Most Days,Most Days,Most Days,8
Never,Some Days,Never,Every Day,8
Never,Some Days,Some Days,Most Days,8
Never,Some Days,Some Days,Most Days,8
Never,Never,Never,Most Days,7
Never,Some Days,Some Days,Every Day,7
Never,Some Days,Most Days,Some Days,7
Never,Never,Never,Most Days,7
Never,Never,Never,Most Days,7
Some Days,Some Days,Some Days,Some Days,4
Never,Never,Never,Most Days,8
Never,Never,Never,Most Days,10
Never,Never,Never,Most Days,7
Never,Never,Never,Most Days,8
Never,Most Days,Most Days,Most Days,7
Never,Some Days,Never,Most Days,7
Never,Some Days,Never,Every Day,7
Never,Never,Never,Most Days,8
Never,Never,Never,Most Days,7
Never,Some Days,Never,Most Days,8
Never,Every Day,Some Days,Never,5
Never,Some Days,Some Days,Most Days,7
Never,Some Days,Never,Most Days,7
Some Days,Some Days,Some Days,Most Days,7
Never,Never,Never,Most Days,7
Most Days,Most Days,Some Days,Some Days,7
Every Day,Some Days,Never,Most Days,8
Never,Never,Never,Most Days,8
Never,Never,Never,Most Days,10
Never,Never,Some Days,Most Days,8
Never,Every Day,Never,Some Days,6
Never,Never,Never,Every Day,7
Never,Some Days,Never,Every Day,6
Some Days,Most Days,Some Days,Some Days,6
Never,Never,Never,Most Days,7
Never,Never,Never,Most Days,6
Never,Most Days,Never,Some Days,8
Never,Never,Never,Every Day,8
Never,Never,Never,Some Days,7
Never,Never,Never,Most Days,8
Some Days,Every Day,Most Days,Most Days,3
Never,Some Days,Some Days,Some Days,10
Never,Never,Never,Most Days,8
Never,Some Days,Most Days,Some Days,7
Never,Some Days,Never,Most Days,6
Never,Never,Never,Every Day,6
Some Days,Most Days,Every Day,Some Days,5
Never,Never,Never,Never,8
Never,Some Days,Never,Most Days,7
Never,Never,Never,Every Day,7
Never,Some Days,Some Days,Most Days,8
Never,Some Days,Some Days,Most Days,6
Never,Never,Never,Every Day,8
Some Days,Some Days,Some Days,Some Days,5
Never,Never,Some Days,Most Days,8
Never,Some Days,Some Days,Most Days,9
Never,Never,Some Days,Most Days,7
Never,Never,Some Days,Most Days,8
Never,Never,Never,Never,8
Never,Some Days,Some Days,Most Days,9
Never,Never,Every Day,Some Days,10
Never,Most Days,Some Days,Some Days,6
Some Days,Never,Never,Most Days,7
Every Day,Most Days,Some Days,Some Days,7
Never,Some Days,Some Days,Some Days,7
Never,Most Days,Some Days,Some Days,7
Some Days,Some Days,Some Days,Most Days,8
Every Day,Most Days,Never,Most Days,7
Every Day,Some Days,Most Days,Some Days,8
Some Days,Some Days,Some Days,Most Days,8
Every Day,Some Days,Some Days,Some Days,11
Every Day,Never,Never,Every Day,7
Some Days,Some Days,Never,Most Days,8
Never,Never,Never,Most Days,6
Never,Every Day,Every Day,Every Day,7
Some Days,Most Days,Some Days,Most Days,6
Never,Some Days,Some Days,Some Days,6
Never,Never,Never,Some Days,6
Never,Some Days,Never,Every Day,6
Never,Never,Some Days,Most Days,7
Every Day,Some Days,Some Days,Some Days,6
Never,Never,Some Days,Some Days,10
Never,Some Days,Never,Some Days,6
Never,Most Days,Some Days,Some Days,5
Never,Some Days,Never,Every Day,8
Every Day,Some Days,Never,Most Days,8
Never,Some Days,Some Days,Most Days,7
Never,Some Days,Never,Every Day,6
Never,Some Days,Never,Most Days,7
Some Days,Some Days,Some Days,Most Days,8
Never,Most Days,Most Days,Some Days,4
Never,Never,Never,Every Day,8
Never,Never,Never,Never,8
Never,Some Days,Some Days,Most Days,8
Never,Never,Never,Every Day,5
Never,Most Days,Some Days,Most Days,8
Never,Never,Never,Most Days,6
Some Days,Some Days,Some Days,Most Days,7
Never,Never,Never,Every Day,8
Never,Some Days,Some Days,Most Days,7
Some Days,Some Days,Every Day,Some Days,6
Never,Never,Some Days,Some Days,7
Never,Never,Some Days,Every Day,7
Never,Some Days,Some Days,Most Days,9
Every Day,Some Days,Never,Some Days,8
Never,Some Days,Some Days,Most Days,7
Never,Never,Never,Most Days,8
Never,Never,Some Days,Every Day,8
Never,Some Days,Some Days,Most Days,7
Never,Some Days,Never,Most Days,8
Every Day,Some Days,Some Days,Most Days,8
Never,Most Days,Most Days,Some Days,7
Never,Never,Never,Most Days,8
Never,Some Days,Never,Most Days,7
Never,Some Days,Never,Some Days,10
Never,Never,Never,Every Day,8
Never,Some Days,Some Days,Most Days,8
Never,Some Days,Never,Most Days,7
Never,Some Days,Some Days,Some Days,6
Never,Some Days,Some Days,Most Days,9
Never,Never,Some Days,Most Days,9
Never,Every Day,Some Days,Some Days,9
Never,Some Days,Never,Most Days,8
Never,Never,Some Days,Most Days,7
Some Days,Most Days,Never,Some Days,7
Some Days,Most Days,Never,Every Day,6
Most Days,Most Days,Most Days,Some Days,7
Some Days,Never,Every Day,Some Days,4
Never,Some Days,Some Days,Some Days,8
Never,Never,Some Days,Most Days,8
Some Days,Some Days,Some Days,Some Days,8
Some Days,Some Days,Some Days,Some Days,7
Some Days,Some Days,Never,Never,7
Never,Never,Never,Most Days,8
Never,Never,Never,Some Days,6
Never,Some Days,Some Days,Most Days,6
Never,Some Days,Never,Most Days,7
Never,Most Days,Most Days,Every Day,10
Every Day,Every Day,Every Day,Never,6
Never,Never,Never,Every Day,8
Never,Some Days,Never,Most Days,7
Some Days,Every Day,Most Days,Some Days,6
Never,Never,Never,Every Day,7
Every Day,Most Days,Some Days,Some Days,7
Never,Never,Some Days,Most Days,8
Never,Never,Never,Most Days,7
Never,Some Days,Never,Some Days,7
Never,Every Day,Most Days,Some Days,10
Never,Never,Never,Most Days,7
Never,Some Days,Some Days,Most Days,7
Never,Never,Never,Most Days,8
Never,Never,Never,Every Day,8
Never,Every Day,Most Days,Most Days,7
Never,Never,Some Days,Some Days,8
Every Day,Every Day,Every Day,Some Days,5
Never,Every Day,Never,Most Days,7
Never,Never,Never,Every Day,8
Never,Never,Some Days,Some Days,7
Some Days,Every Day,Never,Some Days,7
Never,Never,Never,Never,7
Most Days,Every Day,Every Day,Never,4
Never,Never,Never,Every Day,7
Every Day,Every Day,Some Days,Most Days,7
Never,Every Day,Some Days,Never,4
Never,Some Days,Never,Some Days,8
Never,Never,Never,Most Days,8
Never,Every Day,Never,Most Days,6
Never,Never,Never,Every Day,8
Never,Never,Never,Some Days,8
Never,Never,Some Days,Most Days,7
Never,Never,Never,Most Days,8
Never,Some Days,Some Days,Most Days,7
Some Days,Never,Never,Some Days,8
Never,Some Days,Never,Every Day,7
Never,Some Days,Some Days,Some Days,10
Never,Some Days,Never,Some Days,6
Never,Some Days,Never,Every Day,8
Never,Never,Never,Every Day,8
Most Days,Never,Never,Most Days,8
Never,Never,Never,Most Days,7
Never,Never,Never,Some Days,8
Never,Never,Some Days,Most Days,8
Never,Some Days,Never,Most Days,7
Some Days,Most Days,Most Days,Most Days,5
Never,Most Days,Never,Most Days,7
Some Days,Some Days,Most Days,Never,4
Never,Most Days,Some Days,Some Days,7
Never,Some Days,Some Days,Some Days,6
Never,Never,Never,Every Day,6
Some Days,Most Days,Most Days,Some Days,7
Never,Some Days,Some Days,Some Days,6
Never,Some Days,Some Days,Most Days,8
Never,Never,Never,Some Days,8
Never,Never,Some Days,Never,6
Never,Never,Some Days,Some Days,6
Some Days,Some Days,Some Days,Most Days,6
Never,Never,Some Days,Most Days,8
Never,Every Day,Never,Some Days,7
Some Days,Some Days,Some Days,Some Days,7
Never,Never,Never,Most Days,6
Never,Some Days,Never,Most Days,5
Never,Never,Some Days,Most Days,8
Never,Never,Never,Every Day,7
Some Days,Never,Some Days,Most Days,7
Some Days,Never,Every Day,Some Days,3
Never,Never,Never,Most Days,8
Never,Some Days,Never,Most Days,8
Never,Never,Never,Most Days,8
Never,Never,Never,Most Days,10
Most Days,Never,Never,Most Days,7
Never,Most Days,Every Day,Some Days,8
Never,Never,Never,Most Days,8
Never,Never,Never,Most Days,7
Never,Some Days,Never,Most Days,7
Every Day,Some Days,Some Days,Most Days,8
Never,Never,Never,Some Days,6
Never,Never,Never,Every Day,8
Never,Never,Never,Most Days,7
Never,Every Day,Never,Every Day,6
Never,Some Days,Never,Most Days,9
Every Day,Never,Never,Every Day,14
Never,Most Days,Some Days,Some Days,8
Never,Some Days,Some Days,Most Days,8
Some Days,Most Days,Most Days,Some Days,5
Never,Never,Never,Every Day,8
Never,Never,Some Days,Most Days,7
Every Day,Most Days,Most Days,Most Days,7
Never,Some Days,Some Days,Most Days,7
Some Days,Never,Never,Never,7
Never,Some Days,Never,Most Days,7
Never,Never,Never,Most Days,7
Never,Never,Never,Every Day,9
Some Days,Some Days,Some Days,Some Days,12
Never,Never,Never,Most Days,7
Never,Never,Some Days,Most Days,8
Never,Some Days,Some Days,Most Days,7
Never,Some Days,Some Days,Most Days,6
Never,Most Days,Some Days,Some Days,8
Never,Never,Never,Every Day,8
Never,Some Days,Some Days,Most Days,8
Never,Some Days,Some Days,Most Days,7
Never,Some Days,Never,Most Days,4
Most Days,Some Days,Some Days,Most Days,8
Every Day,Some Days,Never,Some Days,7
Never,Never,Never,Every Day,7
Never,Some Days,Never,Most Days,6
Never,Some Days,Some Days,Some Days,7
Never,Some Days,Some Days,Most Days,7
Every Day,Never,Never,Most Days,8
Every Day,Some Days,Most Days,Most Days,8
Never,Most Days,Most Days,Some Days,5
Never,Never,Never,Every Day,6
Never,Never,Never,Most Days,8
Never,Most Days,Most Days,Some Days,7
Never,Every Day,Every Day,Some Days,6
Never,Never,Some Days,Most Days,8
Never,Some Days,Never,Every Day,6
Never,Never,Never,Most Days,8
Never,Never,Never,Most Days,9
Never,Never,Some Days,Never,9
Never,Some Days,Never,Most Days,6
Every Day,Most Days,Most Days,Never,5
Never,Some Days,Never,Some Days,8
Never,Some Days,Some Days,Most Days,7
Some Days,Most Days,Never,Never,8
Never,Never,Never,Some Days,7
Some Days,Some Days,Some Days,Most Days,6
Every Day,Most Days,Most Days,Some Days,3
Some Days,Some Days,Never,Some Days,7
Never,Some Days,Some Days,Some Days,6
Never,Some Days,Never,Most Days,7
Every Day,Every Day,Never,Never,6
Never,Never,Never,Every Day,7
Some Days,Some Days,Some Days,Most Days,7
Never,Some Days,Some Days,Some Days,10
Never,Never,Never,Some Days,7
Never,Some Days,Most Days,Some Days,7
Never,Never,Never,Most Days,6
Never,Never,Most Days,Some Days,3
Never,Never,Never,Every Day,8
Never,Never,Some Days,Most Days,8
Never,Never,Never,Most Days,7
Never,Never,Never,Most Days,5
Never,Some Days,Some Days,Most Days,4
Never,Never,Never,Every Day,6
Some Days,Some Days,Some Days,Most Days,6
Every Day,Some Days,Every Day,Some Days,5
Never,Never,Never,Most Days,7
Never,Never,Never,Some Days,5
Never,Never,Never,Every Day,8
Some Days,Most Days,Some Days,Some Days,6
Never,Never,Never,Every Day,9
Never,Never,Never,Every Day,8
Never,Never,Never,Some Days,8
Never,Never,Some Days,Most Days,7
Never,Never,Never,Every Day,6
Never,Some Days,Some Days,Some Days,8
Never,Most Days,Never,Never,7
Never,Some Days,Never,Some Days,8
Never,Some Days,Some Days,Most Days,6
Never,Some Days,Some Days,Most Days,10
Never,Some Days,Never,Every Day,9
Never,Never,Never,Every Day,7
Every Day,Some Days,Never,Some Days,7
Never,Never,Some Days,Most Days,7
Never,Some Days,Some Days,Most Days,5
Never,Never,Never,Every Day,9
Never,Some Days,Some Days,Some Days,6
Never,Every Day,Some Days,Some Days,7
Never,Most Days,Some Days,Some Days,7
Never,Some Days,Some Days,Some Days,6
Never,Never,Never,Most Days,7
Never,Some Days,Some Days,Never,12
Never,Every Day,Every Day,Never,5
Some Days,Every Day,Every Day,Never,8
Every Day,Some Days,Most Days,Never,6
Never,Never,Some Days,Most Days,8
Never,Some Days,Never,Most Days,5
Never,Some Days,Some Days,Most Days,7
Never,Most Days,Every Day,Most Days,7
Never,Some Days,Never,Most Days,8
Never,Never,Some Days,Never,7
Never,Never,Never,Most Days,8
Never,Never,Never,Most Days,7
Never,Never,Never,Some Days,6
Never,Never,Some Days,Most Days,10
Never,Every Day,Every Day,Never,5
Never,Never,Never,Every Day,9
Never,Never,Never,Most Days,6
Never,Some Days,Never,Most Days,7
Every Day,Never,Some Days,Every Day,8
Never,Never,Some Days,Some Days,7
Never,Never,Never,Every Day,7
Never,Never,Never,Every Day,8
Never,Some Days,Most Days,Most Days,7
Never,Never,Never,Most Days,7
Most Days,Most Days,Some Days,Some Days,6
Never,Some Days,Never,Every Day,12
Never,Some Days,Some Days,Some Days,7
Every Day,Every Day,Every Day,Most Days,6
Never,Never,Never,Every Day,7
Some Days,Every Day,Never,Never,6
Never,Never,Some Days,Every Day,8
Never,Never,Never,Most Days,8
Never,Some Days,Never,Most Days,7
Never,Never,Some Days,Most Days,7
Never,Never,Some Days,Some Days,6
Some Days,Most Days,Some Days,Some Days,5
Never,Never,Never,Some Days,6
Every Day,Some Days,Some Days,Most Days,8
Never,Never,Never,Most Days,8
Never,Some Days,Some Days,Most Days,8
Never,Never,Some Days,Never,6
Every Day,Every Day,Every Day,Never,6
Never,Never,Never,Every Day,7
Most Days,Most Days,Every Day,Some Days,10
Never,Some Days,Never,Every Day,8
Some Days,Never,Some Days,Some Days,10
Never,Some Days,Never,Some Days,6
Never,Never,Never,Most Days,9
Every Day,Every Day,Every Day,Never,4
Never,Some Days,Never,Every Day,7
Every Day,Most Days,Never,Never,4
Never,Some Days,Some Days,Never,9
Never,Some Days,Some Days,Some Days,7
Never,Never,Some Days,Some Days,7
Never,Never,Never,Most Days,7
Never,Some Days,Never,Most Days,8
Never,Some Days,Never,Every Day,10
Some Days,Never,Most Days,Some Days,7
Some Days,Some Days,Some Days,Some Days,8
Never,Most Days,Most Days,Never,12
Never,Never,Never,Most Days,8
Never,Most Days,Some Days,Some Days,5
Most Days,Most Days,Most Days,Never,7
Never,Some Days,Never,Some Days,6
Never,Never,Some Days,Most Days,7
Never,Never,Never,Most Days,6
Never,Some Days,Some Days,Most Days,7
Never,Some Days,Some Days,Most Days,7
Every Day,Some Days,Never,Some Days,7
Some Days,Never,Never,Most Days,10
Never,Some Days,Never,Most Days,8
Never,Some Days,Most Days,Never,7
Never,Some Days,Some Days,Most Days,8
Never,Never,Most Days,Most Days,7
Never,Most Days,Some Days,Most Days,8
Never,Every Day,Never,Some Days,4
Never,Never,Never,Every Day,8
Never,Never,Never,Never,7
Never,Never,Some Days,Some Days,7
Never,Never,Never,Most Days,6
Never,Some Days,Never,Most Days,6
Never,Some Days,Never,Some Days,7
Never,Some Days,Some Days,Some Days,9
Never,Never,Never,Most Days,7
Never,Some Days,Some Days,Most Days,8
Never,Some Days,Some Days,Some Days,6
Some Days,Never,Some Days,Some Days,8
Never,Some Days,Some Days,Some Days,8
Never,Some Days,Never,Most Days,8
Some Days,Some Days,Never,Some Days,7
Some Days,Some Days,Some Days,Most Days,8
Some Days,Never,Some Days,Most Days,8
Every Day,Some Days,Some Days,Some Days,10
Every Day,Every Day,Some Days,Some Days,6
Some Days,Never,Never,Some Days,8
Never,Some Days,Most Days,Some Days,7
Never,Some Days,Most Days,Most Days,7
Some Days,Never,Some Days,Most Days,7
Never,Never,Never,Every Day,9
Every Day,Most Days,Some Days,Every Day,7
Never,Some Days,Some Days,Some Days,7
Every Day,Every Day,Some Days,Never,5
Never,Some Days,Never,Most Days,8
Never,Never,Never,Every Day,9
Every Day,Every Day,Never,Most Days,8
Never,Some Days,Some Days,Some Days,8
Every Day,Every Day,Every Day,Most Days,7
Never,Never,Never,Every Day,4
Never,Some Days,Never,Most Days,8
Never,Most Days,Most Days,Some Days,7
Never,Some Days,Some Days,Most Days,7
Never,Every Day,Some Days,Most Days,8
Never,Never,Most Days,Some Days,5
Never,Never,Some Days,Most Days,8
Never,Never,Some Days,Most Days,9
Every Day,Some Days,Some Days,Most Days,7
Every Day,Never,Never,Every Day,9
Some Days,Every Day,Some Days,Some Days,7
Some Days,Most Days,Most Days,Some Days,7
Some Days,Some Days,Some Days,Most Days,7
Never,Some Days,Never,Some Days,8
Never,Never,Some Days,Most Days,8
Never,Some Days,Some Days,Some Days,7
Every Day,Never,Never,Most Days,7
Never,Some Days,Never,Some Days,7
Never,Some Days,Some Days,Most Days,7
Never,Never,Never,Never,7
Never,Some Days,Some Days,Most Days,7
Never,Some Days,Some Days,Most Days,6
Never,Some Days,Never,Most Days,7
Every Day,Some Days,Most Days,Some Days,4
Never,Never,Never,Most Days,7
Never,Some Days,Some Days,Most Days,7
Never,Every Day,Most Days,Most Days,6
Never,Some Days,Some Days,Some Days,8
Every Day,Most Days,Never,Most Days,12
Never,Some Days,Never,Every Day,6
Some Days,Most Days,Some Days,Most Days,8
Every Day,Some Days,Some Days,Most Days,8
Never,Some Days,Some Days,Some Days,6
Never,Most Days,Every Day,Some Days,5
Never,Most Days,Most Days,Never,12
Never,Most Days,Never,Never,7
Never,Never,Never,Some Days,8
Never,Most Days,Every Day,Some Days,6
Some Days,Some Days,Some Days,Most Days,8
Never,Never,Never,Most Days,8
Never,Never,Never,Most Days,9
Never,Never,Never,Most Days,8
Never,Never,Never,Most Days,6
Never,Some Days,Most Days,Some Days,8
Never,Never,Some Days,Most Days,7
Never,Never,Never,Every Day,6
Every Day,Some Days,Some Days,Every Day,12
Every Day,Never,Most Days,Most Days,8
Never,Most Days,Never,Some Days,7
Never,Every Day,Some Days,Never,6
Never,Some Days,Some Days,Some Days,8
Never,Some Days,Some Days,Some Days,7
Never,Every Day,Never,Never,5
Never,Never,Some Days,Some Days,7
Never,Some Days,Some Days,Some Days,7
Never,Never,Some Days,Most Days,5
Never,Never,Never,Most Days,7
Never,Never,Never,Most Days,9
Never,Every Day,Every Day,Never,7
Never,Some Days,Never,Every Day,8
Most Days,Some Days,Never,Some Days,7
Never,Never,Some Days,Most Days,6
Never,Never,Never,Most Days,7
Never,Every Day,Most Days,Never,2
Never,Never,Some Days,Some Days,5
Never,Never,Never,Every Day,7
Most Days,Some Days,Some Days,Some Days,5
Some Days,Some Days,Some Days,Some Days,7
Never,Never,Never,Some Days,8
Never,Some Days,Some Days,Some Days,8
Never,Most Days,Never,Never,8
Never,Never,Never,Every Day,8
Some Days,Some Days,Some Days,Most Days,8
Never,Every Day,Some Days,Some Days,6
Never,Some Days,Some Days,Some Days,8
Every Day,Some Days,Some Days,Some Days,6
Never,Some Days,Some Days,Most Days,7
Never,Never,Never,Never,6
Never,Never,Never,Most Days,5
Never,Never,Never,Most Days,7
Never,Never,Never,Every Day,5
Some Days,Never,Never,Every Day,6
Never,Most Days,Every Day,Some Days,5
Never,Never,Never,Every Day,9
Never,Every Day,Some Days,Some Days,6
Every Day,Never,Never,Some Days,7
Never,Some Days,Some Days,Most Days,5
Never,Some Days,Never,Some Days,8
Never,Some Days,Some Days,Some Days,5
Never,Never,Every Day,Some Days,7
Never,Some Days,Never,Most Days,6
Every Day,Most Days,Every Day,Never,7
Every Day,Every Day,Every Day,Never,4
Never,Most Days,Most Days,Some Days,8
Never,Never,Never,Some Days,6
Never,Never,Never,Never,6
Some Days,Some Days,Some Days,Every Day,8
Never,Some Days,Never,Every Day,8
Never,Every Day,Never,Most Days,8
Never,Never,Never,Some Days,6
Never,Some Days,Some Days,Most Days,7
Never,Never,Some Days,Most Days,8
Never,Some Days,Never,Every Day,7
Never,Every Day,Never,Never,5
Never,Some Days,Some Days,Some Days,8
Never,Never,Some Days,Every Day,8
Never,Never,Never,Most Days,8
Never,Some Days,Some Days,Most Days,7
Never,Some Days,Never,Never,7
Never,Never,Some Days,Most Days,6
Never,Some Days,Most Days,Most Days,7
Never,Never,Never,Some Days,5
Never,Most Days,Some Days,Some Days,5
Most Days,Most Days,Every Day,Some Days,4
Never,Every Day,Never,Never,6
Never,Most Days,Most Days,Some Days,6
Never,Some Days,Some Days,Some Days,6
Every Day,Some Days,Never,Every Day,7
Never,Never,Most Days,Never,6
Every Day,Most Days,Most Days,Most Days,5
Never,Never,Never,Most Days,8
Some Days,Some Days,Some Days,Some Days,6
Never,Never,Never,Some Days,7
Some Days,Never,Never,Every Day,9
Never,Never,Never,Most Days,9
Never,Never,Some Days,Every Day,7
Never,Some Days,Some Days,Most Days,8
Some Days,Some Days,Never,Most Days,9
Never,Some Days,Some Days,Most Days,7
Every Day,Some Days,Some Days,Most Days,7
Never,Most Days,Most Days,Some Days,6
Never,Never,Never,Most Days,5
Never,Every Day,Some Days,Most Days,7
Never,Never,Never,Every Day,7
Never,Never,Never,Some Days,7
Never,Some Days,Some Days,Every Day,7
Most Days,Some Days,Some Days,Some Days,8
Never,Never,Never,Every Day,8
Never,Never,Some Days,Some Days,9
Never,Never,Some Days,Most Days,6
Never,Never,Never,Most Days,8
Never,Never,Never,Most Days,7
Never,Never,Never,Most Days,7
Never,Some Days,Some Days,Most Days,7
Never,Some Days,Some Days,Most Days,10
Never,Some Days,Never,Every Day,8
Never,Some Days,Some Days,Most Days,7
Never,Some Days,Some Days,Some Days,8
Never,Never,Never,Every Day,8
Never,Never,Never,Most Days,8
Some Days,Some Days,Some Days,Some Days,6
Never,Never,Never,Some Days,6
Never,Never,Never,Most Days,7
Never,Never,Never,Every Day,9
Never,Never,Some Days,Some Days,6
Some Days,Some Days,Some Days,Most Days,7
Some Days,Some Days,Some Days,Most Days,7
Never,Never,Never,Every Day,6
Never,Never,Never,Some Days,8
Never,Never,Never,Most Days,8
Never,Never,Most Days,Some Days,6
Never,Some Days,Some Days,Every Day,7
Never,Some Days,Never,Most Days,7
Most Days,Every Day,Never,Most Days,8
Some Days,Most Days,Most Days,Some Days,4
Never,Never,Never,Most Days,7
Never,Never,Some Days,Some Days,7
Never,Never,Never,Every Day,8
Never,Never,Never,Most Days,8
Never,Never,Some Days,Some Days,7
Some Days,Some Days,Some Days,Some Days,7
Never,Never,Never,Never,8
Never,Never,Never,Every Day,10
Most Days,Most Days,Most Days,Some Days,8
Never,Never,Some Days,Most Days,7
Never,Some Days,Never,Some Days,6
Never,Most Days,Most Days,Most Days,8
Never,Every Day,Never,Some Days,7
Never,Some Days,Some Days,Some Days,8
Never,Some Days,Some Days,Some Days,7
Never,Never,Never,Every Day,6
Never,Most Days,Every Day,Some Days,6
Never,Never,Some Days,Most Days,6
Never,Never,Never,Every Day,7
Never,Every Day,Most Days,Some Days,6
Never,Every Day,Never,Never,4
Never,Most Days,Most Days,Never,6
Never,Never,Never,Some Days,6
Never,Never,Never,Every Day,8
Never,Never,Never,Most Days,6
Never,Never,Never,Every Day,7
Never,Every Day,Most Days,Never,6
Never,Most Days,Never,Some Days,5
Never,Every Day,Every Day,Never,6
Never,Some Days,Some Days,Never,7
Never,Never,Never,Every Day,8
Never,Most Days,Some Days,Some Days,7
Never,Some Days,Some Days,Most Days,7
Every Day,Some Days,Never,Every Day,7
Some Days,Most Days,Most Days,Some Days,7
Never,Never,Some Days,Some Days,7
Never,Never,Never,Most Days,8
Never,Never,Never,Never,8
Never,Some Days,Every Day,Never,3
Never,Never,Never,Some Days,6
Never,Some Days,Some Days,Most Days,8
Never,Never,Never,Every Day,8
Never,Some Days,Some Days,Every Day,9
Never,Never,Never,Every Day,7
Every Day,Every Day,Every Day,Every Day,7
Never,Never,Never,Most Days,9
Never,Never,Never,Most Days,7
Some Days,Some Days,Some Days,Most Days,7
Some Days,Some Days,Some Days,Every Day,7
Never,Some Days,Never,Never,7
Never,Some Days,Some Days,Every Day,8
Never,Never,Never,Some Days,5
Never,Some Days,Some Days,Most Days,7
Never,Some Days,Most Days,Some Days,6
Never,Never,Never,Most Days,8
Never,Never,Some Days,Most Days,8
Never,Never,Some Days,Some Days,7
Never,Some Days,Most Days,Some Days,6
Never,Some Days,Some Days,Some Days,7
Never,Never,Never,Most Days,8
Never,Never,Never,Every Day,6
Never,Some Days,Some Days,Every Day,8
Never,Some Days,Never,Every Day,7
Never,Never,Never,Every Day,8
Some Days,Most Days,Most Days,Most Days,6
Never,Never,Never,Some Days,6
Never,Some Days,Never,Every Day,8
Never,Some Days,Never,Most Days,6
Never,Never,Never,Some Days,6
Never,Never,Some Days,Most Days,6
Never,Never,Never,Every Day,8
Never,Some Days,Never,Never,7
Never,Some Days,Some Days,Some Days,7
Never,Every Day,Every Day,Some Days,6
Never,Some Days,Never,Most Days,7
Never,Some Days,Never,Some Days,6
Never,Never,Never,Most Days,7
Never,Some Days,Never,Most Days,8
Never,Never,Some Days,Some Days,6
Never,Never,Never,Never,6
Never,Never,Never,Most Days,6
Never,Never,Never,Never,6
Some Days,Some Days,Some Days,Most Days,7
Never,Most Days,Most Days,Some Days,6
Never,Never,Never,Most Days,8
Never,Some Days,Every Day,Every Day,6
Some Days,Some Days,Some Days,Some Days,6
Never,Never,Never,Never,8
Some Days,Some Days,Some Days,Some Days,12
Most Days,Most Days,Most Days,Most Days,7
Never,Every Day,Some Days,Some Days,6
Every Day,Some Days,Some Days,Most Days,7
Never,Never,Some Days,Some Days,7
Never,Never,Never,Some Days,7
Never,Never,Never,Most Days,7
Never,Never,Never,Most Days,9
Every Day,Some Days,Never,Most Days,8
Never,Some Days,Never,Most Days,7
Never,Never,Never,Some Days,8
Never,Never,Never,Every Day,8
Never,Some Days,Some Days,Most Days,8
Never,Never,Never,Most Days,8
Never,Some Days,Most Days,Most Days,7
Every Day,Every Day,Every Day,Some Days,7
Never,Never,Some Days,Some Days,8
Never,Some Days,Some Days,Most Days,8
Never,Never,Never,Never,5
Never,Some Days,Some Days,Most Days,7
Never,Never,Never,Every Day,7
Never,Never,Some Days,Some Days,7
Never,Most Days,Never,Never,7
Never,Never,Never,Never,8
Never,Some Days,Some Days,Most Days,7
Never,Never,Never,Some Days,4
Never,Never,Never,Most Days,9
Never,Some Days,Never,Every Day,10
Never,Some Days,Every Day,Every Day,6
Never,Never,Never,Most Days,8
Never,Never,Never,Most Days,7
Never,Never,Some Days,Some Days,7
Never,Most Days,Most Days,Most Days,6
Some Days,Some Days,Some Days,Never,10
Never,Never,Never,Every Day,9
Never,Most Days,Never,Some Days,6
Some Days,Some Days,Some Days,Most Days,9
Never,Never,Never,Some Days,8
Never,Most Days,Never,Most Days,7
Never,Every Day,Every Day,Never,5
Never,Most Days,Some Days,Some Days,6
Never,Some Days,Never,Some Days,8
Never,Some Days,Never,Some Days,8
Most Days,Some Days,Some Days,Some Days,7
Never,Never,Never,Every Day,7
Never,Never,Never,Every Day,8
Never,Most Days,Some Days,Some Days,6
Never,Some Days,Never,Most Days,10
Never,Most Days,Some Days,Some Days,6
Never,Never,Never,Most Days,7
Never,Never,Never,Some Days,7
Most Days,Some Days,Some Days,Some Days,6
Never,Never,Never,Most Days,7
Never,Some Days,Never,Some Days,8
Every Day,Never,Never,Most Days,9
Never,Most Days,Most Days,Never,8
Never,Most Days,Some Days,Some Days,6
Never,Every Day,Never,Every Day,6
Never,Most Days,Most Days,Some Days,7
Never,Never,Most Days,Most Days,5
Some Days,Some Days,Some Days,Some Days,7
Never,Never,Never,Every Day,7
Never,Some Days,Some Days,Some Days,11
Some Days,Some Days,Some Days,Some Days,6
Never,Never,Every Day,Every Day,9
Never,Never,Never,Some Days,8
Never,Some Days,Some Days,Some Days,7
Never,Some Days,Never,Every Day,9
Never,Never,Some Days,Most Days,8
Never,Some Days,Some Days,Some Days,6
Never,Some Days,Some Days,Every Day,6
Never,Never,Never,Every Day,7
Never,Never,Never,Every Day,8
Never,Never,Never,Every Day,7
Never,Never,Never,Every Day,7
Never,Never,Some Days,Some Days,7
Never,Never,Some Days,Some Days,7
Never,Most Days,Some Days,Every Day,6
Never,Never,Some Days,Every Day,8
Never,Some Days,Never,Every Day,7
Some Days,Every Day,Never,Some Days,6
Never,Never,Never,Most Days,7
Never,Never,Never,Every Day,8
Some Days,Some Days,Never,Most Days,6
Never,Never,Most Days,Most Days,8
Never,Never,Never,Most Days,8
Never,Some Days,Some Days,Some Days,7
Every Day,Most Days,Some Days,Most Days,8
Never,Never,Never,Every Day,7
Never,Some Days,Some Days,Most Days,8
Never,Never,Never,Every Day,8
Every Day,Every Day,Every Day,Never,6
Most Days,Every Day,Never,Some Days,5
Never,Some Days,Most Days,Most Days,7
Never,Most Days,Some Days,Some Days,7
Never,Never,Never,Some Days,7
Never,Never,Never,Every Day,8
Never,Never,Some Days,Some Days,6
Never,Some Days,Some Days,Some Days,6
Never,Some Days,Never,Most Days,9
Never,Most Days,Never,Most Days,6
Never,Some Days,Most Days,Most Days,8
Never,Never,Some Days,Most Days,5
Never,Never,Never,Every Day,8
Never,Some Days,Some Days,Most Days,8
Never,Some Days,Some Days,Some Days,8
Never,Never,Never,Most Days,7
Never,Never,Some Days,Most Days,7
Never,Some Days,Never,Most Days,7
Never,Never,Some Days,Most Days,8
Never,Some Days,Never,Most Days,8
Every Day,Most Days,Most Days,Some Days,8
Never,Some Days,Some Days,Some Days,8
Never,Never,Never,Most Days,8
Never,Never,Some Days,Every Day,8
Never,Never,Never,Every Day,6
Never,Never,Never,Most Days,7
Never,Never,Some Days,Some Days,6
Never,Never,Never,Every Day,7
Never,Never,Some Days,Some Days,9
Every Day,Most Days,Every Day,Some Days,5
Never,Some Days,Some Days,Most Days,6
Every Day,Most Days,Every Day,Some Days,5
Never,Some Days,Never,Some Days,7
Most Days,Most Days,Some Days,Some Days,9
Never,Some Days,Some Days,Some Days,7
Never,Never,Never,Most Days,5
Never,Every Day,Most Days,Some Days,8
Never,Never,Some Days,Most Days,7
Never,Some Days,Some Days,Most Days,6
Never,Some Days,Some Days,Most Days,6
Never,Never,Never,Every Day,9
Never,Some Days,Never,Every Day,7
Some Days,Never,Some Days,Some Days,11
Never,Never,Never,Most Days,8
Never,Never,Never,Most Days,7
Never,Some Days,Some Days,Some Days,7
Never,Some Days,Most Days,Some Days,6
Never,Every Day,Some Days,Never,6
Never,Never,Never,Most Days,8
Most Days,Some Days,Some Days,Some Days,7
Never,Never,Never,Every Day,8
Never,Some Days,Some Days,Some Days,6
Every Day,Every Day,Every Day,Some Days,5
Never,Never,Never,Every Day,8
Some Days,Never,Never,Never,6
Never,Never,Some Days,Some Days,9
Every Day,Every Day,Never,Never,7
Some Days,Every Day,Never,Most Days,7
Never,Every Day,Never,Most Days,8
Never,Some Days,Never,Every Day,6
Never,Some Days,Some Days,Most Days,7
Never,Never,Never,Every Day,10
Never,Some Days,Some Days,Most Days,8
Never,Never,Never,Most Days,9
Never,Never,Never,Most Days,7
Some Days,Every Day,Some Days,Most Days,6
Some Days,Some Days,Never,Most Days,9
Never,Never,Some Days,Some Days,5
Never,Most Days,Some Days,Never,6
Never,Never,Never,Most Days,9
Never,Never,Every Day,Every Day,8
Never,Never,Some Days,Most Days,8
Never,Never,Some Days,Most Days,8
Never,Some Days,Most Days,Some Days,6
Never,Some Days,Some Days,Every Day,6
Most Days,Every Day,Every Day,Never,6
Never,Every Day,Most Days,Some Days,4
Never,Never,Never,Some Days,10
Never,Never,Never,Every Day,10
Never,Never,Some Days,Some Days,8
Never,Some Days,Some Days,Most Days,8
Never,Never,Never,Every Day,9
Most Days,Most Days,Most Days,Some Days,7
Never,Some Days,Some Days,Most Days,7
Some Days,Never,Never,Some Days,9
Never,Every Day,Every Day,Never,5
Every Day,Every Day,Every Day,Never,6
Never,Never,Never,Most Days,7
Never,Never,Never,Some Days,7
Never,Every Day,Every Day,Some Days,5
Never,Never,Never,Some Days,8
Every Day,Most Days,Most Days,Never,5
Some Days,Some Days,Some Days,Most Days,8
Never,Never,Never,Most Days,8
Never,Some Days,Some Days,Most Days,8
Never,Some Days,Never,Most Days,9
Never,Some Days,Some Days,Most Days,8
Never,Some Days,Some Days,Some Days,10
Never,Some Days,Some Days,Most Days,8
Every Day,Some Days,Some Days,Some Days,10
Never,Never,Some Days,Most Days,8
Some Days,Never,Some Days,Some Days,10
Never,Never,Some Days,Some Days,7
Never,Never,Never,Some Days,8
Never,Never,Never,Every Day,8
Never,Never,Never,Most Days,8
Never,Some Days,Never,Some Days,8
Never,Most Days,Most Days,Never,6
Never,Some Days,Never,Most Days,8
Never,Some Days,Some Days,Some Days,9
Never,Never,Never,Most Days,6
Never,Never,Never,Most Days,9
Never,Never,Never,Most Days,8
Never,Some Days,Some Days,Never,7
Never,Never,Never,Every Day,8
Never,Never,Never,Some Days,6
Never,Some Days,Never,Most Days,8
Never,Never,Never,Every Day,6
Never,Never,Never,Most Days,8
Never,Most Days,Most Days,Never,7
Every Day,Never,Some Days,Most Days,7
Never,Some Days,Never,Most Days,6
Never,Never,Some Days,Never,6
Never,Never,Never,Most Days,8
Never,Never,Never,Most Days,7
Every Day,Never,Never,Never,8
Never,Never,Never,Every Day,8
Some Days,Some Days,Never,Every Day,4
Never,Never,Never,Some Days,8
Never,Some Days,Some Days,Most Days,8
Never,Some Days,Most Days,Most Days,7
Some Days,Never,Some Days,Every Day,8
Never,Never,Some Days,Most Days,8
Never,Never,Never,Most Days,6
Never,Some Days,Some Days,Some Days,8
Never,Never,Some Days,Never,5
Never,Every Day,Never,Every Day,6
Never,Never,Some Days,Some Days,6
Never,Some Days,Some Days,Most Days,7
Every Day,Never,Some Days,Most Days,8
Never,Every Day,Every Day,Every Day,6
Never,Never,Some Days,Most Days,7
Never,Some Days,Some Days,Never,7
Never,Never,Never,Most Days,5
Never,Never,Never,Most Days,7
Never,Some Days,Some Days,Some Days,4
Never,Never,Never,Most Days,7
Every Day,Some Days,Some Days,Every Day,8
Never,Some Days,Some Days,Some Days,6
Never,Never,Never,Some Days,7
Never,Never,Never,Every Day,7
Some Days,Some Days,Never,Some Days,8
Never,Never,Never,Most Days,8
Never,Some Days,Never,Most Days,12
Never,Some Days,Never,Some Days,8
Some Days,Some Days,Some Days,Some Days,6
Never,Most Days,Never,Most Days,6
Never,Never,Some Days,Never,6
Never,Never,Never,Most Days,7
Never,Never,Never,Every Day,8
Never,Never,Some Days,Some Days,7
Never,Never,Some Days,Most Days,9
Never,Some Days,Never,Every Day,10
Never,Never,Never,Every Day,8
Never,Never,Never,Never,4
Never,Most Days,Most Days,Some Days,5
Never,Some Days,Some Days,Most Days,7
Never,Some Days,Never,Every Day,8
Every Day,Every Day,Every Day,Most Days,4
Never,Some Days,Some Days,Some Days,7
Every Day,Most Days,Some Days,Most Days,8
Never,Never,Never,Most Days,8
Never,Never,Never,Every Day,8
Most Days,Most Days,Most Days,Some Days,6
Every Day,Never,Never,Most Days,8
Never,Some Days,Some Days,Some Days,6
Never,Most Days,Every Day,Some Days,5
Never,Never,Never,Every Day,7
Never,Most Days,Some Days,Never,5
Never,Never,Never,Some Days,7
Some Days,Every Day,Every Day,Some Days,4
Never,Some Days,Most Days,Most Days,8
Never,Some Days,Some Days,Every Day,7
Most Days,Never,Some Days,Some Days,7
Never,Never,Never,Most Days,7
Never,Never,Some Days,Most Days,8
Never,Never,Never,Every Day,8
Never,Never,Never,Every Day,8
Never,Never,Never,Most Days,8
Every Day,Every Day,Some Days,Some Days,7
Every Day,Never,Never,Most Days,8
Never,Never,Never,Most Days,8
Never,Never,Some Days,Most Days,7
Never,Never,Never,Never,6
Never,Some Days,Some Days,Most Days,8
Never,Some Days,Some Days,Some Days,7
Never,Most Days,Never,Never,7
Never,Never,Some Days,Most Days,7
Never,Never,Some Days,Most Days,7
Every Day,Some Days,Every Day,Some Days,8
Every Day,Some Days,Every Day,Never,3
Never,Every Day,Every Day,Some Days,2
Never,Never,Never,Most Days,7
Never,Never,Some Days,Some Days,6
Never,Some Days,Never,Most Days,7
Never,Never,Never,Most Days,9
Never,Never,Some Days,Some Days,6
Never,Most Days,Most Days,Some Days,5
Every Day,Some Days,Some Days,Some Days,5
Some Days,Every Day,Every Day,Never,5
Never,Never,Never,Most Days,7
Every Day,Never,Never,Every Day,7
Some Days,Some Days,Some Days,Never,8
Never,Never,Never,Most Days,8
Never,Most Days,Never,Some Days,7
Never,Never,Never,Most Days,7
Never,Never,Never,Most Days,6
Never,Never,Never,Some Days,5
Never,Never,Never,Most Days,7
Never,Never,Never,Every Day,10
Every Day,Some Days,Some Days,Some Days,7
Never,Never,Never,Most Days,6
Never,Never,Some Days,Some Days,8
Every Day,Every Day,Every Day,Some Days,4
Some Days,Some Days,Some Days,Never,7
Never,Never,Never,Every Day,6
Never,Some Days,Some Days,Some Days,6
Some Days,Some Days,Some Days,Some Days,7
Never,Some Days,Never,Every Day,6
Never,Most Days,Most Days,Never,10
Never,Never,Never,Every Day,8
Never,Never,Never,Most Days,8
Never,Never,Never,Most Days,8
Never,Never,Some Days,Most Days,7
Never,Some Days,Some Days,Most Days,6
Never,Never,Some Days,Every Day,6
Never,Some Days,Never,Every Day,8
Never,Some Days,Some Days,Most Days,7
Some Days,Some Days,Never,Some Days,7
Never,Never,Never,Some Days,6
Most Days,Every Day,Every Day,Never,4
Never,Some Days,Never,Every Day,7
Every Day,Every Day,Every Day,Some Days,4
Never,Never,Never,Most Days,7
Most Days,Some Days,Some Days,Most Days,7
Never,Never,Never,Never,8
Never,Never,Never,Most Days,8
Never,Never,Some Days,Every Day,8
Never,Some Days,Never,Some Days,7
Some Days,Most Days,Most Days,Some Days,6
Never,Every Day,Never,Some Days,6
Never,Never,Never,Every Day,7
Never,Never,Never,Every Day,12
Never,Most Days,Some Days,Some Days,4
Most Days,Some Days,Every Day,Some Days,8
Most Days,Every Day,Every Day,Never,8
Never,Never,Never,Most Days,9
Every Day,Never,Never,Every Day,8
Never,Some Days,Some Days,Some Days,8
Never,Never,Never,Most Days,6
Never,Some Days,Some Days,Some Days,7
Every Day,Never,Never,Every Day,6
Never,Every Day,Never,Never,6
Never,Most Days,Most Days,Some Days,6
Most Days,Every Day,Some Days,Most Days,5
Never,Never,Some Days,Some Days,6
Never,Never,Never,Every Day,8
Most Days,Some Days,Never,Most Days,9
Never,Never,Never,Most Days,9
Never,Never,Some Days,Some Days,6
Some Days,Some Days,Some Days,Some Days,7
Never,Some Days,Never,Most Days,7
Never,Never,Never,Every Day,8
Most Days,Some Days,Some Days,Most Days,7
Never,Most Days,Never,Most Days,6
Never,Never,Some Days,Most Days,9
Never,Never,Never,Every Day,7
Never,Some Days,Some Days,Some Days,7
Never,Never,Never,Some Days,6
Never,Never,Never,Every Day,7
Never,Most Days,Some Days,Most Days,5
Never,Never,Never,Most Days,7
Never,Some Days,Never,Most Days,8
Never,Never,Some Days,Most Days,7
Never,Never,Never,Most Days,8
Never,Never,Never,Every Day,8
Never,Some Days,Never,Every Day,10
Never,Never,Most Days,Never,6
Never,Never,Never,Some Days,8
Never,Most Days,Some Days,Never,5
Never,Some Days,Some Days,Some Days,6
Never,Every Day,Most Days,Never,5
Never,Every Day,Never,Some Days,9
Never,Never,Never,Every Day,8
Never,Never,Some Days,Every Day,9
Some Days,Some Days,Never,Every Day,7
Never,Never,Never,Most Days,7
Never,Never,Never,Every Day,8
Never,Never,Never,Every Day,9
Some Days,Some Days,Some Days,Most Days,6
Never,Some Days,Never,Most Days,8
Never,Some Days,Some Days,Some Days,6
Never,Never,Never,Most Days,8
Never,Never,Never,Most Days,8
Never,Some Days,Never,Every Day,8
Never,Some Days,Some Days,Some Days,8
Every Day,Some Days,Some Days,Most Days,8
Never,Most Days,Never,Some Days,7
Never,Some Days,Never,Most Days,8
Some Days,Never,Most Days,Some Days,8
Never,Every Day,Never,Most Days,10
Never,Some Days,Every Day,Every Day,8
Never,Never,Never,Never,8
Never,Some Days,Never,Every Day,8
Never,Never,Never,Most Days,7
Never,Every Day,Never,Most Days,7
Never,Most Days,Never,Some Days,7
Never,Most Days,Never,Most Days,8
Never,Most Days,Never,Most Days,8
Never,Most Days,Most Days,Never,5
Never,Never,Never,Every Day,9
Never,Some Days,Some Days,Most Days,8
Never,Some Days,Never,Some Days,7
Every Day,Most Days,Most Days,Most Days,6
Never,Never,Never,Most Days,7
Never,Never,Some Days,Some Days,12
Never,Some Days,Some Days,Some Days,7
Every Day,Never,Never,Most Days,7
Never,Some Days,Never,Most Days,7
Some Days,Some Days,Never,Some Days,6
Some Days,Never,Some Days,Every Day,8
Some Days,Some Days,Some Days,Most Days,8
Never,Never,Never,Every Day,8
Never,Never,Never,Most Days,5
Never,Every Day,Some Days,Some Days,6
Every Day,Some Days,Some Days,Most Days,10
Every Day,Every Day,Every Day,Never,7
Never,Some Days,Some Days,Some Days,5
Some Days,Some Days,Some Days,Some Days,8
Never,Some Days,Never,Some Days,10
Never,Never,Never,Most Days,7
Never,Never,Some Days,Most Days,8
Never,Never,Never,Every Day,6
Never,Never,Never,Most Days,8
Never,Never,Never,Some Days,6
Never,Some Days,Some Days,Never,8
Never,Some Days,Never,Every Day,8
Some Days,Some Days,Some Days,Most Days,9
Never,Never,Never,Every Day,6
Never,Never,Never,Every Day,8
Never,Some Days,Some Days,Most Days,7
Never,Some Days,Never,Most Days,7
Some Days,Most Days,Most Days,Never,6
Never,Some Days,Never,Every Day,7
Never,Never,Never,Some Days,6
Never,Never,Never,Most Days,7
Never,Never,Never,Most Days,9
Never,Never,Never,Some Days,7
Some Days,Most Days,Most Days,Never,5
Never,Never,Never,Most Days,7
Never,Some Days,Some Days,Some Days,7
Every Day,Most Days,Most Days,Some Days,5
Some Days,Some Days,Some Days,Some Days,6
Never,Some Days,Every Day,Every Day,8
Most Days,Never,Never,Every Day,8
Every Day,Most Days,Most Days,Some Days,8
Some Days,Never,Some Days,Some Days,6
Never,Never,Never,Most Days,8
Never,Never,Never,Most Days,8
Some Days,Some Days,Some Days,Most Days,6
Never,Never,Never,Some Days,8
Some Days,Most Days,Never,Some Days,8
Never,Some Days,Never,Every Day,8
Never,Some Days,Some Days,Every Day,7
Never,Some Days,Some Days,Every Day,7
Never,Never,Some Days,Never,6
Never,Never,Never,Most Days,5
Some Days,Some Days,Some Days,Most Days,7
Some Days,Every Day,Never,Never,7
Never,Never,Some Days,Some Days,6
Never,Never,Some Days,Some Days,6
Most Days,Never,Never,Most Days,9
Most Days,Never,Some Days,Some Days,7
Never,Every Day,Never,Every Day,5
Never,Some Days,Some Days,Some Days,7
Some Days,Some Days,Most Days,Most Days,7
Never,Most Days,Most Days,Some Days,6
Never,Never,Never,Most Days,7
Never,Some Days,Never,Most Days,8
Never,Never,Never,Most Days,7
Most Days,Most Days,Most Days,Some Days,7
Never,Never,Some Days,Never,6
Never,Some Days,Never,Some Days,6
Never,Some Days,Some Days,Most Days,7
Most Days,Some Days,Most Days,Some Days,6
Never,Some Days,Some Days,Some Days,7
Never,Never,Never,Every Day,8
Never,Most Days,Most Days,Some Days,8
Some Days,Never,Some Days,Every Day,8
Never,Every Day,Never,Never,6
Never,Some Days,Never,Some Days,8
Never,Some Days,Some Days,Some Days,8
Some Days,Some Days,Some Days,Some Days,6
Never,Some Days,Some Days,Most Days,6
Never,Some Days,Some Days,Some Days,6
Never,Never,Never,Most Days,8
Never,Never,Never,Most Days,6
Never,Never,Never,Most Days,7
Never,Most Days,Some Days,Never,8
Never,Never,Never,Every Day,7
Some Days,Most Days,Most Days,Some Days,5
Never,Some Days,Some Days,Never,5
Never,Never,Some Days,Some Days,7
Never,Never,Never,Never,7
Never,Some Days,Some Days,Some Days,6
Some Days,Never,Some Days,Most Days,7
Never,Never,Never,Never,6
Every Day,Never,Never,Most Days,8
Some Days,Never,Some Days,Most Days,8
Most Days,Never,Every Day,Never,10
Never,Some Days,Most Days,Some Days,7
Never,Every Day,Never,Most Days,8
Never,Never,Some Days,Never,7
Never,Never,Never,Most Days,9
Never,Never,Never,Never,10
Never,Never,Never,Most Days,7
Never,Never,Never,Most Days,6
Never,Some Days,Never,Most Days,8
Never,Some Days,Never,Most Days,8
Never,Never,Every Day,Most Days,7
Never,Some Days,Never,Some Days,6
Never,Never,Never,Every Day,12
Never,Some Days,Never,Some Days,6
Some Days,Some Days,Every Day,Some Days,3
Never,Never,Never,Every Day,7
Never,Never,Never,Most Days,6
Never,Some Days,Some Days,Most Days,7
Never,Never,Some Days,Most Days,6
Never,Every Day,Never,Every Day,8
Never,Never,Never,Never,7
Never,Most Days,Never,Some Days,7
Never,Never,Never,Every Day,8
Never,Some Days,Some Days,Some Days,8
Never,Never,Never,Every Day,9
Never,Never,Never,Most Days,6
Never,Some Days,Some Days,Most Days,7
Never,Every Day,Some Days,Some Days,6
Never,Some Days,Some Days,Some Days,7
Never,Never,Some Days,Most Days,7
Never,Some Days,Some Days,Most Days,7
Never,Never,Never,Most Days,7
Never,Never,Never,Most Days,7
Never,Never,Some Days,Some Days,6
Never,Never,Never,Some Days,7
Never,Never,Some Days,Most Days,7
Never,Some Days,Most Days,Most Days,8
Every Day,Never,Never,Some Days,7
Never,Never,Never,Most Days,8
Never,Never,Some Days,Most Days,9
Every Day,Never,Some Days,Most Days,10
Never,Never,Never,Most Days,8
Never,Some Days,Never,Most Days,7
Never,Never,Some Days,Most Days,6
Never,Never,Never,Most Days,7
Some Days,Every Day,Most Days,Never,3
Some Days,Some Days,Some Days,Some Days,6
Every Day,Never,Every Day,Never,5
Never,Some Days,Some Days,Most Days,7
Never,Never,Some Days,Some Days,6
Some Days,Most Days,Most Days,Some Days,5
Never,Never,Never,Most Days,7
Never,Never,Never,Every Day,8
Never,Every Day,Some Days,Some Days,7
Never,Most Days,Most Days,Some Days,5
Never,Never,Some Days,Most Days,8
Never,Some Days,Some Days,Most Days,7
Never,Never,Never,Every Day,6
Never,Some Days,Some Days,Most Days,6
Never,Some Days,Some Days,Some Days,6
Never,Some Days,Some Days,Some Days,4
Never,Most Days,Never,Most Days,6
Some Days,Every Day,Some Days,Some Days,8
Never,Never,Never,Never,8
Some Days,Never,Some Days,Most Days,8
Never,Never,Never,Never,8
Never,Never,Never,Never,7
Every Day,Every Day,Every Day,Most Days,7
Never,Some Days,Never,Most Days,7
Never,Some Days,Never,Every Day,8
Every Day,Some Days,Never,Never,7
Most Days,Every Day,Most Days,Some Days,4
Never,Never,Never,Most Days,8
Never,Never,Never,Most Days,7
Never,Never,Never,Most Days,8
Never,Never,Never,Every Day,8
Never,Never,Every Day,Every Day,8
Never,Never,Never,Every Day,7
Never,Never,Never,Most Days,5
Never,Never,Never,Most Days,8
Never,Some Days,Some Days,Most Days,8
Never,Some Days,Some Days,Most Days,8
Never,Most Days,Most Days,Never,5
Never,Never,Never,Every Day,8
Never,Some Days,Some Days,Most Days,6
Never,Some Days,Some Days,Every Day,7
Never,Some Days,Never,Most Days,7
Never,Never,Never,Most Days,5
Never,Never,Some Days,Most Days,7
Never,Some Days,Never,Every Day,8
Every Day,Most Days,Never,Never,6
Never,Never,Some Days,Some Days,7
Never,Some Days,Most Days,Some Days,5
Never,Never,Some Days,Most Days,8
Never,Some Days,Some Days,Some Days,6
Never,Never,Never,Every Day,8
Never,Every Day,Never,Never,2
Never,Never,Most Days,Most Days,9
Every Day,Some Days,Every Day,Some Days,8
Never,Never,Some Days,Most Days,6
Never,Some Days,Never,Some Days,6
Never,Some Days,Some Days,Most Days,7
Never,Never,Never,Most Days,9
Never,Never,Never,Most Days,8
Never,Never,Never,Most Days,8
Never,Never,Never,Every Day,4
Never,Never,Some Days,Some Days,8
Never,Never,Some Days,Every Day,8
Never,Some Days,Some Days,Some Days,7
Some Days,Some Days,Some Days,Some Days,7
Never,Some Days,Some Days,Most Days,7
Every Day,Some Days,Some Days,Never,5
Every Day,Most Days,Never,Never,5
Never,Some Days,Some Days,Some Days,6
Never,Never,Some Days,Most Days,8
Never,Never,Most Days,Some Days,7
Some Days,Never,Some Days,Most Days,7
Some Days,Never,Never,Some Days,6
Never,Some Days,Some Days,Most Days,8
Never,Never,Some Days,Most Days,8
Never,Never,Never,Every Day,7
Never,Never,Some Days,Some Days,9
Never,Most Days,Never,Some Days,7
Never,Most Days,Most Days,Some Days,6
Every Day,Some Days,Most Days,Most Days,8
Never,Some Days,Some Days,Most Days,7
Never,Never,Some Days,Most Days,8
Never,Never,Most Days,Most Days,8
Some Days,Some Days,Never,Every Day,8
Never,Some Days,Most Days,Most Days,9
Never,Never,Never,Every Day,8
Never,Some Days,Some Days,Some Days,5
Never,Never,Never,Some Days,4
Never,Never,Never,Some Days,8
Never,Some Days,Some Days,Some Days,9
Never,Never,Some Days,Every Day,8
Never,Some Days,Never,Most Days,6
Every Day,Every Day,Every Day,Some Days,2
Some Days,Some Days,Never,Some Days,6
Most Days,Most Days,Some Days,Some Days,4
Never,Never,Never,Most Days,9
Never,Some Days,Some Days,Most Days,7
Never,Never,Never,Most Days,8
Never,Never,Every Day,Some Days,7
Never,Never,Most Days,Most Days,7
Most Days,Every Day,Every Day,Never,5
Never,Most Days,Never,Some Days,7
Every Day,Never,Every Day,Never,8
Every Day,Some Days,Some Days,Most Days,8
Never,Every Day,Never,Never,5
Never,Most Days,Never,Never,5
Never,Never,Some Days,Most Days,7
Never,Never,Never,Every Day,8
Never,Never,Never,Some Days,8
Never,Never,Never,Some Days,5
Never,Never,Most Days,Most Days,6
Never,Most Days,Never,Most Days,6
Never,Never,Never,Most Days,10
Never,Some Days,Some Days,Some Days,7
Never,Never,Some Days,Some Days,6
Never,Most Days,Never,Some Days,6
Never,Some Days,Some Days,Most Days,7
Never,Most Days,Never,Every Day,8
Never,Never,Never,Every Day,8
Every Day,Never,Most Days,Some Days,6
Never,Never,Never,Every Day,8
Never,Never,Some Days,Some Days,4
Never,Never,Never,Most Days,8
Never,Never,Never,Most Days,8
Never,Never,Never,Most Days,8
Never,Never,Never,Most Days,6
Never,Some Days,Some Days,Most Days,10
Never,Never,Never,Most Days,6
Never,Never,Never,Some Days,8
Never,Never,Some Days,Most Days,6
Never,Some Days,Some Days,Some Days,6
Some Days,Some Days,Most Days,Some Days,5
Never,Never,Never,Most Days,6
Never,Never,Never,Every Day,7
Never,Never,Never,Most Days,6
Never,Never,Never,Every Day,8
Never,Some Days,Never,Some Days,7
Never,Some Days,Some Days,Some Days,6
Never,Some Days,Never,Every Day,7
Some Days,Some Days,Some Days,Most Days,7
Never,Some Days,Some Days,Some Days,9
Never,Never,Every Day,Every Day,8
Never,Never,Never,Most Days,9
Never,Never,Never,Most Days,8
Every Day,Never,Never,Every Day,8
Never,Some Days,Some Days,Never,7
Most Days,Never,Most Days,Most Days,7
Some Days,Every Day,Every Day,Never,4
Never,Never,Never,Some Days,7
Never,Most Days,Some Days,Some Days,6
Never,Never,Never,Some Days,7
Never,Never,Never,Most Days,7
Never,Never,Never,Most Days,10
Never,Some Days,Never,Some Days,7
Some Days,Some Days,Never,Some Days,6
Never,Most Days,Most Days,Most Days,8
Never,Some Days,Never,Most Days,7
Never,Some Days,Never,Most Days,8
Never,Some Days,Some Days,Most Days,9
Never,Never,Never,Most Days,7
Never,Never,Never,Most Days,8
Every Day,Some Days,Every Day,Some Days,8
Never,Most Days,Never,Some Days,6
Never,Never,Never,Every Day,8
Some Days,Some Days,Never,Most Days,8
Never,Never,Never,Most Days,10
Every Day,Some Days,Some Days,Some Days,8
Never,Some Days,Some Days,Most Days,7
Never,Some Days,Some Days,Some Days,6
Never,Some Days,Some Days,Some Days,7
Never,Some Days,Never,Some Days,6
Never,Never,Never,Most Days,9
Never,Never,Never,Most Days,6
Never,Never,Never,Most Days,8
Never,Never,Some Days,Most Days,7
Every Day,Never,Some Days,Some Days,8
Every Day,Never,Never,Most Days,9
Every Day,Most Days,Every Day,Never,5
Never,Never,Never,Most Days,7
Never,Never,Never,Most Days,6
Never,Some Days,Never,Some Days,7
Never,Some Days,Most Days,Most Days,7
Never,Every Day,Every Day,Never,6
Never,Some Days,Some Days,Never,8
Never,Never,Never,Most Days,8
Most Days,Every Day,Every Day,Some Days,7
Never,Most Days,Most Days,Most Days,16
Some Days,Some Days,Some Days,Every Day,10
Never,Never,Never,Some Days,6
Never,Never,Never,Most Days,7
Never,Some Days,Most Days,Never,6
Never,Never,Never,Every Day,9
Never,Never,Never,Most Days,8
Never,Never,Never,Every Day,8
Never,Never,Never,Most Days,8
Never,Never,Never,Every Day,8
Never,Never,Some Days,Some Days,6
Never,Never,Never,Every Day,7
Never,Some Days,Most Days,Most Days,6
Never,Some Days,Some Days,Most Days,6
Never,Every Day,Some Days,Never,8
Never,Some Days,Some Days,Most Days,6
Every Day,Never,Some Days,Most Days,8
Never,Some Days,Some Days,Some Days,5
Never,Never,Never,Most Days,6
Some Days,Never,Some Days,Most Days,9
Most Days,Some Days,Never,Most Days,8
Never,Never,Never,Most Days,8
Never,Never,Never,Most Days,8
Never,Some Days,Some Days,Most Days,6
Never,Every Day,Some Days,Some Days,6
Every Day,Some Days,Some Days,Never,13
Never,Some Days,Some Days,Most Days,7
Never,Never,Never,Most Days,7
Never,Some Days,Some Days,Most Days,8
Some Days,Most Days,Never,Some Days,6
Never,Never,Never,Some Days,6
Never,Some Days,Never,Most Days,7
Never,Never,Most Days,Most Days,7
Every Day,Every Day,Every Day,Some Days,5
Every Day,Some Days,Never,Never,8
Never,Never,Some Days,Most Days,8
Never,Some Days,Some Days,Some Days,7
Never,Some Days,Never,Never,8
Every Day,Never,Never,Every Day,7
Never,Some Days,Never,Every Day,7
Never,Never,Never,Most Days,8
Never,Some Days,Never,Some Days,7
Never,Some Days,Most Days,Some Days,6
Never,Every Day,Never,Some Days,6
Never,Some Days,Some Days,Some Days,7
Some Days,Every Day,Some Days,Some Days,8
Some Days,Some Days,Some Days,Most Days,7
Never,Some Days,Some Days,Some Days,8
Never,Never,Never,Every Day,10
Never,Never,Some Days,Most Days,6
Never,Some Days,Never,Most Days,6
Never,Some Days,Some Days,Every Day,7
Never,Some Days,Never,Every Day,8
Never,Never,Never,Every Day,8
Never,Never,Some Days,Some Days,7
Never,Every Day,Never,Most Days,8
Never,Some Days,Some Days,Most Days,8
Never,Never,Some Days,Most Days,8
Never,Some Days,Some Days,Most Days,7
Every Day,Some Days,Every Day,Some Days,7
Never,Never,Never,Most Days,7
Never,Some Days,Some Days,Some Days,6
Every Day,Some Days,Some Days,Some Days,10
Most Days,Some Days,Some Days,Never,11
Some Days,Some Days,Some Days,Some Days,7
Some Days,Some Days,Some Days,Some Days,8
Never,Some Days,Some Days,Most Days,7
Never,Never,Never,Most Days,8
Never,Never,Never,Most Days,6
Never,Some Days,Never,Every Day,7
Most Days,Most Days,Never,Never,6
Never,Some Days,Some Days,Most Days,7
Never,Some Days,Some Days,Some Days,7
Never,Some Days,Some Days,Some Days,7
Never,Some Days,Some Days,Some Days,8
Never,Most Days,Never,Most Days,8
Never,Never,Never,Every Day,5
Never,Never,Some Days,Most Days,7
Never,Some Days,Some Days,Some Days,6
Never,Never,Some Days,Most Days,6
Never,Most Days,Some Days,Some Days,7
Some Days,Most Days,Never,Every Day,8
Every Day,Never,Never,Every Day,8
Never,Never,Every Day,Every Day,7
Never,Never,Never,Every Day,8
Never,Never,Never,Every Day,7
Some Days,Never,Some Days,Some Days,7
Never,Every Day,Never,Most Days,7
Never,Most Days,Some Days,Some Days,6
Never,Some Days,Never,Most Days,7
Never,Every Day,Never,Most Days,9
Never,Never,Never,Most Days,8
Never,Every Day,Some Days,Most Days,8
Never,Never,Never,Every Day,7
Every Day,Every Day,Every Day,Most Days,10
Every Day,Most Days,Some Days,Most Days,10
Never,Most Days,Most Days,Some Days,6
Never,Most Days,Never,Some Days,5
Never,Some Days,Some Days,Most Days,8
Never,Some Days,Some Days,Most Days,7
Every Day,Every Day,Some Days,Some Days,6
Some Days,Never,Every Day,Every Day,6
Every Day,Never,Most Days,Every Day,7
Never,Most Days,Most Days,Some Days,6
Some Days,Some Days,Some Days,Most Days,6
Every Day,Never,Some Days,Some Days,7
Some Days,Most Days,Some Days,Some Days,8
Never,Some Days,Some Days,Some Days,8
Never,Every Day,Never,Never,6
Never,Never,Some Days,Some Days,7
Never,Never,Never,Most Days,7
Never,Some Days,Some Days,Most Days,9
Never,Every Day,Some Days,Most Days,10
Never,Never,Never,Most Days,8
Never,Most Days,Never,Some Days,6
Never,Never,Never,Some Days,7
Never,Some Days,Some Days,Never,5
Most Days,Some Days,Most Days,Some Days,7
Some Days,Most Days,Most Days,Some Days,6
Never,Some Days,Some Days,Most Days,6
Never,Most Days,Most Days,Some Days,7
Never,Some Days,Never,Most Days,8
Never,Some Days,Never,Most Days,8
Never,Every Day,Most Days,Most Days,8
Never,Never,Never,Some Days,8
Never,Some Days,Never,Most Days,7
Never,Some Days,Some Days,Every Day,7
Never,Some Days,Never,Every Day,7
Never,Some Days,Some Days,Most Days,7
Some Days,Some Days,Some Days,Some Days,8
Every Day,Never,Never,Never,8
Never,Some Days,Some Days,Most Days,8
Never,Never,Never,Every Day,8
Never,Most Days,Some Days,Most Days,6
Never,Never,Some Days,Most Days,10
Never,Some Days,Some Days,Most Days,8
Never,Never,Never,Most Days,7
Never,Never,Some Days,Most Days,8
Never,Some Days,Some Days,Most Days,7
Never,Never,Never,Most Days,6
Never,Every Day,Every Day,Never,5
Every Day,Most Days,Most Days,Never,6
Never,Some Days,Some Days,Most Days,7
Never,Most Days,Some Days,Some Days,6
Never,Never,Never,Never,8
Every Day,Never,Never,Most Days,12
Never,Never,Never,Most Days,6
Some Days,Never,Never,Some Days,10
Never,Some Days,Every Day,Some Days,5
Some Days,Every Day,Some Days,Never,6
Never,Every Day,Never,Never,3
Every Day,Some Days,Most Days,Some Days,5
Never,Most Days,Never,Most Days,7
Never,Never,Never,Some Days,5
Never,Every Day,Some Days,Most Days,5
Most Days,Never,Some Days,Some Days,7
Most Days,Most Days,Most Days,Never,6
Every Day,Some Days,Some Days,Some Days,7
Some Days,Some Days,Never,Every Day,4
Never,Some Days,Most Days,Some Days,8
Never,Some Days,Never,Some Days,7
Never,Never,Never,Every Day,9
Never,Every Day,Never,Never,8
Some Days,Never,Some Days,Most Days,9
Never,Most Days,Never,Most Days,8
Never,Most Days,Never,Most Days,7
Never,Never,Never,Some Days,8
Never,Never,Never,Most Days,8
Some Days,Most Days,Most Days,Some Days,7
Never,Never,Never,Most Days,9
Never,Some Days,Some Days,Most Days,7
Never,Some Days,Never,Most Days,9
Never,Never,Never,Most Days,7
Most Days,Most Days,Most Days,Most Days,6
Never,Some Days,Never,Never,6
Every Day,Never,Most Days,Most Days,10
Never,Never,Never,Most Days,8
Never,Some Days,Some Days,Some Days,7
Some Days,Some Days,Some Days,Every Day,6
Never,Never,Some Days,Most Days,5
Never,Some Days,Some Days,Some Days,6
Some Days,Some Days,Most Days,Some Days,7
Every Day,Every Day,Every Day,Never,7
Never,Most Days,Some Days,Most Days,8
Some Days,Never,Never,Most Days,8
Never,Some Days,Some Days,Most Days,9
Never,Never,Some Days,Most Days,7
Never,Never,Some Days,Some Days,8
Some Days,Most Days,Most Days,Some Days,6
Never,Never,Some Days,Some Days,6
Never,Never,Some Days,Most Days,8
Never,Never,Never,Most Days,6
Some Days,Every Day,Never,Some Days,7
Never,Never,Some Days,Some Days,7
Never,Most Days,Never,Most Days,8
Some Days,Never,Some Days,Most Days,8
Never,Never,Never,Every Day,7
Never,Never,Never,Some Days,5
Never,Most Days,Never,Some Days,7
Never,Never,Never,Some Days,7
Never,Some Days,Some Days,Most Days,8
Never,Never,Some Days,Most Days,8
Every Day,Most Days,Most Days,Some Days,8
Never,Never,Never,Most Days,7
Never,Some Days,Never,Every Day,8
Every Day,Every Day,Every Day,Some Days,5
Never,Every Day,Never,Some Days,7
Never,Never,Never,Some Days,8
Never,Some Days,Never,Most Days,8
Some Days,Never,Some Days,Every Day,7
Never,Never,Some Days,Most Days,7
Never,Never,Never,Every Day,8
Every Day,Most Days,Every Day,Some Days,6
Never,Never,Never,Most Days,7
Never,Most Days,Most Days,Some Days,6
Never,Some Days,Some Days,Most Days,7
Never,Never,Never,Every Day,11
Never,Some Days,Never,Most Days,7
Never,Every Day,Never,Some Days,6
Never,Every Day,Every Day,Never,5
Never,Never,Never,Every Day,8
Never,Never,Never,Most Days,8
Never,Every Day,Every Day,Some Days,6
Every Day,Never,Never,Never,10
Never,Some Days,Some Days,Most Days,7
Never,Every Day,Some Days,Most Days,8
Never,Some Days,Never,Every Day,8
Never,Never,Never,Some Days,10
Some Days,Some Days,Some Days,Most Days,8
Never,Never,Never,Most Days,7
Never,Never,Never,Most Days,8
Never,Some Days,Never,Most Days,7
Never,Never,Never,Some Days,7
Never,Never,Some Days,Every Day,8
Never,Never,Never,Never,7
Never,Most Days,Never,Some Days,7
Every Day,Some Days,Most Days,Most Days,8
Never,Some Days,Some Days,Some Days,6
Never,Never,Never,Most Days,7
Some Days,Never,Some Days,Some Days,7
Never,Some Days,Never,Some Days,8
Some Days,Some Days,Some Days,Never,8
Never,Some Days,Never,Most Days,8
Never,Never,Never,Some Days,7
Some Days,Some Days,Some Days,Some Days,6
Never,Some Days,Some Days,Most Days,6
Every Day,Most Days,Every Day,Most Days,5
Never,Some Days,Some Days,Most Days,8
Never,Never,Some Days,Some Days,6
Never,Never,Never,Never,8
Some Days,Every Day,Every Day,Never,5
Some Days,Never,Some Days,Some Days,6
Never,Some Days,Never,Never,6
Never,Every Day,Some Days,Every Day,10
Every Day,Every Day,Never,Some Days,6
Never,Most Days,Every Day,Never,3
Never,Never,Never,Most Days,8
Every Day,Never,Never,Every Day,9
Some Days,Never,Never,Every Day,10
Some Days,Every Day,Every Day,Some Days,7
Most Days,Never,Every Day,Never,6
Never,Never,Never,Never,8
Never,Never,Never,Every Day,8
Never,Never,Never,Most Days,7
Never,Every Day,Every Day,Never,5
Never,Some Days,Never,Most Days,8
Never,Some Days,Some Days,Most Days,7
Never,Some Days,Never,Some Days,6
Never,Never,Never,Most Days,7
Never,Never,Never,Every Day,8
Never,Never,Never,Most Days,8
Never,Some Days,Some Days,Most Days,9
Never,Some Days,Never,Some Days,8
Never,Never,Never,Never,8
Every Day,Some Days,Some Days,Some Days,8
Some Days,Some Days,Some Days,Most Days,7
Never,Never,Some Days,Most Days,7
Never,Never,Never,Most Days,8
Never,Some Days,Never,Most Days,7
Never,Most Days,Most Days,Never,6
Never,Every Day,Some Days,Never,6
Every Day,Every Day,Most Days,Some Days,7
Every Day,Every Day,Every Day,Never,6
Never,Never,Never,Some Days,8
Never,Never,Never,Most Days,7
Never,Never,Never,Some Days,7
Never,Some Days,Never,Most Days,7
Every Day,Every Day,Never,Some Days,8
Some Days,Never,Some Days,Most Days,7
Never,Never,Never,Every Day,7
Never,Never,Some Days,Most Days,7
Never,Some Days,Some Days,Most Days,8
Never,Never,Never,Most Days,7
Never,Never,Never,Every Day,8
Some Days,Some Days,Never,Most Days,7
Every Day,Every Day,Never,Some Days,8
Never,Most Days,Never,Some Days,7
Never,Never,Never,Every Day,8
Every Day,Some Days,Never,Some Days,9
Never,Never,Never,Most Days,7
Never,Some Days,Never,Most Days,6
Never,Some Days,Some Days,Most Days,7
Some Days,Some Days,Some Days,Most Days,6
Every Day,Never,Some Days,Most Days,7
Every Day,Most Days,Every Day,Some Days,5
Never,Some Days,Some Days,Most Days,9
Never,Never,Some Days,Some Days,5
Never,Never,Never,Most Days,10
Never,Never,Never,Every Day,9
Never,Never,Never,Most Days,8
Never,Never,Most Days,Every Day,8
Never,Never,Never,Every Day,8
Never,Every Day,Never,Most Days,7
Never,Every Day,Most Days,Never,5
Never,Never,Some Days,Every Day,8
Every Day,Some Days,Some Days,Some Days,6
Every Day,Never,Every Day,Every Day,8
Never,Never,Never,Most Days,8
Never,Some Days,Some Days,Most Days,6
Never,Some Days,Most Days,Some Days,6
Never,Some Days,Some Days,Most Days,6
Never,Never,Never,Most Days,8
Every Day,Every Day,Some Days,Some Days,6
Never,Never,Never,Every Day,8
Never,Every Day,Never,Most Days,8
Never,Never,Some Days,Some Days,6
Never,Most Days,Never,Most Days,7
Never,Never,Never,Some Days,7
Never,Some Days,Some Days,Most Days,7
Some Days,Some Days,Some Days,Most Days,7
Some Days,Some Days,Some Days,Most Days,6
Never,Never,Never,Most Days,7
Never,Never,Never,Most Days,7
Never,Some Days,Most Days,Some Days,6
Never,Never,Never,Every Day,9
Never,Never,Never,Every Day,8
Never,Never,Never,Some Days,8
Every Day,Never,Never,Some Days,10
Never,Never,Never,Most Days,7
Never,Some Days,Some Days,Never,8
Never,Some Days,Never,Most Days,8
Never,Most Days,Never,Some Days,8
Never,Some Days,Some Days,Some Days,6
Never,Never,Never,Most Days,6
Never,Never,Never,Most Days,6
Some Days,Some Days,Some Days,Some Days,6
Never,Never,Never,Every Day,12
Every Day,Most Days,Most Days,Some Days,6
Never,Never,Some Days,Most Days,7
Never,Some Days,Most Days,Some Days,9
Never,Never,Never,Every Day,8
Never,Never,Never,Some Days,7
Never,Some Days,Every Day,Some Days,8
Never,Some Days,Some Days,Never,6
Never,Never,Some Days,Every Day,7
Never,Never,Never,Every Day,9
Never,Every Day,Never,Every Day,8
Every Day,Some Days,Some Days,Most Days,8
Never,Never,Never,Most Days,6
Never,Never,Never,Every Day,7
Never,Never,Never,Some Days,6
Never,Never,Never,Every Day,8
Never,Never,Never,Every Day,8
Never,Never,Some Days,Some Days,8
Never,Never,Some Days,Most Days,8
Never,Never,Never,Every Day,8
Never,Never,Never,Every Day,7
Never,Most Days,Never,Most Days,7
Never,Most Days,Most Days,Some Days,6
Every Day,Every Day,Most Days,Never,6
Some Days,Never,Some Days,Every Day,7
Never,Most Days,Most Days,Most Days,9
Never,Never,Some Days,Every Day,7
Never,Never,Some Days,Some Days,8
Never,Never,Never,Every Day,8
Never,Never,Most Days,Most Days,8
Never,Never,Never,Every Day,7
Never,Every Day,Every Day,Never,5
Never,Never,Never,Never,15
Never,Never,Never,Some Days,7
Never,Never,Never,Some Days,4
Never,Never,Never,Every Day,8
Every Day,Every Day,Every Day,Never,9
Never,Some Days,Some Days,Some Days,5
Never,Some Days,Some Days,Some Days,8
Never,Never,Never,Some Days,6
Never,Never,Never,Most Days,8
Every Day,Some Days,Some Days,Some Days,6
Every Day,Never,Never,Never,6
Never,Never,Never,Most Days,8
Never,Never,Never,Most Days,8
Never,Never,Never,Every Day,6
Never,Never,Most Days,Some Days,8
Some Days,Most Days,Never,Some Days,7
Never,Some Days,Some Days,Most Days,7
Never,Never,Never,Most Days,9
Never,Never,Never,Some Days,7
Never,Never,Some Days,Most Days,7
Never,Never,Never,Every Day,7
Some Days,Never,Most Days,Some Days,7
Never,Never,Never,Most Days,7
Never,Some Days,Most Days,Some Days,6
Never,Never,Never,Every Day,6
Never,Never,Never,Most Days,7
Never,Every Day,Never,Some Days,8
Never,Most Days,Most Days,Never,6
Never,Some Days,Never,Every Day,8
Never,Some Days,Some Days,Most Days,7
Never,Never,Some Days,Most Days,8
Never,Never,Never,Every Day,7
Never,Never,Never,Most Days,8
Every Day,Some Days,Some Days,Most Days,7
Never,Some Days,Most Days,Never,7
Never,Most Days,Most Days,Some Days,5
Some Days,Some Days,Some Days,Most Days,6
Never,Never,Never,Most Days,8
Never,Every Day,Never,Never,6
Every Day,Most Days,Most Days,Some Days,9
Every Day,Some Days,Never,Most Days,8
Never,Never,Never,Every Day,7
Every Day,Never,Never,Most Days,9
Every Day,Some Days,Every Day,Some Days,7
Every Day,Every Day,Every Day,Never,4
Most Days,Some Days,Some Days,Most Days,8
Never,Some Days,Most Days,Some Days,6
Never,Never,Never,Never,7
Never,Most Days,Some Days,Never,8
Never,Never,Never,Most Days,8
Never,Never,Never,Never,8
Never,Every Day,Every Day,Some Days,7
Never,Some Days,Some Days,Most Days,7
Never,Never,Never,Some Days,8
Never,Never,Never,Every Day,6
Never,Never,Never,Every Day,8
Never,Never,Some Days,Most Days,8
Never,Some Days,Some Days,Most Days,8
Never,Never,Never,Most Days,8
Never,Never,Never,Most Days,8
Never,Never,Never,Most Days,7
Never,Never,Never,Most Days,7
Never,Never,Never,Most Days,8
Never,Never,Never,Most Days,8
Never,Every Day,Every Day,Some Days,5
Never,Never,Never,Every Day,7
Never,Never,Never,Every Day,8
Never,Some Days,Some Days,Some Days,7
Never,Most Days,Some Days,Never,5
Never,Some Days,Some Days,Never,6
Some Days,Some Days,Some Days,Most Days,7
Never,Some Days,Some Days,Some Days,6
Never,Some Days,Some Days,Some Days,7
Never,Never,Every Day,Every Day,6
Never,Never,Most Days,Some Days,8
Every Day,Some Days,Some Days,Some Days,10
Every Day,Some Days,Some Days,Some Days,8
Never,Some Days,Never,Never,10
Never,Never,Never,Every Day,7
Never,Some Days,Some Days,Most Days,8
Never,Some Days,Some Days,Most Days,8
Never,Some Days,Never,Most Days,8
Some Days,Never,Some Days,Most Days,8
Never,Every Day,Every Day,Never,5
Some Days,Most Days,Some Days,Most Days,7
Never,Some Days,Never,Most Days,6
Never,Never,Never,Never,7
Never,Never,Never,Most Days,6
Never,Some Days,Some Days,Some Days,7
Every Day,Some Days,Never,Most Days,6
Never,Some Days,Some Days,Some Days,7
Never,Some Days,Some Days,Some Days,8
Never,Most Days,Some Days,Most Days,6
Every Day,Some Days,Never,Never,8
Never,Some Days,Some Days,Some Days,7
Never,Some Days,Some Days,Some Days,8
Never,Some Days,Some Days,Some Days,6
Never,Some Days,Never,Most Days,8
Never,Never,Never,Most Days,6
Never,Most Days,Most Days,Some Days,5
Never,Most Days,Some Days,Most Days,6
Never,Some Days,Never,Some Days,5
Every Day,Never,Never,Most Days,6
Never,Never,Some Days,Some Days,7
Never,Never,Never,Some Days,8
Never,Never,Never,Most Days,7
Every Day,Some Days,Some Days,Some Days,8
Never,Some Days,Never,Some Days,6
Never,Some Days,Never,Most Days,8
Never,Never,Never,Some Days,6
Never,Every Day,Never,Some Days,4
Never,Never,Never,Some Days,6
Every Day,Some Days,Some Days,Most Days,7
Never,Some Days,Some Days,Some Days,5
Never,Every Day,Every Day,Never,4
Never,Some Days,Some Days,Most Days,7
Never,Some Days,Some Days,Most Days,7
Never,Never,Never,Never,8
Never,Some Days,Never,Most Days,9
Never,Some Days,Some Days,Some Days,6
Every Day,Every Day,Some Days,Never,5
Never,Never,Never,Every Day,8
Never,Some Days,Never,Most Days,8
Never,Never,Never,Most Days,8
Never,Some Days,Never,Every Day,7
Never,Every Day,Never,Some Days,4
Never,Every Day,Never,Most Days,6
Never,Some Days,Some Days,Most Days,7
Never,Some Days,Some Days,Most Days,6
Never,Some Days,Some Days,Most Days,8
Never,Some Days,Some Days,Most Days,8
Never,Most Days,Some Days,Some Days,7
Never,Some Days,Some Days,Most Days,5
Never,Some Days,Never,Most Days,10
Never,Some Days,Some Days,Most Days,8
Never,Never,Never,Most Days,8
Never,Never,Never,Most Days,7
Never,Never,Never,Every Day,9
Never,Never,Some Days,Some Days,5
Never,Never,Never,Every Day,7
Never,Never,Never,Every Day,8
Never,Never,Never,Most Days,7
Never,Never,Never,Every Day,6
Most Days,Some Days,Every Day,Some Days,7
Never,Never,Never,Some Days,8
Every Day,Never,Never,Most Days,9
Never,Some Days,Some Days,Some Days,8
Never,Never,Some Days,Most Days,7
Never,Some Days,Never,Most Days,7
Never,Some Days,Never,Most Days,6
Some Days,Some Days,Some Days,Some Days,6
Some Days,Some Days,Some Days,Some Days,7
Never,Never,Some Days,Most Days,8
Never,Never,Never,Every Day,8
Never,Some Days,Some Days,Most Days,7
Never,Never,Most Days,Some Days,8
Never,Never,Never,Some Days,6
Never,Never,Never,Most Days,8
Never,Some Days,Some Days,Some Days,7
Never,Never,Some Days,Most Days,8
Never,Some Days,Some Days,Some Days,8
Every Day,Some Days,Never,Every Day,7
Never,Never,Never,Some Days,8
Never,Never,Never,Some Days,8
Never,Some Days,Some Days,Most Days,6
Never,Never,Some Days,Some Days,8
Never,Never,Some Days,Most Days,8
Never,Never,Never,Most Days,7
Never,Some Days,Some Days,Most Days,6
Never,Some Days,Some Days,Some Days,6
Never,Never,Every Day,Every Day,6
Some Days,Never,Never,Most Days,8
Never,Some Days,Never,Some Days,6
Never,Some Days,Never,Every Day,7
Some Days,Some Days,Some Days,Every Day,8
Never,Most Days,Never,Most Days,8
Never,Some Days,Never,Never,5
Never,Some Days,Some Days,Most Days,7
Never,Some Days,Some Days,Most Days,6
Every Day,Never,Never,Most Days,7
Every Day,Some Days,Some Days,Some Days,7
Never,Most Days,Some Days,Never,6
Never,Never,Some Days,Most Days,8
Never,Every Day,Every Day,Some Days,6
Never,Most Days,Some Days,Some Days,7
Never,Most Days,Most Days,Some Days,5
Never,Never,Some Days,Most Days,7
Some Days,Every Day,Some Days,Never,10
Never,Never,Never,Every Day,8
Never,Never,Never,Every Day,6
Never,Most Days,Most Days,Never,7
Never,Some Days,Some Days,Most Days,7
Some Days,Every Day,Some Days,Some Days,7
Most Days,Every Day,Never,Every Day,7
Never,Never,Never,Most Days,8
Never,Never,Never,Most Days,8
Never,Never,Some Days,Every Day,10
Never,Some Days,Some Days,Some Days,7
Never,Some Days,Never,Most Days,9
Never,Some Days,Never,Most Days,6
Never,Never,Some Days,Some Days,9
Never,Some Days,Some Days,Every Day,7
Never,Some Days,Some Days,Never,7
Never,Never,Never,Every Day,7
Never,Never,Never,Every Day,7
Never,Most Days,Every Day,Never,6
Never,Never,Never,Most Days,6
Never,Never,Never,Most Days,7
Never,Never,Never,Every Day,7
Some Days,Never,Never,Most Days,8
Never,Never,Never,Every Day,7
Never,Some Days,Never,Every Day,9
Some Days,Some Days,Some Days,Some Days,6
Never,Never,Never,Some Days,7
Never,Most Days,Some Days,Most Days,8
Some Days,Some Days,Some Days,Most Days,7
Some Days,Most Days,Never,Some Days,6
Every Day,Most Days,Never,Some Days,6
Never,Never,Some Days,Most Days,8
Never,Some Days,Some Days,Some Days,7
Never,Never,Never,Some Days,7
Never,Most Days,Never,Most Days,7
Never,Some Days,Never,Most Days,7
Never,Some Days,Some Days,Most Days,6
Never,Never,Never,Every Day,8
Never,Most Days,Never,Most Days,7
Never,Never,Never,Every Day,6
Never,Some Days,Some Days,Most Days,6
Never,Never,Never,Some Days,8
Never,Never,Some Days,Most Days,7
Never,Never,Some Days,Every Day,8
Every Day,Never,Never,Never,9
Some Days,Every Day,Every Day,Never,7
Most Days,Never,Some Days,Most Days,8
Never,Never,Never,Never,8
Never,Never,Never,Most Days,7
Never,Never,Some Days,Most Days,5
Never,Most Days,Some Days,Some Days,7
Some Days,Some Days,Some Days,Most Days,8
Never,Never,Never,Most Days,8
Never,Some Days,Some Days,Some Days,7
Never,Never,Never,Most Days,9
Never,Some Days,Never,Most Days,7
Never,Never,Never,Some Days,7
Never,Never,Never,Most Days,7
Every Day,Never,Never,Never,7
Some Days,Some Days,Some Days,Most Days,8
Never,Every Day,Never,Every Day,8
Most Days,Some Days,Most Days,Some Days,7
Never,Never,Some Days,Most Days,7
Never,Never,Never,Every Day,8
Never,Some Days,Every Day,Most Days,8
Never,Never,Some Days,Most Days,8
Never,Some Days,Never,Some Days,7
Never,Some Days,Never,Some Days,9
Never,Some Days,Most Days,Never,6
Never,Every Day,Never,Every Day,6
Never,Most Days,Some Days,Some Days,7
Never,Never,Never,Every Day,8
Never,Some Days,Some Days,Most Days,6
Some Days,Never,Never,Some Days,10
Every Day,Most Days,Some Days,Some Days,4
Most Days,Every Day,Some Days,Most Days,5
Never,Never,Never,Every Day,8
Never,Some Days,Some Days,Some Days,7
Never,Most Days,Most Days,Some Days,4
Never,Never,Never,Some Days,7
Never,Never,Never,Some Days,7
Never,Never,Never,Never,7
Never,Some Days,Some Days,Some Days,6
Never,Never,Never,Most Days,6
Some Days,Some Days,Some Days,Some Days,6
Some Days,Some Days,Some Days,Most Days,7
Never,Never,Never,Most Days,8
Every Day,Some Days,Every Day,Most Days,7
Every Day,Never,Never,Most Days,7
Every Day,Most Days,Never,Some Days,6
Most Days,Some Days,Most Days,Never,7
Every Day,Never,Most Days,Some Days,7
Never,Never,Some Days,Some Days,7
Some Days,Some Days,Some Days,Most Days,8
Never,Every Day,Every Day,Never,5
Never,Never,Most Days,Some Days,5
Never,Never,Never,Most Days,8
Never,Never,Never,Most Days,8
Never,Never,Never,Some Days,6
Never,Never,Never,Most Days,6
Never,Never,Never,Every Day,6
Never,Never,Some Days,Never,8
Never,Never,Never,Most Days,6
Never,Never,Never,Never,7
Never,Never,Never,Some Days,8
Never,Some Days,Some Days,Most Days,8
Some Days,Never,Never,Some Days,7
Never,Never,Never,Most Days,6
Never,Never,Some Days,Most Days,10
Never,Never,Never,Most Days,6
Every Day,Never,Some Days,Most Days,7
Never,Never,Never,Most Days,8
Some Days,Never,Never,Some Days,5
Never,Some Days,Some Days,Every Day,5
Never,Some Days,Most Days,Some Days,6
Never,Most Days,Never,Most Days,7
Never,Some Days,Never,Every Day,7
Never,Some Days,Some Days,Some Days,7
Never,Never,Every Day,Most Days,4
Never,Never,Some Days,Some Days,7
Every Day,Most Days,Every Day,Most Days,6
Never,Some Days,Some Days,Some Days,6
Never,Never,Never,Every Day,5
Never,Most Days,Never,Some Days,8
Never,Never,Never,Every Day,7
Never,Never,Never,Some Days,6
Never,Some Days,Some Days,Most Days,7
Never,Never,Some Days,Most Days,7
Never,Never,Never,Most Days,6
Never,Never,Never,Every Day,7
Never,Never,Never,Most Days,8
Never,Never,Never,Most Days,9
Never,Never,Never,Most Days,7
Never,Never,Never,Some Days,7
Never,Some Days,Some Days,Some Days,6
Some Days,Some Days,Some Days,Some Days,11
Never,Some Days,Most Days,Never,7
Never,Never,Never,Some Days,8
Never,Never,Never,Every Day,6
Never,Never,Some Days,Some Days,7
Never,Some Days,Never,Some Days,16
Never,Never,Some Days,Most Days,6
Never,Never,Never,Most Days,8
Never,Some Days,Some Days,Some Days,7
Never,Most Days,Never,Most Days,6
Never,Never,Some Days,Some Days,8
Every Day,Never,Some Days,Most Days,6
Never,Some Days,Some Days,Some Days,6
Never,Some Days,Most Days,Some Days,7
Every Day,Some Days,Some Days,Some Days,8
Every Day,Some Days,Some Days,Never,6
Never,Every Day,Never,Most Days,10
Never,Never,Never,Most Days,6
Never,Never,Never,Every Day,8
Never,Some Days,Never,Every Day,8
Some Days,Some Days,Every Day,Never,3
Never,Never,Never,Every Day,8
Never,Never,Never,Most Days,6
Never,Never,Never,Some Days,8
Never,Never,Never,Never,7
Some Days,Some Days,Never,Most Days,7
Never,Never,Never,Some Days,8
Never,Never,Never,Never,6
Some Days,Every Day,Some Days,Some Days,4
Never,Every Day,Some Days,Most Days,7
Never,Never,Never,Every Day,7
Never,Never,Never,Every Day,8
Never,Some Days,Some Days,Most Days,7
Never,Never,Never,Most Days,6
Most Days,Most Days,Most Days,Some Days,3
Never,Some Days,Never,Some Days,8
Never,Every Day,Some Days,Most Days,8
Never,Never,Never,Some Days,4
Never,Never,Never,Never,7
Never,Some Days,Never,Most Days,7
Never,Never,Some Days,Most Days,8
Never,Some Days,Never,Most Days,9
Never,Never,Never,Most Days,6
Never,Never,Never,Most Days,6
Most Days,Most Days,Most Days,Most Days,6
Every Day,Every Day,Every Day,Never,2
Never,Some Days,Every Day,Some Days,6
Every Day,Never,Some Days,Every Day,7
Never,Never,Never,Every Day,10
Never,Never,Never,Some Days,7
Never,Never,Every Day,Every Day,7
Never,Never,Never,Most Days,7
Never,Every Day,Every Day,Some Days,6
Never,Never,Some Days,Never,7
Every Day,Never,Some Days,Every Day,8
Every Day,Some Days,Some Days,Most Days,8
Never,Every Day,Most Days,Never,6
Some Days,Most Days,Most Days,Never,10
Never,Never,Some Days,Most Days,8
Never,Never,Some Days,Most Days,6
Never,Most Days,Most Days,Some Days,6
Never,Never,Never,Never,7
Never,Never,Never,Every Day,5
Never,Some Days,Some Days,Some Days,6
Never,Never,Never,Most Days,8
Never,Never,Never,Every Day,8
Never,Some Days,Some Days,Some Days,6
Never,Never,Never,Every Day,6
Never,Never,Never,Most Days,6
Every Day,Never,Every Day,Most Days,7
Never,Some Days,Most Days,Never,5
Never,Every Day,Every Day,Never,8
Never,Most Days,Some Days,Every Day,6
Some Days,Never,Never,Most Days,7
Never,Every Day,Every Day,Every Day,8
Some Days,Never,Some Days,Some Days,8
Never,Never,Some Days,Most Days,7
Never,Never,Never,Some Days,12
Never,Never,Never,Every Day,7
Never,Never,Never,Every Day,8
Some Days,Never,Some Days,Every Day,8
Never,Never,Some Days,Every Day,8
Never,Never,Some Days,Some Days,6
Never,Every Day,Every Day,Some Days,6
Never,Every Day,Every Day,Never,7
Never,Never,Never,Every Day,11
Never,Never,Never,Most Days,8
Some Days,Never,Never,Every Day,9
Never,Never,Never,Every Day,6
Never,Never,Never,Every Day,8
Never,Never,Never,Never,8
Every Day,Most Days,Never,Never,10
Every Day,Every Day,Every Day,Some Days,6
Never,Never,Never,Most Days,8
Never,Never,Most Days,Never,8
Some Days,Most Days,Some Days,Some Days,7
Never,Never,Some Days,Most Days,7
Every Day,Every Day,Every Day,Never,7
Never,Some Days,Never,Most Days,7
Never,Never,Never,Most Days,7
Never,Never,Never,Most Days,6
Some Days,Most Days,Every Day,Some Days,8
Never,Never,Some Days,Some Days,6
Never,Never,Some Days,Most Days,7
Never,Some Days,Never,Most Days,6
Never,Some Days,Some Days,Most Days,8
Never,Never,Never,Most Days,8
Never,Some Days,Never,Most Days,7
Never,Some Days,Never,Every Day,9
Some Days,Never,Never,Some Days,6
Some Days,Never,Most Days,Some Days,6
Every Day,Every Day,Every Day,Some Days,6
Every Day,Some Days,Some Days,Some Days,8
Never,Some Days,Some Days,Some Days,9
Some Days,Some Days,Some Days,Some Days,8
Never,Never,Never,Some Days,6
Never,Never,Some Days,Most Days,8
Never,Some Days,Never,Most Days,8
Never,Never,Never,Never,8
Never,Never,Never,Some Days,5
Never,Every Day,Never,Never,6
Some Days,Most Days,Most Days,Some Days,5
Never,Never,Never,Never,7
Some Days,Most Days,Most Days,Some Days,6
Never,Never,Never,Most Days,7
Never,Never,Never,Most Days,8
Never,Some Days,Some Days,Most Days,7
Never,Most Days,Most Days,Most Days,8
Never,Never,Never,Most Days,7
Never,Never,Never,Most Days,7
Never,Some Days,Never,Most Days,8
Never,Never,Never,Some Days,7
Never,Never,Some Days,Some Days,9
Never,Every Day,Every Day,Some Days,6
Never,Some Days,Never,Most Days,7
Never,Every Day,Some Days,Most Days,8
Never,Never,Never,Every Day,8
Never,Never,Never,Every Day,8
Never,Never,Never,Every Day,7
Never,Never,Never,Every Day,8
Never,Never,Some Days,Most Days,6
Never,Every Day,Never,Some Days,7
Never,Some Days,Some Days,Most Days,7
Most Days,Most Days,Some Days,Some Days,7
Never,Some Days,Some Days,Most Days,8
Every Day,Some Days,Every Day,Some Days,5
Never,Some Days,Never,Most Days,7
Never,Never,Never,Every Day,7
Never,Every Day,Some Days,Some Days,6
Never,Never,Never,Most Days,10
Never,Most Days,Never,Some Days,7
Never,Some Days,Never,Most Days,7
Never,Never,Some Days,Most Days,9
Some Days,Every Day,Every Day,Some Days,5
Never,Most Days,Some Days,Some Days,10
Never,Some Days,Some Days,Most Days,10
Never,Every Day,Never,Some Days,7
Never,Some Days,Some Days,Some Days,7
Never,Never,Never,Most Days,7
Never,Most Days,Some Days,Most Days,6
Never,Every Day,Every Day,Never,8
Never,Never,Never,Most Days,9
Never,Never,Some Days,Most Days,7
Never,Never,Never,Every Day,7
Never,Never,Some Days,Some Days,6
Some Days,Never,Some Days,Some Days,8
Never,Some Days,Some Days,Most Days,7
Never,Most Days,Some Days,Never,5
Some Days,Never,Some Days,Most Days,7
Every Day,Never,Never,Every Day,9
Most Days,Never,Most Days,Some Days,7
Never,Never,Some Days,Every Day,7
Never,Never,Never,Some Days,6
Never,Never,Some Days,Most Days,9
Never,Every Day,Some Days,Every Day,11
Never,Some Days,Never,Most Days,7
Never,Never,Some Days,Never,7
Never,Never,Most Days,Most Days,7
Never,Never,Never,Most Days,7
Never,Some Days,Never,Every Day,9
Some Days,Some Days,Some Days,Most Days,8
Never,Never,Never,Every Day,10
Never,Never,Never,Every Day,8
Most Days,Some Days,Never,Most Days,8
Never,Never,Never,Most Days,8
Never,Some Days,Never,Some Days,8
Never,Some Days,Some Days,Some Days,6
Some Days,Every Day,Every Day,Never,7
Never,Never,Never,Never,7
Never,Some Days,Some Days,Some Days,7
Never,Never,Never,Never,7
Never,Some Days,Some Days,Every Day,6
Never,Never,Never,Some Days,7
Never,Some Days,Some Days,Some Days,6
Never,Never,Never,Never,7
Never,Some Days,Some Days,Most Days,6
Never,Never,Some Days,Most Days,6
Never,Never,Never,Never,6
Some Days,Never,Never,Some Days,6
Never,Some Days,Some Days,Most Days,8
Never,Most Days,Some Days,Some Days,7
Never,Never,Never,Most Days,7
Never,Never,Never,Some Days,7
Every Day,Never,Never,Every Day,7
Every Day,Some Days,Never,Every Day,8
Never,Never,Every Day,Some Days,9
Never,Never,Never,Never,7
Never,Never,Never,Most Days,7
Never,Never,Never,Every Day,6
Never,Never,Never,Every Day,9
Never,Never,Some Days,Most Days,8
Never,Some Days,Most Days,Some Days,6
Never,Never,Some Days,Never,7
Never,Some Days,Some Days,Most Days,7
Never,Never,Some Days,Never,7
Never,Never,Never,Most Days,7
Never,Never,Some Days,Every Day,8
Never,Never,Never,Every Day,7
Never,Never,Never,Most Days,8
Every Day,Never,Never,Most Days,8
Never,Never,Never,Most Days,6
Some Days,Never,Never,Some Days,7
Some Days,Some Days,Some Days,Every Day,8
Some Days,Most Days,Never,Most Days,7
Never,Every Day,Never,Never,7
Never,Most Days,Most Days,Never,4
Never,Never,Never,Most Days,7
Never,Some Days,Some Days,Never,6
Never,Never,Never,Most Days,6
Never,Some Days,Some Days,Some Days,7
Never,Never,Never,Most Days,8
Never,Most Days,Most Days,Some Days,7
Every Day,Most Days,Most Days,Some Days,8
Never,Never,Never,Some Days,7
Never,Some Days,Never,Every Day,7
Some Days,Never,Some Days,Every Day,9
Never,Never,Some Days,Most Days,7
Never,Some Days,Never,Some Days,7
Never,Every Day,Some Days,Every Day,3
Never,Every Day,Every Day,Most Days,4
Never,Most Days,Some Days,Most Days,6
Never,Never,Never,Every Day,7
Never,Never,Some Days,Most Days,8
Most Days,Most Days,Most Days,Some Days,6
Never,Never,Never,Most Days,6
Never,Most Days,Some Days,Most Days,6
Never,Never,Never,Every Day,7
Never,Some Days,Some Days,Most Days,6
Never,Never,Some Days,Most Days,7
Never,Never,Never,Most Days,8
Never,Never,Never,Most Days,8
Never,Never,Never,Most Days,7
Never,Never,Never,Every Day,8
Never,Never,Some Days,Most Days,9
Never,Never,Never,Every Day,8
Never,Never,Never,Every Day,8
Never,Never,Never,Some Days,7
Never,Never,Never,Never,6
Never,Never,Some Days,Some Days,6
Every Day,Most Days,Most Days,Never,5
Never,Some Days,Some Days,Most Days,6
Never,Some Days,Some Days,Some Days,6
Never,Some Days,Some Days,Some Days,6
Never,Some Days,Most Days,Some Days,5
Never,Most Days,Never,Every Day,7
Never,Never,Never,Every Day,6
Never,Never,Some Days,Some Days,7
Most Days,Most Days,Most Days,Most Days,6
Never,Never,Never,Most Days,8
Never,Some Days,Never,Most Days,10
Never,Some Days,Some Days,Some Days,6
Never,Never,Never,Most Days,6
Some Days,Most Days,Some Days,Some Days,5
Never,Never,Never,Most Days,7
Never,Most Days,Never,Some Days,5
Never,Some Days,Never,Most Days,7
Never,Never,Some Days,Most Days,7
Never,Never,Never,Never,8
Never,Never,Never,Most Days,7
Every Day,Some Days,Every Day,Most Days,10
Never,Never,Never,Most Days,7
Never,Never,Never,Every Day,7
Never,Some Days,Most Days,Some Days,7
Never,Some Days,Some Days,Most Days,7
Some Days,Most Days,Some Days,Some Days,6
Never,Every Day,Every Day,Never,4
Never,Some Days,Never,Some Days,7
Some Days,Never,Some Days,Most Days,7
Never,Some Days,Some Days,Some Days,6
Never,Some Days,Some Days,Some Days,6
Never,Never,Never,Most Days,7
Never,Never,Some Days,Most Days,8
Never,Some Days,Never,Most Days,7
Never,Some Days,Never,Most Days,7
Every Day,Every Day,Never,Never,6
Every Day,Never,Every Day,Every Day,9
Never,Never,Never,Every Day,6
Never,Never,Never,Most Days,8
Never,Never,Never,Most Days,8
Never,Never,Some Days,Most Days,8
Never,Some Days,Some Days,Every Day,9
Never,Some Days,Never,Most Days,7
Never,Never,Never,Most Days,7
Never,Some Days,Never,Some Days,6
Never,Never,Never,Most Days,8
Never,Some Days,Some Days,Some Days,7
Never,Never,Never,Every Day,8
Never,Never,Never,Never,8
Never,Some Days,Never,Some Days,10
Never,Never,Never,Every Day,8
Never,Most Days,Never,Most Days,4
Never,Some Days,Some Days,Some Days,7
Never,Never,Never,Most Days,7
Never,Never,Never,Never,8
Never,Never,Never,Most Days,6
Some Days,Most Days,Never,Some Days,5
Every Day,Every Day,Every Day,Never,6
Never,Some Days,Some Days,Some Days,7
Never,Some Days,Never,Some Days,8
Never,Most Days,Some Days,Some Days,5
Never,Some Days,Never,Most Days,7
Some Days,Some Days,Some Days,Most Days,8
Never,Never,Never,Some Days,7
Every Day,Never,Some Days,Some Days,6
Never,Never,Never,Every Day,8
Never,Every Day,Every Day,Never,4
Never,Some Days,Some Days,Some Days,6
Never,Some Days,Never,Most Days,8
Never,Never,Never,Some Days,5
Some Days,Every Day,Some Days,Some Days,6
Never,Some Days,Never,Never,10
Never,Never,Never,Some Days,6
Every Day,Every Day,Some Days,Some Days,9
Every Day,Every Day,Never,Never,8
Some Days,Every Day,Every Day,Some Days,7
Never,Never,Some Days,Most Days,8
Never,Some Days,Most Days,Some Days,6
Never,Most Days,Most Days,Most Days,8
Never,Some Days,Some Days,Some Days,6
Never,Never,Never,Every Day,7
Never,Never,Never,Most Days,8
Never,Every Day,Most Days,Never,4
Never,Some Days,Some Days,Most Days,7
Never,Some Days,Some Days,Most Days,8
Never,Never,Some Days,Most Days,8
Never,Never,Some Days,Most Days,11
Never,Never,Never,Some Days,8
Never,Most Days,Most Days,Most Days,7
Never,Never,Never,Most Days,9
Never,Some Days,Some Days,Some Days,6
Never,Never,Never,Never,8
Never,Never,Never,Most Days,7
Never,Some Days,Some Days,Some Days,7
Never,Never,Never,Never,8
Some Days,Some Days,Some Days,Most Days,8
Never,Most Days,Some Days,Some Days,7
Never,Never,Never,Never,8
Never,Some Days,Never,Every Day,7
Never,Most Days,Never,Most Days,6
Some Days,Never,Never,Most Days,7
Never,Never,Never,Every Day,7
Never,Most Days,Some Days,Never,6
Never,Some Days,Some Days,Most Days,6
Never,Some Days,Some Days,Some Days,5
Never,Some Days,Some Days,Most Days,8
Never,Never,Some Days,Some Days,8
Never,Never,Some Days,Most Days,8
Never,Never,Never,Never,5
Never,Never,Some Days,Every Day,8
Never,Never,Never,Every Day,6
Never,Never,Never,Some Days,6
Never,Never,Never,Some Days,7
Never,Never,Never,Some Days,9
Some Days,Some Days,Never,Most Days,8
Some Days,Never,Some Days,Some Days,8
Some Days,Never,Some Days,Most Days,8
Never,Some Days,Never,Most Days,8
Most Days,Most Days,Most Days,Most Days,7
Never,Never,Never,Most Days,7
Never,Never,Never,Every Day,7
Never,Some Days,Never,Most Days,9
Never,Every Day,Every Day,Some Days,6
Never,Never,Never,Most Days,6
Never,Never,Never,Most Days,7
Never,Never,Never,Most Days,7
Never,Some Days,Some Days,Every Day,9
Every Day,Some Days,Most Days,Some Days,7
Never,Never,Never,Every Day,8
Never,Some Days,Never,Most Days,7
Never,Never,Never,Some Days,8
Never,Never,Never,Every Day,7
Never,Never,Never,Every Day,8
Some Days,Some Days,Some Days,Never,8
Every Day,Most Days,Most Days,Some Days,8
Every Day,Every Day,Every Day,Never,5
Never,Never,Some Days,Most Days,6
Never,Never,Some Days,Some Days,6
Never,Never,Never,Most Days,6
Never,Never,Never,Most Days,8
Never,Never,Never,Most Days,8
Some Days,Most Days,Never,Some Days,7
Every Day,Never,Every Day,Some Days,9
Never,Never,Never,Most Days,9
Never,Some Days,Some Days,Most Days,7
Never,Every Day,Most Days,Some Days,8
Never,Never,Every Day,Most Days,5
Never,Some Days,Some Days,Some Days,7
Never,Never,Never,Every Day,8
Never,Some Days,Some Days,Some Days,8
Never,Never,Some Days,Every Day,8
Every Day,Some Days,Some Days,Most Days,9
Never,Some Days,Most Days,Some Days,7
Never,Never,Never,Every Day,7
Every Day,Most Days,Most Days,Some Days,6
Most Days,Every Day,Some Days,Never,5
Every Day,Never,Never,Most Days,8
Never,Never,Never,Never,6
Never,Never,Never,Most Days,6
Never,Never,Never,Some Days,5
Some Days,Some Days,Some Days,Most Days,6
Never,Never,Some Days,Most Days,7
Never,Some Days,Some Days,Most Days,6
Never,Some Days,Some Days,Most Days,8
Never,Never,Never,Most Days,8
Never,Never,Never,Never,10
Never,Some Days,Some Days,Some Days,7
Never,Never,Never,Most Days,8
Never,Most Days,Most Days,Never,5
Never,Some Days,Every Day,Never,5
Never,Never,Never,Most Days,7
Never,Never,Never,Most Days,8
Never,Some Days,Some Days,Some Days,6
Most Days,Most Days,Most Days,Some Days,5
Every Day,Never,Never,Most Days,7
Every Day,Most Days,Never,Most Days,8
Never,Never,Never,Every Day,7
Some Days,Never,Never,Most Days,8
Never,Never,Never,Most Days,7
Never,Some Days,Some Days,Some Days,7
Never,Some Days,Some Days,Some Days,6
Never,Never,Never,Most Days,8
Never,Never,Never,Most Days,8
Never,Never,Some Days,Some Days,6
Never,Most Days,Some Days,Never,10
Never,Some Days,Never,Most Days,8
Never,Never,Some Days,Most Days,8
Never,Some Days,Some Days,Some Days,9
Never,Never,Never,Every Day,7
Never,Never,Some Days,Most Days,8
Never,Never,Some Days,Most Days,8
Some Days,Most Days,Never,Never,6
Never,Never,Never,Every Day,8
Never,Some Days,Some Days,Some Days,8
Some Days,Most Days,Some Days,Some Days,8
Never,Never,Never,Some Days,6
Never,Some Days,Most Days,Some Days,5
Every Day,Every Day,Never,Every Day,9
Never,Never,Never,Some Days,7
Every Day,Never,Never,Some Days,5
Never,Never,Never,Most Days,8
Never,Most Days,Some Days,Some Days,6
Some Days,Never,Never,Never,8
Never,Some Days,Some Days,Most Days,7
Never,Some Days,Never,Some Days,7
Never,Most Days,Some Days,Every Day,7
Never,Never,Never,Every Day,7
Never,Most Days,Most Days,Never,7
Never,Some Days,Some Days,Never,7
Never,Never,Never,Most Days,9
Some Days,Some Days,Some Days,Most Days,8
Never,Some Days,Never,Some Days,6
Never,Never,Never,Most Days,7
Never,Most Days,Most Days,Some Days,7
Never,Never,Never,Every Day,8
Never,Some Days,Some Days,Some Days,7
Never,Never,Some Days,Most Days,7
Never,Never,Never,Every Day,8
Never,Some Days,Some Days,Most Days,8
Never,Never,Never,Most Days,8
Never,Never,Never,Every Day,8
Never,Never,Never,Most Days,8
Never,Most Days,Most Days,Some Days,5
Never,Every Day,Some Days,Some Days,6
Never,Never,Never,Most Days,8
Never,Never,Never,Most Days,9
Every Day,Some Days,Never,Most Days,8
Every Day,Some Days,Some Days,Never,8
Never,Every Day,Never,Never,7
Never,Some Days,Some Days,Most Days,6
Some Days,Every Day,Some Days,Some Days,7
Some Days,Most Days,Some Days,Some Days,8
Never,Never,Some Days,Most Days,10
Never,Never,Never,Most Days,7
Every Day,Most Days,Most Days,Never,6
Never,Most Days,Most Days,Never,9
Never,Every Day,Every Day,Never,5
Every Day,Some Days,Never,Most Days,7
Some Days,Every Day,Some Days,Never,6
Never,Never,Some Days,Most Days,8
Never,Most Days,Some Days,Some Days,6
Never,Every Day,Every Day,Some Days,5
Every Day,Some Days,Never,Some Days,7
Never,Never,Never,Most Days,6
Never,Every Day,Some Days,Most Days,7
Never,Some Days,Never,Most Days,6
Never,Some Days,Some Days,Most Days,8
Never,Most Days,Never,Some Days,7
Never,Never,Never,Every Day,7
Never,Never,Never,Every Day,7
Never,Never,Some Days,Most Days,8
Never,Never,Never,Most Days,8
Never,Some Days,Never,Every Day,8
Never,Never,Never,Every Day,8
Never,Never,Never,Most Days,8
Never,Some Days,Some Days,Most Days,7
Never,Most Days,Never,Every Day,7
Never,Never,Never,Every Day,6
Never,Never,Never,Most Days,7
Never,Some Days,Some Days,Most Days,6
Every Day,Never,Every Day,Some Days,7
Never,Some Days,Some Days,Most Days,6
Every Day,Never,Never,Some Days,7
Every Day,Some Days,Never,Some Days,8
Never,Never,Every Day,Some Days,6
Never,Never,Never,Every Day,6
Never,Never,Never,Most Days,9
Never,Never,Some Days,Most Days,7
Some Days,Some Days,Some Days,Most Days,7
Never,Never,Never,Most Days,7
Never,Never,Never,Most Days,7
Never,Never,Every Day,Every Day,4
Never,Some Days,Some Days,Most Days,7
Never,Never,Never,Most Days,6
Never,Some Days,Some Days,Every Day,6
Some Days,Some Days,Some Days,Never,9
Never,Some Days,Never,Most Days,8
Never,Never,Never,Every Day,7
Never,Some Days,Some Days,Most Days,7
Never,Some Days,Some Days,Some Days,10
Never,Never,Never,Most Days,9
Never,Some Days,Some Days,Most Days,8
Never,Every Day,Every Day,Never,8
Never,Every Day,Never,Never,5
Never,Never,Never,Most Days,8
Never,Never,Some Days,Most Days,6
Some Days,Never,Some Days,Some Days,8
Never,Some Days,Never,Most Days,7
Never,Never,Never,Some Days,7
Never,Some Days,Never,Most Days,8
Never,Never,Never,Some Days,8
Every Day,Every Day,Never,Some Days,8
Never,Never,Some Days,Every Day,9
Never,Some Days,Some Days,Most Days,6
Never,Never,Never,Every Day,8
Never,Never,Never,Every Day,10
Never,Some Days,Never,Some Days,8
Every Day,Never,Never,Every Day,10
Most Days,Most Days,Most Days,Some Days,6
Never,Never,Never,Every Day,8
Never,Never,Never,Every Day,8
Never,Never,Never,Every Day,8
Never,Never,Some Days,Every Day,8
Never,Some Days,Some Days,Some Days,7
Never,Never,Never,Every Day,9
Never,Never,Never,Never,8
Never,Never,Some Days,Most Days,8
Never,Never,Some Days,Some Days,6
Most Days,Never,Never,Some Days,8
Every Day,Some Days,Some Days,Some Days,7
Every Day,Never,Never,Most Days,7
Never,Never,Never,Most Days,8
Never,Never,Never,Some Days,14
Never,Some Days,Never,Some Days,8
Never,Some Days,Some Days,Most Days,7
Never,Some Days,Never,Most Days,7
Never,Never,Never,Most Days,7
Never,Some Days,Some Days,Most Days,8
Never,Some Days,Never,Most Days,6
Never,Never,Never,Every Day,8
Never,Never,Never,Every Day,8
Never,Never,Never,Most Days,8
Never,Never,Never,Every Day,8
Never,Never,Some Days,Some Days,8
Never,Never,Never,Most Days,7
Never,Never,Never,Every Day,8
Never,Never,Never,Most Days,8
Never,Never,Some Days,Some Days,5
Never,Never,Never,Most Days,7
Every Day,Every Day,Every Day,Some Days,4
Every Day,Never,Every Day,Some Days,6
Some Days,Some Days,Never,Most Days,8
Most Days,Every Day,Every Day,Most Days,5
Never,Never,Never,Most Days,9
Never,Never,Never,Most Days,8
Never,Some Days,Never,Most Days,8
Every Day,Never,Never,Every Day,10
Never,Never,Some Days,Most Days,7
Never,Some Days,Never,Some Days,7
Never,Some Days,Never,Every Day,8
Never,Most Days,Never,Some Days,6
Never,Never,Never,Some Days,8
Never,Never,Never,Every Day,8
Every Day,Every Day,Every Day,Never,3
Never,Some Days,Some Days,Most Days,7
Never,Never,Some Days,Some Days,8
Never,Never,Some Days,Some Days,6
Never,Never,Never,Every Day,8
Never,Some Days,Some Days,Some Days,6
Never,Never,Never,Every Day,10
Some Days,Never,Never,Every Day,8
Never,Never,Never,Most Days,7
Never,Never,Some Days,Most Days,7
Never,Some Days,Some Days,Most Days,8
Never,Never,Never,Some Days,6
Never,Never,Never,Most Days,7
Never,Some Days,Some Days,Some Days,6
Never,Never,Never,Most Days,7
Never,Never,Never,Most Days,7
Never,Some Days,Never,Most Days,8
Never,Never,Never,Most Days,8
Never,Never,Some Days,Most Days,7
Never,Most Days,Every Day,Every Day,6
Never,Never,Never,Most Days,7
Never,Some Days,Some Days,Some Days,6
Never,Some Days,Most Days,Never,7
Never,Never,Never,Every Day,6
Some Days,Most Days,Most Days,Some Days,4
Never,Some Days,Some Days,Most Days,7
Some Days,Some Days,Some Days,Some Days,8
Most Days,Most Days,Most Days,Some Days,7
Never,Never,Some Days,Most Days,7
Never,Some Days,Most Days,Some Days,7
Some Days,Some Days,Never,Most Days,7
Never,Never,Never,Most Days,6
Never,Never,Never,Never,6
Never,Every Day,Some Days,Every Day,6
Never,Never,Never,Most Days,7
Never,Never,Never,Every Day,8
Never,Never,Never,Most Days,6
Never,Never,Some Days,Some Days,8
Never,Never,Never,Most Days,6
Never,Every Day,Most Days,Never,6
Never,Some Days,Some Days,Most Days,7
Never,Never,Never,Most Days,8
Some Days,Every Day,Most Days,Some Days,8
Some Days,Some Days,Some Days,Most Days,6
Never,Some Days,Some Days,Some Days,6
Some Days,Every Day,Every Day,Never,3
Never,Some Days,Never,Most Days,8
Never,Some Days,Some Days,Most Days,7
Never,Every Day,Most Days,Some Days,6
Every Day,Every Day,Never,Never,6
Never,Never,Some Days,Most Days,7
Every Day,Most Days,Most Days,Never,6
Never,Never,Some Days,Every Day,8
Never,Some Days,Some Days,Some Days,6
Never,Most Days,Most Days,Some Days,4
Never,Some Days,Some Days,Some Days,8
Some Days,Every Day,Every Day,Never,4
Never,Every Day,Every Day,Some Days,5
Never,Every Day,Every Day,Never,7
Never,Never,Never,Some Days,7
Never,Never,Never,Some Days,8
Never,Never,Never,Most Days,7
Never,Some Days,Never,Most Days,7
Every Day,Most Days,Every Day,Some Days,5
Every Day,Every Day,Every Day,Never,4
Some Days,Most Days,Some Days,Most Days,8
Never,Every Day,Some Days,Some Days,8
Every Day,Some Days,Every Day,Some Days,6
Never,Never,Never,Never,7
Never,Some Days,Some Days,Most Days,7
Never,Never,Every Day,Most Days,7
Some Days,Some Days,Some Days,Some Days,7
Never,Most Days,Most Days,Most Days,7
Never,Never,Some Days,Most Days,8
Never,Most Days,Never,Never,6
Never,Some Days,Some Days,Some Days,7
Some Days,Most Days,Some Days,Some Days,8
Never,Never,Never,Most Days,8
Never,Never,Never,Every Day,7
Never,Never,Never,Most Days,8
Never,Never,Most Days,Most Days,5
Never,Some Days,Never,Some Days,7
Never,Some Days,Some Days,Some Days,7
Never,Some Days,Some Days,Some Days,7
Never,Never,Never,Every Day,8
Never,Never,Some Days,Never,5
Never,Never,Never,Every Day,8
Every Day,Most Days,Never,Some Days,6
Never,Never,Never,Every Day,8
Never,Some Days,Some Days,Some Days,6
Never,Never,Never,Never,7
Never,Never,Never,Most Days,7
Some Days,Some Days,Some Days,Some Days,8
Never,Never,Never,Every Day,6
Never,Never,Never,Every Day,8
Never,Never,Never,Every Day,8
Never,Never,Some Days,Some Days,6
Never,Never,Never,Every Day,9
Never,Every Day,Never,Some Days,7
Never,Some Days,Some Days,Most Days,7
Never,Never,Some Days,Most Days,6
Never,Some Days,Never,Most Days,7
Never,Every Day,Never,Never,6
Never,Never,Never,Most Days,7
Every Day,Never,Some Days,Some Days,9
Every Day,Most Days,Some Days,Some Days,4
Never,Every Day,Never,Most Days,8
Every Day,Some Days,Every Day,Never,6
Never,Never,Some Days,Most Days,8
Never,Some Days,Every Day,Every Day,6
Some Days,Some Days,Most Days,Most Days,7
Never,Most Days,Most Days,Some Days,6
Never,Never,Some Days,Most Days,8
Never,Never,Some Days,Most Days,8
Never,Some Days,Some Days,Most Days,7
Every Day,Never,Never,Most Days,11
Never,Every Day,Every Day,Never,5
Some Days,Never,Never,Some Days,8
Never,Never,Never,Some Days,7
Some Days,Never,Never,Most Days,7
Never,Every Day,Every Day,Some Days,7
Never,Never,Never,Most Days,7
Never,Most Days,Most Days,Some Days,8
Never,Some Days,Never,Most Days,7
Some Days,Some Days,Never,Most Days,8
Never,Some Days,Some Days,Most Days,7
Never,Most Days,Some Days,Most Days,8
Never,Never,Never,Most Days,8
Never,Most Days,Most Days,Every Day,5
Never,Never,Some Days,Most Days,7
Never,Never,Some Days,Most Days,7
Never,Never,Never,Most Days,8
Never,Some Days,Some Days,Some Days,7
Never,Never,Never,Every Day,8
Never,Never,Some Days,Most Days,8
Never,Never,Never,Some Days,7
Never,Some Days,Some Days,Some Days,7
Never,Never,Never,Most Days,7
Never,Never,Never,Every Day,7
Some Days,Every Day,Some Days,Some Days,6
Never,Never,Never,Most Days,7
Never,Never,Never,Most Days,8
Never,Never,Never,Most Days,7
Never,Some Days,Some Days,Some Days,7
Never,Never,Never,Most Days,8
Never,Never,Some Days,Some Days,6
Never,Never,Never,Most Days,8
Never,Never,Never,Most Days,7
Never,Some Days,Some Days,Some Days,6
Most Days,Most Days,Most Days,Some Days,6
Never,Some Days,Some Days,Most Days,9
Never,Never,Some Days,Every Day,9
Never,Never,Never,Some Days,6
Never,Never,Never,Most Days,6
Some Days,Some Days,Some Days,Some Days,7
Never,Never,Some Days,Most Days,8
Never,Some Days,Some Days,Most Days,7
Never,Most Days,Never,Most Days,6
Never,Never,Some Days,Most Days,8
Some Days,Some Days,Most Days,Never,7
Never,Never,Some Days,Some Days,8
Never,Never,Never,Every Day,8
Never,Some Days,Some Days,Most Days,8
Never,Never,Some Days,Every Day,7
Every Day,Some Days,Some Days,Some Days,10
Never,Some Days,Never,Most Days,9
Never,Never,Some Days,Most Days,7
Some Days,Some Days,Some Days,Some Days,8
Never,Never,Never,Most Days,7
Every Day,Never,Never,Never,8
Never,Some Days,Most Days,Most Days,8
Never,Every Day,Most Days,Some Days,6
Never,Some Days,Some Days,Most Days,7
Never,Some Days,Never,Most Days,7
Never,Most Days,Never,Most Days,8
Never,Some Days,Most Days,Some Days,5
Never,Some Days,Never,Most Days,7
Every Day,Never,Never,Every Day,8
Never,Never,Never,Every Day,8
Never,Some Days,Never,Most Days,6
Never,Never,Never,Most Days,6
Some Days,Some Days,Never,Most Days,7
Never,Never,Never,Most Days,7
Some Days,Never,Some Days,Some Days,6
Never,Some Days,Never,Most Days,8
Some Days,Some Days,Some Days,Every Day,9
Never,Some Days,Never,Never,6
Some Days,Some Days,Some Days,Some Days,5
Never,Some Days,Some Days,Some Days,9
Never,Never,Some Days,Some Days,8
Every Day,Every Day,Never,Never,5
Some Days,Some Days,Some Days,Most Days,8
Never,Some Days,Never,Most Days,8
Never,Never,Never,Some Days,8
Never,Most Days,Some Days,Some Days,8
Never,Never,Never,Every Day,8
Never,Some Days,Some Days,Every Day,6
Some Days,Some Days,Never,Some Days,7
Never,Never,Some Days,Every Day,8
Some Days,Most Days,Most Days,Most Days,8
Never,Some Days,Never,Some Days,8
Every Day,Every Day,Some Days,Never,6
Never,Every Day,Never,Every Day,8
Never,Some Days,Never,Every Day,6
Every Day,Some Days,Never,Every Day,8
Never,Some Days,Never,Some Days,6
Every Day,Never,Never,Every Day,10
Never,Most Days,Some Days,Most Days,5
Never,Never,Never,Most Days,10
Some Days,Some Days,Some Days,Every Day,8
Never,Some Days,Never,Most Days,8
Never,Never,Some Days,Some Days,6
Never,Never,Some Days,Most Days,8
Never,Never,Never,Most Days,7
Never,Some Days,Some Days,Some Days,9
Never,Never,Never,Never,8
Never,Never,Some Days,Most Days,8
Most Days,Some Days,Some Days,Most Days,8
Some Days,Most Days,Some Days,Never,6
Never,Some Days,Never,Most Days,7
Never,Some Days,Some Days,Most Days,8
Some Days,Some Days,Some Days,Some Days,6
Never,Some Days,Some Days,Most Days,6
Never,Some Days,Never,Every Day,7
Every Day,Some Days,Never,Some Days,6
Never,Never,Never,Every Day,9
Never,Never,Never,Some Days,7
Never,Never,Some Days,Most Days,6
Never,Never,Never,Never,6
Every Day,Some Days,Some Days,Most Days,7
Never,Never,Some Days,Most Days,10
Never,Never,Never,Every Day,7
Some Days,Some Days,Some Days,Most Days,7
Never,Some Days,Some Days,Most Days,7
Never,Never,Some Days,Some Days,8
Never,Some Days,Some Days,Some Days,7
Never,Never,Never,Every Day,7
Never,Never,Never,Every Day,7
Never,Most Days,Some Days,Some Days,6
Never,Never,Some Days,Some Days,6
Never,Some Days,Every Day,Some Days,4
Most Days,Most Days,Most Days,Most Days,7
Never,Some Days,Most Days,Some Days,8
Never,Never,Never,Every Day,6
Never,Most Days,Never,Most Days,6
Never,Never,Some Days,Most Days,6
Never,Never,Some Days,Most Days,8
Never,Never,Never,Every Day,7
Never,Some Days,Some Days,Most Days,6
Never,Some Days,Some Days,Most Days,7
Never,Some Days,Never,Every Day,10
Never,Every Day,Every Day,Never,7
Never,Never,Some Days,Never,13
Never,Some Days,Some Days,Most Days,8
Never,Every Day,Never,Most Days,6
Never,Never,Never,Every Day,8
Never,Some Days,Some Days,Some Days,7
Some Days,Some Days,Most Days,Some Days,7
Never,Never,Some Days,Most Days,6
Never,Never,Some Days,Most Days,8
Never,Never,Never,Never,7
Never,Never,Never,Most Days,7
Never,Never,Never,Every Day,8
Never,Never,Never,Every Day,7
Never,Never,Some Days,Some Days,8
Never,Some Days,Never,Most Days,7
Some Days,Some Days,Every Day,Most Days,8
Never,Some Days,Never,Most Days,6
Never,Never,Never,Every Day,8
Never,Some Days,Most Days,Some Days,6
Never,Some Days,Never,Some Days,6
Never,Never,Never,Most Days,6
Some Days,Most Days,Every Day,Some Days,6
Some Days,Never,Never,Most Days,7
Never,Never,Never,Every Day,8
Never,Some Days,Some Days,Some Days,6
Never,Some Days,Some Days,Never,5
Never,Never,Never,Most Days,7
Never,Every Day,Some Days,Never,7
Never,Some Days,Never,Most Days,7
Never,Some Days,Some Days,Never,7
Never,Some Days,Some Days,Most Days,6
Never,Never,Never,Some Days,8
Never,Some Days,Some Days,Most Days,7
Never,Some Days,Some Days,Most Days,7
Never,Some Days,Some Days,Most Days,8
Never,Some Days,Some Days,Most Days,6
Some Days,Most Days,Some Days,Never,6
Some Days,Most Days,Most Days,Never,5
Never,Never,Some Days,Most Days,7
Never,Never,Some Days,Most Days,5
Never,Never,Never,Most Days,7
Never,Never,Never,Some Days,8
Never,Never,Never,Every Day,7
Some Days,Some Days,Most Days,Most Days,8
Never,Every Day,Most Days,Some Days,5
Never,Never,Some Days,Most Days,8
Every Day,Never,Some Days,Every Day,8
Never,Some Days,Some Days,Some Days,8
Never,Never,Never,Some Days,9
Never,Never,Never,Every Day,8
Never,Never,Never,Most Days,7
Never,Never,Never,Most Days,7
Never,Never,Never,Most Days,7
Never,Some Days,Some Days,Some Days,8
Never,Most Days,Most Days,Some Days,7
Never,Never,Never,Some Days,6
Never,Never,Some Days,Most Days,7
Never,Every Day,Never,Every Day,6
Never,Some Days,Some Days,Most Days,7
Never,Never,Never,Every Day,7
Never,Never,Never,Every Day,8
Never,Some Days,Never,Some Days,6
Some Days,Never,Most Days,Some Days,6
Never,Some Days,Some Days,Most Days,8
Never,Some Days,Never,Most Days,8
Never,Never,Never,Some Days,8
Every Day,Some Days,Some Days,Most Days,8
Never,Some Days,Some Days,Some Days,6
Never,Never,Never,Some Days,8
Never,Most Days,Never,Most Days,6
Never,Every Day,Never,Every Day,4
Never,Never,Some Days,Most Days,8
Never,Never,Never,Most Days,7
Never,Never,Some Days,Most Days,6
Never,Most Days,Never,Never,8
Never,Every Day,Every Day,Some Days,6
Never,Never,Some Days,Some Days,6
Never,Most Days,Never,Most Days,7
Never,Never,Never,Every Day,8
Never,Most Days,Most Days,Never,10
Never,Never,Some Days,Most Days,6
Some Days,Some Days,Never,Some Days,6
Never,Some Days,Never,Some Days,8
Some Days,Every Day,Most Days,Never,6
Never,Never,Never,Every Day,7
Never,Some Days,Some Days,Some Days,7
Never,Never,Never,Every Day,12
Never,Never,Never,Every Day,9
Some Days,Some Days,Some Days,Most Days,7
Some Days,Most Days,Most Days,Some Days,5
Never,Never,Never,Most Days,7
Never,Every Day,Some Days,Most Days,7
Never,Never,Never,Most Days,8
Some Days,Some Days,Some Days,Some Days,6
Never,Some Days,Most Days,Most Days,8
Every Day,Never,Never,Every Day,8
Every Day,Some Days,Some Days,Most Days,12
Every Day,Never,Most Days,Most Days,8
Every Day,Most Days,Some Days,Some Days,6
Some Days,Never,Some Days,Some Days,8
Most Days,Never,Most Days,Most Days,9
Never,Never,Never,Every Day,8
Never,Most Days,Some Days,Most Days,7
Never,Never,Never,Every Day,7
Never,Some Days,Never,Most Days,7
Never,Never,Never,Most Days,8
Never,Some Days,Never,Most Days,8
Most Days,Some Days,Never,Most Days,6
Never,Some Days,Never,Most Days,8
Never,Some Days,Never,Most Days,8
Never,Some Days,Some Days,Most Days,8
Never,Some Days,Never,Every Day,9
Some Days,Some Days,Some Days,Most Days,7
Never,Never,Never,Never,8
Never,Never,Some Days,Most Days,11
Never,Never,Some Days,Some Days,6
Never,Never,Never,Some Days,7
Never,Every Day,Some Days,Some Days,6
Every Day,Never,Never,Every Day,9
Never,Never,Never,Most Days,8
Never,Some Days,Never,Most Days,7
Never,Never,Never,Never,5
Never,Some Days,Some Days,Most Days,6
Never,Some Days,Some Days,Never,5
Every Day,Every Day,Every Day,Never,5
Never,Never,Never,Every Day,8
Some Days,Some Days,Some Days,Most Days,7
Never,Never,Never,Every Day,8
Never,Never,Never,Most Days,7
Never,Never,Some Days,Most Days,8
Never,Every Day,Never,Most Days,8
Never,Never,Never,Most Days,9
Never,Some Days,Never,Most Days,7
Never,Never,Never,Every Day,8
Never,Never,Never,Every Day,9
Every Day,Most Days,Never,Some Days,4
Never,Never,Never,Every Day,9
Never,Never,Never,Every Day,8
Never,Never,Never,Some Days,7
Never,Most Days,Most Days,Most Days,6
Never,Never,Never,Never,7
Never,Some Days,Never,Some Days,8
Most Days,Most Days,Every Day,Some Days,8
Never,Every Day,Some Days,Some Days,7
Never,Never,Never,Most Days,9
Never,Some Days,Never,Some Days,6
Never,Never,Never,Every Day,7
Never,Never,Some Days,Some Days,8
Never,Some Days,Some Days,Most Days,7
Never,Most Days,Never,Never,2
Every Day,Never,Never,Every Day,9
Never,Never,Never,Some Days,7
Never,Never,Never,Some Days,8
Some Days,Never,Some Days,Some Days,8
Never,Never,Never,Some Days,8
Never,Most Days,Most Days,Some Days,6
Never,Never,Some Days,Every Day,9
Some Days,Some Days,Some Days,Some Days,7
Never,Never,Never,Every Day,8
Never,Never,Some Days,Every Day,8
Never,Never,Never,Some Days,6
Never,Some Days,Some Days,Every Day,12
Some Days,Some Days,Some Days,Some Days,7
Never,Never,Never,Every Day,8
Never,Never,Never,Most Days,8
Most Days,Some Days,Some Days,Some Days,6
Some Days,Never,Every Day,Some Days,7
Some Days,Some Days,Some Days,Most Days,8
Never,Never,Never,Never,6
Never,Never,Some Days,Most Days,7
Never,Some Days,Some Days,Some Days,5
Never,Never,Never,Some Days,7
Never,Every Day,Every Day,Most Days,5
Never,Never,Never,Most Days,7
Never,Never,Every Day,Some Days,4
Some Days,Some Days,Some Days,Most Days,5
Some Days,Never,Some Days,Most Days,7
Never,Some Days,Most Days,Some Days,6
Never,Every Day,Never,Never,7
Some Days,Some Days,Some Days,Some Days,8
Never,Most Days,Every Day,Some Days,5
Never,Never,Some Days,Most Days,8
Never,Every Day,Never,Never,7
Never,Never,Never,Most Days,8
Some Days,Some Days,Some Days,Some Days,7
Never,Every Day,Never,Some Days,8
Never,Never,Never,Most Days,8
Never,Never,Some Days,Most Days,7
Never,Never,Never,Never,7
Never,Never,Never,Every Day,12
Every Day,Every Day,Some Days,Most Days,10
Never,Never,Never,Never,8
Never,Never,Never,Most Days,8
Some Days,Some Days,Never,Most Days,8
Never,Every Day,Never,Most Days,6
Never,Some Days,Never,Never,7
Never,Never,Never,Most Days,7
Never,Never,Never,Most Days,8
Never,Never,Never,Most Days,8
Never,Some Days,Some Days,Some Days,8
Never,Never,Never,Some Days,6
Never,Never,Never,Some Days,7
Some Days,Some Days,Some Days,Never,8
Never,Most Days,Some Days,Some Days,7
Every Day,Every Day,Never,Some Days,5
Never,Never,Some Days,Most Days,8
Some Days,Every Day,Every Day,Some Days,6
Never,Some Days,Some Days,Some Days,6
Never,Never,Never,Every Day,8
Never,Never,Never,Most Days,8
Some Days,Some Days,Some Days,Every Day,8
Never,Never,Never,Every Day,7
Never,Some Days,Some Days,Some Days,8
Never,Some Days,Never,Most Days,7
Some Days,Never,Some Days,Most Days,7
Never,Never,Never,Every Day,8
Never,Never,Never,Most Days,8
Never,Never,Never,Every Day,8
Every Day,Some Days,Some Days,Most Days,8
Never,Never,Some Days,Most Days,7
Never,Never,Never,Every Day,7
Never,Never,Some Days,Most Days,8
Never,Some Days,Some Days,Most Days,8
Never,Never,Never,Most Days,7
Never,Never,Never,Most Days,7
Some Days,Some Days,Some Days,Most Days,8
Never,Most Days,Never,Some Days,7
Never,Never,Some Days,Most Days,6
Never,Never,Some Days,Every Day,9
Never,Most Days,Most Days,Some Days,7
Never,Some Days,Never,Most Days,8
Never,Never,Never,Most Days,8
Never,Every Day,Every Day,Never,6
Never,Never,Never,Every Day,7
Never,Some Days,Some Days,Some Days,6
Never,Never,Never,Most Days,7
Never,Never,Never,Every Day,9
Never,Never,Some Days,Most Days,7
Some Days,Some Days,Some Days,Some Days,6
Every Day,Never,Never,Some Days,8
Some Days,Some Days,Some Days,Some Days,7
Never,Never,Never,Most Days,7
Never,Never,Never,Every Day,9
Never,Never,Never,Most Days,10
Some Days,Most Days,Never,Never,7
Never,Most Days,Some Days,Never,10
Some Days,Some Days,Every Day,Most Days,6
Never,Some Days,Some Days,Most Days,6
Some Days,Some Days,Some Days,Most Days,8
Never,Never,Never,Most Days,6
Every Day,Never,Some Days,Most Days,7
Some Days,Most Days,Some Days,Most Days,8
Never,Some Days,Never,Most Days,6
Every Day,Every Day,Every Day,Never,5
Never,Some Days,Never,Some Days,6
Never,Some Days,Some Days,Never,7
Never,Some Days,Some Days,Some Days,7
Never,Some Days,Some Days,Most Days,5
Never,Never,Never,Every Day,6
Never,Never,Never,Every Day,6
Never,Some Days,Some Days,Some Days,8
Never,Some Days,Some Days,Most Days,8
Never,Never,Never,Every Day,9
Never,Some Days,Never,Most Days,8
Never,Never,Never,Most Days,6
Never,Never,Never,Most Days,7
Never,Some Days,Some Days,Most Days,8
Never,Some Days,Some Days,Some Days,8
Never,Never,Never,Some Days,6
Never,Never,Never,Every Day,7
Never,Never,Never,Most Days,6
Never,Never,Never,Every Day,7
Never,Never,Never,Every Day,8
Some Days,Never,Never,Most Days,7
Never,Never,Some Days,Every Day,8
Never,Never,Never,Most Days,6
Never,Never,Never,Every Day,7
Never,Some Days,Never,Most Days,8
Some Days,Never,Most Days,Some Days,6
Some Days,Some Days,Some Days,Most Days,7
Never,Some Days,Some Days,Some Days,6
Never,Never,Never,Every Day,8
Never,Never,Never,Most Days,8
Never,Never,Never,Some Days,6
Never,Some Days,Never,Most Days,7
Never,Never,Never,Some Days,5
Most Days,Most Days,Most Days,Some Days,5
Never,Some Days,Never,Most Days,7
Never,Never,Never,Some Days,7
Never,Never,Never,Most Days,8
Never,Never,Never,Every Day,8
Every Day,Every Day,Never,Never,7
Never,Every Day,Some Days,Never,6
Never,Some Days,Some Days,Most Days,8
Every Day,Never,Never,Most Days,8
Every Day,Most Days,Some Days,Some Days,6
Never,Some Days,Some Days,Most Days,6
Never,Never,Never,Most Days,8
Never,Never,Never,Most Days,7
Never,Never,Some Days,Most Days,7
Never,Some Days,Some Days,Never,5
Every Day,Never,Never,Every Day,7
Never,Never,Never,Some Days,10
Never,Some Days,Some Days,Some Days,6
Every Day,Never,Never,Most Days,8
Never,Every Day,Every Day,Every Day,5
Never,Never,Never,Every Day,6
Never,Some Days,Some Days,Most Days,7
Never,Some Days,Some Days,Most Days,8
Never,Never,Some Days,Some Days,5
Never,Every Day,Every Day,Never,4
Never,Some Days,Some Days,Most Days,7
Every Day,Some Days,Never,Some Days,7
Never,Never,Some Days,Most Days,9
Every Day,Some Days,Some Days,Most Days,7
Never,Never,Every Day,Most Days,7
Never,Most Days,Never,Some Days,6
Every Day,Some Days,Never,Most Days,6
Never,Never,Most Days,Some Days,6
Some Days,Some Days,Some Days,Some Days,8
Never,Never,Never,Every Day,9
Never,Every Day,Some Days,Never,5
Never,Never,Some Days,Most Days,8
Some Days,Some Days,Most Days,Most Days,5
Some Days,Most Days,Most Days,Never,7
Never,Never,Never,Most Days,7
Every Day,Most Days,Most Days,Some Days,6
Most Days,Most Days,Never,Most Days,8
Never,Some Days,Never,Most Days,6
Never,Most Days,Never,Some Days,7
Never,Some Days,Never,Some Days,8
Never,Never,Never,Most Days,7
Never,Never,Never,Every Day,8
Never,Every Day,Every Day,Never,6
Every Day,Most Days,Every Day,Never,4
Never,Never,Never,Most Days,7
Never,Never,Never,Every Day,6
Never,Never,Never,Every Day,8
Never,Most Days,Never,Every Day,7
Never,Never,Never,Every Day,9
Some Days,Every Day,Every Day,Never,6
Some Days,Never,Most Days,Every Day,7
Never,Never,Never,Most Days,7
Never,Every Day,Every Day,Some Days,6
Never,Every Day,Every Day,Some Days,5
Never,Most Days,Most Days,Never,4
Never,Never,Never,Most Days,7
Never,Every Day,Every Day,Some Days,5
Never,Some Days,Never,Most Days,7
Never,Some Days,Never,Most Days,8
Never,Some Days,Never,Most Days,8
Never,Some Days,Some Days,Most Days,7
Never,Some Days,Some Days,Some Days,6
Never,Never,Some Days,Most Days,7
Never,Some Days,Never,Some Days,8
Never,Never,Never,Never,6
Never,Never,Never,Most Days,8
Never,Never,Never,Most Days,8
Never,Never,Never,Most Days,6
Never,Never,Never,Every Day,7
Never,Never,Never,Every Day,8
Some Days,Some Days,Some Days,Some Days,7
Never,Never,Never,Every Day,8
Never,Never,Some Days,Most Days,7
Never,Never,Never,Every Day,5
Never,Some Days,Some Days,Most Days,7
Never,Most Days,Some Days,Some Days,5
Never,Never,Never,Most Days,7
Never,Never,Some Days,Most Days,7
Never,Some Days,Some Days,Some Days,8
Never,Never,Never,Some Days,5
Never,Never,Never,Every Day,7
Never,Never,Never,Every Day,7
Never,Never,Never,Some Days,6
Never,Never,Never,Every Day,7
Never,Some Days,Some Days,Some Days,6
Never,Never,Never,Most Days,10
Never,Never,Never,Most Days,8
Never,Never,Never,Never,7
Never,Never,Never,Most Days,8
Never,Some Days,Some Days,Some Days,4
Never,Some Days,Some Days,Never,7
Never,Some Days,Some Days,Some Days,9
Never,Some Days,Some Days,Some Days,7
Never,Never,Never,Some Days,22
Some Days,Some Days,Some Days,Most Days,7
Never,Never,Never,Every Day,6
Some Days,Most Days,Every Day,Never,5
Every Day,Never,Never,Some Days,8
Never,Every Day,Never,Never,6
Never,Never,Never,Every Day,6
Never,Every Day,Never,Never,8
Never,Some Days,Never,Most Days,10
Never,Never,Never,Every Day,8
Never,Never,Some Days,Most Days,8
Never,Some Days,Every Day,Most Days,9
Never,Some Days,Some Days,Most Days,7
Never,Some Days,Some Days,Most Days,8
Never,Every Day,Every Day,Every Day,4
Some Days,Some Days,Some Days,Some Days,7
Never,Never,Never,Every Day,8
Never,Never,Most Days,Some Days,8
Never,Never,Some Days,Most Days,7
Never,Never,Never,Every Day,8
Every Day,Some Days,Never,Most Days,8
Never,Never,Never,Every Day,8
Never,Never,Never,Every Day,7
Never,Some Days,Some Days,Every Day,8
Never,Never,Never,Every Day,7
Some Days,Some Days,Some Days,Never,6
Some Days,Never,Never,Some Days,7
Never,Never,Never,Every Day,8
Never,Never,Never,Every Day,8
Never,Never,Never,Every Day,7
Never,Never,Never,Every Day,9
Never,Never,Never,Never,8
Never,Some Days,Never,Never,5
Never,Never,Never,Every Day,10
Never,Never,Some Days,Some Days,8
Never,Some Days,Never,Most Days,6
Never,Some Days,Never,Never,8
Never,Never,Never,Some Days,10
Some Days,Never,Some Days,Most Days,8
Every Day,Some Days,Some Days,Some Days,6
Never,Some Days,Most Days,Some Days,5
Never,Never,Never,Every Day,6
Some Days,Some Days,Some Days,Some Days,6
Never,Some Days,Some Days,Most Days,7
Every Day,Never,Never,Most Days,12
Never,Every Day,Never,Never,6
Never,Some Days,Some Days,Most Days,7
Never,Never,Never,Most Days,7
Never,Some Days,Some Days,Some Days,6
Some Days,Some Days,Most Days,Some Days,8
Never,Never,Never,Most Days,8
Never,Never,Never,Some Days,6
Never,Never,Never,Some Days,7
Every Day,Some Days,Never,Most Days,7
Never,Never,Never,Every Day,9
Never,Never,Never,Some Days,6
Never,Never,Never,Most Days,6
Never,Some Days,Never,Most Days,9
Never,Never,Never,Most Days,8
Every Day,Never,Never,Every Day,8
Never,Every Day,Every Day,Never,7
Never,Some Days,Never,Some Days,6
Every Day,Every Day,Every Day,Most Days,6
Never,Some Days,Some Days,Most Days,8
Never,Never,Never,Most Days,7
Never,Some Days,Some Days,Some Days,6
Never,Every Day,Never,Every Day,8
Every Day,Most Days,Most Days,Some Days,8
Never,Some Days,Never,Some Days,7
Never,Some Days,Never,Some Days,5
Never,Some Days,Some Days,Most Days,6
Every Day,Some Days,Some Days,Every Day,8
Never,Most Days,Some Days,Most Days,8
Some Days,Some Days,Some Days,Some Days,6
Never,Never,Some Days,Most Days,7
Never,Never,Never,Most Days,7
Never,Never,Never,Most Days,8
Never,Never,Never,Every Day,7
Never,Never,Never,Some Days,8
Most Days,Never,Never,Some Days,6
Some Days,Some Days,Some Days,Some Days,9
Never,Never,Some Days,Some Days,6
Some Days,Every Day,Every Day,Some Days,6
Never,Never,Never,Every Day,6
Never,Never,Never,Every Day,7
Never,Every Day,Every Day,Never,4
Never,Never,Some Days,Every Day,7
Never,Some Days,Some Days,Most Days,6
Most Days,Never,Some Days,Most Days,12
Never,Some Days,Some Days,Never,9
Never,Some Days,Some Days,Never,6
Never,Most Days,Some Days,Never,9
Every Day,Some Days,Never,Every Day,7
Never,Never,Never,Every Day,8
Never,Some Days,Some Days,Most Days,7
Never,Some Days,Some Days,Some Days,8
Never,Some Days,Some Days,Most Days,7
Never,Never,Never,Every Day,7
Some Days,Some Days,Some Days,Some Days,6
Never,Never,Never,Most Days,7
Never,Some Days,Some Days,Most Days,7
Never,Some Days,Never,Most Days,8
Never,Some Days,Some Days,Most Days,8
Some Days,Some Days,Some Days,Most Days,7
Never,Some Days,Never,Most Days,7
Never,Some Days,Never,Every Day,8
Never,Never,Never,Every Day,8
Never,Never,Some Days,Some Days,7
Never,Never,Never,Some Days,7
Some Days,Most Days,Most Days,Some Days,5
Never,Every Day,Every Day,Every Day,6
Never,Some Days,Some Days,Every Day,7
Every Day,Never,Never,Every Day,8
Never,Some Days,Never,Every Day,8
Never,Some Days,Some Days,Some Days,5
Every Day,Every Day,Every Day,Most Days,8
Never,Never,Never,Every Day,6
Every Day,Never,Some Days,Never,4
Never,Never,Never,Every Day,7
Every Day,Every Day,Most Days,Some Days,6
Never,Most Days,Some Days,Some Days,7
Never,Some Days,Some Days,Most Days,8
Never,Some Days,Some Days,Some Days,7
Never,Most Days,Never,Some Days,5
Some Days,Most Days,Most Days,Some Days,6
Never,Some Days,Never,Some Days,7
Never,Some Days,Most Days,Some Days,5
Never,Most Days,Never,Some Days,7
Never,Some Days,Never,Most Days,7
Most Days,Most Days,Most Days,Most Days,6
Every Day,Never,Some Days,Never,8
Never,Some Days,Never,Some Days,6
Never,Never,Never,Some Days,6
Never,Some Days,Some Days,Some Days,6
Never,Never,Never,Most Days,7
Never,Never,Never,Most Days,7
Never,Never,Never,Most Days,8
Every Day,Some Days,Every Day,Some Days,9
Never,Most Days,Most Days,Most Days,8
Never,Every Day,Never,Some Days,6
Never,Some Days,Some Days,Most Days,8
Never,Never,Never,Never,8
Never,Never,Never,Most Days,7
Never,Never,Never,Most Days,8
Never,Never,Never,Most Days,8
Never,Never,Some Days,Most Days,7
Never,Some Days,Some Days,Most Days,7
Never,Never,Never,Some Days,8
Never,Some Days,Never,Every Day,8
Most Days,Every Day,Every Day,Some Days,7
Never,Never,Never,Most Days,6
Some Days,Some Days,Most Days,Never,6
Some Days,Some Days,Some Days,Every Day,8
Never,Some Days,Never,Most Days,8
Some Days,Most Days,Some Days,Most Days,8
Never,Every Day,Some Days,Some Days,7
Never,Some Days,Never,Every Day,8
Every Day,Every Day,Never,Most Days,8
Never,Never,Never,Some Days,9
Never,Never,Never,Some Days,8
Never,Some Days,Some Days,Most Days,7
Never,Never,Never,Most Days,9
Some Days,Every Day,Some Days,Some Days,6
Most Days,Some Days,Some Days,Most Days,7
Never,Never,Never,Some Days,9
Some Days,Every Day,Every Day,Never,4
Never,Some Days,Never,Some Days,8
Every Day,Never,Some Days,Some Days,8
Never,Never,Never,Some Days,7
Never,Never,Never,Some Days,7
Every Day,Every Day,Every Day,Never,9
Never,Some Days,Most Days,Some Days,7
Never,Never,Never,Never,8
Never,Never,Never,Some Days,8
Every Day,Some Days,Most Days,Some Days,9
Never,Never,Never,Most Days,8
Never,Never,Never,Every Day,7
Never,Some Days,Never,Some Days,6
Never,Never,Never,Some Days,7
Some Days,Never,Some Days,Some Days,6
Some Days,Every Day,Every Day,Never,5
Never,Never,Never,Every Day,7
Never,Never,Never,Most Days,8
Every Day,Never,Never,Most Days,7
Never,Some Days,Some Days,Some Days,6
Some Days,Some Days,Some Days,Most Days,8
Never,Some Days,Some Days,Some Days,7
Never,Never,Some Days,Never,7
Some Days,Never,Never,Most Days,8
Never,Some Days,Never,Most Days,8
Never,Every Day,Never,Some Days,7
Some Days,Never,Never,Every Day,6
Every Day,Every Day,Every Day,Some Days,4
Never,Never,Some Days,Most Days,7
Never,Most Days,Some Days,Most Days,8
Never,Some Days,Never,Most Days,8
Never,Never,Never,Most Days,7
Every Day,Some Days,Never,Never,8
Never,Most Days,Some Days,Most Days,8
Never,Never,Never,Every Day,8
Every Day,Some Days,Some Days,Most Days,8
Every Day,Some Days,Some Days,Most Days,9
Never,Never,Never,Most Days,7
Never,Some Days,Some Days,Some Days,6
Never,Some Days,Never,Most Days,8
Never,Some Days,Never,Most Days,8
Never,Every Day,Never,Some Days,7
Never,Most Days,Most Days,Some Days,7
Never,Some Days,Some Days,Some Days,6
Never,Never,Never,Some Days,6
Never,Some Days,Most Days,Some Days,8
Never,Some Days,Some Days,Most Days,7
Never,Most Days,Most Days,Some Days,5
Never,Never,Never,Most Days,7
Every Day,Every Day,Most Days,Some Days,6
Never,Some Days,Some Days,Every Day,8
Never,Never,Some Days,Most Days,7
Never,Never,Some Days,Most Days,6
Some Days,Never,Some Days,Some Days,7
Never,Never,Never,Some Days,7
Every Day,Some Days,Some Days,Most Days,8
Never,Some Days,Never,Most Days,7
Never,Never,Never,Every Day,9
Never,Some Days,Some Days,Most Days,6
Never,Never,Never,Some Days,8
Never,Never,Never,Every Day,8
Never,Never,Never,Most Days,11
Every Day,Some Days,Some Days,Some Days,5
Never,Never,Never,Most Days,6
Every Day,Most Days,Most Days,Some Days,4
Some Days,Never,Some Days,Some Days,9
Some Days,Never,Never,Every Day,7
Never,Some Days,Never,Some Days,7
Never,Some Days,Never,Most Days,7
Some Days,Some Days,Some Days,Some Days,6
Never,Some Days,Some Days,Some Days,7
Never,Some Days,Never,Most Days,7
Never,Never,Never,Most Days,7
Never,Never,Never,Most Days,7
Never,Some Days,Some Days,Some Days,7
Some Days,Most Days,Most Days,Some Days,5
Never,Never,Some Days,Most Days,8
Never,Some Days,Some Days,Every Day,8
Never,Some Days,Some Days,Some Days,8
Some Days,Never,Most Days,Most Days,8
Never,Never,Never,Most Days,5
Some Days,Some Days,Most Days,Some Days,9
Every Day,Most Days,Most Days,Most Days,7
Never,Some Days,Some Days,Some Days,7
Never,Most Days,Most Days,Most Days,8
Never,Never,Some Days,Most Days,7
Every Day,Some Days,Every Day,Some Days,8
Never,Never,Some Days,Some Days,6
Most Days,Some Days,Some Days,Never,7
Never,Some Days,Some Days,Most Days,9
Some Days,Never,Some Days,Most Days,8
Most Days,Most Days,Most Days,Most Days,8
Every Day,Some Days,Some Days,Most Days,7
Never,Some Days,Some Days,Most Days,7
Never,Never,Never,Most Days,7
Never,Most Days,Most Days,Some Days,6
Never,Some Days,Some Days,Most Days,9
Most Days,Every Day,Every Day,Some Days,8
Never,Some Days,Every Day,Never,5
Never,Some Days,Some Days,Most Days,7
Some Days,Never,Some Days,Most Days,7
Never,Never,Some Days,Most Days,8
Never,Never,Some Days,Most Days,6
Never,Never,Never,Every Day,8
Never,Never,Never,Every Day,8
Never,Some Days,Never,Every Day,7
Some Days,Never,Most Days,Some Days,6
Some Days,Never,Some Days,Most Days,8
Never,Never,Never,Most Days,9
Never,Never,Never,Every Day,8
Never,Never,Never,Most Days,8
Never,Some Days,Some Days,Most Days,6
Never,Never,Some Days,Most Days,8
Never,Some Days,Never,Most Days,7
Never,Some Days,Never,Most Days,8
Never,Most Days,Never,Most Days,8
Some Days,Never,Never,Most Days,10
Never,Never,Never,Most Days,6
Never,Never,Some Days,Most Days,8
Never,Never,Never,Every Day,8
Never,Never,Never,Most Days,6
Never,Never,Some Days,Most Days,7
Never,Never,Most Days,Some Days,7
Never,Every Day,Every Day,Never,5
Never,Some Days,Some Days,Most Days,7
Never,Never,Never,Most Days,8
Never,Never,Some Days,Most Days,8
Never,Never,Never,Every Day,8
Never,Some Days,Some Days,Some Days,7
Never,Some Days,Never,Most Days,7
Never,Some Days,Some Days,Some Days,7
Never,Most Days,Never,Some Days,6
Never,Never,Never,Most Days,7
Never,Never,Never,Never,8
Never,Some Days,Never,Every Day,8
Never,Never,Never,Never,6
Never,Never,Never,Some Days,6
Never,Never,Never,Some Days,6
Never,Most Days,Some Days,Some Days,7
Never,Never,Never,Every Day,9
Never,Never,Never,Every Day,6
Never,Some Days,Some Days,Some Days,6
Never,Never,Never,Most Days,8
Never,Never,Some Days,Every Day,7
Every Day,Most Days,Never,Most Days,5
Never,Every Day,Every Day,Some Days,6
Never,Never,Never,Never,8
Never,Never,Never,Every Day,8
Never,Never,Never,Some Days,6
Never,Every Day,Never,Never,6
Never,Never,Never,Most Days,8
Never,Every Day,Some Days,Most Days,6
Never,Never,Some Days,Some Days,8
Every Day,Most Days,Most Days,Some Days,6
Never,Never,Never,Some Days,6
Never,Never,Never,Most Days,6
Never,Never,Some Days,Never,8
Never,Some Days,Most Days,Some Days,6
Never,Some Days,Never,Most Days,6
Never,Every Day,Never,Never,5
Never,Every Day,Never,Some Days,8
Never,Most Days,Some Days,Some Days,7
Never,Some Days,Some Days,Most Days,7
Some Days,Some Days,Some Days,Every Day,7
Never,Every Day,Never,Every Day,7
Never,Some Days,Some Days,Most Days,8
Never,Never,Never,Some Days,6
Some Days,Never,Never,Most Days,6
Never,Some Days,Never,Some Days,8
Every Day,Every Day,Every Day,Never,4
Never,Most Days,Never,Some Days,5
Never,Never,Never,Every Day,8
Never,Never,Never,Every Day,9
Never,Never,Never,Every Day,7
Never,Never,Never,Never,7
Never,Never,Never,Every Day,8
Every Day,Never,Never,Never,10
Some Days,Some Days,Some Days,Most Days,8
Never,Never,Some Days,Most Days,7
Never,Some Days,Some Days,Some Days,7
Never,Never,Never,Never,7
Never,Never,Never,Never,7
Never,Some Days,Some Days,Most Days,6
Never,Never,Never,Never,7
Never,Some Days,Some Days,Most Days,6
Never,Never,Never,Most Days,8
Never,Never,Never,Every Day,7
Never,Some Days,Some Days,Some Days,7
Never,Some Days,Some Days,Most Days,7
Never,Never,Never,Most Days,7
Never,Some Days,Some Days,Most Days,8
Never,Never,Never,Every Day,10
Never,Never,Some Days,Most Days,8
Never,Some Days,Some Days,Never,7
Never,Never,Never,Never,6
Every Day,Every Day,Never,Most Days,6
Every Day,Most Days,Never,Some Days,7
Never,Never,Never,Most Days,7
Never,Never,Never,Every Day,8
Never,Never,Some Days,Some Days,8
Never,Never,Never,Most Days,7
Never,Never,Some Days,Some Days,7
Never,Some Days,Never,Never,8
Some Days,Every Day,Every Day,Most Days,6
Never,Some Days,Never,Most Days,8
Never,Never,Never,Every Day,7
Every Day,Some Days,Never,Some Days,6
Every Day,Never,Most Days,Every Day,6
Never,Never,Never,Every Day,6
Never,Never,Never,Most Days,9
Never,Some Days,Never,Most Days,7
Never,Some Days,Never,Most Days,7
Never,Some Days,Never,Some Days,10
Never,Some Days,Some Days,Some Days,5
Never,Never,Some Days,Some Days,8
Never,Never,Never,Most Days,6
Never,Never,Never,Most Days,8
Never,Some Days,Some Days,Most Days,5
Never,Some Days,Most Days,Most Days,7
Some Days,Never,Never,Every Day,8
Every Day,Every Day,Never,Most Days,7
Never,Never,Never,Most Days,9
Every Day,Every Day,Every Day,Never,7
Never,Never,Some Days,Most Days,7
Never,Some Days,Some Days,Some Days,6
Never,Some Days,Every Day,Never,5
Never,Every Day,Every Day,Never,10
Most Days,Every Day,Some Days,Most Days,7
Never,Every Day,Every Day,Most Days,6
Never,Never,Never,Most Days,8
Never,Never,Never,Some Days,6
Never,Every Day,Never,Some Days,8
Never,Never,Never,Some Days,7
Never,Never,Some Days,Never,7
Never,Never,Some Days,Every Day,8
Never,Some Days,Some Days,Most Days,8
Never,Some Days,Some Days,Some Days,6
Never,Never,Never,Most Days,6
Never,Never,Never,Most Days,6
Never,Some Days,Never,Most Days,7
Never,Most Days,Some Days,Most Days,4
Never,Never,Never,Most Days,7
Never,Never,Never,Some Days,7
Some Days,Most Days,Some Days,Some Days,7
Never,Most Days,Some Days,Most Days,6
Never,Never,Never,Most Days,7
Never,Never,Never,Every Day,8
Never,Never,Never,Some Days,7
Never,Never,Some Days,Some Days,7
Never,Never,Never,Some Days,6
Never,Never,Some Days,Most Days,6
Never,Never,Some Days,Every Day,9
Never,Every Day,Every Day,Never,3
Some Days,Some Days,Some Days,Some Days,6
Never,Never,Never,Most Days,8
Never,Never,Never,Most Days,8
Never,Never,Never,Most Days,7
Never,Never,Never,Most Days,8
Never,Most Days,Some Days,Most Days,7
Never,Some Days,Some Days,Most Days,8
Never,Most Days,Most Days,Some Days,6
Never,Every Day,Never,Never,5
Most Days,Some Days,Some Days,Most Days,7
Never,Never,Some Days,Some Days,6
Every Day,Some Days,Every Day,Some Days,5
Every Day,Some Days,Most Days,Some Days,6
Never,Never,Never,Every Day,12
Never,Most Days,Never,Some Days,4
Never,Never,Never,Most Days,6
Never,Never,Some Days,Most Days,8
Never,Never,Never,Some Days,6
Never,Some Days,Never,Most Days,7
Never,Never,Most Days,Most Days,6
Never,Every Day,Every Day,Never,2
Most Days,Never,Some Days,Most Days,7
Never,Never,Never,Most Days,6
Some Days,Most Days,Some Days,Some Days,5
Some Days,Some Days,Some Days,Some Days,8
Never,Never,Some Days,Most Days,8
Never,Some Days,Never,Most Days,7
Never,Never,Never,Most Days,6
Never,Some Days,Some Days,Most Days,5
Never,Some Days,Some Days,Some Days,8
Never,Never,Never,Some Days,7
Some Days,Every Day,Every Day,Never,6
Never,Most Days,Most Days,Most Days,6
Some Days,Some Days,Some Days,Some Days,6
Never,Some Days,Most Days,Some Days,6
Never,Never,Never,Most Days,7
Every Day,Never,Some Days,Most Days,7
Never,Every Day,Some Days,Some Days,5
Never,Some Days,Every Day,Some Days,7
Never,Never,Most Days,Some Days,8
Some Days,Every Day,Every Day,Some Days,5
Never,Most Days,Some Days,Most Days,7
Most Days,Most Days,Some Days,Never,2
Never,Never,Never,Most Days,10
Never,Some Days,Some Days,Most Days,9
Never,Never,Never,Most Days,10
Never,Some Days,Most Days,Some Days,6
Never,Never,Never,Most Days,6
Never,Never,Some Days,Most Days,8
Never,Never,Never,Most Days,7
Never,Never,Never,Some Days,6
Some Days,Some Days,Some Days,Some Days,6
Never,Most Days,Most Days,Some Days,6
Every Day,Never,Never,Every Day,9
Every Day,Some Days,Most Days,Most Days,10
Never,Never,Never,Some Days,8
Never,Never,Never,Most Days,7
Never,Some Days,Most Days,Some Days,5
Never,Some Days,Some Days,Some Days,7
Never,Never,Some Days,Most Days,8
Never,Some Days,Never,Some Days,6
Never,Never,Never,Every Day,7
Never,Some Days,Some Days,Some Days,10
Some Days,Every Day,Every Day,Every Day,7
Never,Never,Never,Some Days,6
Never,Never,Never,Some Days,5
Every Day,Some Days,Never,Most Days,6
Never,Some Days,Never,Most Days,9
Never,Some Days,Some Days,Every Day,7
Never,Never,Never,Most Days,7
Never,Never,Never,Most Days,7
Never,Never,Some Days,Some Days,7
Never,Some Days,Some Days,Some Days,6
Never,Never,Never,Most Days,7
Never,Never,Never,Every Day,8
Never,Never,Some Days,Some Days,7
Never,Never,Never,Most Days,8
Never,Some Days,Some Days,Most Days,10
Every Day,Never,Never,Most Days,8
Never,Never,Some Days,Most Days,8
Never,Some Days,Never,Most Days,8
Never,Some Days,Some Days,Every Day,8
Never,Some Days,Some Days,Some Days,8
Never,Every Day,Every Day,Some Days,6
Never,Never,Never,Most Days,7
Never,Never,Never,Most Days,7
Never,Some Days,Never,Some Days,6
Never,Some Days,Some Days,Every Day,7
Never,Most Days,Every Day,Some Days,6
Never,Never,Never,Most Days,7
Every Day,Most Days,Some Days,Most Days,6
Some Days,Never,Some Days,Most Days,9
Never,Some Days,Some Days,Some Days,7
Never,Never,Most Days,Most Days,5
Never,Never,Never,Every Day,8
Never,Never,Some Days,Most Days,6
Never,Never,Never,Some Days,8
Never,Most Days,Never,Most Days,9
Never,Never,Never,Most Days,8
Every Day,Some Days,Most Days,Never,7
Some Days,Most Days,Some Days,Every Day,7
Never,Never,Never,Most Days,6
Never,Never,Never,Every Day,8
Never,Most Days,Never,Some Days,5
Never,Some Days,Never,Most Days,8
Never,Never,Never,Every Day,8
Never,Every Day,Never,Never,5
Never,Never,Never,Most Days,7
Never,Never,Most Days,Some Days,7
Never,Never,Most Days,Most Days,9
Never,Some Days,Never,Most Days,8
Never,Some Days,Some Days,Some Days,8
Never,Some Days,Never,Most Days,7
Never,Some Days,Some Days,Most Days,6
Never,Some Days,Some Days,Some Days,5
Never,Some Days,Some Days,Some Days,8
Never,Some Days,Never,Most Days,8
Every Day,Some Days,Some Days,Most Days,7
Never,Never,Some Days,Most Days,8
Never,Never,Never,Some Days,6
Some Days,Some Days,Some Days,Most Days,8
Never,Some Days,Some Days,Some Days,6
Never,Never,Never,Most Days,7
Never,Most Days,Most Days,Some Days,8
Some Days,Some Days,Never,Never,8
Never,Never,Never,Some Days,8
Never,Never,Never,Never,6
Never,Some Days,Some Days,Most Days,7
Never,Never,Never,Every Day,8
Never,Never,Never,Every Day,7
Most Days,Some Days,Some Days,Most Days,8
Some Days,Every Day,Never,Every Day,8
Never,Never,Never,Some Days,10
Never,Never,Never,Most Days,8
Never,Never,Never,Most Days,9
Never,Every Day,Every Day,Never,5
Never,Some Days,Some Days,Some Days,6
Never,Some Days,Some Days,Every Day,6
Never,Some Days,Never,Some Days,7
Never,Never,Never,Some Days,7
Never,Some Days,Some Days,Some Days,12
Never,Some Days,Never,Most Days,7
Most Days,Most Days,Never,Some Days,8
Never,Never,Never,Some Days,5
Never,Never,Never,Every Day,7
Never,Some Days,Never,Every Day,6
Never,Every Day,Never,Most Days,8
Never,Never,Some Days,Most Days,7
Never,Some Days,Some Days,Most Days,7
Never,Never,Some Days,Every Day,8
Every Day,Every Day,Never,Most Days,6
Never,Most Days,Some Days,Never,4
Never,Never,Some Days,Most Days,8
Never,Never,Never,Most Days,10
Never,Never,Some Days,Most Days,7
Never,Never,Some Days,Most Days,9
Never,Never,Some Days,Most Days,8
Never,Some Days,Never,Some Days,8
Never,Never,Some Days,Most Days,8
Never,Never,Never,Every Day,8
Never,Some Days,Some Days,Most Days,8
Some Days,Some Days,Some Days,Most Days,8
Never,Never,Never,Most Days,7
Never,Never,Never,Most Days,8
Never,Never,Some Days,Some Days,7
Never,Never,Never,Some Days,7
Never,Some Days,Most Days,Some Days,6
Never,Some Days,Never,Some Days,7
Never,Some Days,Never,Some Days,8
Never,Some Days,Never,Some Days,9
Never,Never,Never,Every Day,8
Never,Some Days,Never,Most Days,7
Some Days,Some Days,Some Days,Some Days,8
Every Day,Never,Some Days,Most Days,8
Never,Some Days,Some Days,Most Days,7
Every Day,Most Days,Most Days,Some Days,8
Every Day,Most Days,Some Days,Never,6
Some Days,Never,Every Day,Most Days,10
Never,Most Days,Some Days,Some Days,8
Never,Never,Some Days,Most Days,9
Never,Some Days,Never,Most Days,7
Every Day,Never,Never,Every Day,12
Never,Some Days,Some Days,Some Days,8
Some Days,Some Days,Some Days,Most Days,7
Never,Some Days,Most Days,Most Days,6
Never,Never,Never,Some Days,7
Never,Some Days,Never,Most Days,10
Never,Most Days,Never,Most Days,7
Never,Some Days,Some Days,Some Days,7
Never,Never,Never,Most Days,7
Never,Every Day,Never,Never,5
Never,Every Day,Every Day,Never,3
Some Days,Some Days,Some Days,Some Days,6
Never,Never,Some Days,Most Days,7
Never,Most Days,Never,Some Days,8
Never,Never,Never,Some Days,8
Never,Never,Never,Some Days,10
Never,Never,Never,Most Days,6
Never,Never,Never,Every Day,7
Some Days,Some Days,Some Days,Most Days,7
Some Days,Some Days,Never,Most Days,8
Never,Never,Some Days,Most Days,8
Never,Some Days,Never,Most Days,7
Some Days,Some Days,Never,Some Days,6
Some Days,Most Days,Some Days,Some Days,5
Never,Never,Some Days,Most Days,8
Never,Never,Most Days,Most Days,7
Never,Never,Never,Every Day,7
Never,Most Days,Most Days,Never,5
Never,Never,Never,Every Day,8
Never,Never,Never,Most Days,8
Never,Never,Never,Some Days,8
Never,Never,Never,Every Day,8
Never,Some Days,Never,Every Day,6
Never,Never,Never,Most Days,7
Never,Never,Never,Every Day,8
Never,Some Days,Some Days,Most Days,7
Never,Some Days,Some Days,Some Days,8
Never,Never,Never,Every Day,8
Never,Never,Never,Most Days,8
Never,Never,Some Days,Every Day,8
Never,Some Days,Most Days,Most Days,8
Never,Never,Never,Most Days,6
Most Days,Most Days,Some Days,Most Days,7
Never,Some Days,Some Days,Some Days,8
Never,Some Days,Never,Some Days,6
Every Day,Every Day,Every Day,Some Days,6
Never,Some Days,Never,Some Days,5
Never,Some Days,Some Days,Some Days,6
Some Days,Some Days,Some Days,Most Days,7
Never,Every Day,Some Days,Some Days,4
Never,Never,Never,Most Days,7
Never,Most Days,Some Days,Most Days,8
Never,Never,Some Days,Most Days,7
Never,Never,Never,Every Day,7
Never,Most Days,Some Days,Every Day,7
Every Day,Every Day,Most Days,Most Days,3
Never,Never,Some Days,Some Days,6
Never,Never,Never,Every Day,7
Never,Never,Some Days,Most Days,7
Never,Most Days,Some Days,Never,7
Never,Never,Never,Most Days,7
Never,Some Days,Some Days,Some Days,8
Never,Some Days,Some Days,Some Days,8
Never,Most Days,Never,Never,6
Never,Most Days,Never,Never,7
Never,Every Day,Never,Some Days,7
Never,Never,Never,Every Day,8
Never,Never,Never,Most Days,7
Never,Never,Some Days,Most Days,6
Never,Never,Some Days,Some Days,8
Never,Never,Some Days,Most Days,7
Never,Never,Never,Every Day,7
Never,Never,Some Days,Most Days,7
Never,Never,Some Days,Some Days,7
Never,Never,Never,Most Days,8
Never,Never,Never,Most Days,8
Never,Never,Never,Most Days,6
Never,Never,Most Days,Some Days,8
Every Day,Some Days,Some Days,Most Days,6
Never,Never,Never,Every Day,8
Never,Never,Never,Most Days,8
Never,Never,Never,Most Days,6
Never,Never,Never,Most Days,7
Every Day,Some Days,Some Days,Never,7
Never,Most Days,Never,Every Day,8
Never,Never,Some Days,Most Days,7
Never,Some Days,Every Day,Some Days,2
Most Days,Most Days,Most Days,Some Days,4
Never,Never,Never,Some Days,8
Every Day,Every Day,Every Day,Some Days,10
Never,Never,Never,Never,8
Never,Some Days,Some Days,Most Days,9
Never,Never,Never,Never,8
Never,Some Days,Never,Most Days,8
Never,Most Days,Never,Some Days,4
Never,Some Days,Never,Most Days,7
Never,Some Days,Some Days,Never,6
Never,Some Days,Every Day,Every Day,10
Most Days,Most Days,Some Days,Some Days,6
Never,Never,Never,Every Day,8
Never,Never,Never,Most Days,8
Never,Some Days,Never,Some Days,6
Never,Never,Never,Most Days,6
Never,Never,Never,Most Days,7
Never,Never,Never,Most Days,6
Never,Never,Never,Some Days,6
Every Day,Some Days,Some Days,Most Days,8
Never,Most Days,Every Day,Some Days,5
Every Day,Some Days,Never,Most Days,8
Some Days,Some Days,Some Days,Most Days,7
Every Day,Never,Never,Some Days,8
Never,Never,Never,Some Days,6
Some Days,Most Days,Some Days,Some Days,7
Never,Most Days,Never,Most Days,6
Never,Some Days,Most Days,Never,5
Never,Never,Some Days,Some Days,8
Never,Some Days,Some Days,Some Days,6
Never,Some Days,Some Days,Some Days,6
Never,Never,Never,Most Days,6
Never,Never,Never,Every Day,8
Never,Never,Never,Every Day,8
Some Days,Most Days,Most Days,Most Days,6
Never,Never,Never,Most Days,8
Never,Some Days,Some Days,Most Days,5
Never,Never,Never,Most Days,7
Never,Never,Never,Most Days,7
Some Days,Most Days,Never,Some Days,6
Never,Some Days,Some Days,Most Days,7
Never,Never,Some Days,Some Days,10
Never,Never,Never,Every Day,5
Never,Some Days,Some Days,Most Days,6
Some Days,Some Days,Some Days,Some Days,6
Never,Never,Never,Every Day,8
Never,Never,Never,Never,8
Never,Some Days,Some Days,Some Days,4
Never,Some Days,Never,Most Days,8
Never,Never,Never,Most Days,7
Never,Never,Never,Every Day,8
Some Days,Every Day,Every Day,Never,6
Never,Some Days,Some Days,Some Days,6
Never,Some Days,Some Days,Some Days,6
Never,Every Day,Never,Never,10
Never,Never,Never,Most Days,7
Never,Some Days,Never,Every Day,7
Never,Never,Never,Every Day,7
Never,Some Days,Never,Most Days,7
Never,Never,Never,Some Days,8
Never,Some Days,Never,Some Days,9
Never,Some Days,Some Days,Most Days,7
Never,Never,Never,Every Day,7
Some Days,Most Days,Some Days,Some Days,8
Never,Never,Never,Every Day,7
Never,Never,Never,Every Day,8
Never,Some Days,Some Days,Every Day,8
Never,Never,Never,Every Day,6
Never,Never,Never,Never,8
Never,Never,Some Days,Never,6
Never,Never,Never,Some Days,8
Some Days,Every Day,Every Day,Some Days,6
Never,Some Days,Some Days,Some Days,9
Never,Never,Never,Most Days,12
Never,Never,Some Days,Some Days,8
Every Day,Every Day,Most Days,Most Days,8
Never,Never,Never,Every Day,6
Never,Never,Never,Every Day,10
Never,Some Days,Never,Some Days,8
Some Days,Never,Never,Every Day,7
Never,Never,Never,Every Day,6
Never,Never,Never,Every Day,8
Never,Some Days,Some Days,Some Days,6
Never,Never,Never,Every Day,7
Every Day,Some Days,Some Days,Most Days,8
Never,Never,Never,Every Day,7
Never,Never,Never,Every Day,7
Never,Some Days,Some Days,Most Days,7
Never,Never,Never,Some Days,6
Never,Never,Never,Every Day,10
Never,Never,Never,Every Day,7
Never,Some Days,Some Days,Most Days,6
Never,Never,Never,Every Day,8
Never,Never,Never,Most Days,7
Never,Some Days,Never,Some Days,6
Never,Never,Never,Most Days,9
Never,Never,Never,Most Days,8
Never,Never,Every Day,Most Days,12
Every Day,Some Days,Never,Every Day,8
Never,Never,Some Days,Every Day,8
Never,Never,Never,Every Day,7
Never,Never,Some Days,Most Days,8
Never,Some Days,Some Days,Most Days,8
Never,Never,Some Days,Most Days,7
Never,Every Day,Never,Most Days,7
Every Day,Never,Most Days,Some Days,4
Never,Never,Some Days,Never,6
Never,Never,Never,Most Days,8
Never,Never,Never,Every Day,7
Never,Some Days,Never,Most Days,6
Never,Some Days,Never,Most Days,9
Never,Never,Never,Every Day,6
Some Days,Never,Some Days,Some Days,8
Never,Never,Never,Most Days,8
Never,Never,Some Days,Most Days,8
Never,Never,Never,Every Day,8
Never,Never,Never,Most Days,8
Never,Some Days,Most Days,Most Days,6
Some Days,Some Days,Never,Most Days,7
Never,Never,Never,Most Days,7
Never,Never,Some Days,Most Days,7
Never,Some Days,Some Days,Most Days,6
Never,Some Days,Some Days,Most Days,6
Never,Never,Never,Every Day,7
Never,Some Days,Some Days,Most Days,8
Never,Never,Never,Every Day,6
Never,Some Days,Some Days,Most Days,10
Never,Never,Never,Every Day,8
Never,Some Days,Never,Every Day,8
Some Days,Some Days,Some Days,Most Days,8
Some Days,Some Days,Some Days,Most Days,6
Never,Never,Never,Most Days,8
Never,Most Days,Most Days,Most Days,3
Never,Never,Some Days,Most Days,7
Every Day,Never,Never,Some Days,8
Never,Never,Never,Every Day,9
Never,Never,Never,Most Days,8
Never,Never,Never,Never,8
Never,Never,Never,Never,8
Never,Never,Never,Most Days,7
Never,Never,Some Days,Some Days,6
Some Days,Never,Never,Most Days,7
Never,Never,Never,Most Days,8
Never,Never,Never,Most Days,8
Some Days,Most Days,Most Days,Some Days,6
Never,Never,Never,Most Days,7
Never,Most Days,Some Days,Never,6
Some Days,Some Days,Some Days,Some Days,6
Never,Never,Some Days,Most Days,7
Never,Never,Some Days,Some Days,9
Never,Some Days,Never,Most Days,7
Never,Some Days,Some Days,Never,6
Most Days,Some Days,Some Days,Most Days,7
Never,Never,Never,Every Day,8
Never,Never,Never,Every Day,8
Never,Never,Never,Every Day,11
Never,Never,Never,Never,12
Never,Some Days,Never,Most Days,6
Never,Never,Some Days,Most Days,7
Every Day,Every Day,Every Day,Never,4
Never,Never,Never,Every Day,6
Never,Every Day,Every Day,Never,7
Every Day,Some Days,Never,Never,8
Never,Some Days,Most Days,Some Days,7
Never,Some Days,Some Days,Some Days,7
Never,Some Days,Some Days,Some Days,8
Never,Every Day,Every Day,Every Day,4
Never,Never,Some Days,Never,7
Never,Never,Never,Every Day,8
Never,Never,Some Days,Most Days,6
Never,Never,Never,Some Days,6
Never,Some Days,Never,Never,8
Never,Some Days,Some Days,Some Days,6
Never,Never,Some Days,Most Days,9
Never,Never,Some Days,Most Days,6
Never,Never,Never,Every Day,7
Never,Never,Some Days,Every Day,5
Never,Some Days,Some Days,Some Days,7
Never,Never,Never,Some Days,6
Never,Never,Never,Every Day,6
Never,Some Days,Never,Every Day,7
Never,Some Days,Some Days,Most Days,6
Never,Never,Never,Most Days,7
Never,Some Days,Some Days,Most Days,6
Never,Some Days,Some Days,Some Days,8
Some Days,Some Days,Some Days,Most Days,9
Never,Never,Never,Most Days,8
Never,Some Days,Some Days,Never,7
Never,Some Days,Some Days,Most Days,8
Never,Some Days,Some Days,Most Days,7
Every Day,Some Days,Some Days,Most Days,8
Never,Never,Never,Most Days,7
Never,Every Day,Never,Some Days,6
Never,Some Days,Some Days,Most Days,2
Never,Never,Never,Every Day,8
Never,Some Days,Never,Most Days,7
Never,Never,Never,Every Day,7
Some Days,Some Days,Some Days,Most Days,7
Some Days,Every Day,Never,Most Days,7
Never,Most Days,Never,Most Days,7
Every Day,Some Days,Some Days,Some Days,6
Never,Every Day,Every Day,Never,7
Never,Some Days,Some Days,Most Days,7
Never,Never,Never,Most Days,7
Never,Never,Never,Every Day,7
Never,Never,Some Days,Some Days,6
Never,Never,Never,Every Day,7
Never,Never,Never,Most Days,8
Never,Never,Never,Some Days,8
Never,Some Days,Some Days,Most Days,7
Some Days,Some Days,Some Days,Most Days,8
Never,Never,Some Days,Most Days,6
Never,Most Days,Never,Most Days,7
Never,Some Days,Some Days,Some Days,5
Never,Never,Never,Some Days,7
Every Day,Every Day,Every Day,Never,4
Some Days,Some Days,Some Days,Most Days,7
Never,Never,Never,Most Days,9
Never,Some Days,Some Days,Most Days,7
Never,Never,Never,Most Days,8
Never,Never,Never,Every Day,7
Never,Some Days,Every Day,Some Days,6
Never,Never,Some Days,Some Days,8
Never,Never,Some Days,Some Days,7
Never,Never,Never,Most Days,8
Some Days,Every Day,Most Days,Never,5
Never,Never,Never,Most Days,8
Never,Some Days,Some Days,Most Days,7
Never,Never,Never,Most Days,9
Never,Some Days,Most Days,Most Days,6
Never,Never,Never,Every Day,8
Never,Some Days,Some Days,Most Days,7
Never,Never,Never,Most Days,8
Never,Never,Never,Never,7
Never,Some Days,Never,Most Days,9
Never,Every Day,Every Day,Never,3
Never,Every Day,Every Day,Some Days,6
Never,Never,Never,Never,8
Never,Never,Some Days,Never,8
Never,Never,Never,Most Days,8
Never,Never,Some Days,Some Days,6
Some Days,Never,Some Days,Most Days,8
Some Days,Most Days,Most Days,Most Days,7
Some Days,Every Day,Every Day,Never,3
Never,Never,Some Days,Most Days,8
Some Days,Most Days,Some Days,Some Days,9
Never,Never,Never,Most Days,7
Some Days,Most Days,Some Days,Some Days,5
Never,Some Days,Never,Most Days,7
Never,Never,Never,Most Days,7
Never,Never,Never,Most Days,6
Never,Never,Never,Most Days,8
Never,Never,Never,Most Days,7
Most Days,Every Day,Some Days,Some Days,7
Never,Some Days,Some Days,Some Days,6
Never,Never,Never,Most Days,7
Never,Some Days,Some Days,Most Days,7
Never,Never,Never,Some Days,7
Every Day,Some Days,Some Days,Some Days,7
Never,Most Days,Some Days,Never,5
Never,Some Days,Some Days,Most Days,7
Never,Never,Never,Every Day,7
Never,Some Days,Never,Some Days,6
Never,Some Days,Never,Every Day,6
Never,Never,Never,Most Days,9
Never,Every Day,Every Day,Never,6
Never,Some Days,Never,Some Days,5
Some Days,Most Days,Some Days,Some Days,7
Some Days,Never,Some Days,Most Days,7
Never,Some Days,Some Days,Most Days,8
Never,Never,Never,Every Day,8
Never,Never,Some Days,Never,9
Never,Never,Never,Every Day,6
Never,Some Days,Some Days,Most Days,8
Every Day,Never,Never,Every Day,7
Never,Every Day,Every Day,Every Day,6
Never,Never,Never,Never,6
Never,Some Days,Every Day,Some Days,5
Never,Some Days,Most Days,Some Days,7
Every Day,Some Days,Most Days,Never,4
Every Day,Every Day,Every Day,Most Days,4
Never,Some Days,Never,Some Days,6
Never,Every Day,Most Days,Some Days,7
Never,Never,Some Days,Most Days,8
Never,Never,Never,Most Days,7
Never,Every Day,Every Day,Some Days,6
Never,Some Days,Every Day,Some Days,6
Most Days,Never,Most Days,Some Days,7
Never,Every Day,Every Day,Some Days,5
Most Days,Some Days,Some Days,Most Days,7
Some Days,Never,Most Days,Most Days,6
Never,Some Days,Never,Most Days,8
Never,Never,Never,Most Days,8
Never,Never,Never,Never,6
Every Day,Never,Never,Never,12
Never,Never,Never,Most Days,8
Every Day,Never,Never,Every Day,8
Never,Never,Never,Most Days,7
Never,Never,Some Days,Most Days,8
Some Days,Never,Some Days,Most Days,8
Never,Every Day,Most Days,Most Days,7
Some Days,Some Days,Some Days,Every Day,7
Never,Never,Never,Most Days,8
Never,Some Days,Some Days,Most Days,8
Never,Some Days,Some Days,Some Days,6
Never,Never,Never,Most Days,8
Never,Some Days,Never,Most Days,8
Never,Most Days,Most Days,Some Days,7
Most Days,Some Days,Some Days,Most Days,8
Some Days,Never,Some Days,Most Days,7
Never,Some Days,Never,Some Days,7
Every Day,Most Days,Most Days,Some Days,8
Every Day,Every Day,Some Days,Some Days,5
Never,Never,Never,Most Days,6
Never,Never,Never,Most Days,8
Never,Never,Never,Most Days,8
Never,Never,Never,Some Days,6
Some Days,Every Day,Every Day,Never,3
Never,Never,Never,Most Days,9
Never,Never,Never,Every Day,9
Never,Never,Never,Most Days,8
Every Day,Some Days,Some Days,Some Days,10
Never,Never,Never,Every Day,8
Never,Most Days,Some Days,Some Days,5
Never,Never,Every Day,Some Days,7
Never,Most Days,Most Days,Never,5
Never,Every Day,Most Days,Never,6
Never,Some Days,Some Days,Most Days,6
Never,Some Days,Some Days,Every Day,10
Never,Never,Some Days,Most Days,7
Never,Every Day,Some Days,Some Days,6
Some Days,Some Days,Never,Most Days,6
Never,Never,Never,Most Days,7
Never,Never,Never,Most Days,6
Never,Never,Never,Every Day,8
Never,Some Days,Never,Most Days,8
Never,Some Days,Some Days,Some Days,6
Never,Never,Most Days,Most Days,7
Never,Some Days,Some Days,Most Days,9
Never,Some Days,Some Days,Most Days,6
Never,Never,Never,Most Days,6
Never,Never,Never,Most Days,8
Never,Some Days,Some Days,Most Days,7
Never,Some Days,Never,Some Days,4
Never,Never,Never,Most Days,7
Never,Never,Some Days,Some Days,8
Never,Some Days,Some Days,Most Days,5
Never,Some Days,Some Days,Most Days,8
Never,Never,Never,Every Day,9
Never,Never,Some Days,Most Days,5
Every Day,Most Days,Some Days,Some Days,6
Never,Never,Never,Some Days,13
Some Days,Some Days,Some Days,Some Days,6
Never,Never,Never,Every Day,8
Some Days,Some Days,Some Days,Some Days,8
Never,Never,Some Days,Most Days,7
Never,Never,Never,Most Days,8
Never,Never,Never,Most Days,7
Never,Most Days,Most Days,Some Days,7
Never,Some Days,Some Days,Never,7
Never,Never,Never,Every Day,7
Never,Some Days,Never,Most Days,8
Most Days,Some Days,Some Days,Most Days,9
Every Day,Never,Never,Most Days,7
Some Days,Most Days,Never,Most Days,8
Never,Never,Some Days,Most Days,8
Never,Never,Never,Most Days,6
Never,Some Days,Never,Every Day,8
Every Day,Some Days,Some Days,Some Days,7
Every Day,Never,Never,Most Days,8
Never,Never,Never,Most Days,8
Never,Some Days,Some Days,Most Days,7
Never,Some Days,Some Days,Some Days,8
Never,Never,Never,Every Day,9
Never,Some Days,Some Days,Some Days,8
Never,Never,Some Days,Most Days,6
Some Days,Some Days,Some Days,Some Days,8
Some Days,Most Days,Some Days,Some Days,7
Every Day,Every Day,Most Days,Never,3
Never,Never,Never,Most Days,6
Never,Never,Never,Every Day,7
Never,Never,Some Days,Most Days,7
Every Day,Every Day,Every Day,Never,6
Never,Never,Never,Every Day,8
Never,Most Days,Most Days,Some Days,6
Never,Every Day,Some Days,Never,8
Never,Most Days,Some Days,Some Days,5
Never,Some Days,Some Days,Never,6
Never,Never,Never,Most Days,9
Some Days,Some Days,Some Days,Most Days,7
Never,Every Day,Most Days,Never,8
Some Days,Some Days,Never,Most Days,8
Most Days,Most Days,Some Days,Most Days,7
Never,Never,Never,Some Days,7
Never,Every Day,Never,Some Days,6
Never,Never,Never,Most Days,7
Never,Never,Some Days,Most Days,7
Some Days,Some Days,Some Days,Some Days,12
Some Days,Most Days,Most Days,Some Days,6
Never,Every Day,Never,Some Days,6
Never,Every Day,Never,Most Days,7
Every Day,Every Day,Some Days,Some Days,8
Never,Most Days,Some Days,Some Days,6
Never,Never,Never,Most Days,7
Never,Never,Never,Most Days,6
Never,Never,Some Days,Most Days,8
Never,Some Days,Never,Never,7
Never,Some Days,Some Days,Some Days,10
Every Day,Most Days,Some Days,Every Day,7
Never,Never,Never,Most Days,6
Every Day,Never,Never,Some Days,8
Never,Some Days,Some Days,Some Days,7
Never,Some Days,Never,Most Days,8
Never,Every Day,Never,Some Days,6
Some Days,Never,Some Days,Some Days,8
Never,Never,Never,Never,8
Never,Never,Never,Some Days,7
Never,Never,Never,Some Days,6
Some Days,Every Day,Never,Some Days,6
Never,Never,Never,Most Days,6
Never,Some Days,Never,Most Days,7
Some Days,Never,Never,Most Days,9
Never,Never,Never,Most Days,7
Never,Never,Never,Every Day,8
Never,Some Days,Some Days,Most Days,7
Never,Never,Never,Most Days,6
Never,Never,Some Days,Most Days,7
Never,Never,Never,Most Days,7
Never,Every Day,Never,Some Days,6
Never,Never,Never,Most Days,7
Every Day,Every Day,Every Day,Never,6
Never,Some Days,Some Days,Never,6
Never,Never,Never,Most Days,7
Never,Every Day,Never,Never,7
Never,Every Day,Never,Some Days,6
Every Day,Every Day,Every Day,Never,6
Some Days,Every Day,Some Days,Never,8
Never,Never,Some Days,Most Days,7
Every Day,Some Days,Some Days,Most Days,8
Never,Most Days,Most Days,Most Days,8
Never,Never,Never,Most Days,8
Most Days,Every Day,Every Day,Some Days,9
Never,Never,Never,Every Day,10
Never,Never,Never,Some Days,8
Never,Most Days,Never,Some Days,6
Some Days,Some Days,Most Days,Some Days,7
Never,Never,Never,Most Days,8
Never,Never,Never,Some Days,8
Never,Most Days,Most Days,Some Days,6
Never,Some Days,Some Days,Most Days,7
Every Day,Most Days,Some Days,Some Days,5
Never,Never,Some Days,Most Days,8
Some Days,Some Days,Some Days,Some Days,7
Never,Some Days,Never,Most Days,6
Never,Some Days,Some Days,Most Days,10
Every Day,Never,Never,Most Days,8
Every Day,Never,Never,Never,7
Never,Most Days,Some Days,Some Days,9
Some Days,Never,Some Days,Most Days,7
Never,Some Days,Some Days,Some Days,6
Never,Some Days,Never,Most Days,7
Every Day,Some Days,Most Days,Some Days,5
Every Day,Some Days,Some Days,Some Days,7
Every Day,Some Days,Some Days,Some Days,8
Some Days,Some Days,Some Days,Some Days,7
Some Days,Every Day,Every Day,Some Days,7
Never,Never,Never,Never,6
Most Days,Most Days,Most Days,Never,6
Every Day,Never,Some Days,Most Days,8
Never,Some Days,Some Days,Every Day,6
Never,Some Days,Some Days,Most Days,7
Never,Never,Some Days,Most Days,8
Never,Every Day,Never,Every Day,7
Never,Some Days,Never,Most Days,8
Never,Some Days,Never,Most Days,8
Every Day,Never,Never,Most Days,8
Never,Never,Never,Most Days,8
Never,Most Days,Never,Some Days,7
Some Days,Every Day,Every Day,Some Days,6
Never,Never,Some Days,Some Days,7
Never,Most Days,Most Days,Some Days,9
Never,Never,Never,Some Days,7
Never,Never,Never,Most Days,8
Never,Never,Most Days,Most Days,8
Never,Some Days,Some Days,Most Days,8
Never,Never,Never,Most Days,6
Never,Every Day,Most Days,Some Days,6
Never,Some Days,Never,Every Day,8
Every Day,Never,Some Days,Most Days,9
Never,Some Days,Some Days,Some Days,8
Never,Never,Some Days,Most Days,6
Never,Some Days,Some Days,Every Day,8
Never,Some Days,Some Days,Never,10
Never,Never,Some Days,Every Day,6
Every Day,Never,Never,Some Days,9
Every Day,Every Day,Every Day,Never,5
Every Day,Some Days,Every Day,Some Days,6
Never,Never,Never,Some Days,6
Some Days,Every Day,Every Day,Some Days,8
Every Day,Never,Never,Most Days,8
Never,Most Days,Never,Most Days,8
Some Days,Most Days,Most Days,Some Days,4
Never,Never,Never,Every Day,8
Never,Never,Never,Every Day,10
Never,Never,Never,Most Days,6
Some Days,Most Days,Most Days,Some Days,5
Never,Never,Never,Every Day,8
Never,Some Days,Some Days,Most Days,10
Never,Every Day,Most Days,Never,4
Never,Most Days,Never,Every Day,9
Never,Some Days,Most Days,Some Days,5
Never,Never,Some Days,Most Days,7
Some Days,Never,Never,Every Day,6
Never,Never,Never,Never,6
Some Days,Some Days,Some Days,Some Days,8
Never,Never,Never,Some Days,7
Never,Every Day,Every Day,Some Days,6
Never,Most Days,Some Days,Some Days,8
Every Day,Most Days,Most Days,Some Days,8
Never,Never,Some Days,Some Days,7
Never,Some Days,Some Days,Most Days,7
Never,Some Days,Never,Some Days,8
Every Day,Most Days,Some Days,Some Days,7
Never,Never,Never,Most Days,5
Never,Never,Never,Most Days,8
Never,Some Days,Some Days,Most Days,7
Never,Some Days,Never,Some Days,4
Never,Never,Most Days,Most Days,8
Never,Never,Never,Most Days,8
Every Day,Never,Every Day,Never,5
Some Days,Some Days,Some Days,Most Days,6
Never,Never,Never,Most Days,8
Never,Most Days,Some Days,Most Days,6
Every Day,Most Days,Most Days,Some Days,7
Never,Never,Never,Every Day,8
Never,Never,Never,Most Days,7
Never,Never,Never,Most Days,7
Never,Some Days,Never,Every Day,8
Never,Never,Some Days,Some Days,6
Never,Never,Never,Every Day,6
Never,Never,Never,Never,8
Never,Never,Never,Every Day,7
Every Day,Never,Never,Every Day,8
Never,Never,Never,Every Day,8
Never,Some Days,Never,Most Days,9
Never,Every Day,Never,Every Day,6
Never,Never,Never,Never,6
Never,Never,Never,Every Day,7
Never,Some Days,Some Days,Some Days,9
Never,Never,Never,Most Days,8
Never,Never,Never,Some Days,8
Never,Never,Some Days,Most Days,7
Never,Never,Never,Every Day,8
Never,Never,Never,Never,8
Never,Never,Never,Every Day,8
Never,Some Days,Some Days,Every Day,7
Never,Some Days,Some Days,Some Days,8
Every Day,Some Days,Some Days,Never,7
Some Days,Some Days,Some Days,Some Days,6
Never,Never,Never,Every Day,12
Most Days,Some Days,Most Days,Some Days,7
Never,Most Days,Some Days,Some Days,7
Never,Never,Some Days,Most Days,7
Never,Some Days,Some Days,Some Days,9
Most Days,Some Days,Some Days,Some Days,5
Never,Every Day,Never,Some Days,9
Never,Never,Some Days,Most Days,8
Never,Never,Some Days,Most Days,8
Never,Never,Never,Some Days,8
Never,Never,Never,Every Day,8
Some Days,Never,Some Days,Never,7
Every Day,Never,Never,Never,8
Never,Never,Never,Most Days,7
Some Days,Some Days,Never,Most Days,7
Never,Some Days,Some Days,Some Days,8
Some Days,Some Days,Some Days,Some Days,7
Never,Never,Never,Some Days,5
Never,Never,Some Days,Most Days,7
Every Day,Every Day,Every Day,Never,6
Never,Never,Never,Most Days,7
Never,Most Days,Most Days,Some Days,7
Never,Never,Never,Most Days,8
Never,Never,Never,Never,6
Never,Never,Never,Most Days,6
Some Days,Some Days,Never,Every Day,8
Every Day,Some Days,Every Day,Never,8
Never,Most Days,Most Days,Some Days,5
Never,Some Days,Never,Most Days,7
Never,Some Days,Never,Every Day,8
Some Days,Every Day,Most Days,Some Days,7
Never,Never,Never,Some Days,7
Never,Every Day,Every Day,Never,5
Never,Never,Some Days,Some Days,8
Never,Most Days,Some Days,Some Days,6
Never,Never,Never,Most Days,7
Every Day,Never,Some Days,Some Days,10
Never,Never,Never,Most Days,7
Never,Every Day,Never,Most Days,10
Some Days,Some Days,Most Days,Some Days,6
Never,Most Days,Some Days,Some Days,6
Never,Some Days,Never,Some Days,8
Never,Never,Some Days,Every Day,8
Never,Never,Some Days,Some Days,5
Never,Never,Never,Most Days,7
Never,Never,Never,Most Days,8
Some Days,Some Days,Most Days,Never,7
Never,Never,Never,Every Day,7
Never,Some Days,Some Days,Every Day,10
Never,Never,Some Days,Most Days,9
Never,Never,Never,Every Day,12
Never,Some Days,Some Days,Some Days,5
Never,Most Days,Never,Most Days,8
Never,Never,Never,Some Days,7
Never,Some Days,Some Days,Most Days,8
Every Day,Never,Never,Some Days,8
Never,Never,Some Days,Some Days,6
Never,Never,Never,Never,8
Never,Never,Never,Most Days,7
Never,Some Days,Some Days,Some Days,8
Never,Every Day,Never,Never,3
Never,Some Days,Every Day,Some Days,6
Some Days,Most Days,Most Days,Some Days,5
Never,Some Days,Some Days,Some Days,8
Never,Some Days,Some Days,Some Days,7
Some Days,Never,Some Days,Some Days,8
Never,Every Day,Never,Never,7
Never,Most Days,Never,Most Days,7
Never,Never,Some Days,Most Days,8
Never,Never,Never,Some Days,5
Never,Never,Some Days,Most Days,7
Never,Never,Never,Some Days,8
Never,Never,Never,Most Days,8
Never,Never,Never,Every Day,8
Never,Never,Never,Most Days,7
Never,Some Days,Never,Some Days,7
Never,Some Days,Most Days,Some Days,5
Never,Never,Never,Some Days,6
Never,Never,Never,Every Day,4
Never,Never,Never,Some Days,12
Never,Never,Never,Most Days,8
Never,Never,Never,Most Days,6
Never,Never,Some Days,Most Days,8
Never,Some Days,Some Days,Some Days,6
Never,Every Day,Never,Some Days,4
Never,Never,Never,Every Day,8
Never,Some Days,Never,Every Day,8
Never,Some Days,Some Days,Most Days,8
Never,Never,Some Days,Some Days,7
Never,Never,Never,Every Day,8
Never,Never,Never,Every Day,7
Never,Most Days,Every Day,Most Days,6
Never,Never,Never,Every Day,6
Never,Never,Some Days,Most Days,6
Every Day,Every Day,Every Day,Some Days,7
Every Day,Every Day,Every Day,Never,6
Never,Every Day,Every Day,Never,5
Every Day,Every Day,Every Day,Never,4
Never,Some Days,Some Days,Most Days,7
Never,Some Days,Some Days,Some Days,5
Never,Never,Never,Some Days,7
Never,Never,Never,Most Days,8
Never,Some Days,Some Days,Some Days,6
Some Days,Never,Never,Some Days,8
Never,Never,Some Days,Most Days,8
Never,Some Days,Some Days,Most Days,8
Never,Some Days,Some Days,Every Day,6
Every Day,Every Day,Every Day,Some Days,5
Never,Never,Never,Every Day,8
Never,Never,Some Days,Some Days,8
Never,Never,Never,Every Day,6
Some Days,Never,Most Days,Most Days,12
Never,Never,Never,Most Days,8
Never,Every Day,Every Day,Never,6
Never,Some Days,Some Days,Some Days,8
Never,Never,Some Days,Most Days,7
Never,Never,Never,Every Day,8
Never,Never,Never,Some Days,8
Never,Never,Some Days,Most Days,6
Never,Never,Some Days,Every Day,6
Never,Some Days,Some Days,Most Days,7
Some Days,Some Days,Some Days,Some Days,8
Never,Some Days,Some Days,Most Days,6
Never,Never,Never,Most Days,7
Never,Never,Never,Some Days,8
Some Days,Most Days,Most Days,Some Days,5
Never,Some Days,Some Days,Most Days,7
Never,Never,Never,Most Days,8
Never,Never,Never,Most Days,6
Never,Never,Never,Every Day,6
Never,Most Days,Most Days,Never,4
Never,Never,Never,Most Days,6
Never,Never,Never,Some Days,6
Never,Every Day,Most Days,Never,6
Never,Never,Never,Every Day,8
Some Days,Most Days,Most Days,Never,5
Never,Never,Some Days,Most Days,7
Never,Never,Never,Some Days,4
Never,Most Days,Most Days,Some Days,6
Some Days,Most Days,Some Days,Some Days,8
Never,Never,Never,Every Day,7
Never,Never,Never,Most Days,8
Never,Some Days,Never,Most Days,7
Never,Every Day,Every Day,Never,4
Never,Never,Never,Most Days,7
Never,Some Days,Some Days,Some Days,7
Some Days,Some Days,Some Days,Never,9
Never,Never,Never,Every Day,7
Never,Never,Some Days,Some Days,7
Never,Never,Never,Every Day,8
Never,Never,Never,Most Days,8
Never,Never,Some Days,Some Days,10
Every Day,Every Day,Every Day,Never,4
Some Days,Most Days,Most Days,Some Days,6
Never,Never,Never,Every Day,7
Never,Never,Never,Never,6
Most Days,Every Day,Every Day,Some Days,8
Never,Never,Some Days,Every Day,9
Every Day,Some Days,Some Days,Some Days,7
Never,Some Days,Never,Most Days,8
Never,Every Day,Some Days,Every Day,6
Never,Some Days,Never,Most Days,8
Every Day,Some Days,Every Day,Some Days,7
Most Days,Most Days,Some Days,Some Days,6
Every Day,Every Day,Every Day,Never,7
Never,Some Days,Never,Most Days,7
Never,Some Days,Never,Most Days,8
Never,Never,Never,Most Days,7
Never,Most Days,Never,Some Days,5
Never,Every Day,Some Days,Most Days,9
Some Days,Some Days,Some Days,Most Days,7
Every Day,Most Days,Most Days,Most Days,5
Never,Never,Never,Every Day,8
Never,Never,Every Day,Some Days,10
Some Days,Never,Some Days,Every Day,8
Never,Some Days,Some Days,Some Days,8
Never,Never,Never,Every Day,8
Never,Never,Some Days,Most Days,5
Never,Never,Some Days,Most Days,8
Never,Never,Never,Most Days,8
Never,Every Day,Never,Some Days,8
Never,Some Days,Some Days,Most Days,11
Never,Every Day,Never,Most Days,8
Never,Never,Never,Every Day,8
Some Days,Never,Never,Some Days,5
Never,Never,Some Days,Most Days,7
Never,Never,Never,Every Day,8
Never,Some Days,Some Days,Most Days,7
Some Days,Never,Never,Most Days,8
Never,Every Day,Every Day,Never,3
Never,Never,Never,Most Days,8
Never,Never,Never,Every Day,8
Never,Never,Some Days,Most Days,9
Every Day,Most Days,Some Days,Some Days,8
Never,Some Days,Some Days,Most Days,6
Every Day,Never,Some Days,Every Day,9
Every Day,Every Day,Most Days,Most Days,6
Never,Most Days,Some Days,Some Days,8
Every Day,Some Days,Never,Most Days,8
Never,Some Days,Never,Most Days,7
Never,Never,Never,Every Day,8
Never,Some Days,Some Days,Most Days,5
Never,Never,Never,Most Days,8
Never,Some Days,Some Days,Most Days,6
Never,Never,Never,Every Day,8
Never,Never,Never,Every Day,7
Every Day,Some Days,Most Days,Most Days,6
Never,Never,Some Days,Some Days,7
Every Day,Most Days,Every Day,Never,6
Never,Most Days,Some Days,Some Days,6
Never,Never,Never,Every Day,7
Never,Never,Never,Some Days,6
Every Day,Every Day,Every Day,Some Days,6
Never,Some Days,Some Days,Some Days,6
Never,Some Days,Never,Some Days,8
Some Days,Some Days,Some Days,Most Days,7
Never,Never,Most Days,Most Days,6
Never,Never,Never,Most Days,10
Never,Some Days,Some Days,Some Days,4
Never,Never,Never,Never,7
Never,Some Days,Some Days,Some Days,6
Never,Never,Some Days,Most Days,8
Never,Never,Never,Never,5
Never,Never,Never,Never,7
Never,Never,Never,Every Day,8
Never,Never,Never,Every Day,5
Never,Never,Never,Most Days,7
Never,Never,Never,Every Day,8
Never,Every Day,Never,Most Days,10
Never,Never,Never,Every Day,7
Never,Most Days,Never,Some Days,6
Never,Never,Never,Every Day,7
Never,Never,Every Day,Some Days,7
Never,Some Days,Never,Some Days,7
Never,Never,Some Days,Most Days,7
Never,Never,Never,Most Days,8
Never,Some Days,Some Days,Some Days,8
Every Day,Every Day,Every Day,Never,6
Never,Never,Never,Most Days,6
Never,Some Days,Every Day,Never,6
Some Days,Some Days,Some Days,Some Days,6
Never,Never,Some Days,Most Days,7
Never,Never,Some Days,Most Days,7
Never,Some Days,Some Days,Most Days,6
Never,Never,Never,Most Days,8
Never,Never,Most Days,Some Days,8
Every Day,Some Days,Some Days,Some Days,7
Never,Some Days,Some Days,Some Days,6
Never,Never,Never,Most Days,7
Some Days,Some Days,Never,Some Days,7
Never,Never,Never,Every Day,6
Never,Some Days,Some Days,Most Days,8
Never,Most Days,Most Days,Some Days,7
Never,Most Days,Some Days,Some Days,6
Never,Never,Some Days,Some Days,7
Never,Some Days,Never,Some Days,7
Never,Never,Never,Most Days,7
Never,Never,Never,Most Days,7
Never,Never,Some Days,Most Days,7
Never,Never,Some Days,Most Days,8
Never,Some Days,Some Days,Most Days,7
Never,Never,Some Days,Most Days,6
Most Days,Never,Never,Most Days,9
Never,Some Days,Most Days,Most Days,7
Never,Some Days,Some Days,Most Days,7
Never,Never,Never,Every Day,7
Never,Most Days,Some Days,Never,6
Never,Some Days,Some Days,Some Days,6
Never,Some Days,Never,Some Days,6
Every Day,Some Days,Some Days,Most Days,8
Never,Some Days,Some Days,Some Days,7
Never,Never,Never,Every Day,9
Never,Never,Never,Most Days,8
Never,Never,Some Days,Some Days,7
Never,Some Days,Some Days,Some Days,7
Never,Never,Some Days,Most Days,6
Never,Some Days,Some Days,Some Days,6
Never,Never,Never,Most Days,8
Never,Never,Never,Most Days,7
Never,Some Days,Some Days,Most Days,7
Never,Never,Never,Every Day,8
Never,Most Days,Every Day,Every Day,8
Never,Never,Never,Every Day,7
Never,Some Days,Some Days,Every Day,6
Every Day,Some Days,Every Day,Never,12
Every Day,Some Days,Some Days,Most Days,10
Never,Never,Never,Most Days,7
Never,Never,Some Days,Most Days,8
Never,Never,Some Days,Every Day,6
Never,Some Days,Never,Some Days,8
Never,Some Days,Some Days,Some Days,4
Never,Never,Never,Most Days,7
Never,Some Days,Every Day,Some Days,7
Never,Some Days,Most Days,Some Days,2
Never,Some Days,Never,Some Days,8
Never,Some Days,Most Days,Some Days,4
Never,Some Days,Some Days,Some Days,8
Never,Most Days,Some Days,Some Days,7
Never,Most Days,Never,Most Days,5
Never,Some Days,Never,Most Days,7
Never,Some Days,Some Days,Never,7
Never,Never,Never,Most Days,8
Never,Some Days,Never,Some Days,7
Every Day,Some Days,Some Days,Every Day,7
Never,Never,Never,Most Days,7
Never,Every Day,Most Days,Never,4
Never,Never,Never,Every Day,7
Never,Every Day,Most Days,Some Days,7
Never,Never,Never,Most Days,6
Every Day,Some Days,Some Days,Some Days,5
Never,Never,Never,Every Day,8
Never,Some Days,Most Days,Some Days,7
Never,Some Days,Some Days,Some Days,6
Never,Never,Never,Most Days,8
Never,Never,Some Days,Most Days,6
Never,Some Days,Never,Some Days,7
Never,Never,Never,Every Day,8
Never,Some Days,Some Days,Some Days,6
Most Days,Every Day,Every Day,Some Days,6
Some Days,Some Days,Some Days,Some Days,6
Never,Never,Some Days,Most Days,8
Never,Never,Never,Most Days,7
Never,Never,Never,Every Day,8
Never,Every Day,Some Days,Some Days,6
Never,Never,Never,Most Days,7
Never,Every Day,Never,Most Days,6
Never,Never,Never,Every Day,8
Never,Never,Some Days,Most Days,8
Never,Most Days,Most Days,Never,4
Never,Some Days,Never,Every Day,7
Most Days,Never,Some Days,Most Days,8
Never,Every Day,Every Day,Most Days,6
Never,Every Day,Every Day,Never,5
Every Day,Every Day,Every Day,Never,6
Never,Never,Some Days,Most Days,5
Never,Never,Never,Never,4
Never,Never,Some Days,Most Days,9
Never,Never,Never,Most Days,8
Every Day,Some Days,Some Days,Some Days,7
Never,Never,Never,Every Day,10
Never,Some Days,Some Days,Some Days,10
Never,Every Day,Never,Most Days,8
Never,Some Days,Some Days,Most Days,6
Never,Never,Most Days,Some Days,6
Never,Never,Never,Most Days,8
Some Days,Some Days,Some Days,Most Days,7
Never,Never,Some Days,Most Days,9
Never,Never,Never,Every Day,6
Never,Most Days,Never,Most Days,6
Never,Never,Never,Most Days,8
Never,Never,Some Days,Most Days,8
Never,Never,Some Days,Every Day,6
Never,Some Days,Some Days,Most Days,7
Every Day,Most Days,Never,Most Days,10
Never,Most Days,Never,Some Days,6
Never,Some Days,Never,Most Days,9
Never,Some Days,Never,Most Days,8
Never,Never,Some Days,Some Days,8
Never,Never,Some Days,Most Days,7
Never,Most Days,Most Days,Never,7
Never,Most Days,Never,Some Days,6
Never,Never,Never,Every Day,8
Never,Never,Never,Never,8
Never,Never,Some Days,Most Days,7
Never,Some Days,Some Days,Some Days,6
Most Days,Some Days,Every Day,Most Days,8
Never,Never,Never,Some Days,6
Never,Never,Never,Every Day,8
Never,Never,Some Days,Some Days,6
Never,Some Days,Never,Some Days,10
Never,Some Days,Some Days,Some Days,6
Never,Some Days,Never,Every Day,9
Never,Never,Never,Every Day,7
Never,Some Days,Some Days,Most Days,9
Every Day,Most Days,Most Days,Never,6
Never,Some Days,Some Days,Every Day,8
Never,Every Day,Never,Some Days,6
Never,Some Days,Some Days,Some Days,8
Never,Never,Some Days,Some Days,7
Never,Most Days,Some Days,Every Day,7
Never,Never,Never,Most Days,8
Every Day,Never,Never,Most Days,8
Never,Never,Some Days,Some Days,8
Some Days,Most Days,Some Days,Some Days,7
Never,Never,Never,Every Day,7
Every Day,Never,Never,Every Day,8
Never,Never,Never,Every Day,8
Some Days,Never,Some Days,Most Days,7
Never,Never,Never,Every Day,8
Never,Some Days,Never,Most Days,7
Every Day,Most Days,Some Days,Most Days,9
Never,Some Days,Some Days,Some Days,6
Some Days,Most Days,Never,Most Days,5
Never,Never,Never,Some Days,7
Never,Some Days,Most Days,Some Days,7
Never,Never,Never,Some Days,5
Every Day,Some Days,Never,Most Days,8
Never,Never,Never,Never,8
Never,Never,Never,Most Days,8
Never,Never,Never,Never,9
Never,Never,Never,Most Days,8
Some Days,Some Days,Every Day,Some Days,5
Never,Never,Never,Most Days,7
Never,Never,Some Days,Most Days,7
Never,Never,Some Days,Some Days,6
Never,Never,Every Day,Never,6
Never,Never,Never,Most Days,6
Never,Never,Never,Some Days,6
Some Days,Some Days,Some Days,Some Days,7
Never,Never,Never,Most Days,7
Never,Never,Never,Most Days,8
Never,Never,Never,Most Days,6
Never,Never,Never,Most Days,7
Never,Never,Never,Some Days,7
Never,Never,Never,Every Day,7
Never,Never,Never,Most Days,5
Never,Never,Never,Some Days,7
Never,Every Day,Every Day,Never,1
Never,Never,Never,Most Days,9
Never,Most Days,Most Days,Every Day,6
Some Days,Most Days,Some Days,Some Days,7
Some Days,Some Days,Some Days,Most Days,7
Never,Never,Some Days,Some Days,5
Never,Never,Never,Every Day,7
Never,Never,Never,Most Days,8
Never,Some Days,Most Days,Most Days,8
Never,Some Days,Some Days,Some Days,6
Every Day,Some Days,Most Days,Some Days,7
Never,Some Days,Never,Most Days,7
Never,Most Days,Some Days,Most Days,7
Never,Never,Never,Every Day,8
Never,Never,Never,Every Day,8
Never,Some Days,Never,Most Days,9
Never,Never,Never,Most Days,7
Never,Never,Never,Most Days,8
Never,Never,Never,Most Days,7
Never,Most Days,Most Days,Every Day,8
Never,Never,Never,Every Day,8
Never,Never,Never,Every Day,8
Never,Never,Never,Never,8
Never,Some Days,Some Days,Some Days,7
Never,Never,Some Days,Some Days,6
Never,Some Days,Some Days,Most Days,8
Never,Never,Never,Most Days,7
Never,Never,Some Days,Some Days,6
Never,Never,Never,Most Days,8
Never,Never,Never,Every Day,7
Never,Some Days,Some Days,Some Days,8
Never,Never,Never,Some Days,7
Never,Never,Never,Some Days,7
Never,Never,Never,Every Day,7
Never,Never,Every Day,Most Days,7
Never,Never,Never,Some Days,7
Never,Some Days,Some Days,Every Day,9
Never,Some Days,Some Days,Every Day,9
Never,Never,Never,Every Day,8
Never,Some Days,Most Days,Some Days,7
Never,Never,Never,Most Days,7
Never,Never,Never,Most Days,6
Never,Never,Never,Every Day,7
Never,Some Days,Some Days,Never,6
Never,Never,Never,Every Day,8
Most Days,Some Days,Some Days,Most Days,7
Some Days,Every Day,Every Day,Some Days,7
Never,Never,Never,Every Day,8
Never,Never,Never,Most Days,7
Never,Some Days,Some Days,Most Days,7
Never,Never,Most Days,Most Days,5
Never,Most Days,Most Days,Every Day,5
Never,Never,Never,Some Days,6
Never,Never,Some Days,Most Days,9
Never,Never,Some Days,Most Days,8
Most Days,Every Day,Some Days,Most Days,6
Never,Never,Some Days,Every Day,7
Never,Some Days,Never,Most Days,7
Never,Some Days,Some Days,Some Days,6
Never,Most Days,Every Day,Some Days,7
Never,Most Days,Every Day,Never,5
Some Days,Some Days,Some Days,Some Days,6
Some Days,Some Days,Some Days,Some Days,7
Never,Never,Never,Most Days,6
Every Day,Every Day,Every Day,Never,5
Never,Most Days,Some Days,Some Days,7
Never,Never,Some Days,Most Days,7
Never,Never,Never,Most Days,8
Some Days,Never,Some Days,Every Day,8
Never,Most Days,Never,Most Days,8
Never,Every Day,Some Days,Some Days,6
Never,Never,Never,Most Days,6
Never,Never,Never,Every Day,8
Never,Some Days,Never,Never,6
Never,Some Days,Some Days,Most Days,7
Never,Every Day,Never,Most Days,8
Never,Some Days,Never,Some Days,6
Never,Never,Some Days,Some Days,7
Never,Some Days,Never,Some Days,7
Never,Never,Never,Every Day,9
Never,Some Days,Some Days,Some Days,7
Never,Never,Some Days,Most Days,7
Never,Never,Most Days,Some Days,6
Never,Never,Some Days,Every Day,6
Never,Most Days,Most Days,Most Days,6
Never,Some Days,Some Days,Most Days,6
Every Day,Never,Never,Every Day,7
Never,Some Days,Some Days,Most Days,8
Every Day,Never,Some Days,Some Days,5
Never,Never,Never,Most Days,8
Never,Never,Never,Some Days,7
Never,Never,Never,Most Days,7
Never,Some Days,Some Days,Most Days,7
Never,Never,Never,Some Days,7
Never,Some Days,Some Days,Most Days,7
Some Days,Never,Never,Most Days,10
Never,Never,Never,Most Days,10
Never,Never,Never,Every Day,8
Some Days,Never,Some Days,Most Days,7
Never,Never,Never,Every Day,7
Never,Never,Some Days,Most Days,8
Every Day,Every Day,Every Day,Never,6
Never,Never,Never,Some Days,7
Never,Never,Never,Most Days,8
Never,Some Days,Never,Most Days,7
Never,Never,Some Days,Never,7
Never,Never,Never,Every Day,8
Never,Some Days,Some Days,Most Days,8
Never,Some Days,Some Days,Most Days,6
Never,Some Days,Never,Most Days,8
Some Days,Some Days,Some Days,Some Days,8
Never,Never,Never,Some Days,7
Some Days,Some Days,Most Days,Some Days,4
Never,Never,Never,Most Days,8
Never,Some Days,Some Days,Every Day,8
Never,Some Days,Some Days,Most Days,6
Never,Most Days,Most Days,Most Days,5
Never,Never,Never,Some Days,6
Never,Every Day,Never,Some Days,8
Never,Never,Never,Most Days,8
Never,Never,Never,Every Day,8
Most Days,Some Days,Some Days,Most Days,8
Never,Some Days,Some Days,Some Days,8
Never,Some Days,Some Days,Some Days,7
Never,Never,Some Days,Most Days,7
Never,Never,Some Days,Some Days,5
Never,Most Days,Most Days,Never,6
Never,Every Day,Never,Most Days,6
Never,Every Day,Every Day,Never,7
Never,Never,Never,Most Days,7
Never,Never,Never,Every Day,8
Never,Never,Never,Most Days,7
Never,Never,Never,Most Days,7
Never,Some Days,Some Days,Most Days,7
Never,Every Day,Most Days,Some Days,8
Every Day,Every Day,Every Day,Some Days,6
Never,Some Days,Every Day,Never,5
Never,Never,Never,Most Days,6
Never,Never,Never,Some Days,7
Never,Never,Never,Every Day,7
Never,Some Days,Some Days,Some Days,5
Most Days,Most Days,Some Days,Some Days,5
Never,Never,Never,Every Day,7
Never,Never,Some Days,Most Days,9
Never,Never,Never,Some Days,7
Never,Never,Never,Every Day,11
Never,Never,Never,Every Day,6
Some Days,Every Day,Every Day,Never,5
Never,Never,Never,Most Days,7
Never,Never,Never,Every Day,8
Never,Never,Never,Every Day,10
Never,Some Days,Some Days,Some Days,9
Never,Some Days,Some Days,Some Days,7
Never,Never,Never,Most Days,8
Never,Never,Some Days,Most Days,7
Never,Every Day,Some Days,Never,6
Never,Never,Never,Some Days,6
Never,Never,Never,Most Days,8
Never,Never,Never,Every Day,5
Never,Some Days,Some Days,Some Days,6
Some Days,Never,Some Days,Most Days,8
Never,Some Days,Some Days,Some Days,7
Never,Some Days,Some Days,Some Days,7
Never,Never,Some Days,Some Days,6
Some Days,Some Days,Most Days,Some Days,8
Never,Never,Never,Some Days,7
Most Days,Some Days,Never,Most Days,7
Every Day,Never,Some Days,Most Days,7
Some Days,Some Days,Never,Some Days,7
Never,Never,Never,Most Days,8
Never,Never,Never,Most Days,6
Never,Some Days,Some Days,Some Days,7
Never,Never,Some Days,Some Days,6
Some Days,Some Days,Some Days,Never,6
Never,Most Days,Some Days,Some Days,4
Never,Most Days,Most Days,Never,8
Never,Some Days,Some Days,Most Days,7
Some Days,Some Days,Some Days,Most Days,8
Never,Some Days,Never,Some Days,8
Never,Never,Never,Most Days,7
Never,Some Days,Never,Most Days,7
Every Day,Most Days,Some Days,Most Days,6
Some Days,Never,Never,Some Days,7
Never,Some Days,Some Days,Most Days,6
Some Days,Never,Some Days,Every Day,7
Every Day,Every Day,Every Day,Most Days,8
Never,Some Days,Some Days,Some Days,6
Every Day,Every Day,Some Days,Some Days,8
Never,Some Days,Some Days,Most Days,8
Never,Never,Never,Most Days,7
Never,Some Days,Some Days,Some Days,6
Never,Some Days,Some Days,Some Days,8
Never,Never,Never,Most Days,6
Never,Never,Never,Never,7
Never,Never,Never,Every Day,8
Never,Never,Never,Never,7
Never,Never,Never,Most Days,8
Most Days,Some Days,Some Days,Some Days,7
Never,Never,Never,Every Day,8
Never,Never,Never,Every Day,8
Every Day,Most Days,Every Day,Some Days,5
Never,Never,Never,Most Days,12
Never,Never,Never,Most Days,6
Never,Never,Some Days,Most Days,5
Never,Some Days,Some Days,Most Days,8
Some Days,Some Days,Some Days,Most Days,7
Never,Never,Never,Some Days,6
Never,Never,Never,Every Day,9
Never,Some Days,Some Days,Some Days,7
Never,Every Day,Every Day,Some Days,7
Some Days,Some Days,Some Days,Most Days,8
Never,Never,Never,Some Days,6
Some Days,Most Days,Most Days,Some Days,6
Every Day,Never,Never,Some Days,7
Never,Never,Some Days,Every Day,6
Never,Never,Never,Most Days,8
Most Days,Some Days,Never,Some Days,7
Never,Never,Some Days,Most Days,8
Never,Never,Never,Most Days,8
Never,Some Days,Some Days,Some Days,12
Some Days,Some Days,Some Days,Most Days,8
Never,Some Days,Some Days,Most Days,8
Never,Never,Some Days,Most Days,8
Every Day,Some Days,Never,Most Days,7
Every Day,Most Days,Never,Some Days,9
Never,Never,Some Days,Every Day,6
Every Day,Some Days,Every Day,Never,5
Never,Never,Never,Most Days,7
Never,Some Days,Some Days,Some Days,6
Never,Some Days,Some Days,Some Days,8
Never,Most Days,Never,Most Days,6
Never,Never,Some Days,Most Days,6
Never,Most Days,Some Days,Never,9
Never,Never,Never,Every Day,8
Never,Some Days,Every Day,Most Days,8
Never,Every Day,Every Day,Most Days,6
Never,Some Days,Never,Most Days,8
Never,Some Days,Some Days,Most Days,7
Never,Some Days,Never,Most Days,6
Every Day,Every Day,Most Days,Never,5
Never,Some Days,Most Days,Some Days,11
Some Days,Most Days,Some Days,Most Days,6
Never,Never,Some Days,Most Days,7
Every Day,Most Days,Most Days,Some Days,7
Never,Never,Never,Every Day,7
Never,Never,Never,Most Days,7
Never,Never,Never,Every Day,8
Never,Never,Some Days,Some Days,8
Never,Some Days,Some Days,Some Days,6
Never,Never,Never,Never,8
Never,Some Days,Most Days,Some Days,6
Never,Some Days,Never,Most Days,6
Never,Never,Some Days,Some Days,8
Never,Never,Never,Every Day,8
Never,Never,Never,Most Days,6
Never,Some Days,Never,Some Days,6
Never,Never,Never,Most Days,7
Never,Some Days,Some Days,Most Days,8
Every Day,Some Days,Never,Some Days,5
Never,Every Day,Never,Most Days,5
Never,Never,Never,Every Day,7
Never,Never,Never,Most Days,7
Never,Never,Never,Most Days,8
Never,Some Days,Some Days,Some Days,6
Never,Never,Never,Every Day,7
Never,Some Days,Some Days,Most Days,8
Some Days,Never,Never,Most Days,8
Every Day,Most Days,Some Days,Never,6
Never,Never,Never,Most Days,6
Never,Never,Most Days,Most Days,6
Never,Never,Never,Every Day,8
Never,Every Day,Some Days,Some Days,5
Never,Never,Never,Some Days,8
Never,Some Days,Some Days,Some Days,6
Every Day,Never,Never,Every Day,7
Never,Every Day,Never,Most Days,8
Every Day,Never,Never,Most Days,8
Never,Never,Never,Most Days,8
Never,Never,Never,Most Days,8
Never,Never,Never,Every Day,8
Never,Every Day,Some Days,Some Days,8
Never,Never,Never,Most Days,9
Some Days,Never,Some Days,Most Days,8
Never,Never,Never,Every Day,6
Never,Most Days,Some Days,Most Days,7
Never,Some Days,Never,Most Days,7
Never,Most Days,Never,Some Days,4
Never,Never,Never,Every Day,8
Most Days,Some Days,Never,Never,8
Some Days,Most Days,Never,Most Days,6
Never,Some Days,Never,Most Days,6
Never,Some Days,Some Days,Most Days,7
Never,Some Days,Some Days,Most Days,6
Some Days,Some Days,Some Days,Most Days,8
Never,Never,Some Days,Every Day,8
Never,Never,Some Days,Some Days,6
Never,Never,Never,Never,5
Never,Most Days,Never,Never,6
Most Days,Never,Never,Most Days,8
Never,Most Days,Some Days,Some Days,7
Some Days,Never,Every Day,Some Days,6
Never,Some Days,Some Days,Most Days,8
Never,Some Days,Most Days,Most Days,8
Never,Never,Never,Most Days,6
Never,Never,Some Days,Some Days,7
Some Days,Never,Some Days,Most Days,8
Never,Never,Some Days,Some Days,7
Every Day,Some Days,Never,Some Days,5
Never,Some Days,Some Days,Most Days,7
Never,Never,Never,Most Days,10
Never,Some Days,Some Days,Some Days,7
Never,Never,Never,Most Days,8
Never,Never,Never,Some Days,4
Never,Most Days,Some Days,Most Days,6
Never,Never,Never,Most Days,7
Never,Some Days,Some Days,Some Days,5
Some Days,Some Days,Never,Some Days,4
Never,Some Days,Never,Some Days,6
Never,Some Days,Never,Most Days,7
Never,Some Days,Some Days,Some Days,6
Never,Never,Never,Most Days,7
Some Days,Most Days,Most Days,Most Days,5
Never,Never,Never,Every Day,7
Never,Some Days,Some Days,Some Days,8
Never,Some Days,Some Days,Some Days,8
Never,Never,Never,Most Days,7
Some Days,Every Day,Never,Most Days,8
Never,Never,Never,Most Days,7
Never,Never,Never,Most Days,9
Never,Most Days,Never,Most Days,6
Never,Never,Never,Most Days,8
Never,Some Days,Some Days,Most Days,6
Never,Never,Never,Every Day,7
Never,Never,Never,Every Day,5
Never,Most Days,Never,Every Day,8
Never,Never,Never,Every Day,8
Every Day,Some Days,Most Days,Some Days,7
Every Day,Some Days,Never,Most Days,7
Never,Never,Some Days,Most Days,6
Never,Never,Never,Some Days,8
Never,Every Day,Never,Most Days,7
Never,Never,Never,Most Days,8
Some Days,Some Days,Some Days,Most Days,6
Never,Never,Some Days,Most Days,7
Never,Some Days,Some Days,Most Days,7
Never,Never,Never,Never,6
Never,Some Days,Some Days,Most Days,8
Never,Never,Some Days,Most Days,9
Never,Some Days,Some Days,Most Days,7
Every Day,Some Days,Some Days,Most Days,8
Every Day,Never,Some Days,Most Days,7
Never,Never,Never,Every Day,9
Never,Never,Never,Every Day,8
Never,Never,Never,Some Days,7
Never,Some Days,Never,Some Days,7
Never,Some Days,Never,Every Day,7
Never,Most Days,Some Days,Some Days,7
Never,Most Days,Some Days,Some Days,5
Never,Never,Never,Most Days,7
Never,Some Days,Never,Most Days,6
Never,Never,Never,Every Day,7
Never,Never,Never,Some Days,7
Never,Some Days,Never,Most Days,7
Never,Never,Never,Never,4
Never,Never,Some Days,Most Days,7
Never,Never,Some Days,Most Days,8
Never,Some Days,Never,Some Days,8
Never,Never,Never,Most Days,8
Never,Never,Never,Most Days,7
Never,Never,Never,Most Days,8
Never,Some Days,Some Days,Some Days,8
Never,Never,Never,Most Days,10
Never,Never,Some Days,Some Days,5
Never,Never,Never,Every Day,9
Never,Some Days,Some Days,Most Days,7
Never,Some Days,Some Days,Most Days,6
Never,Some Days,Some Days,Most Days,7
Every Day,Some Days,Some Days,Some Days,8
Never,Never,Some Days,Most Days,7
Never,Never,Never,Most Days,7
Never,Never,Never,Every Day,7
Never,Some Days,Some Days,Never,7
Never,Never,Some Days,Most Days,6
Never,Some Days,Some Days,Most Days,8
Never,Never,Some Days,Most Days,7
Never,Never,Some Days,Most Days,8
Never,Some Days,Some Days,Most Days,6
Never,Some Days,Never,Most Days,7
Never,Never,Never,Never,8
Never,Most Days,Never,Some Days,7
Never,Never,Never,Every Day,5
Most Days,Most Days,Most Days,Most Days,8
Never,Never,Never,Every Day,7
Never,Most Days,Never,Most Days,7
Some Days,Some Days,Most Days,Most Days,7
Never,Never,Never,Never,7
Never,Some Days,Some Days,Some Days,6
Never,Never,Never,Every Day,7
Never,Some Days,Some Days,Some Days,9
Some Days,Never,Never,Most Days,8
Never,Never,Some Days,Most Days,8
Never,Never,Never,Most Days,6
Never,Some Days,Some Days,Most Days,7
Never,Never,Never,Most Days,7
Never,Every Day,Never,Most Days,8
Never,Every Day,Never,Every Day,8
Never,Some Days,Never,Most Days,8
Never,Some Days,Some Days,Every Day,5
Every Day,Most Days,Most Days,Never,7
Every Day,Some Days,Some Days,Most Days,6
Never,Some Days,Never,Every Day,8
Never,Never,Never,Most Days,8
Never,Some Days,Never,Most Days,7
Never,Never,Never,Most Days,8
Never,Some Days,Never,Most Days,6
Never,Every Day,Never,Most Days,9
Never,Never,Never,Never,6
Never,Never,Never,Every Day,7
Never,Never,Never,Most Days,8
Never,Never,Never,Every Day,8
Never,Never,Never,Most Days,8
Never,Never,Never,Every Day,8
Never,Some Days,Some Days,Most Days,6
Every Day,Never,Never,Most Days,8
Never,Never,Never,Some Days,6
Some Days,Never,Some Days,Some Days,7
Never,Never,Never,Most Days,7
Never,Never,Never,Most Days,7
Every Day,Most Days,Most Days,Some Days,6
Never,Some Days,Some Days,Some Days,6
Never,Never,Never,Most Days,8
Never,Never,Some Days,Never,6
Never,Never,Never,Most Days,8
Never,Never,Never,Most Days,9
Never,Never,Every Day,Most Days,7
Never,Some Days,Never,Most Days,7
Never,Never,Never,Never,7
Some Days,Never,Never,Never,4
Never,Most Days,Some Days,Most Days,7
Never,Some Days,Never,Most Days,9
Never,Most Days,Most Days,Some Days,10
Never,Some Days,Some Days,Some Days,6
Never,Most Days,Most Days,Never,3
Never,Never,Never,Never,6
Never,Never,Some Days,Most Days,7
Never,Never,Never,Every Day,6
Never,Every Day,Most Days,Some Days,7
Never,Never,Never,Some Days,8
Never,Never,Never,Most Days,7
Never,Some Days,Some Days,Most Days,7
Never,Never,Never,Never,7
Never,Never,Never,Every Day,7
Every Day,Never,Every Day,Most Days,8
Never,Never,Never,Every Day,9
Never,Some Days,Some Days,Most Days,8
Never,Never,Never,Every Day,8
Never,Some Days,Some Days,Some Days,8
Every Day,Most Days,Most Days,Some Days,2
Never,Never,Never,Some Days,8
Never,Never,Never,Every Day,7
Never,Never,Some Days,Most Days,6
Never,Every Day,Some Days,Never,6
Never,Never,Never,Every Day,8
Never,Some Days,Some Days,Some Days,6
Never,Some Days,Some Days,Most Days,6
Never,Never,Never,Most Days,8
Never,Never,Never,Some Days,8
Never,Never,Never,Some Days,7
Never,Never,Never,Most Days,6
Never,Never,Never,Most Days,8
Every Day,Every Day,Most Days,Some Days,8
Never,Some Days,Never,Most Days,7
Never,Never,Some Days,Every Day,7
Never,Some Days,Never,Most Days,8
Never,Never,Never,Most Days,5
Never,Some Days,Some Days,Most Days,7
Never,Never,Never,Every Day,6
Never,Never,Never,Most Days,8
Never,Never,Never,Most Days,8
Never,Never,Never,Most Days,6
Every Day,Every Day,Never,Most Days,8
Every Day,Most Days,Some Days,Some Days,6
Never,Never,Never,Most Days,7
Never,Some Days,Some Days,Most Days,7
Never,Never,Never,Never,6
Never,Some Days,Some Days,Some Days,7
Some Days,Most Days,Some Days,Some Days,5
Every Day,Most Days,Most Days,Some Days,4
Every Day,Every Day,Most Days,Some Days,14
Never,Some Days,Some Days,Some Days,7
Never,Never,Some Days,Most Days,8
Never,Some Days,Never,Most Days,8
Never,Every Day,Every Day,Some Days,6
Every Day,Never,Some Days,Some Days,8
Most Days,Most Days,Some Days,Some Days,7
Every Day,Never,Every Day,Most Days,7
Never,Never,Never,Every Day,7
Every Day,Some Days,Some Days,Most Days,8
Never,Some Days,Some Days,Most Days,10
Never,Never,Some Days,Most Days,8
Never,Never,Some Days,Some Days,7
Never,Some Days,Some Days,Some Days,5
Never,Never,Never,Some Days,4
Some Days,Most Days,Most Days,Some Days,6
Never,Some Days,Never,Most Days,8
Never,Most Days,Most Days,Some Days,8
Never,Never,Never,Most Days,6
Never,Never,Never,Most Days,8
Never,Some Days,Some Days,Most Days,7
Some Days,Never,Most Days,Some Days,6
Never,Some Days,Some Days,Most Days,8
Never,Some Days,Some Days,Most Days,6
Never,Never,Some Days,Some Days,6
Never,Some Days,Never,Some Days,6
Never,Never,Never,Most Days,8
Never,Some Days,Most Days,Some Days,7
Never,Never,Never,Most Days,10
Some Days,Some Days,Some Days,Some Days,8
Some Days,Every Day,Most Days,Some Days,6
Most Days,Some Days,Some Days,Some Days,7
Some Days,Never,Some Days,Most Days,8
Some Days,Most Days,Most Days,Never,7
Never,Never,Never,Some Days,7
Never,Never,Never,Never,7
Never,Never,Never,Some Days,7
Never,Most Days,Some Days,Most Days,7
Never,Every Day,Every Day,Every Day,8
Never,Some Days,Some Days,Never,5
Never,Never,Never,Some Days,6
Never,Never,Never,Most Days,8
Never,Never,Never,Most Days,8
Never,Never,Some Days,Most Days,6
Never,Some Days,Some Days,Most Days,7
Never,Never,Never,Most Days,8
Some Days,Never,Some Days,Most Days,7
Never,Never,Some Days,Most Days,7
Never,Never,Never,Most Days,7
Never,Never,Never,Most Days,8
Some Days,Never,Never,Some Days,7
Never,Never,Never,Some Days,10
Never,Never,Every Day,Never,6
Every Day,Never,Some Days,Most Days,7
Never,Never,Never,Most Days,8
Never,Never,Never,Every Day,7
Never,Never,Never,Every Day,10
Never,Some Days,Never,Some Days,6
Some Days,Some Days,Every Day,Some Days,7
Never,Some Days,Some Days,Most Days,7
Every Day,Never,Never,Most Days,8
Never,Some Days,Most Days,Some Days,6
Never,Every Day,Every Day,Never,4
Never,Most Days,Some Days,Most Days,8
Never,Never,Some Days,Some Days,6
Most Days,Most Days,Never,Some Days,7
Never,Most Days,Some Days,Some Days,7
Never,Never,Never,Every Day,7
Never,Some Days,Never,Most Days,7
Never,Some Days,Never,Most Days,8
Never,Never,Never,Most Days,6
Never,Some Days,Some Days,Some Days,7
Never,Never,Never,Every Day,7
Never,Never,Never,Most Days,8
Never,Never,Some Days,Some Days,6
Never,Never,Never,Most Days,7
Every Day,Most Days,Never,Every Day,5
Never,Most Days,Some Days,Most Days,7
Never,Never,Never,Most Days,6
Never,Never,Never,Most Days,7
Every Day,Most Days,Never,Every Day,8
Never,Never,Some Days,Most Days,7
Every Day,Every Day,Never,Most Days,10
Never,Every Day,Every Day,Never,3
Every Day,Every Day,Every Day,Most Days,8
Never,Some Days,Some Days,Never,10
Every Day,Most Days,Every Day,Never,5
Never,Every Day,Some Days,Some Days,3
Never,Every Day,Every Day,Never,8
Most Days,Never,Some Days,Most Days,8
Never,Some Days,Never,Most Days,6
Never,Some Days,Some Days,Most Days,7
Never,Never,Never,Most Days,7
Never,Some Days,Some Days,Most Days,7
Never,Some Days,Never,Most Days,7
Never,Most Days,Some Days,Some Days,6
Never,Never,Some Days,Most Days,8
Never,Some Days,Some Days,Never,8
Never,Never,Most Days,Every Day,8
Never,Never,Every Day,Some Days,9
Never,Some Days,Some Days,Most Days,7
Never,Never,Never,Most Days,7
Some Days,Never,Never,Most Days,8
Every Day,Most Days,Some Days,Some Days,6
Never,Most Days,Some Days,Some Days,7
Never,Never,Never,Every Day,10
Never,Most Days,Never,Some Days,8
Never,Every Day,Some Days,Some Days,7
Never,Never,Never,Most Days,8
Never,Every Day,Some Days,Some Days,6
Every Day,Some Days,Most Days,Some Days,9
Every Day,Never,Some Days,Some Days,8
Never,Some Days,Most Days,Never,8
Never,Never,Never,Every Day,7
Never,Some Days,Never,Every Day,8
Never,Never,Some Days,Some Days,7
Never,Never,Never,Most Days,7
Never,Most Days,Most Days,Some Days,6
Never,Some Days,Never,Most Days,8
Never,Never,Every Day,Some Days,8
Never,Never,Never,Most Days,7
Every Day,Every Day,Some Days,Some Days,5
Some Days,Some Days,Some Days,Never,18
Never,Every Day,Never,Never,7
Never,Some Days,Never,Most Days,7
Never,Some Days,Never,Some Days,8
Never,Never,Never,Some Days,8
Some Days,Every Day,Never,Never,10
Never,Some Days,Some Days,Most Days,8
Every Day,Every Day,Every Day,Most Days,9
Never,Some Days,Never,Most Days,8
Some Days,Some Days,Never,Some Days,6
Never,Some Days,Some Days,Some Days,8
Some Days,Most Days,Some Days,Some Days,8
Some Days,Never,Most Days,Never,7
Never,Never,Never,Every Day,7
Never,Most Days,Some Days,Some Days,5
Never,Some Days,Some Days,Some Days,8
Never,Some Days,Never,Most Days,7
Never,Never,Never,Every Day,7
Never,Never,Some Days,Most Days,8
Most Days,Most Days,Some Days,Some Days,6
Never,Some Days,Every Day,Some Days,6
Never,Some Days,Some Days,Most Days,6
Never,Never,Never,Most Days,7
Never,Some Days,Never,Every Day,8
Never,Never,Never,Every Day,9
Never,Never,Never,Most Days,6
Some Days,Some Days,Some Days,Most Days,7
Every Day,Some Days,Every Day,Most Days,10
Never,Most Days,Some Days,Some Days,6
Never,Never,Never,Every Day,6
Never,Some Days,Never,Some Days,9
Some Days,Most Days,Never,Most Days,7
Every Day,Never,Some Days,Most Days,8
Never,Never,Some Days,Some Days,7
Some Days,Every Day,Some Days,Some Days,7
Never,Never,Some Days,Every Day,8
Never,Never,Never,Every Day,8
Never,Never,Never,Most Days,7
Never,Most Days,Every Day,Every Day,5
Never,Some Days,Some Days,Most Days,8
Never,Never,Never,Most Days,8
Never,Some Days,Never,Most Days,6
Never,Some Days,Never,Most Days,8
Never,Some Days,Some Days,Most Days,8
Never,Most Days,Never,Some Days,4
Never,Never,Some Days,Never,6
Never,Most Days,Most Days,Some Days,8
Never,Some Days,Some Days,Every Day,9
Never,Some Days,Some Days,Never,7
Never,Some Days,Some Days,Some Days,7
Some Days,Some Days,Some Days,Some Days,7
Some Days,Most Days,Most Days,Some Days,7
Never,Never,Some Days,Never,7
Never,Most Days,Most Days,Some Days,7
Most Days,Some Days,Some Days,Most Days,8
Never,Some Days,Some Days,Most Days,8
Most Days,Some Days,Some Days,Most Days,7
Never,Some Days,Some Days,Some Days,6
Never,Never,Never,Every Day,7
Every Day,Some Days,Some Days,Most Days,7
Never,Most Days,Some Days,Some Days,6
Never,Most Days,Most Days,Some Days,7
Some Days,Some Days,Some Days,Some Days,7
Never,Some Days,Some Days,Never,6
Never,Never,Never,Most Days,8
Never,Some Days,Some Days,Some Days,6
Never,Every Day,Some Days,Most Days,7
Never,Never,Never,Every Day,7
Never,Every Day,Most Days,Some Days,5
Never,Some Days,Some Days,Some Days,7
Never,Some Days,Some Days,Some Days,7
Never,Most Days,Some Days,Most Days,8
Never,Most Days,Some Days,Most Days,7
Never,Some Days,Some Days,Some Days,6
Never,Most Days,Some Days,Some Days,7
Never,Some Days,Some Days,Some Days,6
Never,Some Days,Never,Most Days,6
Never,Never,Never,Never,9
Some Days,Never,Some Days,Most Days,8
Never,Some Days,Never,Most Days,9
Some Days,Most Days,Most Days,Never,5
Some Days,Some Days,Some Days,Some Days,14
Never,Most Days,Some Days,Most Days,7
Every Day,Most Days,Every Day,Most Days,6
Never,Some Days,Some Days,Some Days,6
Never,Some Days,Some Days,Some Days,8
Never,Never,Some Days,Most Days,8
Never,Never,Never,Most Days,6
Never,Never,Some Days,Every Day,8
Never,Never,Every Day,Every Day,7
Never,Some Days,Never,Most Days,8
Every Day,Never,Never,Some Days,7
Most Days,Some Days,Most Days,Some Days,7
Never,Some Days,Never,Most Days,8
Every Day,Some Days,Most Days,Most Days,7
Never,Some Days,Some Days,Most Days,6
Every Day,Most Days,Never,Every Day,7
Never,Some Days,Never,Most Days,7
Never,Never,Never,Most Days,6
Never,Never,Never,Some Days,8
Never,Some Days,Never,Some Days,6
Never,Most Days,Most Days,Some Days,6
Never,Never,Never,Most Days,8
Never,Never,Never,Some Days,7
Never,Never,Some Days,Some Days,7
Most Days,Never,Never,Most Days,6
Never,Never,Some Days,Most Days,8
Never,Never,Never,Most Days,5
Never,Some Days,Never,Most Days,7
Never,Never,Never,Some Days,7
Never,Never,Every Day,Some Days,6
Every Day,Never,Most Days,Most Days,8
Never,Some Days,Never,Every Day,8
Never,Never,Some Days,Every Day,8
Never,Never,Never,Most Days,6
Never,Never,Never,Some Days,4
Never,Most Days,Most Days,Most Days,8
Never,Every Day,Every Day,Some Days,3
Every Day,Some Days,Some Days,Every Day,8
Never,Never,Never,Some Days,7
Never,Never,Some Days,Most Days,9
Some Days,Some Days,Some Days,Most Days,7
Never,Never,Never,Most Days,8
Never,Every Day,Every Day,Every Day,6
Never,Never,Never,Every Day,8
Never,Some Days,Some Days,Most Days,6
Some Days,Most Days,Most Days,Some Days,4
Never,Every Day,Every Day,Some Days,6
Never,Never,Never,Some Days,7
Never,Never,Never,Every Day,6
Never,Some Days,Some Days,Never,6
Never,Some Days,Some Days,Some Days,7
Never,Never,Most Days,Some Days,12
Some Days,Every Day,Some Days,Some Days,5
Never,Never,Never,Some Days,6
Never,Never,Never,Never,6
Never,Some Days,Some Days,Never,5
Never,Never,Never,Every Day,9
Never,Some Days,Never,Most Days,8
Every Day,Never,Some Days,Most Days,7
Never,Most Days,Never,Some Days,5
Never,Some Days,Some Days,Some Days,6
Never,Never,Most Days,Most Days,8
Some Days,Most Days,Never,Some Days,6
Never,Never,Some Days,Most Days,7
Never,Never,Some Days,Most Days,8
Some Days,Most Days,Some Days,Never,7
Never,Never,Some Days,Most Days,7
Never,Never,Never,Some Days,6
Some Days,Never,Some Days,Every Day,9
Every Day,Never,Some Days,Every Day,8
Some Days,Never,Some Days,Some Days,6
Some Days,Most Days,Most Days,Some Days,6
Never,Never,Never,Every Day,8
Never,Never,Every Day,Every Day,8
Never,Some Days,Some Days,Most Days,8
Never,Never,Never,Some Days,12
Every Day,Never,Every Day,Some Days,6
Every Day,Some Days,Every Day,Most Days,7
Never,Some Days,Never,Most Days,7
Never,Never,Never,Most Days,8
Never,Some Days,Most Days,Most Days,10
Never,Never,Never,Most Days,7
Some Days,Most Days,Some Days,Most Days,7
Never,Never,Never,Never,9
Some Days,Some Days,Some Days,Some Days,5
Never,Every Day,Some Days,Some Days,7
Most Days,Most Days,Most Days,Some Days,6
Never,Some Days,Some Days,Some Days,6
Never,Some Days,Some Days,Most Days,6
Never,Never,Never,Most Days,7
Never,Never,Some Days,Never,5
Never,Some Days,Some Days,Most Days,7
Never,Never,Never,Most Days,7
Never,Never,Never,Every Day,10
Every Day,Some Days,Never,Most Days,7
Most Days,Most Days,Most Days,Some Days,5
Never,Some Days,Never,Most Days,8
Never,Some Days,Some Days,Some Days,7
Most Days,Most Days,Some Days,Most Days,7
Never,Some Days,Some Days,Most Days,7
Most Days,Some Days,Most Days,Most Days,6
Never,Never,Some Days,Most Days,8
Never,Never,Never,Most Days,9
Never,Never,Never,Every Day,8
Never,Never,Every Day,Every Day,6
Some Days,Never,Never,Some Days,8
Never,Some Days,Some Days,Most Days,6
Some Days,Never,Never,Never,8
Never,Some Days,Most Days,Some Days,6
Every Day,Every Day,Some Days,Some Days,8
Never,Never,Some Days,Most Days,9
Never,Most Days,Some Days,Most Days,8
Never,Never,Some Days,Most Days,8
Some Days,Most Days,Some Days,Most Days,6
Never,Some Days,Some Days,Most Days,8
Never,Never,Never,Most Days,8
Never,Some Days,Some Days,Most Days,7
Never,Never,Some Days,Every Day,7
Never,Every Day,Some Days,Never,7
Never,Some Days,Never,Most Days,7
Never,Every Day,Most Days,Some Days,4
Never,Every Day,Never,Most Days,4
Never,Some Days,Some Days,Never,7
Some Days,Some Days,Some Days,Some Days,5
Never,Every Day,Some Days,Some Days,7
Never,Every Day,Never,Never,6
Never,Never,Some Days,Every Day,6
Never,Never,Never,Every Day,7
Never,Never,Never,Some Days,8
Never,Some Days,Every Day,Some Days,7
Never,Never,Never,Most Days,8
Some Days,Never,Never,Most Days,6
Some Days,Some Days,Most Days,Never,8
Never,Never,Never,Most Days,7
Never,Some Days,Some Days,Most Days,7
Never,Never,Never,Most Days,6
Never,Never,Never,Every Day,8
Every Day,Some Days,Some Days,Some Days,9
Never,Never,Some Days,Most Days,7
Never,Never,Some Days,Most Days,8
Some Days,Never,Never,Every Day,9
Never,Some Days,Never,Some Days,7
Never,Some Days,Some Days,Some Days,8
Never,Never,Never,Every Day,8
Every Day,Some Days,Some Days,Some Days,10
Every Day,Most Days,Most Days,Most Days,8
Most Days,Most Days,Some Days,Some Days,7
Never,Some Days,Never,Most Days,7
Never,Never,Never,Most Days,9
Never,Never,Never,Most Days,7
Never,Most Days,Most Days,Never,7
Never,Never,Never,Some Days,8
Every Day,Never,Some Days,Some Days,9
Never,Never,Never,Some Days,6
Never,Never,Never,Most Days,12
Never,Never,Some Days,Most Days,8
Some Days,Some Days,Some Days,Some Days,7
Never,Every Day,Never,Some Days,6
Never,Never,Some Days,Every Day,6
Never,Never,Never,Most Days,7
Some Days,Some Days,Some Days,Most Days,8
Never,Never,Never,Most Days,8
Never,Never,Never,Some Days,7
Never,Never,Most Days,Never,6
Never,Never,Never,Most Days,7
Some Days,Never,Some Days,Never,10
Never,Never,Never,Every Day,8
Never,Never,Some Days,Most Days,7
Some Days,Every Day,Some Days,Never,6
Never,Some Days,Never,Some Days,7
Every Day,Some Days,Never,Every Day,10
Never,Never,Never,Most Days,8
Never,Never,Never,Some Days,8
Never,Never,Never,Most Days,7
Some Days,Some Days,Some Days,Some Days,8
Never,Never,Never,Never,8
Some Days,Never,Some Days,Some Days,6
Some Days,Every Day,Every Day,Never,4
Never,Some Days,Most Days,Most Days,9
Never,Never,Some Days,Most Days,7
Never,Never,Most Days,Most Days,7
Some Days,Some Days,Some Days,Some Days,8
Never,Some Days,Never,Some Days,7
Never,Most Days,Never,Some Days,5
Never,Never,Never,Never,7
Never,Most Days,Some Days,Some Days,7
Some Days,Some Days,Never,Some Days,8
Never,Never,Never,Some Days,8
Never,Never,Never,Never,6
Never,Never,Never,Most Days,8
Most Days,Some Days,Some Days,Some Days,3
Never,Never,Some Days,Some Days,6
Never,Never,Never,Most Days,8
Never,Never,Never,Most Days,7
Never,Never,Never,Most Days,5
Never,Never,Never,Every Day,8
Never,Some Days,Some Days,Some Days,6
Never,Never,Never,Most Days,8
Never,Never,Some Days,Most Days,7
Never,Never,Never,Every Day,12
Never,Never,Never,Most Days,7
Never,Some Days,Some Days,Most Days,8
Never,Every Day,Some Days,Most Days,7
Never,Never,Some Days,Most Days,8
Never,Never,Never,Some Days,11
Never,Never,Never,Every Day,7
Never,Never,Some Days,Some Days,6
Never,Some Days,Some Days,Most Days,6
Never,Some Days,Some Days,Some Days,7
Never,Some Days,Some Days,Some Days,8
Never,Some Days,Never,Some Days,6
Never,Most Days,Some Days,Most Days,7
Every Day,Every Day,Every Day,Never,4
Never,Every Day,Every Day,Never,4
Every Day,Every Day,Most Days,Some Days,5
Never,Never,Never,Most Days,6
Never,Never,Some Days,Some Days,6
Never,Some Days,Some Days,Some Days,6
Never,Some Days,Never,Some Days,7
Never,Some Days,Some Days,Some Days,7
Never,Some Days,Some Days,Some Days,9
Never,Never,Never,Every Day,8
Never,Never,Never,Most Days,8
Never,Never,Never,Most Days,7
Never,Never,Never,Every Day,8
Never,Never,Never,Never,8
Never,Never,Never,Most Days,7
Never,Never,Never,Most Days,8
Never,Never,Never,Every Day,8
Never,Some Days,Every Day,Never,3
Every Day,Never,Some Days,Most Days,8
Never,Never,Never,Every Day,9
Some Days,Some Days,Some Days,Some Days,6
Never,Never,Most Days,Most Days,9
Never,Never,Never,Most Days,6
Never,Never,Never,Never,8
Never,Never,Some Days,Some Days,9
Every Day,Never,Never,Every Day,6
Never,Never,Never,Most Days,7
Every Day,Every Day,Every Day,Never,4
Never,Some Days,Some Days,Most Days,7
Never,Never,Never,Every Day,7
Never,Some Days,Never,Most Days,8
Never,Some Days,Some Days,Some Days,8
Never,Never,Never,Most Days,8
Never,Every Day,Every Day,Never,5
Never,Some Days,Never,Most Days,10
Never,Never,Never,Most Days,7
Never,Never,Never,Most Days,7
Never,Never,Never,Every Day,8
Never,Never,Some Days,Most Days,8
Never,Every Day,Every Day,Some Days,5
Never,Never,Some Days,Most Days,7
Most Days,Every Day,Every Day,Some Days,7
Never,Never,Never,Never,5
Never,Some Days,Most Days,Some Days,7
Never,Every Day,Most Days,Never,5
Never,Never,Some Days,Most Days,8
Never,Never,Never,Most Days,8
Every Day,Some Days,Never,Every Day,8
Never,Never,Never,Most Days,6
Every Day,Every Day,Every Day,Some Days,5
Never,Some Days,Never,Most Days,8
Never,Never,Never,Every Day,6
Never,Never,Never,Most Days,7
Never,Never,Some Days,Some Days,8
Never,Every Day,Every Day,Never,5
Never,Some Days,Most Days,Some Days,10
Never,Never,Never,Some Days,7
Never,Some Days,Never,Some Days,6
Never,Most Days,Some Days,Most Days,7
Never,Most Days,Never,Most Days,6
Never,Some Days,Never,Some Days,7
Never,Never,Most Days,Some Days,5
Most Days,Some Days,Some Days,Every Day,6
Never,Never,Never,Most Days,7
Never,Never,Some Days,Some Days,6
Never,Never,Never,Every Day,7
Never,Some Days,Some Days,Some Days,8
Never,Never,Never,Some Days,6
Never,Never,Never,Most Days,5
Every Day,Every Day,Some Days,Never,6
Every Day,Some Days,Every Day,Most Days,6
Never,Never,Never,Most Days,7
Never,Never,Never,Most Days,7
Never,Some Days,Never,Most Days,8
Never,Some Days,Never,Most Days,8
Never,Never,Most Days,Most Days,7
Never,Never,Never,Never,5
Never,Some Days,Some Days,Some Days,8
Some Days,Some Days,Never,Most Days,7
Never,Never,Never,Every Day,8
Never,Some Days,Some Days,Most Days,7
Never,Never,Some Days,Some Days,8
Never,Never,Some Days,Most Days,8
Never,Never,Never,Every Day,9
Some Days,Some Days,Some Days,Most Days,6
Never,Some Days,Some Days,Most Days,6
Never,Never,Never,Most Days,8
Never,Some Days,Some Days,Most Days,6
Never,Never,Never,Most Days,7
Most Days,Most Days,Some Days,Most Days,7
Never,Never,Never,Most Days,7
Never,Some Days,Never,Every Day,6
Never,Never,Some Days,Most Days,7
Every Day,Most Days,Some Days,Some Days,8
Never,Some Days,Some Days,Most Days,8
Never,Never,Some Days,Some Days,7
Never,Some Days,Never,Most Days,5
Never,Some Days,Never,Most Days,6
Some Days,Most Days,Most Days,Some Days,4
Never,Never,Some Days,Most Days,8
Never,Some Days,Some Days,Never,5
Never,Never,Never,Every Day,8
Never,Every Day,Never,Most Days,8
Never,Most Days,Some Days,Most Days,8
Some Days,Never,Some Days,Some Days,6
Some Days,Most Days,Some Days,Most Days,8
Never,Every Day,Never,Every Day,9
Never,Some Days,Some Days,Some Days,7
Never,Never,Never,Every Day,8
Never,Never,Some Days,Most Days,6
Never,Never,Some Days,Every Day,8
Some Days,Some Days,Most Days,Some Days,6
Never,Some Days,Some Days,Some Days,7
Every Day,Most Days,Every Day,Never,10
Never,Never,Some Days,Most Days,8
Never,Never,Never,Most Days,6
Never,Never,Never,Most Days,7
Never,Some Days,Some Days,Most Days,7
Never,Some Days,Never,Most Days,6
Every Day,Some Days,Some Days,Some Days,6
Some Days,Never,Some Days,Every Day,8
Never,Most Days,Some Days,Never,6
Never,Some Days,Some Days,Most Days,7
Never,Never,Some Days,Most Days,8
Every Day,Never,Never,Most Days,9
Never,Some Days,Never,Every Day,8
Never,Never,Some Days,Most Days,9
Every Day,Some Days,Some Days,Most Days,8
Some Days,Never,Never,Some Days,8
Never,Never,Every Day,Never,5
Some Days,Every Day,Some Days,Some Days,6
Never,Never,Some Days,Every Day,4
Never,Every Day,Every Day,Never,6
Every Day,Some Days,Most Days,Some Days,8
Every Day,Most Days,Some Days,Some Days,9
Never,Some Days,Some Days,Most Days,8
Never,Never,Never,Every Day,9
Never,Never,Never,Every Day,9
Never,Some Days,Never,Most Days,8
Never,Never,Never,Most Days,8
Never,Every Day,Some Days,Some Days,8
Never,Never,Never,Most Days,7
Never,Never,Never,Most Days,7
Never,Some Days,Some Days,Most Days,6
Never,Some Days,Some Days,Most Days,7
Never,Never,Never,Every Day,8
Never,Never,Never,Some Days,7
Every Day,Some Days,Some Days,Some Days,7
Never,Every Day,Every Day,Never,3
Some Days,Some Days,Some Days,Some Days,6
Every Day,Some Days,Never,Some Days,6
Never,Every Day,Every Day,Never,4
Never,Never,Never,Most Days,7
Some Days,Some Days,Some Days,Some Days,5
Never,Never,Never,Some Days,7
Never,Never,Never,Most Days,8
Never,Some Days,Some Days,Some Days,7
Some Days,Some Days,Every Day,Never,13
Never,Every Day,Never,Never,5
Never,Some Days,Some Days,Some Days,8
Never,Some Days,Most Days,Some Days,6
Never,Some Days,Every Day,Some Days,4
Never,Never,Never,Every Day,8
Never,Never,Never,Never,8
Every Day,Some Days,Some Days,Some Days,5
Never,Never,Never,Some Days,7
Some Days,Never,Some Days,Some Days,7
Never,Never,Never,Most Days,8
Never,Never,Some Days,Every Day,7
Never,Never,Never,Every Day,8
Some Days,Never,Never,Every Day,8
Every Day,Most Days,Some Days,Some Days,5
Never,Some Days,Never,Most Days,8
Never,Never,Never,Most Days,8
Some Days,Some Days,Some Days,Most Days,7
Never,Some Days,Never,Some Days,8
Every Day,Most Days,Some Days,Some Days,11
Every Day,Some Days,Some Days,Most Days,7
Some Days,Never,Some Days,Most Days,11
Never,Some Days,Some Days,Every Day,7
Never,Every Day,Some Days,Some Days,5
Never,Every Day,Some Days,Most Days,9
Never,Never,Never,Some Days,9
Never,Never,Never,Every Day,7
Never,Never,Never,Never,7
Never,Never,Never,Most Days,7
Never,Never,Some Days,Some Days,7
Every Day,Every Day,Every Day,Never,6
Never,Never,Never,Every Day,8
Never,Never,Never,Every Day,8
Never,Never,Never,Some Days,8
Never,Never,Never,Most Days,6
Never,Some Days,Some Days,Most Days,6
Never,Never,Never,Every Day,8
Never,Some Days,Some Days,Most Days,8
Never,Never,Never,Some Days,6
Never,Never,Never,Some Days,6
Some Days,Some Days,Some Days,Some Days,7
Never,Never,Never,Every Day,8
Never,Some Days,Most Days,Some Days,7
Never,Some Days,Some Days,Every Day,7
Every Day,Every Day,Every Day,Never,4
Never,Never,Never,Some Days,6
Never,Never,Some Days,Some Days,9
Never,Never,Some Days,Most Days,9
Every Day,Never,Some Days,Some Days,16
Never,Some Days,Never,Some Days,6
Never,Every Day,Every Day,Never,4
Never,Some Days,Some Days,Some Days,6
Never,Some Days,Never,Some Days,8
Never,Never,Never,Every Day,7
Never,Never,Never,Every Day,6
Never,Some Days,Never,Most Days,7
Never,Some Days,Some Days,Most Days,7
Never,Most Days,Most Days,Some Days,6
Never,Every Day,Some Days,Every Day,5
Some Days,Every Day,Some Days,Never,6
Never,Some Days,Some Days,Never,7
Never,Some Days,Some Days,Some Days,7
Never,Never,Never,Every Day,8
Never,Never,Never,Some Days,6
Never,Never,Some Days,Some Days,8
Never,Every Day,Never,Some Days,6
Most Days,Never,Never,Most Days,8
Some Days,Some Days,Some Days,Most Days,9
Never,Never,Never,Every Day,13
Never,Some Days,Some Days,Most Days,7
Never,Never,Never,Every Day,7
Never,Never,Never,Never,8
Never,Never,Never,Every Day,8
Never,Never,Never,Every Day,8
Never,Never,Never,Some Days,8
Every Day,Some Days,Every Day,Most Days,8
Never,Every Day,Some Days,Some Days,5
Never,Never,Never,Most Days,6
Never,Never,Never,Most Days,6
Every Day,Every Day,Some Days,Most Days,7
Never,Never,Never,Some Days,8
Never,Never,Never,Every Day,8
Never,Some Days,Some Days,Some Days,7
Never,Never,Never,Most Days,6
Never,Never,Never,Most Days,8
Some Days,Every Day,Every Day,Every Day,7
Never,Every Day,Every Day,Never,5
Never,Every Day,Every Day,Some Days,10
Never,Never,Every Day,Every Day,7
Some Days,Some Days,Some Days,Most Days,7
Never,Some Days,Never,Most Days,8
Never,Every Day,Every Day,Never,5
Never,Some Days,Never,Some Days,11
Never,Never,Never,Every Day,6
Never,Most Days,Most Days,Most Days,6
Every Day,Never,Some Days,Some Days,8
Some Days,Some Days,Some Days,Some Days,5
Never,Some Days,Never,Most Days,8
Never,Never,Never,Every Day,8
Some Days,Most Days,Some Days,Some Days,7
Every Day,Every Day,Never,Never,7
Never,Never,Never,Most Days,6
Never,Some Days,Some Days,Most Days,7
Never,Some Days,Most Days,Some Days,5
Never,Some Days,Some Days,Some Days,7
Every Day,Every Day,Every Day,Some Days,5
Some Days,Never,Some Days,Most Days,6
Never,Some Days,Every Day,Some Days,4
Never,Every Day,Some Days,Some Days,5
Never,Some Days,Never,Every Day,8
Never,Some Days,Some Days,Some Days,8
Never,Never,Never,Most Days,8
Never,Never,Some Days,Most Days,9
Never,Never,Some Days,Most Days,8
Never,Never,Never,Some Days,8
Never,Some Days,Some Days,Some Days,6
Never,Every Day,Never,Never,4
Some Days,Never,Some Days,Some Days,6
Never,Never,Most Days,Most Days,7
Never,Never,Never,Every Day,8
Every Day,Never,Some Days,Some Days,6
Never,Some Days,Never,Some Days,7
Never,Never,Never,Some Days,6
Never,Every Day,Some Days,Every Day,10
Never,Some Days,Some Days,Every Day,6
Never,Never,Never,Most Days,8
Never,Never,Never,Every Day,8
Never,Some Days,Never,Never,6
Never,Never,Some Days,Some Days,7
Never,Some Days,Some Days,Most Days,10
Never,Never,Never,Most Days,8
Never,Never,Never,Most Days,8
Never,Never,Never,Some Days,8
Never,Some Days,Some Days,Most Days,8
Never,Never,Never,Most Days,7
Never,Some Days,Some Days,Some Days,6
Never,Some Days,Never,Most Days,8
Never,Never,Never,Every Day,7
Never,Never,Never,Every Day,8
Never,Never,Never,Never,8
Never,Never,Never,Every Day,9
Never,Never,Never,Most Days,9
Every Day,Some Days,Never,Most Days,7
Every Day,Every Day,Every Day,Some Days,5
Never,Some Days,Some Days,Most Days,6
Never,Never,Some Days,Most Days,7
Never,Never,Every Day,Most Days,8
Never,Some Days,Never,Most Days,9
Every Day,Every Day,Every Day,Some Days,6
Never,Most Days,Some Days,Most Days,7
Never,Never,Never,Most Days,8
Never,Never,Never,Most Days,7
Never,Some Days,Some Days,Some Days,9
Never,Most Days,Some Days,Some Days,6
Never,Some Days,Some Days,Most Days,7
Never,Never,Some Days,Never,8
Never,Never,Never,Most Days,8
Never,Never,Never,Most Days,7
Never,Never,Some Days,Most Days,8
Every Day,Some Days,Never,Most Days,6
Every Day,Some Days,Some Days,Most Days,9
Never,Never,Never,Most Days,4
Never,Never,Some Days,Most Days,7
Every Day,Never,Some Days,Some Days,5
Never,Never,Some Days,Most Days,7
Some Days,Some Days,Most Days,Some Days,6
Never,Never,Never,Never,8
Never,Never,Never,Most Days,7
Never,Some Days,Some Days,Some Days,7
Never,Never,Never,Every Day,7
Some Days,Some Days,Some Days,Some Days,7
Never,Never,Never,Most Days,8
Never,Never,Never,Most Days,9
Never,Never,Never,Most Days,7
Never,Some Days,Some Days,Most Days,7
Every Day,Some Days,Some Days,Some Days,7
Every Day,Every Day,Never,Some Days,6
Never,Most Days,Some Days,Never,6
Never,Never,Never,Most Days,8
Never,Every Day,Every Day,Never,5
Never,Never,Never,Most Days,8
Never,Never,Never,Most Days,9
Every Day,Some Days,Every Day,Some Days,10
Every Day,Every Day,Never,Never,5
Never,Most Days,Most Days,Some Days,5
Never,Some Days,Never,Some Days,7
Never,Never,Never,Some Days,7
Every Day,Some Days,Some Days,Most Days,7
Never,Never,Some Days,Some Days,6
Never,Never,Never,Most Days,7
Some Days,Most Days,Never,Most Days,5
Never,Never,Some Days,Every Day,8
Never,Never,Never,Most Days,7
Most Days,Every Day,Most Days,Some Days,7
Every Day,Most Days,Some Days,Some Days,8
Every Day,Never,Never,Never,7
Never,Some Days,Never,Most Days,8
Never,Most Days,Some Days,Some Days,8
Some Days,Every Day,Most Days,Some Days,8
Never,Some Days,Some Days,Most Days,6
Some Days,Most Days,Never,Some Days,6
Some Days,Every Day,Some Days,Most Days,5
Every Day,Never,Never,Most Days,8
Never,Some Days,Never,Most Days,11
Never,Never,Never,Most Days,6
Never,Never,Never,Every Day,10
Never,Some Days,Some Days,Some Days,8
Every Day,Never,Never,Most Days,8
Never,Never,Never,Most Days,6
Never,Some Days,Some Days,Never,6
Never,Never,Never,Never,7
Never,Some Days,Never,Most Days,7
Never,Never,Never,Every Day,8
Never,Never,Never,Most Days,8
Never,Never,Never,Every Day,8
Never,Never,Never,Every Day,8
Never,Some Days,Never,Every Day,8
Never,Never,Never,Every Day,8
Never,Never,Never,Every Day,8
Some Days,Every Day,Most Days,Some Days,6
Never,Some Days,Never,Most Days,9
Never,Every Day,Some Days,Some Days,5
Never,Most Days,Most Days,Most Days,2
Never,Some Days,Some Days,Most Days,8
Never,Never,Never,Every Day,8
Never,Never,Never,Every Day,7
Never,Never,Most Days,Never,6
Never,Never,Some Days,Some Days,7
Never,Some Days,Never,Some Days,5
Never,Some Days,Some Days,Most Days,7
Never,Most Days,Never,Every Day,8
Never,Some Days,Some Days,Most Days,8
Never,Every Day,Most Days,Most Days,7
Never,Some Days,Some Days,Some Days,10
Never,Most Days,Some Days,Most Days,9
Never,Never,Never,Most Days,6
Never,Never,Never,Most Days,7
Never,Most Days,Most Days,Never,5
Never,Most Days,Never,Some Days,7
Never,Never,Never,Most Days,8
Never,Never,Never,Most Days,4
Never,Some Days,Never,Some Days,7
Never,Never,Never,Most Days,8
Never,Some Days,Most Days,Most Days,9
Never,Never,Never,Most Days,8
Never,Some Days,Some Days,Some Days,6
Never,Never,Never,Most Days,9
Some Days,Some Days,Some Days,Most Days,8
Never,Some Days,Never,Most Days,6
Never,Never,Never,Some Days,8
Never,Most Days,Some Days,Every Day,6
Never,Never,Never,Most Days,8
Most Days,Most Days,Some Days,Some Days,8
Never,Never,Never,Every Day,8
Never,Never,Never,Every Day,8
Never,Never,Never,Every Day,8
Never,Some Days,Most Days,Some Days,8
Never,Some Days,Some Days,Some Days,7
Every Day,Some Days,Some Days,Some Days,6
Never,Every Day,Never,Never,5
Never,Never,Never,Every Day,6
Never,Never,Never,Every Day,8
Never,Some Days,Never,Most Days,8
Never,Some Days,Never,Some Days,7
Never,Some Days,Never,Some Days,8
Never,Some Days,Never,Most Days,8
Never,Most Days,Some Days,Some Days,7
Never,Some Days,Never,Some Days,7
Never,Some Days,Some Days,Most Days,7
Never,Never,Never,Some Days,6
Most Days,Never,Most Days,Most Days,7
Never,Some Days,Never,Most Days,7
Never,Never,Never,Most Days,8
Some Days,Some Days,Never,Most Days,7
Some Days,Some Days,Some Days,Most Days,8
Never,Most Days,Some Days,Some Days,7
Never,Never,Some Days,Most Days,8
Never,Some Days,Never,Most Days,8
Some Days,Never,Some Days,Most Days,6
Some Days,Most Days,Most Days,Some Days,10
Never,Some Days,Never,Every Day,7
Never,Some Days,Some Days,Most Days,6
Never,Never,Never,Every Day,8
Never,Some Days,Some Days,Never,6
Never,Never,Never,Every Day,8
Some Days,Most Days,Never,Some Days,4
Never,Never,Never,Most Days,6
Some Days,Every Day,Every Day,Never,6
Never,Never,Never,Every Day,8
Never,Never,Never,Every Day,8
Every Day,Some Days,Never,Never,8
Some Days,Every Day,Some Days,Never,5
Every Day,Some Days,Never,Some Days,6
Never,Some Days,Never,Some Days,9
Every Day,Some Days,Some Days,Some Days,7
Never,Most Days,Some Days,Some Days,6
Never,Some Days,Some Days,Most Days,7
Never,Most Days,Never,Some Days,7
Most Days,Most Days,Never,Every Day,7
Every Day,Every Day,Every Day,Never,4
Never,Every Day,Every Day,Never,4
Every Day,Some Days,Every Day,Some Days,6
Never,Some Days,Some Days,Most Days,6
Some Days,Every Day,Some Days,Never,7
Some Days,Every Day,Never,Most Days,6
Never,Every Day,Never,Never,6
Never,Never,Never,Most Days,8
Never,Never,Never,Every Day,8
Never,Never,Some Days,Most Days,7
Never,Some Days,Never,Most Days,7
Never,Most Days,Some Days,Some Days,8
Never,Never,Never,Every Day,8
Some Days,Some Days,Most Days,Never,8
Never,Some Days,Never,Most Days,7
Never,Some Days,Some Days,Most Days,7
Every Day,Never,Every Day,Every Day,10
Never,Every Day,Every Day,Never,10
Never,Every Day,Never,Most Days,7
Some Days,Some Days,Some Days,Most Days,8
Never,Some Days,Some Days,Some Days,7
Never,Some Days,Some Days,Most Days,8
Never,Never,Never,Some Days,6
Every Day,Every Day,Every Day,Never,3
Never,Some Days,Never,Some Days,8
Never,Some Days,Never,Most Days,8
Never,Never,Some Days,Some Days,7
Never,Never,Some Days,Some Days,8
Never,Never,Never,Every Day,8
Never,Some Days,Some Days,Most Days,8
Most Days,Most Days,Some Days,Never,7
Never,Never,Never,Every Day,8
Every Day,Every Day,Every Day,Never,4
Never,Never,Never,Most Days,8
Never,Some Days,Never,Most Days,7
Never,Most Days,Most Days,Some Days,7
Never,Never,Some Days,Some Days,6
Some Days,Every Day,Some Days,Never,7
Never,Some Days,Most Days,Some Days,6
Never,Never,Never,Most Days,7
Some Days,Most Days,Most Days,Never,5
Never,Most Days,Never,Some Days,7
Never,Never,Never,Every Day,7
Every Day,Every Day,Every Day,Never,4
Never,Never,Never,Most Days,5
Never,Never,Some Days,Most Days,8
Never,Every Day,Never,Some Days,7
Never,Never,Never,Most Days,8
Never,Every Day,Every Day,Never,6
Never,Never,Some Days,Most Days,7
Never,Never,Never,Every Day,8
Never,Some Days,Some Days,Some Days,8
Never,Never,Some Days,Some Days,7
Every Day,Some Days,Never,Most Days,8
Never,Some Days,Never,Never,6
Never,Every Day,Never,Some Days,10
Never,Never,Never,Every Day,7
Some Days,Some Days,Some Days,Most Days,5
Every Day,Some Days,Never,Most Days,7
Never,Every Day,Never,Never,8
Never,Never,Never,Some Days,6
Never,Never,Never,Every Day,8
Never,Never,Never,Every Day,8
Never,Most Days,Never,Never,5
Never,Most Days,Most Days,Some Days,6
Never,Some Days,Never,Some Days,7
Never,Never,Never,Most Days,8
Never,Some Days,Every Day,Most Days,6
Every Day,Some Days,Most Days,Some Days,7
Never,Never,Some Days,Some Days,6
Never,Never,Some Days,Most Days,8
Every Day,Never,Never,Every Day,8
Every Day,Some Days,Some Days,Most Days,8
Every Day,Every Day,Every Day,Never,6
Never,Never,Never,Every Day,8
Never,Never,Never,Every Day,8
Never,Never,Never,Every Day,8
Never,Never,Never,Every Day,7
Never,Some Days,Some Days,Some Days,9
Some Days,Some Days,Some Days,Some Days,7
Never,Some Days,Never,Every Day,9
Never,Never,Never,Most Days,8
Never,Some Days,Most Days,Some Days,6
Never,Some Days,Never,Some Days,6
Some Days,Some Days,Some Days,Some Days,7
Never,Never,Some Days,Most Days,7
Never,Never,Some Days,Most Days,8
Never,Never,Never,Some Days,8
Never,Some Days,Never,Most Days,8
Never,Some Days,Some Days,Some Days,8
Never,Never,Never,Every Day,8
Never,Never,Never,Most Days,6
Never,Every Day,Never,Every Day,7
Never,Most Days,Some Days,Some Days,8
Never,Never,Never,Some Days,7
Never,Never,Never,Never,6
Never,Some Days,Some Days,Every Day,7
Never,Never,Never,Every Day,6
Never,Never,Never,Every Day,7
Never,Never,Never,Most Days,8
Never,Never,Never,Most Days,6
Never,Never,Never,Every Day,8
Some Days,Never,Every Day,Never,5
Never,Some Days,Some Days,Some Days,9
Never,Some Days,Some Days,Some Days,6
Never,Never,Never,Some Days,6
Never,Some Days,Never,Some Days,6
Never,Never,Never,Every Day,8
Never,Some Days,Most Days,Some Days,6
Never,Never,Some Days,Most Days,8
Never,Most Days,Most Days,Never,12
Some Days,Every Day,Never,Some Days,5
Every Day,Never,Never,Never,9
Never,Never,Never,Most Days,6
Never,Never,Never,Most Days,10
Never,Never,Never,Most Days,7
Never,Never,Never,Every Day,9
Most Days,Most Days,Most Days,Never,6
Never,Never,Never,Some Days,7
Never,Never,Some Days,Most Days,6
Never,Never,Never,Most Days,8
Never,Most Days,Never,Most Days,8
Never,Some Days,Never,Most Days,7
Never,Some Days,Some Days,Most Days,7
Never,Never,Never,Every Day,5
Never,Never,Never,Some Days,6
Never,Never,Never,Most Days,6
Never,Never,Some Days,Most Days,7
Never,Some Days,Some Days,Most Days,6
Some Days,Some Days,Every Day,Some Days,6
Never,Never,Never,Most Days,12
Never,Never,Never,Some Days,7
Never,Every Day,Every Day,Some Days,4
Never,Some Days,Some Days,Most Days,7
Never,Some Days,Most Days,Some Days,5
Never,Never,Some Days,Some Days,7
Never,Every Day,Never,Some Days,7
Never,Never,Some Days,Most Days,8
Some Days,Some Days,Some Days,Some Days,6
Never,Some Days,Some Days,Most Days,8
Never,Most Days,Never,Some Days,7
Never,Some Days,Every Day,Every Day,8
Never,Some Days,Some Days,Most Days,8
Some Days,Never,Never,Most Days,7
Never,Some Days,Never,Most Days,8
Never,Never,Never,Most Days,7
Never,Some Days,Some Days,Most Days,9
Never,Never,Never,Most Days,6
Never,Never,Never,Every Day,8
Never,Never,Never,Most Days,7
Never,Never,Never,Most Days,7
Never,Never,Never,Most Days,8
Never,Never,Never,Most Days,8
Some Days,Some Days,Most Days,Some Days,5
Never,Some Days,Some Days,Most Days,7
Every Day,Never,Never,Every Day,9
Never,Never,Some Days,Most Days,7
Some Days,Never,Some Days,Every Day,7
Some Days,Every Day,Most Days,Some Days,6
Never,Never,Never,Most Days,8
Never,Never,Never,Most Days,8
Never,Some Days,Some Days,Some Days,6
Never,Some Days,Never,Most Days,7
Never,Some Days,Never,Some Days,8
Never,Never,Some Days,Never,7
Never,Some Days,Some Days,Never,8
Never,Never,Some Days,Most Days,9
Every Day,Never,Some Days,Never,8
Never,Never,Never,Most Days,8
Never,Never,Some Days,Most Days,8
Never,Never,Never,Some Days,7
Never,Some Days,Never,Most Days,6
Never,Never,Some Days,Some Days,8
Never,Never,Never,Most Days,9
Never,Never,Some Days,Most Days,8
Never,Never,Never,Most Days,7
Never,Some Days,Some Days,Some Days,7
Never,Never,Most Days,Some Days,3
Never,Some Days,Some Days,Some Days,7
Never,Some Days,Never,Some Days,7
Never,Most Days,Some Days,Never,7
Never,Never,Some Days,Never,7
Never,Never,Never,Most Days,8
Never,Never,Never,Most Days,7
Some Days,Most Days,Most Days,Most Days,7
Never,Every Day,Every Day,Some Days,7
Never,Never,Never,Every Day,8
Never,Never,Some Days,Most Days,8
Some Days,Some Days,Some Days,Every Day,9
Never,Never,Never,Most Days,7
Never,Most Days,Most Days,Never,8
Never,Never,Never,Most Days,6
Some Days,Most Days,Most Days,Some Days,5
Never,Some Days,Some Days,Some Days,8
Every Day,Some Days,Every Day,Never,6
Never,Some Days,Some Days,Most Days,9
Every Day,Most Days,Most Days,Some Days,5
Never,Some Days,Never,Some Days,7
Never,Some Days,Never,Most Days,8
Never,Never,Never,Some Days,14
Every Day,Every Day,Some Days,Some Days,8
Never,Never,Never,Every Day,8
Most Days,Some Days,Some Days,Some Days,8
Every Day,Never,Some Days,Every Day,8
Never,Every Day,Some Days,Never,7
Never,Never,Never,Most Days,9
Never,Every Day,Every Day,Never,5
Never,Most Days,Most Days,Most Days,6
Never,Most Days,Some Days,Some Days,7
Never,Some Days,Never,Some Days,8
Never,Never,Never,Most Days,6
Never,Some Days,Some Days,Most Days,8
Never,Never,Never,Some Days,8
Never,Some Days,Some Days,Most Days,7
Never,Some Days,Never,Some Days,7
Never,Some Days,Some Days,Most Days,7
Never,Some Days,Some Days,Most Days,8
Never,Never,Never,Most Days,7
Never,Some Days,Some Days,Some Days,5
Never,Never,Never,Every Day,8
Never,Never,Never,Most Days,7
Never,Some Days,Most Days,Most Days,9
Never,Never,Never,Some Days,8
Never,Some Days,Most Days,Most Days,7
Never,Never,Never,Every Day,10
Never,Some Days,Most Days,Some Days,8
Never,Some Days,Never,Most Days,8
Never,Some Days,Never,Most Days,7
Never,Never,Never,Every Day,6
Never,Never,Never,Some Days,8
Some Days,Never,Some Days,Most Days,7
Never,Most Days,Some Days,Some Days,7
Never,Never,Never,Most Days,6
Never,Some Days,Never,Most Days,7
Never,Most Days,Some Days,Most Days,7
Never,Never,Never,Every Day,7
Never,Never,Some Days,Most Days,6
Every Day,Never,Never,Most Days,6
Every Day,Some Days,Some Days,Some Days,11
Every Day,Most Days,Never,Never,5
Some Days,Some Days,Every Day,Some Days,6
Never,Some Days,Never,Most Days,7
Never,Some Days,Never,Most Days,6
Never,Most Days,Every Day,Some Days,6
Never,Never,Never,Most Days,8
Never,Never,Never,Every Day,8
Never,Some Days,Never,Most Days,8
Never,Every Day,Some Days,Some Days,7
Never,Never,Some Days,Most Days,6
Never,Some Days,Some Days,Most Days,7
Never,Never,Never,Some Days,6
Never,Some Days,Some Days,Some Days,6
Never,Most Days,Some Days,Some Days,8
Never,Never,Some Days,Most Days,7
Never,Never,Never,Some Days,7
Never,Never,Never,Every Day,8
Never,Some Days,Never,Every Day,8
Never,Never,Most Days,Never,4
Some Days,Some Days,Some Days,Never,7
Never,Never,Never,Some Days,8
Never,Never,Never,Never,8
Never,Never,Never,Some Days,8
Some Days,Never,Never,Most Days,8
Never,Never,Some Days,Most Days,6
Some Days,Some Days,Some Days,Some Days,6
Never,Never,Never,Some Days,7
Never,Never,Never,Every Day,8
Never,Some Days,Some Days,Most Days,7
Never,Never,Never,Most Days,7
Never,Some Days,Never,Some Days,6
Never,Never,Never,Never,8
Never,Never,Some Days,Most Days,7
Never,Most Days,Never,Every Day,8
Never,Every Day,Some Days,Never,5
Never,Some Days,Never,Every Day,8
Never,Never,Never,Most Days,7
Never,Some Days,Most Days,Some Days,5
Never,Some Days,Never,Some Days,6
Never,Never,Some Days,Some Days,7
Never,Never,Never,Every Day,8
Never,Never,Never,Every Day,7
Some Days,Some Days,Some Days,Some Days,6
Some Days,Never,Never,Some Days,6
Never,Some Days,Some Days,Some Days,7
Some Days,Some Days,Some Days,Some Days,6
Never,Never,Some Days,Most Days,8
Never,Most Days,Some Days,Most Days,5
Never,Some Days,Some Days,Never,7
Never,Never,Never,Most Days,7
Every Day,Never,Never,Some Days,8
Some Days,Never,Some Days,Most Days,8
Never,Never,Some Days,Some Days,7
Never,Never,Never,Every Day,8
Never,Never,Never,Most Days,8
Some Days,Some Days,Some Days,Some Days,6
Never,Some Days,Never,Some Days,7
Some Days,Some Days,Some Days,Some Days,7
Never,Never,Never,Most Days,7
Some Days,Never,Some Days,Some Days,7
Never,Never,Some Days,Some Days,9
Some Days,Never,Most Days,Some Days,6
Never,Some Days,Never,Most Days,7
Every Day,Never,Never,Every Day,8
Every Day,Some Days,Some Days,Most Days,7
Never,Never,Some Days,Most Days,7
Never,Never,Never,Every Day,8
Most Days,Some Days,Most Days,Most Days,6
Some Days,Some Days,Some Days,Most Days,8
Never,Some Days,Some Days,Every Day,7
Some Days,Some Days,Some Days,Every Day,5
Never,Never,Some Days,Some Days,6
Never,Some Days,Never,Some Days,7
Never,Never,Some Days,Most Days,8
Never,Never,Never,Most Days,7
Never,Never,Some Days,Some Days,7
Never,Never,Never,Most Days,8
Never,Most Days,Never,Some Days,7
Never,Never,Never,Most Days,9
Never,Never,Some Days,Most Days,7
Never,Never,Some Days,Every Day,7
Never,Some Days,Some Days,Some Days,9
Never,Every Day,Never,Most Days,9
Every Day,Most Days,Never,Some Days,7
Never,Some Days,Some Days,Some Days,6
Never,Never,Never,Most Days,8
Never,Never,Most Days,Some Days,8
Never,Some Days,Never,Most Days,8
Never,Every Day,Every Day,Never,4
Never,Every Day,Every Day,Never,2
Every Day,Some Days,Never,Some Days,8
Some Days,Never,Some Days,Every Day,7
Most Days,Never,Some Days,Most Days,8
Never,Some Days,Most Days,Some Days,5
Most Days,Never,Most Days,Some Days,6
Never,Some Days,Some Days,Some Days,7
Never,Never,Never,Some Days,6
Never,Never,Never,Most Days,6
Never,Never,Never,Most Days,8
Never,Never,Never,Most Days,7
Never,Most Days,Every Day,Never,6
Never,Most Days,Never,Some Days,4
Never,Some Days,Some Days,Some Days,7
Some Days,Most Days,Most Days,Most Days,6
Never,Most Days,Some Days,Some Days,6
Never,Never,Some Days,Some Days,7
Never,Never,Never,Some Days,7
Never,Most Days,Never,Most Days,8
Never,Never,Never,Most Days,8
Most Days,Most Days,Most Days,Some Days,7
Never,Never,Never,Some Days,9
Never,Every Day,Every Day,Some Days,4
Never,Never,Never,Every Day,8
Never,Most Days,Most Days,Some Days,6
Never,Never,Some Days,Some Days,8
Never,Never,Never,Never,7
Never,Never,Never,Some Days,7
Never,Never,Never,Most Days,6
Never,Never,Never,Every Day,12
Never,Some Days,Some Days,Some Days,6
Never,Some Days,Some Days,Some Days,7
Never,Never,Never,Most Days,9
Never,Never,Never,Most Days,10
Never,Some Days,Some Days,Most Days,7
Never,Some Days,Some Days,Some Days,5
Most Days,Some Days,Some Days,Some Days,4
Never,Never,Never,Every Day,9
Never,Never,Never,Most Days,6
Never,Never,Never,Most Days,8
Never,Never,Never,Never,6
Never,Never,Some Days,Most Days,8
Never,Some Days,Some Days,Some Days,6
Some Days,Some Days,Some Days,Most Days,7
Never,Never,Never,Most Days,7
Never,Most Days,Never,Most Days,7
Never,Never,Never,Every Day,7
Never,Never,Never,Never,8
Never,Most Days,Never,Most Days,8
Never,Never,Never,Most Days,7
Never,Never,Never,Most Days,6
Never,Every Day,Most Days,Most Days,5
Never,Never,Never,Most Days,8
Never,Never,Never,Every Day,12
Never,Never,Never,Every Day,5
Some Days,Never,Some Days,Some Days,8
Never,Most Days,Never,Some Days,8
Never,Never,Never,Every Day,7
Never,Some Days,Some Days,Most Days,7
Some Days,Some Days,Some Days,Most Days,7
Never,Never,Some Days,Most Days,7
Never,Never,Never,Most Days,7
Never,Every Day,Most Days,Most Days,5
Never,Some Days,Some Days,Most Days,8
Some Days,Some Days,Some Days,Most Days,6
Never,Most Days,Some Days,Some Days,7
Never,Never,Never,Most Days,8
Never,Never,Most Days,Some Days,6
Some Days,Never,Never,Most Days,8
Never,Never,Never,Every Day,8
Never,Most Days,Most Days,Most Days,5
Never,Never,Never,Most Days,10
Never,Never,Never,Every Day,8
Never,Never,Never,Every Day,8
Every Day,Never,Never,Never,10
Never,Every Day,Some Days,Some Days,6
Never,Never,Never,Most Days,7
Never,Never,Never,Every Day,10
Every Day,Most Days,Most Days,Some Days,5
Never,Some Days,Some Days,Most Days,7
Never,Never,Never,Most Days,8
Never,Never,Never,Most Days,7
Never,Never,Never,Most Days,8
Never,Some Days,Some Days,Never,6
Never,Never,Never,Most Days,7
Never,Some Days,Never,Most Days,7
Never,Never,Never,Never,5
Never,Never,Never,Some Days,7
Never,Never,Never,Some Days,6
Never,Some Days,Never,Some Days,7
Never,Never,Most Days,Most Days,6
Never,Every Day,Never,Most Days,8
Never,Never,Never,Every Day,8
Never,Every Day,Never,Never,16
Never,Never,Never,Every Day,8
Never,Never,Never,Most Days,5
Every Day,Some Days,Every Day,Some Days,6
Never,Never,Never,Every Day,8
Never,Some Days,Every Day,Some Days,5
Every Day,Some Days,Most Days,Most Days,8
Never,Never,Never,Most Days,7
Every Day,Some Days,Some Days,Some Days,6
Some Days,Some Days,Some Days,Most Days,8
Never,Never,Never,Most Days,7
Never,Never,Never,Some Days,12
Some Days,Some Days,Some Days,Some Days,8
Never,Never,Never,Every Day,7
Never,Never,Never,Most Days,8
Some Days,Every Day,Some Days,Most Days,7
Some Days,Every Day,Some Days,Most Days,7
Most Days,Most Days,Some Days,Never,7
Never,Most Days,Some Days,Some Days,8
Never,Never,Never,Most Days,9
Never,Some Days,Some Days,Some Days,6
Never,Never,Some Days,Most Days,8
Never,Never,Some Days,Some Days,6
Never,Some Days,Most Days,Some Days,5
Never,Some Days,Some Days,Some Days,7
Some Days,Most Days,Every Day,Never,5
Never,Some Days,Some Days,Every Day,7
Never,Some Days,Some Days,Most Days,7
Never,Never,Never,Never,8
Never,Never,Never,Most Days,8
Never,Never,Never,Never,8
Some Days,Never,Most Days,Some Days,8
Never,Never,Never,Most Days,8
Never,Every Day,Never,Some Days,8
Never,Most Days,Never,Most Days,8
Never,Never,Some Days,Most Days,7
Never,Never,Never,Most Days,8
Never,Never,Some Days,Most Days,9
Never,Never,Some Days,Some Days,12
Never,Never,Never,Most Days,7
Never,Never,Never,Most Days,8
Never,Some Days,Some Days,Most Days,6
Never,Never,Never,Most Days,7
Every Day,Some Days,Never,Most Days,7
Never,Never,Never,Most Days,9
Never,Some Days,Never,Most Days,8
Never,Never,Some Days,Never,6
Never,Never,Never,Most Days,8
Never,Some Days,Some Days,Some Days,6
Never,Some Days,Never,Most Days,9
Never,Never,Never,Every Day,7
Never,Never,Never,Most Days,7
Never,Never,Never,Never,6
Never,Some Days,Some Days,Some Days,6
Never,Some Days,Never,Every Day,8
Never,Never,Some Days,Every Day,6
Never,Never,Never,Every Day,8
Never,Never,Never,Never,8
Never,Never,Never,Most Days,9
Never,Never,Some Days,Most Days,8
Never,Never,Some Days,Most Days,9
Never,Some Days,Some Days,Some Days,6
Never,Never,Never,Some Days,8
Never,Every Day,Every Day,Every Day,6
Every Day,Every Day,Every Day,Most Days,4
Never,Never,Never,Most Days,8
Never,Every Day,Never,Never,12
Never,Never,Some Days,Some Days,7
Never,Some Days,Some Days,Most Days,8
Never,Never,Never,Every Day,8
Never,Some Days,Some Days,Most Days,8
Never,Some Days,Never,Every Day,8
Never,Never,Never,Every Day,6
Never,Some Days,Some Days,Some Days,7
Never,Never,Never,Most Days,8
Never,Never,Never,Most Days,7
Never,Some Days,Some Days,Some Days,5
Never,Some Days,Some Days,Some Days,6
Never,Some Days,Never,Some Days,8
Never,Most Days,Never,Most Days,7
Some Days,Some Days,Some Days,Most Days,7
Never,Never,Never,Every Day,7
Never,Never,Never,Every Day,8
Never,Most Days,Never,Some Days,6
Every Day,Every Day,Some Days,Some Days,7
Never,Some Days,Some Days,Every Day,8
Never,Never,Never,Most Days,8
Never,Never,Never,Most Days,8
Every Day,Never,Never,Every Day,8
Some Days,Never,Never,Some Days,8
Never,Some Days,Some Days,Every Day,8
Every Day,Every Day,Most Days,Some Days,5
Never,Never,Never,Most Days,8
Never,Never,Some Days,Most Days,7
Never,Never,Never,Most Days,8
Every Day,Some Days,Some Days,Some Days,7
Never,Most Days,Some Days,Some Days,5
Never,Some Days,Some Days,Some Days,6
Never,Never,Never,Every Day,8
Never,Some Days,Never,Most Days,6
Never,Never,Some Days,Most Days,8
Some Days,Never,Some Days,Most Days,10
Never,Some Days,Never,Most Days,7
Never,Never,Never,Most Days,8
Never,Most Days,Most Days,Most Days,7
Never,Some Days,Some Days,Some Days,6
Never,Some Days,Never,Most Days,8
Never,Never,Never,Some Days,8
Some Days,Some Days,Some Days,Most Days,8
Never,Never,Never,Most Days,8
Never,Never,Never,Never,7
Never,Never,Never,Some Days,8
Never,Some Days,Some Days,Most Days,8
Never,Never,Never,Most Days,7
Some Days,Most Days,Every Day,Some Days,4
Some Days,Most Days,Every Day,Some Days,5
Never,Never,Never,Every Day,8
Never,Every Day,Every Day,Never,4
Never,Never,Some Days,Most Days,8
Never,Some Days,Never,Most Days,8
Never,Never,Never,Most Days,7
Never,Never,Some Days,Most Days,7
Most Days,Some Days,Some Days,Most Days,7
Never,Every Day,Every Day,Never,5
Never,Never,Never,Every Day,8
Some Days,Most Days,Most Days,Never,6
Never,Never,Never,Every Day,7
Never,Never,Never,Every Day,7
Never,Some Days,Never,Most Days,8
Never,Every Day,Never,Never,6
Never,Never,Never,Every Day,8
Never,Never,Never,Every Day,10
Never,Never,Never,Some Days,10
Never,Never,Never,Every Day,9
Never,Never,Never,Every Day,8
Never,Most Days,Most Days,Some Days,7
Never,Never,Never,Most Days,9
Some Days,Every Day,Every Day,Never,6
Never,Some Days,Some Days,Most Days,8
Never,Most Days,Some Days,Some Days,8
Never,Never,Never,Most Days,8
Every Day,Every Day,Most Days,Most Days,8
Never,Some Days,Some Days,Most Days,8
Never,Most Days,Most Days,Never,5
Most Days,Some Days,Most Days,Some Days,7
Some Days,Every Day,Every Day,Never,8
Never,Some Days,Some Days,Some Days,7
Never,Some Days,Never,Most Days,6
Never,Some Days,Some Days,Most Days,6
Every Day,Some Days,Never,Every Day,8
Never,Never,Some Days,Every Day,6
Never,Never,Some Days,Most Days,8
Never,Some Days,Some Days,Some Days,6
Never,Never,Never,Every Day,7
Never,Some Days,Some Days,Some Days,6
Never,Never,Some Days,Some Days,7
Never,Never,Never,Some Days,8
Never,Never,Some Days,Some Days,8
Never,Some Days,Some Days,Some Days,8
Never,Never,Some Days,Never,7
Never,Never,Never,Every Day,8
Never,Never,Never,Some Days,5
Some Days,Some Days,Some Days,Every Day,7
Never,Some Days,Some Days,Some Days,4
Never,Never,Never,Some Days,8
Never,Never,Never,Most Days,8
Never,Some Days,Some Days,Some Days,6
Never,Never,Never,Most Days,6
Never,Never,Some Days,Most Days,8
Never,Some Days,Never,Most Days,8
Never,Some Days,Some Days,Some Days,6
Never,Every Day,Some Days,Some Days,7
Never,Some Days,Never,Most Days,8
Never,Never,Some Days,Most Days,7
Never,Never,Never,Every Day,7
Every Day,Some Days,Never,Some Days,7
Never,Some Days,Never,Some Days,6
Never,Some Days,Some Days,Most Days,8
Never,Some Days,Never,Most Days,8
Some Days,Some Days,Some Days,Some Days,6
Never,Never,Never,Most Days,6
Never,Some Days,Some Days,Most Days,8
Never,Never,Some Days,Most Days,8
Never,Every Day,Every Day,Never,5
Never,Most Days,Some Days,Most Days,7
Never,Some Days,Some Days,Some Days,7
Never,Some Days,Every Day,Some Days,6
Never,Some Days,Never,Some Days,6
Never,Some Days,Some Days,Most Days,8
Never,Never,Never,Most Days,7
Never,Some Days,Never,Some Days,6
Every Day,Most Days,Never,Some Days,7
Some Days,Most Days,Every Day,Every Day,7
Never,Never,Never,Some Days,8
Never,Some Days,Never,Most Days,6
Some Days,Never,Never,Most Days,8
Never,Some Days,Some Days,Most Days,7
Never,Never,Never,Some Days,7
Some Days,Never,Some Days,Most Days,6
Never,Never,Never,Most Days,6
Never,Never,Some Days,Some Days,7
Never,Never,Never,Every Day,7
Never,Every Day,Every Day,Some Days,7
Never,Most Days,Some Days,Some Days,6
Some Days,Most Days,Most Days,Never,7
Never,Most Days,Most Days,Some Days,6
Never,Never,Never,Every Day,7
Never,Every Day,Most Days,Never,3
Never,Never,Never,Most Days,7
Never,Most Days,Some Days,Some Days,6
Never,Never,Never,Every Day,10
Never,Never,Never,Most Days,5
Never,Never,Never,Every Day,8
Every Day,Every Day,Every Day,Never,5
Never,Never,Never,Some Days,8
Every Day,Some Days,Some Days,Some Days,7
Never,Never,Never,Some Days,7
Never,Every Day,Some Days,Most Days,6
Never,Never,Never,Every Day,7
Never,Most Days,Some Days,Most Days,7
Some Days,Never,Most Days,Most Days,6
Never,Never,Never,Some Days,5
Never,Some Days,Some Days,Most Days,6
Never,Some Days,Some Days,Some Days,5
Never,Every Day,Every Day,Never,6
Every Day,Never,Some Days,Some Days,7
Never,Never,Some Days,Most Days,7
Never,Some Days,Never,Some Days,6
Never,Some Days,Never,Most Days,6
Never,Never,Never,Never,6
Never,Never,Some Days,Most Days,6
Every Day,Most Days,Some Days,Some Days,6
Never,Never,Some Days,Most Days,8
Never,Some Days,Never,Most Days,5
Never,Never,Never,Some Days,6
Never,Never,Never,Most Days,6
Never,Some Days,Some Days,Some Days,5
Never,Every Day,Never,Some Days,7
Some Days,Some Days,Some Days,Some Days,6
Every Day,Some Days,Most Days,Most Days,8
Never,Some Days,Some Days,Most Days,8
Never,Never,Never,Most Days,9
Never,Every Day,Never,Most Days,6
Never,Every Day,Never,Never,6
Every Day,Never,Never,Most Days,8
Never,Some Days,Some Days,Never,6
Most Days,Every Day,Most Days,Some Days,6
Never,Every Day,Never,Never,6
Never,Every Day,Some Days,Some Days,5
Never,Some Days,Never,Some Days,7
Never,Some Days,Some Days,Some Days,5
Never,Never,Never,Some Days,6
Never,Never,Some Days,Most Days,8
Never,Never,Never,Every Day,7
Every Day,Never,Some Days,Some Days,6
Never,Most Days,Most Days,Never,5
Every Day,Never,Some Days,Never,5
Most Days,Most Days,Never,Some Days,8
Never,Some Days,Some Days,Never,6
Never,Never,Never,Every Day,7
Never,Some Days,Never,Most Days,8
Never,Most Days,Never,Never,6
Most Days,Most Days,Never,Some Days,6
Some Days,Most Days,Most Days,Some Days,7
Some Days,Never,Most Days,Most Days,6
Some Days,Some Days,Some Days,Some Days,5
Some Days,Some Days,Some Days,Most Days,6
Never,Never,Never,Every Day,7
Some Days,Some Days,Never,Most Days,7
Never,Never,Never,Every Day,9
Some Days,Never,Some Days,Most Days,8
Most Days,Never,Never,Every Day,7
Never,Never,Never,Most Days,9
Never,Most Days,Never,Every Day,6
Never,Some Days,Some Days,Most Days,7
Never,Never,Never,Most Days,8
Never,Never,Never,Every Day,7
Every Day,Never,Never,Most Days,8
Some Days,Every Day,Every Day,Never,6
Never,Never,Never,Some Days,6
Never,Most Days,Never,Most Days,6
Never,Most Days,Some Days,Some Days,5
Never,Most Days,Most Days,Some Days,5
Never,Never,Never,Most Days,10
Every Day,Every Day,Never,Never,6
Never,Never,Never,Most Days,8
Never,Never,Never,Most Days,8
Most Days,Most Days,Most Days,Some Days,5
Never,Every Day,Every Day,Never,5
Never,Never,Never,Every Day,9
Every Day,Every Day,Never,Some Days,8
Some Days,Never,Some Days,Most Days,8
Never,Never,Never,Every Day,8
Every Day,Some Days,Some Days,Most Days,9
Never,Never,Some Days,Most Days,7
Never,Some Days,Never,Most Days,7
Never,Most Days,Most Days,Some Days,6
Never,Every Day,Every Day,Some Days,6
Never,Never,Some Days,Most Days,7
Never,Most Days,Some Days,Some Days,6
Some Days,Never,Some Days,Most Days,7
Some Days,Never,Never,Most Days,8
Never,Most Days,Some Days,Most Days,8
Never,Some Days,Every Day,Some Days,5
Never,Never,Never,Most Days,7
Never,Every Day,Never,Some Days,8
Never,Never,Never,Most Days,7
Some Days,Every Day,Every Day,Never,4
Never,Some Days,Never,Some Days,5
Never,Never,Never,Most Days,10
Never,Never,Never,Most Days,7
Never,Most Days,Never,Most Days,8
Never,Never,Never,Most Days,8
Never,Some Days,Some Days,Every Day,7
Some Days,Some Days,Some Days,Some Days,5
Never,Never,Some Days,Most Days,7
Every Day,Most Days,Most Days,Never,6
Never,Every Day,Every Day,Most Days,4
Some Days,Every Day,Every Day,Never,7
Every Day,Most Days,Some Days,Some Days,7
Some Days,Every Day,Never,Never,6
Never,Never,Never,Most Days,8
Never,Some Days,Some Days,Some Days,7
Never,Never,Never,Most Days,8
Some Days,Every Day,Every Day,Some Days,6
Never,Never,Never,Most Days,8
Never,Never,Never,Some Days,7
Never,Most Days,Most Days,Never,6
Never,Never,Never,Some Days,12
Never,Every Day,Most Days,Never,4
Some Days,Some Days,Some Days,Some Days,7
Never,Never,Never,Some Days,9
Never,Some Days,Some Days,Some Days,6
Never,Some Days,Never,Some Days,7
Never,Some Days,Never,Most Days,6
Never,Some Days,Never,Some Days,7
Never,Never,Some Days,Every Day,8
Never,Some Days,Some Days,Most Days,6
Never,Never,Never,Every Day,7
Never,Some Days,Some Days,Most Days,7
Never,Most Days,Most Days,Some Days,6
Never,Most Days,Never,Some Days,7
Never,Every Day,Never,Every Day,8
Never,Some Days,Some Days,Most Days,7
Never,Some Days,Some Days,Some Days,7
Never,Never,Never,Every Day,8
Never,Never,Some Days,Most Days,9
Never,Never,Never,Every Day,7
Never,Some Days,Most Days,Some Days,6
Never,Never,Never,Every Day,7
Never,Some Days,Never,Some Days,12
Never,Some Days,Some Days,Most Days,7
Every Day,Most Days,Some Days,Most Days,9
Never,Some Days,Never,Some Days,7
Never,Some Days,Never,Most Days,7
Never,Some Days,Some Days,Most Days,7
Never,Never,Never,Never,7
Never,Every Day,Every Day,Some Days,6
Never,Never,Never,Most Days,6
Never,Never,Never,Every Day,8
Never,Never,Never,Every Day,7
Never,Never,Never,Most Days,7
Never,Never,Some Days,Most Days,8
Never,Never,Never,Most Days,6
Never,Never,Never,Most Days,7
Every Day,Every Day,Every Day,Never,6
Never,Some Days,Some Days,Some Days,9
Never,Some Days,Some Days,Some Days,6
Never,Some Days,Some Days,Some Days,10
Never,Never,Never,Every Day,7
Never,Never,Never,Most Days,8
Never,Some Days,Some Days,Most Days,8
Never,Some Days,Some Days,Most Days,8
Never,Some Days,Never,Most Days,7
Never,Some Days,Never,Most Days,7
Some Days,Some Days,Some Days,Most Days,7
Never,Never,Never,Every Day,9
Every Day,Every Day,Every Day,Never,4
Never,Some Days,Some Days,Some Days,6
Never,Never,Never,Most Days,7
Never,Every Day,Never,Some Days,6
Every Day,Some Days,Never,Never,8
Never,Never,Never,Most Days,7
Never,Some Days,Never,Most Days,6
Never,Some Days,Some Days,Never,7
Never,Never,Never,Most Days,8
Never,Never,Never,Every Day,9
Every Day,Every Day,Every Day,Never,6
Never,Never,Never,Some Days,7
Never,Some Days,Never,Every Day,13
Never,Never,Never,Every Day,7
Never,Some Days,Never,Most Days,8
Never,Never,Never,Most Days,8
Never,Never,Never,Most Days,8
Never,Never,Never,Every Day,7
Never,Never,Some Days,Most Days,6
Never,Never,Never,Most Days,6
Never,Most Days,Some Days,Some Days,6
Never,Never,Most Days,Never,8
Never,Some Days,Never,Some Days,7
Never,Never,Never,Every Day,11
Never,Never,Some Days,Most Days,8
Never,Never,Most Days,Never,6
Never,Some Days,Some Days,Some Days,14
Never,Never,Some Days,Most Days,8
Never,Some Days,Some Days,Most Days,8
Never,Never,Never,Some Days,7
Never,Never,Never,Most Days,7
Never,Some Days,Never,Most Days,5
Never,Some Days,Some Days,Most Days,7
Never,Never,Never,Some Days,6
Never,Most Days,Never,Most Days,8
Never,Never,Never,Most Days,7
Never,Some Days,Never,Most Days,8
Never,Never,Never,Every Day,7
Some Days,Some Days,Some Days,Some Days,10
Some Days,Never,Some Days,Most Days,7
Never,Every Day,Never,Some Days,8
Every Day,Never,Never,Most Days,8
Never,Never,Never,Every Day,8
Never,Never,Never,Most Days,7
Every Day,Some Days,Some Days,Most Days,7
Never,Never,Never,Every Day,8
Never,Some Days,Some Days,Some Days,8
Most Days,Some Days,Some Days,Some Days,7
Never,Never,Some Days,Some Days,7
Never,Never,Never,Most Days,7
Never,Never,Never,Every Day,8
Never,Most Days,Some Days,Some Days,7
Never,Most Days,Most Days,Some Days,6
Never,Never,Some Days,Some Days,6
Never,Some Days,Some Days,Every Day,8
Never,Never,Never,Every Day,8
Never,Never,Never,Some Days,8
Never,Some Days,Some Days,Some Days,8
Never,Never,Some Days,Most Days,6
Never,Some Days,Some Days,Most Days,8
Never,Never,Never,Some Days,6
Never,Never,Never,Most Days,8
Some Days,Some Days,Some Days,Some Days,8
Never,Never,Never,Every Day,11
Never,Never,Some Days,Every Day,8
Some Days,Some Days,Some Days,Most Days,8
Never,Every Day,Some Days,Some Days,8
Never,Never,Never,Every Day,8
Never,Never,Never,Every Day,8
Every Day,Never,Never,Never,7
Never,Never,Never,Every Day,8
Never,Some Days,Some Days,Most Days,8
Never,Never,Never,Most Days,8
Never,Never,Never,Some Days,8
Every Day,Some Days,Every Day,Most Days,6
Never,Some Days,Some Days,Some Days,7
Never,Some Days,Some Days,Some Days,6
Never,Never,Never,Some Days,6
Never,Never,Some Days,Most Days,8
Never,Every Day,Never,Every Day,10
Never,Most Days,Never,Some Days,7
Never,Most Days,Some Days,Some Days,5
Never,Never,Some Days,Some Days,6
Never,Some Days,Never,Most Days,8
Never,Never,Never,Every Day,7
Some Days,Never,Never,Every Day,8
Never,Never,Never,Never,8
Every Day,Some Days,Never,Some Days,8
Some Days,Never,Some Days,Some Days,8
Never,Never,Never,Most Days,9
Never,Some Days,Most Days,Some Days,3
Every Day,Every Day,Every Day,Never,6
Never,Never,Some Days,Most Days,7
Never,Never,Never,Every Day,7
Never,Every Day,Some Days,Some Days,5
Never,Every Day,Every Day,Never,2
Never,Most Days,Most Days,Some Days,5
Never,Never,Some Days,Some Days,8
Never,Never,Never,Some Days,8
Never,Never,Never,Most Days,6
Never,Some Days,Some Days,Every Day,8
Never,Never,Never,Some Days,15
Never,Never,Some Days,Some Days,7
Most Days,Every Day,Never,Never,6
Never,Never,Most Days,Some Days,7
Never,Never,Never,Most Days,7
Never,Never,Never,Most Days,7
Never,Some Days,Some Days,Most Days,9
Never,Never,Never,Most Days,7
Never,Never,Never,Most Days,7
Every Day,Most Days,Every Day,Some Days,5
Never,Some Days,Some Days,Most Days,8
Never,Never,Never,Most Days,10
Most Days,Most Days,Most Days,Never,4
Some Days,Some Days,Never,Most Days,9
Never,Never,Never,Some Days,8
Some Days,Never,Some Days,Some Days,8
Never,Never,Never,Most Days,6
Never,Most Days,Some Days,Most Days,6
Most Days,Most Days,Most Days,Most Days,6
Never,Never,Never,Every Day,8
Never,Every Day,Some Days,Some Days,6
Never,Never,Never,Every Day,7
Never,Never,Some Days,Most Days,6
Never,Every Day,Some Days,Some Days,9
Never,Some Days,Some Days,Never,6
Never,Never,Never,Every Day,9
Never,Every Day,Every Day,Never,6
Never,Never,Never,Most Days,6
Never,Some Days,Never,Most Days,7
Never,Some Days,Never,Most Days,6
Most Days,Most Days,Some Days,Some Days,12
Never,Most Days,Some Days,Never,10
Never,Never,Some Days,Most Days,6
Never,Never,Never,Most Days,8
Some Days,Never,Never,Most Days,6
Never,Every Day,Every Day,Some Days,8
Never,Every Day,Never,Most Days,6
Never,Never,Never,Most Days,6
Never,Never,Some Days,Every Day,6
Every Day,Some Days,Most Days,Most Days,7
Never,Some Days,Most Days,Most Days,6
Some Days,Some Days,Never,Most Days,7
Every Day,Never,Some Days,Most Days,7
Never,Never,Never,Some Days,7
Never,Never,Never,Most Days,9
Never,Never,Some Days,Most Days,8
Never,Some Days,Some Days,Most Days,6
Never,Never,Never,Most Days,7
Never,Some Days,Never,Some Days,6
Most Days,Most Days,Every Day,Some Days,5
Never,Never,Some Days,Never,6
Never,Some Days,Some Days,Some Days,9
Never,Never,Never,Every Day,8
Never,Never,Some Days,Most Days,7
Never,Most Days,Some Days,Most Days,6
Never,Never,Never,Some Days,7
Every Day,Never,Never,Most Days,8
Never,Never,Never,Some Days,7
Never,Some Days,Never,Most Days,8
Never,Never,Never,Most Days,6
Never,Never,Never,Every Day,8
Never,Never,Some Days,Most Days,6
Every Day,Never,Some Days,Every Day,7
Some Days,Every Day,Every Day,Never,6
Never,Every Day,Every Day,Some Days,8
Some Days,Every Day,Every Day,Never,9
Never,Never,Some Days,Some Days,6
Never,Some Days,Never,Every Day,6
Never,Never,Never,Every Day,6
Never,Never,Never,Every Day,7
Never,Never,Never,Every Day,7
Never,Some Days,Some Days,Some Days,6
Never,Never,Some Days,Every Day,8
Never,Never,Never,Never,7
Never,Never,Never,Some Days,6
Never,Never,Never,Most Days,8
Never,Never,Never,Most Days,8
Never,Never,Never,Most Days,7
Never,Some Days,Never,Most Days,7
Some Days,Never,Most Days,Some Days,5
Never,Some Days,Some Days,Some Days,6
Never,Every Day,Most Days,Some Days,9
Never,Some Days,Most Days,Some Days,6
Never,Never,Most Days,Never,7
Never,Every Day,Every Day,Never,4
Every Day,Never,Every Day,Some Days,12
Every Day,Some Days,Most Days,Some Days,8
Some Days,Some Days,Some Days,Some Days,7
Never,Never,Never,Most Days,6
Never,Never,Most Days,Never,8
Never,Some Days,Every Day,Some Days,5
Never,Never,Never,Some Days,5
Never,Some Days,Most Days,Never,18
Never,Some Days,Some Days,Some Days,7
Never,Some Days,Some Days,Most Days,8
Some Days,Some Days,Some Days,Most Days,8
Some Days,Never,Some Days,Most Days,7
Never,Never,Most Days,Some Days,7
Never,Some Days,Some Days,Most Days,7
Some Days,Never,Some Days,Most Days,8
Never,Never,Never,Every Day,6
Never,Never,Never,Every Day,8
Never,Never,Never,Most Days,8
Never,Never,Never,Some Days,6
Never,Never,Never,Every Day,8
Never,Never,Never,Every Day,6
Never,Never,Never,Never,8
Never,Some Days,Some Days,Most Days,7
Never,Every Day,Some Days,Some Days,9
Never,Most Days,Some Days,Never,12
Never,Never,Some Days,Most Days,6
Never,Most Days,Some Days,Most Days,6
Never,Most Days,Never,Most Days,6
Some Days,Some Days,Some Days,Most Days,7
Never,Never,Never,Most Days,8
Never,Never,Never,Most Days,9
Most Days,Every Day,Every Day,Never,5
Never,Never,Never,Most Days,7
Some Days,Never,Never,Most Days,8
Never,Some Days,Never,Most Days,8
Never,Never,Some Days,Every Day,8
Never,Some Days,Never,Some Days,5
Never,Never,Never,Every Day,8
Never,Never,Some Days,Never,6
Never,Some Days,Some Days,Some Days,8
Never,Never,Never,Every Day,8
Never,Never,Never,Every Day,9
Never,Never,Never,Never,10
Never,Never,Some Days,Most Days,7
Never,Never,Some Days,Some Days,6
Never,Never,Some Days,Every Day,6
Never,Never,Never,Every Day,7
Never,Never,Never,Most Days,8
Some Days,Some Days,Some Days,Most Days,7
Never,Never,Never,Never,8
Never,Never,Some Days,Some Days,8
Never,Never,Some Days,Most Days,11
Never,Never,Most Days,Most Days,12
Some Days,Never,Never,Some Days,6
Never,Never,Never,Never,7
Never,Never,Some Days,Some Days,6
Never,Most Days,Most Days,Never,8
Never,Never,Never,Every Day,8
Every Day,Never,Never,Most Days,9
Some Days,Some Days,Most Days,Some Days,8
Every Day,Never,Some Days,Every Day,6
Never,Never,Never,Some Days,6
Every Day,Some Days,Every Day,Never,5
Never,Never,Never,Every Day,8
Never,Never,Never,Most Days,8
Most Days,Every Day,Never,Some Days,6
Never,Every Day,Most Days,Some Days,6
Never,Some Days,Some Days,Every Day,8
Never,Never,Never,Every Day,7
Never,Every Day,Never,Most Days,7
Some Days,Most Days,Some Days,Some Days,5
Never,Every Day,Some Days,Some Days,6
Never,Never,Never,Most Days,8
Never,Never,Some Days,Most Days,6
Never,Never,Never,Most Days,8
Never,Never,Never,Every Day,8
Never,Some Days,Never,Never,9
Never,Never,Never,Most Days,8
Never,Never,Never,Some Days,6
Never,Never,Some Days,Some Days,6
Never,Every Day,Never,Never,6
Never,Some Days,Some Days,Most Days,2
Some Days,Never,Some Days,Some Days,7
Never,Never,Never,Most Days,8
Never,Never,Never,Most Days,7
Never,Never,Never,Most Days,7
Never,Some Days,Some Days,Most Days,6
Every Day,Never,Never,Every Day,8
Every Day,Never,Never,Most Days,7
Never,Never,Some Days,Most Days,7
Never,Never,Never,Most Days,8
Never,Some Days,Some Days,Some Days,6
Never,Some Days,Never,Some Days,6
Never,Never,Some Days,Most Days,8
Never,Some Days,Never,Most Days,6
Every Day,Most Days,Most Days,Some Days,7
Never,Never,Never,Most Days,8
Never,Never,Never,Most Days,7
Some Days,Some Days,Some Days,Some Days,7
Most Days,Some Days,Some Days,Some Days,9
Never,Never,Never,Every Day,8
Never,Some Days,Some Days,Most Days,6
Never,Some Days,Some Days,Some Days,7
Never,Some Days,Some Days,Some Days,8
Some Days,Most Days,Every Day,Some Days,6
Never,Some Days,Never,Most Days,8
Never,Never,Never,Most Days,7
Never,Never,Never,Most Days,10
Never,Some Days,Some Days,Most Days,8
Never,Never,Never,Most Days,7
Never,Some Days,Never,Most Days,6
Never,Some Days,Never,Some Days,8
Never,Most Days,Never,Most Days,8
Never,Never,Never,Most Days,7
Never,Some Days,Never,Most Days,6
Never,Some Days,Some Days,Most Days,7
Never,Every Day,Most Days,Never,4
Never,Never,Never,Every Day,8
Never,Some Days,Some Days,Most Days,6
Some Days,Never,Some Days,Some Days,8
Some Days,Never,Some Days,Most Days,8
Never,Most Days,Every Day,Never,5
Never,Never,Never,Some Days,6
Never,Some Days,Some Days,Most Days,8
Never,Never,Never,Most Days,7
Never,Some Days,Some Days,Some Days,7
Some Days,Never,Never,Some Days,6
Never,Never,Some Days,Never,5
Some Days,Never,Some Days,Some Days,7
Never,Never,Never,Every Day,7
Never,Never,Never,Every Day,7
Some Days,Every Day,Every Day,Never,12
Some Days,Most Days,Never,Some Days,7
Never,Never,Never,Some Days,5
Never,Some Days,Never,Most Days,6
Never,Every Day,Every Day,Most Days,6
Never,Never,Some Days,Most Days,8
Never,Never,Never,Most Days,7
Never,Most Days,Most Days,Every Day,6
Never,Every Day,Never,Every Day,8
Never,Some Days,Some Days,Most Days,9
Every Day,Every Day,Every Day,Never,5
Never,Never,Never,Every Day,5
Never,Never,Some Days,Some Days,6
Never,Some Days,Never,Every Day,7
Some Days,Every Day,Some Days,Every Day,10
Some Days,Some Days,Some Days,Never,6
Never,Some Days,Some Days,Most Days,8
Every Day,Most Days,Some Days,Most Days,7
Never,Never,Never,Every Day,8
Every Day,Most Days,Most Days,Some Days,6
Some Days,Some Days,Some Days,Every Day,8
Most Days,Every Day,Every Day,Never,4
Never,Never,Some Days,Most Days,8
Some Days,Never,Some Days,Most Days,8
Never,Never,Never,Every Day,8
Never,Some Days,Some Days,Some Days,7
Every Day,Every Day,Every Day,Some Days,6
Some Days,Every Day,Most Days,Never,6
Never,Never,Never,Never,6
Never,Every Day,Some Days,Every Day,5
Never,Some Days,Some Days,Some Days,7
Never,Never,Never,Most Days,7
Never,Never,Some Days,Most Days,7
Never,Never,Some Days,Most Days,5
Never,Never,Never,Some Days,6
Never,Some Days,Some Days,Never,6
Never,Never,Never,Some Days,8
Never,Every Day,Never,Most Days,8
Never,Some Days,Some Days,Most Days,7
Never,Every Day,Never,Some Days,6
Never,Never,Some Days,Most Days,8
Never,Never,Never,Some Days,6
Never,Never,Never,Most Days,7
Never,Never,Never,Most Days,7
Every Day,Every Day,Every Day,Never,4
Never,Some Days,Most Days,Some Days,6
Never,Never,Never,Every Day,8
Never,Never,Never,Every Day,10
Some Days,Some Days,Some Days,Some Days,6
Never,Never,Never,Every Day,10
Never,Never,Never,Most Days,9
Never,Never,Never,Most Days,6
Never,Never,Never,Some Days,6
Never,Never,Never,Every Day,8
Some Days,Some Days,Some Days,Some Days,6
Never,Some Days,Some Days,Most Days,8
Some Days,Most Days,Some Days,Never,7
Most Days,Never,Some Days,Never,8
Never,Some Days,Never,Most Days,8
Every Day,Some Days,Some Days,Most Days,10
Some Days,Never,Some Days,Most Days,7
Never,Never,Some Days,Most Days,8
Some Days,Some Days,Never,Some Days,6
Most Days,Some Days,Some Days,Some Days,7
Never,Some Days,Some Days,Some Days,6
Some Days,Most Days,Most Days,Some Days,8
Never,Never,Never,Some Days,7
Never,Never,Never,Some Days,6
Never,Never,Never,Every Day,8
Never,Never,Never,Most Days,7
Never,Most Days,Never,Some Days,6
Every Day,Never,Never,Every Day,8
Every Day,Never,Never,Most Days,8
Never,Some Days,Some Days,Most Days,6
Never,Never,Never,Every Day,7
Never,Never,Never,Most Days,6
Never,Some Days,Some Days,Most Days,8
Never,Never,Never,Most Days,8
Never,Never,Never,Most Days,6
Never,Some Days,Never,Most Days,8
Never,Never,Never,Never,8
Never,Some Days,Most Days,Some Days,6
Never,Never,Never,Most Days,7
Most Days,Some Days,Some Days,Most Days,7
Every Day,Most Days,Most Days,Some Days,6
Never,Never,Never,Most Days,7
Some Days,Every Day,Most Days,Most Days,8
Never,Some Days,Some Days,Most Days,8
Never,Never,Never,Most Days,9
Some Days,Most Days,Most Days,Most Days,6
Never,Never,Some Days,Most Days,7
Never,Never,Never,Every Day,9
Every Day,Never,Never,Every Day,8
Most Days,Every Day,Most Days,Some Days,6
Never,Never,Never,Most Days,8
Never,Never,Never,Most Days,7
Some Days,Some Days,Most Days,Most Days,6
Never,Never,Never,Some Days,7
Never,Never,Some Days,Never,10
Never,Never,Never,Some Days,7
Never,Never,Never,Most Days,7
Every Day,Never,Never,Most Days,8
Every Day,Every Day,Every Day,Never,7
Never,Never,Never,Most Days,8
Some Days,Some Days,Some Days,Some Days,7
Never,Most Days,Never,Never,5
Never,Most Days,Some Days,Some Days,6
Never,Never,Never,Some Days,7
Never,Some Days,Never,Every Day,7
Never,Never,Never,Every Day,8
Never,Never,Never,Every Day,9
Never,Never,Some Days,Every Day,7
Never,Some Days,Some Days,Some Days,4
Never,Never,Never,Most Days,7
Never,Some Days,Some Days,Most Days,6
Never,Never,Some Days,Every Day,8
Never,Every Day,Some Days,Never,4
Never,Some Days,Some Days,Every Day,7
Some Days,Some Days,Every Day,Some Days,6
Never,Never,Never,Some Days,7
Never,Never,Some Days,Some Days,7
Never,Some Days,Never,Never,8
Never,Never,Never,Most Days,8
Some Days,Most Days,Every Day,Some Days,5
Every Day,Some Days,Some Days,Some Days,6
Never,Some Days,Some Days,Most Days,7
Never,Some Days,Some Days,Most Days,10
Never,Never,Never,Some Days,6
Never,Some Days,Most Days,Some Days,6
Never,Never,Never,Most Days,8
Some Days,Some Days,Never,Most Days,7
Every Day,Every Day,Every Day,Never,6
Never,Some Days,Never,Most Days,8
Never,Some Days,Never,Most Days,9
Never,Never,Never,Some Days,7
Never,Some Days,Some Days,Every Day,9
Never,Some Days,Some Days,Most Days,10
Never,Never,Never,Some Days,7
Never,Never,Some Days,Most Days,8
Never,Never,Some Days,Most Days,9
Never,Some Days,Never,Most Days,7
Never,Most Days,Never,Most Days,7
Never,Never,Never,Most Days,8
Never,Never,Some Days,Most Days,7
Never,Some Days,Some Days,Some Days,6
Never,Some Days,Never,Some Days,6
Never,Some Days,Never,Most Days,8
Never,Some Days,Some Days,Some Days,6
Never,Some Days,Some Days,Most Days,8
Never,Never,Never,Most Days,9
Every Day,Never,Most Days,Most Days,9
Never,Never,Some Days,Most Days,7
Never,Never,Never,Most Days,9
Never,Some Days,Never,Some Days,6
Some Days,Every Day,Some Days,Most Days,7
Never,Never,Some Days,Every Day,8
Never,Never,Never,Most Days,7
Never,Some Days,Some Days,Most Days,8
Never,Never,Never,Most Days,8
Never,Every Day,Never,Some Days,7
Never,Never,Never,Every Day,8
Never,Never,Never,Most Days,7
Never,Never,Never,Every Day,7
Never,Never,Never,Every Day,7
Never,Some Days,Most Days,Some Days,6
Never,Every Day,Every Day,Most Days,6
Never,Never,Never,Most Days,7
Never,Most Days,Some Days,Some Days,7
Never,Some Days,Some Days,Most Days,7
Never,Some Days,Some Days,Some Days,7
Never,Some Days,Some Days,Most Days,7
Never,Never,Never,Some Days,7
Never,Some Days,Some Days,Some Days,6
Never,Some Days,Some Days,Some Days,7
Never,Never,Never,Some Days,6
Never,Every Day,Never,Every Day,8
Never,Never,Never,Some Days,8
Never,Every Day,Every Day,Every Day,4
Never,Some Days,Some Days,Most Days,7
Never,Never,Some Days,Most Days,9
Never,Never,Some Days,Most Days,6
Never,Never,Never,Most Days,6
Never,Never,Never,Every Day,8
Some Days,Most Days,Most Days,Most Days,7
Never,Never,Never,Most Days,10
Never,Most Days,Some Days,Some Days,6
Never,Some Days,Never,Most Days,6
Never,Some Days,Some Days,Most Days,8
Never,Most Days,Most Days,Some Days,5
Never,Every Day,Never,Never,7
Never,Never,Never,Most Days,8
Never,Some Days,Some Days,Most Days,8
Never,Never,Never,Most Days,9
Never,Never,Some Days,Some Days,6
Never,Never,Never,Most Days,7
Never,Never,Never,Some Days,7
Never,Never,Some Days,Some Days,8
Never,Never,Never,Never,8
Never,Some Days,Some Days,Never,5
Every Day,Never,Some Days,Most Days,8
Never,Never,Some Days,Most Days,8
Never,Some Days,Never,Some Days,6
Never,Some Days,Never,Most Days,8
Some Days,Some Days,Never,Most Days,7
Some Days,Every Day,Every Day,Never,5
Never,Never,Never,Every Day,9
Never,Some Days,Some Days,Some Days,7
Never,Every Day,Every Day,Some Days,5
Never,Every Day,Never,Most Days,8
Never,Never,Some Days,Most Days,8
Never,Most Days,Some Days,Most Days,7
Never,Never,Never,Every Day,7
Never,Some Days,Some Days,Most Days,8
Some Days,Never,Some Days,Most Days,8
Never,Never,Some Days,Most Days,8
Every Day,Never,Some Days,Most Days,17
Never,Some Days,Some Days,Most Days,8
Never,Some Days,Never,Most Days,9
Never,Never,Never,Most Days,7
Never,Some Days,Some Days,Some Days,7
Never,Most Days,Some Days,Never,7
Never,Every Day,Every Day,Never,7
Never,Some Days,Some Days,Some Days,8
Never,Never,Never,Every Day,8
Never,Never,Never,Most Days,7
Never,Never,Never,Never,10
Never,Some Days,Some Days,Some Days,6
Every Day,Most Days,Never,Every Day,10
Never,Never,Never,Some Days,8
Every Day,Every Day,Never,Most Days,10
Never,Every Day,Every Day,Never,5
Never,Never,Never,Most Days,7
Never,Some Days,Never,Most Days,8
Never,Never,Never,Every Day,6
Never,Never,Never,Most Days,7
Never,Never,Some Days,Some Days,7
Never,Never,Some Days,Some Days,7
Never,Never,Never,Some Days,6
Never,Never,Never,Every Day,8
Every Day,Never,Never,Never,12
Never,Most Days,Never,Never,5
Never,Never,Never,Every Day,8
Never,Never,Some Days,Never,9
Never,Never,Never,Every Day,9
Never,Most Days,Some Days,Most Days,8
Never,Never,Never,Some Days,6
Never,Every Day,Every Day,Never,6
Never,Some Days,Never,Most Days,6
Never,Never,Some Days,Every Day,6
Never,Most Days,Most Days,Some Days,6
Some Days,Some Days,Some Days,Most Days,8
Never,Never,Never,Most Days,8
Never,Never,Some Days,Most Days,6
Never,Some Days,Never,Most Days,8
Never,Some Days,Some Days,Some Days,8
Never,Some Days,Never,Some Days,5
Never,Most Days,Some Days,Most Days,6
Never,Never,Never,Every Day,8
Never,Never,Never,Most Days,8
Never,Some Days,Some Days,Some Days,6
Never,Some Days,Never,Most Days,8
Never,Never,Never,Most Days,7
Never,Every Day,Never,Some Days,7
Never,Never,Never,Some Days,7
Never,Never,Never,Some Days,8
Some Days,Some Days,Some Days,Most Days,7
Never,Some Days,Some Days,Some Days,8
Never,Never,Never,Most Days,7
Never,Some Days,Never,Most Days,8
Never,Never,Some Days,Most Days,8
Never,Never,Some Days,Most Days,8
Some Days,Every Day,Every Day,Never,7
Never,Never,Some Days,Most Days,7
Never,Never,Never,Never,8
Never,Never,Never,Some Days,7
Never,Some Days,Some Days,Some Days,6
Never,Never,Never,Most Days,7
Never,Some Days,Some Days,Most Days,6
Never,Never,Never,Most Days,6
Never,Some Days,Some Days,Some Days,6
Never,Never,Never,Most Days,8
Never,Some Days,Some Days,Some Days,4
Never,Never,Never,Most Days,9
Never,Never,Never,Some Days,7
Never,Never,Never,Some Days,7
Never,Every Day,Never,Some Days,7
Never,Some Days,Most Days,Most Days,7
Never,Never,Never,Every Day,7
Never,Never,Never,Most Days,7
Some Days,Some Days,Some Days,Some Days,7
Never,Every Day,Most Days,Never,5
Never,Never,Never,Every Day,8
Some Days,Some Days,Some Days,Some Days,6
Never,Never,Some Days,Some Days,6
Every Day,Most Days,Some Days,Most Days,7
Some Days,Never,Some Days,Most Days,7
Never,Every Day,Never,Most Days,7
Never,Some Days,Some Days,Most Days,7
Every Day,Some Days,Never,Some Days,7
Never,Never,Never,Every Day,7
Some Days,Never,Some Days,Most Days,9
Never,Some Days,Never,Most Days,9
Every Day,Most Days,Never,Some Days,7
Never,Some Days,Some Days,Some Days,6
Never,Never,Most Days,Every Day,6
Never,Never,Never,Most Days,8
Never,Never,Never,Every Day,8
Never,Never,Never,Every Day,8
Never,Never,Never,Most Days,7
Never,Never,Some Days,Some Days,7
Never,Never,Never,Most Days,7
Some Days,Never,Some Days,Most Days,7
Never,Never,Never,Every Day,7
Some Days,Most Days,Most Days,Never,6
Never,Some Days,Some Days,Some Days,8
Never,Every Day,Never,Never,7
Never,Never,Never,Never,6
Never,Some Days,Most Days,Some Days,6
Never,Some Days,Some Days,Most Days,7
Never,Never,Some Days,Some Days,8
Never,Every Day,Most Days,Some Days,6
Every Day,Never,Every Day,Every Day,7
Never,Never,Never,Every Day,8
Most Days,Every Day,Never,Never,6
Some Days,Every Day,Every Day,Never,4
Never,Never,Never,Most Days,6
Never,Never,Never,Most Days,6
Every Day,Some Days,Some Days,Some Days,6
Never,Every Day,Every Day,Never,8
Every Day,Most Days,Some Days,Never,9
Never,Some Days,Some Days,Most Days,8
Every Day,Every Day,Every Day,Never,4
Never,Never,Never,Most Days,6
Every Day,Every Day,Most Days,Some Days,5
Never,Never,Never,Most Days,7
Never,Never,Never,Most Days,8
Some Days,Most Days,Every Day,Most Days,5
Never,Never,Never,Never,7
Every Day,Never,Most Days,Every Day,6
Never,Never,Some Days,Some Days,8
Never,Some Days,Never,Never,8
Never,Some Days,Some Days,Every Day,6
Never,Every Day,Every Day,Never,6
Never,Never,Never,Most Days,8
Never,Never,Never,Every Day,8
Never,Every Day,Never,Never,8
Never,Some Days,Some Days,Some Days,7
Never,Never,Never,Most Days,7
Never,Never,Never,Most Days,7
Some Days,Most Days,Most Days,Some Days,5
Never,Never,Never,Every Day,6
Every Day,Some Days,Some Days,Some Days,7
Never,Never,Never,Never,7
Never,Never,Never,Every Day,8
Some Days,Some Days,Some Days,Some Days,7
Never,Most Days,Some Days,Some Days,7
Never,Never,Never,Most Days,7
Never,Never,Never,Most Days,7
Never,Some Days,Some Days,Most Days,8
Never,Never,Never,Most Days,7
Never,Some Days,Most Days,Some Days,5
Never,Every Day,Every Day,Never,5
Never,Every Day,Never,Most Days,6
Never,Some Days,Some Days,Most Days,8
Never,Most Days,Never,Most Days,8
Every Day,Never,Most Days,Some Days,5
Never,Some Days,Never,Most Days,8
Never,Never,Never,Most Days,8
Every Day,Never,Never,Most Days,7
Never,Some Days,Never,Every Day,6
Never,Some Days,Never,Most Days,8
Never,Some Days,Never,Most Days,7
Some Days,Some Days,Some Days,Most Days,7
Never,Never,Some Days,Most Days,6
Never,Never,Never,Never,6
Never,Every Day,Every Day,Never,8
Never,Never,Never,Never,5
Never,Never,Some Days,Most Days,6
Never,Never,Some Days,Every Day,12
Never,Never,Some Days,Most Days,6
Every Day,Never,Some Days,Most Days,8
Never,Never,Never,Some Days,8
Never,Some Days,Some Days,Some Days,8
Never,Some Days,Most Days,Some Days,5
Never,Never,Some Days,Most Days,7
Never,Some Days,Some Days,Some Days,7
Never,Never,Some Days,Most Days,6
Never,Never,Never,Some Days,7
Never,Never,Never,Most Days,8
Never,Never,Never,Most Days,7
Never,Never,Never,Never,7
Never,Never,Some Days,Some Days,8
Never,Never,Never,Some Days,8
Every Day,Some Days,Some Days,Some Days,8
Never,Never,Never,Most Days,6
Never,Never,Never,Every Day,8
Never,Some Days,Some Days,Most Days,7
Every Day,Some Days,Never,Most Days,9
Never,Some Days,Never,Most Days,8
Some Days,Every Day,Every Day,Never,6
Never,Never,Never,Every Day,6
Every Day,Some Days,Some Days,Some Days,8
Never,Never,Never,Most Days,8
Some Days,Every Day,Never,Never,6
Never,Never,Some Days,Never,8
Never,Some Days,Never,Never,8
Never,Never,Never,Every Day,8
Every Day,Never,Most Days,Every Day,7
Some Days,Most Days,Never,Most Days,7
Most Days,Never,Every Day,Most Days,7
Never,Never,Never,Every Day,8
Never,Never,Most Days,Some Days,6
Never,Some Days,Never,Most Days,7
Some Days,Never,Some Days,Most Days,7
Never,Never,Never,Some Days,7
Never,Some Days,Some Days,Most Days,8
Never,Never,Never,Most Days,7
Never,Most Days,Never,Most Days,7
Most Days,Most Days,Never,Some Days,7
Some Days,Some Days,Some Days,Every Day,8
Every Day,Some Days,Most Days,Most Days,7
Never,Some Days,Never,Never,7
Every Day,Some Days,Some Days,Some Days,6
Never,Never,Never,Most Days,7
Never,Never,Some Days,Every Day,9
Never,Never,Never,Some Days,8
Most Days,Never,Some Days,Some Days,8
Some Days,Some Days,Some Days,Most Days,8
Never,Never,Never,Every Day,8
Some Days,Never,Some Days,Most Days,7
Never,Some Days,Some Days,Most Days,8
Never,Never,Some Days,Most Days,7
Never,Some Days,Some Days,Most Days,7
Never,Never,Never,Most Days,8
Most Days,Never,Some Days,Most Days,8
Never,Some Days,Some Days,Some Days,4
Never,Some Days,Some Days,Never,12
Most Days,Most Days,Some Days,Most Days,6
Never,Every Day,Never,Most Days,8
Never,Some Days,Some Days,Some Days,6
Never,Never,Never,Some Days,7
Some Days,Some Days,Some Days,Most Days,7
Never,Never,Most Days,Most Days,6
Some Days,Every Day,Never,Every Day,8
Never,Never,Never,Never,9
Never,Every Day,Some Days,Some Days,7
Some Days,Most Days,Most Days,Some Days,6
Never,Never,Some Days,Most Days,7
Never,Never,Never,Most Days,8
Never,Never,Most Days,Most Days,7
Every Day,Every Day,Every Day,Some Days,4
Never,Some Days,Never,Most Days,7
Never,Never,Most Days,Some Days,6
Never,Never,Some Days,Most Days,7
Every Day,Never,Never,Most Days,5
Never,Never,Never,Every Day,7
Never,Most Days,Some Days,Some Days,7
Never,Most Days,Some Days,Every Day,8
Never,Never,Never,Most Days,7
Never,Some Days,Some Days,Most Days,8
Never,Some Days,Some Days,Some Days,7
Never,Every Day,Every Day,Most Days,3
Never,Some Days,Every Day,Never,7
Never,Some Days,Some Days,Some Days,7
Never,Every Day,Every Day,Some Days,7
Every Day,Some Days,Some Days,Some Days,7
Never,Never,Never,Most Days,8
Never,Some Days,Never,Some Days,7
Never,Never,Never,Most Days,8
Never,Never,Never,Every Day,8
Never,Never,Never,Every Day,8
Never,Never,Never,Every Day,7
Most Days,Never,Never,Every Day,7
Never,Every Day,Most Days,Never,5
Never,Never,Never,Some Days,6
Never,Some Days,Some Days,Most Days,8
Never,Some Days,Most Days,Some Days,5
Never,Never,Never,Some Days,7
Never,Never,Never,Most Days,8
Never,Some Days,Some Days,Some Days,7
Never,Never,Never,Every Day,10
Never,Never,Never,Most Days,7
Never,Some Days,Most Days,Never,12
Never,Never,Never,Most Days,8
Never,Some Days,Some Days,Some Days,8
Never,Some Days,Every Day,Never,4
Never,Never,Some Days,Most Days,8
Never,Never,Some Days,Most Days,9
Never,Never,Never,Every Day,8
Never,Never,Never,Every Day,8
Never,Never,Never,Every Day,6
Never,Never,Most Days,Some Days,6
Never,Every Day,Every Day,Never,2
Never,Every Day,Every Day,Some Days,4
Never,Some Days,Some Days,Some Days,9
Never,Never,Some Days,Most Days,8
Never,Never,Never,Every Day,6
Never,Every Day,Most Days,Never,6
Most Days,Never,Most Days,Most Days,9
Never,Every Day,Some Days,Some Days,8
Never,Never,Never,Most Days,8
Never,Never,Never,Every Day,7
Never,Some Days,Most Days,Most Days,6
Never,Never,Never,Most Days,7
Never,Some Days,Most Days,Never,6
Never,Never,Some Days,Most Days,6
Never,Never,Some Days,Some Days,8
Never,Some Days,Never,Most Days,8
Most Days,Never,Some Days,Some Days,8
Never,Never,Some Days,Some Days,7
Never,Most Days,Some Days,Some Days,8
Most Days,Some Days,Every Day,Some Days,6
Never,Never,Some Days,Every Day,10
Never,Some Days,Some Days,Some Days,8
Never,Some Days,Never,Every Day,8
Some Days,Some Days,Some Days,Never,9
Never,Never,Never,Every Day,8
Never,Never,Never,Every Day,9
Never,Never,Never,Some Days,10
Some Days,Some Days,Every Day,Some Days,8
Some Days,Most Days,Never,Some Days,7
Never,Never,Never,Every Day,8
Never,Every Day,Never,Some Days,3
Every Day,Some Days,Some Days,Never,8
Never,Some Days,Some Days,Most Days,8
Never,Never,Never,Some Days,7
Never,Never,Never,Most Days,8
Never,Never,Some Days,Some Days,7
Never,Some Days,Never,Most Days,8
Never,Every Day,Never,Most Days,8
Never,Never,Never,Most Days,7
Some Days,Never,Never,Some Days,5
Never,Never,Never,Most Days,7
Some Days,Never,Some Days,Every Day,6
Never,Most Days,Every Day,Never,6
Never,Never,Most Days,Some Days,6
Never,Most Days,Never,Some Days,8
Never,Most Days,Some Days,Some Days,7
Never,Most Days,Most Days,Never,6
Never,Some Days,Never,Never,6
Never,Never,Never,Most Days,8
Some Days,Some Days,Some Days,Some Days,6
Never,Never,Some Days,Some Days,7
Never,Most Days,Most Days,Never,5
Some Days,Never,Never,Every Day,9
Never,Most Days,Never,Some Days,6
Never,Never,Never,Every Day,9
Never,Never,Never,Most Days,7
Some Days,Some Days,Never,Every Day,7
Never,Never,Never,Some Days,8
Some Days,Some Days,Some Days,Most Days,7
Never,Every Day,Some Days,Some Days,6
Never,Never,Never,Most Days,8
Every Day,Most Days,Most Days,Some Days,5
Most Days,Some Days,Some Days,Some Days,5
Never,Some Days,Some Days,Most Days,7
Some Days,Some Days,Some Days,Some Days,7
Some Days,Most Days,Some Days,Some Days,7
Never,Never,Never,Most Days,8
Never,Most Days,Most Days,Never,7
Some Days,Some Days,Some Days,Most Days,6
Every Day,Some Days,Never,Most Days,8
Never,Never,Never,Some Days,7
Never,Never,Never,Every Day,7
Some Days,Some Days,Never,Most Days,7
Never,Some Days,Some Days,Most Days,6
Never,Most Days,Never,Some Days,6
Never,Most Days,Never,Some Days,8
Never,Some Days,Never,Most Days,8
Some Days,Never,Never,Most Days,8
Never,Some Days,Never,Every Day,7
Never,Some Days,Some Days,Most Days,7
Never,Some Days,Never,Most Days,8
Every Day,Some Days,Never,Some Days,7
Never,Never,Some Days,Most Days,8
Some Days,Every Day,Some Days,Some Days,7
Never,Never,Some Days,Most Days,7
Never,Every Day,Every Day,Every Day,9
Every Day,Every Day,Every Day,Never,5
Never,Never,Never,Every Day,8
Never,Never,Some Days,Most Days,8
Never,Never,Some Days,Some Days,8
Never,Never,Never,Most Days,8
Never,Never,Never,Most Days,8
Never,Never,Never,Every Day,7
Never,Never,Never,Most Days,7
Never,Never,Never,Every Day,7
Never,Some Days,Some Days,Most Days,8
Never,Some Days,Never,Some Days,5
Never,Never,Some Days,Some Days,9
Never,Never,Some Days,Most Days,6
Never,Never,Never,Some Days,6
Never,Some Days,Some Days,Some Days,6
Most Days,Never,Some Days,Some Days,6
Never,Never,Never,Some Days,7
Never,Never,Never,Every Day,8
Never,Some Days,Never,Every Day,4
Never,Never,Never,Every Day,8
Never,Every Day,Never,Some Days,7
Some Days,Never,Every Day,Most Days,8
Some Days,Some Days,Some Days,Some Days,7
Every Day,Most Days,Every Day,Some Days,5
Never,Some Days,Some Days,Most Days,7
Never,Never,Some Days,Some Days,7
Some Days,Some Days,Some Days,Some Days,6
Never,Never,Never,Every Day,8
Never,Most Days,Never,Some Days,8
Never,Some Days,Some Days,Some Days,7
Never,Never,Never,Some Days,8
Never,Every Day,Some Days,Most Days,6
Never,Some Days,Never,Most Days,7
Most Days,Some Days,Some Days,Some Days,8
Never,Most Days,Most Days,Never,4
Never,Never,Never,Most Days,8
Never,Never,Some Days,Some Days,6
Some Days,Some Days,Some Days,Most Days,5
Some Days,Some Days,Some Days,Most Days,6
Never,Never,Most Days,Some Days,6
Never,Most Days,Most Days,Never,4
Never,Never,Some Days,Most Days,7
Never,Every Day,Some Days,Most Days,6
Never,Never,Some Days,Most Days,8
Never,Some Days,Never,Most Days,8
Never,Never,Never,Every Day,8
Never,Never,Most Days,Never,6
Every Day,Most Days,Most Days,Some Days,7
Never,Some Days,Some Days,Some Days,8
Never,Some Days,Never,Most Days,8
Never,Some Days,Some Days,Some Days,6
Never,Some Days,Some Days,Most Days,17
Never,Never,Never,Most Days,8
Never,Some Days,Never,Most Days,8
Never,Never,Some Days,Most Days,10
Never,Never,Never,Most Days,8
Never,Never,Some Days,Most Days,9
Never,Most Days,Never,Some Days,7
Never,Never,Some Days,Most Days,8
Never,Some Days,Some Days,Most Days,8
Never,Every Day,Some Days,Some Days,7
Every Day,Never,Some Days,Most Days,9
Never,Never,Some Days,Some Days,6
Never,Never,Some Days,Most Days,7
Never,Every Day,Some Days,Some Days,7
Never,Never,Most Days,Most Days,8
Never,Never,Never,Every Day,8
Never,Never,Some Days,Most Days,8
Never,Never,Never,Most Days,8
Never,Some Days,Some Days,Some Days,7
Never,Some Days,Never,Most Days,8
Never,Never,Never,Most Days,7
Never,Never,Never,Most Days,8
Never,Never,Never,Every Day,7
Never,Never,Never,Most Days,7
Never,Never,Never,Every Day,9
Never,Never,Some Days,Every Day,9
Some Days,Most Days,Some Days,Some Days,6
Never,Some Days,Some Days,Some Days,6
Most Days,Never,Most Days,Some Days,7
Never,Some Days,Most Days,Most Days,6
Never,Some Days,Never,Every Day,6
Some Days,Every Day,Every Day,Never,4
Never,Never,Never,Most Days,7
Some Days,Some Days,Some Days,Most Days,7
Never,Some Days,Some Days,Most Days,7
Never,Some Days,Never,Some Days,6
Never,Never,Most Days,Some Days,6
Never,Never,Never,Most Days,7
Never,Never,Never,Never,8
Never,Never,Never,Some Days,8
Never,Never,Never,Most Days,8
Never,Every Day,Every Day,Never,7
Some Days,Never,Never,Every Day,8
Every Day,Never,Some Days,Some Days,7
Never,Some Days,Some Days,Most Days,8
Most Days,Some Days,Some Days,Some Days,6
Never,Every Day,Every Day,Never,5
Never,Every Day,Every Day,Never,3
Never,Never,Never,Most Days,6
Never,Some Days,Never,Most Days,7
Never,Never,Some Days,Most Days,8
Some Days,Never,Some Days,Most Days,6
Never,Never,Some Days,Most Days,7
Never,Most Days,Most Days,Most Days,6
Never,Most Days,Never,Every Day,8
Never,Never,Never,Most Days,9
Never,Never,Never,Every Day,7
Never,Some Days,Never,Some Days,8
Every Day,Never,Never,Every Day,9
Every Day,Never,Never,Never,8
Never,Every Day,Never,Some Days,6
Never,Most Days,Some Days,Some Days,9
Never,Most Days,Some Days,Some Days,6
Every Day,Never,Most Days,Some Days,8
Every Day,Some Days,Never,Every Day,7
Never,Some Days,Some Days,Most Days,8
Never,Some Days,Never,Most Days,8
Every Day,Every Day,Never,Never,7
Never,Every Day,Most Days,Never,4
Never,Never,Never,Most Days,7
Never,Some Days,Never,Every Day,7
Never,Never,Some Days,Every Day,8
Every Day,Never,Never,Some Days,6
Never,Never,Never,Most Days,6
Never,Never,Some Days,Most Days,8
Never,Some Days,Some Days,Some Days,7
Never,Some Days,Never,Most Days,7
Most Days,Never,Never,Every Day,7
Never,Most Days,Some Days,Some Days,7
Never,Some Days,Never,Never,6
Some Days,Never,Never,Most Days,7
Some Days,Some Days,Most Days,Most Days,6
Never,Never,Never,Every Day,6
Never,Never,Some Days,Most Days,8
Never,Never,Never,Some Days,6
Never,Every Day,Some Days,Some Days,8
Never,Never,Some Days,Most Days,9
Never,Some Days,Some Days,Every Day,7
Never,Some Days,Some Days,Most Days,8
Never,Some Days,Never,Some Days,7
Never,Some Days,Some Days,Most Days,7
Never,Some Days,Never,Most Days,7
Never,Some Days,Some Days,Some Days,7
Some Days,Most Days,Most Days,Never,9
Never,Never,Some Days,Some Days,7
Never,Never,Some Days,Most Days,8
Never,Never,Never,Every Day,7
Never,Never,Never,Never,8
Never,Some Days,Some Days,Some Days,8
Never,Some Days,Some Days,Some Days,7
Never,Some Days,Some Days,Most Days,8
Never,Some Days,Some Days,Some Days,5
Never,Never,Never,Most Days,8
Most Days,Most Days,Most Days,Most Days,5
Every Day,Most Days,Never,Some Days,5
Never,Never,Never,Some Days,7
Never,Most Days,Never,Some Days,7
Some Days,Some Days,Never,Some Days,6
Some Days,Most Days,Some Days,Never,4
Never,Never,Some Days,Most Days,8
Every Day,Some Days,Never,Most Days,8
Never,Never,Never,Every Day,8
Never,Never,Never,Some Days,6
Never,Never,Never,Most Days,8
Never,Never,Never,Most Days,7
Every Day,Never,Every Day,Every Day,3
Never,Some Days,Never,Never,8
Never,Never,Most Days,Most Days,6
Never,Never,Some Days,Most Days,7
Every Day,Most Days,Most Days,Most Days,7
Never,Some Days,Some Days,Most Days,6
Every Day,Most Days,Some Days,Some Days,6
Never,Never,Never,Most Days,8
Every Day,Every Day,Every Day,Never,7
Never,Every Day,Never,Never,6
Never,Never,Some Days,Most Days,7
Never,Never,Never,Most Days,9
Every Day,Most Days,Some Days,Most Days,7
Never,Every Day,Never,Never,4
Never,Some Days,Never,Most Days,9
Never,Some Days,Never,Some Days,13
Never,Every Day,Never,Most Days,6
Never,Every Day,Most Days,Never,6
Never,Some Days,Some Days,Most Days,8
Never,Never,Never,Most Days,8
Never,Every Day,Some Days,Some Days,6
Never,Most Days,Most Days,Most Days,6
Some Days,Some Days,Some Days,Most Days,8
Never,Every Day,Never,Some Days,6
Some Days,Never,Most Days,Some Days,7
Never,Never,Never,Most Days,9
Never,Never,Never,Most Days,8
Never,Never,Never,Every Day,16
Never,Most Days,Never,Most Days,5
Never,Never,Never,Most Days,6
Never,Never,Never,Never,7
Never,Never,Never,Most Days,7
Never,Never,Never,Every Day,8
Never,Never,Never,Some Days,8
Never,Never,Never,Every Day,8
Never,Never,Most Days,Some Days,8
Never,Never,Never,Some Days,8
Never,Never,Never,Every Day,11
Never,Never,Never,Every Day,8
Never,Never,Never,Never,7
Never,Never,Never,Every Day,8
Never,Never,Never,Some Days,6
Never,Some Days,Never,Most Days,8
Never,Some Days,Never,Some Days,6
Never,Some Days,Some Days,Some Days,6
Some Days,Every Day,Every Day,Some Days,8
Never,Most Days,Some Days,Some Days,7
Never,Never,Never,Never,8
Never,Every Day,Never,Some Days,9
Never,Never,Never,Most Days,10
Never,Never,Never,Every Day,6
Most Days,Some Days,Some Days,Some Days,5
Never,Never,Never,Most Days,7
Never,Some Days,Some Days,Most Days,8
Never,Some Days,Never,Most Days,8
Every Day,Never,Never,Most Days,8
Never,Some Days,Never,Most Days,8
Every Day,Never,Never,Some Days,9
Never,Every Day,Every Day,Never,5
Never,Never,Never,Some Days,7
Never,Some Days,Some Days,Most Days,4
Most Days,Most Days,Most Days,Some Days,6
Never,Some Days,Some Days,Most Days,7
Never,Never,Never,Every Day,7
Never,Never,Never,Most Days,6
Never,Never,Never,Most Days,8
Never,Some Days,Never,Most Days,7
Some Days,Some Days,Never,Most Days,7
Never,Never,Never,Some Days,6
Never,Some Days,Some Days,Some Days,5
Never,Some Days,Never,Most Days,8
Never,Never,Never,Most Days,8
Some Days,Every Day,Some Days,Most Days,8
Never,Never,Never,Most Days,8
Never,Most Days,Some Days,Most Days,6
Never,Some Days,Some Days,Some Days,6
Never,Never,Some Days,Some Days,7
Never,Some Days,Some Days,Most Days,9
Every Day,Every Day,Never,Most Days,9
Every Day,Some Days,Some Days,Most Days,10
Every Day,Never,Every Day,Never,6
Never,Every Day,Some Days,Most Days,5
Never,Never,Every Day,Never,4
Never,Some Days,Never,Most Days,8
Never,Never,Some Days,Some Days,5
Never,Never,Never,Most Days,8
Never,Every Day,Never,Never,5
Never,Every Day,Never,Every Day,7
Never,Every Day,Some Days,Some Days,6
Some Days,Most Days,Some Days,Some Days,8
Never,Never,Never,Most Days,8
Some Days,Most Days,Most Days,Some Days,5
Every Day,Every Day,Every Day,Never,5
Never,Some Days,Some Days,Some Days,6
Never,Most Days,Most Days,Never,6
Never,Never,Never,Some Days,8
Never,Never,Never,Some Days,6
Every Day,Some Days,Some Days,Most Days,9
Never,Some Days,Never,Some Days,6
Never,Never,Never,Most Days,8
Every Day,Some Days,Never,Most Days,8
Some Days,Most Days,Most Days,Some Days,6
Most Days,Most Days,Most Days,Some Days,6
Never,Never,Some Days,Every Day,7
Every Day,Every Day,Most Days,Never,6
Every Day,Every Day,Every Day,Never,4
Never,Never,Never,Most Days,7
Never,Some Days,Some Days,Some Days,7
Never,Never,Some Days,Most Days,7
Some Days,Some Days,Never,Some Days,7
Never,Some Days,Every Day,Every Day,8
Never,Some Days,Never,Every Day,8
Never,Never,Never,Most Days,7
Never,Never,Never,Every Day,9
Never,Some Days,Every Day,Some Days,7
Some Days,Some Days,Never,Some Days,7
Never,Never,Never,Never,6
Never,Some Days,Never,Every Day,7
Never,Some Days,Never,Most Days,8
Never,Never,Most Days,Most Days,7
Some Days,Some Days,Some Days,Most Days,9
Never,Some Days,Some Days,Most Days,7
Never,Never,Never,Some Days,8
Never,Most Days,Most Days,Never,6
Never,Some Days,Some Days,Every Day,8
Never,Never,Some Days,Some Days,15
Some Days,Some Days,Some Days,Some Days,7
Most Days,Some Days,Some Days,Some Days,8
Never,Some Days,Never,Most Days,7
Never,Some Days,Some Days,Most Days,8
Never,Never,Never,Some Days,15
Every Day,Some Days,Never,Most Days,6
Never,Some Days,Some Days,Most Days,8
Never,Every Day,Never,Some Days,6
Every Day,Never,Never,Never,8
Never,Never,Never,Every Day,7
Never,Never,Some Days,Some Days,7
Never,Some Days,Some Days,Most Days,7
Every Day,Some Days,Most Days,Most Days,6
Never,Some Days,Some Days,Never,7
Never,Never,Never,Most Days,9
Never,Never,Never,Every Day,7
Some Days,Most Days,Most Days,Some Days,6
Never,Never,Some Days,Never,7
Some Days,Never,Most Days,Some Days,8
Some Days,Some Days,Some Days,Some Days,4
Never,Never,Never,Every Day,7
Never,Never,Never,Most Days,6
Every Day,Never,Never,Most Days,8
Never,Most Days,Some Days,Some Days,5
Never,Some Days,Never,Some Days,7
Every Day,Most Days,Some Days,Some Days,7
Every Day,Most Days,Most Days,Some Days,8
Never,Never,Never,Every Day,8
Never,Some Days,Never,Most Days,6
Never,Never,Some Days,Some Days,7
Most Days,Most Days,Some Days,Most Days,7
Never,Never,Never,Never,8
Never,Some Days,Some Days,Every Day,8
Never,Never,Never,Most Days,8
Never,Never,Never,Most Days,7
Never,Some Days,Some Days,Some Days,7
Never,Some Days,Some Days,Some Days,6
Never,Most Days,Never,Never,7
Never,Never,Never,Every Day,10
Never,Never,Some Days,Most Days,6
Never,Never,Some Days,Most Days,6
Never,Never,Every Day,Never,6
Never,Every Day,Some Days,Most Days,7
Never,Never,Never,Most Days,8
Never,Never,Some Days,Some Days,7
Never,Some Days,Some Days,Most Days,6
Some Days,Every Day,Every Day,Never,10
Never,Never,Never,Some Days,8
Never,Never,Never,Most Days,8
Never,Never,Never,Most Days,7
Some Days,Never,Some Days,Some Days,7
Never,Never,Some Days,Most Days,7
Never,Some Days,Never,Every Day,8
Never,Never,Never,Some Days,5
Never,Never,Some Days,Most Days,8
Never,Some Days,Every Day,Never,5
Never,Never,Never,Every Day,8
Never,Never,Never,Most Days,8
Never,Never,Never,Some Days,16
Never,Never,Never,Most Days,8
Never,Never,Never,Most Days,7
Some Days,Never,Never,Most Days,7
Never,Some Days,Some Days,Most Days,7
Some Days,Some Days,Some Days,Some Days,7
Never,Never,Never,Every Day,7
Never,Some Days,Some Days,Most Days,7
Never,Some Days,Some Days,Most Days,7
Never,Never,Some Days,Most Days,6
Never,Every Day,Every Day,Never,4
Every Day,Some Days,Some Days,Never,6
Never,Some Days,Some Days,Most Days,6
Never,Never,Never,Most Days,8
Never,Never,Every Day,Never,12
Never,Never,Never,Some Days,6
Never,Most Days,Most Days,Never,5
Never,Never,Never,Some Days,6
Never,Some Days,Some Days,Most Days,7
Never,Never,Never,Most Days,7
Never,Never,Never,Some Days,7
Never,Never,Never,Some Days,7
Never,Never,Never,Most Days,8
Never,Never,Never,Never,7
Never,Some Days,Some Days,Most Days,10
Every Day,Most Days,Some Days,Most Days,7
Never,Most Days,Some Days,Some Days,7
Never,Never,Never,Most Days,8
Never,Never,Never,Most Days,7
Never,Never,Some Days,Some Days,7
Never,Never,Never,Some Days,7
Never,Never,Some Days,Every Day,9
Never,Most Days,Never,Some Days,6
Never,Most Days,Never,Some Days,6
Never,Some Days,Some Days,Some Days,6
Never,Never,Never,Every Day,9
Never,Never,Never,Every Day,7
Never,Never,Never,Most Days,6
Never,Some Days,Never,Most Days,7
Every Day,Never,Never,Every Day,8
Never,Never,Never,Most Days,8
Never,Never,Never,Most Days,7
Never,Some Days,Some Days,Some Days,6
Never,Some Days,Some Days,Most Days,7
Never,Never,Never,Every Day,8
Never,Some Days,Never,Most Days,5
Never,Never,Never,Every Day,8
Never,Never,Never,Never,9
Every Day,Every Day,Some Days,Every Day,8
Never,Some Days,Some Days,Some Days,7
Some Days,Some Days,Most Days,Never,6
Never,Some Days,Never,Some Days,6
Never,Never,Never,Some Days,10
Never,Never,Never,Never,7
Never,Never,Never,Never,7
Never,Some Days,Never,Some Days,7
Every Day,Some Days,Some Days,Some Days,7
Some Days,Some Days,Never,Most Days,9
Never,Some Days,Some Days,Most Days,7
Never,Never,Never,Never,7
Never,Never,Never,Some Days,6
Never,Never,Never,Every Day,6
Never,Never,Never,Every Day,7
Never,Never,Never,Most Days,6
Never,Never,Never,Most Days,8
Never,Never,Never,Every Day,8
Never,Never,Never,Every Day,8
Never,Never,Never,Every Day,8
Some Days,Some Days,Some Days,Most Days,7
Never,Never,Never,Most Days,8
Never,Never,Never,Some Days,8
Never,Never,Never,Some Days,7
Never,Never,Never,Some Days,7
Never,Every Day,Some Days,Most Days,6
Never,Every Day,Every Day,Most Days,9
Never,Never,Never,Every Day,8
Never,Some Days,Some Days,Most Days,7
Most Days,Most Days,Every Day,Most Days,6
Never,Some Days,Never,Most Days,7
Never,Never,Some Days,Some Days,8
Never,Never,Never,Every Day,5
Never,Never,Never,Every Day,7
Never,Some Days,Every Day,Some Days,5
Never,Some Days,Some Days,Some Days,6
Never,Some Days,Some Days,Most Days,8
Never,Never,Never,Some Days,7
Never,Every Day,Every Day,Never,1
Never,Every Day,Some Days,Some Days,6
Some Days,Never,Most Days,Some Days,7
Never,Never,Never,Every Day,8
Never,Some Days,Some Days,Some Days,6
Some Days,Most Days,Some Days,Some Days,7
Never,Never,Never,Some Days,6
Never,Never,Never,Some Days,5
Never,Never,Never,Most Days,9
Never,Never,Never,Most Days,8
Some Days,Most Days,Some Days,Most Days,7
Never,Never,Never,Most Days,6
Never,Most Days,Some Days,Most Days,10
Never,Never,Some Days,Most Days,6
Never,Never,Never,Every Day,9
Never,Never,Never,Every Day,8
Never,Some Days,Never,Most Days,7
Never,Never,Some Days,Most Days,6
Never,Some Days,Some Days,Most Days,8
Never,Some Days,Never,Most Days,7
Never,Never,Some Days,Every Day,7
Most Days,Most Days,Never,Some Days,7
Never,Some Days,Some Days,Most Days,7
Never,Every Day,Some Days,Most Days,6
Never,Never,Never,Every Day,8
Never,Never,Never,Every Day,6
Never,Never,Never,Most Days,6
Some Days,Some Days,Some Days,Most Days,8
Never,Never,Never,Every Day,8
Some Days,Never,Some Days,Most Days,7
Never,Some Days,Most Days,Most Days,5
Every Day,Never,Every Day,Never,8
Never,Every Day,Never,Some Days,6
Never,Never,Some Days,Some Days,8
Never,Most Days,Most Days,Some Days,5
Never,Never,Some Days,Most Days,10
Never,Some Days,Never,Every Day,8
Never,Never,Never,Every Day,7
Never,Never,Never,Most Days,8
Never,Never,Never,Most Days,8
Every Day,Every Day,Every Day,Most Days,6
Every Day,Some Days,Some Days,Some Days,6
Never,Most Days,Most Days,Some Days,6
Never,Some Days,Never,Some Days,7
Never,Never,Never,Most Days,7
Never,Never,Never,Most Days,7
Every Day,Some Days,Some Days,Some Days,7
Some Days,Some Days,Some Days,Some Days,7
Every Day,Every Day,Every Day,Most Days,7
Never,Some Days,Some Days,Most Days,7
Never,Never,Never,Most Days,8
Never,Never,Some Days,Most Days,8
Never,Some Days,Some Days,Some Days,7
Some Days,Most Days,Every Day,Some Days,5
Never,Every Day,Every Day,Never,6
Never,Never,Never,Most Days,8
Some Days,Some Days,Never,Most Days,10
Never,Never,Never,Every Day,8
Some Days,Some Days,Never,Most Days,7
Never,Never,Never,Some Days,7
Never,Never,Never,Never,7
Never,Never,Never,Most Days,8
Never,Never,Never,Some Days,6
Never,Some Days,Never,Most Days,7
Some Days,Never,Some Days,Some Days,7
Never,Every Day,Never,Most Days,6
Never,Some Days,Some Days,Most Days,8
Never,Never,Never,Every Day,7
Most Days,Never,Some Days,Most Days,7
Most Days,Some Days,Some Days,Never,7
Never,Some Days,Never,Most Days,7
Never,Some Days,Some Days,Most Days,7
Never,Never,Never,Some Days,8
Never,Never,Never,Most Days,8
Never,Never,Some Days,Most Days,8
Never,Some Days,Some Days,Most Days,8
Every Day,Every Day,Every Day,Never,6
Never,Never,Some Days,Some Days,6
Never,Never,Never,Most Days,7
Never,Never,Some Days,Every Day,9
Never,Some Days,Never,Most Days,7
Never,Never,Never,Most Days,6
Most Days,Some Days,Some Days,Most Days,8
Some Days,Never,Most Days,Some Days,6
Never,Some Days,Most Days,Most Days,7
Never,Some Days,Never,Most Days,6
Never,Never,Never,Never,7
Every Day,Every Day,Every Day,Never,12
Never,Never,Some Days,Most Days,8
Never,Never,Never,Some Days,7
Never,Some Days,Some Days,Every Day,8
Never,Some Days,Some Days,Most Days,7
Never,Every Day,Every Day,Never,6
Never,Never,Most Days,Never,4
Never,Never,Never,Most Days,9
Never,Never,Never,Every Day,8
Some Days,Never,Some Days,Most Days,8
Never,Never,Never,Some Days,7
Never,Never,Some Days,Most Days,6
Never,Some Days,Never,Most Days,7
Never,Some Days,Never,Most Days,7
Never,Never,Some Days,Some Days,7
Never,Some Days,Never,Some Days,7
Never,Some Days,Some Days,Some Days,8
Never,Never,Some Days,Most Days,7
Some Days,Never,Never,Some Days,7
Never,Never,Never,Most Days,8
Never,Never,Never,Every Day,7
Never,Never,Never,Most Days,8
Some Days,Some Days,Some Days,Some Days,8
Never,Every Day,Never,Every Day,8
Never,Never,Some Days,Every Day,8
Some Days,Some Days,Some Days,Most Days,6
Never,Some Days,Never,Never,5
Never,Never,Some Days,Most Days,6
Never,Never,Every Day,Every Day,8
Never,Never,Never,Most Days,7
Every Day,Every Day,Every Day,Never,12
Never,Never,Some Days,Most Days,8
Every Day,Some Days,Never,Some Days,6
Never,Never,Never,Most Days,6
Never,Never,Never,Most Days,10
Every Day,Every Day,Every Day,Never,5
Never,Never,Never,Most Days,8
Never,Some Days,Never,Most Days,7
Some Days,Some Days,Never,Never,7
Never,Some Days,Never,Most Days,7
Some Days,Most Days,Every Day,Most Days,5
Never,Most Days,Never,Some Days,6
Never,Every Day,Never,Most Days,8
Never,Some Days,Most Days,Some Days,6
Never,Never,Some Days,Some Days,8
Never,Never,Never,Most Days,6
Never,Never,Never,Most Days,8
Never,Never,Never,Every Day,7
Never,Most Days,Most Days,Never,6
Never,Some Days,Some Days,Most Days,6
Never,Never,Never,Most Days,7
Never,Every Day,Every Day,Some Days,6
Never,Never,Never,Every Day,8
Never,Never,Never,Most Days,7
Every Day,Most Days,Never,Never,5
Every Day,Every Day,Every Day,Some Days,6
Never,Every Day,Most Days,Some Days,7
Never,Some Days,Some Days,Some Days,5
Some Days,Never,Never,Most Days,8
Never,Never,Some Days,Some Days,7
Never,Most Days,Some Days,Most Days,8
Never,Never,Never,Most Days,7
Never,Some Days,Never,Never,8
Never,Never,Never,Most Days,8
Some Days,Never,Some Days,Some Days,8
Never,Some Days,Never,Most Days,8
Every Day,Every Day,Every Day,Most Days,6
Never,Never,Never,Most Days,8
Never,Never,Never,Most Days,8
Every Day,Most Days,Some Days,Most Days,7
Never,Never,Some Days,Some Days,9
Never,Never,Never,Every Day,11
Never,Never,Never,Most Days,7
Never,Every Day,Never,Never,9
Never,Most Days,Some Days,Some Days,5
Never,Never,Never,Every Day,7
Never,Every Day,Never,Every Day,7
Never,Some Days,Some Days,Most Days,9
Never,Never,Never,Every Day,7
Never,Some Days,Never,Most Days,8
Never,Every Day,Never,Some Days,9
Never,Never,Never,Every Day,9
Some Days,Some Days,Never,Most Days,7
Never,Some Days,Some Days,Some Days,8
Never,Some Days,Some Days,Most Days,8
Never,Every Day,Some Days,Most Days,6
Never,Never,Never,Most Days,8
Never,Some Days,Never,Most Days,7
Never,Every Day,Some Days,Never,6
Some Days,Every Day,Never,Some Days,6
Most Days,Never,Never,Most Days,5
Never,Never,Some Days,Some Days,6
Never,Never,Some Days,Some Days,8
Never,Some Days,Some Days,Most Days,8
Some Days,Some Days,Some Days,Some Days,8
Never,Never,Some Days,Never,6
Some Days,Some Days,Most Days,Some Days,10
Never,Never,Never,Most Days,7
Never,Never,Never,Every Day,9
Never,Never,Some Days,Never,6
Every Day,Some Days,Never,Some Days,7
Never,Most Days,Never,Most Days,7
Every Day,Never,Never,Every Day,8
Never,Never,Some Days,Most Days,8
Never,Never,Never,Every Day,9
Never,Never,Never,Most Days,8
Never,Never,Never,Most Days,7
Every Day,Every Day,Never,Most Days,6
Never,Never,Never,Some Days,6
Never,Never,Never,Every Day,8
Never,Never,Never,Most Days,9
Never,Never,Never,Every Day,7
Never,Never,Never,Most Days,7
Never,Most Days,Most Days,Never,4
Never,Never,Never,Most Days,6
Never,Never,Every Day,Every Day,8
Never,Never,Some Days,Some Days,8
Every Day,Some Days,Some Days,Every Day,8
Never,Most Days,Never,Never,6
Never,Never,Never,Most Days,7
Never,Most Days,Every Day,Some Days,8
Never,Some Days,Some Days,Some Days,6
Never,Never,Never,Every Day,8
Never,Some Days,Some Days,Most Days,9
Some Days,Some Days,Never,Most Days,7
Never,Every Day,Never,Every Day,8
Never,Never,Never,Every Day,7
Never,Never,Never,Every Day,7
Never,Never,Never,Every Day,7
Never,Most Days,Never,Every Day,7
Every Day,Never,Never,Some Days,8
Never,Never,Some Days,Every Day,8
Never,Never,Never,Most Days,8
Never,Never,Never,Never,12
Never,Most Days,Some Days,Never,5
Every Day,Some Days,Every Day,Some Days,7
Never,Never,Some Days,Most Days,8
Never,Some Days,Some Days,Most Days,9
Never,Most Days,Never,Most Days,7
Never,Some Days,Never,Most Days,8
Never,Some Days,Most Days,Never,6
Never,Some Days,Some Days,Most Days,7
Never,Some Days,Some Days,Some Days,5
Never,Some Days,Some Days,Most Days,6
Never,Never,Never,Never,7
Never,Some Days,Most Days,Some Days,6
Some Days,Some Days,Some Days,Most Days,7
Never,Every Day,Some Days,Some Days,7
Never,Some Days,Never,Most Days,7
Never,Every Day,Some Days,Most Days,6
Never,Most Days,Some Days,Some Days,6
Some Days,Most Days,Most Days,Some Days,5
Some Days,Some Days,Some Days,Some Days,7
Some Days,Never,Never,Some Days,6
Never,Some Days,Some Days,Most Days,7
Never,Every Day,Never,Some Days,6
Never,Some Days,Never,Some Days,7
Never,Never,Some Days,Most Days,7
Never,Never,Some Days,Some Days,7
Never,Never,Never,Some Days,6
Never,Some Days,Some Days,Most Days,6
Never,Some Days,Never,Most Days,7
Never,Never,Never,Every Day,6
Never,Never,Never,Most Days,7
Never,Every Day,Some Days,Most Days,8
Never,Never,Never,Every Day,7
Never,Most Days,Most Days,Never,5
Never,Never,Never,Some Days,6
Never,Never,Never,Every Day,6
Never,Every Day,Every Day,Never,6
Never,Every Day,Most Days,Some Days,5
Never,Some Days,Some Days,Most Days,5
Never,Never,Never,Most Days,5
Never,Never,Never,Never,7
Never,Never,Never,Some Days,7
Never,Never,Some Days,Some Days,6
Never,Every Day,Every Day,Never,6
Never,Never,Never,Every Day,8
Never,Every Day,Never,Some Days,7
Never,Never,Never,Never,8
Never,Every Day,Never,Every Day,5
Never,Never,Never,Some Days,7
Never,Never,Never,Every Day,8
Never,Never,Some Days,Most Days,7
Never,Never,Never,Every Day,7
Never,Never,Never,Every Day,8
Never,Never,Some Days,Every Day,8
Never,Never,Never,Every Day,10
Never,Never,Some Days,Some Days,7
Never,Never,Never,Most Days,7
Never,Some Days,Never,Most Days,8
Never,Never,Some Days,Every Day,7
Never,Most Days,Never,Some Days,6
Some Days,Some Days,Some Days,Some Days,6
Some Days,Every Day,Never,Some Days,6
Never,Some Days,Some Days,Some Days,6
Never,Some Days,Some Days,Some Days,8
Never,Never,Never,Most Days,7
Never,Some Days,Some Days,Most Days,6
Never,Never,Never,Every Day,6
Never,Never,Never,Every Day,8
Some Days,Never,Some Days,Some Days,8
Never,Never,Never,Some Days,6
Never,Never,Never,Some Days,6
Some Days,Some Days,Most Days,Some Days,6
Never,Some Days,Some Days,Some Days,6
Never,Never,Never,Every Day,8
Never,Never,Never,Most Days,8
Never,Never,Never,Every Day,8
Never,Every Day,Every Day,Some Days,6
Never,Never,Never,Most Days,8
Never,Never,Never,Every Day,8
Never,Never,Never,Every Day,9
Never,Never,Some Days,Some Days,8
Never,Never,Never,Most Days,8
Never,Never,Some Days,Some Days,8
Some Days,Every Day,Never,Most Days,6
Most Days,Every Day,Some Days,Some Days,4
Never,Never,Never,Some Days,6
Never,Every Day,Never,Never,6
Never,Never,Never,Most Days,6
Never,Every Day,Some Days,Some Days,6
Never,Never,Some Days,Some Days,6
Never,Never,Never,Every Day,8
Some Days,Never,Some Days,Some Days,6
Never,Never,Never,Most Days,7
Never,Never,Never,Every Day,7
Never,Never,Never,Never,8
Never,Some Days,Most Days,Some Days,7
Never,Never,Never,Every Day,7
Never,Never,Never,Most Days,7
Never,Some Days,Some Days,Some Days,7
Never,Never,Never,Some Days,8
Never,Most Days,Some Days,Some Days,10
Never,Never,Never,Every Day,7
Every Day,Every Day,Never,Most Days,5
Never,Never,Never,Some Days,7
Never,Never,Some Days,Every Day,9
Never,Never,Some Days,Most Days,6
Never,Some Days,Some Days,Some Days,7
Never,Some Days,Some Days,Most Days,7
Never,Never,Some Days,Most Days,6
Never,Some Days,Some Days,Most Days,9
Every Day,Most Days,Every Day,Never,6
Never,Some Days,Some Days,Most Days,8
Never,Some Days,Some Days,Most Days,7
Never,Most Days,Some Days,Some Days,6
Never,Never,Never,Every Day,9
Never,Never,Never,Most Days,8
Never,Never,Never,Every Day,6
Never,Some Days,Some Days,Most Days,7
Never,Never,Never,Every Day,7
Never,Never,Never,Never,6
Never,Never,Never,Every Day,8
Never,Some Days,Never,Some Days,7
Never,Never,Never,Every Day,9
Some Days,Every Day,Every Day,Some Days,3
Never,Never,Most Days,Some Days,5
Every Day,Never,Never,Most Days,7
Never,Most Days,Some Days,Most Days,8
Most Days,Some Days,Most Days,Most Days,6
Never,Some Days,Never,Most Days,7
Never,Never,Never,Most Days,6
Never,Never,Never,Every Day,8
Never,Never,Never,Most Days,8
Never,Never,Never,Every Day,10
Some Days,Some Days,Some Days,Most Days,7
Never,Some Days,Some Days,Most Days,7
Never,Some Days,Some Days,Most Days,8
Never,Never,Never,Some Days,7
Never,Never,Never,Most Days,9
Never,Never,Never,Every Day,6
Never,Every Day,Some Days,Some Days,6
Never,Never,Never,Every Day,7
Some Days,Most Days,Most Days,Some Days,7
Never,Never,Never,Most Days,6
Never,Never,Never,Most Days,8
Never,Most Days,Every Day,Never,6
Never,Never,Never,Most Days,7
Never,Never,Never,Most Days,7
Never,Every Day,Never,Most Days,8
Never,Every Day,Most Days,Every Day,4
Never,Never,Never,Some Days,6
Never,Some Days,Some Days,Most Days,6
Never,Every Day,Some Days,Every Day,8
Most Days,Most Days,Every Day,Never,5
Never,Every Day,Some Days,Some Days,7
Never,Some Days,Most Days,Never,6
Never,Never,Never,Most Days,9
Every Day,Every Day,Every Day,Never,3
Never,Some Days,Some Days,Every Day,9
Never,Every Day,Every Day,Never,2
Never,Some Days,Some Days,Every Day,5
Never,Most Days,Some Days,Some Days,6
Never,Never,Some Days,Most Days,8
Some Days,Some Days,Never,Some Days,8
Never,Every Day,Every Day,Some Days,6
Every Day,Never,Never,Never,8
Never,Some Days,Never,Some Days,9
Never,Some Days,Some Days,Some Days,6
Most Days,Most Days,Never,Never,6
Most Days,Some Days,Every Day,Most Days,7
Never,Never,Never,Most Days,8
Never,Never,Some Days,Some Days,8
Never,Never,Never,Most Days,8
Never,Every Day,Most Days,Some Days,7
Never,Never,Some Days,Some Days,8
Never,Some Days,Some Days,Some Days,6
Never,Some Days,Never,Some Days,6
Never,Never,Most Days,Some Days,8
Never,Some Days,Some Days,Most Days,7
Some Days,Never,Never,Some Days,9
Every Day,Never,Never,Every Day,14
Never,Some Days,Most Days,Most Days,7
Never,Most Days,Some Days,Never,5
Never,Most Days,Most Days,Never,5
Never,Never,Never,Every Day,6
Never,Some Days,Some Days,Most Days,7
Every Day,Most Days,Most Days,Some Days,5
Some Days,Some Days,Most Days,Some Days,6
Never,Never,Never,Every Day,7
Never,Some Days,Never,Most Days,8
Never,Some Days,Some Days,Some Days,6
Some Days,Some Days,Some Days,Most Days,8
Every Day,Some Days,Some Days,Some Days,8
Every Day,Most Days,Most Days,Some Days,6
Every Day,Every Day,Every Day,Most Days,7
Every Day,Most Days,Most Days,Every Day,8
Never,Never,Some Days,Every Day,7
Never,Never,Some Days,Most Days,8
Never,Some Days,Some Days,Most Days,7
Some Days,Some Days,Some Days,Most Days,8
Never,Every Day,Never,Some Days,4
Never,Never,Never,Most Days,6
Some Days,Most Days,Some Days,Some Days,5
Never,Most Days,Most Days,Some Days,8
Every Day,Every Day,Every Day,Never,5
Never,Never,Some Days,Some Days,7
Never,Never,Never,Most Days,8
Never,Never,Never,Most Days,8
Never,Never,Never,Most Days,9
Some Days,Some Days,Never,Some Days,7
Some Days,Most Days,Every Day,Never,4
Never,Some Days,Never,Most Days,6
Never,Some Days,Some Days,Some Days,8
Never,Never,Never,Every Day,9
Every Day,Every Day,Every Day,Never,4
Never,Some Days,Some Days,Some Days,8
Never,Some Days,Some Days,Some Days,6
Never,Never,Never,Every Day,8
Never,Most Days,Some Days,Never,7
Never,Some Days,Some Days,Some Days,6
Never,Never,Never,Every Day,7
Never,Never,Some Days,Every Day,8
Some Days,Most Days,Most Days,Some Days,6
Never,Some Days,Some Days,Some Days,6
Every Day,Some Days,Never,Some Days,6
Never,Never,Never,Every Day,8
Never,Some Days,Some Days,Most Days,6
Never,Never,Some Days,Most Days,9
Never,Never,Never,Most Days,8
Never,Never,Never,Every Day,8
Never,Never,Never,Every Day,8
Every Day,Some Days,Every Day,Some Days,6
Never,Some Days,Some Days,Most Days,8
Every Day,Most Days,Most Days,Some Days,6
Never,Some Days,Every Day,Never,8
Never,Never,Never,Every Day,6
Never,Every Day,Never,Never,6
Never,Never,Never,Every Day,8
Never,Some Days,Never,Most Days,7
Never,Every Day,Every Day,Never,3
Never,Some Days,Some Days,Some Days,6
Never,Never,Never,Most Days,9
Never,Some Days,Most Days,Some Days,8
Never,Never,Never,Most Days,7
Never,Some Days,Some Days,Most Days,8
Never,Most Days,Most Days,Some Days,5
Never,Never,Most Days,Some Days,6
Never,Never,Some Days,Most Days,7
Every Day,Every Day,Every Day,Every Day,8
Never,Most Days,Never,Some Days,7
Never,Some Days,Never,Never,8
Never,Never,Never,Most Days,7
Never,Never,Never,Most Days,8
Never,Some Days,Never,Never,6
Never,Every Day,Some Days,Never,7
Never,Never,Never,Every Day,6
Never,Never,Never,Most Days,9
Never,Some Days,Some Days,Every Day,8
Never,Never,Never,Most Days,6
Never,Never,Never,Every Day,8
Never,Every Day,Never,Most Days,7
Never,Some Days,Some Days,Most Days,7
Never,Never,Never,Most Days,8
Never,Some Days,Most Days,Never,6
Never,Never,Never,Most Days,6
Every Day,Every Day,Every Day,Never,4
Every Day,Most Days,Most Days,Some Days,8
Never,Never,Never,Every Day,7
Never,Some Days,Never,Some Days,6
Never,Some Days,Never,Some Days,6
Never,Most Days,Some Days,Most Days,7
Never,Never,Never,Most Days,8
Some Days,Never,Some Days,Some Days,8
Never,Never,Never,Most Days,8
Never,Most Days,Never,Most Days,7
Never,Some Days,Never,Most Days,8
Never,Most Days,Some Days,Some Days,6
Every Day,Some Days,Most Days,Some Days,6
Every Day,Most Days,Some Days,Some Days,9
Never,Most Days,Some Days,Most Days,8
Never,Most Days,Never,Some Days,8
Never,Most Days,Some Days,Some Days,6
Never,Most Days,Most Days,Never,6
Some Days,Never,Never,Most Days,8
Some Days,Most Days,Some Days,Most Days,9
Some Days,Some Days,Never,Some Days,8
Never,Some Days,Some Days,Some Days,7
Never,Never,Never,Every Day,8
Never,Never,Never,Most Days,6
Never,Never,Never,Every Day,7
Never,Never,Never,Most Days,8
Some Days,Never,Some Days,Some Days,9
Never,Some Days,Some Days,Some Days,6
Every Day,Every Day,Every Day,Never,5
Every Day,Some Days,Most Days,Never,7
Never,Never,Never,Most Days,7
Never,Never,Never,Some Days,8
Never,Never,Never,Most Days,9
Never,Some Days,Some Days,Most Days,6
Never,Never,Some Days,Every Day,8
Never,Some Days,Some Days,Most Days,7
Never,Some Days,Some Days,Some Days,10
Never,Never,Never,Some Days,9
Never,Some Days,Never,Most Days,8
Never,Never,Never,Most Days,7
Never,Some Days,Some Days,Most Days,7
Never,Every Day,Never,Most Days,6
Never,Never,Never,Every Day,7
Never,Never,Never,Every Day,8
Never,Never,Never,Every Day,8
Never,Never,Never,Most Days,8
Never,Some Days,Never,Most Days,6
Never,Never,Never,Most Days,8
Never,Never,Some Days,Most Days,7
Every Day,Most Days,Most Days,Never,4
Never,Some Days,Some Days,Some Days,8
Never,Every Day,Never,Some Days,8
Never,Most Days,Never,Most Days,8
Never,Some Days,Some Days,Most Days,7
Never,Most Days,Some Days,Some Days,5
Some Days,Some Days,Some Days,Most Days,8
Never,Some Days,Some Days,Never,9
Never,Never,Some Days,Most Days,9
Every Day,Never,Every Day,Some Days,4
Some Days,Some Days,Some Days,Most Days,8
Never,Never,Some Days,Most Days,7
Some Days,Never,Every Day,Most Days,8
Never,Some Days,Some Days,Most Days,7
Never,Never,Some Days,Most Days,8
Most Days,Never,Some Days,Most Days,7
Never,Never,Never,Every Day,8
Never,Some Days,Never,Some Days,7
Never,Some Days,Some Days,Some Days,8
Every Day,Never,Most Days,Never,6
Never,Never,Never,Every Day,8
Never,Never,Never,Some Days,8
Never,Never,Never,Every Day,6
Never,Some Days,Some Days,Every Day,7
Never,Never,Never,Most Days,8
Never,Every Day,Most Days,Some Days,5
Never,Some Days,Some Days,Some Days,6
Never,Never,Never,Every Day,8
Some Days,Some Days,Some Days,Most Days,6
Never,Never,Some Days,Most Days,8
Every Day,Most Days,Most Days,Never,8
Never,Never,Never,Most Days,8
Never,Never,Some Days,Every Day,9
Never,Never,Never,Every Day,8
Never,Never,Never,Most Days,7
Some Days,Some Days,Never,Most Days,6
Some Days,Some Days,Some Days,Most Days,8
Never,Never,Never,Most Days,8
Never,Some Days,Some Days,Some Days,7
Never,Most Days,Never,Some Days,6
Never,Never,Never,Most Days,8
Never,Never,Never,Every Day,10
Some Days,Most Days,Some Days,Most Days,9
Never,Never,Never,Every Day,7
Never,Some Days,Never,Most Days,8
Some Days,Never,Some Days,Some Days,8
Never,Some Days,Never,Never,6
Most Days,Some Days,Never,Most Days,9
Never,Never,Never,Most Days,8
Never,Never,Never,Most Days,7
Never,Some Days,Some Days,Most Days,7
Never,Some Days,Some Days,Some Days,9
Never,Never,Some Days,Every Day,7
Never,Never,Some Days,Most Days,8
Some Days,Some Days,Some Days,Some Days,7
Never,Never,Never,Most Days,8
Never,Never,Never,Most Days,9
Never,Never,Some Days,Some Days,6
Never,Never,Never,Some Days,8
Never,Every Day,Never,Most Days,9
Some Days,Some Days,Some Days,Some Days,7
Never,Never,Never,Some Days,6
Never,Some Days,Never,Some Days,7
Never,Every Day,Every Day,Never,5
Never,Some Days,Some Days,Some Days,8
Never,Some Days,Some Days,Some Days,8
Never,Some Days,Some Days,Some Days,8
Never,Never,Some Days,Some Days,8
Never,Never,Some Days,Most Days,6
Never,Never,Never,Most Days,8
Never,Most Days,Never,Most Days,8
Never,Some Days,Some Days,Most Days,8
Never,Never,Some Days,Some Days,6
Never,Never,Never,Most Days,8
Never,Most Days,Most Days,Some Days,10
Never,Some Days,Some Days,Most Days,7
Never,Never,Never,Most Days,8
Never,Never,Some Days,Most Days,8
Never,Some Days,Some Days,Most Days,8
Some Days,Some Days,Never,Some Days,8
Never,Never,Some Days,Most Days,7
Never,Some Days,Some Days,Some Days,7
Never,Some Days,Some Days,Some Days,8
Never,Never,Some Days,Most Days,8
Never,Some Days,Never,Some Days,7
Never,Never,Never,Every Day,7
Never,Never,Never,Some Days,6
Never,Never,Never,Most Days,6
Never,Most Days,Every Day,Most Days,7
Never,Never,Never,Some Days,8
Never,Most Days,Never,Most Days,8
Never,Most Days,Some Days,Most Days,7
Never,Some Days,Some Days,Most Days,7
Never,Some Days,Never,Most Days,7
Never,Never,Some Days,Most Days,6
Never,Never,Never,Some Days,6
Some Days,Never,Some Days,Most Days,7
Never,Never,Never,Most Days,8
Never,Never,Never,Most Days,6
Some Days,Never,Some Days,Some Days,6
Never,Some Days,Never,Most Days,8
Never,Some Days,Some Days,Most Days,9
Never,Most Days,Some Days,Most Days,7
Never,Some Days,Never,Most Days,8
Never,Every Day,Never,Never,9
Never,Some Days,Most Days,Never,6
Never,Never,Never,Some Days,7
Never,Never,Never,Most Days,8
Never,Never,Never,Most Days,8
Never,Never,Some Days,Most Days,8
Never,Every Day,Never,Some Days,4
Never,Some Days,Some Days,Never,7
Some Days,Never,Never,Some Days,8
Never,Some Days,Most Days,Never,4
Never,Never,Never,Every Day,8
Never,Some Days,Never,Most Days,8
Never,Never,Never,Most Days,6
Never,Never,Never,Most Days,6
Never,Never,Never,Most Days,8
Never,Some Days,Never,Most Days,6
Most Days,Never,Most Days,Most Days,8
Never,Some Days,Never,Some Days,8
Never,Never,Never,Most Days,8
Never,Some Days,Some Days,Some Days,8
Never,Never,Never,Some Days,8
Never,Every Day,Every Day,Some Days,6
Never,Never,Never,Most Days,7
Never,Some Days,Some Days,Most Days,9
Never,Some Days,Never,Some Days,7
Never,Some Days,Some Days,Most Days,7
Never,Most Days,Some Days,Some Days,7
Never,Some Days,Some Days,Some Days,8
Never,Some Days,Most Days,Some Days,7
Never,Never,Never,Most Days,8
Never,Every Day,Every Day,Never,3
Never,Never,Some Days,Most Days,8
Never,Never,Never,Never,6
Never,Some Days,Some Days,Some Days,6
Never,Never,Never,Most Days,8
Never,Some Days,Some Days,Every Day,9
Never,Never,Never,Every Day,4
Never,Never,Never,Some Days,6
Never,Never,Never,Most Days,9
Never,Some Days,Never,Most Days,8
Never,Never,Never,Never,6
Never,Some Days,Never,Most Days,7
Never,Some Days,Some Days,Most Days,7
Never,Never,Never,Most Days,7
Never,Never,Never,Every Day,9
Never,Never,Never,Some Days,8
Most Days,Some Days,Never,Some Days,8
Never,Never,Some Days,Most Days,6
Never,Most Days,Some Days,Most Days,6
Some Days,Some Days,Most Days,Some Days,6
Never,Some Days,Some Days,Most Days,7
Never,Some Days,Some Days,Most Days,7
Never,Never,Never,Most Days,8
Every Day,Some Days,Never,Some Days,7
Never,Some Days,Never,Every Day,7
Every Day,Some Days,Never,Some Days,7
Never,Never,Never,Some Days,5
Never,Some Days,Never,Most Days,6
Never,Never,Never,Most Days,7
Some Days,Never,Some Days,Some Days,6
Never,Never,Every Day,Some Days,6
Never,Most Days,Some Days,Every Day,7
Never,Never,Never,Every Day,8
Never,Never,Never,Some Days,6
Never,Most Days,Most Days,Some Days,7
Never,Some Days,Some Days,Most Days,7
Never,Never,Some Days,Some Days,7
Never,Never,Never,Most Days,8
Never,Never,Never,Every Day,7
Some Days,Never,Some Days,Most Days,6
Never,Never,Never,Most Days,8
Some Days,Every Day,Some Days,Most Days,7
Never,Never,Never,Most Days,7
Never,Never,Never,Most Days,7
Never,Never,Never,Some Days,5
Never,Never,Never,Some Days,8
Never,Most Days,Most Days,Never,8
Most Days,Some Days,Some Days,Some Days,5
Never,Never,Never,Every Day,7
Most Days,Most Days,Some Days,Never,7
Every Day,Never,Never,Most Days,7
Never,Never,Never,Never,8
Most Days,Never,Never,Most Days,8
Never,Some Days,Some Days,Some Days,7
Never,Some Days,Some Days,Some Days,12
Every Day,Every Day,Every Day,Some Days,4
Every Day,Every Day,Every Day,Never,4
Never,Never,Never,Some Days,6
Never,Some Days,Some Days,Most Days,6
Never,Never,Never,Most Days,7
Never,Never,Never,Every Day,10
Never,Never,Never,Every Day,9
Never,Never,Never,Every Day,8
Never,Some Days,Never,Most Days,8
Never,Every Day,Every Day,Never,6
Every Day,Never,Every Day,Never,3
Some Days,Some Days,Some Days,Some Days,6
Never,Every Day,Never,Every Day,8
Never,Never,Never,Every Day,9
Some Days,Some Days,Most Days,Most Days,12
Never,Some Days,Never,Every Day,7
Never,Never,Some Days,Every Day,8
Never,Some Days,Never,Most Days,8
Never,Some Days,Some Days,Most Days,8
Never,Never,Some Days,Most Days,7
Every Day,Most Days,Never,Never,8
Never,Never,Never,Most Days,9
Never,Some Days,Never,Every Day,8
Every Day,Never,Every Day,Never,6
Never,Some Days,Every Day,Some Days,6
Never,Never,Never,Every Day,7
Never,Every Day,Every Day,Some Days,6
Never,Never,Never,Every Day,7
Every Day,Never,Never,Never,8
Never,Some Days,Some Days,Some Days,6
Never,Never,Never,Every Day,8
Every Day,Some Days,Some Days,Some Days,7
Every Day,Never,Never,Every Day,10
Never,Never,Some Days,Most Days,7
Never,Most Days,Some Days,Some Days,7
Never,Some Days,Some Days,Some Days,14
Never,Never,Never,Some Days,9
Never,Every Day,Some Days,Most Days,7
Never,Never,Never,Most Days,7
Never,Never,Never,Most Days,9
Never,Never,Never,Most Days,8
Never,Some Days,Never,Some Days,7
Never,Most Days,Some Days,Most Days,8
Never,Most Days,Most Days,Some Days,6
Never,Some Days,Some Days,Some Days,7
Some Days,Every Day,Every Day,Some Days,6
Never,Some Days,Never,Most Days,7
Never,Some Days,Never,Most Days,8
Every Day,Some Days,Some Days,Some Days,7
Some Days,Never,Never,Every Day,8
Some Days,Some Days,Some Days,Some Days,6
Never,Some Days,Never,Most Days,7
Never,Never,Some Days,Most Days,8
Never,Never,Some Days,Most Days,7
Never,Never,Some Days,Most Days,7
Some Days,Every Day,Every Day,Never,3
Most Days,Some Days,Never,Some Days,8
Never,Some Days,Some Days,Some Days,6
Never,Some Days,Some Days,Every Day,7
Never,Never,Never,Some Days,6
Never,Never,Never,Most Days,8
Every Day,Most Days,Every Day,Some Days,6
Never,Some Days,Some Days,Most Days,8
Never,Some Days,Never,Most Days,6
Never,Never,Most Days,Never,5
Never,Never,Never,Never,5
Never,Never,Some Days,Most Days,7
Never,Some Days,Never,Every Day,9
Never,Never,Never,Every Day,7
Never,Never,Never,Most Days,7
Never,Never,Never,Every Day,8
Never,Never,Some Days,Most Days,8
Never,Never,Never,Most Days,8
Never,Never,Never,Every Day,8
Never,Never,Never,Some Days,11
Every Day,Never,Never,Every Day,12
Never,Every Day,Most Days,Never,5
Some Days,Some Days,Every Day,Most Days,6
Never,Never,Never,Some Days,7
Never,Never,Never,Some Days,12
Never,Never,Never,Every Day,7
Never,Never,Never,Most Days,8
Never,Never,Never,Every Day,9
Never,Never,Never,Every Day,8
Never,Most Days,Most Days,Some Days,7
Never,Some Days,Some Days,Some Days,7
Never,Every Day,Some Days,Some Days,5
Every Day,Most Days,Most Days,Some Days,8
Never,Never,Never,Most Days,8
Most Days,Some Days,Every Day,Never,5
Never,Never,Some Days,Every Day,8
Never,Some Days,Some Days,Some Days,6
Never,Every Day,Some Days,Some Days,7
Most Days,Some Days,Never,Most Days,8
Every Day,Most Days,Most Days,Some Days,6
Some Days,Some Days,Some Days,Most Days,7
Every Day,Some Days,Some Days,Most Days,7
Some Days,Some Days,Never,Most Days,7
Never,Never,Never,Every Day,9
Some Days,Most Days,Most Days,Some Days,6
Never,Never,Never,Most Days,7
Never,Some Days,Never,Some Days,6
Never,Never,Some Days,Some Days,6
Never,Every Day,Every Day,Some Days,5
Never,Never,Some Days,Every Day,7
Never,Never,Some Days,Never,8
Never,Never,Never,Every Day,8
Never,Never,Some Days,Every Day,7
Some Days,Every Day,Never,Never,6
Never,Never,Never,Some Days,7
Never,Some Days,Some Days,Some Days,7
Never,Some Days,Some Days,Some Days,6
Never,Most Days,Never,Most Days,7
Some Days,Some Days,Some Days,Some Days,8
Never,Some Days,Most Days,Some Days,7
Never,Some Days,Never,Every Day,9
Never,Never,Never,Most Days,8
Never,Never,Never,Every Day,8
Never,Never,Never,Every Day,7
Never,Never,Never,Most Days,7
Never,Never,Never,Some Days,7
Never,Most Days,Never,Most Days,6
Never,Most Days,Never,Every Day,6
Some Days,Every Day,Every Day,Some Days,8
Never,Some Days,Never,Most Days,8
Never,Some Days,Never,Some Days,7
Never,Never,Never,Most Days,8
Never,Never,Some Days,Most Days,7
Never,Some Days,Some Days,Some Days,7
Never,Never,Some Days,Some Days,7
Never,Some Days,Never,Most Days,8
Never,Never,Some Days,Some Days,8
Never,Some Days,Some Days,Every Day,7
Never,Never,Some Days,Some Days,6
Never,Some Days,Never,Every Day,8
Never,Never,Never,Never,5
Never,Never,Never,Some Days,15
Never,Never,Never,Some Days,6
Never,Never,Never,Some Days,6
Never,Never,Never,Most Days,7
Never,Some Days,Some Days,Most Days,7
Never,Never,Never,Every Day,8
Never,Never,Never,Most Days,8
Never,Never,Never,Some Days,7
Never,Never,Never,Most Days,7
Never,Never,Never,Most Days,6
Never,Never,Never,Never,4
Never,Most Days,Some Days,Some Days,7
Never,Never,Never,Most Days,8
Never,Some Days,Never,Every Day,6
Some Days,Most Days,Most Days,Some Days,6
Every Day,Every Day,Most Days,Never,7
Never,Some Days,Never,Most Days,7
Never,Never,Some Days,Most Days,7
Never,Never,Never,Some Days,8
Every Day,Most Days,Every Day,Never,5
Never,Some Days,Most Days,Some Days,6
Never,Never,Every Day,Never,4
Never,Most Days,Some Days,Most Days,8
Never,Some Days,Never,Some Days,7
Never,Never,Never,Most Days,7
Never,Never,Never,Every Day,8
Never,Never,Never,Every Day,8
Never,Never,Never,Every Day,5
Some Days,Some Days,Some Days,Some Days,6
Never,Never,Never,Never,8
Never,Some Days,Some Days,Some Days,6
Never,Some Days,Some Days,Some Days,6
Never,Some Days,Never,Most Days,6
Never,Never,Some Days,Never,7
Never,Never,Never,Every Day,7
Never,Some Days,Some Days,Most Days,7
Never,Some Days,Some Days,Some Days,7
Never,Never,Never,Never,6
Every Day,Every Day,Some Days,Never,6
Never,Never,Never,Every Day,8
Some Days,Never,Some Days,Some Days,7
Never,Never,Never,Every Day,8
Never,Some Days,Some Days,Some Days,6
Never,Never,Some Days,Some Days,6
Never,Never,Never,Most Days,7
Never,Never,Some Days,Some Days,6
Never,Some Days,Some Days,Some Days,8
Never,Some Days,Some Days,Some Days,6
Never,Some Days,Some Days,Most Days,6
Never,Some Days,Some Days,Most Days,8
Never,Most Days,Some Days,Some Days,6
Never,Never,Never,Every Day,6
Never,Never,Never,Never,8
Some Days,Some Days,Some Days,Most Days,8
Every Day,Never,Never,Most Days,8
Never,Every Day,Some Days,Some Days,6
Some Days,Never,Never,Most Days,8
Never,Some Days,Never,Some Days,8
Never,Some Days,Some Days,Some Days,6
Never,Some Days,Some Days,Most Days,6
Every Day,Every Day,Every Day,Never,5
Never,Never,Never,Most Days,8
Never,Never,Never,Some Days,7
Most Days,Every Day,Every Day,Never,8
Never,Some Days,Never,Most Days,9
Every Day,Some Days,Some Days,Some Days,6
Never,Never,Never,Some Days,10
Never,Never,Never,Some Days,8
Never,Never,Some Days,Most Days,8
Never,Some Days,Some Days,Most Days,7
Most Days,Some Days,Some Days,Most Days,7
Never,Never,Some Days,Some Days,6
Never,Never,Never,Most Days,7
Some Days,Some Days,Some Days,Some Days,6
Never,Most Days,Some Days,Never,5
Never,Most Days,Some Days,Every Day,6
Never,Never,Some Days,Every Day,10
Never,Some Days,Never,Most Days,6
Never,Never,Never,Every Day,8
Never,Never,Never,Some Days,7
Never,Some Days,Never,Some Days,10
Never,Some Days,Never,Some Days,10
Never,Some Days,Some Days,Most Days,8
Never,Never,Never,Most Days,7
Every Day,Some Days,Some Days,Never,5
Never,Every Day,Never,Most Days,8
Never,Never,Never,Most Days,9
Every Day,Every Day,Every Day,Some Days,4
Most Days,Some Days,Never,Some Days,9
Never,Some Days,Some Days,Some Days,8
Never,Never,Never,Most Days,10
Never,Never,Some Days,Never,8
Some Days,Some Days,Most Days,Most Days,7
Never,Some Days,Never,Most Days,6
Never,Never,Never,Some Days,7
Never,Never,Never,Every Day,8
Never,Never,Never,Most Days,7
Never,Never,Some Days,Every Day,8
Never,Never,Never,Every Day,5
Never,Never,Never,Some Days,8
Never,Never,Never,Every Day,7
Never,Some Days,Never,Most Days,7
Some Days,Never,Some Days,Every Day,5
Never,Never,Never,Most Days,7
Never,Some Days,Never,Most Days,8
Never,Never,Never,Every Day,8
Every Day,Never,Some Days,Most Days,8
Never,Never,Never,Most Days,8
Never,Never,Some Days,Most Days,5
Never,Every Day,Never,Most Days,7
Never,Every Day,Every Day,Most Days,5
Never,Some Days,Some Days,Most Days,5
Never,Most Days,Some Days,Some Days,9
Every Day,Every Day,Most Days,Some Days,5
Never,Never,Some Days,Most Days,6
Never,Never,Never,Some Days,7
Never,Never,Never,Most Days,7
Never,Most Days,Some Days,Most Days,8
Never,Some Days,Most Days,Some Days,5
Never,Some Days,Some Days,Most Days,8
Never,Never,Some Days,Most Days,7
Never,Never,Never,Some Days,7
Never,Never,Some Days,Most Days,8
Every Day,Most Days,Never,Never,5
Never,Never,Some Days,Most Days,6
Never,Never,Some Days,Most Days,7
Some Days,Most Days,Most Days,Some Days,7
Some Days,Most Days,Never,Most Days,8
Every Day,Some Days,Some Days,Most Days,7
Every Day,Never,Some Days,Most Days,5
Every Day,Some Days,Some Days,Some Days,8
Never,Never,Every Day,Every Day,3
Never,Never,Never,Most Days,11
Never,Some Days,Never,Most Days,8
Never,Every Day,Every Day,Never,12
Never,Never,Never,Most Days,8
Every Day,Every Day,Every Day,Some Days,6
Never,Every Day,Most Days,Never,6
Never,Most Days,Every Day,Most Days,8
Never,Most Days,Some Days,Most Days,6
Never,Never,Every Day,Some Days,5
Some Days,Some Days,Some Days,Some Days,5
Every Day,Most Days,Most Days,Some Days,5
Every Day,Never,Never,Never,8
Never,Every Day,Every Day,Never,6
Never,Never,Never,Most Days,7
Never,Never,Some Days,Most Days,6
Never,Most Days,Some Days,Never,7
Never,Every Day,Some Days,Most Days,9
Never,Some Days,Some Days,Most Days,7
Never,Never,Never,Most Days,8
Never,Never,Some Days,Most Days,8
Never,Every Day,Most Days,Most Days,6
Never,Some Days,Some Days,Most Days,8
Never,Some Days,Never,Most Days,8
Never,Never,Never,Some Days,7
Never,Never,Some Days,Some Days,12
Never,Some Days,Some Days,Some Days,7
Every Day,Some Days,Some Days,Most Days,6
Never,Some Days,Never,Every Day,8
Never,Every Day,Most Days,Never,3
Never,Never,Never,Most Days,7
Never,Some Days,Some Days,Most Days,7
Never,Never,Never,Never,6
Never,Never,Never,Every Day,6
Some Days,Most Days,Never,Most Days,8
Never,Never,Never,Some Days,6
Every Day,Never,Some Days,Most Days,8
Never,Never,Never,Every Day,7
Never,Never,Some Days,Some Days,7
Every Day,Some Days,Some Days,Some Days,9
Never,Most Days,Most Days,Some Days,6
Every Day,Never,Some Days,Most Days,5
Never,Some Days,Never,Most Days,8
Some Days,Never,Some Days,Every Day,8
Never,Some Days,Never,Most Days,8
Never,Never,Never,Most Days,8
Never,Some Days,Some Days,Never,7
Never,Never,Never,Most Days,6
Never,Most Days,Some Days,Some Days,7
Never,Never,Every Day,Some Days,5
Never,Never,Never,Most Days,8
Never,Some Days,Never,Most Days,6
Never,Some Days,Never,Most Days,7
Never,Never,Never,Most Days,8
Never,Some Days,Most Days,Never,6
Every Day,Some Days,Some Days,Most Days,7
Never,Never,Never,Every Day,8
Some Days,Some Days,Never,Some Days,8
Never,Never,Never,Never,6
Never,Some Days,Some Days,Some Days,8
Never,Some Days,Some Days,Never,7
Never,Some Days,Some Days,Most Days,7
Never,Some Days,Never,Some Days,6
Never,Never,Never,Most Days,8
Never,Never,Never,Some Days,6
Never,Some Days,Some Days,Most Days,8
Never,Never,Some Days,Most Days,8
Never,Every Day,Never,Most Days,8
Never,Some Days,Some Days,Most Days,7
Never,Some Days,Never,Most Days,8
Never,Some Days,Some Days,Never,5
Never,Never,Never,Most Days,8
Some Days,Some Days,Some Days,Most Days,10
Some Days,Never,Some Days,Some Days,8
Never,Never,Some Days,Most Days,8
Never,Never,Some Days,Most Days,8
Never,Never,Never,Most Days,8
Never,Never,Never,Most Days,6
Never,Never,Never,Every Day,6
Never,Never,Some Days,Most Days,8
Never,Never,Never,Some Days,6
Never,Never,Never,Most Days,8
Some Days,Some Days,Some Days,Some Days,7
Never,Never,Some Days,Most Days,8
Every Day,Every Day,Most Days,Some Days,4
Never,Never,Never,Some Days,8
Never,Never,Never,Most Days,7
Never,Never,Some Days,Most Days,8
Never,Every Day,Most Days,Some Days,6
Never,Never,Never,Every Day,7
Never,Never,Never,Every Day,7
Some Days,Most Days,Some Days,Most Days,7
Every Day,Some Days,Some Days,Most Days,7
Most Days,Some Days,Some Days,Some Days,9
Never,Never,Some Days,Most Days,8
Never,Some Days,Never,Most Days,6
Never,Never,Never,Most Days,7
Never,Most Days,Some Days,Some Days,7
Some Days,Never,Every Day,Some Days,6
Never,Never,Never,Some Days,8
Every Day,Never,Every Day,Every Day,7
Never,Never,Some Days,Some Days,9
Never,Most Days,Most Days,Never,5
Never,Never,Never,Some Days,8
Never,Some Days,Some Days,Most Days,7
Never,Some Days,Never,Some Days,6
Some Days,Most Days,Most Days,Some Days,6
Never,Never,Never,Most Days,8
Never,Some Days,Some Days,Some Days,8
Never,Some Days,Some Days,Most Days,8
Most Days,Never,Every Day,Some Days,8
Never,Every Day,Never,Every Day,7
Never,Never,Never,Most Days,7
Never,Never,Never,Most Days,8
Never,Never,Never,Most Days,8
Never,Never,Never,Most Days,8
Never,Never,Never,Some Days,10
Never,Every Day,Every Day,Never,5
Never,Most Days,Never,Some Days,8
Every Day,Never,Never,Every Day,8
Never,Every Day,Every Day,Never,6
Never,Never,Never,Most Days,7
Never,Never,Never,Most Days,7
Never,Never,Never,Most Days,9
Most Days,Every Day,Never,Never,5
Some Days,Some Days,Some Days,Most Days,7
Never,Never,Never,Every Day,8
Some Days,Some Days,Some Days,Most Days,8
Never,Most Days,Some Days,Never,7
Never,Never,Never,Most Days,7
Never,Every Day,Some Days,Most Days,6
Never,Never,Some Days,Most Days,8
Never,Some Days,Some Days,Some Days,5
Never,Some Days,Never,Most Days,7
Never,Some Days,Most Days,Most Days,6
Never,Never,Never,Most Days,8
Never,Every Day,Every Day,Never,6
Never,Never,Never,Some Days,7
Never,Some Days,Some Days,Some Days,7
Never,Every Day,Every Day,Some Days,8
Never,Some Days,Never,Most Days,7
Never,Never,Never,Some Days,8
Some Days,Never,Never,Most Days,8
Never,Never,Never,Some Days,5
Never,Some Days,Some Days,Most Days,9
Most Days,Most Days,Most Days,Some Days,6
Never,Never,Never,Some Days,8
Every Day,Every Day,Every Day,Never,6
Never,Never,Never,Most Days,9
Some Days,Some Days,Some Days,Most Days,8
Every Day,Some Days,Some Days,Most Days,7
Some Days,Some Days,Some Days,Most Days,7
Never,Never,Never,Every Day,8
Never,Some Days,Most Days,Some Days,6
Never,Never,Never,Every Day,8
Never,Never,Never,Every Day,8
Never,Never,Never,Some Days,7
Never,Some Days,Some Days,Every Day,6
Never,Most Days,Some Days,Most Days,9
Never,Some Days,Never,Every Day,7
Every Day,Most Days,Some Days,Some Days,6
Never,Every Day,Never,Every Day,7
Never,Never,Never,Most Days,6
Never,Most Days,Most Days,Never,5
Every Day,Some Days,Never,Never,8
Never,Never,Never,Some Days,10
Never,Never,Most Days,Some Days,6
Never,Never,Never,Most Days,7
Every Day,Some Days,Some Days,Some Days,7
Some Days,Never,Some Days,Some Days,7
Every Day,Every Day,Never,Some Days,10
Every Day,Some Days,Never,Some Days,8
Never,Never,Some Days,Some Days,8
Never,Never,Never,Most Days,9
Never,Some Days,Some Days,Some Days,6
Every Day,Never,Never,Some Days,7
Never,Some Days,Some Days,Never,6
Every Day,Never,Every Day,Every Day,8
Some Days,Every Day,Every Day,Never,5
Never,Never,Never,Most Days,6
Never,Some Days,Some Days,Most Days,8
Some Days,Never,Every Day,Never,4
Never,Never,Never,Every Day,8
Never,Never,Never,Some Days,6
Never,Never,Never,Most Days,8
Never,Some Days,Never,Most Days,9
Never,Some Days,Some Days,Most Days,7
Every Day,Some Days,Never,Most Days,7
Never,Every Day,Never,Some Days,10
Never,Never,Never,Most Days,9
Most Days,Some Days,Some Days,Never,5
Never,Never,Never,Some Days,7
Never,Never,Some Days,Most Days,7
Never,Some Days,Never,Most Days,8
Never,Some Days,Never,Most Days,6
Never,Never,Never,Every Day,8
Never,Never,Never,Every Day,5
Never,Never,Never,Never,8
Never,Never,Never,Never,7
Every Day,Every Day,Never,Some Days,7
Some Days,Most Days,Some Days,Most Days,6
Every Day,Never,Some Days,Most Days,8
Never,Never,Never,Some Days,7
Never,Never,Never,Never,7
Never,Some Days,Never,Most Days,8
Never,Never,Never,Some Days,7
Never,Every Day,Never,Some Days,12
Never,Some Days,Some Days,Some Days,7
Never,Never,Never,Most Days,8
Never,Some Days,Some Days,Some Days,7
Never,Most Days,Some Days,Never,7
Never,Never,Never,Most Days,8
Never,Most Days,Never,Most Days,9
Never,Never,Never,Some Days,6
Never,Never,Some Days,Most Days,8
Never,Some Days,Never,Most Days,8
Never,Never,Some Days,Most Days,7
Never,Most Days,Never,Most Days,7
Never,Some Days,Some Days,Most Days,8
Never,Never,Never,Most Days,7
Never,Most Days,Never,Some Days,8
Never,Some Days,Some Days,Never,7
Never,Some Days,Some Days,Most Days,7
Never,Some Days,Never,Every Day,9
Never,Never,Some Days,Most Days,8
Never,Most Days,Some Days,Never,5
Never,Never,Never,Every Day,8
Never,Never,Never,Every Day,8
Every Day,Most Days,Most Days,Some Days,8
Never,Never,Never,Most Days,8
Never,Most Days,Most Days,Some Days,6
Never,Some Days,Never,Some Days,9
Never,Every Day,Every Day,Some Days,9
Every Day,Most Days,Most Days,Some Days,5
Never,Never,Never,Some Days,6
Every Day,Some Days,Never,Most Days,8
Never,Never,Some Days,Most Days,10
Never,Some Days,Some Days,Most Days,8
Never,Every Day,Every Day,Never,6
Never,Some Days,Never,Most Days,7
Some Days,Never,Never,Never,7
Never,Never,Never,Every Day,9
Never,Never,Never,Every Day,8
Every Day,Never,Never,Most Days,7
Never,Never,Never,Never,7
Never,Some Days,Some Days,Some Days,10
Never,Never,Never,Most Days,7
Never,Most Days,Never,Most Days,7
Never,Never,Some Days,Some Days,6
Never,Never,Never,Every Day,9
Never,Every Day,Never,Some Days,8
Never,Some Days,Some Days,Some Days,5
Never,Some Days,Some Days,Some Days,6
Every Day,Most Days,Most Days,Never,5
Never,Most Days,Never,Most Days,6
Never,Some Days,Some Days,Most Days,7
Never,Never,Never,Some Days,6
Never,Never,Never,Most Days,6
Never,Never,Never,Every Day,9
Never,Some Days,Some Days,Most Days,8
Every Day,Never,Some Days,Some Days,8
Never,Never,Never,Most Days,8
Every Day,Every Day,Every Day,Some Days,5
Never,Every Day,Some Days,Never,7
Never,Never,Never,Most Days,8
Never,Some Days,Never,Some Days,7
Every Day,Never,Never,Every Day,8
Some Days,Most Days,Some Days,Most Days,6
Every Day,Every Day,Never,Some Days,6
Never,Never,Never,Every Day,8
Never,Never,Never,Most Days,8
Never,Never,Never,Never,6
Never,Never,Never,Every Day,9
Never,Never,Never,Every Day,8
Never,Never,Never,Most Days,6
Never,Never,Some Days,Some Days,6
Some Days,Some Days,Never,Some Days,6
Never,Some Days,Some Days,Never,5
Never,Some Days,Never,Most Days,12
Some Days,Some Days,Some Days,Most Days,7
Never,Every Day,Some Days,Some Days,11
Never,Never,Some Days,Some Days,8
Never,Some Days,Never,Most Days,8
Some Days,Some Days,Most Days,Never,5
Never,Never,Never,Every Day,8
Never,Never,Never,Every Day,7
Never,Most Days,Most Days,Some Days,9
Some Days,Most Days,Every Day,Never,6
Most Days,Some Days,Most Days,Some Days,7
Never,Never,Never,Most Days,8
Never,Never,Never,Never,8
Some Days,Most Days,Never,Never,8
Every Day,Some Days,Every Day,Some Days,5
Never,Some Days,Most Days,Some Days,8
Every Day,Never,Never,Most Days,8
Never,Never,Never,Most Days,5
Never,Some Days,Never,Most Days,8
Never,Never,Some Days,Most Days,6
Never,Some Days,Never,Some Days,7
Never,Never,Some Days,Some Days,7
Never,Never,Never,Every Day,8
Never,Most Days,Never,Never,8
Never,Some Days,Never,Some Days,7
Never,Never,Most Days,Some Days,6
Some Days,Never,Some Days,Most Days,8
Never,Never,Some Days,Most Days,8
Never,Some Days,Some Days,Most Days,7
Some Days,Some Days,Some Days,Most Days,7
Never,Never,Some Days,Some Days,8
Never,Never,Never,Most Days,8
Some Days,Never,Some Days,Never,15
Every Day,Never,Some Days,Most Days,9
Never,Some Days,Some Days,Most Days,8
Every Day,Most Days,Some Days,Some Days,8
Never,Some Days,Some Days,Never,8
Every Day,Some Days,Some Days,Most Days,7
Never,Never,Never,Some Days,6
Never,Never,Never,Some Days,8
Some Days,Most Days,Some Days,Some Days,5
Never,Some Days,Some Days,Most Days,7
Some Days,Some Days,Some Days,Most Days,8
Never,Never,Never,Some Days,6
Most Days,Some Days,Most Days,Never,6
Never,Every Day,Every Day,Every Day,6
Never,Never,Some Days,Some Days,8
Never,Never,Some Days,Most Days,8
Never,Never,Most Days,Never,10
Some Days,Most Days,Most Days,Some Days,6
Some Days,Every Day,Never,Never,10
Never,Some Days,Some Days,Some Days,8
Never,Never,Never,Most Days,7
Never,Never,Never,Most Days,7
Never,Never,Never,Most Days,8
Never,Some Days,Never,Most Days,8
Never,Never,Never,Most Days,6
Every Day,Every Day,Most Days,Some Days,6
Every Day,Every Day,Every Day,Never,6
Some Days,Some Days,Most Days,Never,4
Some Days,Some Days,Some Days,Some Days,6
Some Days,Most Days,Some Days,Some Days,6
Never,Some Days,Never,Most Days,6
Never,Never,Never,Every Day,6
Never,Never,Never,Never,6
Never,Some Days,Some Days,Some Days,7
Never,Never,Never,Most Days,8
Never,Never,Never,Every Day,8
Never,Never,Never,Every Day,8
Never,Never,Never,Every Day,8
Some Days,Some Days,Some Days,Some Days,6
Never,Most Days,Every Day,Never,5
Never,Some Days,Some Days,Most Days,6
Some Days,Some Days,Most Days,Some Days,6
Never,Some Days,Some Days,Some Days,7
Never,Never,Never,Most Days,8
Never,Some Days,Never,Most Days,7
Never,Never,Never,Most Days,8
Never,Never,Never,Every Day,8
Never,Some Days,Some Days,Most Days,8
Every Day,Most Days,Never,Some Days,6
Never,Never,Never,Most Days,8
Never,Some Days,Most Days,Some Days,5
Never,Some Days,Some Days,Some Days,7
Never,Some Days,Some Days,Some Days,8
Never,Never,Never,Every Day,7
Some Days,Some Days,Some Days,Most Days,7
Never,Never,Some Days,Most Days,8
Some Days,Every Day,Most Days,Some Days,4
Never,Some Days,Some Days,Most Days,6
Some Days,Some Days,Some Days,Some Days,8
Every Day,Never,Never,Some Days,7
Never,Never,Never,Most Days,7
Never,Some Days,Never,Every Day,8
Never,Never,Some Days,Every Day,6
Never,Never,Some Days,Most Days,7
Never,Some Days,Every Day,Some Days,7
Never,Most Days,Most Days,Some Days,7
Some Days,Some Days,Some Days,Some Days,12
Never,Some Days,Some Days,Most Days,7
Never,Never,Never,Most Days,7
Never,Never,Some Days,Most Days,7
Never,Some Days,Some Days,Most Days,8
Some Days,Some Days,Some Days,Some Days,8
Never,Never,Never,Never,6
Never,Never,Never,Most Days,7
Never,Some Days,Some Days,Some Days,6
Never,Never,Never,Some Days,8
Never,Some Days,Some Days,Some Days,8
Never,Never,Never,Every Day,10
Never,Never,Some Days,Most Days,8
Never,Some Days,Some Days,Never,6
Never,Never,Some Days,Never,5
Never,Never,Never,Never,8
Never,Never,Never,Most Days,7
Never,Some Days,Some Days,Every Day,8
Never,Never,Never,Some Days,6
Never,Never,Some Days,Never,8
Never,Never,Some Days,Most Days,8
Never,Never,Never,Every Day,7
Never,Never,Never,Some Days,6
Never,Never,Never,Some Days,5
Never,Never,Never,Every Day,7
Never,Never,Never,Never,6
Never,Most Days,Most Days,Some Days,6
Never,Some Days,Some Days,Most Days,8
Never,Some Days,Some Days,Some Days,9
Never,Never,Some Days,Some Days,7
Some Days,Some Days,Some Days,Some Days,7
Some Days,Some Days,Some Days,Never,7
Never,Some Days,Some Days,Some Days,7
Every Day,Most Days,Most Days,Some Days,6
Never,Some Days,Some Days,Some Days,6
Never,Some Days,Most Days,Some Days,7
Never,Never,Never,Every Day,7
Never,Never,Never,Most Days,7
Never,Never,Never,Some Days,6
Every Day,Most Days,Most Days,Never,6
Never,Some Days,Some Days,Most Days,8
Some Days,Never,Some Days,Some Days,8
Never,Never,Never,Most Days,7
Never,Never,Most Days,Most Days,6
Never,Never,Never,Every Day,6
Never,Never,Never,Most Days,8
Never,Some Days,Never,Most Days,7
Never,Never,Some Days,Most Days,8
Never,Never,Never,Most Days,8
Never,Never,Never,Every Day,8
Never,Never,Never,Every Day,8
Never,Never,Some Days,Most Days,7
Never,Never,Some Days,Most Days,7
Never,Never,Never,Every Day,8
Never,Some Days,Some Days,Every Day,7
Never,Never,Never,Most Days,6
Never,Every Day,Most Days,Some Days,7
Never,Never,Never,Most Days,7
Some Days,Some Days,Some Days,Most Days,6
Never,Some Days,Some Days,Every Day,8
Never,Some Days,Some Days,Every Day,6
Some Days,Never,Every Day,Every Day,7
Never,Some Days,Some Days,Most Days,7
Never,Never,Never,Most Days,8
Never,Most Days,Every Day,Some Days,7
Some Days,Never,Most Days,Some Days,7
Never,Never,Some Days,Most Days,7
Never,Some Days,Some Days,Every Day,8
Never,Most Days,Most Days,Some Days,10
Never,Some Days,Some Days,Most Days,7
Never,Most Days,Some Days,Some Days,6
Every Day,Some Days,Most Days,Some Days,10
Never,Some Days,Some Days,Some Days,6
Never,Some Days,Some Days,Most Days,9
Never,Never,Never,Most Days,7
Every Day,Every Day,Some Days,Most Days,8
Never,Never,Never,Most Days,7
Never,Some Days,Some Days,Most Days,7
Never,Some Days,Some Days,Most Days,8
Never,Never,Never,Never,17
Some Days,Never,Some Days,Most Days,7
Never,Never,Never,Every Day,7
Never,Some Days,Some Days,Some Days,7
Every Day,Never,Never,Every Day,7
Never,Never,Never,Most Days,8
Never,Some Days,Some Days,Most Days,7
Never,Never,Some Days,Most Days,8
Never,Never,Some Days,Never,7
Never,Never,Never,Every Day,8
Never,Some Days,Never,Most Days,7
Every Day,Some Days,Some Days,Most Days,6
Some Days,Every Day,Never,Never,5
Some Days,Most Days,Some Days,Most Days,7
Every Day,Some Days,Some Days,Some Days,5
Some Days,Every Day,Some Days,Some Days,6
Never,Never,Never,Most Days,6
Some Days,Most Days,Never,Some Days,6
Never,Some Days,Never,Most Days,6
Never,Most Days,Some Days,Never,8
Never,Some Days,Some Days,Most Days,7
Never,Some Days,Some Days,Most Days,7
Some Days,Some Days,Some Days,Most Days,6
Never,Most Days,Never,Most Days,8
Never,Never,Never,Most Days,8
Never,Some Days,Some Days,Most Days,8
Never,Some Days,Never,Some Days,8
Never,Every Day,Some Days,Never,6
Every Day,Some Days,Every Day,Some Days,7
Never,Every Day,Never,Some Days,6
Never,Never,Never,Most Days,8
Some Days,Some Days,Some Days,Some Days,10
Never,Some Days,Some Days,Every Day,7
Never,Some Days,Some Days,Most Days,5
Most Days,Every Day,Every Day,Never,4
Some Days,Some Days,Some Days,Some Days,7
Never,Never,Never,Most Days,8
Some Days,Some Days,Every Day,Never,6
Never,Some Days,Never,Every Day,12
Never,Never,Never,Most Days,6
Never,Some Days,Some Days,Some Days,6
Never,Some Days,Never,Most Days,6
Never,Never,Never,Most Days,6
Never,Most Days,Some Days,Some Days,6
Never,Some Days,Some Days,Some Days,7
Never,Never,Never,Some Days,8
Never,Never,Some Days,Most Days,8
Never,Never,Never,Never,10
Never,Never,Never,Most Days,10
Every Day,Never,Most Days,Some Days,4
Most Days,Some Days,Most Days,Most Days,6
Never,Never,Never,Some Days,7
Some Days,Most Days,Most Days,Some Days,6
Never,Some Days,Some Days,Some Days,6
Some Days,Some Days,Never,Most Days,7
Every Day,Most Days,Every Day,Some Days,3
Never,Never,Never,Every Day,8
Never,Never,Some Days,Most Days,7
Never,Never,Never,Every Day,7
Never,Never,Never,Some Days,8
Most Days,Some Days,Never,Most Days,8
Never,Some Days,Some Days,Most Days,6
Some Days,Some Days,Some Days,Most Days,7
Every Day,Some Days,Never,Some Days,7
Never,Never,Never,Most Days,7
Never,Never,Every Day,Never,5
Never,Some Days,Some Days,Most Days,7
Never,Some Days,Some Days,Some Days,12
Never,Most Days,Most Days,Some Days,5
Some Days,Every Day,Every Day,Some Days,6
Never,Never,Some Days,Some Days,6
Never,Never,Some Days,Most Days,6
Never,Every Day,Some Days,Most Days,8
Never,Most Days,Most Days,Never,6
Never,Some Days,Some Days,Some Days,7
Never,Some Days,Never,Most Days,7
Never,Never,Never,Every Day,8
Never,Every Day,Every Day,Some Days,5
Never,Some Days,Never,Some Days,5
Never,Never,Never,Some Days,8
Never,Never,Some Days,Most Days,8
Never,Never,Never,Every Day,7
Never,Never,Never,Every Day,7
Never,Never,Some Days,Most Days,7
Every Day,Some Days,Some Days,Most Days,8
Never,Some Days,Never,Some Days,8
Some Days,Most Days,Most Days,Never,6
Never,Most Days,Never,Some Days,8
Some Days,Some Days,Some Days,Some Days,7
Never,Never,Never,Every Day,8
Never,Some Days,Some Days,Some Days,6
Every Day,Never,Some Days,Most Days,7
Never,Never,Never,Every Day,8
Never,Never,Never,Most Days,7
Never,Never,Some Days,Most Days,7
Never,Every Day,Some Days,Never,5
Never,Never,Every Day,Every Day,10
Never,Never,Never,Every Day,7
Never,Never,Never,Most Days,8
Most Days,Some Days,Some Days,Most Days,8
Every Day,Most Days,Most Days,Most Days,12
Never,Never,Never,Most Days,8
Never,Some Days,Some Days,Some Days,8
Never,Most Days,Some Days,Some Days,9
Never,Never,Never,Every Day,7
Some Days,Never,Some Days,Every Day,8
Never,Some Days,Every Day,Some Days,5
Some Days,Some Days,Some Days,Most Days,7
Never,Never,Never,Most Days,8
Never,Never,Never,Some Days,6
Never,Never,Some Days,Every Day,6
Never,Every Day,Some Days,Never,6
Never,Never,Never,Most Days,8
Some Days,Some Days,Some Days,Most Days,7
Never,Most Days,Never,Some Days,10
Never,Never,Never,Some Days,7
Never,Never,Never,Every Day,7
Never,Some Days,Some Days,Some Days,7
Never,Never,Never,Some Days,9
Never,Some Days,Most Days,Some Days,11
Never,Some Days,Some Days,Most Days,7
Every Day,Never,Some Days,Most Days,8
Never,Most Days,Some Days,Most Days,6
Never,Never,Never,Most Days,8
Never,Never,Never,Most Days,8
Never,Some Days,Some Days,Some Days,8
Never,Some Days,Never,Most Days,5
Never,Never,Never,Every Day,8
Every Day,Most Days,Most Days,Some Days,5
Every Day,Some Days,Some Days,Every Day,6
Never,Most Days,Most Days,Most Days,6
Every Day,Never,Some Days,Most Days,8
Never,Most Days,Most Days,Some Days,2
Never,Never,Never,Most Days,8
Every Day,Most Days,Every Day,Never,12
Every Day,Never,Every Day,Never,7
Never,Some Days,Some Days,Some Days,8
Never,Some Days,Never,Some Days,8
Every Day,Never,Never,Most Days,9
Never,Some Days,Some Days,Never,7
Some Days,Some Days,Most Days,Some Days,6
Never,Some Days,Never,Most Days,7
Never,Never,Every Day,Some Days,3
Never,Some Days,Some Days,Never,4
Some Days,Never,Some Days,Most Days,8
Every Day,Every Day,Never,Every Day,10
Never,Some Days,Some Days,Some Days,7
Never,Some Days,Some Days,Most Days,5
Never,Never,Never,Most Days,8
Some Days,Every Day,Every Day,Never,5
Never,Never,Never,Most Days,7
Never,Some Days,Some Days,Some Days,7
Never,Never,Never,Most Days,8
Never,Never,Never,Most Days,6
Never,Never,Some Days,Some Days,4
Never,Some Days,Some Days,Some Days,8
Some Days,Some Days,Some Days,Never,6
Never,Never,Some Days,Most Days,7
Every Day,Some Days,Every Day,Some Days,4
Some Days,Never,Never,Most Days,10
Never,Some Days,Some Days,Some Days,6
Some Days,Some Days,Some Days,Most Days,8
Never,Some Days,Never,Some Days,7
Never,Never,Never,Most Days,6
Never,Most Days,Most Days,Some Days,6
Every Day,Never,Never,Most Days,9
Never,Never,Never,Most Days,6
Never,Some Days,Some Days,Some Days,6
Never,Some Days,Some Days,Some Days,6
Every Day,Some Days,Some Days,Never,6
Never,Some Days,Some Days,Some Days,7
Every Day,Never,Every Day,Never,8
Never,Never,Some Days,Every Day,9
Never,Some Days,Some Days,Most Days,7
Never,Never,Never,Every Day,10
Never,Never,Never,Most Days,8
Never,Never,Never,Every Day,7
Never,Never,Never,Most Days,9
Never,Never,Some Days,Most Days,8
Never,Most Days,Never,Most Days,7
Never,Never,Never,Most Days,11
Never,Every Day,Every Day,Some Days,6
Some Days,Every Day,Most Days,Most Days,6
Never,Some Days,Some Days,Some Days,7
Never,Never,Never,Never,10
Never,Never,Never,Some Days,6
Never,Most Days,Most Days,Never,5
Never,Most Days,Some Days,Some Days,6
Never,Never,Some Days,Most Days,8
Never,Never,Never,Most Days,6
Never,Never,Some Days,Some Days,5
Never,Never,Some Days,Every Day,7
Never,Some Days,Some Days,Some Days,8
Never,Some Days,Never,Never,8
Every Day,Some Days,Some Days,Most Days,7
Most Days,Some Days,Never,Most Days,7
Never,Most Days,Never,Most Days,7
Never,Some Days,Never,Most Days,6
Never,Never,Never,Every Day,9
Never,Every Day,Every Day,Every Day,4
Never,Never,Never,Most Days,10
Never,Some Days,Never,Some Days,7
Never,Some Days,Some Days,Some Days,5
Never,Never,Never,Most Days,8
Every Day,Every Day,Every Day,Never,6
Never,Never,Never,Every Day,9
Never,Never,Never,Every Day,8
Never,Never,Some Days,Most Days,7
Never,Most Days,Most Days,Most Days,5
Some Days,Never,Every Day,Never,4
Never,Never,Some Days,Some Days,7
Never,Never,Never,Every Day,6
Every Day,Some Days,Some Days,Some Days,5
Every Day,Never,Never,Most Days,8
Never,Every Day,Most Days,Never,5
Never,Never,Never,Every Day,8
Never,Never,Never,Every Day,8
Never,Never,Never,Most Days,4
Never,Never,Never,Every Day,8
Never,Every Day,Every Day,Never,6
Never,Never,Some Days,Most Days,11
Some Days,Never,Every Day,Never,7
Never,Some Days,Most Days,Never,9
Never,Never,Never,Most Days,7
Never,Never,Some Days,Most Days,8
Never,Never,Never,Most Days,6
Never,Never,Some Days,Most Days,7
Every Day,Every Day,Every Day,Some Days,7
Never,Never,Never,Most Days,8
Never,Never,Never,Every Day,8
Never,Never,Some Days,Every Day,8
Never,Some Days,Some Days,Most Days,7
Never,Never,Some Days,Most Days,8
Some Days,Every Day,Every Day,Some Days,7
Never,Never,Never,Every Day,8
Never,Never,Some Days,Some Days,7
Never,Most Days,Never,Some Days,6
Never,Some Days,Some Days,Most Days,9
Never,Never,Some Days,Most Days,9
Never,Some Days,Some Days,Most Days,8
Never,Never,Never,Most Days,9
Never,Some Days,Never,Never,10
Never,Never,Never,Every Day,8
Never,Some Days,Never,Most Days,6
Never,Most Days,Never,Most Days,5
Never,Most Days,Some Days,Never,6
Never,Never,Every Day,Most Days,4
Never,Never,Never,Some Days,7
Every Day,Every Day,Every Day,Never,6
Never,Never,Most Days,Most Days,7
Most Days,Every Day,Most Days,Some Days,6
Never,Every Day,Most Days,Most Days,6
Never,Most Days,Some Days,Some Days,7
Never,Never,Never,Most Days,8
Never,Some Days,Some Days,Most Days,4
Never,Never,Never,Most Days,10
Never,Never,Never,Most Days,7
Never,Never,Never,Most Days,8
Never,Some Days,Some Days,Some Days,7
Never,Never,Never,Every Day,8
Never,Every Day,Every Day,Never,6
Never,Most Days,Never,Some Days,5
Never,Some Days,Some Days,Some Days,5
Every Day,Never,Never,Every Day,8
Never,Never,Never,Some Days,6
Never,Most Days,Some Days,Never,4
Never,Never,Never,Some Days,7
Never,Never,Some Days,Most Days,8
Never,Never,Never,Every Day,8
Some Days,Some Days,Some Days,Some Days,6
Never,Never,Never,Every Day,6
Never,Some Days,Some Days,Most Days,5
Never,Never,Never,Some Days,8
Never,Never,Never,Every Day,6
Never,Some Days,Most Days,Most Days,8
Never,Some Days,Some Days,Most Days,8
Never,Every Day,Every Day,Some Days,5
Never,Most Days,Most Days,Most Days,8
Never,Some Days,Some Days,Most Days,6
Some Days,Some Days,Never,Never,6
Never,Never,Never,Every Day,8
Never,Most Days,Every Day,Never,6
Never,Some Days,Never,Most Days,6
Never,Never,Some Days,Most Days,8
Never,Most Days,Most Days,Never,6
Never,Some Days,Some Days,Some Days,8
Never,Never,Never,Most Days,9
Never,Never,Never,Most Days,7
Never,Never,Never,Most Days,8
Never,Never,Never,Every Day,10
Never,Never,Some Days,Some Days,8
Never,Never,Never,Every Day,7
Never,Never,Never,Every Day,6
Never,Never,Never,Every Day,6
Some Days,Never,Never,Most Days,7
Some Days,Every Day,Never,Never,6
Never,Some Days,Some Days,Most Days,7
Never,Every Day,Most Days,Some Days,5
Never,Every Day,Never,Every Day,6
Never,Some Days,Some Days,Some Days,8
Never,Never,Every Day,Every Day,7
Never,Never,Every Day,Every Day,8
Never,Some Days,Some Days,Some Days,5
Never,Never,Never,Most Days,7
Never,Never,Never,Every Day,8
Never,Never,Never,Most Days,8
Every Day,Every Day,Every Day,Some Days,7
Never,Most Days,Most Days,Some Days,8
Never,Some Days,Never,Every Day,8
Never,Never,Never,Every Day,8
Some Days,Some Days,Some Days,Most Days,7
Never,Some Days,Never,Most Days,8
Never,Some Days,Never,Most Days,7
Every Day,Some Days,Some Days,Most Days,8
Never,Some Days,Never,Most Days,8
Some Days,Never,Never,Most Days,8
Never,Never,Every Day,Some Days,3
Never,Every Day,Every Day,Never,4
Never,Every Day,Every Day,Some Days,5
Never,Some Days,Some Days,Most Days,6
Never,Some Days,Never,Most Days,8
Never,Some Days,Never,Every Day,8
Never,Never,Never,Every Day,8
Never,Never,Some Days,Most Days,6
Never,Never,Never,Most Days,7
Never,Never,Never,Most Days,8
Never,Some Days,Some Days,Most Days,8
Never,Never,Never,Every Day,7
Never,Never,Never,Every Day,8
Never,Never,Never,Some Days,6
Every Day,Every Day,Every Day,Never,6
Never,Never,Never,Some Days,8
Never,Some Days,Never,Every Day,8
Never,Never,Never,Some Days,6
Never,Never,Every Day,Every Day,9
Never,Some Days,Some Days,Most Days,7
Never,Some Days,Some Days,Some Days,4
Never,Some Days,Some Days,Some Days,8
Never,Every Day,Never,Every Day,7
Never,Never,Never,Every Day,5
Never,Never,Some Days,Never,8
Never,Never,Most Days,Some Days,7
Never,Never,Never,Never,9
Some Days,Some Days,Never,Some Days,8
Never,Every Day,Never,Every Day,8
Never,Never,Never,Most Days,7
Never,Most Days,Some Days,Some Days,4
Never,Never,Never,Most Days,7
Never,Never,Some Days,Most Days,7
Never,Some Days,Never,Most Days,8
Never,Never,Never,Most Days,8
Never,Never,Some Days,Most Days,7
Never,Never,Some Days,Most Days,7
Some Days,Some Days,Never,Some Days,7
Never,Never,Never,Most Days,7
Some Days,Some Days,Some Days,Most Days,7
Most Days,Some Days,Some Days,Some Days,7
Never,Never,Never,Some Days,4
Never,Some Days,Some Days,Most Days,6
Never,Every Day,Most Days,Most Days,7
Most Days,Some Days,Some Days,Some Days,6
Most Days,Every Day,Never,Never,6
Never,Some Days,Never,Most Days,8
Never,Never,Never,Most Days,7
Some Days,Never,Every Day,Most Days,6
Never,Some Days,Never,Most Days,8
Never,Every Day,Never,Most Days,8
Never,Most Days,Some Days,Some Days,9
Every Day,Never,Never,Every Day,11
Never,Most Days,Most Days,Never,8
Never,Most Days,Some Days,Some Days,5
Every Day,Never,Never,Every Day,11
Never,Every Day,Every Day,Never,2
Never,Never,Never,Most Days,7
Never,Never,Never,Some Days,6
Never,Some Days,Some Days,Never,6
Some Days,Never,Some Days,Most Days,8
Never,Never,Never,Most Days,6
Some Days,Every Day,Every Day,Never,7
Every Day,Never,Never,Most Days,8
Never,Never,Most Days,Most Days,6
Some Days,Most Days,Most Days,Some Days,7
Never,Never,Never,Most Days,6
Never,Some Days,Some Days,Most Days,8
Never,Every Day,Never,Some Days,6
Never,Never,Never,Every Day,8
Never,Some Days,Some Days,Some Days,8
Never,Never,Never,Every Day,8
Every Day,Never,Never,Every Day,8
Never,Never,Never,Never,6
Never,Some Days,Most Days,Some Days,6
Never,Never,Never,Most Days,6
Some Days,Some Days,Some Days,Most Days,7
Never,Never,Never,Most Days,7
Every Day,Every Day,Every Day,Most Days,8
Never,Never,Never,Most Days,7
Never,Never,Never,Never,8
Never,Never,Never,Most Days,8
Every Day,Never,Never,Never,8
Every Day,Some Days,Never,Some Days,8
Never,Every Day,Some Days,Some Days,4
Never,Every Day,Never,Some Days,7
Never,Never,Some Days,Every Day,6
Never,Never,Never,Some Days,7
Never,Never,Some Days,Most Days,7
Never,Never,Never,Most Days,8
Never,Every Day,Never,Some Days,8
Never,Some Days,Some Days,Some Days,7
Never,Some Days,Some Days,Never,5
Never,Never,Some Days,Most Days,7
Never,Never,Some Days,Most Days,7
Never,Some Days,Some Days,Most Days,7
Never,Never,Never,Most Days,9
Never,Never,Some Days,Most Days,6
Never,Never,Never,Every Day,8
Never,Never,Some Days,Most Days,7
Never,Some Days,Never,Most Days,6
Never,Every Day,Every Day,Never,7
Every Day,Some Days,Some Days,Some Days,7
Never,Some Days,Never,Most Days,7
Never,Some Days,Never,Some Days,6
Never,Never,Some Days,Some Days,7
Every Day,Never,Every Day,Most Days,7
Never,Never,Never,Some Days,7
Never,Never,Never,Every Day,7
Never,Some Days,Never,Most Days,8
Every Day,Some Days,Some Days,Some Days,8
Never,Some Days,Some Days,Most Days,6
Every Day,Never,Never,Most Days,8
Never,Never,Some Days,Most Days,6
Never,Never,Never,Most Days,8
Never,Every Day,Some Days,Most Days,8
Every Day,Most Days,Most Days,Most Days,7
Never,Some Days,Never,Most Days,8
Never,Never,Never,Every Day,7
Some Days,Some Days,Every Day,Never,4
Never,Never,Never,Some Days,8
Never,Some Days,Some Days,Some Days,5
Never,Most Days,Some Days,Some Days,6
Never,Every Day,Most Days,Some Days,5
Some Days,Never,Some Days,Most Days,7
Never,Some Days,Never,Some Days,8
Never,Some Days,Some Days,Some Days,8
Never,Some Days,Some Days,Most Days,6
Most Days,Some Days,Some Days,Most Days,7
Never,Never,Some Days,Most Days,11
Never,Never,Most Days,Some Days,8
Some Days,Some Days,Never,Most Days,5
Never,Some Days,Most Days,Some Days,5
Never,Some Days,Some Days,Most Days,8
Never,Some Days,Never,Never,8
Never,Never,Some Days,Most Days,7
Never,Never,Some Days,Most Days,9
Never,Never,Some Days,Most Days,9
Never,Some Days,Some Days,Most Days,8
Never,Some Days,Some Days,Most Days,9
Never,Never,Some Days,Some Days,6
Never,Some Days,Some Days,Most Days,8
Every Day,Never,Never,Every Day,8
Some Days,Some Days,Some Days,Some Days,6
Never,Every Day,Some Days,Every Day,8
Never,Some Days,Never,Some Days,8
Every Day,Some Days,Some Days,Every Day,7
Every Day,Every Day,Every Day,Some Days,6
Never,Some Days,Some Days,Some Days,6
Most Days,Some Days,Most Days,Some Days,9
Never,Never,Never,Most Days,7
Never,Never,Never,Some Days,8
Never,Every Day,Never,Most Days,9
Some Days,Some Days,Some Days,Some Days,7
Never,Some Days,Most Days,Some Days,7
Never,Never,Never,Most Days,7
Some Days,Most Days,Some Days,Some Days,7
Never,Every Day,Never,Most Days,8
Never,Some Days,Some Days,Most Days,8
Every Day,Some Days,Some Days,Some Days,7
Never,Some Days,Most Days,Most Days,7
Some Days,Never,Never,Most Days,7
Some Days,Some Days,Never,Most Days,7
Never,Never,Never,Every Day,8
Most Days,Some Days,Some Days,Most Days,8
Every Day,Every Day,Every Day,Some Days,4
Never,Some Days,Never,Some Days,7
Never,Never,Some Days,Most Days,7
Never,Never,Never,Most Days,8
Never,Some Days,Some Days,Most Days,7
Never,Every Day,Every Day,Some Days,8
Some Days,Some Days,Some Days,Some Days,7
Some Days,Some Days,Never,Most Days,9
Never,Most Days,Never,Every Day,6
Never,Every Day,Never,Some Days,8
Never,Never,Never,Some Days,7
Never,Some Days,Some Days,Most Days,8
Never,Some Days,Some Days,Some Days,6
Never,Never,Never,Some Days,5
Some Days,Most Days,Some Days,Every Day,5
Never,Some Days,Some Days,Some Days,6
Never,Never,Never,Every Day,8
Never,Some Days,Never,Some Days,7
Never,Some Days,Never,Most Days,7
Never,Some Days,Some Days,Some Days,7
Never,Never,Never,Most Days,9
Never,Some Days,Some Days,Some Days,6
Never,Never,Some Days,Most Days,7
Never,Never,Never,Every Day,8
Some Days,Some Days,Some Days,Most Days,6
Never,Never,Never,Most Days,7
Never,Every Day,Some Days,Some Days,6
Never,Never,Never,Most Days,8
Some Days,Most Days,Some Days,Never,7
Never,Never,Never,Most Days,8
Never,Never,Never,Never,4
Never,Some Days,Some Days,Most Days,7
Never,Most Days,Never,Some Days,6
Never,Some Days,Never,Most Days,8
Never,Never,Some Days,Every Day,9
Never,Never,Never,Never,8
Never,Never,Never,Every Day,8
Every Day,Never,Some Days,Some Days,8
Every Day,Some Days,Every Day,Some Days,6
Some Days,Never,Some Days,Most Days,7
Never,Never,Some Days,Most Days,8
Some Days,Some Days,Some Days,Some Days,7
Never,Every Day,Every Day,Never,6
Never,Most Days,Some Days,Some Days,7
Never,Never,Never,Some Days,5
Every Day,Every Day,Every Day,Never,1
Never,Never,Never,Every Day,7
Never,Some Days,Never,Every Day,8
Never,Never,Never,Most Days,7
Never,Never,Never,Most Days,9
Never,Never,Some Days,Never,8
Never,Never,Never,Every Day,9
Never,Never,Never,Most Days,8
Never,Never,Some Days,Some Days,8
Every Day,Every Day,Some Days,Every Day,10
Every Day,Never,Some Days,Most Days,7
Never,Never,Never,Most Days,8
Never,Some Days,Never,Most Days,7
Never,Never,Never,Most Days,6
Never,Never,Never,Most Days,7
Some Days,Most Days,Every Day,Never,5
Never,Never,Never,Most Days,8
Some Days,Some Days,Never,Most Days,7
Never,Some Days,Some Days,Some Days,6
Never,Some Days,Some Days,Some Days,7
Never,Some Days,Never,Most Days,8
Never,Some Days,Never,Some Days,7
Never,Never,Some Days,Most Days,7
Never,Never,Never,Some Days,7
Never,Some Days,Some Days,Most Days,6
Never,Some Days,Never,Some Days,6
Never,Never,Most Days,Some Days,7
Never,Some Days,Some Days,Some Days,7
Never,Most Days,Some Days,Some Days,7
Never,Never,Some Days,Most Days,6
Never,Never,Some Days,Some Days,7
Never,Never,Never,Some Days,8
Never,Every Day,Some Days,Some Days,7
Never,Some Days,Some Days,Most Days,7
Never,Some Days,Never,Some Days,12
Never,Never,Some Days,Most Days,8
Never,Some Days,Most Days,Most Days,7
Never,Some Days,Some Days,Some Days,7
Most Days,Every Day,Some Days,Most Days,8
Every Day,Some Days,Never,Most Days,6
Never,Some Days,Some Days,Most Days,7
Never,Never,Never,Most Days,8
Some Days,Some Days,Never,Most Days,9
Some Days,Most Days,Most Days,Some Days,5
Never,Some Days,Never,Most Days,7
Never,Never,Never,Some Days,7
Never,Never,Never,Every Day,8
Never,Most Days,Some Days,Most Days,6
Never,Never,Some Days,Some Days,6
Every Day,Most Days,Some Days,Most Days,7
Every Day,Every Day,Never,Never,7
Never,Some Days,Never,Most Days,8
Some Days,Some Days,Some Days,Most Days,8
Never,Never,Never,Most Days,8
Never,Never,Never,Most Days,8
Every Day,Never,Never,Most Days,9
Never,Never,Some Days,Every Day,8
Never,Never,Never,Most Days,7
Never,Never,Never,Every Day,7
Never,Some Days,Some Days,Some Days,5
Never,Some Days,Never,Most Days,6
Every Day,Some Days,Never,Some Days,8
Never,Some Days,Never,Most Days,8
Every Day,Every Day,Every Day,Every Day,7
Never,Some Days,Never,Some Days,8
Never,Most Days,Never,Some Days,7
Never,Some Days,Some Days,Some Days,6
Never,Some Days,Never,Every Day,7
Never,Never,Some Days,Some Days,8
Never,Never,Never,Most Days,9
Never,Some Days,Never,Most Days,6
Never,Never,Some Days,Most Days,7
Never,Never,Some Days,Most Days,8
Never,Some Days,Most Days,Some Days,6
Every Day,Never,Some Days,Most Days,9
Never,Some Days,Never,Most Days,7
Some Days,Never,Most Days,Most Days,8
Some Days,Most Days,Most Days,Some Days,6
Never,Every Day,Some Days,Most Days,8
Some Days,Some Days,Some Days,Most Days,8
Some Days,Some Days,Never,Some Days,5
Never,Most Days,Some Days,Most Days,8
Every Day,Every Day,Every Day,Most Days,8
Every Day,Never,Never,Most Days,8
Some Days,Some Days,Some Days,Most Days,7
Never,Some Days,Some Days,Most Days,7
Never,Every Day,Never,Most Days,7
Never,Every Day,Most Days,Never,4
Every Day,Most Days,Never,Every Day,8
Never,Never,Some Days,Some Days,8
Some Days,Some Days,Some Days,Most Days,8
Never,Some Days,Never,Some Days,9
Some Days,Never,Some Days,Most Days,6
Never,Never,Never,Most Days,7
Never,Every Day,Every Day,Most Days,8
Never,Most Days,Most Days,Some Days,6
Never,Some Days,Some Days,Never,6
Never,Every Day,Every Day,Never,5
Never,Every Day,Every Day,Some Days,6
Most Days,Most Days,Never,Some Days,5
Never,Every Day,Every Day,Never,5
Never,Never,Never,Never,8
Never,Some Days,Never,Most Days,8
Never,Some Days,Never,Some Days,7
Never,Never,Never,Every Day,8
Never,Never,Never,Every Day,8
Never,Some Days,Never,Some Days,10
Never,Never,Never,Most Days,7
Never,Some Days,Never,Never,7
Never,Never,Never,Never,7
Never,Every Day,Some Days,Never,5
Never,Never,Never,Never,8
Never,Never,Never,Every Day,8
Some Days,Never,Never,Every Day,8
Never,Every Day,Never,Some Days,7
Never,Never,Never,Every Day,9
Never,Never,Some Days,Most Days,9
Never,Some Days,Some Days,Most Days,8
Every Day,Never,Some Days,Most Days,8
Never,Never,Never,Every Day,10
Never,Every Day,Some Days,Never,5
Every Day,Never,Never,Never,8
Never,Never,Never,Some Days,8
Never,Never,Never,Most Days,6
Every Day,Never,Some Days,Every Day,8
Never,Never,Most Days,Never,6
Never,Never,Never,Most Days,8
Some Days,Every Day,Some Days,Some Days,6
Never,Some Days,Most Days,Most Days,7
Never,Never,Never,Some Days,7
Never,Most Days,Some Days,Most Days,7
Never,Never,Never,Every Day,7
Every Day,Some Days,Most Days,Some Days,7
Never,Some Days,Some Days,Some Days,6
Some Days,Most Days,Some Days,Some Days,6
Some Days,Some Days,Never,Some Days,5
Never,Some Days,Never,Most Days,7
Never,Never,Never,Every Day,8
Never,Never,Never,Most Days,6
Never,Some Days,Never,Never,8
Never,Never,Never,Most Days,8
Never,Never,Never,Never,8
Some Days,Some Days,Some Days,Most Days,6
Some Days,Never,Some Days,Some Days,8
Every Day,Never,Never,Most Days,10
Never,Never,Never,Every Day,9
Most Days,Some Days,Most Days,Some Days,7
Every Day,Every Day,Never,Some Days,5
Never,Never,Never,Most Days,9
Some Days,Some Days,Some Days,Some Days,7
Never,Some Days,Never,Most Days,7
Never,Most Days,Never,Most Days,8
Never,Never,Never,Every Day,8
Never,Some Days,Never,Most Days,8
Never,Never,Never,Every Day,7
Never,Never,Never,Most Days,7
Never,Never,Never,Some Days,7
Never,Never,Never,Never,7
Never,Never,Never,Some Days,7
Never,Never,Some Days,Some Days,7
Never,Some Days,Some Days,Most Days,8
Never,Some Days,Never,Most Days,8
Some Days,Every Day,Never,Some Days,6
Never,Never,Never,Most Days,8
Never,Never,Most Days,Some Days,8
Some Days,Never,Some Days,Some Days,8
Some Days,Never,Never,Some Days,7
Some Days,Some Days,Some Days,Some Days,5
Never,Never,Never,Some Days,8
Never,Every Day,Never,Never,8
Never,Never,Never,Some Days,9
Never,Every Day,Some Days,Every Day,8
Never,Every Day,Never,Some Days,6
Never,Every Day,Never,Every Day,8
Never,Never,Never,Every Day,6
Never,Most Days,Most Days,Some Days,6
Never,Some Days,Some Days,Most Days,6
Never,Never,Never,Most Days,7
Never,Never,Never,Most Days,7
Never,Never,Never,Most Days,6
Some Days,Every Day,Some Days,Most Days,7
Never,Never,Never,Every Day,6
Every Day,Every Day,Never,Some Days,7
Never,Every Day,Every Day,Never,5
Never,Never,Some Days,Most Days,7
Never,Never,Some Days,Most Days,9
Never,Some Days,Never,Some Days,8
Never,Some Days,Some Days,Some Days,6
Every Day,Some Days,Some Days,Most Days,9
Never,Every Day,Most Days,Some Days,5
Never,Never,Some Days,Every Day,12
Never,Never,Some Days,Every Day,7
Never,Never,Some Days,Most Days,6
Never,Never,Some Days,Most Days,9
Never,Some Days,Some Days,Most Days,7
Never,Some Days,Never,Every Day,8
Never,Some Days,Never,Most Days,6
Never,Every Day,Some Days,Every Day,7
Never,Some Days,Some Days,Some Days,7
Never,Never,Never,Every Day,7
Never,Some Days,Never,Most Days,8
Never,Some Days,Never,Every Day,9
Never,Some Days,Some Days,Some Days,8
Never,Some Days,Some Days,Some Days,8
Some Days,Some Days,Some Days,Some Days,8
Never,Some Days,Some Days,Some Days,8
Some Days,Some Days,Most Days,Most Days,7
Never,Some Days,Never,Most Days,6
Never,Some Days,Never,Most Days,7
Most Days,Some Days,Some Days,Most Days,7
Never,Never,Some Days,Most Days,6
Never,Never,Never,Some Days,8
Never,Never,Never,Some Days,7
Never,Never,Never,Most Days,6
Never,Never,Never,Most Days,8
Never,Some Days,Never,Never,8
Every Day,Every Day,Every Day,Most Days,7
Never,Some Days,Every Day,Some Days,6
Never,Never,Never,Some Days,4
Never,Never,Never,Some Days,6
Some Days,Some Days,Some Days,Most Days,8
Never,Never,Never,Every Day,8
Never,Some Days,Never,Some Days,7
Never,Never,Never,Most Days,6
Never,Never,Never,Every Day,7
Never,Every Day,Every Day,Some Days,4
Never,Some Days,Every Day,Most Days,7
Never,Never,Never,Every Day,10
Never,Some Days,Never,Every Day,7
Never,Never,Never,Most Days,7
Never,Some Days,Some Days,Some Days,6
Never,Some Days,Never,Never,7
Never,Never,Every Day,Most Days,7
Every Day,Most Days,Some Days,Some Days,6
Never,Never,Never,Most Days,8
Never,Some Days,Some Days,Most Days,8
Never,Some Days,Never,Some Days,8
Never,Never,Never,Most Days,7
Every Day,Never,Never,Some Days,9
Never,Some Days,Some Days,Most Days,8
Never,Never,Never,Every Day,7
Never,Every Day,Every Day,Some Days,4
Never,Some Days,Never,Every Day,6
Never,Never,Never,Most Days,7
Some Days,Some Days,Some Days,Most Days,7
Every Day,Some Days,Every Day,Some Days,15
Every Day,Some Days,Never,Most Days,9
Some Days,Never,Never,Never,7
Never,Never,Never,Most Days,7
Never,Some Days,Some Days,Most Days,5
Some Days,Some Days,Some Days,Most Days,8
Every Day,Never,Some Days,Most Days,7
Every Day,Most Days,Some Days,Never,6
Every Day,Most Days,Every Day,Never,5
Every Day,Some Days,Some Days,Some Days,9
Never,Never,Never,Every Day,7
Never,Never,Never,Most Days,6
Never,Some Days,Some Days,Most Days,5
Never,Never,Never,Some Days,8
Never,Most Days,Never,Most Days,8
Never,Never,Never,Some Days,7
Never,Every Day,Every Day,Never,4
Never,Some Days,Some Days,Never,6
Never,Most Days,Never,Some Days,6
Every Day,Most Days,Never,Every Day,8
Never,Some Days,Never,Every Day,9
Never,Never,Some Days,Most Days,8
Never,Never,Never,Most Days,7
Never,Never,Never,Most Days,8
Some Days,Every Day,Every Day,Never,5
Some Days,Every Day,Every Day,Never,4
Never,Never,Never,Every Day,8
Some Days,Some Days,Some Days,Some Days,8
Never,Some Days,Some Days,Most Days,7
Never,Some Days,Never,Every Day,7
Never,Never,Never,Every Day,8
Some Days,Never,Never,Never,8
Never,Some Days,Some Days,Most Days,6
Never,Never,Some Days,Most Days,7
Never,Never,Never,Every Day,7
Never,Never,Never,Never,8
Never,Never,Never,Every Day,9
Never,Some Days,Never,Most Days,7
Never,Never,Never,Never,7
Never,Never,Never,Every Day,7
Never,Never,Never,Every Day,10
Never,Some Days,Some Days,Most Days,6
Never,Most Days,Some Days,Every Day,6
Never,Never,Never,Never,7
Never,Never,Never,Never,8
Never,Every Day,Most Days,Some Days,6
Never,Never,Some Days,Every Day,7
Never,Never,Never,Every Day,7
Never,Never,Never,Most Days,8
Never,Never,Never,Every Day,6
Some Days,Some Days,Some Days,Some Days,8
Never,Never,Never,Every Day,8
Some Days,Every Day,Every Day,Never,4
Never,Never,Never,Most Days,7
Never,Every Day,Some Days,Some Days,6
Never,Some Days,Most Days,Some Days,7
Every Day,Never,Every Day,Never,8
Never,Never,Never,Every Day,8
Never,Never,Never,Most Days,8
Some Days,Some Days,Some Days,Most Days,9
Never,Never,Never,Every Day,8
Every Day,Some Days,Some Days,Some Days,6
Never,Never,Never,Every Day,7
Every Day,Never,Most Days,Never,7
Never,Some Days,Some Days,Most Days,8
Some Days,Most Days,Some Days,Most Days,8
Never,Most Days,Never,Never,7
Never,Most Days,Never,Some Days,7
Every Day,Never,Every Day,Every Day,7
Never,Never,Never,Never,7
Every Day,Some Days,Never,Most Days,7
Never,Never,Never,Every Day,8
Every Day,Every Day,Most Days,Most Days,8
Never,Never,Never,Every Day,8
Never,Never,Never,Most Days,8
Never,Never,Never,Every Day,8
Never,Never,Never,Most Days,10
Never,Some Days,Some Days,Some Days,8
Never,Most Days,Every Day,Never,5
Some Days,Some Days,Some Days,Some Days,6
Never,Never,Some Days,Most Days,8
Never,Never,Never,Every Day,6
Most Days,Some Days,Some Days,Never,7
Some Days,Some Days,Never,Most Days,8
Never,Some Days,Never,Most Days,7
Never,Never,Never,Most Days,8
Never,Most Days,Every Day,Most Days,6
Never,Never,Some Days,Every Day,8
Every Day,Never,Never,Every Day,8
Never,Never,Never,Every Day,8
Never,Never,Never,Every Day,8
Never,Never,Never,Some Days,7
Never,Never,Never,Every Day,8
Never,Never,Never,Never,8
Every Day,Some Days,Some Days,Most Days,7
Never,Some Days,Some Days,Most Days,7
Never,Never,Never,Some Days,7
Never,Never,Never,Every Day,4
Never,Some Days,Some Days,Some Days,6
Never,Some Days,Never,Most Days,10
Some Days,Never,Every Day,Some Days,7
Never,Some Days,Some Days,Most Days,7
Never,Never,Never,Most Days,8
Never,Some Days,Never,Most Days,8
Never,Some Days,Never,Most Days,6
Every Day,Never,Never,Some Days,7
Never,Most Days,Most Days,Never,6
Never,Never,Never,Some Days,6
Never,Never,Never,Some Days,12
Never,Never,Never,Most Days,7
Never,Some Days,Some Days,Never,8
Never,Some Days,Some Days,Some Days,7
Never,Never,Never,Most Days,6
Never,Never,Never,Some Days,8
Never,Never,Never,Most Days,7
Never,Never,Some Days,Most Days,8
Never,Some Days,Never,Most Days,9
Some Days,Most Days,Most Days,Never,6
Never,Never,Never,Some Days,6
Never,Never,Never,Most Days,9
Never,Some Days,Some Days,Some Days,5
Never,Some Days,Some Days,Some Days,7
Never,Never,Never,Every Day,8
Never,Some Days,Some Days,Most Days,8
Never,Never,Never,Every Day,5
Some Days,Some Days,Some Days,Most Days,7
Never,Never,Some Days,Most Days,8
Never,Some Days,Some Days,Most Days,7
Never,Never,Never,Most Days,6
Never,Never,Some Days,Some Days,7
Never,Never,Never,Most Days,8
Some Days,Some Days,Every Day,Never,4
Never,Never,Never,Most Days,5
Never,Never,Never,Some Days,8
Never,Never,Never,Most Days,7
Never,Most Days,Some Days,Some Days,8
Never,Never,Never,Some Days,7
Never,Never,Never,Most Days,8
Never,Some Days,Never,Never,8
Never,Never,Most Days,Some Days,6
Never,Never,Some Days,Most Days,7
Never,Never,Never,Every Day,9
Never,Never,Never,Every Day,6
Never,Some Days,Some Days,Most Days,8
Never,Never,Never,Every Day,9
Never,Some Days,Some Days,Some Days,5
Never,Never,Never,Some Days,7
Never,Some Days,Some Days,Some Days,6
Never,Some Days,Some Days,Most Days,7
Every Day,Every Day,Every Day,Never,4
Never,Never,Never,Some Days,8
Never,Never,Never,Every Day,8
Never,Never,Never,Every Day,8
Every Day,Every Day,Never,Never,5
Never,Some Days,Never,Some Days,8
Never,Never,Some Days,Most Days,8
Never,Never,Never,Every Day,8
Never,Never,Some Days,Most Days,8
Never,Never,Some Days,Most Days,8
Never,Never,Never,Every Day,8
Never,Never,Never,Most Days,7
Never,Some Days,Some Days,Some Days,7
Never,Some Days,Never,Some Days,7
Never,Never,Never,Most Days,7
Never,Some Days,Some Days,Most Days,9
Never,Some Days,Some Days,Most Days,3
Never,Most Days,Some Days,Never,7
Never,Never,Never,Most Days,8
Never,Some Days,Never,Some Days,6
Never,Never,Never,Most Days,7
Never,Never,Some Days,Most Days,7
Never,Never,Never,Every Day,12
Never,Some Days,Some Days,Some Days,3
Never,Never,Never,Most Days,8
Never,Some Days,Never,Some Days,7
Every Day,Some Days,Never,Most Days,6
Never,Some Days,Some Days,Most Days,7
Never,Never,Never,Most Days,8
Never,Every Day,Every Day,Never,4
Never,Never,Never,Most Days,8
Never,Some Days,Never,Never,9
Every Day,Some Days,Some Days,Some Days,7
Never,Every Day,Never,Never,5
Never,Never,Never,Every Day,8
Some Days,Some Days,Most Days,Some Days,7
Never,Some Days,Never,Most Days,8
Never,Never,Never,Some Days,7
Never,Never,Never,Every Day,8
Never,Some Days,Never,Some Days,7
Never,Never,Some Days,Most Days,8
Never,Never,Never,Most Days,7
Never,Never,Never,Every Day,8
Never,Most Days,Some Days,Some Days,6
Never,Never,Never,Most Days,8
Never,Most Days,Never,Some Days,7
Some Days,Never,Some Days,Most Days,7
Never,Never,Never,Most Days,8
Never,Never,Never,Some Days,8
Most Days,Some Days,Some Days,Some Days,9
Every Day,Some Days,Never,Some Days,8
Never,Never,Some Days,Most Days,6
Never,Never,Never,Every Day,9
Some Days,Some Days,Never,Some Days,7
Never,Never,Never,Most Days,8
Never,Most Days,Some Days,Never,5
Never,Some Days,Some Days,Most Days,6
Never,Never,Some Days,Most Days,7
Never,Never,Never,Most Days,7
Never,Never,Some Days,Most Days,7
Never,Never,Never,Most Days,9
Never,Most Days,Never,Some Days,6
Never,Every Day,Every Day,Most Days,6
Some Days,Never,Some Days,Most Days,6
Most Days,Some Days,Some Days,Some Days,7
Never,Never,Never,Every Day,8
Never,Never,Never,Every Day,7
Never,Never,Never,Most Days,7
Never,Some Days,Never,Most Days,8
Never,Never,Never,Never,12
Never,Some Days,Some Days,Some Days,8
Every Day,Some Days,Some Days,Most Days,8
Never,Never,Some Days,Every Day,6
Never,Some Days,Some Days,Some Days,7
Never,Never,Some Days,Most Days,7
Never,Some Days,Some Days,Every Day,7
Never,Never,Never,Most Days,7
Never,Never,Never,Most Days,8
Every Day,Some Days,Never,Most Days,9
Never,Some Days,Never,Every Day,15
Never,Never,Never,Every Day,8
Never,Some Days,Some Days,Most Days,8
Never,Most Days,Some Days,Some Days,6
Never,Never,Some Days,Most Days,9
Never,Never,Never,Most Days,7
Never,Some Days,Never,Some Days,6
Some Days,Some Days,Never,Some Days,7
Never,Every Day,Every Day,Some Days,4
Never,Some Days,Never,Most Days,8
Never,Some Days,Some Days,Most Days,7
Never,Never,Never,Some Days,7
Never,Every Day,Never,Most Days,6
Never,Never,Some Days,Some Days,8
Never,Every Day,Never,Most Days,7
Never,Some Days,Never,Some Days,6
Never,Never,Never,Most Days,8
Never,Every Day,Most Days,Some Days,7
Never,Some Days,Some Days,Some Days,7
Some Days,Every Day,Never,Some Days,10
Never,Never,Never,Never,7
Never,Never,Most Days,Most Days,7
Never,Never,Most Days,Most Days,7
Never,Some Days,Some Days,Some Days,6
Some Days,Some Days,Some Days,Most Days,9
Never,Never,Never,Most Days,8
Never,Some Days,Never,Most Days,7
Never,Some Days,Never,Most Days,7
Never,Some Days,Never,Some Days,6
Never,Never,Never,Every Day,7
Never,Most Days,Some Days,Some Days,9
Some Days,Every Day,Every Day,Never,3
Never,Never,Some Days,Most Days,7
Never,Never,Never,Most Days,7
Never,Some Days,Some Days,Some Days,6
Never,Some Days,Some Days,Some Days,6
Never,Some Days,Some Days,Most Days,8
Never,Most Days,Some Days,Some Days,9
Never,Never,Never,Most Days,7
Never,Never,Never,Most Days,6
Never,Never,Never,Most Days,5
Never,Some Days,Some Days,Some Days,6
Never,Never,Every Day,Most Days,6
Never,Never,Never,Every Day,10
Every Day,Some Days,Most Days,Most Days,9
Never,Some Days,Never,Some Days,8
Never,Never,Never,Never,7
Never,Some Days,Some Days,Most Days,7
Never,Some Days,Never,Some Days,7
Some Days,Some Days,Some Days,Most Days,7
Never,Never,Never,Most Days,8
Some Days,Some Days,Some Days,Some Days,6
Never,Never,Never,Some Days,8
Never,Never,Some Days,Most Days,7
Never,Every Day,Never,Never,2
Never,Some Days,Some Days,Most Days,8
Never,Never,Never,Every Day,7
Never,Some Days,Some Days,Some Days,8
Never,Most Days,Some Days,Some Days,6
Some Days,Every Day,Most Days,Some Days,5
Never,Never,Some Days,Most Days,8
Never,Some Days,Some Days,Some Days,6
Never,Most Days,Never,Some Days,6
Never,Never,Some Days,Most Days,7
Never,Never,Never,Some Days,9
Never,Never,Never,Most Days,8
Never,Never,Never,Some Days,6
Never,Never,Every Day,Most Days,7
Every Day,Never,Never,Every Day,12
Never,Some Days,Never,Most Days,7
Never,Some Days,Never,Most Days,8
Never,Never,Never,Most Days,8
Never,Some Days,Some Days,Most Days,8
Some Days,Some Days,Some Days,Some Days,6
Never,Never,Most Days,Most Days,8
Never,Some Days,Most Days,Some Days,7
Never,Never,Never,Most Days,7
Never,Never,Never,Never,8
Never,Never,Most Days,Every Day,5
Never,Never,Never,Every Day,6
Never,Never,Never,Every Day,8
Every Day,Every Day,Every Day,Some Days,6
Never,Never,Never,Every Day,10
Most Days,Some Days,Some Days,Some Days,6
Never,Some Days,Some Days,Some Days,8
Every Day,Never,Some Days,Most Days,8
Never,Most Days,Never,Never,8
Most Days,Some Days,Never,Most Days,8
Every Day,Never,Some Days,Every Day,7
Every Day,Some Days,Every Day,Every Day,8
Every Day,Some Days,Some Days,Some Days,8
Never,Never,Every Day,Never,8
Some Days,Never,Never,Most Days,8
Never,Never,Never,Some Days,6
Never,Some Days,Some Days,Most Days,7
Never,Some Days,Never,Some Days,8
Never,Never,Never,Some Days,7
Never,Never,Never,Every Day,7
Never,Never,Never,Some Days,7
Never,Every Day,Every Day,Some Days,5
Some Days,Never,Some Days,Most Days,8
Never,Never,Every Day,Never,6
Never,Never,Some Days,Some Days,7
Never,Never,Never,Most Days,7
Never,Some Days,Some Days,Most Days,7
Never,Never,Never,Some Days,6
Never,Never,Never,Most Days,8
Never,Most Days,Most Days,Some Days,6
Most Days,Some Days,Some Days,Some Days,6
Never,Never,Never,Most Days,8
Never,Never,Never,Every Day,8
Never,Never,Never,Most Days,6
Never,Never,Never,Every Day,8
Never,Never,Never,Some Days,7
Never,Never,Never,Most Days,7
Never,Some Days,Some Days,Some Days,7
Every Day,Every Day,Every Day,Some Days,7
Never,Never,Never,Most Days,7
Never,Most Days,Every Day,Some Days,6
Never,Never,Never,Every Day,8
Never,Some Days,Never,Some Days,7
Never,Never,Never,Most Days,8
Never,Never,Never,Every Day,7
Never,Never,Never,Most Days,7
Never,Never,Never,Some Days,6
Most Days,Never,Never,Most Days,6
Never,Never,Never,Most Days,6
Every Day,Every Day,Every Day,Never,7
Never,Never,Some Days,Most Days,8
Never,Never,Never,Most Days,7
Some Days,Some Days,Some Days,Some Days,6
Never,Some Days,Some Days,Some Days,7
Never,Some Days,Never,Most Days,7
Never,Never,Some Days,Most Days,7
Some Days,Some Days,Some Days,Some Days,7
Never,Never,Never,Most Days,7
Never,Never,Never,Most Days,8
Never,Never,Never,Most Days,6
Never,Some Days,Some Days,Most Days,8
Some Days,Some Days,Most Days,Every Day,9
Never,Never,Never,Every Day,8
Never,Never,Some Days,Most Days,8
Never,Never,Some Days,Some Days,6
Never,Some Days,Never,Most Days,8
Every Day,Most Days,Never,Most Days,5
Never,Never,Some Days,Most Days,7
Never,Some Days,Some Days,Most Days,7
Never,Never,Never,Most Days,8
Never,Never,Never,Every Day,8
Never,Never,Never,Most Days,7
Never,Some Days,Some Days,Most Days,8
Some Days,Some Days,Some Days,Some Days,7
Never,Never,Never,Some Days,14
Most Days,Some Days,Some Days,Some Days,7
Some Days,Every Day,Most Days,Some Days,7
Most Days,Most Days,Never,Some Days,6
Never,Every Day,Never,Never,6
Never,Some Days,Some Days,Most Days,6
Never,Never,Never,Some Days,7
Never,Some Days,Some Days,Most Days,7
Never,Never,Never,Most Days,8
Never,Every Day,Some Days,Some Days,6
Never,Never,Some Days,Most Days,6
Every Day,Never,Never,Most Days,6
Never,Never,Most Days,Never,6
Never,Some Days,Never,Most Days,6
Never,Some Days,Every Day,Some Days,5
Never,Some Days,Never,Every Day,7
Never,Some Days,Some Days,Some Days,7
Every Day,Most Days,Some Days,Most Days,8
Never,Some Days,Never,Most Days,7
Never,Most Days,Never,Most Days,7
Never,Never,Never,Every Day,8
Never,Never,Some Days,Most Days,7
Never,Some Days,Some Days,Some Days,7
Never,Never,Some Days,Most Days,7
Every Day,Every Day,Never,Every Day,9
Never,Some Days,Never,Some Days,7
Never,Never,Never,Every Day,8
Never,Never,Never,Most Days,8
Some Days,Some Days,Some Days,Some Days,6
Never,Most Days,Never,Most Days,6
Never,Some Days,Never,Every Day,7
Every Day,Some Days,Most Days,Never,6
Never,Never,Some Days,Never,7
Never,Never,Never,Most Days,7
Never,Never,Never,Every Day,8
Every Day,Never,Every Day,Most Days,9
Never,Some Days,Some Days,Most Days,5
Never,Never,Some Days,Most Days,7
Never,Some Days,Never,Some Days,6
Never,Some Days,Some Days,Most Days,8
Never,Some Days,Never,Every Day,8
Never,Some Days,Never,Most Days,8
Never,Most Days,Some Days,Never,6
Never,Never,Never,Every Day,8
Never,Never,Never,Most Days,9
Never,Never,Never,Every Day,8
Never,Some Days,Some Days,Most Days,7
Never,Never,Never,Most Days,8
Never,Some Days,Some Days,Some Days,7
Never,Never,Never,Some Days,8
Never,Some Days,Some Days,Most Days,7
Never,Never,Some Days,Some Days,6
Never,Some Days,Never,Some Days,7
Never,Never,Never,Most Days,6
Never,Never,Never,Most Days,8
Never,Some Days,Some Days,Most Days,8
Never,Some Days,Some Days,Most Days,8
Never,Never,Some Days,Some Days,5
Never,Never,Some Days,Every Day,8
Never,Every Day,Some Days,Some Days,6
Never,Never,Never,Most Days,8
Never,Some Days,Some Days,Most Days,8
Never,Never,Some Days,Most Days,6
Every Day,Some Days,Some Days,Most Days,8
Never,Some Days,Some Days,Most Days,8
Never,Never,Never,Most Days,6
Never,Never,Some Days,Most Days,7
Never,Every Day,Never,Most Days,6
Never,Never,Never,Most Days,8
Some Days,Some Days,Some Days,Most Days,5
Never,Never,Never,Most Days,6
Never,Some Days,Some Days,Some Days,6
Every Day,Every Day,Most Days,Never,2
Every Day,Most Days,Some Days,Most Days,6
Never,Never,Never,Most Days,7
Never,Never,Never,Every Day,6
Never,Never,Never,Most Days,8
Every Day,Some Days,Never,Never,8
Every Day,Every Day,Every Day,Never,5
Some Days,Some Days,Never,Some Days,6
Never,Some Days,Never,Most Days,7
Never,Every Day,Never,Some Days,7
Never,Never,Never,Every Day,8
Every Day,Some Days,Never,Most Days,6
Never,Most Days,Some Days,Most Days,9
Every Day,Never,Never,Most Days,8
Never,Never,Never,Most Days,6
Some Days,Never,Some Days,Some Days,9
Never,Every Day,Some Days,Some Days,8
Never,Some Days,Some Days,Most Days,6
Never,Some Days,Some Days,Most Days,6
Never,Never,Never,Every Day,8
Never,Some Days,Some Days,Some Days,6
Never,Some Days,Some Days,Most Days,8
Never,Never,Some Days,Most Days,8
Every Day,Every Day,Some Days,Some Days,6
Never,Every Day,Never,Most Days,8
Never,Never,Never,Every Day,7
Never,Never,Some Days,Some Days,8
Never,Never,Never,Most Days,8
Never,Never,Never,Every Day,7
Every Day,Every Day,Most Days,Some Days,10
Every Day,Never,Some Days,Some Days,6
Every Day,Some Days,Never,Most Days,9
Never,Never,Some Days,Most Days,7
Every Day,Some Days,Most Days,Most Days,6
Never,Every Day,Every Day,Never,6
Never,Some Days,Some Days,Most Days,7
Every Day,Some Days,Some Days,Most Days,7
Never,Some Days,Never,Most Days,7
Never,Never,Never,Most Days,8
Never,Some Days,Some Days,Most Days,8
Never,Never,Every Day,Never,5
Never,Some Days,Never,Most Days,7
Never,Some Days,Never,Most Days,6
Never,Some Days,Some Days,Most Days,7
Never,Every Day,Never,Never,5
Some Days,Some Days,Some Days,Most Days,7
Never,Never,Never,Every Day,6
Never,Some Days,Never,Every Day,8
Every Day,Never,Never,Most Days,10
Every Day,Every Day,Every Day,Never,4
Never,Every Day,Every Day,Some Days,4
Never,Never,Never,Some Days,6
Never,Never,Never,Most Days,6
Never,Some Days,Never,Most Days,8
Never,Some Days,Some Days,Most Days,7
Never,Some Days,Some Days,Most Days,7
Every Day,Every Day,Every Day,Never,6
Never,Some Days,Never,Every Day,7
Never,Never,Never,Most Days,7
Never,Never,Some Days,Most Days,8
Never,Never,Never,Most Days,7
Never,Never,Some Days,Most Days,9
Never,Never,Never,Every Day,8
Some Days,Some Days,Some Days,Never,7
Never,Never,Never,Every Day,9
Never,Never,Never,Every Day,7
Never,Some Days,Never,Some Days,7
Never,Every Day,Every Day,Never,5
Never,Never,Never,Most Days,7
Some Days,Some Days,Some Days,Some Days,6
Never,Never,Some Days,Some Days,7
Never,Some Days,Some Days,Most Days,8
Never,Some Days,Some Days,Most Days,8
Never,Never,Never,Most Days,8
Never,Every Day,Never,Never,6
Never,Some Days,Never,Most Days,10
Never,Never,Never,Every Day,8
Never,Never,Never,Every Day,12
Never,Never,Never,Some Days,6
Never,Every Day,Every Day,Some Days,8
Never,Never,Never,Every Day,6
Never,Never,Never,Every Day,7
Never,Never,Never,Most Days,9
Never,Never,Some Days,Some Days,8
Never,Never,Some Days,Every Day,9
Never,Some Days,Never,Most Days,7
Never,Never,Never,Some Days,7
Some Days,Some Days,Some Days,Some Days,7
Never,Never,Never,Most Days,7
Never,Never,Never,Never,7
Never,Never,Never,Every Day,6
Some Days,Some Days,Some Days,Some Days,7
Never,Never,Never,Most Days,8
Never,Some Days,Some Days,Some Days,8
Never,Never,Some Days,Most Days,7
Never,Never,Some Days,Most Days,7
Never,Most Days,Never,Some Days,6
Never,Never,Some Days,Some Days,8
Never,Some Days,Never,Most Days,8
Never,Some Days,Some Days,Most Days,7
Never,Some Days,Never,Most Days,7
Never,Some Days,Some Days,Some Days,7
Never,Never,Never,Some Days,5
Never,Never,Never,Most Days,9
Never,Most Days,Some Days,Some Days,6
Never,Some Days,Some Days,Some Days,6
Never,Most Days,Never,Every Day,7
Never,Some Days,Never,Every Day,8
Never,Some Days,Some Days,Some Days,6
Never,Never,Never,Never,7
Never,Never,Most Days,Most Days,6
Never,Some Days,Never,Some Days,7
Never,Every Day,Most Days,Never,4
Every Day,Some Days,Every Day,Never,6
Never,Never,Never,Most Days,7
Never,Some Days,Some Days,Most Days,7
Never,Never,Some Days,Some Days,7
Never,Never,Never,Most Days,7
Never,Never,Never,Every Day,7
Never,Never,Never,Every Day,8
Some Days,Some Days,Some Days,Some Days,7
Never,Never,Never,Most Days,8
Never,Never,Some Days,Every Day,8
Never,Some Days,Some Days,Never,8
Never,Some Days,Never,Every Day,5
Some Days,Some Days,Some Days,Most Days,6
Never,Some Days,Some Days,Some Days,8
Never,Never,Some Days,Most Days,7
Never,Never,Most Days,Some Days,5
Never,Never,Never,Every Day,10
Never,Some Days,Some Days,Some Days,8
Never,Most Days,Every Day,Never,4
Never,Never,Never,Every Day,8
Never,Some Days,Some Days,Some Days,8
Never,Never,Never,Most Days,8
Never,Never,Never,Some Days,6
Never,Never,Never,Most Days,8
Never,Never,Never,Most Days,7
Never,Some Days,Every Day,Never,7
Every Day,Never,Every Day,Some Days,6
Never,Some Days,Every Day,Some Days,6
Never,Never,Some Days,Most Days,7
Never,Some Days,Some Days,Some Days,6
Never,Never,Some Days,Some Days,7
Never,Some Days,Some Days,Some Days,6
Never,Some Days,Most Days,Some Days,7
Never,Never,Never,Some Days,7
Never,Never,Never,Every Day,7
Most Days,Some Days,Some Days,Some Days,7
Some Days,Some Days,Some Days,Most Days,8
Never,Never,Never,Every Day,9
Never,Never,Never,Every Day,9
Never,Never,Never,Never,6
Never,Some Days,Some Days,Some Days,3
Never,Never,Never,Every Day,8
Never,Some Days,Never,Most Days,8
Never,Some Days,Some Days,Some Days,7
Never,Never,Some Days,Most Days,6
Never,Never,Never,Some Days,12
Never,Most Days,Some Days,Most Days,6
Never,Never,Most Days,Some Days,7
Never,Some Days,Some Days,Some Days,7
Never,Never,Some Days,Most Days,6
Never,Some Days,Some Days,Some Days,6
Never,Never,Never,Some Days,8
Never,Every Day,Every Day,Never,3
Every Day,Every Day,Every Day,Never,5
Never,Never,Never,Every Day,10
Never,Never,Some Days,Never,7
Every Day,Every Day,Never,Never,6
Some Days,Never,Some Days,Never,5
Never,Never,Never,Most Days,8
Never,Never,Never,Most Days,6
Never,Some Days,Most Days,Some Days,6
Never,Never,Never,Every Day,7
Never,Never,Never,Every Day,8
Never,Never,Never,Most Days,8
Never,Never,Some Days,Most Days,7
Never,Every Day,Never,Never,6
Never,Never,Never,Most Days,9
Some Days,Never,Some Days,Most Days,7
Never,Most Days,Some Days,Some Days,8
Never,Most Days,Never,Most Days,6
Never,Never,Some Days,Most Days,7
Some Days,Some Days,Some Days,Most Days,7
Every Day,Some Days,Some Days,Some Days,7
Never,Never,Never,Every Day,7
Never,Every Day,Every Day,Most Days,8
Never,Never,Some Days,Every Day,6
Never,Some Days,Never,Some Days,7
Every Day,Every Day,Every Day,Never,6
Never,Never,Never,Most Days,7
Some Days,Every Day,Every Day,Every Day,7
Never,Some Days,Never,Most Days,8
Never,Never,Never,Most Days,8
Every Day,Some Days,Never,Some Days,6
Never,Never,Never,Never,9
Never,Some Days,Some Days,Most Days,7
Every Day,Some Days,Some Days,Some Days,7
Never,Some Days,Most Days,Never,6
Never,Never,Never,Most Days,7
Never,Some Days,Some Days,Some Days,7
Never,Never,Never,Most Days,7
Never,Never,Some Days,Most Days,7
Never,Some Days,Some Days,Most Days,10
Some Days,Some Days,Never,Never,6
Never,Some Days,Most Days,Most Days,8
Never,Some Days,Most Days,Most Days,8
Never,Never,Never,Every Day,8
Every Day,Never,Never,Every Day,8
Some Days,Never,Some Days,Every Day,7
Most Days,Some Days,Some Days,Most Days,7
Never,Never,Every Day,Never,6
Never,Never,Never,Most Days,7
Never,Some Days,Some Days,Never,6
Never,Some Days,Never,Most Days,8
Every Day,Some Days,Some Days,Never,4
Every Day,Never,Never,Most Days,12
Never,Most Days,Most Days,Most Days,7
Never,Every Day,Never,Never,5
Never,Some Days,Never,Most Days,9
Never,Never,Never,Every Day,8
Never,Never,Never,Some Days,5
Never,Never,Never,Some Days,4
Never,Most Days,Some Days,Some Days,6
Some Days,Some Days,Some Days,Some Days,6
Every Day,Some Days,Never,Most Days,8
Never,Never,Never,Most Days,7
Never,Never,Never,Most Days,6
Some Days,Some Days,Some Days,Some Days,8
Never,Never,Never,Some Days,8
Some Days,Some Days,Some Days,Some Days,8
Never,Never,Some Days,Some Days,7
Never,Some Days,Some Days,Most Days,8
Every Day,Most Days,Most Days,Some Days,7
Some Days,Every Day,Most Days,Some Days,5
Every Day,Every Day,Every Day,Some Days,8
Never,Never,Never,Every Day,8
Never,Never,Never,Every Day,7
Never,Most Days,Most Days,Never,6
Never,Never,Never,Most Days,6
Never,Never,Never,Most Days,8
Never,Most Days,Some Days,Most Days,7
Every Day,Every Day,Every Day,Never,6
Never,Never,Some Days,Every Day,8
Some Days,Never,Every Day,Some Days,6
Some Days,Some Days,Most Days,Some Days,8
Never,Some Days,Some Days,Some Days,5
Never,Never,Never,Most Days,6
Never,Most Days,Never,Most Days,6
Never,Never,Most Days,Some Days,7
Never,Never,Every Day,Some Days,8
Most Days,Some Days,Some Days,Most Days,6
Never,Never,Never,Every Day,6
Never,Never,Some Days,Most Days,6
Never,Never,Never,Most Days,7
Never,Never,Never,Every Day,8
Never,Never,Most Days,Some Days,8
Most Days,Some Days,Some Days,Some Days,8
Every Day,Never,Never,Most Days,7
Some Days,Some Days,Some Days,Some Days,7
Never,Some Days,Never,Most Days,7
Never,Never,Never,Some Days,7
Most Days,Every Day,Never,Never,9
Never,Most Days,Most Days,Some Days,6
Every Day,Every Day,Some Days,Most Days,8
Never,Never,Never,Most Days,8
Every Day,Most Days,Never,Some Days,8
Never,Never,Never,Most Days,7
Never,Never,Never,Most Days,8
Never,Some Days,Some Days,Some Days,9
Never,Never,Never,Every Day,7
Some Days,Some Days,Some Days,Some Days,6
Some Days,Some Days,Some Days,Most Days,8
Never,Some Days,Never,Some Days,7
Never,Most Days,Never,Some Days,5
Most Days,Some Days,Some Days,Some Days,6
Never,Some Days,Some Days,Some Days,9
Never,Some Days,Never,Most Days,8
Never,Some Days,Never,Most Days,8
Some Days,Some Days,Never,Most Days,7
Never,Never,Never,Most Days,8
Never,Some Days,Some Days,Every Day,10
Never,Some Days,Never,Most Days,7
Never,Never,Never,Most Days,8
Never,Most Days,Most Days,Some Days,7
Never,Some Days,Never,Never,6
Never,Never,Never,Most Days,8
Never,Never,Some Days,Some Days,8
Never,Every Day,Some Days,Some Days,8
Some Days,Some Days,Some Days,Some Days,9
Never,Never,Never,Most Days,6
Never,Some Days,Never,Every Day,7
Never,Never,Some Days,Most Days,8
Never,Never,Some Days,Most Days,9
Never,Never,Some Days,Most Days,8
Never,Some Days,Some Days,Most Days,8
Some Days,Some Days,Some Days,Some Days,7
Never,Some Days,Some Days,Most Days,6
Never,Some Days,Some Days,Some Days,6
Never,Some Days,Some Days,Most Days,7
Never,Some Days,Some Days,Some Days,9
Every Day,Never,Some Days,Every Day,7
Never,Some Days,Never,Most Days,8
Never,Never,Some Days,Every Day,7
Every Day,Some Days,Most Days,Never,14
Never,Some Days,Never,Most Days,7
Never,Never,Never,Every Day,10
Every Day,Most Days,Every Day,Some Days,6
Never,Never,Never,Some Days,6
Never,Some Days,Some Days,Most Days,7
Never,Some Days,Most Days,Some Days,7
Never,Never,Never,Every Day,8
Never,Some Days,Never,Every Day,9
Some Days,Most Days,Some Days,Most Days,7
Never,Never,Never,Every Day,8
Never,Never,Some Days,Most Days,7
Never,Some Days,Most Days,Most Days,8
Never,Never,Never,Most Days,7
Never,Some Days,Some Days,Never,7
Never,Never,Never,Never,9
Never,Never,Some Days,Some Days,8
Never,Never,Never,Never,6
Never,Most Days,Most Days,Some Days,6
Never,Some Days,Some Days,Some Days,8
Never,Never,Never,Some Days,8
Every Day,Every Day,Never,Most Days,7
Never,Never,Most Days,Most Days,8
Never,Never,Never,Most Days,7
Never,Some Days,Never,Some Days,8
Never,Never,Never,Most Days,7
Some Days,Most Days,Never,Some Days,6
Every Day,Every Day,Every Day,Never,7
Never,Most Days,Never,Never,7
Never,Most Days,Some Days,Some Days,7
Never,Some Days,Some Days,Some Days,7
Never,Some Days,Never,Most Days,7
Never,Never,Never,Most Days,8
Some Days,Some Days,Some Days,Most Days,7
Most Days,Some Days,Every Day,Some Days,6
Never,Never,Never,Every Day,8
Never,Some Days,Some Days,Most Days,8
Some Days,Some Days,Most Days,Most Days,7
Every Day,Some Days,Never,Some Days,8
Never,Never,Some Days,Most Days,7
Never,Some Days,Some Days,Some Days,7
Some Days,Never,Some Days,Every Day,8
Never,Every Day,Most Days,Never,9
Some Days,Never,Never,Most Days,7
Never,Every Day,Every Day,Never,6
Every Day,Never,Every Day,Most Days,7
Never,Some Days,Never,Most Days,7
Never,Never,Some Days,Most Days,7
Most Days,Every Day,Some Days,Some Days,5
Every Day,Never,Some Days,Some Days,5
Some Days,Most Days,Most Days,Never,4
Some Days,Most Days,Most Days,Never,6
Some Days,Some Days,Some Days,Most Days,8
Some Days,Every Day,Never,Some Days,6
Every Day,Some Days,Never,Most Days,7
Never,Never,Never,Most Days,5
Every Day,Some Days,Every Day,Never,6
Never,Never,Never,Every Day,7
Never,Some Days,Never,Most Days,9
Never,Never,Some Days,Most Days,7
Never,Some Days,Some Days,Some Days,6
Never,Never,Never,Some Days,8
Never,Some Days,Some Days,Most Days,7
Never,Never,Some Days,Most Days,7
Never,Never,Never,Every Day,8
Some Days,Some Days,Never,Most Days,7
Never,Every Day,Most Days,Some Days,6
Every Day,Some Days,Some Days,Most Days,8
Never,Never,Never,Never,8
Never,Some Days,Some Days,Some Days,5
Never,Most Days,Some Days,Most Days,9
Never,Never,Never,Every Day,8
Never,Never,Some Days,Every Day,8
Never,Some Days,Some Days,Some Days,8
Never,Every Day,Every Day,Every Day,4
Never,Never,Never,Most Days,6
Never,Never,Never,Some Days,7
Never,Never,Never,Most Days,8
Most Days,Most Days,Most Days,Every Day,4
Never,Never,Never,Never,6
Never,Never,Never,Some Days,6
Never,Never,Never,Most Days,7
Never,Never,Never,Every Day,7
Never,Never,Never,Some Days,6
Never,Every Day,Every Day,Most Days,5
Every Day,Most Days,Never,Most Days,8
Never,Never,Some Days,Some Days,7
Never,Never,Never,Most Days,7
Never,Every Day,Every Day,Never,4
Never,Every Day,Every Day,Most Days,4
Never,Some Days,Never,Most Days,5
Never,Never,Never,Most Days,7
Never,Some Days,Never,Most Days,7
Never,Never,Never,Every Day,9
Never,Some Days,Some Days,Some Days,6
Some Days,Some Days,Some Days,Never,20
Some Days,Most Days,Some Days,Most Days,7
Never,Most Days,Most Days,Some Days,7
Never,Never,Some Days,Most Days,8
Never,Never,Never,Every Day,7
Never,Never,Some Days,Most Days,8
Never,Some Days,Some Days,Most Days,6
Never,Some Days,Never,Most Days,8
Some Days,Every Day,Never,Some Days,6
Never,Some Days,Never,Most Days,8
Every Day,Every Day,Every Day,Never,4
Never,Never,Some Days,Most Days,6
Never,Never,Never,Most Days,8
Never,Never,Never,Most Days,9
Never,Never,Never,Most Days,9
Some Days,Never,Every Day,Never,10
Never,Never,Never,Most Days,9
Never,Never,Never,Every Day,9
Some Days,Some Days,Some Days,Some Days,7
Never,Some Days,Some Days,Never,7
Never,Never,Never,Every Day,8
Never,Some Days,Some Days,Most Days,6
Never,Some Days,Never,Most Days,7
Some Days,Some Days,Never,Every Day,7
Never,Never,Never,Most Days,8
Never,Never,Some Days,Most Days,7
Never,Some Days,Some Days,Never,8
Some Days,Some Days,Some Days,Some Days,7
Never,Never,Never,Most Days,8
Never,Never,Some Days,Some Days,6
Never,Never,Never,Most Days,7
Some Days,Never,Every Day,Some Days,6
Never,Never,Never,Most Days,5
Never,Never,Some Days,Some Days,8
Never,Never,Never,Most Days,7
Never,Some Days,Never,Every Day,6
Never,Never,Never,Most Days,8
Never,Some Days,Some Days,Most Days,7
Never,Never,Never,Some Days,7
Never,Every Day,Never,Most Days,8
Never,Never,Never,Every Day,8
Never,Some Days,Some Days,Some Days,7
Never,Never,Never,Most Days,8
Never,Never,Never,Most Days,8
Never,Never,Never,Some Days,10
Never,Never,Never,Most Days,7
Never,Some Days,Never,Some Days,5
Never,Some Days,Some Days,Most Days,9
Never,Some Days,Some Days,Most Days,7
Never,Most Days,Most Days,Some Days,6
Never,Never,Never,Every Day,8
Never,Every Day,Most Days,Some Days,6
Never,Some Days,Never,Every Day,8
Some Days,Most Days,Most Days,Some Days,7
Never,Never,Never,Every Day,7
Some Days,Never,Never,Every Day,10
Never,Every Day,Every Day,Every Day,6
Never,Never,Some Days,Most Days,7
Never,Some Days,Some Days,Most Days,7
Never,Never,Never,Never,8
Never,Never,Never,Every Day,8
Never,Never,Never,Most Days,8
Never,Never,Some Days,Most Days,6
Never,Some Days,Some Days,Most Days,8
Never,Most Days,Never,Some Days,7
Never,Every Day,Every Day,Never,6
Never,Never,Never,Never,7
Never,Some Days,Never,Most Days,9
Never,Never,Never,Every Day,8
Never,Never,Never,Every Day,6
Never,Some Days,Some Days,Most Days,7
Never,Never,Most Days,Never,10
Never,Never,Some Days,Most Days,8
Never,Never,Never,Most Days,6
Never,Never,Never,Most Days,5
Never,Most Days,Most Days,Most Days,5
Some Days,Never,Some Days,Most Days,11
Never,Never,Never,Every Day,9
Every Day,Most Days,Most Days,Some Days,9
Never,Some Days,Never,Some Days,5
Never,Some Days,Some Days,Some Days,7
Every Day,Some Days,Never,Some Days,7
Never,Never,Never,Most Days,7
Never,Some Days,Never,Some Days,7
Never,Some Days,Some Days,Most Days,6
Some Days,Never,Every Day,Never,5
Never,Most Days,Some Days,Some Days,6
Never,Never,Never,Most Days,9
Never,Never,Never,Most Days,7
Never,Never,Never,Every Day,8
Never,Never,Most Days,Every Day,8
Never,Never,Some Days,Most Days,7
Never,Never,Never,Most Days,8
Never,Never,Never,Some Days,7
Never,Some Days,Some Days,Most Days,8
Never,Some Days,Some Days,Most Days,7
Never,Never,Never,Most Days,7
Never,Never,Never,Most Days,8
Never,Never,Never,Every Day,8
Never,Never,Never,Every Day,8
Never,Some Days,Never,Most Days,8
Never,Some Days,Never,Most Days,8
Never,Never,Never,Most Days,8
Most Days,Some Days,Never,Most Days,7
Never,Never,Never,Most Days,6
Never,Most Days,Never,Some Days,9
Never,Never,Some Days,Most Days,7
Never,Every Day,Every Day,Some Days,4
Never,Some Days,Never,Some Days,6
Never,Never,Never,Most Days,7
Never,Most Days,Never,Most Days,7
Never,Never,Never,Every Day,8
Never,Never,Never,Every Day,7
Never,Never,Never,Some Days,5
Never,Some Days,Some Days,Never,6
Every Day,Some Days,Some Days,Some Days,7
Never,Some Days,Never,Most Days,7
Some Days,Some Days,Some Days,Some Days,7
Never,Never,Never,Most Days,8
Never,Never,Never,Never,8
Never,Some Days,Never,Most Days,8
Never,Never,Never,Some Days,6
Never,Never,Never,Every Day,9
Never,Never,Some Days,Some Days,6
Never,Never,Never,Every Day,7
Never,Never,Never,Every Day,7
Never,Some Days,Some Days,Most Days,8
Never,Never,Never,Most Days,7
Never,Never,Never,Most Days,6
Never,Never,Never,Never,7
Never,Most Days,Never,Some Days,7
Never,Some Days,Some Days,Most Days,6
Never,Never,Never,Never,8
Never,Never,Never,Most Days,8
Never,Never,Never,Never,9
Some Days,Some Days,Some Days,Never,6
Some Days,Some Days,Never,Most Days,8
Never,Never,Never,Some Days,6
Never,Some Days,Some Days,Some Days,7
Never,Every Day,Every Day,Never,10
Some Days,Some Days,Some Days,Most Days,8
Never,Some Days,Never,Never,8
Some Days,Some Days,Some Days,Some Days,6
Never,Never,Most Days,Some Days,5
Never,Most Days,Some Days,Some Days,7
Never,Never,Never,Most Days,6
Never,Never,Never,Most Days,7
Never,Some Days,Some Days,Some Days,6
Never,Some Days,Some Days,Some Days,4
Never,Some Days,Never,Never,5
Never,Never,Some Days,Some Days,6
Never,Never,Never,Most Days,8
Never,Never,Never,Every Day,10
Never,Never,Never,Some Days,7
Never,Never,Never,Never,8
Never,Most Days,Most Days,Some Days,6
Never,Never,Some Days,Most Days,7
Some Days,Some Days,Some Days,Never,5
Never,Never,Never,Every Day,8
Never,Every Day,Every Day,Never,5
Never,Never,Never,Every Day,10
Never,Never,Never,Most Days,8
Never,Never,Never,Most Days,6
Never,Some Days,Some Days,Most Days,7
Never,Never,Never,Never,10
Never,Some Days,Some Days,Most Days,7
Some Days,Most Days,Most Days,Some Days,6
Never,Most Days,Some Days,Never,5
Never,Never,Never,Most Days,10
Never,Never,Never,Never,6
Never,Every Day,Some Days,Every Day,6
Never,Some Days,Some Days,Most Days,6
Never,Most Days,Some Days,Some Days,7
Never,Some Days,Most Days,Never,5
Never,Some Days,Never,Most Days,7
Every Day,Never,Never,Most Days,6
Never,Most Days,Every Day,Most Days,8
Some Days,Most Days,Most Days,Some Days,5
Never,Most Days,Never,Most Days,7
Never,Never,Never,Most Days,8
Never,Some Days,Never,Some Days,8
Never,Some Days,Some Days,Most Days,8
Never,Never,Never,Most Days,8
Some Days,Some Days,Most Days,Most Days,10
Never,Never,Some Days,Some Days,8
Some Days,Never,Some Days,Some Days,8
Never,Most Days,Most Days,Most Days,8
Never,Some Days,Never,Every Day,7
Never,Some Days,Some Days,Never,7
Never,Every Day,Never,Every Day,5
Never,Never,Never,Every Day,7
Some Days,Every Day,Most Days,Some Days,5
Never,Never,Some Days,Most Days,7
Never,Never,Never,Every Day,8
Some Days,Most Days,Never,Some Days,8
Never,Every Day,Never,Some Days,7
Some Days,Some Days,Some Days,Most Days,8
Every Day,Some Days,Never,Some Days,8
Never,Every Day,Every Day,Never,4
Never,Never,Never,Every Day,7
Never,Some Days,Some Days,Most Days,7
Never,Never,Most Days,Some Days,6
Some Days,Some Days,Never,Every Day,10
Never,Never,Never,Some Days,11
Never,Every Day,Every Day,Every Day,9
Never,Never,Some Days,Some Days,7
Never,Some Days,Some Days,Some Days,7
Most Days,Some Days,Some Days,Most Days,8
Never,Never,Never,Most Days,7
Never,Never,Some Days,Most Days,8
Never,Some Days,Some Days,Most Days,8
Never,Never,Some Days,Most Days,8
Never,Never,Some Days,Most Days,7
Never,Never,Never,Most Days,8
Never,Some Days,Some Days,Most Days,7
Every Day,Never,Never,Every Day,7
Never,Some Days,Some Days,Most Days,8
Every Day,Every Day,Most Days,Never,7
Some Days,Never,Some Days,Some Days,6
Never,Some Days,Some Days,Some Days,12
Never,Never,Never,Most Days,10
Never,Never,Some Days,Some Days,7
Never,Never,Never,Some Days,8
Never,Never,Some Days,Most Days,7
Never,Never,Never,Most Days,8
Never,Never,Some Days,Most Days,7
Some Days,Never,Never,Most Days,7
Never,Never,Never,Some Days,7
Most Days,Some Days,Most Days,Some Days,8
Every Day,Never,Never,Every Day,8
Never,Never,Never,Most Days,7
Some Days,Every Day,Never,Never,7
Never,Some Days,Never,Some Days,6
Some Days,Never,Never,Most Days,7
Never,Some Days,Some Days,Most Days,6
Most Days,Every Day,Most Days,Most Days,7
Some Days,Never,Some Days,Most Days,10
Never,Never,Never,Every Day,7
Every Day,Never,Never,Never,10
Never,Some Days,Never,Most Days,7
Never,Some Days,Some Days,Some Days,8
Never,Never,Never,Some Days,7
Never,Some Days,Every Day,Never,8
Never,Never,Never,Some Days,7
Never,Never,Never,Some Days,10
Never,Never,Some Days,Most Days,6
Never,Most Days,Most Days,Some Days,8
Never,Every Day,Never,Most Days,7
Some Days,Never,Never,Most Days,8
Never,Most Days,Never,Some Days,7
Never,Some Days,Never,Most Days,7
Never,Never,Never,Most Days,7
Every Day,Never,Never,Most Days,8
Every Day,Some Days,Some Days,Some Days,6
Never,Never,Never,Most Days,8
Never,Some Days,Some Days,Some Days,8
Never,Every Day,Every Day,Never,4
Some Days,Some Days,Never,Some Days,6
Never,Never,Never,Most Days,7
Never,Some Days,Some Days,Some Days,6
Never,Most Days,Every Day,Some Days,5
Never,Some Days,Never,Most Days,7
Never,Never,Never,Every Day,9
Never,Never,Never,Most Days,8
Never,Never,Never,Every Day,8
Some Days,Some Days,Some Days,Some Days,7
Never,Never,Never,Most Days,8
Some Days,Some Days,Some Days,Most Days,8
Every Day,Some Days,Never,Most Days,7
Never,Never,Never,Most Days,8
Never,Some Days,Some Days,Some Days,7
Never,Never,Never,Most Days,8
Never,Some Days,Some Days,Some Days,7
Never,Never,Some Days,Some Days,6
Never,Every Day,Every Day,Never,4
Some Days,Some Days,Some Days,Most Days,7
Never,Never,Never,Most Days,8
Never,Never,Never,Most Days,8
Never,Never,Never,Every Day,8
Never,Never,Some Days,Most Days,8
Never,Most Days,Every Day,Some Days,6
Never,Some Days,Never,Most Days,8
Never,Some Days,Most Days,Some Days,7
Never,Some Days,Some Days,Some Days,7
Never,Never,Never,Every Day,8
Every Day,Most Days,Most Days,Most Days,7
Never,Some Days,Some Days,Most Days,8
Never,Never,Never,Most Days,8
Every Day,Some Days,Every Day,Most Days,8
Never,Some Days,Never,Some Days,6
Never,Every Day,Every Day,Some Days,6
Never,Never,Most Days,Some Days,6
Some Days,Some Days,Some Days,Every Day,10
Never,Most Days,Most Days,Most Days,9
Every Day,Every Day,Every Day,Never,10
Never,Never,Never,Every Day,8
Never,Some Days,Never,Some Days,7
Never,Some Days,Some Days,Some Days,7
Never,Never,Never,Most Days,9
Every Day,Some Days,Most Days,Some Days,6
Never,Never,Never,Every Day,7
Never,Every Day,Every Day,Never,5
Some Days,Most Days,Some Days,Most Days,8
Never,Never,Never,Most Days,6
Some Days,Every Day,Every Day,Never,6
Never,Never,Never,Every Day,7
Some Days,Every Day,Some Days,Never,6
Most Days,Some Days,Some Days,Every Day,7
Never,Never,Never,Most Days,5
Never,Some Days,Never,Some Days,6
Never,Never,Never,Never,11
Never,Some Days,Some Days,Most Days,14
Never,Every Day,Some Days,Never,7
Never,Every Day,Every Day,Some Days,8
Never,Some Days,Every Day,Never,4
Never,Never,Never,Every Day,8
Never,Most Days,Never,Most Days,5
Never,Some Days,Some Days,Most Days,8
Some Days,Some Days,Most Days,Most Days,7
Never,Never,Never,Some Days,4
Most Days,Never,Never,Most Days,8
Never,Every Day,Some Days,Some Days,7
Never,Never,Some Days,Most Days,7
Never,Some Days,Some Days,Most Days,8
Never,Every Day,Never,Every Day,10
Never,Most Days,Some Days,Some Days,7
Never,Most Days,Some Days,Most Days,8
Never,Never,Never,Some Days,7
Never,Some Days,Some Days,Some Days,7
Never,Every Day,Every Day,Every Day,4
Every Day,Every Day,Every Day,Never,6
Never,Never,Never,Every Day,8
Never,Every Day,Never,Some Days,7
Never,Never,Never,Some Days,7
Every Day,Some Days,Some Days,Some Days,7
Never,Some Days,Most Days,Some Days,6
Every Day,Every Day,Never,Every Day,8
Never,Never,Some Days,Most Days,6
Never,Never,Never,Every Day,8
Never,Some Days,Some Days,Some Days,8
Never,Every Day,Most Days,Never,5
Most Days,Some Days,Some Days,Most Days,8
Never,Never,Some Days,Every Day,8
Never,Some Days,Some Days,Some Days,7
Never,Never,Some Days,Some Days,7
Most Days,Never,Every Day,Most Days,13
Never,Never,Never,Most Days,7
Never,Some Days,Most Days,Some Days,8
Never,Most Days,Some Days,Most Days,6
Never,Some Days,Never,Most Days,7
Never,Never,Never,Most Days,7
Every Day,Every Day,Most Days,Some Days,6
Never,Never,Some Days,Most Days,6
Never,Some Days,Never,Every Day,8
Never,Never,Never,Most Days,6
Never,Some Days,Never,Most Days,7
Never,Some Days,Some Days,Most Days,8
Never,Every Day,Never,Never,4
Never,Never,Never,Most Days,7
Never,Every Day,Most Days,Some Days,5
Never,Most Days,Some Days,Some Days,6
Never,Some Days,Never,Some Days,8
Never,Every Day,Every Day,Some Days,8
Never,Some Days,Some Days,Some Days,7
Every Day,Every Day,Every Day,Never,4
Never,Never,Never,Most Days,8
Never,Never,Some Days,Never,9
Some Days,Every Day,Most Days,Most Days,7
Some Days,Never,Some Days,Most Days,8
Never,Some Days,Never,Most Days,7
Never,Never,Never,Most Days,6
Every Day,Never,Never,Every Day,7
Never,Never,Never,Most Days,9
Never,Some Days,Some Days,Most Days,6
Some Days,Most Days,Every Day,Some Days,6
Never,Never,Never,Every Day,8
Every Day,Never,Some Days,Most Days,8
Every Day,Most Days,Most Days,Some Days,7
Never,Most Days,Never,Most Days,8
Every Day,Every Day,Every Day,Never,8
Some Days,Some Days,Some Days,Most Days,7
Never,Some Days,Some Days,Most Days,7
Every Day,Some Days,Never,Most Days,7
Never,Most Days,Some Days,Most Days,7
Never,Most Days,Never,Never,6
Never,Never,Some Days,Most Days,8
Never,Never,Some Days,Most Days,5
Never,Never,Never,Every Day,7
Never,Never,Some Days,Most Days,6
Never,Never,Never,Every Day,7
Never,Never,Some Days,Most Days,9
Some Days,Some Days,Most Days,Most Days,6
Most Days,Most Days,Most Days,Some Days,4
Never,Never,Some Days,Most Days,7
Never,Never,Never,Most Days,6
Never,Never,Never,Most Days,8
Every Day,Most Days,Every Day,Never,5
Never,Some Days,Every Day,Never,6
Never,Some Days,Some Days,Most Days,8
Never,Never,Some Days,Most Days,8
Some Days,Some Days,Some Days,Most Days,8
Never,Some Days,Some Days,Most Days,7
Most Days,Some Days,Some Days,Some Days,6
Never,Never,Some Days,Most Days,7
Never,Some Days,Never,Most Days,7
Never,Some Days,Some Days,Some Days,6
Most Days,Some Days,Some Days,Most Days,7
Some Days,Never,Some Days,Most Days,7
Never,Never,Never,Every Day,10
Never,Never,Never,Every Day,8
Never,Most Days,Most Days,Most Days,7
Never,Never,Never,Most Days,8
Never,Some Days,Never,Most Days,7
Never,Some Days,Some Days,Most Days,8
Never,Some Days,Some Days,Most Days,8
Some Days,Every Day,Every Day,Never,6
Never,Never,Some Days,Some Days,6
Never,Some Days,Some Days,Some Days,7
Never,Some Days,Some Days,Some Days,12
Every Day,Some Days,Some Days,Some Days,5
Never,Never,Some Days,Some Days,7
Never,Some Days,Never,Some Days,5
Never,Every Day,Never,Some Days,7
Never,Never,Never,Most Days,8
Some Days,Never,Some Days,Some Days,7
Most Days,Never,Most Days,Never,6
Most Days,Most Days,Some Days,Some Days,5
Never,Never,Never,Most Days,7
Never,Some Days,Some Days,Some Days,5
Never,Never,Never,Most Days,8
Never,Some Days,Some Days,Some Days,6
Never,Never,Never,Some Days,7
Never,Never,Never,Most Days,8
Never,Never,Never,Some Days,9
Every Day,Some Days,Some Days,Some Days,7
Never,Never,Never,Most Days,9
Never,Never,Never,Most Days,7
Never,Most Days,Most Days,Never,6
Some Days,Some Days,Some Days,Most Days,8
Some Days,Some Days,Some Days,Most Days,7
Never,Most Days,Some Days,Most Days,7
Never,Never,Some Days,Most Days,8
Never,Never,Never,Most Days,8
Never,Never,Never,Most Days,8
Never,Never,Never,Some Days,7
Never,Never,Never,Every Day,8
Some Days,Some Days,Most Days,Never,5
Never,Some Days,Never,Most Days,10
Never,Most Days,Most Days,Most Days,5
Never,Never,Some Days,Some Days,6
Never,Some Days,Most Days,Some Days,7
Some Days,Some Days,Some Days,Some Days,5
Some Days,Some Days,Some Days,Most Days,7
Never,Some Days,Some Days,Some Days,7
Never,Some Days,Some Days,Some Days,6
Every Day,Never,Never,Never,8
Some Days,Never,Every Day,Some Days,7
Never,Never,Some Days,Most Days,7
Never,Some Days,Never,Most Days,7
Never,Some Days,Some Days,Most Days,6
Never,Every Day,Every Day,Never,4
Never,Never,Never,Most Days,6
Never,Every Day,Every Day,Some Days,4
Some Days,Some Days,Some Days,Some Days,6
Never,Never,Never,Every Day,9
Never,Some Days,Some Days,Every Day,4
Never,Most Days,Some Days,Most Days,8
Every Day,Every Day,Never,Never,8
Never,Never,Never,Every Day,8
Never,Never,Some Days,Most Days,5
Never,Most Days,Never,Some Days,7
Never,Never,Some Days,Most Days,7
Never,Never,Some Days,Never,6
Every Day,Never,Never,Every Day,8
Never,Never,Never,Some Days,7
Never,Some Days,Never,Some Days,7
Never,Never,Never,Most Days,6
Never,Some Days,Some Days,Some Days,6
Every Day,Every Day,Some Days,Most Days,8
Never,Never,Never,Some Days,11
Every Day,Every Day,Never,Never,5
Never,Never,Never,Most Days,8
Never,Every Day,Most Days,Most Days,5
Never,Never,Never,Every Day,8
Never,Never,Never,Most Days,8
Never,Never,Never,Most Days,9
Never,Never,Never,Some Days,7
Some Days,Some Days,Most Days,Some Days,8
Never,Never,Never,Some Days,8
Never,Some Days,Never,Most Days,7
Never,Never,Never,Most Days,8
Never,Never,Never,Some Days,9
Never,Never,Never,Every Day,7
Never,Never,Never,Every Day,6
Never,Some Days,Some Days,Most Days,7
Most Days,Never,Most Days,Some Days,6
Never,Never,Some Days,Every Day,6
Never,Never,Never,Every Day,7
Never,Never,Some Days,Some Days,6
Some Days,Every Day,Most Days,Some Days,5
Never,Never,Some Days,Most Days,7
Never,Never,Every Day,Every Day,8
Never,Never,Never,Every Day,8
Never,Some Days,Never,Most Days,10
Every Day,Every Day,Every Day,Every Day,8
Never,Never,Never,Most Days,6
Never,Some Days,Some Days,Some Days,6
Never,Never,Never,Most Days,8
Never,Some Days,Never,Most Days,5
Never,Never,Never,Some Days,6
Never,Never,Never,Every Day,7
Never,Most Days,Never,Some Days,6
Never,Most Days,Never,Never,8
Never,Never,Some Days,Most Days,7
Some Days,Some Days,Some Days,Every Day,8
Never,Some Days,Some Days,Most Days,7
Never,Some Days,Never,Some Days,7
Never,Every Day,Every Day,Never,4
Some Days,Never,Never,Every Day,8
Never,Never,Most Days,Some Days,10
Never,Never,Never,Most Days,7
Never,Some Days,Never,Most Days,8
Never,Some Days,Some Days,Most Days,8
Never,Never,Never,Most Days,8
Never,Most Days,Some Days,Most Days,8
Never,Some Days,Some Days,Some Days,6
Some Days,Never,Most Days,Some Days,7
Never,Most Days,Never,Some Days,8
Never,Some Days,Never,Some Days,8
Every Day,Some Days,Every Day,Every Day,5
Never,Most Days,Some Days,Never,9
Never,Never,Some Days,Some Days,7
Never,Every Day,Never,Never,8
Never,Most Days,Some Days,Some Days,7
Every Day,Every Day,Every Day,Never,12
Never,Some Days,Never,Some Days,7
Never,Some Days,Some Days,Most Days,8
Never,Some Days,Some Days,Some Days,9
Every Day,Some Days,Some Days,Some Days,6
Every Day,Never,Some Days,Most Days,8
Never,Most Days,Some Days,Every Day,5
Every Day,Never,Some Days,Most Days,7
Never,Never,Never,Most Days,7
Every Day,Every Day,Every Day,Never,5
Never,Never,Some Days,Every Day,6
Never,Most Days,Some Days,Most Days,7
Never,Never,Never,Most Days,8
Never,Never,Never,Most Days,7
Every Day,Every Day,Most Days,Never,6
Never,Never,Some Days,Some Days,8
Some Days,Never,Some Days,Most Days,6
Never,Some Days,Never,Every Day,5
Never,Every Day,Most Days,Never,6
Never,Never,Never,Every Day,7
Never,Never,Never,Some Days,7
Never,Never,Never,Every Day,10
Never,Some Days,Never,Most Days,8
Every Day,Some Days,Some Days,Some Days,6
Never,Some Days,Some Days,Some Days,8
Never,Never,Some Days,Most Days,7
Some Days,Every Day,Most Days,Some Days,6
Every Day,Some Days,Every Day,Every Day,4
Never,Never,Some Days,Most Days,9
Never,Never,Never,Every Day,8
Some Days,Never,Never,Most Days,10
Never,Never,Never,Every Day,8
Never,Most Days,Some Days,Never,8
Never,Never,Some Days,Every Day,8
Never,Never,Never,Every Day,8
Some Days,Every Day,Every Day,Never,4
Never,Some Days,Never,Some Days,7
Never,Some Days,Some Days,Some Days,7
Never,Never,Never,Some Days,7
Never,Never,Never,Most Days,7
Never,Some Days,Some Days,Never,7
Never,Most Days,Most Days,Some Days,7
Never,Never,Some Days,Most Days,7
Every Day,Never,Never,Most Days,8
Never,Never,Never,Every Day,8
Never,Never,Some Days,Most Days,7
Every Day,Some Days,Some Days,Never,7
Most Days,Some Days,Some Days,Most Days,7
Never,Never,Never,Every Day,8
Every Day,Every Day,Every Day,Some Days,5
Some Days,Some Days,Some Days,Most Days,8
Never,Never,Never,Some Days,6
Never,Some Days,Never,Most Days,8
Never,Never,Some Days,Some Days,7
Never,Never,Some Days,Most Days,8
Never,Never,Never,Most Days,9
Every Day,Most Days,Most Days,Some Days,4
Never,Some Days,Never,Some Days,12
Never,Most Days,Never,Most Days,6
Every Day,Most Days,Some Days,Some Days,6
Never,Never,Some Days,Most Days,8
Every Day,Some Days,Most Days,Some Days,9
Never,Most Days,Never,Most Days,6
Never,Never,Never,Some Days,7
Never,Never,Never,Every Day,10
Never,Some Days,Some Days,Some Days,7
Never,Some Days,Never,Most Days,7
Never,Never,Some Days,Most Days,9
Never,Every Day,Some Days,Most Days,7
Never,Never,Never,Every Day,6
Never,Never,Never,Every Day,7
Never,Some Days,Never,Some Days,6
Never,Never,Some Days,Every Day,8
Never,Some Days,Never,Some Days,6
Never,Never,Never,Every Day,6
Most Days,Never,Never,Every Day,6
Never,Most Days,Most Days,Some Days,10
Never,Most Days,Never,Most Days,7
Never,Never,Never,Most Days,8
Never,Some Days,Never,Most Days,8
Every Day,Some Days,Some Days,Most Days,8
Every Day,Some Days,Some Days,Some Days,6
Never,Some Days,Never,Most Days,8
Never,Never,Never,Some Days,6
Never,Never,Never,Most Days,7
Some Days,Most Days,Most Days,Never,4
Never,Never,Never,Every Day,10
Never,Never,Never,Most Days,8
Never,Never,Never,Some Days,6
Never,Never,Never,Some Days,5
Never,Never,Never,Most Days,9
Never,Never,Never,Most Days,7
Never,Never,Never,Some Days,7
Most Days,Most Days,Most Days,Some Days,6
Never,Some Days,Never,Every Day,8
Never,Never,Never,Most Days,8
Never,Some Days,Never,Most Days,6
Never,Never,Never,Most Days,8
Every Day,Never,Never,Most Days,8
Every Day,Some Days,Most Days,Some Days,7
Never,Some Days,Never,Every Day,5
Never,Never,Some Days,Most Days,9
Never,Some Days,Some Days,Most Days,7
Never,Most Days,Never,Every Day,8
Never,Never,Never,Every Day,8
Never,Never,Never,Most Days,10
Never,Never,Never,Never,6
Never,Some Days,Never,Never,8
Never,Never,Never,Every Day,11
Never,Most Days,Most Days,Some Days,4
Some Days,Some Days,Never,Most Days,7
Some Days,Every Day,Some Days,Most Days,7
Never,Most Days,Some Days,Most Days,6
Never,Never,Never,Every Day,8
Never,Some Days,Some Days,Most Days,8
Never,Never,Never,Most Days,9
Never,Most Days,Some Days,Never,7
Never,Some Days,Never,Most Days,8
Some Days,Some Days,Some Days,Most Days,6
Never,Most Days,Never,Every Day,7
Never,Never,Some Days,Some Days,8
Every Day,Most Days,Every Day,Some Days,9
Never,Never,Never,Most Days,7
Never,Every Day,Never,Some Days,5
Never,Never,Some Days,Most Days,7
Every Day,Some Days,Some Days,Most Days,8
Never,Most Days,Most Days,Some Days,6
Some Days,Some Days,Never,Most Days,8
Never,Some Days,Never,Most Days,6
Every Day,Most Days,Never,Some Days,7
Never,Never,Some Days,Some Days,7
Never,Never,Never,Every Day,8
Every Day,Some Days,Every Day,Never,6
Never,Some Days,Never,Most Days,6
Never,Some Days,Some Days,Most Days,8
Never,Most Days,Some Days,Some Days,5
Never,Never,Never,Most Days,9
Never,Never,Never,Most Days,7
Never,Never,Some Days,Most Days,7
Every Day,Most Days,Every Day,Never,6
Some Days,Every Day,Every Day,Never,3
Never,Some Days,Never,Most Days,8
Never,Never,Never,Most Days,7
Some Days,Some Days,Some Days,Some Days,8
Every Day,Some Days,Some Days,Most Days,7
Some Days,Some Days,Some Days,Most Days,8
Never,Some Days,Some Days,Every Day,6
Never,Some Days,Some Days,Most Days,7
Never,Some Days,Never,Some Days,8
Never,Most Days,Some Days,Most Days,7
Some Days,Never,Some Days,Most Days,8
Never,Never,Never,Some Days,7
Never,Never,Never,Never,8
Never,Some Days,Some Days,Most Days,7
Never,Some Days,Every Day,Some Days,5
Some Days,Most Days,Most Days,Some Days,7
Some Days,Never,Never,Some Days,8
Never,Some Days,Never,Most Days,6
Never,Never,Never,Most Days,8
Never,Some Days,Some Days,Most Days,8
Never,Never,Never,Every Day,7
Never,Every Day,Some Days,Some Days,5
Every Day,Some Days,Some Days,Never,8
Never,Some Days,Some Days,Some Days,6
Never,Never,Never,Most Days,13
Never,Every Day,Most Days,Most Days,7
Never,Some Days,Never,Some Days,8
Never,Never,Never,Most Days,8
Never,Never,Never,Most Days,8
Never,Never,Never,Most Days,10
Never,Never,Never,Most Days,7
Never,Some Days,Most Days,Some Days,7
Never,Never,Never,Some Days,7
Most Days,Never,Never,Most Days,6
Every Day,Most Days,Never,Some Days,8
Never,Every Day,Never,Never,2
Never,Most Days,Some Days,Some Days,8
Never,Never,Never,Every Day,8
Never,Never,Never,Some Days,6
Never,Some Days,Every Day,Never,6
Never,Most Days,Some Days,Never,6
Some Days,Some Days,Some Days,Some Days,8
Every Day,Every Day,Some Days,Some Days,7
Never,Never,Never,Most Days,8
Every Day,Some Days,Some Days,Some Days,6
Never,Some Days,Never,Most Days,7
Some Days,Every Day,Some Days,Every Day,6
Never,Some Days,Never,Some Days,9
Never,Most Days,Some Days,Some Days,7
Never,Most Days,Most Days,Some Days,7
Never,Some Days,Some Days,Every Day,8
Never,Never,Some Days,Most Days,7
Never,Every Day,Never,Every Day,6
Never,Never,Never,Most Days,8
Never,Never,Never,Most Days,8
Never,Most Days,Every Day,Never,4
Never,Some Days,Some Days,Most Days,7
Never,Never,Never,Some Days,8
Every Day,Never,Some Days,Most Days,7
Never,Never,Never,Every Day,7
Never,Some Days,Some Days,Most Days,7
Never,Never,Never,Most Days,8
Never,Most Days,Never,Most Days,8
Never,Every Day,Some Days,Some Days,7
Every Day,Most Days,Some Days,Some Days,5
Some Days,Most Days,Most Days,Never,6
Never,Some Days,Some Days,Most Days,7
Never,Some Days,Some Days,Most Days,8
Never,Some Days,Some Days,Most Days,7
Most Days,Some Days,Some Days,Most Days,8
Every Day,Every Day,Every Day,Never,3
Never,Never,Never,Every Day,7
Some Days,Some Days,Some Days,Some Days,6
Never,Never,Never,Some Days,7
Never,Never,Some Days,Some Days,5
Never,Some Days,Most Days,Some Days,6
Never,Never,Some Days,Some Days,6
Never,Never,Never,Most Days,8
Never,Every Day,Never,Most Days,6
Never,Some Days,Some Days,Some Days,8
Never,Some Days,Some Days,Most Days,7
Never,Every Day,Most Days,Some Days,6
Some Days,Never,Every Day,Most Days,7
Never,Some Days,Never,Some Days,7
Some Days,Some Days,Never,Never,6
Never,Never,Most Days,Never,6
Never,Never,Never,Most Days,7
Never,Some Days,Every Day,Most Days,6
Never,Never,Never,Most Days,5
Never,Most Days,Never,Most Days,5
Never,Some Days,Never,Most Days,8
Never,Most Days,Some Days,Most Days,7
Some Days,Never,Never,Some Days,8
Never,Never,Never,Most Days,7
Never,Never,Some Days,Most Days,8
Most Days,Some Days,Some Days,Some Days,7
Some Days,Some Days,Never,Most Days,7
Never,Never,Never,Most Days,8
Never,Some Days,Some Days,Some Days,7
Never,Some Days,Some Days,Some Days,8
Never,Never,Some Days,Most Days,8
Every Day,Most Days,Some Days,Some Days,4
Every Day,Every Day,Some Days,Some Days,7
Never,Some Days,Never,Most Days,10
Never,Every Day,Never,Never,5
Never,Every Day,Never,Some Days,6
Never,Never,Some Days,Most Days,7
Never,Never,Some Days,Some Days,7
Never,Some Days,Most Days,Some Days,6
Never,Never,Never,Never,6
Some Days,Some Days,Some Days,Some Days,6
Never,Some Days,Never,Every Day,7
Some Days,Never,Some Days,Most Days,11
Never,Never,Never,Every Day,7
Never,Never,Never,Most Days,10
Never,Never,Never,Most Days,8
Never,Some Days,Some Days,Every Day,8
Never,Some Days,Some Days,Some Days,6
Never,Some Days,Some Days,Most Days,6
Never,Every Day,Never,Never,6
Most Days,Some Days,Some Days,Some Days,4
Some Days,Some Days,Some Days,Most Days,7
Never,Some Days,Some Days,Most Days,8
Never,Never,Never,Most Days,7
Never,Never,Some Days,Most Days,7
Never,Never,Never,Every Day,7
Never,Never,Never,Some Days,6
Never,Never,Never,Every Day,8
Never,Some Days,Never,Most Days,7
Never,Never,Never,Most Days,6
Never,Some Days,Never,Most Days,8
Never,Never,Never,Every Day,8
Never,Never,Some Days,Every Day,7
Never,Most Days,Most Days,Most Days,8
Never,Never,Never,Most Days,8
Some Days,Most Days,Most Days,Some Days,6
Never,Never,Never,Most Days,8
Never,Some Days,Some Days,Most Days,8
Never,Some Days,Some Days,Most Days,6
Most Days,Never,Most Days,Most Days,8
Never,Never,Never,Most Days,8
Never,Some Days,Some Days,Most Days,8
Never,Never,Some Days,Most Days,6
Never,Never,Never,Every Day,10
Every Day,Never,Some Days,Most Days,9
Never,Most Days,Some Days,Most Days,8
Some Days,Some Days,Never,Most Days,7
Never,Never,Never,Every Day,8
Never,Never,Never,Most Days,7
Some Days,Some Days,Never,Most Days,7
Never,Most Days,Most Days,Most Days,6
Never,Never,Some Days,Some Days,9
Every Day,Some Days,Every Day,Some Days,6
Some Days,Never,Never,Some Days,4
Every Day,Some Days,Some Days,Some Days,6
Never,Never,Some Days,Most Days,14
Never,Some Days,Never,Most Days,6
Never,Some Days,Some Days,Some Days,8
Some Days,Some Days,Never,Most Days,8
Every Day,Some Days,Every Day,Some Days,4
Every Day,Never,Never,Most Days,8
Never,Never,Never,Every Day,10
Some Days,Every Day,Never,Most Days,7
Never,Some Days,Some Days,Most Days,9
Never,Never,Never,Every Day,8
Never,Most Days,Never,Most Days,4
Never,Some Days,Some Days,Some Days,7
Never,Never,Never,Every Day,5
Never,Some Days,Some Days,Some Days,6
Never,Some Days,Never,Every Day,7
Never,Most Days,Never,Most Days,6
Every Day,Some Days,Most Days,Some Days,6
Never,Some Days,Some Days,Most Days,7
Never,Never,Never,Every Day,7
Never,Some Days,Some Days,Most Days,5
Never,Some Days,Some Days,Some Days,7
Never,Most Days,Some Days,Never,6
Never,Some Days,Some Days,Most Days,8
Never,Never,Never,Every Day,9
Never,Never,Some Days,Most Days,7
Never,Never,Never,Most Days,9
Never,Every Day,Never,Every Day,8
Never,Some Days,Never,Most Days,8
Never,Never,Never,Every Day,6
Never,Some Days,Some Days,Most Days,8
Never,Never,Most Days,Most Days,6
Some Days,Never,Some Days,Every Day,8
Every Day,Most Days,Some Days,Some Days,6
Never,Every Day,Never,Never,6
Never,Some Days,Some Days,Never,6
Never,Never,Never,Most Days,8
Never,Some Days,Never,Most Days,8
Never,Never,Some Days,Some Days,8
Some Days,Every Day,Every Day,Never,5
Never,Never,Never,Most Days,7
Never,Never,Never,Most Days,7
Never,Most Days,Never,Never,8
Some Days,Some Days,Never,Every Day,6
Some Days,Never,Never,Every Day,8
Never,Every Day,Every Day,Never,6
Never,Some Days,Some Days,Most Days,5
Never,Some Days,Some Days,Most Days,7
Never,Never,Never,Most Days,6
Never,Never,Never,Every Day,8
Never,Never,Never,Every Day,8
Never,Never,Most Days,Some Days,5
Never,Some Days,Some Days,Every Day,7
Never,Some Days,Some Days,Most Days,9
Never,Never,Never,Every Day,5
Never,Some Days,Never,Most Days,6
Never,Some Days,Some Days,Most Days,9
Never,Every Day,Some Days,Some Days,8
Never,Never,Some Days,Every Day,6
Never,Some Days,Never,Most Days,6
Never,Some Days,Some Days,Some Days,6
Never,Some Days,Some Days,Some Days,6
Never,Some Days,Never,Most Days,6
Never,Every Day,Some Days,Most Days,7
Never,Never,Some Days,Most Days,7
Never,Most Days,Most Days,Some Days,5
Never,Never,Never,Most Days,8
Some Days,Most Days,Every Day,Some Days,4
Every Day,Most Days,Some Days,Some Days,6
Never,Never,Some Days,Some Days,6
Never,Never,Some Days,Every Day,7
Never,Every Day,Some Days,Most Days,6
Never,Never,Some Days,Some Days,8
Never,Some Days,Some Days,Most Days,8
Never,Never,Never,Most Days,7
Some Days,Every Day,Every Day,Some Days,5
Never,Most Days,Most Days,Never,4
Never,Some Days,Some Days,Some Days,8
Never,Some Days,Some Days,Some Days,8
Never,Never,Never,Most Days,8
Never,Never,Some Days,Some Days,8
Never,Never,Never,Some Days,8
Never,Never,Never,Some Days,6
Never,Most Days,Every Day,Some Days,7
Never,Most Days,Some Days,Some Days,6
Never,Never,Never,Most Days,7
Never,Never,Never,Most Days,7
Never,Some Days,Most Days,Never,6
Never,Some Days,Some Days,Most Days,8
Some Days,Most Days,Most Days,Some Days,9
Never,Never,Never,Some Days,9
Never,Some Days,Some Days,Most Days,9
Never,Never,Never,Every Day,7
Never,Never,Never,Never,10
Every Day,Most Days,Most Days,Some Days,5
Never,Some Days,Some Days,Every Day,8
Never,Some Days,Some Days,Never,7
Never,Never,Never,Most Days,8
Never,Some Days,Most Days,Some Days,8
Never,Never,Never,Every Day,8
Some Days,Most Days,Most Days,Most Days,4
Never,Never,Never,Most Days,6
Never,Never,Never,Most Days,7
Never,Never,Some Days,Most Days,8
Never,Never,Never,Most Days,7
Never,Never,Some Days,Never,6
Never,Never,Never,Some Days,6
Never,Never,Never,Some Days,8
Never,Never,Every Day,Most Days,8
Never,Most Days,Never,Never,5
Never,Some Days,Never,Most Days,7
Never,Some Days,Some Days,Some Days,6
Never,Every Day,Some Days,Every Day,8
Never,Most Days,Some Days,Most Days,7
Every Day,Some Days,Never,Some Days,7
Never,Most Days,Never,Every Day,8
Never,Most Days,Most Days,Never,6
Never,Never,Never,Some Days,7
Never,Never,Some Days,Most Days,8
Never,Never,Never,Some Days,8
Never,Never,Never,Most Days,7
Never,Most Days,Some Days,Most Days,8
Never,Some Days,Never,Some Days,5
Never,Some Days,Never,Some Days,8
Never,Never,Never,Most Days,8
Every Day,Most Days,Most Days,Some Days,5
Never,Some Days,Some Days,Some Days,8
Never,Some Days,Some Days,Most Days,8
Never,Never,Never,Most Days,7
Never,Some Days,Some Days,Some Days,8
Never,Never,Never,Every Day,10
Some Days,Some Days,Some Days,Most Days,6
Never,Never,Never,Most Days,7
Never,Never,Never,Most Days,8
Never,Never,Never,Most Days,7
Never,Never,Most Days,Most Days,6
Some Days,Some Days,Some Days,Some Days,7
Every Day,Never,Some Days,Most Days,8
Every Day,Most Days,Every Day,Some Days,6
Some Days,Some Days,Some Days,Most Days,9
Never,Never,Never,Most Days,6
Never,Never,Never,Every Day,13
Never,Never,Some Days,Most Days,8
Every Day,Some Days,Some Days,Most Days,7
Most Days,Most Days,Some Days,Some Days,5
Never,Most Days,Some Days,Most Days,5
Never,Never,Some Days,Most Days,6
Never,Every Day,Most Days,Most Days,6
Every Day,Never,Never,Every Day,8
Never,Some Days,Some Days,Some Days,7
Never,Every Day,Most Days,Never,6
Never,Never,Never,Some Days,7
Never,Some Days,Most Days,Some Days,7
Never,Never,Most Days,Some Days,8
Never,Some Days,Most Days,Some Days,6
Every Day,Some Days,Most Days,Most Days,7
Some Days,Every Day,Every Day,Most Days,8
Never,Never,Some Days,Every Day,7
Never,Most Days,Some Days,Never,5
Some Days,Some Days,Some Days,Some Days,6
Never,Some Days,Some Days,Every Day,8
Never,Never,Some Days,Never,5
Every Day,Every Day,Most Days,Some Days,5
Every Day,Most Days,Some Days,Some Days,6
Never,Never,Never,Most Days,6
Every Day,Some Days,Never,Some Days,8
Never,Never,Some Days,Most Days,7
Some Days,Never,Most Days,Some Days,6
Never,Never,Some Days,Some Days,8
Every Day,Most Days,Most Days,Some Days,5
Never,Never,Never,Every Day,8
Most Days,Some Days,Some Days,Most Days,6
Never,Never,Some Days,Some Days,7
Never,Never,Never,Never,8
Some Days,Never,Never,Some Days,6
Never,Some Days,Never,Every Day,8
Never,Some Days,Every Day,Most Days,5
Never,Every Day,Every Day,Some Days,7
Never,Every Day,Every Day,Never,5
Never,Never,Never,Most Days,10
Never,Never,Never,Most Days,7
Some Days,Every Day,Never,Never,6
Never,Every Day,Never,Most Days,5
Every Day,Never,Most Days,Every Day,7
Some Days,Every Day,Never,Never,4
Most Days,Every Day,Every Day,Never,5
Never,Never,Some Days,Most Days,8
Never,Some Days,Never,Every Day,16
Never,Never,Never,Every Day,8
Never,Some Days,Some Days,Some Days,7
Never,Never,Some Days,Some Days,7
Some Days,Some Days,Some Days,Most Days,7
Never,Some Days,Some Days,Every Day,10
Never,Never,Never,Every Day,8
Never,Never,Never,Every Day,8
Never,Never,Some Days,Most Days,9
Most Days,Some Days,Some Days,Some Days,7
Some Days,Most Days,Some Days,Some Days,8
Some Days,Most Days,Some Days,Some Days,7
Never,Never,Never,Every Day,8
Never,Never,Some Days,Some Days,8
Never,Never,Never,Every Day,8
Never,Never,Most Days,Most Days,6
Never,Some Days,Some Days,Most Days,8
Never,Never,Never,Most Days,8
Never,Never,Never,Every Day,6
Some Days,Some Days,Some Days,Every Day,8
Never,Some Days,Never,Some Days,6
Never,Some Days,Never,Some Days,6
Never,Some Days,Some Days,Every Day,8
Never,Some Days,Some Days,Some Days,7
Every Day,Most Days,Most Days,Most Days,5
Never,Some Days,Some Days,Some Days,6
Some Days,Some Days,Some Days,Most Days,8
Every Day,Most Days,Most Days,Some Days,6
Never,Never,Some Days,Most Days,6
Never,Some Days,Some Days,Some Days,6
Never,Some Days,Most Days,Never,8
Never,Some Days,Some Days,Some Days,6
Never,Never,Never,Some Days,4
Never,Never,Never,Most Days,7
Never,Never,Never,Every Day,7
Never,Some Days,Never,Most Days,6
Never,Never,Never,Every Day,8
Never,Some Days,Never,Most Days,8
Never,Some Days,Never,Every Day,8
Never,Most Days,Some Days,Most Days,6
Never,Never,Never,Most Days,7
Some Days,Some Days,Some Days,Some Days,7
Never,Never,Never,Most Days,6
Never,Never,Some Days,Most Days,7
Some Days,Every Day,Some Days,Some Days,6
Never,Some Days,Some Days,Most Days,7
Never,Never,Never,Most Days,9
Never,Never,Some Days,Some Days,7
Never,Never,Some Days,Some Days,7
Never,Some Days,Some Days,Most Days,7
Never,Never,Some Days,Some Days,6
Every Day,Some Days,Most Days,Never,7
Never,Some Days,Some Days,Some Days,7
Some Days,Never,Never,Never,3
Never,Some Days,Never,Never,7
Never,Every Day,Never,Some Days,6
Never,Most Days,Never,Most Days,7
Never,Some Days,Never,Never,5
Never,Some Days,Never,Every Day,6
Every Day,Never,Some Days,Most Days,8
Every Day,Every Day,Never,Some Days,5
Never,Some Days,Never,Some Days,6
Every Day,Most Days,Some Days,Some Days,6
Some Days,Most Days,Some Days,Never,5
Never,Never,Never,Some Days,5
Never,Some Days,Some Days,Most Days,7
Never,Never,Never,Most Days,8
Never,Never,Some Days,Most Days,8
Never,Most Days,Never,Some Days,7
Never,Some Days,Some Days,Most Days,7
Never,Most Days,Never,Some Days,8
Never,Never,Never,Most Days,8
Never,Never,Some Days,Most Days,7
Never,Some Days,Some Days,Most Days,7
Never,Every Day,Never,Most Days,6
Never,Most Days,Some Days,Most Days,8
Never,Never,Never,Most Days,8
Never,Some Days,Never,Some Days,6
Never,Never,Never,Some Days,8
Never,Never,Never,Most Days,8
Never,Never,Never,Every Day,8
Never,Never,Never,Some Days,6
Never,Some Days,Never,Some Days,8
Never,Never,Never,Most Days,6
Most Days,Most Days,Most Days,Most Days,6
Never,Never,Never,Some Days,8
Never,Never,Never,Some Days,7
Never,Every Day,Never,Every Day,8
Never,Every Day,Most Days,Never,5
Every Day,Most Days,Most Days,Every Day,6
Some Days,Every Day,Some Days,Never,6
Every Day,Never,Never,Most Days,8
Never,Never,Never,Some Days,7
Never,Never,Never,Most Days,8
Never,Most Days,Never,Most Days,7
Some Days,Some Days,Never,Some Days,6
Some Days,Never,Never,Most Days,7
Every Day,Some Days,Some Days,Most Days,7
Never,Some Days,Never,Most Days,6
Some Days,Every Day,Most Days,Some Days,5
Never,Most Days,Most Days,Never,4
Never,Some Days,Some Days,Some Days,5
Never,Some Days,Most Days,Some Days,5
Every Day,Every Day,Every Day,Never,5
Never,Some Days,Some Days,Most Days,8
Never,Never,Never,Most Days,6
Never,Some Days,Never,Some Days,6
Never,Some Days,Never,Never,8
Never,Never,Never,Every Day,8
Some Days,Every Day,Some Days,Some Days,6
Never,Never,Some Days,Most Days,7
Never,Most Days,Most Days,Most Days,7
Never,Never,Never,Every Day,8
Never,Every Day,Some Days,Some Days,6
Never,Never,Never,Every Day,8
Some Days,Some Days,Some Days,Some Days,6
Never,Never,Some Days,Most Days,7
Never,Some Days,Some Days,Most Days,7
Never,Never,Some Days,Some Days,8
Never,Never,Some Days,Some Days,7
Never,Never,Most Days,Every Day,6
Never,Every Day,Every Day,Every Day,3
Never,Never,Some Days,Most Days,8
Never,Most Days,Never,Most Days,6
Never,Most Days,Most Days,Some Days,5
Some Days,Some Days,Some Days,Some Days,6
Every Day,Never,Some Days,Every Day,6
Never,Some Days,Some Days,Some Days,6
Never,Never,Never,Most Days,7
Never,Some Days,Never,Most Days,8
Never,Some Days,Never,Most Days,8
Never,Never,Some Days,Most Days,5
Most Days,Some Days,Most Days,Some Days,5
Some Days,Never,Never,Some Days,6
Never,Most Days,Some Days,Most Days,9
Never,Never,Never,Most Days,7
Every Day,Most Days,Most Days,Most Days,8
Some Days,Most Days,Most Days,Some Days,6
Never,Never,Never,Some Days,6
Never,Never,Never,Most Days,8
Never,Some Days,Some Days,Most Days,8
Never,Some Days,Some Days,Some Days,7
Never,Some Days,Some Days,Most Days,6
Never,Some Days,Never,Most Days,8
Some Days,Most Days,Most Days,Most Days,5
Never,Some Days,Never,Every Day,8
Never,Some Days,Some Days,Most Days,8
Never,Never,Never,Most Days,7
Every Day,Some Days,Most Days,Most Days,7
Never,Most Days,Most Days,Never,6
Some Days,Most Days,Most Days,Some Days,4
Some Days,Some Days,Most Days,Some Days,6
Never,Never,Never,Most Days,7
Never,Some Days,Never,Most Days,7
Some Days,Every Day,Every Day,Most Days,8
Never,Every Day,Never,Never,8
Never,Some Days,Some Days,Never,6
Never,Some Days,Most Days,Some Days,7
Never,Never,Never,Most Days,7
Never,Never,Never,Some Days,5
Never,Never,Never,Some Days,9
Never,Some Days,Some Days,Every Day,8
Never,Never,Never,Never,7
Never,Never,Some Days,Most Days,7
Never,Some Days,Never,Most Days,9
Never,Never,Never,Every Day,8
Never,Never,Never,Most Days,7
Never,Every Day,Every Day,Some Days,5
Some Days,Some Days,Some Days,Most Days,7
Never,Never,Some Days,Most Days,6
Never,Some Days,Never,Every Day,8
Never,Some Days,Never,Most Days,6
Some Days,Some Days,Some Days,Most Days,8
Never,Most Days,Most Days,Some Days,6
Never,Never,Never,Most Days,7
Never,Some Days,Never,Some Days,6
Never,Never,Never,Most Days,7
Never,Most Days,Never,Most Days,9
Never,Never,Never,Some Days,5
Never,Some Days,Never,Some Days,8
Never,Never,Never,Never,8
Never,Most Days,Most Days,Never,6
Never,Never,Never,Every Day,6
Some Days,Some Days,Some Days,Every Day,8
Never,Never,Never,Some Days,7
Never,Most Days,Never,Some Days,6
Never,Never,Never,Some Days,7
Never,Never,Some Days,Most Days,8
Never,Some Days,Some Days,Some Days,7
Some Days,Some Days,Some Days,Some Days,6
Never,Never,Some Days,Every Day,8
Never,Never,Some Days,Most Days,8
Never,Most Days,Some Days,Most Days,7
Never,Never,Never,Every Day,7
Some Days,Some Days,Some Days,Some Days,8
Never,Never,Never,Every Day,7
Never,Never,Some Days,Most Days,8
Never,Never,Never,Most Days,8
Never,Never,Never,Never,5
Never,Never,Never,Every Day,8
Some Days,Every Day,Some Days,Never,9
Never,Some Days,Never,Never,6
Never,Some Days,Never,Some Days,7
Never,Some Days,Never,Every Day,9
Never,Never,Some Days,Most Days,8
Never,Some Days,Some Days,Most Days,8
Never,Every Day,Every Day,Some Days,6
Never,Never,Never,Most Days,6
Never,Some Days,Never,Some Days,4
Never,Never,Never,Every Day,8
Never,Never,Never,Every Day,6
Never,Some Days,Some Days,Some Days,8
Most Days,Some Days,Some Days,Some Days,8
Every Day,Some Days,Some Days,Most Days,9
Never,Never,Never,Every Day,8
Never,Never,Some Days,Most Days,8
Never,Never,Some Days,Every Day,8
Never,Some Days,Never,Most Days,8
Never,Never,Never,Most Days,8
Never,Never,Never,Most Days,8
Never,Never,Never,Some Days,7
Never,Some Days,Never,Most Days,9
Never,Never,Never,Most Days,7
Never,Some Days,Some Days,Most Days,8
Never,Every Day,Every Day,Most Days,8
Never,Never,Never,Some Days,6
Never,Never,Never,Some Days,8
Never,Some Days,Some Days,Every Day,8
Never,Some Days,Some Days,Every Day,9
Never,Never,Never,Most Days,8
Some Days,Some Days,Most Days,Some Days,8
Never,Some Days,Some Days,Some Days,7
Never,Never,Never,Every Day,7
Never,Most Days,Most Days,Most Days,8
Never,Some Days,Some Days,Most Days,8
Never,Some Days,Never,Most Days,9
Never,Never,Never,Most Days,8
Never,Never,Never,Every Day,8
Never,Some Days,Some Days,Most Days,7
Never,Never,Never,Most Days,7
Every Day,Never,Never,Most Days,9
Every Day,Never,Some Days,Some Days,8
Never,Some Days,Never,Some Days,7
Never,Never,Some Days,Every Day,7
Never,Some Days,Some Days,Some Days,6
Never,Some Days,Never,Some Days,8
Never,Some Days,Every Day,Some Days,5
Never,Never,Never,Most Days,7
Never,Never,Never,Most Days,8
Never,Never,Never,Some Days,8
Some Days,Never,Some Days,Most Days,8
Every Day,Some Days,Some Days,Most Days,8
Never,Never,Some Days,Most Days,7
Never,Never,Most Days,Most Days,7
Never,Never,Some Days,Most Days,8
Never,Some Days,Never,Most Days,7
Never,Never,Never,Every Day,7
Never,Never,Never,Every Day,8
Every Day,Some Days,Never,Every Day,8
Never,Never,Some Days,Some Days,7
Never,Some Days,Never,Most Days,7
Never,Most Days,Some Days,Most Days,7
Never,Most Days,Never,Most Days,6
Every Day,Some Days,Some Days,Most Days,8
Never,Some Days,Never,Some Days,9
Every Day,Never,Some Days,Most Days,8
Never,Never,Never,Some Days,6
Never,Most Days,Some Days,Some Days,8
Some Days,Most Days,Some Days,Some Days,7
Never,Never,Never,Never,6
Never,Some Days,Some Days,Some Days,8
Never,Some Days,Never,Most Days,6
Every Day,Some Days,Some Days,Some Days,7
Never,Never,Some Days,Most Days,6
Never,Some Days,Some Days,Never,12
Never,Never,Never,Most Days,12
Every Day,Every Day,Every Day,Some Days,6
Every Day,Never,Some Days,Most Days,7
Some Days,Every Day,Every Day,Never,5
Never,Never,Some Days,Most Days,6
Never,Every Day,Every Day,Never,8
Never,Some Days,Some Days,Some Days,4
Every Day,Most Days,Some Days,Some Days,5
Never,Never,Never,Most Days,7
Never,Never,Never,Every Day,7
Never,Some Days,Some Days,Some Days,7
Never,Never,Never,Most Days,6
Never,Never,Never,Some Days,7
Every Day,Never,Never,Most Days,9
Some Days,Never,Some Days,Most Days,7
Every Day,Some Days,Some Days,Most Days,6
Never,Most Days,Some Days,Every Day,7
Most Days,Most Days,Most Days,Never,4
Never,Never,Never,Never,6
Never,Never,Never,Never,8
Never,Some Days,Most Days,Some Days,6
Some Days,Some Days,Some Days,Most Days,7
Never,Some Days,Some Days,Most Days,7
Never,Every Day,Every Day,Some Days,6
Never,Never,Never,Never,8
Never,Most Days,Never,Never,4
Never,Never,Never,Every Day,9
Never,Never,Never,Most Days,5
Never,Some Days,Never,Every Day,7
Every Day,Some Days,Most Days,Every Day,10
Never,Never,Never,Every Day,7
Never,Most Days,Most Days,Some Days,6
Never,Never,Never,Most Days,7
Every Day,Most Days,Most Days,Some Days,7
Some Days,Some Days,Some Days,Most Days,8
Never,Every Day,Some Days,Most Days,7
Never,Never,Never,Some Days,8
Never,Some Days,Some Days,Some Days,7
Never,Some Days,Never,Some Days,7
Never,Never,Never,Every Day,8
Every Day,Most Days,Never,Some Days,6
Never,Never,Some Days,Most Days,8
Never,Never,Some Days,Every Day,8
Never,Never,Never,Most Days,9
Never,Never,Never,Every Day,7
Every Day,Some Days,Every Day,Every Day,8
Never,Never,Some Days,Most Days,8
Every Day,Never,Never,Most Days,8
Never,Some Days,Some Days,Most Days,7
Never,Never,Some Days,Most Days,8
Every Day,Every Day,Never,Never,10
Never,Never,Never,Every Day,3
Never,Never,Never,Most Days,8
Never,Some Days,Every Day,Some Days,6
Never,Every Day,Never,Most Days,9
Never,Every Day,Never,Some Days,6
Never,Every Day,Never,Every Day,7
Never,Every Day,Most Days,Some Days,7
Never,Never,Never,Every Day,8
Some Days,Some Days,Some Days,Most Days,5
Never,Most Days,Never,Never,9
Never,Most Days,Never,Some Days,8
Some Days,Some Days,Some Days,Most Days,7
Never,Never,Never,Every Day,8
Never,Most Days,Most Days,Some Days,6
Never,Never,Never,Most Days,8
Never,Never,Never,Most Days,7
Never,Most Days,Never,Some Days,7
Never,Every Day,Every Day,Never,5
Never,Most Days,Most Days,Most Days,5
Every Day,Every Day,Every Day,Never,5
Never,Never,Never,Most Days,8
Never,Never,Never,Most Days,8
Never,Never,Never,Most Days,6
Never,Never,Never,Never,7
Never,Some Days,Never,Most Days,7
Never,Never,Some Days,Most Days,7
Never,Most Days,Some Days,Some Days,4
Never,Some Days,Some Days,Some Days,8
Never,Never,Never,Some Days,6
Some Days,Some Days,Every Day,Most Days,4
Most Days,Some Days,Some Days,Most Days,7
Never,Never,Some Days,Most Days,7
Every Day,Every Day,Every Day,Never,10
Never,Never,Never,Every Day,8
Never,Never,Some Days,Most Days,6
Never,Some Days,Some Days,Most Days,6
Never,Some Days,Never,Most Days,7
Never,Never,Never,Every Day,8
Never,Never,Never,Some Days,7
Never,Never,Never,Every Day,7
Never,Never,Never,Some Days,8
Never,Some Days,Some Days,Some Days,6
Never,Some Days,Never,Most Days,7
Every Day,Every Day,Some Days,Never,6
Never,Never,Never,Most Days,7
Never,Most Days,Every Day,Some Days,6
Never,Never,Never,Every Day,7
Never,Some Days,Some Days,Some Days,7
Never,Some Days,Some Days,Some Days,8
Most Days,Most Days,Some Days,Most Days,6
Never,Some Days,Some Days,Some Days,6
Never,Never,Some Days,Most Days,8
Never,Some Days,Never,Some Days,7
Never,Never,Never,Some Days,6
Never,Never,Never,Every Day,7
Never,Never,Never,Every Day,7
Never,Every Day,Every Day,Every Day,8
Never,Some Days,Some Days,Most Days,6
Every Day,Never,Never,Some Days,7
Some Days,Every Day,Every Day,Some Days,4
Never,Never,Never,Every Day,7
Some Days,Never,Never,Every Day,8
Never,Some Days,Some Days,Some Days,8
Never,Never,Some Days,Most Days,8
Never,Never,Never,Most Days,8
Never,Never,Most Days,Most Days,6
Never,Never,Never,Never,8
Never,Never,Never,Every Day,6
Never,Never,Never,Some Days,5
Never,Never,Never,Most Days,7
Never,Never,Most Days,Most Days,7
Never,Never,Never,Most Days,7
Never,Never,Never,Every Day,10
Never,Never,Never,Most Days,7
Never,Never,Never,Most Days,8
Never,Some Days,Some Days,Some Days,8
Never,Never,Never,Never,6
Never,Some Days,Never,Some Days,8
Never,Some Days,Some Days,Some Days,8
Never,Never,Never,Most Days,8
Never,Some Days,Some Days,Every Day,7
Never,Never,Never,Every Day,7
Some Days,Most Days,Every Day,Some Days,6
Never,Never,Never,Most Days,8
Never,Some Days,Some Days,Most Days,7
Never,Some Days,Some Days,Most Days,7
Never,Never,Never,Every Day,8
Never,Never,Some Days,Some Days,8
Never,Never,Never,Most Days,8
Never,Never,Never,Most Days,9
Some Days,Never,Never,Most Days,7
Never,Some Days,Some Days,Some Days,5
Never,Never,Never,Every Day,6
Never,Never,Never,Some Days,6
Never,Never,Some Days,Some Days,7
Never,Some Days,Some Days,Most Days,7
Never,Never,Never,Every Day,8
Every Day,Some Days,Never,Never,8
Never,Never,Never,Most Days,8
Never,Some Days,Some Days,Most Days,7
Never,Never,Never,Most Days,8
Never,Most Days,Some Days,Some Days,4
Never,Never,Never,Most Days,8
Never,Never,Never,Every Day,6
Never,Never,Some Days,Some Days,8
Never,Every Day,Every Day,Some Days,6
Most Days,Most Days,Most Days,Some Days,6
Never,Some Days,Some Days,Some Days,7
Never,Never,Never,Most Days,8
Never,Never,Never,Most Days,7
Never,Never,Never,Every Day,8
Never,Never,Never,Most Days,7
Never,Some Days,Never,Every Day,8
Never,Never,Never,Most Days,7
Never,Never,Never,Most Days,6
Never,Never,Never,Some Days,7
Never,Never,Never,Most Days,8
Never,Most Days,Never,Some Days,5
Never,Never,Never,Most Days,7
Never,Some Days,Most Days,Some Days,6
Most Days,Most Days,Most Days,Never,5
Never,Never,Never,Most Days,7
Never,Never,Never,Most Days,7
Never,Never,Never,Every Day,7
Every Day,Every Day,Most Days,Some Days,7
Never,Never,Never,Every Day,8
Never,Most Days,Never,Most Days,5
Never,Never,Never,Every Day,8
Never,Never,Some Days,Most Days,8
Never,Never,Never,Some Days,7
Some Days,Some Days,Never,Most Days,6
Most Days,Most Days,Most Days,Never,8
Never,Some Days,Never,Most Days,8
Never,Every Day,Never,Most Days,8
Never,Never,Never,Some Days,7
Never,Never,Never,Most Days,6
Never,Some Days,Some Days,Most Days,8
Never,Never,Never,Most Days,7
Never,Never,Never,Most Days,8
Never,Never,Most Days,Most Days,9
Never,Never,Never,Most Days,7
Never,Never,Never,Some Days,7
Most Days,Every Day,Some Days,Most Days,8
Never,Never,Some Days,Most Days,9
Never,Never,Never,Never,9
Never,Some Days,Never,Every Day,6
Never,Some Days,Some Days,Never,7
Never,Never,Never,Every Day,5
Never,Some Days,Some Days,Some Days,10
Never,Some Days,Some Days,Most Days,6
Never,Never,Never,Every Day,8
Never,Most Days,Never,Some Days,8
Never,Never,Never,Never,7
Never,Most Days,Some Days,Some Days,5
Never,Never,Never,Every Day,7
Never,Never,Never,Most Days,7
Never,Some Days,Some Days,Some Days,7
Never,Never,Never,Most Days,9
Never,Most Days,Most Days,Some Days,8
Never,Most Days,Most Days,Most Days,9
Never,Never,Never,Most Days,7
Never,Some Days,Some Days,Most Days,7
Never,Most Days,Never,Most Days,8
Every Day,Never,Every Day,Most Days,8
Some Days,Never,Never,Some Days,5
Never,Never,Never,Every Day,8
Never,Never,Never,Every Day,8
Never,Never,Never,Most Days,8
Some Days,Every Day,Some Days,Most Days,6
Every Day,Never,Never,Most Days,7
Never,Never,Never,Most Days,8
Never,Never,Some Days,Some Days,7
Never,Some Days,Never,Most Days,8
Never,Never,Most Days,Some Days,6
Never,Some Days,Some Days,Some Days,8
Most Days,Most Days,Never,Some Days,7
Never,Never,Never,Most Days,6
Never,Never,Never,Some Days,8
Never,Never,Never,Most Days,9
Every Day,Some Days,Most Days,Some Days,5
Never,Never,Never,Every Day,8
Never,Never,Some Days,Most Days,5
Never,Never,Never,Most Days,7
Some Days,Never,Some Days,Every Day,12
Never,Some Days,Some Days,Most Days,8
Never,Never,Never,Most Days,8
Never,Never,Never,Every Day,9
Never,Never,Never,Every Day,8
Never,Some Days,Some Days,Most Days,7
Never,Some Days,Some Days,Most Days,6
Never,Never,Never,Every Day,10
Never,Never,Never,Most Days,8
Some Days,Some Days,Some Days,Most Days,7
Never,Never,Never,Most Days,8
Never,Every Day,Every Day,Never,8
Never,Some Days,Some Days,Most Days,6
Never,Never,Never,Every Day,8
Some Days,Some Days,Some Days,Some Days,5
Never,Some Days,Never,Most Days,8
Never,Never,Never,Most Days,4
Never,Never,Never,Every Day,8
Never,Never,Never,Never,6
Never,Most Days,Most Days,Never,4
Never,Never,Some Days,Some Days,8
Never,Never,Some Days,Some Days,8
Never,Some Days,Some Days,Some Days,8
Never,Most Days,Never,Some Days,7
Never,Some Days,Never,Every Day,6
Never,Never,Never,Every Day,9
Never,Some Days,Some Days,Some Days,8
Never,Never,Never,Every Day,7
Some Days,Some Days,Some Days,Some Days,6
Never,Never,Never,Most Days,8
Never,Never,Never,Every Day,8
Never,Some Days,Some Days,Most Days,7
Never,Every Day,Never,Never,5
Never,Some Days,Most Days,Most Days,7
Never,Never,Never,Most Days,7
Never,Some Days,Some Days,Most Days,8
Never,Most Days,Some Days,Some Days,6
Some Days,Some Days,Most Days,Some Days,9
Never,Some Days,Some Days,Some Days,8
Never,Never,Never,Every Day,8
Most Days,Most Days,Most Days,Some Days,5
Never,Never,Never,Every Day,9
Never,Some Days,Some Days,Most Days,8
Never,Never,Never,Some Days,7
Never,Never,Some Days,Some Days,8
Never,Never,Never,Most Days,7
Some Days,Every Day,Every Day,Never,1
Never,Some Days,Every Day,Some Days,6
Never,Never,Some Days,Some Days,6
Never,Never,Never,Some Days,9
Never,Every Day,Never,Never,5
Never,Never,Never,Some Days,7
Never,Never,Never,Never,7
Never,Some Days,Some Days,Some Days,6
Never,Never,Some Days,Some Days,7
Never,Some Days,Some Days,Most Days,7
Never,Some Days,Never,Most Days,7
Never,Never,Never,Most Days,7
Never,Some Days,Some Days,Most Days,7
Never,Some Days,Some Days,Most Days,7
Never,Never,Some Days,Some Days,5
Never,Never,Never,Every Day,8
Never,Some Days,Some Days,Some Days,6
Never,Never,Some Days,Most Days,6
Never,Never,Never,Every Day,6
Never,Some Days,Some Days,Most Days,7
Never,Never,Never,Every Day,4
Never,Some Days,Some Days,Some Days,6
Never,Some Days,Never,Most Days,7
Never,Never,Never,Most Days,6
Never,Never,Never,Some Days,7
Never,Never,Some Days,Most Days,7
Never,Never,Never,Most Days,8
Never,Most Days,Never,Some Days,7
Never,Never,Never,Some Days,6
Never,Never,Never,Most Days,7
Never,Some Days,Never,Some Days,5
Never,Every Day,Never,Most Days,8
Never,Some Days,Some Days,Most Days,9
Never,Never,Never,Most Days,7
Never,Most Days,Most Days,Never,6
Never,Some Days,Never,Most Days,7
Never,Some Days,Never,Never,7
Never,Never,Never,Most Days,8
Never,Most Days,Some Days,Most Days,7
Never,Never,Never,Every Day,13
Some Days,Some Days,Some Days,Most Days,8
Never,Never,Never,Most Days,8
Never,Some Days,Never,Most Days,8
Never,Some Days,Some Days,Most Days,7
Never,Some Days,Some Days,Most Days,6
Never,Never,Some Days,Some Days,7
Never,Some Days,Never,Most Days,8
Never,Never,Some Days,Most Days,8
Never,Never,Some Days,Most Days,7
Never,Some Days,Never,Most Days,7
Never,Every Day,Every Day,Some Days,6
Never,Never,Never,Some Days,8
Never,Most Days,Never,Most Days,7
Never,Most Days,Never,Some Days,7
Never,Never,Never,Every Day,6
Never,Some Days,Never,Most Days,4
Never,Never,Never,Most Days,6
Never,Never,Never,Most Days,7
Never,Some Days,Some Days,Some Days,6
Never,Some Days,Some Days,Some Days,5
Never,Some Days,Some Days,Some Days,6
Never,Every Day,Most Days,Some Days,8
Never,Some Days,Never,Every Day,8
Never,Some Days,Never,Most Days,6
Never,Never,Never,Every Day,8
Never,Never,Never,Most Days,8
Never,Never,Never,Most Days,7
Never,Some Days,Never,Most Days,7
Never,Every Day,Some Days,Some Days,8
Never,Some Days,Some Days,Some Days,9
Never,Never,Some Days,Every Day,7
Every Day,Every Day,Some Days,Some Days,5
Never,Never,Some Days,Most Days,8
Never,Some Days,Some Days,Some Days,7
Every Day,Some Days,Never,Some Days,12
Never,Never,Never,Most Days,7
Some Days,Some Days,Some Days,Some Days,7
Some Days,Most Days,Most Days,Some Days,6
Never,Never,Some Days,Most Days,7
Never,Some Days,Never,Some Days,7
Some Days,Some Days,Every Day,Some Days,5
Never,Never,Never,Every Day,8
Most Days,Some Days,Most Days,Most Days,7
Most Days,Every Day,Most Days,Never,8
Never,Some Days,Some Days,Some Days,7
Never,Never,Never,Most Days,7
Never,Some Days,Some Days,Some Days,6
Never,Some Days,Some Days,Most Days,8
Never,Never,Never,Most Days,8
Every Day,Never,Most Days,Never,8
Never,Never,Never,Most Days,6
Never,Every Day,Never,Never,4
Never,Never,Some Days,Some Days,6
Never,Most Days,Never,Some Days,6
Never,Some Days,Some Days,Every Day,9
Most Days,Some Days,Some Days,Most Days,8
Some Days,Never,Some Days,Every Day,8
Never,Never,Some Days,Most Days,6
Never,Most Days,Every Day,Some Days,12
Never,Some Days,Never,Most Days,5
Every Day,Never,Some Days,Some Days,7
Some Days,Some Days,Some Days,Most Days,7
Never,Never,Never,Most Days,8
Never,Some Days,Some Days,Some Days,6
Never,Every Day,Most Days,Most Days,6
Never,Never,Never,Some Days,6
Never,Some Days,Some Days,Most Days,7
Never,Most Days,Never,Most Days,7
Some Days,Some Days,Never,Never,7
Never,Never,Never,Most Days,4
Never,Never,Never,Every Day,7
Every Day,Some Days,Some Days,Never,6
Never,Never,Never,Some Days,9
Never,Some Days,Every Day,Never,3
Never,Never,Never,Every Day,6
Never,Some Days,Never,Most Days,8
Never,Every Day,Some Days,Most Days,7
Never,Never,Never,Most Days,8
Never,Never,Some Days,Most Days,7
Every Day,Never,Never,Some Days,7
Never,Some Days,Never,Most Days,7
Never,Never,Never,Some Days,8
Never,Never,Never,Most Days,6
Most Days,Most Days,Every Day,Never,5
Never,Some Days,Some Days,Most Days,6
Some Days,Most Days,Most Days,Some Days,6
Never,Some Days,Never,Every Day,8
Never,Most Days,Some Days,Most Days,6
Never,Some Days,Some Days,Most Days,7
Some Days,Most Days,Some Days,Some Days,6
Never,Every Day,Never,Some Days,4
Every Day,Never,Never,Every Day,8
Every Day,Every Day,Never,Most Days,6
Never,Never,Every Day,Every Day,7
Never,Most Days,Most Days,Some Days,6
Never,Never,Never,Most Days,7
Never,Most Days,Some Days,Most Days,6
Never,Some Days,Some Days,Most Days,7
Never,Never,Never,Most Days,7
Never,Some Days,Most Days,Some Days,7
Never,Never,Never,Most Days,9
Every Day,Some Days,Some Days,Some Days,8
Never,Some Days,Some Days,Every Day,8
Never,Most Days,Most Days,Some Days,6
Never,Never,Some Days,Every Day,6
Never,Never,Never,Every Day,7
Every Day,Every Day,Never,Some Days,8
Never,Never,Never,Every Day,8
Never,Some Days,Never,Most Days,6
Never,Never,Some Days,Most Days,6
Never,Never,Never,Most Days,6
Never,Never,Some Days,Most Days,9
Never,Some Days,Never,Most Days,8
Never,Never,Never,Most Days,9
Never,Some Days,Never,Some Days,6
Some Days,Never,Some Days,Never,9
Never,Never,Never,Every Day,7
Never,Never,Never,Most Days,7
Every Day,Never,Never,Never,6
Never,Never,Never,Most Days,8
Never,Some Days,Never,Most Days,7
Never,Never,Never,Every Day,8
Never,Some Days,Never,Some Days,6
Never,Some Days,Some Days,Some Days,10
Never,Never,Most Days,Some Days,7
Some Days,Some Days,Some Days,Some Days,6
Never,Every Day,Some Days,Every Day,6
Never,Some Days,Some Days,Most Days,8
Never,Never,Never,Most Days,7
Every Day,Never,Every Day,Most Days,8
Never,Some Days,Some Days,Some Days,6
Never,Never,Never,Most Days,8
Never,Some Days,Never,Most Days,7
Never,Never,Some Days,Most Days,7
Every Day,Never,Never,Most Days,8
Never,Never,Never,Most Days,9
Never,Never,Some Days,Most Days,7
Never,Never,Never,Most Days,8
Every Day,Some Days,Most Days,Some Days,6
Never,Some Days,Never,Every Day,6
Never,Never,Never,Some Days,6
Never,Never,Some Days,Some Days,8
Every Day,Every Day,Most Days,Never,4
Never,Every Day,Some Days,Some Days,5
Never,Never,Never,Most Days,6
Never,Never,Never,Never,5
Never,Never,Some Days,Some Days,7
Some Days,Every Day,Every Day,Never,4
Never,Never,Never,Every Day,8
Most Days,Some Days,Some Days,Some Days,6
Never,Some Days,Some Days,Some Days,6
Some Days,Every Day,Most Days,Some Days,8
Every Day,Every Day,Some Days,Some Days,7
Never,Never,Some Days,Some Days,7
Never,Some Days,Some Days,Never,6
Never,Never,Some Days,Never,4
Some Days,Every Day,Every Day,Every Day,6
Never,Every Day,Some Days,Most Days,7
Every Day,Never,Some Days,Some Days,8
Never,Never,Never,Most Days,6
Never,Some Days,Some Days,Some Days,7
Never,Some Days,Never,Most Days,8
Never,Never,Some Days,Some Days,6
Some Days,Never,Some Days,Most Days,8
Never,Some Days,Some Days,Some Days,6
Never,Never,Some Days,Most Days,6
Never,Most Days,Most Days,Never,8
Never,Some Days,Never,Some Days,7
Every Day,Never,Most Days,Some Days,12
Every Day,Every Day,Every Day,Every Day,8
Every Day,Never,Never,Most Days,7
Never,Most Days,Never,Most Days,7
Never,Most Days,Most Days,Never,6
Never,Some Days,Some Days,Some Days,8
Never,Never,Never,Some Days,6
Never,Never,Never,Some Days,7
Every Day,Never,Never,Most Days,9
Never,Never,Some Days,Every Day,10
Every Day,Never,Some Days,Most Days,8
Never,Most Days,Every Day,Never,6
Never,Never,Never,Some Days,8
Every Day,Some Days,Every Day,Never,6
Never,Never,Never,Most Days,7
Never,Never,Some Days,Every Day,8
Never,Some Days,Some Days,Most Days,7
Every Day,Most Days,Some Days,Most Days,6
Never,Never,Some Days,Some Days,6
Never,Most Days,Some Days,Some Days,6
Some Days,Some Days,Some Days,Most Days,7
Some Days,Most Days,Some Days,Some Days,7
Never,Never,Never,Every Day,8
Never,Never,Never,Most Days,9
Never,Never,Never,Every Day,8
Never,Never,Never,Every Day,8
Every Day,Some Days,Most Days,Most Days,8
Never,Never,Some Days,Most Days,7
Some Days,Never,Some Days,Most Days,5
Some Days,Most Days,Most Days,Never,4
Never,Never,Never,Most Days,7
Never,Never,Never,Most Days,10
Never,Never,Never,Most Days,7
Never,Some Days,Never,Most Days,8
Never,Never,Some Days,Some Days,7
Never,Never,Never,Most Days,6
Never,Some Days,Some Days,Most Days,5
Never,Some Days,Some Days,Some Days,7
Every Day,Never,Some Days,Every Day,6
Never,Never,Never,Every Day,12
Never,Never,Never,Every Day,8
Every Day,Some Days,Most Days,Never,7
Never,Some Days,Some Days,Every Day,7
Never,Some Days,Never,Some Days,9
Some Days,Some Days,Never,Never,6
Never,Never,Never,Every Day,8
Some Days,Some Days,Some Days,Most Days,6
Never,Some Days,Some Days,Never,6
Never,Never,Never,Most Days,7
Never,Some Days,Never,Most Days,9
Most Days,Some Days,Some Days,Most Days,7
Never,Never,Never,Every Day,7
Never,Most Days,Most Days,Some Days,5
Never,Every Day,Some Days,Most Days,9
Never,Never,Some Days,Most Days,7
Never,Some Days,Some Days,Most Days,8
Never,Some Days,Some Days,Most Days,8
Never,Every Day,Some Days,Some Days,5
Never,Some Days,Never,Most Days,7
Never,Never,Never,Some Days,7
Never,Never,Some Days,Most Days,7
Never,Never,Some Days,Most Days,8
Never,Some Days,Never,Most Days,7
Never,Some Days,Some Days,Some Days,7
Never,Never,Never,Most Days,7
Some Days,Most Days,Some Days,Some Days,6
Never,Never,Never,Some Days,6
Never,Some Days,Never,Every Day,9
Never,Never,Never,Most Days,7
Never,Some Days,Never,Most Days,7
Most Days,Never,Some Days,Most Days,8
Never,Some Days,Never,Most Days,8
Never,Never,Some Days,Most Days,7
Never,Never,Never,Every Day,7
Never,Never,Never,Every Day,5
Some Days,Never,Every Day,Some Days,5
Every Day,Some Days,Never,Most Days,7
Never,Never,Never,Most Days,6
Never,Some Days,Never,Some Days,7
Some Days,Never,Never,Most Days,7
Never,Some Days,Some Days,Some Days,7
Never,Never,Never,Most Days,7
Some Days,Some Days,Some Days,Most Days,7
Some Days,Some Days,Never,Most Days,8
Never,Some Days,Never,Most Days,8
Never,Never,Some Days,Most Days,8
Most Days,Never,Never,Every Day,7
Never,Never,Never,Every Day,8
Never,Never,Never,Most Days,7
Never,Some Days,Some Days,Most Days,6
Never,Never,Never,Some Days,6
Never,Never,Never,Every Day,8
Never,Never,Never,Most Days,9
Never,Some Days,Never,Some Days,8
Never,Some Days,Most Days,Most Days,7
Never,Every Day,Never,Every Day,6
Never,Never,Some Days,Some Days,7
Never,Some Days,Never,Most Days,7
Never,Never,Some Days,Some Days,7
Some Days,Never,Some Days,Every Day,8
Never,Some Days,Some Days,Some Days,8
Never,Some Days,Never,Most Days,7
Never,Never,Never,Some Days,10
Never,Some Days,Never,Most Days,7
Never,Never,Some Days,Most Days,8
Never,Every Day,Every Day,Never,7
Never,Some Days,Some Days,Some Days,10
Every Day,Some Days,Never,Never,8
Never,Never,Never,Some Days,7
Some Days,Never,Every Day,Every Day,8
Never,Never,Never,Most Days,6
Never,Never,Never,Most Days,7
Never,Never,Some Days,Some Days,7
Never,Never,Never,Every Day,7
Never,Never,Never,Every Day,7
Never,Never,Some Days,Most Days,6
Never,Some Days,Most Days,Some Days,5
Never,Never,Some Days,Most Days,8
Never,Never,Never,Every Day,8
Never,Every Day,Every Day,Most Days,6
Never,Some Days,Never,Some Days,6
Never,Never,Never,Most Days,7
Never,Most Days,Never,Most Days,6
Never,Never,Some Days,Most Days,7
Never,Some Days,Most Days,Most Days,7
Never,Never,Never,Most Days,10
Never,Some Days,Some Days,Some Days,5
Never,Some Days,Never,Most Days,7
Never,Never,Never,Every Day,8
Every Day,Never,Never,Most Days,7
Never,Never,Never,Most Days,6
Some Days,Some Days,Most Days,Most Days,7
Never,Never,Never,Every Day,7
Every Day,Some Days,Never,Some Days,8
Never,Most Days,Some Days,Some Days,8
Never,Some Days,Never,Some Days,8
Never,Never,Some Days,Some Days,7
Never,Never,Never,Some Days,8
Never,Every Day,Never,Most Days,7
Never,Never,Never,Some Days,6
Never,Never,Never,Every Day,10
Never,Never,Never,Some Days,7
Never,Never,Never,Most Days,7
Never,Never,Never,Every Day,7
Never,Most Days,Never,Most Days,8
Most Days,Some Days,Most Days,Some Days,6
Never,Some Days,Some Days,Some Days,7
Never,Never,Never,Every Day,8
Never,Some Days,Never,Some Days,8
Never,Never,Some Days,Most Days,8
Never,Some Days,Never,Most Days,8
Never,Never,Never,Every Day,7
Never,Never,Never,Most Days,8
Never,Most Days,Some Days,Most Days,7
Never,Never,Most Days,Most Days,7
Never,Some Days,Never,Most Days,7
Never,Never,Never,Most Days,8
Every Day,Never,Some Days,Never,9
Some Days,Every Day,Most Days,Never,2
Some Days,Some Days,Some Days,Never,6
Never,Some Days,Some Days,Most Days,7
Never,Some Days,Some Days,Some Days,5
Never,Never,Some Days,Most Days,6
Never,Never,Some Days,Some Days,6
Never,Never,Some Days,Every Day,8
Never,Never,Never,Every Day,7
Never,Every Day,Every Day,Never,3
Never,Never,Never,Most Days,7
Never,Every Day,Some Days,Some Days,8
Never,Some Days,Never,Some Days,9
Never,Never,Most Days,Some Days,7
Never,Most Days,Some Days,Some Days,8
Never,Some Days,Never,Most Days,7
Never,Never,Never,Most Days,6
Never,Never,Never,Most Days,7
Some Days,Some Days,Never,Some Days,6
Every Day,Some Days,Some Days,Some Days,8
Never,Some Days,Some Days,Most Days,10
Every Day,Some Days,Never,Some Days,7
Never,Most Days,Some Days,Some Days,6
Never,Never,Never,Most Days,8
Never,Some Days,Never,Most Days,7
Never,Never,Never,Some Days,7
Some Days,Never,Some Days,Most Days,8
Never,Most Days,Some Days,Some Days,7
Never,Every Day,Some Days,Some Days,7
Every Day,Most Days,Every Day,Some Days,10
Never,Some Days,Never,Most Days,5
Never,Some Days,Some Days,Most Days,6
Never,Some Days,Never,Most Days,7
Never,Every Day,Every Day,Most Days,5
Never,Some Days,Some Days,Most Days,10
Never,Never,Some Days,Most Days,8
Never,Some Days,Most Days,Never,6
Some Days,Some Days,Some Days,Most Days,8
Never,Some Days,Never,Most Days,7
Never,Never,Never,Most Days,7
Never,Some Days,Never,Every Day,9
Most Days,Some Days,Never,Every Day,16
Never,Never,Never,Most Days,7
Never,Never,Never,Every Day,7
Never,Never,Never,Most Days,8
Every Day,Some Days,Some Days,Most Days,8
Never,Every Day,Some Days,Most Days,8
Never,Every Day,Every Day,Never,5
Never,Most Days,Some Days,Most Days,7
Never,Never,Some Days,Never,8
Some Days,Never,Some Days,Some Days,10
Never,Some Days,Some Days,Most Days,7
Some Days,Never,Some Days,Most Days,8
Never,Every Day,Never,Some Days,5
Never,Never,Never,Never,8
Never,Never,Some Days,Some Days,5
Some Days,Some Days,Never,Most Days,8
Some Days,Some Days,Some Days,Most Days,7
Never,Never,Never,Some Days,9
Never,Never,Never,Most Days,7
Never,Some Days,Most Days,Some Days,6
Never,Never,Never,Most Days,7
Never,Most Days,Some Days,Some Days,3
Some Days,Never,Never,Most Days,9
Never,Never,Never,Most Days,7
Never,Never,Never,Every Day,8
Never,Never,Never,Every Day,8
Never,Never,Never,Most Days,7
Every Day,Some Days,Some Days,Some Days,7
Never,Never,Never,Some Days,6
Every Day,Some Days,Some Days,Most Days,7
Never,Never,Never,Every Day,8
Never,Some Days,Some Days,Some Days,8
Never,Never,Every Day,Every Day,5
Never,Some Days,Never,Some Days,7
Never,Most Days,Most Days,Most Days,8
Never,Never,Never,Every Day,8
Never,Never,Some Days,Most Days,8
Never,Never,Some Days,Most Days,8
Never,Some Days,Some Days,Every Day,9
Never,Never,Never,Never,5
Never,Some Days,Some Days,Some Days,5
Never,Some Days,Some Days,Some Days,7
Never,Some Days,Never,Every Day,7
Never,Never,Most Days,Some Days,6
Never,Never,Never,Most Days,6
Never,Never,Never,Some Days,7
Never,Never,Never,Most Days,7
Never,Never,Some Days,Some Days,6
Never,Never,Never,Every Day,8
Never,Never,Some Days,Some Days,8
Never,Some Days,Some Days,Some Days,7
Never,Never,Never,Most Days,6
Never,Never,Never,Some Days,8
Never,Never,Never,Most Days,8
Some Days,Some Days,Some Days,Most Days,6
Never,Every Day,Every Day,Some Days,4
Never,Most Days,Some Days,Some Days,8
Every Day,Most Days,Most Days,Some Days,6
Never,Never,Some Days,Some Days,7
Some Days,Never,Some Days,Most Days,6
Never,Some Days,Some Days,Most Days,7
Never,Never,Never,Every Day,9
Every Day,Some Days,Some Days,Most Days,8
Never,Some Days,Never,Some Days,7
Never,Some Days,Never,Most Days,8
Some Days,Never,Some Days,Every Day,8
Every Day,Every Day,Never,Some Days,5
Every Day,Some Days,Every Day,Never,8
Never,Some Days,Some Days,Most Days,7
Some Days,Some Days,Some Days,Every Day,8
Never,Most Days,Never,Never,8
Every Day,Most Days,Every Day,Never,6
Never,Some Days,Never,Every Day,4
Some Days,Some Days,Most Days,Some Days,8
Never,Some Days,Some Days,Some Days,8
Never,Never,Some Days,Most Days,7
Never,Some Days,Never,Most Days,6
Never,Some Days,Some Days,Most Days,6
Never,Never,Never,Most Days,6
Never,Every Day,Every Day,Never,4
Never,Never,Never,Most Days,7
Some Days,Some Days,Some Days,Most Days,7
Some Days,Some Days,Most Days,Some Days,5
Most Days,Most Days,Some Days,Some Days,7
Never,Some Days,Some Days,Most Days,8
Never,Some Days,Never,Some Days,8
Never,Most Days,Never,Some Days,6
Never,Never,Some Days,Most Days,7
Never,Some Days,Some Days,Every Day,7
Some Days,Some Days,Some Days,Most Days,8
Every Day,Most Days,Most Days,Most Days,7
Never,Never,Never,Every Day,7
Never,Some Days,Never,Never,7
Never,Never,Never,Every Day,10
Most Days,Some Days,Some Days,Most Days,7
Never,Never,Never,Every Day,8
Never,Never,Never,Most Days,7
Never,Some Days,Some Days,Most Days,8
Never,Most Days,Never,Most Days,7
Never,Some Days,Never,Some Days,7
Never,Some Days,Never,Most Days,7
Never,Never,Never,Most Days,9
Never,Most Days,Never,Most Days,6
Never,Most Days,Most Days,Most Days,7
Never,Never,Never,Most Days,8
Never,Some Days,Some Days,Some Days,7
Never,Some Days,Never,Some Days,6
Some Days,Never,Some Days,Some Days,7
Never,Every Day,Every Day,Some Days,5
Never,Never,Never,Some Days,9
Every Day,Never,Never,Most Days,10
Every Day,Every Day,Most Days,Some Days,5
Never,Never,Never,Most Days,7
Never,Some Days,Some Days,Most Days,8
Never,Never,Never,Most Days,8
Never,Some Days,Some Days,Every Day,8
Never,Never,Never,Most Days,7
Never,Never,Never,Some Days,5
Never,Never,Never,Some Days,7
Never,Never,Never,Some Days,7
Never,Never,Never,Most Days,8
Never,Some Days,Never,Every Day,8
Never,Never,Never,Never,7
Every Day,Every Day,Every Day,Never,5
Never,Never,Never,Most Days,7
Never,Some Days,Some Days,Some Days,8
Never,Some Days,Some Days,Some Days,9
Never,Never,Never,Never,6
Every Day,Never,Some Days,Every Day,9
Never,Never,Never,Every Day,7
Never,Never,Never,Most Days,8
Never,Never,Never,Every Day,7
Never,Some Days,Never,Most Days,7
Some Days,Never,Some Days,Some Days,8
Never,Some Days,Never,Most Days,8
Never,Never,Never,Most Days,7
Never,Never,Never,Most Days,8
Never,Never,Never,Every Day,7
Never,Most Days,Never,Every Day,8
Never,Never,Never,Most Days,8
Never,Never,Never,Some Days,6
Never,Never,Some Days,Never,6
Never,Some Days,Never,Never,5
Most Days,Some Days,Some Days,Some Days,7
Never,Some Days,Most Days,Every Day,8
Never,Never,Some Days,Some Days,8
Never,Never,Some Days,Every Day,6
Never,Some Days,Some Days,Every Day,6
Never,Some Days,Most Days,Some Days,5
Never,Never,Never,Some Days,6
Never,Never,Never,Every Day,8
Never,Never,Never,Most Days,10
Never,Every Day,Never,Every Day,6
Never,Some Days,Never,Most Days,8
Some Days,Some Days,Most Days,Some Days,7
Some Days,Never,Some Days,Most Days,7
Never,Most Days,Never,Some Days,7
Never,Every Day,Most Days,Never,6
Every Day,Every Day,Every Day,Some Days,6
Every Day,Most Days,Most Days,Never,6
Never,Never,Never,Most Days,8
Never,Some Days,Some Days,Most Days,6
Most Days,Every Day,Every Day,Never,4
Never,Never,Never,Most Days,6
Never,Never,Never,Never,8
Never,Never,Never,Every Day,8
Most Days,Some Days,Some Days,Some Days,8
Never,Never,Never,Every Day,6
Never,Every Day,Some Days,Most Days,8
Never,Some Days,Some Days,Every Day,7
Some Days,Most Days,Every Day,Never,4
Every Day,Never,Some Days,Some Days,10
Every Day,Never,Never,Every Day,8
Never,Never,Some Days,Most Days,8
Never,Never,Never,Every Day,9
Every Day,Every Day,Every Day,Some Days,5
Some Days,Never,Some Days,Most Days,7
Never,Never,Never,Every Day,8
Never,Never,Never,Most Days,7
Never,Never,Most Days,Some Days,5
Never,Never,Never,Most Days,8
Never,Never,Never,Some Days,10
Every Day,Every Day,Every Day,Some Days,7
Never,Never,Never,Some Days,8
Some Days,Some Days,Some Days,Some Days,8
Never,Never,Never,Never,8
Every Day,Some Days,Some Days,Most Days,7
Some Days,Never,Most Days,Most Days,9
Never,Some Days,Never,Most Days,7
Every Day,Every Day,Every Day,Every Day,4
Never,Never,Never,Every Day,8
Never,Never,Never,Some Days,7
Never,Some Days,Some Days,Most Days,6
Never,Never,Never,Some Days,7
Never,Never,Never,Every Day,8
Never,Every Day,Most Days,Never,8
Never,Never,Some Days,Most Days,7
Never,Some Days,Some Days,Most Days,8
Never,Some Days,Some Days,Every Day,8
Never,Never,Never,Every Day,8
Some Days,Some Days,Never,Never,6
Every Day,Never,Every Day,Never,8
Never,Most Days,Never,Some Days,6
Never,Some Days,Some Days,Most Days,7
Never,Some Days,Some Days,Some Days,6
Never,Never,Never,Most Days,7
Never,Most Days,Some Days,Some Days,6
Never,Every Day,Every Day,Some Days,2
Never,Never,Some Days,Most Days,8
Never,Some Days,Some Days,Some Days,7
Some Days,Some Days,Some Days,Most Days,7
Never,Never,Never,Most Days,7
Some Days,Some Days,Some Days,Most Days,7
Never,Never,Never,Never,10
Never,Some Days,Never,Never,5
Most Days,Never,Never,Most Days,7
Never,Never,Never,Every Day,8
Never,Never,Never,Most Days,6
Never,Never,Never,Never,8
Never,Some Days,Some Days,Some Days,5
Never,Never,Never,Every Day,8
Most Days,Some Days,Some Days,Some Days,8
Some Days,Never,Some Days,Never,6
Every Day,Most Days,Every Day,Most Days,8
Never,Some Days,Some Days,Some Days,6
Every Day,Never,Some Days,Most Days,8
Never,Some Days,Every Day,Most Days,6
Some Days,Some Days,Most Days,Some Days,9
Never,Most Days,Never,Some Days,8
Some Days,Some Days,Some Days,Some Days,8
Never,Never,Never,Most Days,9
Never,Never,Never,Most Days,9
Never,Some Days,Some Days,Some Days,6
Never,Never,Some Days,Most Days,7
Never,Never,Never,Every Day,9
Never,Some Days,Some Days,Most Days,7
Never,Never,Never,Every Day,8
Some Days,Never,Never,Every Day,8
Never,Never,Never,Every Day,6
Never,Never,Never,Most Days,6
Never,Never,Never,Most Days,6
Never,Some Days,Never,Some Days,9
Never,Never,Never,Every Day,7
Never,Never,Never,Some Days,9
Never,Never,Some Days,Every Day,6
Every Day,Never,Every Day,Most Days,6
Never,Never,Never,Most Days,6
Never,Some Days,Some Days,Most Days,6
Never,Most Days,Most Days,Some Days,6
Never,Never,Never,Most Days,6
Never,Never,Never,Most Days,8
Never,Some Days,Some Days,Most Days,6
Every Day,Never,Some Days,Some Days,8
Never,Some Days,Never,Most Days,7
Some Days,Every Day,Never,Most Days,7
Never,Never,Never,Most Days,7
Never,Some Days,Never,Most Days,7
Never,Never,Some Days,Some Days,7
Never,Never,Never,Every Day,8
Never,Never,Never,Every Day,8
Never,Most Days,Never,Some Days,8
Never,Some Days,Some Days,Most Days,8
Never,Never,Never,Most Days,6
Never,Never,Never,Most Days,7
Never,Some Days,Some Days,Every Day,8
Never,Never,Never,Never,6
Never,Never,Never,Most Days,8
Never,Some Days,Never,Most Days,7
Never,Never,Some Days,Some Days,6
Never,Some Days,Some Days,Most Days,7
Every Day,Most Days,Never,Most Days,6
Never,Never,Never,Every Day,7
Never,Some Days,Never,Every Day,8
Never,Never,Never,Most Days,7
Never,Never,Never,Most Days,8
Never,Never,Never,Most Days,7
Never,Never,Never,Most Days,7
Never,Never,Never,Every Day,8
Never,Most Days,Most Days,Some Days,6
Never,Never,Some Days,Most Days,7
Never,Never,Never,Some Days,5
Never,Most Days,Most Days,Some Days,4
Never,Never,Some Days,Most Days,8
Never,Never,Never,Most Days,8
Never,Most Days,Some Days,Most Days,6
Never,Some Days,Some Days,Most Days,8
Never,Some Days,Never,Most Days,6
Never,Some Days,Never,Some Days,8
Never,Never,Never,Every Day,7
Never,Never,Some Days,Every Day,8
Never,Never,Never,Never,8
Never,Never,Most Days,Some Days,6
Never,Never,Never,Every Day,8
Never,Most Days,Some Days,Most Days,13
Never,Most Days,Most Days,Some Days,4
Never,Some Days,Some Days,Every Day,6
Never,Never,Never,Every Day,9
Never,Most Days,Most Days,Most Days,5
Never,Never,Never,Every Day,8
Never,Never,Never,Every Day,10
Never,Every Day,Never,Never,4
Never,Never,Never,Most Days,7
Never,Some Days,Some Days,Some Days,8
Never,Some Days,Never,Most Days,7
Never,Some Days,Some Days,Every Day,7
Some Days,Never,Never,Every Day,6
Never,Some Days,Never,Most Days,8
Every Day,Every Day,Every Day,Never,12
Never,Never,Never,Every Day,8
Never,Some Days,Some Days,Some Days,5
Some Days,Some Days,Some Days,Most Days,8
Never,Some Days,Most Days,Most Days,7
Never,Some Days,Some Days,Most Days,7
Some Days,Most Days,Every Day,Some Days,6
Never,Every Day,Every Day,Never,4
Never,Never,Never,Some Days,8
Never,Some Days,Some Days,Most Days,7
Never,Some Days,Some Days,Every Day,8
Never,Never,Never,Every Day,7
Never,Every Day,Every Day,Some Days,7
Never,Never,Never,Never,8
Never,Never,Never,Every Day,8
Never,Never,Never,Most Days,7
Never,Some Days,Some Days,Most Days,6
Some Days,Some Days,Never,Some Days,7
Never,Never,Never,Every Day,8
Never,Some Days,Some Days,Most Days,8
Never,Never,Never,Never,5
Every Day,Most Days,Some Days,Every Day,8
Every Day,Some Days,Most Days,Some Days,6
Never,Never,Never,Most Days,6
Every Day,Never,Never,Some Days,6
Never,Never,Never,Most Days,10
Never,Never,Never,Most Days,7
Never,Most Days,Never,Some Days,8
Some Days,Never,Some Days,Most Days,6
Never,Never,Never,Most Days,9
Every Day,Never,Some Days,Some Days,8
Never,Never,Some Days,Every Day,7
Most Days,Some Days,Some Days,Some Days,6
Some Days,Never,Never,Every Day,6
Never,Some Days,Never,Most Days,6
Never,Never,Some Days,Some Days,8
Never,Never,Never,Every Day,9
Never,Never,Never,Most Days,8
Never,Every Day,Every Day,Never,5
Never,Every Day,Never,Never,6
Never,Never,Some Days,Some Days,5
Never,Some Days,Never,Most Days,7
Never,Never,Some Days,Most Days,7
Never,Every Day,Every Day,Most Days,7
Never,Never,Some Days,Most Days,7
Never,Never,Never,Most Days,9
Every Day,Never,Most Days,Most Days,7
Never,Some Days,Some Days,Most Days,7
Never,Most Days,Some Days,Some Days,6
Never,Never,Never,Most Days,7
Some Days,Every Day,Every Day,Some Days,7
Most Days,Some Days,Some Days,Some Days,5
Never,Some Days,Never,Some Days,5
Never,Never,Never,Most Days,9
Never,Never,Never,Every Day,7
Every Day,Never,Never,Every Day,8
Every Day,Some Days,Some Days,Some Days,4
Never,Some Days,Some Days,Some Days,5
Never,Never,Some Days,Every Day,7
Never,Never,Never,Some Days,8
Every Day,Never,Never,Every Day,8
Never,Never,Never,Most Days,7
Some Days,Some Days,Some Days,Most Days,9
Some Days,Some Days,Some Days,Every Day,7
Never,Every Day,Some Days,Some Days,6
Never,Never,Never,Most Days,7
Never,Never,Some Days,Most Days,7
Most Days,Some Days,Every Day,Some Days,8
Some Days,Never,Some Days,Most Days,6
Never,Some Days,Never,Some Days,6
Never,Never,Never,Every Day,8
Some Days,Some Days,Some Days,Most Days,9
Some Days,Some Days,Some Days,Some Days,6
Never,Most Days,Never,Most Days,8
Some Days,Most Days,Some Days,Some Days,6
Never,Never,Never,Some Days,8
Never,Some Days,Never,Some Days,8
Never,Some Days,Never,Most Days,7
Never,Never,Never,Most Days,7
Never,Never,Some Days,Most Days,7
Every Day,Some Days,Never,Some Days,8
Some Days,Never,Some Days,Most Days,7
Never,Most Days,Never,Most Days,8
Never,Never,Never,Most Days,6
Never,Some Days,Some Days,Some Days,7
Never,Never,Some Days,Most Days,8
Never,Never,Never,Every Day,6
Never,Every Day,Some Days,Some Days,6
Most Days,Never,Never,Some Days,7
Most Days,Some Days,Most Days,Some Days,7
Never,Some Days,Never,Some Days,7
Never,Never,Never,Most Days,8
Every Day,Never,Some Days,Most Days,8
Never,Some Days,Never,Most Days,7
Never,Some Days,Some Days,Most Days,7
Never,Never,Some Days,Most Days,8
Never,Every Day,Never,Never,7
Never,Never,Never,Some Days,5
Never,Some Days,Some Days,Every Day,7
Never,Never,Never,Most Days,6
Never,Some Days,Never,Most Days,7
Never,Some Days,Some Days,Most Days,7
Never,Never,Never,Every Day,8
Never,Never,Some Days,Most Days,8
Some Days,Every Day,Every Day,Some Days,5
Never,Some Days,Some Days,Most Days,9
Never,Some Days,Some Days,Most Days,8
Some Days,Some Days,Never,Some Days,7
Never,Never,Never,Most Days,8
Never,Some Days,Most Days,Most Days,4
Never,Never,Never,Most Days,8
Some Days,Some Days,Some Days,Most Days,6
Never,Some Days,Some Days,Never,6
Never,Never,Never,Every Day,8
Never,Some Days,Some Days,Some Days,4
Never,Some Days,Some Days,Most Days,8
Never,Every Day,Some Days,Every Day,4
Some Days,Never,Some Days,Most Days,8
Every Day,Never,Some Days,Most Days,8
Never,Some Days,Some Days,Some Days,7
Never,Never,Never,Every Day,8
Never,Never,Never,Some Days,7
Never,Never,Never,Most Days,8
Never,Never,Some Days,Every Day,8
Never,Never,Some Days,Never,6
Never,Never,Never,Most Days,8
Never,Most Days,Most Days,Some Days,6
Never,Some Days,Never,Some Days,6
Never,Some Days,Never,Most Days,6
Never,Some Days,Some Days,Most Days,6
Never,Some Days,Never,Some Days,5
Never,Some Days,Most Days,Most Days,6
Never,Every Day,Never,Some Days,6
Never,Some Days,Never,Most Days,8
Never,Some Days,Never,Some Days,7
Never,Every Day,Most Days,Never,5
Some Days,Every Day,Never,Most Days,7
Never,Never,Never,Every Day,8
Never,Most Days,Most Days,Never,7
Every Day,Every Day,Some Days,Some Days,6
Never,Never,Never,Most Days,5
Never,Never,Every Day,Most Days,8
Never,Never,Never,Most Days,6
Never,Never,Never,Every Day,8
Never,Never,Never,Never,18
Some Days,Some Days,Most Days,Some Days,9
Never,Some Days,Some Days,Every Day,6
Never,Most Days,Never,Every Day,6
Never,Never,Never,Most Days,7
Never,Never,Some Days,Some Days,8
Never,Some Days,Some Days,Some Days,8
Every Day,Never,Some Days,Some Days,8
Never,Some Days,Never,Every Day,8
Never,Every Day,Some Days,Some Days,5
Every Day,Most Days,Never,Some Days,6
Never,Some Days,Some Days,Some Days,7
Never,Never,Never,Most Days,8
Never,Some Days,Never,Most Days,7
Never,Some Days,Some Days,Most Days,7
Never,Most Days,Never,Every Day,10
Never,Most Days,Most Days,Some Days,7
Never,Most Days,Every Day,Never,8
Every Day,Some Days,Some Days,Most Days,7
Some Days,Some Days,Some Days,Most Days,8
Never,Some Days,Some Days,Some Days,6
Never,Never,Never,Every Day,8
Some Days,Most Days,Some Days,Most Days,7
Some Days,Never,Some Days,Most Days,7
Every Day,Some Days,Most Days,Some Days,7
Never,Never,Never,Most Days,9
Never,Some Days,Some Days,Some Days,8
Most Days,Most Days,Most Days,Never,6
Every Day,Every Day,Never,Never,4
Never,Some Days,Never,Most Days,7
Never,Never,Never,Every Day,9
Never,Some Days,Never,Most Days,7
Never,Some Days,Never,Some Days,6
Some Days,Every Day,Never,Some Days,6
Never,Never,Never,Most Days,8
Never,Never,Some Days,Most Days,7
Never,Some Days,Some Days,Some Days,8
Never,Never,Never,Every Day,8
Never,Most Days,Most Days,Some Days,6
Never,Some Days,Some Days,Most Days,7
Never,Some Days,Some Days,Most Days,7
Never,Never,Never,Every Day,7
Never,Never,Some Days,Never,8
Never,Never,Some Days,Most Days,7
Never,Some Days,Some Days,Most Days,6
Never,Some Days,Never,Most Days,7
Never,Every Day,Never,Never,6
Never,Most Days,Some Days,Never,8
Some Days,Some Days,Some Days,Most Days,9
Never,Never,Never,Never,6
Never,Some Days,Some Days,Most Days,7
Never,Never,Some Days,Most Days,9
Never,Some Days,Most Days,Some Days,7
Never,Never,Some Days,Some Days,6
Some Days,Never,Some Days,Most Days,7
Never,Some Days,Never,Most Days,8
Some Days,Most Days,Most Days,Most Days,4
Never,Never,Never,Most Days,7
Some Days,Never,Some Days,Most Days,7
Never,Some Days,Never,Every Day,7
Never,Some Days,Never,Never,7
Never,Some Days,Never,Never,8
Never,Most Days,Some Days,Some Days,6
Never,Most Days,Some Days,Every Day,5
Never,Most Days,Some Days,Some Days,6
Never,Some Days,Never,Some Days,6
Never,Never,Never,Most Days,8
Never,Some Days,Never,Some Days,8
Never,Never,Never,Most Days,8
Never,Never,Never,Some Days,7
Never,Never,Never,Every Day,8
Never,Never,Never,Every Day,8
Never,Some Days,Some Days,Some Days,8
Never,Some Days,Some Days,Most Days,7
Never,Some Days,Never,Most Days,7
Most Days,Most Days,Most Days,Most Days,7
Never,Never,Never,Some Days,8
Never,Every Day,Some Days,Never,8
Never,Never,Never,Most Days,8
Never,Never,Never,Some Days,5
Never,Never,Never,Most Days,7
Never,Some Days,Every Day,Never,6
Never,Never,Never,Every Day,9
Never,Never,Some Days,Most Days,6
Never,Most Days,Some Days,Some Days,7
Never,Never,Never,Every Day,8
Every Day,Some Days,Some Days,Most Days,7
Never,Never,Never,Most Days,9
Never,Never,Some Days,Most Days,7
Never,Never,Most Days,Some Days,6
Every Day,Most Days,Most Days,Never,4
Most Days,Some Days,Never,Some Days,4
Never,Never,Never,Most Days,8
Never,Never,Never,Most Days,7
Never,Most Days,Most Days,Some Days,6
Never,Never,Never,Every Day,9
Never,Most Days,Most Days,Never,6
Never,Some Days,Some Days,Some Days,4
Never,Never,Every Day,Never,5
Never,Some Days,Some Days,Most Days,7
Never,Most Days,Never,Most Days,6
Never,Never,Never,Some Days,5
Never,Never,Never,Most Days,8
Some Days,Some Days,Some Days,Most Days,7
Never,Some Days,Never,Some Days,6
Never,Never,Some Days,Most Days,6
Never,Some Days,Most Days,Never,10
Never,Never,Never,Some Days,9
Never,Never,Some Days,Most Days,7
Never,Never,Some Days,Every Day,8
Never,Every Day,Some Days,Some Days,8
Never,Never,Some Days,Every Day,8
Never,Some Days,Never,Most Days,8
Never,Never,Some Days,Some Days,7
Never,Some Days,Some Days,Most Days,8
Never,Some Days,Never,Most Days,6
Never,Some Days,Some Days,Some Days,6
Never,Some Days,Most Days,Most Days,8
Never,Most Days,Some Days,Some Days,9
Never,Never,Never,Most Days,7
Every Day,Most Days,Some Days,Some Days,7
Never,Most Days,Most Days,Never,6
Never,Never,Never,Never,7
Every Day,Never,Some Days,Most Days,8
Never,Never,Never,Some Days,8
Never,Never,Some Days,Most Days,8
Never,Some Days,Some Days,Some Days,8
Some Days,Most Days,Some Days,Some Days,6
Some Days,Most Days,Never,Some Days,7
Never,Never,Some Days,Most Days,8
Never,Some Days,Never,Some Days,7
Never,Never,Never,Most Days,7
Never,Some Days,Never,Most Days,8
Never,Every Day,Some Days,Every Day,9
Never,Never,Some Days,Most Days,8
Never,Never,Never,Every Day,9
Never,Some Days,Some Days,Some Days,7
Never,Never,Some Days,Some Days,10
Some Days,Most Days,Most Days,Some Days,6
Never,Never,Most Days,Some Days,6
Some Days,Most Days,Most Days,Never,4
Never,Never,Never,Most Days,7
Never,Most Days,Most Days,Never,7
Never,Never,Never,Never,10
Never,Some Days,Never,Some Days,5
Most Days,Every Day,Never,Some Days,8
Never,Never,Never,Every Day,7
Never,Never,Never,Most Days,7
Every Day,Never,Never,Every Day,8
Never,Some Days,Some Days,Most Days,8
Never,Never,Never,Some Days,8
Never,Never,Most Days,Never,6
Never,Some Days,Never,Some Days,7
Never,Some Days,Some Days,Some Days,8
Never,Never,Never,Every Day,9
Never,Never,Never,Some Days,8
Never,Some Days,Some Days,Most Days,7
Never,Never,Never,Never,5
Never,Never,Some Days,Some Days,9
Never,Some Days,Some Days,Most Days,9
Never,Some Days,Some Days,Most Days,6
Most Days,Some Days,Some Days,Most Days,7
Never,Some Days,Some Days,Some Days,5
Never,Never,Never,Most Days,8
Never,Every Day,Never,Every Day,9
Never,Never,Some Days,Every Day,7
Never,Some Days,Never,Every Day,4
Some Days,Never,Never,Every Day,7
Never,Some Days,Never,Never,6
Every Day,Every Day,Every Day,Never,5
Never,Never,Every Day,Some Days,10
Never,Never,Never,Every Day,8
Every Day,Every Day,Every Day,Never,5
Never,Never,Some Days,Most Days,8
Some Days,Every Day,Most Days,Never,8
Never,Never,Never,Never,7
Never,Never,Some Days,Most Days,8
Never,Never,Never,Every Day,12
Never,Most Days,Never,Some Days,7
Never,Some Days,Some Days,Some Days,6
Never,Some Days,Never,Most Days,7
Never,Never,Never,Every Day,8
Never,Some Days,Never,Most Days,7
Never,Never,Never,Some Days,5
Never,Some Days,Never,Some Days,7
Never,Never,Never,Most Days,8
Never,Never,Never,Most Days,8
Never,Never,Some Days,Most Days,6
Never,Some Days,Some Days,Some Days,6
Never,Some Days,Some Days,Most Days,7
Every Day,Most Days,Never,Most Days,6
Never,Every Day,Every Day,Some Days,5
Never,Never,Never,Most Days,6
Never,Never,Never,Most Days,6
Never,Some Days,Some Days,Some Days,6
Never,Never,Some Days,Most Days,7
Never,Some Days,Some Days,Some Days,8
Never,Some Days,Some Days,Every Day,6
Never,Some Days,Some Days,Some Days,6
Never,Some Days,Never,Most Days,6
Never,Never,Never,Most Days,12
Never,Never,Never,Every Day,8
Never,Never,Never,Most Days,7
Every Day,Some Days,Some Days,Most Days,5
Never,Never,Never,Most Days,8
Never,Never,Never,Every Day,9
Never,Every Day,Never,Never,7
Never,Never,Some Days,Most Days,8
Never,Never,Never,Most Days,8
Every Day,Most Days,Every Day,Never,6
Every Day,Most Days,Some Days,Some Days,6
Never,Most Days,Never,Every Day,6
Never,Never,Some Days,Most Days,6
Never,Every Day,Most Days,Some Days,5
Most Days,Most Days,Some Days,Never,5
Never,Every Day,Every Day,Some Days,4
Never,Some Days,Some Days,Most Days,7
Never,Never,Never,Every Day,7
Never,Never,Never,Every Day,7
Never,Never,Never,Every Day,6
Never,Never,Never,Some Days,8
Some Days,Never,Some Days,Some Days,7
Every Day,Every Day,Every Day,Never,6
Never,Most Days,Some Days,Every Day,8
Never,Never,Never,Every Day,6
Never,Never,Never,Every Day,8
Never,Never,Never,Most Days,7
Never,Most Days,Never,Every Day,7
Never,Some Days,Some Days,Some Days,5
Never,Never,Some Days,Some Days,8
Never,Some Days,Some Days,Never,7
Never,Never,Never,Most Days,6
Never,Some Days,Some Days,Some Days,6
Some Days,Some Days,Every Day,Some Days,7
Never,Never,Never,Some Days,10
Never,Never,Never,Most Days,7
Every Day,Every Day,Every Day,Most Days,8
Never,Never,Never,Never,7
Never,Some Days,Never,Some Days,7
Never,Some Days,Some Days,Some Days,7
Never,Never,Never,Every Day,7
Every Day,Most Days,Most Days,Never,6
Never,Never,Never,Every Day,9
Never,Never,Never,Some Days,8
Never,Never,Never,Every Day,7
Never,Some Days,Some Days,Some Days,6
Never,Never,Never,Some Days,7
Never,Some Days,Some Days,Some Days,6
Some Days,Never,Never,Most Days,9
Never,Never,Never,Every Day,7
Never,Some Days,Some Days,Most Days,7
Every Day,Most Days,Some Days,Most Days,7
Never,Never,Some Days,Every Day,8
Some Days,Never,Every Day,Some Days,6
Never,Every Day,Some Days,Most Days,8
Never,Most Days,Some Days,Never,4
Never,Never,Never,Most Days,7
Never,Some Days,Never,Every Day,7
Never,Every Day,Every Day,Never,8
Never,Never,Never,Most Days,8
Never,Never,Never,Most Days,7
Most Days,Every Day,Most Days,Some Days,5
Never,Some Days,Most Days,Some Days,10
Never,Some Days,Some Days,Every Day,7
Never,Never,Never,Most Days,6
Never,Some Days,Every Day,Some Days,8
Never,Never,Never,Most Days,6
Some Days,Never,Some Days,Some Days,9
Never,Never,Never,Every Day,7
Never,Never,Never,Most Days,6
Never,Never,Never,Every Day,8
Never,Never,Never,Most Days,8
Never,Never,Never,Every Day,7
Never,Some Days,Never,Some Days,7
Never,Never,Some Days,Some Days,9
Most Days,Most Days,Every Day,Some Days,5
Never,Every Day,Most Days,Some Days,7
Never,Never,Never,Every Day,8
Never,Never,Some Days,Most Days,8
Never,Never,Some Days,Most Days,10
Never,Some Days,Never,Some Days,7
Never,Never,Never,Most Days,8
Never,Never,Never,Most Days,8
Never,Some Days,Some Days,Some Days,8
Never,Never,Some Days,Every Day,14
Never,Never,Never,Every Day,8
Never,Never,Never,Every Day,6
Some Days,Some Days,Some Days,Some Days,6
Some Days,Some Days,Some Days,Some Days,8
Never,Some Days,Some Days,Most Days,8
Never,Never,Never,Some Days,6
Every Day,Never,Never,Every Day,8
Never,Never,Some Days,Some Days,6
Never,Never,Never,Some Days,5
Never,Never,Never,Every Day,7
Never,Never,Never,Most Days,7
Never,Never,Some Days,Most Days,8
Some Days,Most Days,Never,Some Days,5
Every Day,Most Days,Most Days,Some Days,6
Some Days,Some Days,Some Days,Most Days,6
Never,Some Days,Some Days,Some Days,4
Some Days,Some Days,Some Days,Some Days,6
Never,Never,Never,Most Days,8
Never,Some Days,Some Days,Some Days,6
Some Days,Some Days,Some Days,Most Days,7
Every Day,Some Days,Some Days,Most Days,7
Some Days,Some Days,Never,Most Days,7
Never,Never,Some Days,Most Days,8
Never,Some Days,Some Days,Some Days,7
Never,Every Day,Never,Most Days,6
Never,Never,Never,Most Days,7
Never,Never,Never,Most Days,7
Never,Never,Never,Most Days,8
Some Days,Every Day,Every Day,Some Days,6
Never,Some Days,Never,Most Days,10
Some Days,Most Days,Some Days,Some Days,7
Never,Never,Some Days,Most Days,8
Never,Some Days,Some Days,Most Days,8
Never,Never,Some Days,Most Days,8
Never,Never,Never,Some Days,8
Never,Every Day,Every Day,Never,6
Never,Some Days,Some Days,Most Days,7
Never,Never,Never,Every Day,9
Never,Never,Some Days,Most Days,8
Never,Never,Never,Every Day,8
Every Day,Never,Some Days,Most Days,7
Never,Some Days,Some Days,Most Days,6
Never,Never,Never,Some Days,4
Never,Some Days,Some Days,Never,6
Never,Never,Never,Every Day,8
Never,Never,Never,Every Day,9
Never,Some Days,Never,Most Days,7
Never,Never,Never,Every Day,10
Never,Never,Never,Never,8
Every Day,Every Day,Every Day,Never,8
Never,Never,Never,Most Days,8
Never,Most Days,Never,Some Days,9
Never,Some Days,Some Days,Some Days,4
Never,Every Day,Some Days,Never,5
Every Day,Most Days,Never,Some Days,6
Most Days,Most Days,Some Days,Some Days,7
Never,Never,Never,Every Day,8
Never,Never,Never,Every Day,8
Never,Never,Some Days,Every Day,7
Never,Some Days,Never,Most Days,7
Never,Most Days,Never,Most Days,6
Never,Most Days,Some Days,Never,5
Never,Never,Some Days,Every Day,8
Never,Never,Never,Most Days,4
Never,Never,Never,Most Days,9
Never,Never,Never,Most Days,6
Every Day,Every Day,Some Days,Some Days,6
Never,Every Day,Every Day,Never,7
Never,Never,Never,Most Days,7
Never,Never,Never,Most Days,5
Never,Most Days,Every Day,Some Days,6
Never,Every Day,Some Days,Every Day,8
Never,Never,Never,Some Days,6
Never,Never,Never,Every Day,8
Never,Some Days,Some Days,Never,5
Never,Never,Never,Most Days,8
Never,Some Days,Never,Most Days,6
Never,Some Days,Never,Some Days,7
Never,Some Days,Some Days,Some Days,8
Never,Never,Never,Every Day,8
Never,Never,Never,Most Days,7
Never,Never,Never,Most Days,8
Never,Never,Never,Every Day,8
Never,Never,Never,Most Days,8
Never,Never,Some Days,Some Days,8
Never,Never,Never,Most Days,7
Never,Never,Never,Most Days,8
Never,Every Day,Every Day,Some Days,4
Never,Never,Some Days,Most Days,7
Never,Some Days,Some Days,Most Days,7
Some Days,Some Days,Some Days,Every Day,9
Never,Some Days,Some Days,Most Days,9
Never,Never,Never,Most Days,8
Never,Most Days,Some Days,Some Days,6
Never,Never,Never,Every Day,7
Never,Some Days,Some Days,Most Days,8
Never,Some Days,Never,Most Days,7
Every Day,Every Day,Most Days,Some Days,6
Never,Never,Some Days,Most Days,8
Never,Never,Never,Every Day,7
Never,Some Days,Never,Some Days,6
Never,Never,Never,Some Days,6
Never,Some Days,Never,Most Days,7
Never,Never,Never,Every Day,6
Every Day,Every Day,Every Day,Never,4
Never,Never,Never,Some Days,13
Never,Some Days,Never,Most Days,8
Never,Every Day,Never,Most Days,8
Never,Never,Some Days,Some Days,8
Never,Some Days,Never,Never,7
Never,Never,Never,Never,11
Never,Never,Some Days,Some Days,6
Every Day,Some Days,Never,Some Days,6
Some Days,Every Day,Never,Most Days,10
Never,Some Days,Some Days,Never,6
Never,Never,Never,Most Days,7
Never,Never,Some Days,Most Days,7
Some Days,Some Days,Some Days,Most Days,9
Never,Some Days,Never,Most Days,7
Never,Never,Some Days,Some Days,6
Never,Some Days,Never,Most Days,7
Never,Never,Some Days,Every Day,7
Never,Some Days,Some Days,Most Days,8
Never,Never,Most Days,Most Days,8
Never,Some Days,Some Days,Most Days,6
Never,Some Days,Never,Most Days,6
Never,Some Days,Never,Most Days,8
Never,Never,Never,Most Days,7
Never,Some Days,Never,Most Days,8
Never,Some Days,Some Days,Most Days,7
Never,Never,Never,Most Days,7
Never,Every Day,Never,Some Days,7
Never,Most Days,Some Days,Some Days,7
Never,Never,Never,Most Days,7
Never,Most Days,Never,Most Days,10
Never,Never,Never,Most Days,8
Never,Never,Never,Most Days,8
Never,Never,Never,Every Day,7
Most Days,Some Days,Most Days,Some Days,7
Never,Never,Never,Most Days,9
Never,Never,Never,Most Days,8
Never,Some Days,Some Days,Some Days,6
Never,Some Days,Some Days,Most Days,8
Never,Some Days,Some Days,Some Days,8
Some Days,Some Days,Some Days,Most Days,7
Never,Never,Never,Most Days,9
Never,Some Days,Some Days,Most Days,8
Never,Never,Never,Never,6
Never,Some Days,Most Days,Some Days,5
Never,Never,Never,Most Days,8
Some Days,Some Days,Some Days,Some Days,8
Never,Some Days,Some Days,Most Days,8
Never,Most Days,Some Days,Most Days,7
Never,Some Days,Never,Most Days,8
Some Days,Some Days,Some Days,Most Days,9
Never,Most Days,Some Days,Some Days,8
Never,Never,Never,Most Days,8
Never,Never,Never,Most Days,6
Every Day,Every Day,Most Days,Most Days,7
Never,Some Days,Some Days,Most Days,8
Never,Some Days,Never,Most Days,7
Some Days,Never,Some Days,Most Days,8
Never,Some Days,Never,Every Day,10
Every Day,Never,Never,Most Days,9
Never,Some Days,Some Days,Most Days,5
Never,Never,Some Days,Some Days,6
Never,Some Days,Some Days,Most Days,7
Never,Some Days,Some Days,Most Days,8
Every Day,Never,Some Days,Some Days,8
Never,Some Days,Some Days,Most Days,7
Never,Some Days,Some Days,Most Days,6
Never,Every Day,Never,Some Days,10
Never,Every Day,Never,Never,7
Every Day,Some Days,Some Days,Most Days,8
Never,Never,Some Days,Some Days,6
Never,Some Days,Never,Most Days,8
Never,Never,Never,Most Days,8
Never,Never,Some Days,Most Days,8
Never,Every Day,Some Days,Most Days,7
Never,Some Days,Some Days,Some Days,5
Never,Every Day,Every Day,Never,5
Never,Never,Never,Most Days,8
Never,Never,Never,Most Days,7
Every Day,Never,Never,Some Days,7
Never,Never,Never,Most Days,8
Every Day,Every Day,Every Day,Never,3
Never,Every Day,Some Days,Some Days,6
Never,Never,Never,Some Days,6
Never,Never,Never,Most Days,5
Never,Never,Some Days,Most Days,7
Never,Never,Never,Most Days,8
Never,Never,Never,Most Days,7
Some Days,Every Day,Some Days,Some Days,5
Every Day,Every Day,Every Day,Never,4
Every Day,Some Days,Most Days,Some Days,8
Never,Never,Never,Most Days,8
Never,Some Days,Most Days,Some Days,7
Never,Some Days,Some Days,Most Days,7
Never,Some Days,Never,Most Days,7
Most Days,Never,Never,Never,10
Never,Never,Most Days,Some Days,7
Never,Most Days,Most Days,Most Days,8
Some Days,Never,Never,Most Days,7
Never,Some Days,Some Days,Never,8
Never,Most Days,Never,Some Days,7
Never,Some Days,Some Days,Most Days,7
Never,Most Days,Most Days,Some Days,5
Some Days,Some Days,Some Days,Most Days,8
Never,Never,Never,Most Days,9
Never,Never,Some Days,Some Days,7
Never,Some Days,Some Days,Some Days,7
Never,Some Days,Some Days,Some Days,6
Never,Never,Never,Every Day,8
Never,Some Days,Some Days,Most Days,7
Never,Never,Never,Some Days,8
Never,Never,Some Days,Most Days,8
Never,Never,Never,Some Days,7
Every Day,Never,Most Days,Most Days,9
Every Day,Never,Most Days,Some Days,10
Every Day,Every Day,Most Days,Some Days,4
Never,Never,Never,Never,6
Every Day,Never,Never,Some Days,6
Never,Never,Never,Most Days,8
Never,Some Days,Some Days,Most Days,10
Never,Some Days,Some Days,Most Days,8
Never,Most Days,Never,Most Days,6
Never,Some Days,Some Days,Most Days,8
Every Day,Some Days,Never,Most Days,8
Never,Never,Never,Most Days,6
Never,Never,Some Days,Most Days,8
Every Day,Most Days,Never,Some Days,5
Some Days,Every Day,Every Day,Never,5
Never,Every Day,Every Day,Most Days,8
Never,Never,Some Days,Most Days,8
Never,Never,Never,Most Days,8
Never,Some Days,Some Days,Most Days,8
Never,Never,Never,Most Days,6
Never,Most Days,Every Day,Every Day,6
Never,Never,Never,Most Days,7
Never,Never,Never,Most Days,8
Every Day,Never,Some Days,Most Days,6
Never,Some Days,Never,Every Day,8
Never,Never,Never,Every Day,9
Never,Never,Some Days,Most Days,7
Never,Some Days,Never,Most Days,8
Never,Never,Never,Most Days,8
Never,Some Days,Never,Every Day,9
Never,Never,Most Days,Some Days,6
Never,Never,Some Days,Some Days,6
Never,Every Day,Never,Never,4
Some Days,Some Days,Most Days,Some Days,12
Never,Never,Some Days,Some Days,8
Some Days,Some Days,Most Days,Some Days,6
Never,Every Day,Every Day,Never,3
Never,Most Days,Never,Some Days,6
Never,Never,Never,Some Days,6
Never,Never,Never,Every Day,6
Never,Some Days,Some Days,Most Days,8
Never,Some Days,Never,Most Days,6
Never,Every Day,Never,Never,6
Never,Most Days,Most Days,Some Days,4
Never,Never,Some Days,Most Days,8
Never,Most Days,Most Days,Some Days,10
Never,Most Days,Most Days,Some Days,6
Never,Most Days,Most Days,Most Days,8
Never,Never,Some Days,Some Days,9
Every Day,Some Days,Every Day,Some Days,5
Never,Never,Never,Most Days,4
Never,Never,Some Days,Some Days,6
Never,Never,Never,Most Days,9
Never,Some Days,Most Days,Never,8
Never,Some Days,Never,Some Days,8
Never,Every Day,Some Days,Never,9
Never,Never,Never,Every Day,9
Never,Some Days,Some Days,Some Days,7
Never,Never,Never,Most Days,8
Some Days,Never,Every Day,Never,4
Every Day,Never,Never,Every Day,8
Never,Never,Never,Every Day,7
Never,Some Days,Some Days,Most Days,8
Never,Some Days,Never,Most Days,8
Never,Never,Never,Most Days,6
Never,Some Days,Never,Most Days,8
Never,Most Days,Most Days,Some Days,6
Every Day,Every Day,Every Day,Some Days,5
Never,Never,Never,Every Day,4
Never,Most Days,Never,Some Days,5
Every Day,Never,Some Days,Most Days,8
Every Day,Some Days,Most Days,Some Days,6
Never,Some Days,Every Day,Some Days,4
Never,Never,Some Days,Most Days,7
Never,Never,Never,Every Day,9
Every Day,Some Days,Some Days,Some Days,6
Never,Some Days,Some Days,Most Days,9
Never,Some Days,Never,Most Days,7
Every Day,Some Days,Never,Most Days,6
Never,Never,Never,Most Days,8
Most Days,Most Days,Some Days,Some Days,7
Never,Some Days,Some Days,Most Days,8
Never,Never,Some Days,Some Days,8
Never,Some Days,Never,Some Days,7
Never,Never,Never,Every Day,9
Never,Never,Some Days,Some Days,7
Never,Never,Never,Most Days,7
Never,Never,Never,Every Day,8
Some Days,Never,Some Days,Some Days,8
Most Days,Never,Some Days,Most Days,8
Never,Some Days,Some Days,Most Days,6
Every Day,Never,Some Days,Most Days,8
Never,Some Days,Never,Most Days,7
Never,Every Day,Never,Most Days,9
Never,Every Day,Never,Most Days,6
Never,Never,Some Days,Most Days,8
Never,Never,Never,Most Days,7
Never,Never,Some Days,Some Days,7
Never,Never,Never,Most Days,7
Never,Every Day,Some Days,Never,8
Never,Some Days,Never,Most Days,7
Never,Some Days,Some Days,Most Days,6
Never,Some Days,Some Days,Some Days,7
Some Days,Never,Some Days,Most Days,6
Never,Some Days,Never,Most Days,8
Never,Never,Some Days,Most Days,5
Never,Never,Never,Every Day,7
Never,Never,Some Days,Every Day,12
Never,Most Days,Some Days,Some Days,5
Never,Never,Never,Every Day,7
Never,Some Days,Some Days,Most Days,8
Never,Some Days,Never,Most Days,8
Never,Some Days,Most Days,Some Days,5
Never,Some Days,Never,Most Days,7
Never,Never,Every Day,Never,7
Never,Never,Some Days,Most Days,8
Never,Never,Never,Some Days,7
Never,Never,Never,Some Days,8
Never,Never,Some Days,Most Days,8
Some Days,Some Days,Never,Most Days,8
Never,Some Days,Never,Never,7
Never,Some Days,Never,Most Days,9
Never,Some Days,Never,Some Days,7
Never,Some Days,Most Days,Some Days,7
Never,Never,Some Days,Some Days,9
Some Days,Never,Some Days,Some Days,7
Never,Every Day,Every Day,Some Days,8
Never,Never,Never,Some Days,7
Never,Every Day,Every Day,Every Day,3
Some Days,Most Days,Most Days,Some Days,6
Never,Some Days,Some Days,Some Days,7
Never,Some Days,Never,Most Days,8
Never,Most Days,Most Days,Some Days,5
Never,Never,Never,Most Days,6
Never,Never,Never,Most Days,9
Never,Never,Never,Some Days,10
Every Day,Never,Some Days,Most Days,8
Never,Never,Never,Every Day,7
Some Days,Most Days,Most Days,Never,5
Some Days,Never,Never,Most Days,7
Never,Never,Some Days,Most Days,7
Never,Never,Never,Some Days,8
Never,Every Day,Never,Some Days,5
Never,Most Days,Most Days,Most Days,7
Never,Never,Some Days,Most Days,8
Some Days,Some Days,Some Days,Most Days,8
Never,Some Days,Most Days,Most Days,6
Never,Some Days,Never,Every Day,7
Never,Never,Most Days,Most Days,6
Never,Most Days,Some Days,Most Days,6
Never,Some Days,Some Days,Never,7
Never,Some Days,Some Days,Some Days,7
Never,Never,Never,Never,7
Never,Never,Never,Some Days,7
Never,Some Days,Some Days,Some Days,7
Never,Never,Never,Some Days,7
Some Days,Most Days,Most Days,Never,7
Never,Never,Never,Most Days,7
Never,Some Days,Never,Every Day,6
Every Day,Most Days,Most Days,Some Days,9
Never,Some Days,Some Days,Some Days,8
Every Day,Never,Some Days,Most Days,7
Never,Some Days,Never,Every Day,9
Some Days,Most Days,Most Days,Some Days,7
Never,Most Days,Some Days,Some Days,6
Never,Some Days,Never,Most Days,9
Never,Never,Never,Every Day,10
Never,Never,Never,Most Days,7
Never,Every Day,Most Days,Never,6
Never,Most Days,Some Days,Some Days,5
Every Day,Some Days,Never,Most Days,8
Never,Never,Never,Some Days,9
Never,Every Day,Every Day,Never,8
Never,Never,Never,Some Days,6
Never,Some Days,Some Days,Most Days,7
Some Days,Never,Never,Most Days,7
Never,Never,Never,Every Day,12
Never,Some Days,Some Days,Some Days,5
Never,Every Day,Most Days,Some Days,6
Never,Some Days,Some Days,Some Days,6
Never,Never,Never,Every Day,7
Never,Some Days,Some Days,Some Days,8
Never,Never,Never,Most Days,8
Some Days,Never,Never,Every Day,7
Never,Some Days,Never,Never,8
Never,Most Days,Never,Most Days,8
Never,Never,Never,Every Day,8
Never,Some Days,Never,Most Days,8
Never,Never,Some Days,Most Days,7
Never,Never,Never,Most Days,8
Never,Some Days,Some Days,Most Days,10
Every Day,Never,Never,Every Day,7
Every Day,Never,Never,Some Days,7
Never,Never,Some Days,Every Day,7
Never,Never,Never,Most Days,7
Never,Some Days,Some Days,Some Days,6
Never,Some Days,Some Days,Some Days,8
Every Day,Some Days,Never,Every Day,7
Never,Never,Never,Never,8
Never,Never,Never,Every Day,8
Never,Never,Never,Some Days,7
Never,Never,Never,Most Days,9
Never,Never,Never,Some Days,5
Never,Never,Some Days,Some Days,5
Never,Never,Never,Every Day,6
Every Day,Every Day,Most Days,Most Days,7
Never,Some Days,Never,Most Days,8
Never,Every Day,Never,Every Day,6
Never,Never,Never,Most Days,8
Never,Never,Never,Never,7
Never,Never,Never,Some Days,7
Never,Some Days,Never,Most Days,6
Never,Some Days,Never,Some Days,6
Never,Some Days,Some Days,Some Days,6
Never,Never,Never,Every Day,7
Never,Never,Never,Most Days,7
Never,Never,Never,Every Day,7
Some Days,Most Days,Never,Some Days,7
Every Day,Never,Every Day,Never,8
Never,Every Day,Never,Never,5
Never,Every Day,Every Day,Never,4
Never,Never,Never,Most Days,8
Never,Never,Never,Most Days,8
Never,Some Days,Never,Most Days,8
Some Days,Most Days,Never,Some Days,7
Never,Never,Most Days,Some Days,8
Never,Never,Some Days,Most Days,7
Some Days,Never,Most Days,Some Days,9
Every Day,Some Days,Some Days,Most Days,8
Never,Never,Never,Every Day,7
Never,Never,Never,Most Days,7
Never,Never,Some Days,Some Days,8
Every Day,Some Days,Every Day,Never,5
Never,Some Days,Most Days,Most Days,7
Never,Some Days,Never,Some Days,7
Never,Some Days,Most Days,Some Days,7
Never,Never,Never,Most Days,8
Never,Never,Never,Every Day,8
Never,Some Days,Never,Most Days,6
Never,Some Days,Some Days,Some Days,5
Never,Never,Never,Most Days,8
Some Days,Never,Some Days,Never,9
Never,Never,Some Days,Most Days,7
Never,Some Days,Some Days,Some Days,6
Never,Every Day,Every Day,Never,8
Never,Never,Never,Most Days,7
Never,Never,Never,Most Days,8
Never,Never,Never,Most Days,7
Every Day,Every Day,Most Days,Some Days,6
Never,Never,Never,Most Days,6
Never,Never,Never,Every Day,6
Never,Every Day,Some Days,Some Days,6
Never,Never,Never,Most Days,8
Never,Every Day,Every Day,Some Days,5
Some Days,Some Days,Some Days,Some Days,8
Never,Never,Some Days,Most Days,8
Some Days,Never,Never,Some Days,7
Every Day,Some Days,Most Days,Some Days,10
Every Day,Some Days,Every Day,Never,4
Never,Some Days,Some Days,Every Day,6
Never,Never,Never,Never,8
Never,Never,Never,Every Day,8
Never,Never,Never,Some Days,6
Never,Never,Never,Every Day,9
Never,Never,Never,Never,8
Never,Never,Never,Every Day,8
Never,Most Days,Most Days,Never,6
Never,Never,Never,Every Day,7
Never,Some Days,Some Days,Most Days,8
Never,Never,Never,Every Day,8
Never,Some Days,Some Days,Some Days,8
Never,Never,Never,Most Days,8
Never,Never,Never,Most Days,7
Never,Some Days,Some Days,Most Days,7
Never,Some Days,Some Days,Most Days,7
Never,Never,Never,Most Days,7
Every Day,Never,Some Days,Most Days,7
Never,Most Days,Some Days,Some Days,7
Every Day,Never,Never,Every Day,8
Never,Most Days,Never,Some Days,6
Never,Never,Never,Most Days,7
Never,Some Days,Some Days,Some Days,8
Never,Never,Never,Most Days,7
Never,Some Days,Some Days,Most Days,8
Never,Never,Never,Most Days,8
Never,Never,Never,Every Day,8
Never,Never,Never,Some Days,6
Never,Some Days,Some Days,Most Days,7
Never,Every Day,Most Days,Some Days,6
Never,Some Days,Some Days,Most Days,6
Never,Some Days,Most Days,Some Days,5
Never,Never,Never,Every Day,8
Some Days,Most Days,Some Days,Most Days,7
Never,Some Days,Some Days,Never,6
Never,Never,Some Days,Most Days,8
Never,Never,Never,Most Days,7
Never,Never,Some Days,Most Days,8
Every Day,Most Days,Some Days,Some Days,5
Never,Some Days,Most Days,Never,7
Never,Never,Never,Some Days,7
Never,Never,Never,Every Day,7
Some Days,Never,Some Days,Most Days,7
Never,Never,Never,Most Days,7
Never,Some Days,Some Days,Most Days,7
Never,Never,Never,Every Day,7
Never,Never,Never,Most Days,8
Never,Never,Never,Most Days,8
Never,Never,Some Days,Most Days,6
Every Day,Some Days,Most Days,Some Days,7
Never,Some Days,Never,Never,8
Never,Never,Never,Most Days,7
Never,Never,Some Days,Most Days,6
Some Days,Some Days,Some Days,Most Days,9
Never,Some Days,Some Days,Most Days,7
Never,Never,Never,Most Days,7
Never,Never,Never,Every Day,9
Never,Never,Never,Most Days,7
Never,Never,Never,Some Days,8
Never,Some Days,Some Days,Some Days,7
Never,Never,Some Days,Every Day,8
Some Days,Most Days,Some Days,Some Days,5
Never,Never,Never,Every Day,9
Never,Never,Never,Some Days,7
Never,Never,Never,Some Days,7
Never,Some Days,Some Days,Most Days,5
Never,Never,Some Days,Most Days,8
Every Day,Some Days,Some Days,Some Days,7
Never,Every Day,Never,Some Days,6
Never,Most Days,Never,Most Days,6
Most Days,Some Days,Never,Some Days,7
Never,Some Days,Never,Most Days,8
Never,Never,Some Days,Most Days,6
Never,Never,Never,Some Days,8
Never,Never,Never,Every Day,8
Never,Never,Never,Most Days,7
Every Day,Never,Never,Most Days,9
Never,Most Days,Every Day,Most Days,6
Some Days,Never,Most Days,Never,7
Never,Never,Some Days,Some Days,7
Most Days,Most Days,Most Days,Never,9
Never,Some Days,Never,Some Days,6
Never,Some Days,Never,Some Days,8
Never,Never,Never,Every Day,8
Never,Never,Never,Most Days,8
Never,Never,Never,Most Days,7
Never,Never,Never,Most Days,6
Never,Some Days,Never,Most Days,7
Never,Some Days,Most Days,Some Days,6
Never,Never,Never,Most Days,7
Never,Most Days,Never,Most Days,6
Never,Never,Never,Every Day,8
Never,Some Days,Some Days,Every Day,7
Never,Never,Some Days,Never,6
Never,Never,Never,Some Days,7
Never,Every Day,Every Day,Never,2
Every Day,Every Day,Most Days,Never,5
Never,Never,Never,Every Day,8
Never,Never,Some Days,Most Days,7
Never,Never,Never,Most Days,6
Some Days,Never,Some Days,Some Days,6
Some Days,Some Days,Some Days,Some Days,7
Never,Never,Never,Most Days,7
Never,Some Days,Never,Some Days,7
Some Days,Some Days,Never,Some Days,5
Never,Some Days,Never,Every Day,7
Never,Never,Some Days,Every Day,6
Every Day,Every Day,Never,Most Days,6
Never,Never,Never,Most Days,7
Never,Some Days,Some Days,Some Days,7
Never,Most Days,Most Days,Some Days,7
Never,Never,Never,Every Day,6
Never,Never,Most Days,Never,8
Never,Some Days,Some Days,Every Day,8
Never,Most Days,Some Days,Some Days,6
Never,Never,Some Days,Some Days,7
Every Day,Every Day,Most Days,Most Days,6
Never,Never,Never,Every Day,7
Never,Never,Never,Most Days,7
Never,Never,Never,Most Days,8
Never,Some Days,Some Days,Most Days,7
Never,Some Days,Some Days,Some Days,8
Never,Never,Never,Every Day,9
Never,Some Days,Never,Most Days,8
Never,Never,Never,Some Days,7
Never,Never,Never,Most Days,9
Never,Never,Never,Some Days,6
Never,Some Days,Some Days,Some Days,8
Every Day,Some Days,Some Days,Most Days,7
Most Days,Some Days,Some Days,Most Days,7
Never,Never,Never,Some Days,6
Never,Some Days,Never,Every Day,7
Never,Never,Never,Most Days,6
Never,Never,Every Day,Never,7
Never,Never,Never,Every Day,7
Some Days,Never,Some Days,Some Days,8
Never,Some Days,Some Days,Most Days,7
Never,Most Days,Never,Every Day,8
Never,Never,Never,Every Day,6
Every Day,Most Days,Some Days,Some Days,5
Some Days,Every Day,Every Day,Some Days,8
Never,Some Days,Some Days,Never,6
Never,Never,Some Days,Some Days,6
Never,Never,Never,Every Day,8
Never,Some Days,Never,Some Days,7
Never,Never,Most Days,Every Day,10
Never,Some Days,Never,Every Day,8
Some Days,Never,Never,Every Day,8
Never,Some Days,Never,Some Days,6
Never,Never,Some Days,Most Days,8
Never,Some Days,Never,Some Days,6
Never,Never,Never,Most Days,8
Never,Never,Never,Every Day,8
Never,Never,Most Days,Most Days,7
Some Days,Some Days,Never,Most Days,10
Never,Never,Some Days,Most Days,7
Some Days,Never,Some Days,Most Days,7
Never,Never,Some Days,Every Day,8
Never,Never,Never,Every Day,9
Never,Every Day,Never,Some Days,7
Never,Some Days,Some Days,Every Day,10
Every Day,Never,Never,Every Day,8
Never,Never,Never,Most Days,6
Never,Every Day,Every Day,Every Day,6
Never,Some Days,Some Days,Most Days,7
Every Day,Most Days,Most Days,Some Days,6
Never,Some Days,Some Days,Most Days,8
Never,Never,Never,Every Day,9
Never,Never,Never,Every Day,8
Never,Never,Never,Every Day,8
Never,Some Days,Some Days,Some Days,6
Never,Never,Never,Some Days,7
Never,Never,Most Days,Most Days,8
Some Days,Never,Never,Every Day,6
Never,Never,Never,Most Days,7
Never,Some Days,Some Days,Most Days,7
Never,Some Days,Some Days,Most Days,7
Never,Some Days,Some Days,Most Days,7
Never,Some Days,Some Days,Some Days,7
Never,Some Days,Some Days,Most Days,8
Never,Some Days,Never,Some Days,7
Never,Never,Never,Every Day,7
Never,Never,Never,Some Days,7
Never,Never,Never,Every Day,8
Never,Never,Never,Some Days,7
Some Days,Never,Never,Most Days,9
Never,Every Day,Every Day,Never,4
Never,Never,Some Days,Most Days,6
Never,Most Days,Never,Most Days,9
Never,Never,Never,Every Day,8
Never,Never,Never,Every Day,8
Some Days,Most Days,Most Days,Never,7
Never,Most Days,Some Days,Some Days,7
Every Day,Some Days,Never,Most Days,7
Never,Some Days,Some Days,Some Days,5
Never,Never,Never,Most Days,7
Every Day,Some Days,Never,Most Days,8
Never,Never,Never,Every Day,7
Never,Never,Never,Every Day,8
Never,Never,Never,Most Days,7
Never,Some Days,Some Days,Most Days,8
Never,Some Days,Some Days,Most Days,8
Never,Some Days,Some Days,Most Days,9
Never,Never,Never,Every Day,7
Never,Some Days,Some Days,Some Days,8
Never,Never,Never,Most Days,7
Never,Some Days,Some Days,Most Days,6
Some Days,Most Days,Every Day,Some Days,4
Never,Some Days,Some Days,Some Days,6
Never,Never,Never,Most Days,12
Some Days,Most Days,Some Days,Some Days,5
Never,Never,Never,Most Days,8
Never,Some Days,Some Days,Some Days,7
Never,Most Days,Some Days,Most Days,8
Some Days,Some Days,Most Days,Some Days,7
Never,Never,Never,Most Days,9
Some Days,Some Days,Some Days,Most Days,8
Never,Never,Never,Every Day,8
Never,Never,Never,Most Days,7
Never,Never,Some Days,Most Days,7
Never,Never,Never,Most Days,6
Every Day,Never,Never,Most Days,8
Some Days,Some Days,Some Days,Some Days,7
Never,Never,Never,Every Day,8
Never,Never,Most Days,Never,5
Never,Never,Some Days,Most Days,10
Never,Never,Never,Every Day,10
Never,Never,Some Days,Most Days,9
Some Days,Never,Some Days,Some Days,9
Never,Never,Never,Every Day,8
Never,Never,Never,Every Day,9
Never,Never,Never,Every Day,8
Never,Never,Never,Most Days,7
Never,Some Days,Some Days,Some Days,7
Never,Never,Never,Every Day,8
Never,Some Days,Never,Most Days,7
Never,Some Days,Never,Most Days,6
Never,Never,Never,Every Day,10
Never,Never,Never,Every Day,7
Never,Some Days,Some Days,Most Days,7
Never,Never,Never,Every Day,8
Never,Never,Never,Some Days,6
Never,Never,Some Days,Some Days,7
Every Day,Every Day,Every Day,Some Days,7
Never,Some Days,Some Days,Some Days,8
Never,Most Days,Every Day,Some Days,6
Never,Never,Never,Every Day,7
Never,Never,Never,Some Days,7
Most Days,Some Days,Some Days,Most Days,8
Never,Every Day,Some Days,Some Days,5
Never,Some Days,Some Days,Most Days,8
Never,Some Days,Some Days,Most Days,8
Never,Some Days,Some Days,Some Days,6
Never,Never,Never,Every Day,8
Never,Every Day,Every Day,Never,5
Never,Some Days,Never,Some Days,7
Every Day,Most Days,Some Days,Most Days,7
Some Days,Some Days,Never,Most Days,6
Never,Some Days,Some Days,Some Days,6
Never,Some Days,Never,Some Days,7
Never,Never,Some Days,Some Days,7
Never,Never,Never,Most Days,6
Never,Never,Never,Most Days,7
Never,Most Days,Most Days,Some Days,7
Every Day,Never,Some Days,Some Days,8
Never,Some Days,Some Days,Some Days,8
Some Days,Never,Some Days,Most Days,6
Every Day,Never,Some Days,Never,8
Never,Never,Never,Most Days,6
Never,Never,Some Days,Most Days,7
Never,Never,Never,Most Days,7
Never,Most Days,Never,Some Days,6
Never,Never,Never,Most Days,9
Never,Some Days,Some Days,Most Days,8
Never,Never,Never,Most Days,8
Never,Never,Never,Never,8
Some Days,Most Days,Every Day,Some Days,7
Some Days,Some Days,Never,Some Days,8
Never,Never,Some Days,Most Days,7
Never,Some Days,Most Days,Some Days,6
Some Days,Some Days,Never,Most Days,8
Never,Some Days,Never,Some Days,7
Every Day,Some Days,Some Days,Most Days,8
Most Days,Never,Most Days,Most Days,6
Never,Some Days,Some Days,Most Days,7
Never,Never,Some Days,Most Days,8
Every Day,Some Days,Never,Most Days,8
Never,Some Days,Some Days,Most Days,7
Every Day,Every Day,Some Days,Never,8
Never,Never,Never,Most Days,7
Never,Some Days,Never,Most Days,7
Never,Every Day,Never,Never,4
Never,Some Days,Some Days,Every Day,8
Never,Never,Never,Every Day,7
Never,Never,Some Days,Most Days,7
Never,Never,Never,Every Day,8
Never,Some Days,Never,Every Day,7
Some Days,Some Days,Some Days,Some Days,10
Never,Some Days,Some Days,Most Days,8
Never,Never,Never,Most Days,6
Never,Some Days,Some Days,Some Days,6
Never,Never,Never,Every Day,9
Never,Never,Some Days,Some Days,7
Never,Never,Never,Every Day,8
Never,Never,Never,Every Day,7
Never,Never,Never,Some Days,8
Never,Never,Never,Most Days,7
Every Day,Some Days,Never,Most Days,7
Never,Never,Never,Most Days,9
Some Days,Never,Never,Some Days,6
Never,Never,Never,Most Days,8
Never,Never,Never,Every Day,7
Never,Never,Never,Every Day,8
Never,Never,Never,Some Days,6
Never,Never,Never,Most Days,8
Never,Every Day,Never,Never,8
Never,Some Days,Some Days,Most Days,8
Never,Never,Never,Most Days,8
Never,Some Days,Some Days,Some Days,9
Every Day,Never,Never,Most Days,9
Never,Some Days,Some Days,Some Days,7
Never,Some Days,Some Days,Some Days,6
Some Days,Never,Never,Every Day,7
Never,Some Days,Never,Most Days,7
Some Days,Never,Some Days,Some Days,5
Never,Some Days,Some Days,Some Days,7
Some Days,Some Days,Some Days,Every Day,8
Never,Some Days,Some Days,Most Days,7
Never,Most Days,Most Days,Some Days,5
Never,Never,Never,Most Days,7
Some Days,Never,Most Days,Some Days,6
Never,Never,Never,Every Day,7
Never,Never,Never,Some Days,7
Never,Every Day,Never,Never,2
Never,Never,Never,Never,6
Never,Never,Some Days,Most Days,12
Never,Never,Some Days,Some Days,12
Some Days,Some Days,Some Days,Most Days,8
Never,Most Days,Some Days,Most Days,7
Never,Some Days,Some Days,Some Days,7
Never,Never,Never,Most Days,8
Every Day,Some Days,Some Days,Some Days,7
Never,Every Day,Every Day,Never,1
Never,Never,Some Days,Most Days,10
Never,Some Days,Never,Most Days,7
Never,Never,Some Days,Some Days,6
Never,Never,Never,Most Days,7
Never,Never,Never,Some Days,7
Never,Some Days,Some Days,Most Days,6
Every Day,Some Days,Some Days,Some Days,8
Some Days,Never,Never,Most Days,7
Never,Never,Never,Most Days,7
Never,Some Days,Never,Every Day,7
Every Day,Every Day,Every Day,Never,5
Most Days,Every Day,Every Day,Never,4
Never,Most Days,Most Days,Some Days,5
Some Days,Every Day,Never,Never,8
Never,Most Days,Most Days,Never,6
Never,Never,Never,Most Days,6
Never,Some Days,Some Days,Most Days,8
Never,Never,Never,Most Days,7
Never,Never,Never,Most Days,6
Never,Never,Never,Most Days,7
Never,Never,Never,Most Days,8
Never,Never,Never,Some Days,8
Never,Never,Never,Every Day,8
Some Days,Some Days,Some Days,Some Days,7
Never,Never,Never,Every Day,8
Never,Most Days,Most Days,Never,6
Never,Never,Never,Most Days,6
Never,Never,Never,Most Days,9
Never,Never,Never,Most Days,7
Never,Some Days,Never,Most Days,7
Never,Never,Never,Every Day,8
Never,Some Days,Some Days,Most Days,8
Never,Some Days,Some Days,Some Days,7
Never,Never,Never,Every Day,8
Every Day,Never,Every Day,Some Days,7
Never,Most Days,Some Days,Some Days,6
Never,Never,Never,Some Days,7
Some Days,Never,Most Days,Some Days,7
Never,Never,Never,Every Day,8
Never,Never,Never,Most Days,7
Some Days,Some Days,Some Days,Some Days,8
Never,Never,Some Days,Most Days,7
Never,Never,Never,Every Day,7
Never,Never,Never,Every Day,8
Never,Every Day,Every Day,Never,13
Never,Every Day,Some Days,Most Days,10
Every Day,Never,Never,Most Days,7
Some Days,Never,Some Days,Some Days,6
Never,Some Days,Some Days,Most Days,8
Never,Some Days,Never,Some Days,8
Some Days,Some Days,Some Days,Most Days,7
Never,Never,Never,Most Days,7
Never,Never,Never,Most Days,8
Never,Some Days,Never,Every Day,7
Never,Never,Never,Most Days,6
Never,Never,Never,Never,8
Some Days,Most Days,Never,Some Days,7
Never,Most Days,Never,Some Days,5
Some Days,Some Days,Some Days,Never,5
Never,Never,Never,Most Days,8
Never,Every Day,Never,Most Days,7
Never,Never,Never,Most Days,8
Most Days,Some Days,Most Days,Most Days,8
Some Days,Some Days,Never,Some Days,7
Most Days,Never,Some Days,Some Days,5
Never,Never,Never,Most Days,8
Every Day,Some Days,Every Day,Some Days,8
Never,Never,Some Days,Most Days,8
Never,Every Day,Every Day,Some Days,5
Never,Never,Never,Every Day,6
Never,Every Day,Never,Never,5
Never,Never,Never,Never,6
Never,Every Day,Never,Some Days,6
Never,Some Days,Some Days,Some Days,6
Never,Never,Never,Most Days,8
Never,Never,Never,Every Day,6
Never,Never,Never,Never,6
Never,Never,Never,Every Day,6
Never,Never,Never,Every Day,7
Never,Some Days,Some Days,Most Days,7
Never,Some Days,Some Days,Most Days,7
Never,Never,Some Days,Every Day,8
Some Days,Every Day,Every Day,Some Days,5
Some Days,Some Days,Some Days,Some Days,6
Never,Every Day,Never,Some Days,6
Some Days,Some Days,Some Days,Some Days,8
Never,Some Days,Some Days,Some Days,8
Every Day,Never,Most Days,Some Days,5
Never,Never,Never,Never,7
Never,Never,Never,Every Day,7
Never,Never,Never,Most Days,8
Never,Some Days,Some Days,Some Days,8
Never,Some Days,Some Days,Some Days,7
Never,Never,Never,Some Days,7
Never,Never,Never,Some Days,7
Never,Some Days,Some Days,Some Days,8
Never,Never,Never,Some Days,8
Never,Never,Never,Never,6
Most Days,Most Days,Most Days,Some Days,5
Every Day,Some Days,Some Days,Some Days,8
Never,Never,Never,Most Days,6
Every Day,Never,Every Day,Never,6
Never,Some Days,Some Days,Some Days,8
Some Days,Never,Never,Every Day,9
Never,Most Days,Some Days,Some Days,6
Never,Never,Never,Every Day,7
Most Days,Most Days,Most Days,Some Days,7
Never,Some Days,Most Days,Most Days,6
Never,Some Days,Most Days,Some Days,5
Some Days,Every Day,Some Days,Never,7
Never,Some Days,Never,Some Days,5
Never,Some Days,Never,Most Days,6
Never,Never,Never,Never,7
Never,Never,Never,Most Days,6
Never,Some Days,Some Days,Most Days,8
Some Days,Never,Some Days,Some Days,7
Never,Most Days,Some Days,Most Days,6
Never,Never,Never,Most Days,8
Every Day,Every Day,Never,Most Days,7
Never,Never,Never,Every Day,8
Never,Never,Never,Some Days,7
Never,Some Days,Most Days,Most Days,6
Never,Never,Never,Most Days,7
Never,Some Days,Some Days,Some Days,7
Never,Never,Never,Every Day,8
Most Days,Every Day,Every Day,Never,5
Never,Never,Never,Most Days,8
Never,Never,Never,Most Days,8
Never,Never,Never,Most Days,8
Never,Some Days,Never,Some Days,7
Never,Never,Never,Every Day,7
Never,Never,Never,Every Day,8
Never,Never,Never,Most Days,6
Never,Never,Never,Every Day,9
Never,Never,Some Days,Some Days,7
Some Days,Some Days,Some Days,Most Days,8
Never,Never,Never,Most Days,7
Never,Most Days,Never,Never,8
Never,Some Days,Never,Most Days,5
Never,Some Days,Some Days,Most Days,6
Never,Some Days,Never,Most Days,6
Never,Some Days,Some Days,Every Day,8
Never,Some Days,Some Days,Most Days,8
Never,Never,Never,Most Days,6
Never,Some Days,Some Days,Most Days,7
Every Day,Some Days,Never,Most Days,8
Never,Most Days,Some Days,Every Day,7
Never,Never,Some Days,Most Days,8
Never,Never,Never,Every Day,7
Some Days,Some Days,Some Days,Some Days,7
Never,Never,Never,Most Days,7
Never,Never,Never,Never,7
Never,Never,Never,Every Day,8
Some Days,Most Days,Some Days,Some Days,8
Every Day,Some Days,Most Days,Most Days,6
Some Days,Most Days,Some Days,Some Days,6
Some Days,Some Days,Most Days,Most Days,8
Never,Some Days,Never,Most Days,8
Never,Never,Never,Most Days,8
Every Day,Every Day,Every Day,Some Days,6
Some Days,Some Days,Some Days,Most Days,7
Never,Never,Never,Some Days,6
Never,Never,Never,Most Days,7
Some Days,Some Days,Some Days,Every Day,10
Never,Every Day,Every Day,Some Days,3
Never,Some Days,Some Days,Most Days,8
Never,Never,Some Days,Every Day,8
Never,Every Day,Some Days,Never,9
Never,Some Days,Some Days,Most Days,6
Never,Some Days,Some Days,Some Days,6
Never,Some Days,Never,Most Days,7
Never,Every Day,Every Day,Never,4
Never,Every Day,Every Day,Every Day,7
Never,Some Days,Some Days,Some Days,6
Never,Never,Never,Every Day,9
Never,Never,Some Days,Most Days,7
Never,Some Days,Most Days,Most Days,8
Never,Never,Never,Most Days,7
Never,Never,Never,Most Days,8
Some Days,Most Days,Most Days,Most Days,7
Never,Most Days,Every Day,Never,5
Never,Some Days,Most Days,Some Days,7
Never,Never,Never,Most Days,6
Never,Some Days,Some Days,Most Days,5
Never,Every Day,Never,Never,6
Never,Never,Never,Every Day,7
Never,Every Day,Most Days,Every Day,8
Never,Never,Never,Every Day,8
Never,Every Day,Every Day,Some Days,6
Most Days,Most Days,Every Day,Some Days,6
Never,Some Days,Some Days,Some Days,6
Never,Never,Never,Every Day,5
Every Day,Never,Never,Every Day,6
Never,Never,Never,Some Days,5
Never,Never,Never,Most Days,9
Never,Never,Never,Most Days,6
Some Days,Some Days,Some Days,Some Days,8
Never,Never,Some Days,Some Days,6
Never,Some Days,Never,Some Days,7
Never,Never,Never,Most Days,8
Never,Never,Never,Most Days,8
Every Day,Some Days,Never,Most Days,7
Never,Every Day,Some Days,Most Days,7
Most Days,Never,Never,Every Day,8
Never,Never,Never,Every Day,9
Every Day,Never,Every Day,Never,6
Never,Some Days,Never,Every Day,6
Never,Never,Some Days,Most Days,8
Never,Some Days,Most Days,Every Day,8
Never,Some Days,Never,Every Day,8
Never,Never,Some Days,Most Days,8
Never,Never,Never,Most Days,7
Some Days,Some Days,Some Days,Every Day,8
Never,Never,Some Days,Some Days,6
Never,Never,Never,Every Day,8
Never,Never,Never,Most Days,7
Never,Never,Never,Most Days,7
Never,Some Days,Some Days,Some Days,10
Never,Every Day,Every Day,Some Days,6
Never,Never,Some Days,Never,4
Never,Some Days,Never,Most Days,6
Never,Never,Never,Most Days,8
Never,Most Days,Never,Most Days,8
Never,Never,Never,Most Days,8
Never,Some Days,Some Days,Most Days,8
Never,Every Day,Every Day,Never,5
Most Days,Some Days,Some Days,Some Days,7
Every Day,Some Days,Never,Some Days,8
Never,Never,Some Days,Some Days,6
Every Day,Some Days,Some Days,Most Days,6
Never,Never,Never,Most Days,7
Every Day,Never,Some Days,Most Days,7
Most Days,Some Days,Most Days,Some Days,6
Never,Never,Never,Most Days,7
Never,Never,Some Days,Most Days,8
Never,Some Days,Most Days,Some Days,7
Some Days,Some Days,Never,Never,6
Never,Most Days,Most Days,Some Days,7
Every Day,Every Day,Every Day,Some Days,5
Never,Most Days,Most Days,Some Days,8
Never,Never,Never,Never,8
Never,Most Days,Never,Every Day,8
Never,Never,Never,Most Days,7
Never,Never,Never,Most Days,9
Never,Never,Never,Every Day,7
Never,Never,Never,Most Days,7
Never,Never,Never,Most Days,8
Never,Never,Some Days,Most Days,6
Never,Never,Never,Every Day,8
Never,Never,Never,Most Days,8
Never,Most Days,Every Day,Some Days,6
Never,Never,Some Days,Most Days,9
Never,Never,Never,Every Day,8
Some Days,Never,Some Days,Most Days,8
Never,Never,Some Days,Most Days,7
Never,Never,Never,Most Days,8
Every Day,Every Day,Every Day,Never,5
Never,Every Day,Never,Some Days,7
Never,Most Days,Never,Most Days,8
Never,Never,Never,Most Days,7
Never,Never,Never,Some Days,7
Never,Every Day,Never,Most Days,6
Never,Never,Some Days,Most Days,7
Never,Never,Never,Every Day,6
Never,Never,Some Days,Some Days,7
Never,Some Days,Some Days,Some Days,6
Never,Never,Never,Most Days,7
Never,Never,Some Days,Some Days,8
Never,Some Days,Some Days,Most Days,7
Every Day,Most Days,Most Days,Some Days,5
Every Day,Some Days,Some Days,Some Days,8
Every Day,Some Days,Never,Never,8
Never,Some Days,Some Days,Some Days,5
Never,Never,Never,Most Days,6
Every Day,Never,Never,Every Day,12
Never,Never,Never,Most Days,7
Never,Never,Never,Every Day,8
Never,Never,Never,Never,8
Never,Never,Never,Every Day,8
Every Day,Some Days,Some Days,Most Days,7
Never,Never,Some Days,Most Days,6
Never,Most Days,Some Days,Most Days,6
Never,Most Days,Never,Some Days,6
Never,Most Days,Some Days,Some Days,6
Never,Some Days,Some Days,Some Days,8
Never,Never,Never,Most Days,7
Some Days,Some Days,Some Days,Some Days,7
Never,Every Day,Never,Never,5
Never,Never,Never,Most Days,8
Never,Never,Never,Some Days,7
Never,Never,Never,Never,8
Never,Every Day,Never,Most Days,7
Never,Some Days,Never,Most Days,7
Never,Some Days,Some Days,Some Days,8
Never,Some Days,Never,Most Days,8
Never,Never,Some Days,Some Days,7
Never,Most Days,Never,Never,5
Never,Never,Never,Most Days,7
Never,Every Day,Never,Every Day,8
Never,Every Day,Never,Most Days,7
Never,Never,Never,Every Day,8
Never,Most Days,Most Days,Most Days,8
Never,Some Days,Some Days,Some Days,6
Never,Some Days,Never,Most Days,7
Never,Some Days,Never,Most Days,8
Some Days,Some Days,Some Days,Most Days,7
Never,Never,Never,Most Days,7
Never,Never,Most Days,Most Days,8
Never,Never,Never,Most Days,6
Never,Never,Never,Most Days,6
Never,Never,Some Days,Most Days,7
Every Day,Never,Never,Most Days,8
Never,Most Days,Never,Most Days,6
Never,Some Days,Never,Some Days,9
Never,Some Days,Never,Most Days,5
Some Days,Some Days,Every Day,Most Days,5
Every Day,Every Day,Every Day,Most Days,6
Never,Never,Some Days,Some Days,6
Some Days,Every Day,Some Days,Some Days,5
Never,Some Days,Some Days,Every Day,5
Never,Never,Some Days,Some Days,5
Never,Some Days,Some Days,Most Days,8
Never,Most Days,Never,Some Days,6
Never,Never,Some Days,Some Days,7
Never,Never,Never,Most Days,8
Never,Never,Never,Some Days,7
Never,Never,Never,Most Days,7
Never,Some Days,Never,Most Days,8
Never,Never,Some Days,Most Days,9
Never,Most Days,Some Days,Some Days,8
Never,Never,Some Days,Most Days,7
Never,Some Days,Some Days,Most Days,8
Never,Never,Some Days,Most Days,7
Never,Some Days,Never,Most Days,8
Never,Every Day,Most Days,Never,6
Never,Never,Never,Most Days,7
Every Day,Every Day,Every Day,Never,4
Never,Some Days,Never,Most Days,7
Never,Some Days,Never,Most Days,9
Never,Some Days,Never,Some Days,7
Never,Some Days,Never,Most Days,7
Some Days,Never,Never,Most Days,8
Never,Every Day,Some Days,Most Days,9
Never,Every Day,Most Days,Some Days,8
Every Day,Some Days,Every Day,Never,6
Every Day,Some Days,Some Days,Most Days,8
Never,Never,Never,Every Day,8
Never,Every Day,Every Day,Every Day,7
Never,Some Days,Some Days,Every Day,8
Some Days,Some Days,Some Days,Most Days,7
Never,Some Days,Some Days,Some Days,7
Never,Never,Some Days,Every Day,8
Never,Some Days,Never,Some Days,7
Never,Never,Never,Never,7
Some Days,Never,Some Days,Some Days,8
Never,Most Days,Never,Some Days,6
Never,Some Days,Never,Most Days,7
Never,Never,Never,Most Days,8
Some Days,Never,Some Days,Most Days,8
Never,Never,Some Days,Most Days,8
Never,Never,Never,Every Day,8
Never,Some Days,Some Days,Most Days,8
Never,Some Days,Never,Every Day,7
Every Day,Some Days,Some Days,Never,6
Never,Most Days,Most Days,Some Days,5
Never,Every Day,Never,Some Days,7
Never,Never,Some Days,Every Day,8
Never,Never,Some Days,Most Days,7
Never,Most Days,Never,Most Days,7
Every Day,Every Day,Every Day,Never,4
Never,Never,Never,Never,8
Never,Some Days,Some Days,Some Days,7
Some Days,Most Days,Every Day,Never,6
Never,Some Days,Some Days,Most Days,7
Never,Never,Never,Every Day,9
Every Day,Most Days,Most Days,Never,12
Never,Never,Never,Every Day,7
Some Days,Some Days,Some Days,Some Days,6
Some Days,Never,Some Days,Some Days,6
Most Days,Never,Never,Some Days,8
Some Days,Never,Some Days,Most Days,8
Never,Never,Some Days,Most Days,6
Never,Every Day,Most Days,Most Days,7
Never,Never,Some Days,Most Days,7
Never,Some Days,Some Days,Most Days,8
Never,Some Days,Some Days,Some Days,7
Some Days,Some Days,Never,Most Days,6
Every Day,Never,Some Days,Most Days,7
Never,Never,Some Days,Some Days,5
Never,Some Days,Some Days,Most Days,7
Never,Never,Some Days,Never,15
Never,Never,Never,Every Day,6
Never,Never,Never,Some Days,8
Never,Most Days,Never,Every Day,8
Never,Never,Never,Every Day,9
Never,Never,Never,Most Days,8
Never,Some Days,Some Days,Never,7
Never,Never,Never,Some Days,5
Some Days,Some Days,Some Days,Most Days,3
Some Days,Some Days,Some Days,Some Days,9
Never,Some Days,Most Days,Most Days,8
Never,Most Days,Some Days,Most Days,8
Never,Most Days,Some Days,Most Days,7
Never,Never,Never,Most Days,8
Never,Never,Never,Most Days,8
Never,Never,Some Days,Most Days,8
Never,Never,Never,Most Days,8
Never,Some Days,Some Days,Most Days,8
Never,Never,Some Days,Most Days,6
Never,Never,Never,Never,6
Never,Some Days,Some Days,Most Days,7
Never,Never,Never,Most Days,8
Never,Never,Never,Never,6
Most Days,Most Days,Most Days,Some Days,6
Never,Some Days,Most Days,Most Days,7
Never,Every Day,Never,Every Day,12
Never,Some Days,Some Days,Some Days,8
Some Days,Some Days,Some Days,Some Days,6
Never,Some Days,Some Days,Some Days,8
Never,Some Days,Never,Most Days,8
Some Days,Never,Never,Most Days,8
Never,Never,Never,Every Day,8
Never,Some Days,Some Days,Most Days,7
Some Days,Every Day,Every Day,Some Days,4
Never,Never,Never,Some Days,6
Never,Some Days,Never,Never,8
Never,Most Days,Never,Most Days,7
Never,Every Day,Some Days,Most Days,7
Never,Every Day,Some Days,Some Days,8
Never,Never,Never,Some Days,6
Never,Some Days,Never,Most Days,7
Never,Every Day,Never,Some Days,6
Never,Some Days,Some Days,Some Days,8
Never,Never,Never,Most Days,7
Never,Never,Some Days,Some Days,8
Never,Never,Never,Some Days,8
Never,Never,Never,Some Days,7
Never,Never,Never,Most Days,7
Never,Some Days,Every Day,Most Days,5
Never,Never,Never,Most Days,8
Every Day,Every Day,Every Day,Never,1
Most Days,Some Days,Some Days,Some Days,7
Never,Every Day,Never,Some Days,12
Some Days,Some Days,Some Days,Some Days,7
Never,Never,Some Days,Most Days,7
Never,Never,Never,Some Days,7
Never,Never,Never,Every Day,8
Never,Never,Some Days,Most Days,8
Some Days,Most Days,Most Days,Never,4
Never,Never,Never,Most Days,8
Never,Never,Never,Most Days,7
Every Day,Never,Never,Never,7
Never,Every Day,Never,Most Days,8
Never,Some Days,Never,Some Days,7
Never,Some Days,Most Days,Some Days,5
Never,Some Days,Some Days,Most Days,8
Never,Some Days,Some Days,Most Days,7
Never,Some Days,Never,Most Days,7
Every Day,Never,Never,Some Days,9
Never,Some Days,Never,Most Days,9
Never,Some Days,Most Days,Some Days,6
Never,Never,Some Days,Some Days,7
Never,Most Days,Most Days,Some Days,6
Never,Some Days,Never,Most Days,7
Never,Never,Never,Most Days,8
Some Days,Never,Never,Some Days,8
Never,Never,Never,Every Day,7
Never,Never,Never,Most Days,8
Never,Some Days,Never,Most Days,7
Never,Some Days,Some Days,Most Days,7
Never,Never,Some Days,Most Days,8
Every Day,Most Days,Most Days,Most Days,8
Never,Never,Never,Most Days,8
Never,Some Days,Never,Never,6
Never,Some Days,Most Days,Some Days,6
Never,Most Days,Never,Some Days,5
Never,Never,Never,Every Day,7
Never,Some Days,Some Days,Some Days,6
Some Days,Some Days,Some Days,Most Days,8
Never,Most Days,Some Days,Some Days,6
Never,Some Days,Some Days,Never,6
Every Day,Every Day,Never,Most Days,7
Never,Some Days,Some Days,Never,6
Never,Most Days,Most Days,Most Days,8
Never,Never,Never,Most Days,8
Never,Most Days,Most Days,Never,6
Never,Never,Never,Most Days,9
Every Day,Never,Most Days,Some Days,8
Some Days,Most Days,Most Days,Never,6
Never,Never,Some Days,Some Days,6
Never,Never,Never,Most Days,8
Never,Some Days,Never,Some Days,7
Never,Every Day,Every Day,Never,6
Never,Never,Never,Every Day,8
Never,Every Day,Never,Some Days,5
Never,Some Days,Some Days,Some Days,7
Never,Never,Never,Every Day,9
Never,Every Day,Never,Every Day,7
Never,Never,Never,Most Days,7
Never,Most Days,Most Days,Never,5
Never,Never,Never,Most Days,9
Every Day,Never,Most Days,Some Days,7
Never,Never,Never,Every Day,8
Never,Some Days,Some Days,Most Days,6
Never,Never,Never,Never,6
Never,Never,Never,Some Days,6
Never,Never,Some Days,Most Days,6
Every Day,Some Days,Never,Most Days,9
Never,Some Days,Some Days,Some Days,6
Some Days,Some Days,Some Days,Most Days,8
Most Days,Every Day,Every Day,Never,4
Never,Never,Most Days,Some Days,7
Never,Never,Never,Every Day,7
Never,Never,Never,Most Days,7
Never,Some Days,Some Days,Most Days,5
Never,Never,Never,Most Days,9
Never,Never,Never,Most Days,8
Never,Never,Never,Most Days,8
Never,Never,Never,Most Days,8
Some Days,Some Days,Most Days,Some Days,7
Never,Some Days,Some Days,Most Days,7
Some Days,Some Days,Most Days,Most Days,6
Every Day,Some Days,Never,Some Days,6
Never,Never,Never,Every Day,9
Never,Never,Some Days,Some Days,7
Never,Never,Some Days,Some Days,7
Never,Never,Never,Every Day,8
Never,Some Days,Some Days,Every Day,9
Never,Never,Never,Most Days,8
Never,Some Days,Some Days,Some Days,7
Every Day,Every Day,Every Day,Never,7
Some Days,Most Days,Most Days,Never,5
Never,Never,Never,Some Days,6
Never,Some Days,Most Days,Some Days,5
Never,Most Days,Most Days,Never,7
Every Day,Some Days,Never,Never,7
Never,Never,Never,Every Day,9
Every Day,Some Days,Never,Most Days,7
Never,Never,Never,Every Day,7
Most Days,Some Days,Some Days,Some Days,5
Never,Never,Never,Every Day,7
Never,Some Days,Never,Never,5
Some Days,Some Days,Most Days,Some Days,6
Never,Never,Never,Some Days,7
Never,Never,Never,Every Day,8
Never,Some Days,Some Days,Most Days,5
Every Day,Every Day,Never,Never,5
Never,Some Days,Never,Some Days,10
Never,Some Days,Some Days,Every Day,8
Never,Some Days,Some Days,Some Days,4
Never,Some Days,Never,Some Days,7
Never,Never,Some Days,Every Day,9
Every Day,Never,Never,Some Days,8
Never,Every Day,Every Day,Never,4
Never,Some Days,Some Days,Some Days,7
Never,Never,Some Days,Most Days,6
Some Days,Most Days,Most Days,Some Days,6
Never,Most Days,Never,Some Days,7
Never,Never,Never,Most Days,10
Every Day,Most Days,Most Days,Some Days,5
Every Day,Every Day,Never,Never,7
Never,Never,Never,Most Days,7
Never,Never,Never,Most Days,6
Never,Never,Some Days,Some Days,6
Some Days,Some Days,Some Days,Some Days,8
Never,Some Days,Some Days,Most Days,7
Never,Most Days,Some Days,Some Days,8
Every Day,Never,Some Days,Most Days,6
Some Days,Some Days,Some Days,Most Days,6
Never,Never,Some Days,Most Days,7
Every Day,Never,Some Days,Never,18
Never,Never,Never,Every Day,8
Every Day,Some Days,Every Day,Never,7
Never,Never,Never,Every Day,8
Never,Never,Some Days,Some Days,7
Never,Some Days,Some Days,Some Days,7
Never,Every Day,Every Day,Never,5
Never,Never,Never,Most Days,8
Never,Most Days,Some Days,Never,7
Never,Never,Never,Most Days,7
Never,Never,Never,Some Days,6
Never,Some Days,Some Days,Some Days,7
Some Days,Most Days,Some Days,Some Days,7
Every Day,Most Days,Most Days,Some Days,5
Some Days,Never,Never,Never,6
Never,Never,Never,Some Days,6
Never,Never,Never,Most Days,8
Never,Never,Some Days,Most Days,8
Never,Some Days,Some Days,Most Days,6
Every Day,Never,Every Day,Never,7
Never,Never,Never,Most Days,8
Never,Every Day,Never,Most Days,8
Never,Some Days,Never,Some Days,6
Never,Never,Some Days,Some Days,6
Never,Some Days,Some Days,Most Days,6
Never,Never,Never,Every Day,10
Some Days,Some Days,Never,Most Days,7
Never,Never,Never,Every Day,6
Never,Some Days,Some Days,Most Days,7
Never,Never,Never,Some Days,7
Never,Never,Never,Most Days,8
Never,Never,Never,Most Days,8
Every Day,Some Days,Some Days,Most Days,9
Never,Never,Never,Every Day,7
Never,Never,Some Days,Some Days,7
Never,Never,Never,Every Day,8
Never,Never,Never,Every Day,7
Never,Some Days,Some Days,Some Days,6
Never,Never,Some Days,Most Days,6
Never,Some Days,Never,Every Day,8
Never,Some Days,Some Days,Most Days,6
Never,Never,Never,Some Days,7
Never,Never,Never,Every Day,7
Every Day,Every Day,Every Day,Never,4
Never,Never,Never,Every Day,9
Never,Every Day,Never,Some Days,7
Never,Never,Never,Most Days,7
Most Days,Some Days,Never,Every Day,7
Never,Some Days,Never,Most Days,6
Never,Some Days,Some Days,Some Days,6
Never,Never,Never,Most Days,7
Never,Most Days,Never,Most Days,8
Never,Never,Some Days,Some Days,10
Some Days,Some Days,Some Days,Most Days,8
Never,Some Days,Some Days,Never,7
Never,Never,Never,Most Days,8
Never,Never,Some Days,Some Days,5
Never,Never,Some Days,Most Days,7
Some Days,Some Days,Every Day,Most Days,5
Some Days,Some Days,Some Days,Some Days,7
Never,Never,Never,Most Days,8
Never,Never,Some Days,Never,8
Never,Never,Never,Some Days,6
Every Day,Never,Never,Most Days,7
Never,Never,Never,Some Days,8
Never,Most Days,Never,Most Days,7
Never,Never,Never,Most Days,6
Never,Never,Some Days,Most Days,8
Every Day,Never,Never,Most Days,7
Never,Never,Some Days,Most Days,7
Never,Some Days,Some Days,Most Days,7
Never,Every Day,Never,Never,3
Never,Never,Never,Most Days,9
Never,Some Days,Some Days,Most Days,8
Never,Never,Some Days,Most Days,7
Never,Never,Never,Never,6
Most Days,Never,Never,Most Days,8
Never,Never,Never,Some Days,6
Every Day,Some Days,Some Days,Some Days,7
Never,Some Days,Never,Never,8
Some Days,Never,Some Days,Never,7
Never,Some Days,Never,Every Day,8
Most Days,Some Days,Some Days,Never,7
Never,Never,Never,Some Days,7
Never,Never,Some Days,Most Days,7
Never,Never,Never,Most Days,7
Never,Most Days,Some Days,Never,5
Never,Never,Never,Every Day,7
Never,Some Days,Every Day,Never,5
Never,Some Days,Some Days,Most Days,7
Never,Never,Every Day,Most Days,7
Some Days,Never,Never,Most Days,8
Never,Never,Most Days,Some Days,6
Never,Never,Never,Most Days,7
Never,Some Days,Never,Most Days,6
Never,Some Days,Never,Most Days,7
Never,Never,Never,Most Days,8
Some Days,Some Days,Never,Some Days,5
Never,Never,Never,Most Days,7
Some Days,Some Days,Some Days,Some Days,7
Never,Never,Never,Every Day,5
Never,Most Days,Some Days,Some Days,5
Never,Never,Never,Some Days,8
Never,Never,Never,Some Days,7
Never,Never,Never,Most Days,7
Some Days,Some Days,Some Days,Some Days,8
Never,Some Days,Never,Never,7
Never,Some Days,Never,Most Days,7
Never,Some Days,Never,Some Days,6
Never,Never,Never,Every Day,7
Every Day,Never,Never,Some Days,10
Never,Some Days,Never,Some Days,7
Every Day,Some Days,Never,Most Days,8
Never,Some Days,Some Days,Most Days,8
Never,Never,Never,Some Days,6
Never,Some Days,Some Days,Most Days,6
Never,Never,Never,Most Days,7
Every Day,Some Days,Every Day,Never,8
Never,Some Days,Some Days,Some Days,8
Every Day,Every Day,Every Day,Never,4
Never,Never,Never,Most Days,6
Never,Never,Never,Some Days,6
Never,Never,Some Days,Most Days,6
Never,Some Days,Some Days,Some Days,7
Never,Some Days,Some Days,Most Days,8
Every Day,Some Days,Some Days,Most Days,7
Never,Some Days,Some Days,Never,12
Never,Some Days,Never,Most Days,6
Some Days,Some Days,Never,Most Days,6
Never,Most Days,Most Days,Every Day,5
Never,Some Days,Never,Some Days,7
Never,Never,Never,Some Days,7
Never,Some Days,Never,Every Day,7
Never,Most Days,Most Days,Some Days,4
Never,Some Days,Some Days,Most Days,7
Some Days,Every Day,Never,Some Days,6
Never,Some Days,Never,Most Days,10
Never,Most Days,Every Day,Most Days,4
Never,Never,Never,Most Days,8
Never,Some Days,Never,Some Days,7
Every Day,Never,Never,Every Day,8
Never,Never,Never,Every Day,6
Every Day,Every Day,Some Days,Some Days,8
Never,Never,Some Days,Every Day,8
Never,Some Days,Never,Some Days,7
Every Day,Most Days,Most Days,Some Days,10
Every Day,Never,Some Days,Some Days,12
Most Days,Never,Never,Most Days,7
Never,Never,Never,Most Days,8
Never,Some Days,Never,Some Days,7
Never,Never,Never,Every Day,7
Never,Never,Never,Some Days,8
Some Days,Never,Some Days,Some Days,8
Every Day,Never,Every Day,Every Day,9
Never,Never,Never,Most Days,7
Never,Never,Never,Every Day,8
Never,Every Day,Never,Never,5
Never,Never,Never,Every Day,8
Never,Never,Never,Never,6
Never,Some Days,Some Days,Most Days,7
Never,Some Days,Some Days,Some Days,6
Never,Some Days,Some Days,Most Days,6
Never,Every Day,Every Day,Every Day,1
Never,Never,Never,Every Day,8
Every Day,Never,Never,Every Day,8
Never,Never,Never,Every Day,8
Never,Some Days,Some Days,Most Days,6
Never,Some Days,Some Days,Most Days,7
Never,Some Days,Some Days,Some Days,7
Some Days,Most Days,Every Day,Never,5
Never,Some Days,Some Days,Some Days,6
Never,Some Days,Some Days,Some Days,7
Never,Some Days,Some Days,Most Days,7
Never,Never,Never,Most Days,7
Never,Never,Some Days,Some Days,6
Never,Some Days,Some Days,Most Days,8
Never,Never,Never,Never,6
Never,Some Days,Some Days,Most Days,9
Some Days,Some Days,Never,Most Days,7
Never,Never,Never,Most Days,8
Every Day,Every Day,Every Day,Every Day,9
Never,Never,Never,Most Days,8
Never,Never,Never,Every Day,6
Never,Never,Never,Every Day,8
Never,Never,Never,Most Days,7
Never,Never,Never,Every Day,9
Never,Most Days,Every Day,Some Days,5
Never,Every Day,Every Day,Some Days,4
Never,Never,Never,Most Days,8
Never,Some Days,Some Days,Most Days,8
Never,Never,Never,Every Day,8
Never,Never,Never,Most Days,7
Never,Never,Never,Every Day,8
Never,Never,Never,Some Days,10
Never,Never,Never,Most Days,8
Never,Never,Never,Every Day,8
Never,Never,Never,Every Day,8
Never,Never,Never,Every Day,8
Never,Never,Never,Some Days,8
Never,Never,Every Day,Most Days,8
Never,Never,Never,Every Day,8
Never,Every Day,Every Day,Never,8
Never,Some Days,Never,Most Days,12
Never,Never,Some Days,Most Days,8
Never,Some Days,Some Days,Never,7
Never,Never,Never,Most Days,6
Some Days,Most Days,Never,Some Days,8
Never,Never,Never,Most Days,5
Never,Never,Never,Most Days,7
Never,Never,Never,Never,5
Never,Never,Never,Every Day,6
Never,Every Day,Never,Never,6
Never,Never,Never,Some Days,6
Never,Never,Never,Never,5
Never,Never,Never,Most Days,8
Never,Some Days,Never,Most Days,8
Never,Some Days,Some Days,Never,11
Never,Never,Never,Never,10
Never,Never,Never,Most Days,8
Some Days,Never,Some Days,Some Days,8
Most Days,Most Days,Some Days,Some Days,8
Never,Some Days,Some Days,Some Days,5
Never,Never,Some Days,Most Days,7
Every Day,Every Day,Every Day,Some Days,6
Never,Never,Most Days,Some Days,6
Never,Every Day,Every Day,Some Days,6
Never,Some Days,Some Days,Never,8
Never,Some Days,Never,Most Days,8
Never,Never,Some Days,Most Days,9
Never,Most Days,Most Days,Never,5
Never,Never,Never,Most Days,8
Never,Some Days,Never,Some Days,6
Never,Never,Never,Most Days,7
Some Days,Some Days,Some Days,Some Days,8
Never,Most Days,Some Days,Every Day,6
Never,Never,Never,Some Days,8
Never,Never,Never,Most Days,6
Never,Never,Never,Never,6
Every Day,Never,Never,Some Days,13
Never,Some Days,Never,Most Days,8
Never,Never,Never,Most Days,6
Never,Every Day,Never,Some Days,8
Never,Never,Never,Some Days,7
Never,Never,Never,Every Day,10
Never,Never,Never,Some Days,8
Never,Never,Some Days,Every Day,7
Never,Never,Never,Most Days,7
Every Day,Every Day,Every Day,Some Days,7
Some Days,Some Days,Some Days,Some Days,7
Never,Some Days,Never,Some Days,7
Never,Never,Never,Most Days,6
Never,Never,Never,Most Days,8
Some Days,Never,Never,Most Days,7
Never,Never,Most Days,Most Days,8
Never,Never,Never,Most Days,7
Never,Never,Never,Most Days,7
Some Days,Some Days,Some Days,Some Days,7
Never,Never,Never,Most Days,7
Never,Never,Some Days,Some Days,7
Never,Never,Every Day,Some Days,7
Never,Some Days,Never,Most Days,7
Every Day,Every Day,Every Day,Never,3
Never,Some Days,Never,Most Days,8
Never,Some Days,Never,Some Days,8
Never,Never,Never,Every Day,6
Never,Never,Never,Never,8
Most Days,Some Days,Never,Most Days,5
Never,Never,Never,Every Day,8
Never,Never,Never,Most Days,8
Never,Most Days,Some Days,Most Days,6
Never,Some Days,Some Days,Some Days,6
Never,Never,Some Days,Most Days,8
Never,Never,Never,Most Days,8
Some Days,Some Days,Some Days,Most Days,8
Never,Never,Never,Every Day,12
Never,Never,Never,Most Days,6
Never,Never,Some Days,Some Days,8
Never,Never,Never,Never,8
Some Days,Most Days,Some Days,Some Days,10
Never,Some Days,Some Days,Some Days,6
Never,Never,Some Days,Every Day,7
Never,Never,Never,Every Day,6
Never,Never,Never,Every Day,8
Never,Never,Never,Most Days,8
Never,Never,Some Days,Some Days,7
Never,Never,Never,Never,7
Never,Never,Never,Most Days,6
Never,Most Days,Never,Some Days,5
Never,Never,Never,Most Days,8
Never,Never,Never,Most Days,7
Never,Never,Never,Most Days,8
Never,Some Days,Some Days,Most Days,8
Never,Never,Never,Most Days,7
Never,Never,Never,Most Days,7
Some Days,Never,Some Days,Most Days,6
Never,Some Days,Never,Most Days,9
Never,Never,Never,Some Days,8
Never,Never,Never,Every Day,9
Never,Some Days,Never,Most Days,8
Never,Most Days,Never,Some Days,6
Never,Some Days,Never,Most Days,6
Never,Never,Never,Most Days,7
Never,Never,Never,Every Day,5
Never,Never,Never,Every Day,7
Never,Never,Some Days,Most Days,8
Never,Never,Never,Never,9
Some Days,Never,Some Days,Some Days,8
Never,Never,Never,Every Day,8
Never,Never,Never,Some Days,6
Some Days,Never,Most Days,Most Days,7
Never,Some Days,Some Days,Never,7
Every Day,Never,Never,Most Days,8
Most Days,Most Days,Never,Some Days,6
Every Day,Never,Some Days,Some Days,8
Every Day,Most Days,Most Days,Every Day,6
Never,Never,Never,Most Days,7
Some Days,Never,Some Days,Most Days,6
Never,Never,Some Days,Every Day,6
Never,Never,Never,Every Day,8
Some Days,Never,Some Days,Most Days,6
Never,Never,Never,Most Days,9
Never,Some Days,Some Days,Some Days,6
Never,Never,Never,Most Days,8
Never,Most Days,Most Days,Some Days,6
Some Days,Never,Most Days,Some Days,7
Some Days,Never,Some Days,Most Days,7
Never,Never,Never,Some Days,8
Never,Never,Never,Some Days,6
Never,Never,Never,Most Days,7
Never,Some Days,Never,Some Days,7
Never,Never,Never,Most Days,6
Every Day,Most Days,Most Days,Never,5
Never,Some Days,Never,Every Day,8
Every Day,Some Days,Every Day,Most Days,7
Never,Never,Some Days,Most Days,8
Every Day,Every Day,Every Day,Never,7
Some Days,Some Days,Some Days,Most Days,7
Never,Never,Never,Most Days,8
Some Days,Some Days,Never,Every Day,9
Some Days,Some Days,Never,Most Days,8
Never,Never,Never,Every Day,7
Some Days,Some Days,Never,Some Days,8
Never,Never,Some Days,Most Days,7
Never,Never,Never,Every Day,8
Never,Some Days,Never,Every Day,8
Never,Most Days,Never,Some Days,6
Never,Most Days,Some Days,Some Days,5
Never,Never,Never,Most Days,7
Never,Some Days,Some Days,Most Days,8
Never,Some Days,Never,Some Days,6
Most Days,Most Days,Some Days,Some Days,8
Never,Every Day,Some Days,Some Days,7
Never,Never,Never,Most Days,7
Every Day,Most Days,Some Days,Some Days,7
Never,Never,Never,Most Days,6
Every Day,Never,Some Days,Some Days,8
Never,Some Days,Never,Most Days,7
Some Days,Some Days,Some Days,Most Days,8
Never,Never,Some Days,Every Day,7
Never,Some Days,Never,Most Days,7
Never,Never,Never,Most Days,8
Some Days,Some Days,Some Days,Some Days,7
Never,Never,Never,Most Days,6
Never,Some Days,Never,Some Days,10
Never,Never,Never,Some Days,5
Never,Never,Never,Most Days,7
Never,Never,Never,Most Days,8
Never,Some Days,Some Days,Some Days,6
Never,Never,Never,Most Days,8
Never,Most Days,Some Days,Some Days,6
Never,Some Days,Some Days,Most Days,8
Never,Some Days,Some Days,Some Days,7
Never,Some Days,Never,Some Days,7
Never,Never,Some Days,Some Days,6
Never,Never,Never,Most Days,7
Never,Never,Never,Every Day,7
Never,Some Days,Some Days,Most Days,7
Never,Never,Never,Some Days,6
Never,Never,Never,Most Days,7
Some Days,Some Days,Some Days,Some Days,7
Every Day,Most Days,Most Days,Most Days,10
Every Day,Some Days,Some Days,Some Days,7
Never,Some Days,Some Days,Most Days,7
Never,Never,Never,Some Days,7
Never,Never,Never,Most Days,7
Never,Some Days,Never,Every Day,6
Some Days,Some Days,Never,Most Days,6
Never,Some Days,Never,Most Days,8
Some Days,Never,Some Days,Every Day,8
Never,Never,Never,Every Day,6
Never,Never,Some Days,Some Days,6
Never,Never,Never,Most Days,8
Never,Some Days,Never,Some Days,8
Never,Never,Never,Most Days,8
Never,Never,Most Days,Most Days,10
Never,Never,Never,Some Days,7
Never,Never,Never,Every Day,7
Never,Some Days,Never,Most Days,7
Never,Never,Never,Some Days,7
Never,Never,Never,Most Days,7
Never,Never,Never,Never,8
Never,Every Day,Never,Some Days,6
Never,Never,Some Days,Most Days,8
Never,Never,Never,Most Days,7
Never,Some Days,Some Days,Most Days,6
Never,Never,Never,Every Day,7
Every Day,Most Days,Never,Some Days,8
Never,Most Days,Some Days,Never,8
Never,Never,Never,Most Days,7
Never,Some Days,Every Day,Some Days,6
Never,Never,Some Days,Most Days,7
Never,Never,Never,Most Days,8
Never,Some Days,Never,Never,8
Never,Never,Never,Never,8
Never,Never,Never,Every Day,8
Never,Never,Never,Most Days,7
Never,Some Days,Some Days,Most Days,7
Never,Some Days,Never,Some Days,5
Never,Some Days,Most Days,Never,7
Never,Never,Some Days,Most Days,9
Never,Most Days,Never,Some Days,5
Never,Never,Never,Never,8
Never,Never,Never,Most Days,7
Never,Never,Never,Some Days,10
Never,Most Days,Never,Never,10
Every Day,Every Day,Every Day,Some Days,5
Some Days,Some Days,Some Days,Some Days,8
Never,Never,Never,Most Days,8
Never,Never,Never,Every Day,9
Never,Some Days,Some Days,Most Days,7
Never,Some Days,Never,Most Days,7
Never,Every Day,Most Days,Some Days,4
Every Day,Some Days,Some Days,Some Days,5
Never,Never,Never,Most Days,8
Never,Never,Never,Every Day,8
Most Days,Every Day,Some Days,Some Days,10
Never,Some Days,Some Days,Some Days,6
Every Day,Some Days,Some Days,Most Days,6
Never,Some Days,Never,Never,6
Every Day,Every Day,Every Day,Never,2
Never,Some Days,Never,Some Days,7
Never,Never,Never,Some Days,8
Never,Never,Never,Never,12
Never,Never,Never,Every Day,8
Some Days,Some Days,Some Days,Most Days,7
Some Days,Some Days,Some Days,Most Days,9
Never,Never,Never,Most Days,8
Never,Never,Never,Some Days,4
Never,Some Days,Some Days,Most Days,6
Never,Some Days,Some Days,Some Days,7
Never,Never,Never,Most Days,7
Some Days,Most Days,Some Days,Some Days,6
Never,Never,Some Days,Most Days,8
Some Days,Some Days,Some Days,Most Days,8
Some Days,Never,Never,Most Days,10
Some Days,Most Days,Never,Most Days,6
Never,Never,Never,Most Days,8
Some Days,Never,Most Days,Some Days,7
Never,Never,Never,Every Day,9
Never,Some Days,Some Days,Some Days,7
Never,Never,Some Days,Some Days,7
Never,Some Days,Some Days,Some Days,7
Never,Never,Some Days,Most Days,8
Never,Never,Never,Every Day,8
Never,Some Days,Never,Most Days,6
Some Days,Most Days,Most Days,Never,5
Never,Never,Never,Every Day,7
Never,Some Days,Some Days,Most Days,8
Never,Some Days,Some Days,Some Days,8
Some Days,Some Days,Some Days,Most Days,7
Never,Never,Never,Every Day,7
Never,Every Day,Some Days,Some Days,5
Some Days,Some Days,Some Days,Some Days,7
Never,Every Day,Every Day,Never,4
Never,Never,Never,Every Day,8
Some Days,Some Days,Some Days,Most Days,8
Never,Never,Never,Some Days,6
Never,Some Days,Some Days,Some Days,7
Never,Some Days,Every Day,Never,5
Most Days,Never,Never,Every Day,8
Never,Never,Never,Most Days,8
Some Days,Some Days,Some Days,Most Days,10
Never,Never,Some Days,Most Days,8
Never,Never,Never,Every Day,5
Never,Some Days,Some Days,Most Days,7
Never,Some Days,Never,Most Days,7
Never,Some Days,Never,Some Days,7
Never,Never,Some Days,Some Days,7
Never,Never,Most Days,Most Days,8
Never,Most Days,Never,Some Days,7
Never,Never,Never,Most Days,7
Never,Some Days,Never,Most Days,7
Every Day,Most Days,Most Days,Some Days,6
Never,Some Days,Some Days,Some Days,7
Never,Every Day,Every Day,Some Days,6
Never,Every Day,Never,Never,7
Never,Never,Never,Some Days,6
Never,Never,Most Days,Some Days,7
Never,Most Days,Some Days,Most Days,8
Some Days,Most Days,Some Days,Some Days,7
Never,Never,Some Days,Every Day,7
Never,Some Days,Never,Never,9
Some Days,Most Days,Some Days,Every Day,7
Never,Some Days,Some Days,Most Days,8
Some Days,Some Days,Most Days,Never,7
Never,Never,Some Days,Some Days,8
Never,Never,Some Days,Some Days,8
Never,Some Days,Some Days,Some Days,8
Never,Some Days,Some Days,Most Days,8
Never,Never,Some Days,Most Days,8
Never,Most Days,Most Days,Some Days,5
Never,Never,Never,Most Days,7
Never,Never,Never,Most Days,6
Some Days,Some Days,Some Days,Never,6
Never,Never,Never,Never,6
Never,Never,Never,Most Days,7
Never,Some Days,Some Days,Most Days,7
Never,Never,Never,Most Days,8
Never,Never,Some Days,Most Days,8
Never,Never,Some Days,Some Days,7
Every Day,Most Days,Most Days,Some Days,14
Never,Never,Never,Most Days,6
Most Days,Most Days,Most Days,Some Days,8
Never,Never,Never,Most Days,7
Never,Never,Never,Every Day,7
Most Days,Never,Never,Most Days,7
Never,Some Days,Some Days,Most Days,9
Never,Some Days,Never,Never,6
Never,Some Days,Some Days,Every Day,7
Every Day,Every Day,Every Day,Never,5
Never,Never,Never,Never,7
Never,Never,Never,Most Days,7
Never,Never,Never,Most Days,7
Some Days,Some Days,Never,Every Day,8
Never,Some Days,Some Days,Most Days,7
Never,Never,Some Days,Some Days,7
Never,Never,Never,Most Days,8
Never,Never,Never,Every Day,8
Never,Some Days,Some Days,Most Days,6
Every Day,Every Day,Every Day,Never,6
Every Day,Most Days,Some Days,Some Days,8
Some Days,Most Days,Some Days,Some Days,5
Never,Never,Never,Some Days,6
Never,Never,Never,Every Day,7
Never,Never,Never,Never,6
Never,Never,Some Days,Most Days,6
Never,Some Days,Some Days,Some Days,7
Never,Never,Never,Every Day,7
Never,Some Days,Some Days,Some Days,7
Never,Never,Never,Every Day,8
Never,Some Days,Some Days,Some Days,6
Never,Some Days,Some Days,Every Day,6
Never,Most Days,Most Days,Most Days,8
Never,Most Days,Some Days,Most Days,5
Never,Never,Never,Never,5
Never,Some Days,Some Days,Most Days,8
Never,Never,Never,Most Days,8
Never,Never,Never,Some Days,6
Never,Every Day,Some Days,Most Days,4
Never,Never,Never,Every Day,7
Never,Some Days,Never,Some Days,6
Never,Never,Never,Most Days,9
Never,Never,Never,Some Days,7
Some Days,Some Days,Every Day,Some Days,6
Never,Some Days,Some Days,Some Days,6
Never,Every Day,Every Day,Most Days,7
Every Day,Some Days,Every Day,Never,8
Never,Never,Some Days,Some Days,7
Never,Never,Some Days,Every Day,8
Never,Never,Never,Most Days,8
Never,Some Days,Some Days,Some Days,7
Every Day,Some Days,Never,Never,7
Never,Never,Never,Some Days,8
Never,Never,Never,Most Days,6
Never,Some Days,Some Days,Most Days,8
Never,Never,Most Days,Some Days,6
Never,Never,Never,Some Days,8
Never,Some Days,Some Days,Some Days,7
Never,Never,Never,Every Day,7
Never,Some Days,Never,Every Day,6
Never,Never,Never,Some Days,7
Never,Some Days,Some Days,Never,8
Never,Every Day,Never,Never,8
Every Day,Some Days,Never,Some Days,8
Never,Never,Never,Most Days,8
Never,Never,Some Days,Never,10
Never,Never,Never,Most Days,8
Never,Never,Never,Most Days,8
Never,Never,Never,Most Days,8
Never,Never,Some Days,Every Day,7
Every Day,Never,Most Days,Most Days,8
Some Days,Most Days,Never,Most Days,7
Never,Most Days,Never,Some Days,6
Never,Never,Never,Every Day,8
Never,Some Days,Some Days,Some Days,7
Never,Never,Some Days,Most Days,7
Never,Never,Some Days,Some Days,7
Never,Never,Some Days,Most Days,9
Never,Never,Never,Every Day,8
Never,Never,Some Days,Most Days,7
Never,Most Days,Never,Never,12
Never,Never,Never,Most Days,7
Never,Never,Never,Every Day,8
Never,Some Days,Some Days,Most Days,7
Every Day,Some Days,Some Days,Some Days,7
Never,Never,Never,Some Days,7
Never,Never,Never,Most Days,8
Never,Every Day,Never,Most Days,7
Never,Never,Some Days,Most Days,7
Never,Never,Never,Some Days,7
Never,Never,Never,Most Days,7
Never,Some Days,Some Days,Every Day,6
Never,Never,Never,Every Day,8
Never,Never,Never,Most Days,7
Never,Never,Some Days,Most Days,8
Never,Some Days,Some Days,Some Days,8
Some Days,Never,Never,Some Days,6
Never,Never,Some Days,Most Days,6
Never,Never,Some Days,Most Days,8
Never,Never,Never,Never,7
Never,Never,Never,Every Day,9
Never,Never,Some Days,Some Days,6
Never,Never,Some Days,Some Days,4
Never,Never,Never,Every Day,7
Never,Some Days,Some Days,Every Day,7
Never,Never,Some Days,Most Days,6
Every Day,Every Day,Every Day,Never,8
Never,Never,Never,Most Days,8
Never,Never,Never,Most Days,7
Some Days,Some Days,Some Days,Most Days,8
Never,Some Days,Never,Most Days,9
Never,Never,Never,Most Days,8
Never,Some Days,Never,Never,7
Never,Never,Never,Every Day,7
Never,Never,Never,Every Day,7
Never,Every Day,Never,Some Days,5
Never,Some Days,Never,Most Days,7
Never,Never,Never,Most Days,8
Never,Some Days,Never,Most Days,8
Never,Never,Some Days,Most Days,7
Never,Never,Some Days,Most Days,8
Every Day,Every Day,Some Days,Some Days,7
Never,Most Days,Never,Most Days,7
Never,Never,Never,Every Day,7
Never,Never,Some Days,Most Days,8
Never,Never,Never,Every Day,5
Some Days,Never,Never,Some Days,7
Most Days,Never,Never,Most Days,6
Never,Never,Never,Every Day,9
Never,Some Days,Some Days,Some Days,6
Some Days,Some Days,Some Days,Some Days,6
Never,Most Days,Most Days,Never,6
Never,Some Days,Some Days,Most Days,7
Never,Never,Never,Never,8
Some Days,Some Days,Never,Most Days,7
Never,Some Days,Some Days,Most Days,6
Never,Some Days,Never,Most Days,6
Never,Every Day,Never,Some Days,5
Never,Some Days,Never,Most Days,8
Never,Some Days,Never,Every Day,8
Never,Never,Some Days,Most Days,7
Every Day,Every Day,Every Day,Never,5
Never,Some Days,Every Day,Some Days,5
Never,Some Days,Never,Most Days,8
Never,Never,Never,Never,8
Never,Never,Every Day,Some Days,7
Never,Never,Some Days,Most Days,7
Never,Never,Some Days,Some Days,7
Never,Most Days,Some Days,Some Days,7
Never,Never,Never,Most Days,7
Never,Some Days,Some Days,Most Days,9
Never,Never,Never,Most Days,7
Never,Never,Never,Most Days,8
Never,Never,Some Days,Most Days,7
Never,Never,Never,Never,6
Never,Never,Never,Some Days,8
Never,Never,Never,Most Days,7
Never,Never,Never,Most Days,9
Never,Never,Some Days,Most Days,9
Never,Every Day,Some Days,Most Days,7
Never,Never,Never,Some Days,6
Never,Never,Never,Most Days,7
Never,Every Day,Some Days,Some Days,6
Never,Some Days,Some Days,Some Days,6
Some Days,Most Days,Some Days,Most Days,7
Never,Never,Never,Some Days,7
Never,Some Days,Some Days,Some Days,5
Never,Never,Never,Every Day,7
Never,Never,Never,Every Day,8
Never,Some Days,Some Days,Some Days,6
Never,Some Days,Never,Some Days,6
Some Days,Some Days,Some Days,Some Days,8
Never,Never,Never,Some Days,8
Never,Never,Never,Every Day,8
Never,Never,Never,Every Day,8
Every Day,Never,Some Days,Some Days,7
Never,Never,Never,Most Days,8
Never,Never,Never,Most Days,8
Some Days,Never,Some Days,Most Days,9
Never,Never,Never,Never,7
Never,Some Days,Some Days,Some Days,6
Never,Never,Never,Every Day,8
Never,Some Days,Never,Every Day,8
Never,Some Days,Some Days,Most Days,7
Never,Some Days,Some Days,Never,6
Some Days,Most Days,Most Days,Some Days,7
Never,Never,Most Days,Most Days,7
Never,Some Days,Some Days,Most Days,8
Never,Never,Some Days,Most Days,7
Never,Never,Some Days,Every Day,8
Never,Never,Never,Never,8
Every Day,Some Days,Most Days,Most Days,6
Never,Never,Never,Most Days,8
Never,Some Days,Never,Every Day,8
Never,Never,Some Days,Every Day,7
Most Days,Most Days,Every Day,Some Days,5
Never,Some Days,Some Days,Most Days,9
Never,Most Days,Some Days,Most Days,9
Never,Some Days,Some Days,Most Days,8
Some Days,Never,Some Days,Never,5
Never,Never,Never,Never,7
Never,Never,Most Days,Most Days,8
Never,Some Days,Some Days,Some Days,6
Never,Never,Never,Every Day,7
Never,Some Days,Never,Never,7
Never,Never,Every Day,Never,7
Every Day,Never,Every Day,Some Days,8
Never,Never,Never,Never,6
Never,Most Days,Some Days,Some Days,7
Never,Never,Some Days,Some Days,7
Never,Some Days,Some Days,Every Day,8
Never,Never,Most Days,Some Days,7
Never,Some Days,Every Day,Most Days,5
Never,Every Day,Some Days,Never,7
Never,Never,Never,Most Days,7
Some Days,Some Days,Some Days,Most Days,7
Never,Never,Never,Most Days,8
Never,Never,Never,Every Day,7
Some Days,Never,Some Days,Most Days,7
Every Day,Never,Some Days,Most Days,7
Never,Some Days,Some Days,Never,7
Never,Every Day,Never,Never,7
Never,Some Days,Some Days,Some Days,6
Never,Some Days,Some Days,Some Days,8
Never,Never,Never,Some Days,6
Never,Some Days,Every Day,Some Days,6
Never,Some Days,Never,Every Day,8
Never,Most Days,Never,Some Days,7
Never,Some Days,Some Days,Some Days,8
Never,Some Days,Some Days,Some Days,6
Never,Never,Some Days,Most Days,8
Never,Never,Never,Every Day,8
Never,Never,Never,Every Day,10
Never,Some Days,Some Days,Some Days,11
Never,Never,Never,Every Day,5
Never,Some Days,Some Days,Never,6
Never,Some Days,Never,Most Days,6
Some Days,Some Days,Some Days,Some Days,7
Every Day,Some Days,Every Day,Most Days,7
Never,Never,Every Day,Some Days,6
Never,Never,Never,Most Days,8
Never,Never,Never,Most Days,7
Some Days,Never,Never,Most Days,8
Never,Never,Never,Never,7
Never,Some Days,Never,Most Days,7
Never,Never,Never,Every Day,8
Never,Never,Never,Every Day,7
Never,Never,Some Days,Most Days,6
Never,Some Days,Never,Most Days,7
Never,Never,Never,Most Days,7
Most Days,Most Days,Some Days,Some Days,5
Never,Never,Never,Most Days,8
Never,Some Days,Never,Most Days,6
Never,Never,Never,Every Day,9
Never,Never,Never,Most Days,9
Never,Some Days,Some Days,Some Days,5
Never,Never,Never,Every Day,7
Never,Never,Some Days,Some Days,6
Never,Never,Never,Some Days,6
Never,Never,Never,Most Days,6
Never,Never,Never,Most Days,7
Never,Never,Some Days,Most Days,7
Never,Never,Never,Some Days,7
Every Day,Most Days,Most Days,Some Days,9
Never,Every Day,Most Days,Never,5
Never,Never,Never,Some Days,6
Never,Never,Never,Some Days,7
Never,Never,Never,Most Days,7
Never,Never,Some Days,Some Days,7
Never,Some Days,Most Days,Never,5
Never,Some Days,Never,Every Day,7
Every Day,Never,Never,Most Days,9
Never,Some Days,Never,Most Days,8
Never,Never,Never,Most Days,7
Never,Never,Never,Every Day,8
Never,Some Days,Never,Some Days,6
Never,Never,Most Days,Most Days,8
Never,Never,Most Days,Most Days,8
Never,Some Days,Never,Most Days,8
Never,Never,Some Days,Some Days,7
Never,Most Days,Never,Every Day,7
Never,Never,Never,Some Days,7
Never,Some Days,Some Days,Some Days,7
Never,Some Days,Some Days,Most Days,8
Never,Every Day,Some Days,Never,6
Some Days,Every Day,Some Days,Most Days,8
Every Day,Every Day,Every Day,Never,8
Never,Never,Never,Some Days,5
Never,Never,Never,Most Days,7
Never,Never,Never,Every Day,8
Never,Never,Never,Most Days,9
Some Days,Never,Never,Some Days,8
Every Day,Some Days,Most Days,Some Days,5
Never,Every Day,Never,Most Days,6
Never,Never,Never,Most Days,8
Never,Some Days,Never,Some Days,8
Never,Some Days,Never,Some Days,6
Never,Never,Never,Most Days,7
Never,Never,Some Days,Some Days,5
Never,Never,Never,Most Days,6
Never,Never,Never,Most Days,5
Never,Never,Never,Most Days,7
Never,Never,Never,Most Days,7
Never,Never,Never,Never,7
Never,Some Days,Some Days,Some Days,6
Never,Never,Never,Most Days,8
Never,Some Days,Some Days,Some Days,6
Never,Most Days,Some Days,Most Days,6
Never,Never,Never,Every Day,8
Never,Most Days,Most Days,Some Days,5
Never,Never,Never,Most Days,7
Never,Some Days,Never,Most Days,8
Never,Never,Never,Every Day,8
Never,Never,Never,Every Day,6
Never,Never,Never,Some Days,8
Never,Never,Never,Most Days,8
Never,Never,Never,Most Days,7
Never,Never,Never,Every Day,9
Never,Never,Never,Every Day,7
Never,Never,Most Days,Never,4
Never,Some Days,Never,Most Days,7
Never,Never,Never,Most Days,6
Every Day,Every Day,Some Days,Some Days,7
Never,Never,Never,Every Day,8
Never,Every Day,Never,Most Days,9
Never,Some Days,Some Days,Most Days,7
Never,Never,Never,Every Day,8
Never,Some Days,Some Days,Most Days,9
Some Days,Every Day,Never,Every Day,5
Never,Most Days,Never,Every Day,3
Never,Some Days,Never,Most Days,8
Never,Never,Never,Most Days,6
Never,Never,Never,Every Day,6
Never,Some Days,Some Days,Some Days,7
Never,Never,Never,Never,9
Never,Never,Never,Most Days,6
Never,Never,Never,Most Days,7
Never,Never,Never,Most Days,7
Never,Some Days,Some Days,Most Days,7
Every Day,Never,Never,Every Day,7
Never,Never,Never,Most Days,8
Most Days,Every Day,Some Days,Some Days,6
Never,Never,Never,Most Days,7
Never,Most Days,Never,Most Days,7
Never,Never,Never,Some Days,8
Some Days,Some Days,Never,Every Day,7
Every Day,Every Day,Never,Most Days,8
Every Day,Most Days,Never,Most Days,8
Some Days,Never,Never,Most Days,7
Every Day,Most Days,Every Day,Most Days,8
Every Day,Never,Every Day,Every Day,5
Never,Never,Never,Every Day,9
Some Days,Most Days,Some Days,Some Days,8
Every Day,Some Days,Some Days,Most Days,7
Never,Never,Never,Most Days,7
Never,Never,Never,Most Days,8
Every Day,Most Days,Most Days,Never,6
Never,Never,Never,Every Day,8
Never,Never,Never,Most Days,8
Every Day,Most Days,Some Days,Most Days,6
Never,Some Days,Never,Most Days,6
Never,Never,Never,Most Days,8
Never,Most Days,Most Days,Every Day,8
Never,Some Days,Some Days,Some Days,8
Never,Never,Never,Never,7
Never,Most Days,Some Days,Some Days,7
Never,Some Days,Most Days,Some Days,6
Never,Never,Never,Every Day,8
Never,Never,Never,Never,8
Never,Never,Never,Every Day,8
Never,Never,Never,Every Day,8
Never,Some Days,Some Days,Never,8
Never,Never,Most Days,Never,6
Never,Never,Never,Most Days,7
Never,Every Day,Never,Most Days,8
Some Days,Every Day,Most Days,Some Days,6
Never,Never,Never,Most Days,9
Some Days,Most Days,Some Days,Some Days,9
Some Days,Most Days,Most Days,Some Days,8
Every Day,Every Day,Never,Never,4
Never,Most Days,Some Days,Never,6
Never,Never,Never,Most Days,9
Never,Some Days,Never,Some Days,6
Some Days,Some Days,Some Days,Some Days,6
Most Days,Some Days,Most Days,Most Days,6
Never,Some Days,Never,Most Days,7
Never,Never,Never,Most Days,8
Some Days,Never,Some Days,Most Days,6
Never,Some Days,Some Days,Most Days,7
Every Day,Most Days,Most Days,Never,5
Never,Never,Never,Most Days,7
Never,Some Days,Never,Most Days,7
Every Day,Never,Some Days,Some Days,7
Every Day,Every Day,Every Day,Some Days,6
Never,Never,Never,Most Days,8
Never,Some Days,Never,Most Days,7
Never,Some Days,Some Days,Some Days,5
Most Days,Every Day,Most Days,Some Days,6
Never,Every Day,Never,Every Day,7
Never,Never,Never,Some Days,11
Never,Never,Never,Some Days,11
Never,Every Day,Never,Never,15
Never,Some Days,Never,Some Days,7
Never,Never,Never,Most Days,5
Some Days,Every Day,Every Day,Never,1
Some Days,Every Day,Every Day,Never,7
Never,Some Days,Some Days,Every Day,7
Every Day,Never,Some Days,Most Days,8
Never,Never,Never,Never,6
Never,Most Days,Some Days,Most Days,6
Every Day,Never,Never,Most Days,8
Never,Some Days,Some Days,Most Days,7
Never,Never,Some Days,Most Days,7
Never,Never,Never,Never,8
Never,Never,Never,Some Days,8
Never,Never,Most Days,Never,6
Never,Never,Never,Every Day,8
Never,Every Day,Every Day,Never,4
Never,Most Days,Most Days,Some Days,6
Never,Some Days,Never,Most Days,7
Never,Every Day,Never,Some Days,7
Never,Some Days,Some Days,Some Days,6
Never,Never,Never,Most Days,7
Some Days,Some Days,Some Days,Some Days,8
Never,Never,Never,Most Days,8
Never,Never,Never,Most Days,7
Never,Some Days,Some Days,Most Days,10
Never,Never,Never,Every Day,8
Never,Some Days,Some Days,Never,6
Never,Never,Never,Some Days,6
Never,Never,Never,Every Day,6
Never,Never,Never,Every Day,7
Never,Never,Never,Never,5
Never,Never,Some Days,Most Days,6
Never,Never,Never,Most Days,7
Some Days,Some Days,Some Days,Some Days,6
Never,Never,Never,Every Day,8
Never,Never,Never,Most Days,8
Never,Some Days,Never,Most Days,7
Never,Never,Never,Most Days,6
Never,Some Days,Never,Some Days,7
Never,Never,Never,Most Days,7
Never,Never,Never,Every Day,8
Some Days,Every Day,Every Day,Some Days,3
Never,Never,Never,Some Days,8
Never,Some Days,Some Days,Every Day,7
Never,Some Days,Never,Some Days,7
Some Days,Some Days,Some Days,Some Days,7
Never,Never,Never,Every Day,7
Some Days,Every Day,Some Days,Never,7
Some Days,Never,Some Days,Most Days,7
Never,Never,Never,Every Day,8
Never,Most Days,Never,Some Days,6
Never,Every Day,Every Day,Some Days,4
Never,Some Days,Never,Some Days,7
Never,Most Days,Never,Some Days,7
Never,Some Days,Some Days,Some Days,5
Never,Never,Never,Most Days,8
Never,Never,Never,Every Day,8
Never,Never,Never,Every Day,8
Never,Most Days,Never,Some Days,8
Every Day,Some Days,Never,Most Days,10
Never,Never,Never,Most Days,7
Some Days,Most Days,Most Days,Some Days,7
Never,Never,Some Days,Some Days,9
Never,Some Days,Some Days,Most Days,9
Never,Some Days,Most Days,Most Days,8
Some Days,Some Days,Most Days,Some Days,5
Every Day,Every Day,Never,Some Days,5
Never,Never,Never,Never,7
Never,Never,Never,Most Days,7
Every Day,Never,Never,Never,9
Never,Never,Never,Most Days,7
Never,Most Days,Never,Every Day,7
Some Days,Some Days,Some Days,Most Days,9
Never,Most Days,Never,Never,5
Never,Some Days,Never,Most Days,7
Never,Some Days,Never,Most Days,6
Never,Never,Some Days,Some Days,8
Never,Never,Never,Some Days,6
Never,Never,Never,Most Days,6
Never,Never,Never,Most Days,7
Never,Never,Never,Every Day,8
Never,Never,Some Days,Every Day,9
Every Day,Most Days,Most Days,Most Days,6
Never,Every Day,Some Days,Most Days,7
Every Day,Never,Never,Every Day,9
Never,Most Days,Never,Most Days,7
Never,Never,Never,Every Day,7
Never,Never,Never,Most Days,10
Never,Never,Never,Most Days,6
Never,Never,Never,Every Day,7
Never,Some Days,Some Days,Most Days,6
Never,Never,Never,Every Day,7
Never,Some Days,Some Days,Most Days,6
Never,Never,Never,Some Days,5
Never,Some Days,Some Days,Most Days,7
Never,Every Day,Every Day,Most Days,4
Never,Never,Never,Every Day,12
Never,Never,Never,Some Days,7
Never,Some Days,Some Days,Some Days,6
Never,Some Days,Most Days,Never,7
Never,Never,Never,Most Days,12
Never,Some Days,Some Days,Most Days,7
Never,Never,Some Days,Most Days,8
Some Days,Some Days,Never,Most Days,8
Never,Never,Never,Every Day,7
Never,Never,Never,Most Days,8
Every Day,Never,Never,Most Days,9
Every Day,Some Days,Some Days,Every Day,8
Never,Never,Never,Most Days,7
Never,Never,Some Days,Every Day,8
Never,Some Days,Never,Some Days,8
Never,Never,Never,Most Days,8
Never,Every Day,Every Day,Never,6
Never,Never,Never,Most Days,7
Never,Never,Never,Every Day,9
Every Day,Some Days,Never,Most Days,9
Never,Never,Never,Most Days,6
Never,Some Days,Some Days,Most Days,7
Never,Some Days,Never,Some Days,7
Never,Most Days,Most Days,Most Days,7
Never,Never,Never,Some Days,6
Never,Some Days,Never,Some Days,6
Never,Some Days,Some Days,Every Day,9
Never,Some Days,Some Days,Some Days,7
Never,Never,Never,Most Days,6
Never,Most Days,Some Days,Some Days,6
Never,Never,Some Days,Most Days,7
Some Days,Never,Some Days,Every Day,7
Never,Some Days,Some Days,Every Day,9
Most Days,Some Days,Some Days,Most Days,8
Some Days,Never,Some Days,Most Days,8
Never,Never,Some Days,Most Days,7
Never,Never,Never,Most Days,7
Never,Some Days,Some Days,Most Days,8
Never,Never,Never,Most Days,7
Never,Never,Never,Every Day,7
Never,Most Days,Some Days,Some Days,8
Some Days,Never,Some Days,Most Days,8
Never,Never,Never,Every Day,6
Never,Never,Some Days,Most Days,8
Never,Never,Never,Every Day,12
Never,Most Days,Never,Some Days,6
Never,Most Days,Some Days,Most Days,8
Never,Most Days,Some Days,Some Days,7
Never,Some Days,Some Days,Some Days,6
Never,Some Days,Never,Some Days,7
Never,Every Day,Never,Some Days,5
Never,Never,Never,Most Days,7
Never,Never,Some Days,Most Days,8
Some Days,Some Days,Never,Most Days,7
Never,Never,Never,Most Days,8
Never,Never,Some Days,Most Days,8
Never,Never,Some Days,Some Days,6
Never,Never,Most Days,Most Days,7
Never,Some Days,Some Days,Every Day,6
Never,Never,Some Days,Some Days,7
Never,Some Days,Some Days,Most Days,6
Never,Never,Never,Some Days,7
Never,Never,Never,Most Days,7
Most Days,Some Days,Most Days,Most Days,7
Never,Never,Never,Never,9
Every Day,Most Days,Never,Some Days,6
Some Days,Never,Some Days,Most Days,8
Some Days,Most Days,Never,Every Day,6
Never,Some Days,Some Days,Most Days,7
Never,Never,Never,Every Day,7
Never,Some Days,Some Days,Some Days,6
Never,Never,Some Days,Most Days,7
Every Day,Some Days,Most Days,Never,4
Every Day,Every Day,Every Day,Never,6
Most Days,Some Days,Some Days,Most Days,7
Never,Never,Never,Every Day,8
Never,Some Days,Most Days,Never,5
Every Day,Some Days,Never,Some Days,8
Some Days,Some Days,Most Days,Most Days,5
Never,Never,Never,Most Days,7
Never,Never,Never,Every Day,7
Never,Every Day,Never,Most Days,9
Never,Never,Some Days,Every Day,8
Never,Some Days,Some Days,Most Days,8
Never,Some Days,Some Days,Some Days,8
Every Day,Never,Never,Some Days,10
Never,Some Days,Never,Most Days,7
Never,Never,Never,Most Days,7
Never,Never,Never,Never,7
Never,Some Days,Some Days,Some Days,9
Most Days,Some Days,Some Days,Some Days,8
Never,Never,Never,Every Day,8
Never,Some Days,Some Days,Every Day,9
Every Day,Every Day,Every Day,Never,7
Never,Never,Some Days,Never,8
Never,Some Days,Some Days,Most Days,7
Never,Most Days,Some Days,Some Days,6
Never,Some Days,Some Days,Most Days,7
Never,Some Days,Some Days,Some Days,7
Never,Every Day,Every Day,Some Days,5
Never,Some Days,Never,Most Days,10
Never,Some Days,Some Days,Some Days,10
Some Days,Some Days,Some Days,Most Days,8
Never,Never,Some Days,Some Days,7
Never,Some Days,Some Days,Some Days,6
Never,Some Days,Some Days,Some Days,6
Never,Never,Never,Some Days,5
Most Days,Never,Never,Most Days,7
Never,Never,Some Days,Most Days,10
Never,Never,Some Days,Most Days,8
Never,Never,Some Days,Most Days,8
Never,Never,Never,Most Days,8
Never,Never,Never,Most Days,8
Never,Most Days,Some Days,Some Days,9
Some Days,Every Day,Every Day,Some Days,9
Never,Never,Never,Most Days,8
Never,Some Days,Some Days,Most Days,8
Never,Most Days,Never,Some Days,6
Never,Most Days,Never,Every Day,7
Never,Some Days,Some Days,Some Days,7
Never,Some Days,Some Days,Most Days,7
Never,Some Days,Some Days,Every Day,6
Never,Every Day,Every Day,Never,6
Never,Never,Never,Some Days,8
Never,Never,Never,Every Day,9
Never,Never,Never,Every Day,7
Never,Never,Never,Every Day,6
Never,Never,Never,Most Days,10
Some Days,Never,Never,Never,9
Never,Never,Some Days,Most Days,9
Every Day,Every Day,Never,Some Days,4
Never,Every Day,Never,Most Days,5
Every Day,Most Days,Some Days,Some Days,8
Never,Some Days,Every Day,Every Day,7
Every Day,Some Days,Some Days,Some Days,7
Never,Most Days,Never,Some Days,6
Never,Never,Never,Some Days,8
Never,Some Days,Some Days,Most Days,7
Never,Every Day,Never,Some Days,8
Never,Never,Never,Most Days,7
Never,Most Days,Every Day,Some Days,6
Never,Never,Some Days,Most Days,7
Never,Some Days,Some Days,Most Days,8
Never,Every Day,Every Day,Some Days,2
Never,Some Days,Never,Most Days,8
Some Days,Some Days,Some Days,Most Days,8
Never,Some Days,Never,Most Days,9
Some Days,Never,Some Days,Most Days,8
Never,Never,Some Days,Most Days,6
Some Days,Some Days,Most Days,Some Days,7
Never,Never,Never,Some Days,12
Never,Never,Never,Every Day,8
Never,Never,Never,Most Days,7
Never,Never,Never,Most Days,7
Never,Never,Some Days,Most Days,8
Never,Never,Never,Most Days,7
Never,Never,Never,Most Days,8
Never,Every Day,Some Days,Never,6
Some Days,Some Days,Some Days,Most Days,9
Never,Never,Never,Most Days,7
Never,Some Days,Never,Every Day,8
Never,Never,Some Days,Some Days,8
Never,Every Day,Never,Most Days,8
Never,Some Days,Some Days,Every Day,8
Never,Every Day,Never,Every Day,8
Never,Some Days,Never,Most Days,8
Never,Never,Never,Most Days,7
Never,Some Days,Most Days,Some Days,5
Never,Some Days,Some Days,Most Days,8
Never,Never,Never,Most Days,8
Never,Never,Never,Most Days,8
Never,Never,Some Days,Some Days,6
Never,Never,Never,Most Days,7
Never,Some Days,Never,Most Days,8
Some Days,Every Day,Most Days,Some Days,5
Never,Never,Some Days,Some Days,7
Never,Every Day,Most Days,Some Days,19
Some Days,Every Day,Never,Some Days,9
Some Days,Every Day,Some Days,Some Days,9
Never,Never,Never,Most Days,9
Never,Never,Never,Every Day,8
Never,Some Days,Never,Every Day,7
Never,Some Days,Never,Every Day,7
Never,Never,Some Days,Some Days,6
Never,Never,Most Days,Never,4
Never,Never,Every Day,Every Day,8
Never,Never,Some Days,Most Days,7
Never,Some Days,Some Days,Most Days,6
Never,Never,Never,Every Day,6
Never,Never,Never,Most Days,8
Never,Some Days,Most Days,Most Days,6
Never,Every Day,Never,Some Days,8
Never,Every Day,Some Days,Most Days,6
Never,Never,Never,Every Day,6
Most Days,Never,Never,Most Days,6
Never,Never,Some Days,Every Day,5
Never,Never,Never,Every Day,7
Never,Some Days,Some Days,Some Days,6
Every Day,Some Days,Some Days,Most Days,7
Never,Every Day,Every Day,Never,7
Every Day,Some Days,Some Days,Never,6
Never,Never,Never,Most Days,10
Never,Never,Never,Most Days,7
Never,Some Days,Never,Most Days,6
Every Day,Some Days,Never,Most Days,7
Every Day,Never,Never,Every Day,8
Never,Never,Never,Most Days,7
Some Days,Never,Never,Most Days,7
Every Day,Every Day,Every Day,Some Days,4
Every Day,Never,Never,Some Days,8
Every Day,Some Days,Never,Most Days,5
Never,Never,Never,Every Day,8
Never,Every Day,Some Days,Every Day,10
Never,Some Days,Never,Most Days,6
Some Days,Never,Never,Most Days,7
Never,Some Days,Some Days,Some Days,8
Every Day,Never,Never,Some Days,8
Never,Never,Never,Most Days,9
Every Day,Never,Never,Some Days,8
Every Day,Some Days,Never,Some Days,6
Never,Some Days,Some Days,Most Days,8
Never,Most Days,Never,Never,5
Never,Never,Some Days,Some Days,8
Every Day,Some Days,Some Days,Some Days,4
Never,Some Days,Some Days,Every Day,8
Most Days,Never,Some Days,Most Days,8
Never,Never,Never,Most Days,8
Never,Never,Never,Every Day,7
Some Days,Most Days,Most Days,Some Days,5
Every Day,Some Days,Some Days,Some Days,8
Never,Never,Never,Most Days,7
Some Days,Some Days,Some Days,Some Days,7
Never,Never,Never,Most Days,8
Never,Never,Never,Every Day,8
Never,Some Days,Never,Some Days,8
Every Day,Some Days,Some Days,Some Days,7
Never,Never,Never,Most Days,8
Never,Never,Never,Every Day,7
Never,Some Days,Most Days,Never,5
Never,Every Day,Every Day,Never,3
Some Days,Most Days,Most Days,Some Days,7
Never,Never,Never,Most Days,7
Never,Never,Never,Most Days,7
Never,Never,Never,Most Days,14
Never,Some Days,Some Days,Most Days,7
Never,Some Days,Never,Most Days,8
Never,Never,Never,Most Days,7
Never,Never,Never,Most Days,8
Never,Never,Never,Some Days,6
Never,Never,Never,Most Days,8
Never,Never,Never,Most Days,7
Every Day,Most Days,Every Day,Some Days,6
Never,Never,Never,Most Days,6
Never,Never,Never,Most Days,8
Never,Never,Never,Never,6
Most Days,Some Days,Some Days,Some Days,6
Never,Never,Never,Every Day,8
Never,Never,Never,Every Day,6
Never,Some Days,Some Days,Most Days,6
Never,Never,Never,Every Day,7
Never,Never,Never,Some Days,9
Never,Some Days,Some Days,Most Days,8
Never,Never,Never,Some Days,8
Never,Some Days,Some Days,Every Day,9
Never,Never,Never,Every Day,7
Never,Some Days,Never,Every Day,7
Never,Every Day,Never,Every Day,8
Never,Never,Never,Some Days,7
Never,Some Days,Some Days,Most Days,8
Never,Never,Never,Every Day,8
Never,Some Days,Some Days,Some Days,6
Never,Never,Never,Some Days,6
Some Days,Most Days,Some Days,Some Days,5
Never,Never,Some Days,Every Day,7
Never,Some Days,Never,Some Days,6
Never,Never,Never,Most Days,7
Never,Every Day,Some Days,Never,8
Never,Some Days,Most Days,Most Days,8
Never,Most Days,Some Days,Some Days,6
Most Days,Some Days,Some Days,Most Days,7
Every Day,Never,Some Days,Most Days,9
Never,Some Days,Never,Most Days,8
Never,Never,Some Days,Most Days,10
Some Days,Never,Never,Most Days,7
Every Day,Some Days,Never,Most Days,7
Never,Some Days,Never,Every Day,7
Never,Every Day,Never,Some Days,4
Some Days,Never,Some Days,Most Days,7
Never,Some Days,Some Days,Some Days,7
Never,Never,Never,Some Days,5
Never,Never,Every Day,Never,5
Never,Most Days,Never,Some Days,7
Never,Never,Never,Every Day,8
Never,Never,Never,Every Day,7
Never,Some Days,Every Day,Most Days,7
Most Days,Some Days,Every Day,Some Days,8
Never,Never,Never,Most Days,8
Never,Never,Some Days,Never,7
Never,Never,Never,Most Days,7
Never,Never,Never,Never,8
Never,Never,Never,Some Days,6
Never,Some Days,Some Days,Every Day,8
Never,Every Day,Every Day,Never,4
Never,Never,Never,Every Day,7
Every Day,Every Day,Every Day,Some Days,5
Never,Never,Never,Most Days,8
Never,Never,Some Days,Every Day,9
Some Days,Every Day,Every Day,Never,4
Never,Never,Never,Some Days,6
Never,Some Days,Some Days,Never,6
Never,Some Days,Never,Never,7
Some Days,Never,Some Days,Most Days,9
Never,Never,Never,Most Days,8
Some Days,Most Days,Some Days,Some Days,7
Never,Never,Some Days,Most Days,8
Never,Some Days,Never,Most Days,8
Some Days,Some Days,Some Days,Some Days,6
Never,Never,Some Days,Some Days,8
Some Days,Never,Some Days,Most Days,7
Never,Never,Never,Some Days,8
Every Day,Some Days,Some Days,Most Days,6
Never,Some Days,Some Days,Some Days,6
Never,Never,Never,Most Days,5
Never,Most Days,Some Days,Some Days,6
Every Day,Never,Some Days,Most Days,9
Never,Never,Never,Every Day,8
Never,Never,Some Days,Most Days,7
Never,Some Days,Some Days,Most Days,6
Never,Never,Some Days,Some Days,7
Never,Some Days,Some Days,Some Days,6
Never,Some Days,Some Days,Some Days,7
Some Days,Some Days,Some Days,Most Days,6
Never,Most Days,Some Days,Most Days,8
Some Days,Some Days,Some Days,Never,6
Some Days,Every Day,Never,Never,7
Every Day,Some Days,Some Days,Most Days,8
Every Day,Some Days,Some Days,Most Days,7
Every Day,Every Day,Every Day,Never,9
Never,Never,Never,Most Days,6
Never,Never,Some Days,Most Days,8
Never,Never,Some Days,Most Days,7
Every Day,Never,Never,Every Day,6
Never,Never,Never,Every Day,8
Never,Some Days,Never,Some Days,7
Every Day,Every Day,Every Day,Some Days,7
Never,Never,Never,Most Days,6
Some Days,Most Days,Most Days,Some Days,6
Some Days,Some Days,Some Days,Most Days,7
Never,Never,Never,Most Days,7
Never,Never,Never,Never,8
Every Day,Some Days,Every Day,Never,7
Never,Never,Never,Every Day,8
Never,Never,Never,Most Days,6
Never,Never,Never,Most Days,8
Never,Never,Never,Every Day,7
Never,Some Days,Some Days,Most Days,7
Never,Never,Never,Every Day,10
Every Day,Some Days,Some Days,Some Days,6
Never,Some Days,Never,Every Day,7
Most Days,Every Day,Most Days,Most Days,8
Every Day,Every Day,Every Day,Some Days,6
Never,Some Days,Never,Some Days,7
Most Days,Most Days,Some Days,Never,9
Never,Most Days,Never,Some Days,8
Never,Never,Some Days,Most Days,7
Every Day,Never,Some Days,Most Days,8
Never,Some Days,Most Days,Some Days,6
Every Day,Never,Never,Some Days,7
Some Days,Some Days,Some Days,Every Day,7
Never,Never,Some Days,Never,6
Never,Some Days,Some Days,Most Days,8
Never,Some Days,Never,Most Days,7
Some Days,Most Days,Most Days,Some Days,12
Never,Never,Never,Some Days,7
Never,Never,Never,Some Days,7
Never,Some Days,Never,Most Days,7
Never,Never,Some Days,Most Days,7
Some Days,Some Days,Some Days,Every Day,7
Never,Never,Most Days,Most Days,6
Never,Every Day,Never,Never,5
Never,Some Days,Some Days,Some Days,6
Never,Every Day,Never,Some Days,5
Never,Never,Never,Never,6
Never,Some Days,Never,Never,12
Some Days,Some Days,Never,Most Days,7
Never,Some Days,Some Days,Some Days,6
Never,Some Days,Most Days,Some Days,6
Never,Some Days,Some Days,Some Days,6
Some Days,Most Days,Some Days,Most Days,8
Never,Some Days,Some Days,Some Days,7
Never,Some Days,Some Days,Most Days,6
Never,Never,Never,Every Day,7
Never,Never,Never,Most Days,7
Never,Never,Never,Most Days,10
Some Days,Some Days,Some Days,Some Days,6
Never,Never,Some Days,Some Days,7
Never,Some Days,Some Days,Most Days,7
Never,Some Days,Some Days,Never,7
Never,Most Days,Most Days,Most Days,4
Never,Some Days,Never,Some Days,10
Some Days,Some Days,Some Days,Most Days,7
Never,Never,Some Days,Most Days,8
Some Days,Most Days,Some Days,Some Days,8
Never,Never,Some Days,Most Days,7
Never,Most Days,Never,Most Days,6
Never,Most Days,Most Days,Some Days,7
Never,Every Day,Every Day,Some Days,5
Never,Some Days,Some Days,Most Days,8
Never,Never,Never,Every Day,8
Never,Every Day,Every Day,Some Days,4
Never,Never,Never,Most Days,8
Never,Some Days,Some Days,Some Days,8
Never,Never,Never,Every Day,6
Never,Some Days,Never,Some Days,8
Never,Never,Never,Every Day,8
Never,Some Days,Never,Most Days,8
Never,Never,Never,Most Days,7
Some Days,Some Days,Some Days,Most Days,9
Never,Some Days,Never,Most Days,6
Never,Every Day,Never,Every Day,4
Never,Never,Some Days,Most Days,7
Every Day,Some Days,Most Days,Most Days,8
Every Day,Most Days,Every Day,Some Days,5
Never,Some Days,Most Days,Some Days,6
Never,Never,Never,Most Days,7
Never,Never,Never,Most Days,9
Never,Never,Never,Some Days,7
Never,Never,Never,Some Days,7
Never,Some Days,Some Days,Most Days,7
Never,Some Days,Never,Most Days,8
Never,Never,Never,Most Days,5
Never,Never,Never,Some Days,7
Some Days,Most Days,Most Days,Some Days,6
Never,Never,Never,Most Days,6
Never,Every Day,Never,Some Days,9
Some Days,Every Day,Some Days,Never,4
Never,Most Days,Some Days,Most Days,7
Never,Never,Some Days,Some Days,8
Every Day,Never,Some Days,Most Days,7
Never,Never,Never,Most Days,8
Every Day,Every Day,Most Days,Some Days,4
Never,Never,Never,Most Days,8
Never,Never,Never,Most Days,8
Never,Some Days,Some Days,Most Days,7
Every Day,Some Days,Never,Most Days,8
Some Days,Some Days,Some Days,Most Days,7
Never,Never,Never,Every Day,7
Never,Never,Never,Some Days,6
Never,Some Days,Some Days,Some Days,10
Never,Some Days,Never,Some Days,7
Some Days,Most Days,Never,Never,6
Every Day,Some Days,Some Days,Most Days,7
Never,Some Days,Some Days,Most Days,7
Never,Some Days,Never,Some Days,8
Every Day,Some Days,Some Days,Never,6
Most Days,Some Days,Some Days,Some Days,6
Never,Never,Never,Every Day,8
Never,Never,Some Days,Every Day,5
Never,Most Days,Never,Some Days,6
Never,Never,Never,Every Day,8
Never,Most Days,Never,Some Days,6
Never,Never,Never,Some Days,7
Never,Never,Never,Some Days,7
Never,Never,Never,Every Day,8
Never,Never,Never,Every Day,8
Never,Most Days,Most Days,Never,7
Never,Never,Some Days,Most Days,7
Never,Some Days,Some Days,Most Days,6
Never,Some Days,Some Days,Most Days,6
Never,Some Days,Some Days,Most Days,8
Never,Some Days,Some Days,Most Days,8
Never,Never,Never,Some Days,12
Never,Most Days,Some Days,Most Days,6
Never,Never,Never,Never,4
Every Day,Every Day,Every Day,Some Days,5
Some Days,Most Days,Most Days,Some Days,9
Some Days,Some Days,Never,Never,7
Never,Some Days,Some Days,Some Days,6
Never,Never,Never,Some Days,8
Never,Never,Never,Every Day,7
Every Day,Never,Never,Most Days,7
Every Day,Never,Never,Some Days,8
Never,Most Days,Never,Never,6
Never,Some Days,Some Days,Never,5
Never,Never,Some Days,Most Days,6
Never,Some Days,Some Days,Every Day,8
Never,Some Days,Most Days,Some Days,6
Most Days,Some Days,Never,Most Days,8
Every Day,Never,Never,Most Days,8
Never,Every Day,Every Day,Never,4
Never,Some Days,Some Days,Some Days,10
Never,Never,Never,Some Days,9
Never,Every Day,Most Days,Some Days,7
Most Days,Some Days,Some Days,Most Days,8
Never,Never,Never,Every Day,8
Never,Never,Never,Most Days,8
Never,Some Days,Never,Some Days,8
Some Days,Never,Some Days,Some Days,6
Never,Never,Never,Most Days,6
Most Days,Some Days,Some Days,Some Days,8
Never,Never,Never,Some Days,7
Never,Never,Never,Most Days,7
Never,Some Days,Some Days,Every Day,8
Never,Never,Never,Every Day,9
Never,Every Day,Most Days,Every Day,8
Never,Some Days,Some Days,Some Days,7
Never,Never,Some Days,Never,8
Never,Some Days,Never,Most Days,7
Some Days,Never,Some Days,Some Days,6
Every Day,Every Day,Never,Some Days,7
Never,Every Day,Every Day,Some Days,7
Never,Never,Some Days,Most Days,7
Never,Never,Never,Some Days,6
Never,Never,Some Days,Most Days,6
Some Days,Some Days,Some Days,Most Days,7
Some Days,Every Day,Every Day,Some Days,6
Never,Most Days,Some Days,Some Days,6
Never,Some Days,Most Days,Some Days,6
Never,Some Days,Some Days,Most Days,7
Never,Never,Never,Most Days,8
Never,Most Days,Some Days,Most Days,7
Every Day,Every Day,Most Days,Never,4
Never,Every Day,Never,Some Days,5
Some Days,Some Days,Some Days,Most Days,8
Never,Never,Never,Every Day,8
Never,Never,Never,Never,20
Most Days,Most Days,Some Days,Most Days,8
Every Day,Some Days,Never,Every Day,5
Never,Never,Never,Every Day,8
Never,Some Days,Some Days,Never,6
Never,Never,Some Days,Some Days,7
Every Day,Some Days,Most Days,Some Days,5
Never,Some Days,Most Days,Some Days,6
Never,Never,Some Days,Most Days,6
Every Day,Every Day,Every Day,Never,6
Every Day,Never,Most Days,Some Days,11
Never,Some Days,Some Days,Some Days,8
Never,Never,Never,Every Day,7
Every Day,Some Days,Most Days,Most Days,8
Every Day,Never,Some Days,Most Days,8
Never,Some Days,Some Days,Most Days,7
Never,Never,Some Days,Most Days,8
Never,Some Days,Some Days,Most Days,8
Never,Some Days,Never,Most Days,8
Some Days,Never,Some Days,Some Days,7
Some Days,Some Days,Most Days,Some Days,7
Never,Never,Never,Some Days,8
Never,Never,Some Days,Most Days,9
Never,Every Day,Most Days,Some Days,5
Never,Some Days,Never,Some Days,8
Never,Never,Never,Some Days,7
Never,Every Day,Never,Never,7
Never,Some Days,Some Days,Most Days,8
Some Days,Some Days,Never,Most Days,7
Every Day,Some Days,Never,Most Days,7
Never,Never,Never,Every Day,8
Never,Never,Never,Every Day,5
Never,Never,Never,Most Days,5
Never,Never,Never,Some Days,4
Never,Never,Never,Every Day,7
Never,Never,Never,Every Day,8
Never,Never,Never,Most Days,7
Never,Never,Never,Some Days,6
Some Days,Most Days,Every Day,Some Days,10
Never,Some Days,Some Days,Some Days,7
Never,Every Day,Every Day,Never,6
Some Days,Some Days,Some Days,Most Days,7
Never,Most Days,Every Day,Most Days,5
Some Days,Some Days,Never,Most Days,8
Some Days,Never,Some Days,Some Days,7
Never,Some Days,Some Days,Most Days,7
Never,Never,Never,Most Days,8
Never,Never,Never,Every Day,7
Never,Most Days,Most Days,Some Days,6
Never,Never,Some Days,Some Days,7
Never,Never,Never,Some Days,7
Never,Never,Never,Most Days,7
Never,Every Day,Every Day,Never,5
Some Days,Some Days,Some Days,Most Days,7
Never,Never,Never,Never,8
Never,Most Days,Most Days,Some Days,7
Never,Never,Never,Every Day,8
Never,Some Days,Some Days,Most Days,7
Never,Never,Never,Most Days,8
Never,Never,Never,Most Days,7
Never,Every Day,Every Day,Never,5
Some Days,Never,Some Days,Some Days,6
Most Days,Most Days,Some Days,Never,7
Never,Never,Never,Most Days,8
Never,Some Days,Never,Some Days,8
Some Days,Some Days,Some Days,Most Days,8
Never,Never,Never,Most Days,8
Never,Some Days,Never,Never,8
Never,Never,Never,Most Days,6
Never,Never,Never,Most Days,7
Never,Some Days,Never,Every Day,7
Never,Some Days,Never,Every Day,7
Never,Never,Never,Every Day,8
Never,Every Day,Every Day,Never,4
Never,Never,Never,Most Days,8
Never,Never,Never,Most Days,5
Never,Some Days,Some Days,Most Days,6
Never,Never,Never,Most Days,8
Never,Never,Never,Every Day,6
Never,Never,Never,Most Days,8
Never,Never,Never,Most Days,7
Never,Some Days,Some Days,Some Days,6
Never,Never,Never,Most Days,7
Never,Never,Never,Every Day,6
Never,Never,Never,Most Days,8
Never,Never,Never,Every Day,7
Never,Most Days,Never,Some Days,5
Never,Never,Some Days,Every Day,6
Never,Some Days,Some Days,Some Days,10
Never,Every Day,Never,Some Days,6
Never,Never,Some Days,Most Days,6
Never,Some Days,Some Days,Some Days,10
Never,Never,Some Days,Most Days,8
Never,Never,Never,Some Days,8
Never,Some Days,Never,Some Days,5
Never,Most Days,Most Days,Never,4
Never,Some Days,Some Days,Most Days,5
Never,Never,Never,Most Days,7
Never,Some Days,Some Days,Every Day,10
Never,Never,Never,Most Days,7
Never,Never,Never,Most Days,9
Never,Most Days,Never,Some Days,7
Never,Some Days,Never,Most Days,8
Every Day,Never,Never,Every Day,8
Never,Some Days,Some Days,Most Days,6
Never,Never,Some Days,Most Days,8
Never,Never,Some Days,Most Days,8
Never,Some Days,Never,Every Day,11
Never,Never,Never,Most Days,7
Never,Some Days,Some Days,Some Days,7
Never,Never,Never,Most Days,8
Never,Never,Some Days,Some Days,8
Never,Every Day,Never,Most Days,7
Never,Some Days,Some Days,Some Days,5
Some Days,Never,Some Days,Most Days,7
Never,Most Days,Most Days,Some Days,6
Never,Never,Some Days,Most Days,7
Never,Never,Never,Most Days,9
Never,Never,Never,Some Days,8
Never,Some Days,Never,Some Days,6
Never,Some Days,Never,Every Day,7
Never,Most Days,Never,Every Day,8
Never,Never,Never,Every Day,8
Most Days,Some Days,Most Days,Most Days,8
Never,Never,Never,Every Day,6
Never,Some Days,Never,Some Days,5
Never,Some Days,Some Days,Most Days,7
Every Day,Every Day,Every Day,Some Days,5
Never,Every Day,Some Days,Some Days,8
Never,Some Days,Some Days,Some Days,10
Never,Never,Never,Most Days,6
Never,Never,Most Days,Some Days,7
Never,Some Days,Some Days,Most Days,8
Never,Never,Never,Most Days,5
Never,Some Days,Never,Most Days,7
Every Day,Most Days,Most Days,Some Days,6
Never,Never,Never,Every Day,7
Never,Some Days,Some Days,Most Days,8
Never,Most Days,Some Days,Some Days,6
Never,Never,Some Days,Most Days,6
Never,Some Days,Never,Most Days,7
Every Day,Every Day,Every Day,Never,6
Never,Never,Never,Most Days,8
Never,Never,Some Days,Most Days,7
Never,Never,Never,Every Day,8
Never,Some Days,Some Days,Some Days,8
Never,Never,Never,Every Day,6
Never,Never,Some Days,Some Days,7
Never,Most Days,Never,Most Days,6
Never,Never,Never,Some Days,6
Some Days,Most Days,Most Days,Some Days,7
Never,Some Days,Most Days,Some Days,7
Every Day,Never,Every Day,Some Days,6
Never,Never,Never,Most Days,7
Never,Never,Never,Some Days,6
Some Days,Most Days,Never,Some Days,6
Never,Some Days,Some Days,Most Days,6
Never,Never,Some Days,Every Day,7
Never,Some Days,Some Days,Most Days,7
Never,Some Days,Some Days,Some Days,7
Never,Every Day,Every Day,Never,13
Never,Some Days,Some Days,Some Days,7
Never,Never,Never,Most Days,7
Never,Some Days,Some Days,Most Days,7
Every Day,Most Days,Most Days,Some Days,5
Most Days,Some Days,Some Days,Most Days,7
Never,Some Days,Never,Some Days,7
Never,Some Days,Some Days,Most Days,7
Never,Some Days,Some Days,Every Day,7
Never,Most Days,Most Days,Most Days,6
Never,Some Days,Some Days,Most Days,9
Never,Never,Never,Some Days,6
Some Days,Some Days,Some Days,Most Days,5
Never,Never,Never,Most Days,7
Never,Never,Never,Most Days,8
Some Days,Some Days,Some Days,Most Days,6
Never,Some Days,Some Days,Most Days,7
Never,Never,Some Days,Most Days,6
Never,Some Days,Some Days,Some Days,5
Never,Never,Never,Most Days,8
Never,Never,Never,Most Days,8
Some Days,Some Days,Some Days,Most Days,4
Never,Some Days,Never,Most Days,8
Never,Some Days,Some Days,Some Days,8
Never,Some Days,Some Days,Most Days,7
Never,Never,Never,Most Days,6
Never,Some Days,Some Days,Some Days,6
Never,Never,Never,Most Days,8
Never,Never,Some Days,Most Days,7
Never,Most Days,Most Days,Some Days,18
Never,Never,Some Days,Most Days,8
Never,Some Days,Some Days,Most Days,7
Never,Some Days,Never,Some Days,7
Never,Never,Never,Most Days,7
Never,Never,Never,Most Days,8
Never,Most Days,Some Days,Most Days,6
Never,Some Days,Some Days,Some Days,6
Some Days,Most Days,Never,Some Days,8
Never,Never,Never,Most Days,7
Never,Some Days,Some Days,Never,9
Never,Never,Never,Most Days,8
Never,Some Days,Never,Most Days,7
Some Days,Most Days,Most Days,Some Days,5
Never,Some Days,Some Days,Some Days,7
Some Days,Never,Some Days,Most Days,8
Some Days,Some Days,Some Days,Most Days,7
Never,Never,Some Days,Most Days,8
Never,Some Days,Some Days,Most Days,8
Never,Some Days,Some Days,Never,5
Some Days,Some Days,Most Days,Some Days,6
Never,Some Days,Some Days,Some Days,6
Never,Never,Some Days,Most Days,7
Most Days,Most Days,Most Days,Never,8
Never,Most Days,Some Days,Never,6
Never,Never,Never,Most Days,6
Never,Never,Never,Most Days,6
Never,Never,Never,Some Days,7
Never,Never,Some Days,Most Days,6
Most Days,Most Days,Never,Some Days,7
Never,Some Days,Most Days,Most Days,8
Never,Some Days,Some Days,Most Days,6
Most Days,Most Days,Most Days,Never,7
Never,Never,Never,Some Days,8
Never,Never,Some Days,Most Days,7
Never,Never,Never,Some Days,10
Some Days,Some Days,Some Days,Some Days,7
Never,Never,Never,Most Days,5
Never,Never,Some Days,Most Days,10
Never,Some Days,Some Days,Some Days,6
Never,Never,Some Days,Every Day,8
Never,Some Days,Some Days,Most Days,8
Some Days,Some Days,Some Days,Most Days,7
Never,Some Days,Most Days,Some Days,6
Never,Never,Some Days,Most Days,8
Never,Some Days,Never,Every Day,8
Never,Never,Most Days,Most Days,6
Never,Never,Never,Most Days,8
Never,Never,Never,Most Days,8
Never,Some Days,Some Days,Some Days,10
Never,Never,Never,Some Days,7
Never,Never,Never,Most Days,7
Never,Never,Never,Never,8
Never,Never,Never,Never,7
Never,Never,Never,Every Day,8
Never,Every Day,Never,Some Days,6
Every Day,Most Days,Some Days,Some Days,8
Never,Never,Never,Most Days,7
Every Day,Most Days,Some Days,Some Days,6
Never,Never,Never,Some Days,5
Never,Never,Never,Some Days,6
Never,Never,Never,Most Days,6
Never,Never,Most Days,Most Days,8
Never,Never,Never,Every Day,8
Some Days,Some Days,Every Day,Some Days,5
Never,Never,Never,Most Days,7
Never,Never,Never,Every Day,7
Never,Most Days,Never,Some Days,6
Never,Every Day,Most Days,Most Days,7
Never,Never,Never,Every Day,8
Never,Never,Never,Most Days,9
Every Day,Some Days,Some Days,Some Days,7
Never,Never,Never,Most Days,7
Never,Some Days,Never,Never,6
Never,Never,Never,Every Day,8
Never,Never,Some Days,Most Days,7
Some Days,Most Days,Most Days,Some Days,8
Never,Some Days,Never,Every Day,5
Some Days,Every Day,Most Days,Never,8
Never,Never,Never,Most Days,7
Never,Some Days,Some Days,Most Days,7
Some Days,Most Days,Most Days,Some Days,5
Never,Most Days,Some Days,Some Days,6
Never,Some Days,Never,Some Days,6
Never,Most Days,Never,Some Days,8
Never,Never,Never,Most Days,8
Never,Never,Some Days,Every Day,8
Never,Every Day,Never,Never,4
Never,Some Days,Some Days,Some Days,5
Every Day,Most Days,Never,Some Days,6
Never,Most Days,Most Days,Some Days,8
Every Day,Some Days,Never,Most Days,10
Never,Most Days,Some Days,Some Days,5
Never,Some Days,Never,Most Days,7
Never,Some Days,Never,Most Days,8
Never,Some Days,Never,Most Days,8
Never,Some Days,Most Days,Some Days,7
Never,Some Days,Some Days,Never,8
Never,Some Days,Never,Most Days,7
Never,Some Days,Some Days,Some Days,7
Never,Never,Never,Most Days,7
Never,Never,Never,Every Day,6
Never,Most Days,Never,Some Days,8
Some Days,Most Days,Most Days,Some Days,6
Some Days,Some Days,Never,Most Days,8
Never,Some Days,Some Days,Most Days,7
Never,Never,Never,Every Day,7
Never,Most Days,Some Days,Most Days,9
Never,Some Days,Some Days,Most Days,8
Most Days,Every Day,Some Days,Most Days,9
Never,Every Day,Never,Never,7
Never,Some Days,Some Days,Most Days,8
Never,Some Days,Some Days,Never,5
Never,Every Day,Never,Most Days,6
Never,Never,Never,Most Days,7
Never,Most Days,Never,Some Days,7
Most Days,Some Days,Most Days,Most Days,8
Most Days,Most Days,Never,Some Days,6
Never,Never,Never,Most Days,8
Never,Never,Never,Some Days,4
Every Day,Some Days,Some Days,Some Days,8
Most Days,Most Days,Most Days,Never,7
Never,Some Days,Some Days,Most Days,7
Never,Never,Never,Every Day,8
Never,Never,Never,Some Days,5
Never,Most Days,Some Days,Every Day,7
Never,Never,Never,Some Days,7
Never,Never,Never,Some Days,7
Never,Some Days,Some Days,Most Days,7
Never,Most Days,Never,Every Day,6
Never,Never,Never,Most Days,6
Never,Some Days,Never,Every Day,8
Never,Never,Never,Most Days,7
Never,Most Days,Some Days,Some Days,6
Never,Some Days,Some Days,Most Days,6
Never,Some Days,Never,Most Days,7
Never,Never,Some Days,Some Days,8
Never,Never,Never,Most Days,6
Never,Never,Never,Some Days,9
Never,Never,Never,Most Days,6
Never,Never,Never,Some Days,7
Never,Some Days,Some Days,Some Days,6
Never,Some Days,Never,Never,7
Never,Most Days,Most Days,Some Days,4
Never,Most Days,Some Days,Some Days,5
Never,Never,Never,Most Days,7
Never,Never,Some Days,Most Days,7
Never,Some Days,Some Days,Most Days,8
Never,Some Days,Every Day,Never,6
Never,Some Days,Some Days,Every Day,8
Never,Never,Never,Every Day,9
Never,Some Days,Some Days,Some Days,6
Never,Never,Some Days,Some Days,9
Never,Most Days,Most Days,Some Days,6
Some Days,Some Days,Most Days,Every Day,6
Never,Every Day,Never,Never,7
Never,Never,Never,Some Days,6
Never,Some Days,Some Days,Most Days,8
Every Day,Never,Most Days,Some Days,9
Never,Some Days,Never,Most Days,5
Some Days,Some Days,Some Days,Some Days,8
Never,Some Days,Some Days,Never,7
Never,Never,Never,Most Days,8
Never,Every Day,Some Days,Never,7
Never,Every Day,Never,Most Days,7
Never,Never,Never,Most Days,9
Never,Never,Some Days,Most Days,7
Some Days,Some Days,Never,Most Days,6
Never,Never,Some Days,Some Days,6
Never,Never,Some Days,Most Days,7
Some Days,Every Day,Every Day,Some Days,5
Never,Never,Some Days,Some Days,7
Never,Some Days,Some Days,Most Days,8
Never,Never,Never,Every Day,8
Never,Never,Never,Every Day,7
Never,Never,Never,Every Day,8
Never,Some Days,Some Days,Never,8
Every Day,Some Days,Some Days,Some Days,7
Never,Most Days,Most Days,Some Days,6
Most Days,Some Days,Some Days,Some Days,6
Never,Never,Never,Every Day,7
Some Days,Some Days,Some Days,Most Days,7
Never,Every Day,Some Days,Most Days,8
Never,Some Days,Never,Most Days,7
Never,Some Days,Some Days,Some Days,5
Never,Never,Most Days,Some Days,7
Never,Some Days,Never,Every Day,8
Never,Most Days,Most Days,Never,4
Never,Some Days,Never,Most Days,8
Some Days,Never,Never,Most Days,8
Never,Some Days,Never,Most Days,7
Never,Never,Never,Most Days,7
Never,Never,Never,Some Days,8
Never,Most Days,Some Days,Some Days,6
Never,Never,Never,Every Day,9
Never,Some Days,Some Days,Most Days,6
Never,Every Day,Some Days,Some Days,6
Never,Some Days,Some Days,Some Days,6
Every Day,Never,Never,Most Days,7
Never,Never,Never,Some Days,7
Never,Never,Never,Most Days,7
Every Day,Every Day,Never,Never,5
Never,Never,Never,Every Day,10
Never,Never,Never,Most Days,7
Never,Some Days,Never,Most Days,7
Never,Never,Never,Most Days,10
Never,Never,Never,Most Days,7
Never,Never,Never,Most Days,7
Never,Some Days,Some Days,Never,7
Never,Every Day,Every Day,Some Days,6
Never,Some Days,Never,Most Days,8
Every Day,Some Days,Every Day,Some Days,8
Never,Some Days,Never,Most Days,7
Never,Never,Some Days,Some Days,7
Never,Never,Never,Most Days,7
Every Day,Some Days,Every Day,Some Days,6
Every Day,Some Days,Never,Most Days,7
Every Day,Some Days,Never,Never,3
Never,Some Days,Never,Most Days,8
Never,Every Day,Every Day,Never,8
Never,Never,Never,Most Days,7
Never,Never,Some Days,Most Days,7
Never,Never,Never,Most Days,8
Never,Some Days,Never,Most Days,5
Never,Some Days,Some Days,Most Days,8
Every Day,Some Days,Never,Never,7
Never,Never,Never,Some Days,6
Never,Never,Never,Some Days,5
Never,Never,Never,Every Day,8
Every Day,Most Days,Most Days,Some Days,5
Some Days,Never,Never,Every Day,9
Some Days,Never,Some Days,Every Day,8
Never,Some Days,Some Days,Some Days,6
Every Day,Some Days,Some Days,Never,7
Never,Never,Never,Never,10
Never,Some Days,Some Days,Most Days,7
Never,Most Days,Never,Some Days,8
Never,Some Days,Some Days,Most Days,7
Every Day,Every Day,Every Day,Never,4
Never,Most Days,Never,Some Days,8
Never,Never,Some Days,Never,7
Never,Never,Never,Every Day,7
Never,Never,Never,Every Day,7
Never,Never,Some Days,Some Days,8
Never,Never,Some Days,Some Days,6
Never,Some Days,Some Days,Most Days,7
Never,Every Day,Some Days,Some Days,7
Never,Never,Never,Never,8
Never,Never,Never,Never,6
Never,Never,Never,Never,7
Some Days,Never,Never,Some Days,7
Never,Never,Some Days,Some Days,7
Never,Never,Never,Every Day,7
Never,Never,Never,Some Days,8
Never,Never,Never,Never,6
Never,Most Days,Some Days,Some Days,6
Never,Never,Never,Most Days,7
Every Day,Some Days,Some Days,Some Days,7
Never,Never,Never,Every Day,8
Never,Never,Some Days,Most Days,7
Most Days,Most Days,Most Days,Never,6
Every Day,Every Day,Every Day,Never,6
Never,Never,Never,Never,8
Never,Never,Never,Every Day,8
Never,Never,Some Days,Most Days,6
Never,Never,Some Days,Every Day,9
Every Day,Every Day,Some Days,Never,6
Never,Every Day,Never,Some Days,9
Never,Never,Never,Never,7
Never,Never,Never,Most Days,9
Never,Never,Never,Some Days,6
Never,Never,Never,Some Days,12
Every Day,Never,Every Day,Every Day,8
Never,Never,Never,Some Days,6
Never,Most Days,Some Days,Every Day,5
Never,Never,Never,Most Days,7
Never,Never,Some Days,Most Days,6
Never,Never,Never,Some Days,9
Never,Never,Every Day,Some Days,10
Never,Never,Never,Most Days,7
Never,Never,Never,Never,7
Never,Never,Never,Most Days,7
Never,Never,Never,Some Days,6
Never,Some Days,Some Days,Some Days,8
Never,Never,Never,Every Day,6
Never,Some Days,Some Days,Some Days,6
Never,Some Days,Some Days,Some Days,6
Every Day,Most Days,Most Days,Some Days,7
Every Day,Some Days,Some Days,Some Days,8
Never,Never,Never,Never,5
Never,Never,Some Days,Never,8
Never,Some Days,Some Days,Some Days,6
Never,Never,Never,Most Days,8
Never,Some Days,Most Days,Never,9
Never,Most Days,Never,Some Days,8
Every Day,Never,Most Days,Some Days,7
Never,Never,Never,Most Days,6
Never,Every Day,Every Day,Most Days,4
Never,Every Day,Never,Never,8
Every Day,Most Days,Never,Some Days,6
Never,Some Days,Never,Some Days,6
Never,Never,Never,Most Days,8
Every Day,Some Days,Never,Most Days,7
Some Days,Every Day,Every Day,Never,5
Never,Never,Never,Every Day,4
Every Day,Some Days,Some Days,Every Day,7
Every Day,Every Day,Every Day,Some Days,4
Never,Never,Every Day,Some Days,7
Never,Every Day,Never,Most Days,5
Some Days,Some Days,Some Days,Most Days,7
Every Day,Some Days,Most Days,Some Days,5
Every Day,Some Days,Every Day,Never,6
Never,Never,Some Days,Every Day,7
Never,Never,Never,Most Days,8
Never,Never,Never,Every Day,8
Never,Never,Never,Most Days,8
Never,Never,Never,Most Days,8
Never,Never,Never,Most Days,7
Never,Never,Never,Most Days,7
Never,Never,Never,Every Day,8
Never,Never,Never,Most Days,7
Never,Most Days,Never,Never,6
Never,Every Day,Some Days,Never,6
Never,Never,Never,Most Days,7
Some Days,Most Days,Most Days,Some Days,9
Some Days,Never,Some Days,Some Days,7
Never,Never,Never,Most Days,7
Never,Never,Never,Every Day,8
Never,Most Days,Never,Most Days,8
Some Days,Some Days,Some Days,Never,12
Never,Never,Never,Some Days,6
Some Days,Never,Most Days,Every Day,8
Never,Never,Never,Some Days,8
Never,Some Days,Never,Most Days,7
Every Day,Every Day,Every Day,Never,6
Some Days,Most Days,Most Days,Some Days,7
Some Days,Most Days,Most Days,Some Days,7
Never,Never,Never,Most Days,7
Never,Never,Never,Some Days,6
Never,Never,Some Days,Some Days,8
Never,Never,Never,Most Days,8
Never,Never,Never,Most Days,8
Never,Never,Never,Every Day,15
Never,Most Days,Never,Every Day,7
Never,Most Days,Never,Some Days,5
Never,Never,Never,Most Days,9
Never,Never,Never,Most Days,7
Never,Never,Never,Most Days,8
Never,Some Days,Some Days,Most Days,8
Most Days,Some Days,Most Days,Some Days,5
Never,Some Days,Some Days,Some Days,6
Never,Some Days,Some Days,Some Days,7
Never,Some Days,Never,Most Days,7
Never,Most Days,Some Days,Some Days,9
Never,Never,Never,Most Days,8
Never,Never,Some Days,Some Days,5
Never,Never,Never,Some Days,6
Most Days,Never,Every Day,Some Days,9
Every Day,Some Days,Some Days,Most Days,9
Never,Never,Every Day,Some Days,5
Never,Never,Never,Most Days,7
Every Day,Never,Some Days,Most Days,7
Never,Never,Never,Most Days,6
Never,Never,Never,Some Days,5
Never,Most Days,Some Days,Some Days,10
Never,Some Days,Never,Most Days,8
Never,Most Days,Some Days,Some Days,6
Never,Never,Never,Every Day,8
Never,Most Days,Some Days,Some Days,7
Never,Some Days,Some Days,Most Days,8
Never,Never,Never,Never,8
Never,Most Days,Some Days,Some Days,8
Never,Never,Never,Some Days,7
Never,Never,Never,Every Day,8
Never,Never,Never,Some Days,6
Never,Never,Never,Most Days,8
Never,Never,Never,Every Day,10
Some Days,Never,Never,Never,7
Never,Never,Never,Most Days,7
Every Day,Every Day,Most Days,Some Days,6
Some Days,Never,Some Days,Every Day,8
Never,Never,Most Days,Most Days,8
Never,Never,Never,Most Days,5
Never,Every Day,Never,Most Days,4
Never,Never,Never,Every Day,7
Every Day,Every Day,Every Day,Never,6
Never,Most Days,Never,Some Days,6
Never,Never,Never,Every Day,8
Never,Never,Never,Most Days,7
Never,Some Days,Never,Every Day,8
Never,Never,Never,Most Days,7
Never,Never,Never,Every Day,6
Never,Some Days,Some Days,Most Days,8
Never,Never,Never,Never,4
Never,Some Days,Never,Most Days,6
Never,Some Days,Some Days,Some Days,6
Never,Never,Never,Every Day,7
Never,Never,Never,Most Days,8
Every Day,Never,Some Days,Most Days,7
Never,Some Days,Every Day,Most Days,6
Never,Some Days,Never,Most Days,8
Every Day,Some Days,Never,Never,8
Never,Never,Never,Every Day,9
Never,Never,Some Days,Most Days,10
Never,Never,Some Days,Most Days,8
Never,Some Days,Most Days,Most Days,8
Every Day,Most Days,Most Days,Never,9
Never,Some Days,Most Days,Some Days,6
Some Days,Some Days,Some Days,Most Days,8
Never,Never,Never,Most Days,6
Never,Most Days,Most Days,Never,4
Never,Some Days,Never,Most Days,7
Never,Never,Some Days,Some Days,8
Never,Never,Never,Most Days,8
Never,Never,Some Days,Some Days,6
Never,Never,Never,Every Day,12
Never,Never,Most Days,Some Days,8
Never,Some Days,Some Days,Most Days,6
Never,Never,Never,Every Day,6
Never,Some Days,Some Days,Most Days,7
Never,Some Days,Most Days,Some Days,7
Never,Some Days,Some Days,Some Days,7
Some Days,Never,Some Days,Every Day,6
Never,Some Days,Never,Most Days,7
Never,Some Days,Never,Some Days,6
Never,Most Days,Never,Some Days,6
Every Day,Some Days,Never,Most Days,6
Never,Some Days,Never,Some Days,8
Never,Never,Never,Never,8
Never,Some Days,Never,Most Days,7
Never,Most Days,Never,Some Days,6
Never,Some Days,Never,Most Days,6
Never,Most Days,Never,Some Days,8
Never,Never,Never,Some Days,7
Never,Some Days,Never,Most Days,6
Never,Never,Never,Every Day,9
Never,Never,Never,Most Days,6
Never,Some Days,Never,Never,9
Never,Some Days,Some Days,Some Days,7
Never,Never,Never,Most Days,8
Never,Every Day,Never,Most Days,6
Never,Some Days,Some Days,Most Days,7
Never,Never,Some Days,Most Days,10
Never,Never,Some Days,Never,12
Never,Never,Some Days,Most Days,8
Never,Some Days,Some Days,Most Days,8
Never,Never,Never,Most Days,8
Never,Most Days,Some Days,Some Days,5
Never,Never,Never,Most Days,8
Never,Some Days,Some Days,Most Days,7
Never,Some Days,Some Days,Some Days,7
Never,Some Days,Some Days,Some Days,8
Never,Never,Some Days,Most Days,7
Never,Some Days,Never,Some Days,8
Never,Never,Some Days,Most Days,7
Never,Never,Some Days,Most Days,7
Never,Never,Never,Most Days,8
Never,Some Days,Some Days,Most Days,7
Never,Never,Never,Some Days,8
Never,Some Days,Some Days,Most Days,7
Some Days,Some Days,Never,Most Days,8
Never,Most Days,Never,Most Days,6
Never,Never,Never,Every Day,8
Never,Most Days,Never,Some Days,5
Never,Some Days,Never,Most Days,7
Never,Never,Never,Most Days,7
Some Days,Most Days,Some Days,Most Days,8
Never,Never,Never,Some Days,7
Never,Never,Never,Every Day,7
Never,Most Days,Every Day,Never,6
Never,Never,Never,Most Days,8
Never,Never,Never,Most Days,9
Never,Never,Never,Every Day,8
Never,Never,Never,Never,8
Never,Never,Never,Most Days,6
Never,Some Days,Some Days,Most Days,6
Never,Most Days,Every Day,Never,6
Never,Some Days,Never,Most Days,7
Never,Every Day,Some Days,Most Days,9
Never,Never,Never,Most Days,8
Never,Some Days,Some Days,Some Days,9
Never,Some Days,Some Days,Most Days,7
Never,Some Days,Never,Most Days,8
Never,Some Days,Some Days,Most Days,6
Never,Some Days,Some Days,Some Days,6
Never,Never,Never,Most Days,7
Every Day,Most Days,Most Days,Never,4
Every Day,Some Days,Never,Most Days,7
Never,Never,Never,Most Days,9
Never,Some Days,Some Days,Most Days,6
Never,Some Days,Some Days,Most Days,7
Never,Never,Never,Every Day,13
Never,Never,Never,Never,8
Never,Never,Some Days,Never,6
Every Day,Some Days,Never,Some Days,8
Never,Some Days,Never,Most Days,7
Never,Never,Never,Most Days,11
Never,Most Days,Most Days,Some Days,7
Never,Most Days,Never,Most Days,8
Never,Never,Some Days,Most Days,9
Every Day,Some Days,Never,Most Days,8
Some Days,Some Days,Never,Some Days,6
Some Days,Some Days,Never,Most Days,8
Never,Never,Some Days,Most Days,8
Never,Never,Never,Every Day,8
Never,Most Days,Most Days,Some Days,6
Never,Some Days,Never,Most Days,11
Never,Every Day,Never,Most Days,6
Never,Never,Never,Some Days,6
Some Days,Every Day,Some Days,Most Days,6
Never,Some Days,Some Days,Most Days,6
Never,Never,Some Days,Every Day,8
Never,Every Day,Some Days,Never,7
Never,Never,Some Days,Most Days,8
Some Days,Every Day,Never,Most Days,7
Never,Never,Never,Never,6
Never,Most Days,Never,Some Days,7
Never,Some Days,Never,Some Days,7
Never,Never,Never,Most Days,7
Never,Never,Some Days,Most Days,8
Never,Never,Never,Most Days,8
Never,Never,Never,Some Days,7
Never,Never,Never,Some Days,6
Never,Never,Some Days,Most Days,8
Never,Some Days,Some Days,Most Days,7
Never,Never,Never,Most Days,7
Never,Some Days,Some Days,Some Days,7
Never,Some Days,Never,Some Days,6
Some Days,Never,Never,Never,10
Never,Some Days,Some Days,Some Days,7
Some Days,Some Days,Some Days,Most Days,7
Never,Every Day,Some Days,Never,6
Never,Every Day,Every Day,Never,4
Every Day,Every Day,Every Day,Some Days,12
Never,Never,Never,Most Days,7
Never,Never,Some Days,Most Days,9
Never,Some Days,Never,Some Days,8
Never,Never,Never,Most Days,6
Every Day,Most Days,Never,Never,6
Never,Some Days,Never,Some Days,7
Every Day,Most Days,Every Day,Some Days,4
Never,Never,Most Days,Most Days,7
Never,Some Days,Never,Most Days,8
Never,Every Day,Every Day,Some Days,5
Never,Never,Never,Most Days,7
Never,Never,Never,Every Day,7
Some Days,Never,Every Day,Every Day,5
Never,Never,Never,Most Days,11
Never,Some Days,Never,Some Days,8
Never,Never,Some Days,Most Days,6
Never,Never,Never,Some Days,9
Never,Some Days,Never,Most Days,8
Never,Most Days,Some Days,Most Days,7
Never,Never,Never,Never,7
Never,Never,Never,Most Days,7
Never,Some Days,Never,Most Days,8
Never,Never,Never,Most Days,7
Never,Never,Never,Every Day,6
Never,Never,Never,Some Days,7
Never,Never,Never,Most Days,7
Never,Some Days,Never,Some Days,5
Never,Every Day,Most Days,Some Days,8
Every Day,Every Day,Every Day,Never,5
Never,Most Days,Never,Some Days,7
Every Day,Never,Some Days,Some Days,7
Never,Never,Never,Most Days,7
Never,Some Days,Some Days,Some Days,7
Never,Never,Never,Never,10
Never,Never,Never,Never,8
Never,Some Days,Never,Every Day,8
Never,Never,Never,Every Day,8
Never,Never,Never,Some Days,6
Never,Most Days,Some Days,Some Days,5
Never,Some Days,Never,Never,7
Never,Most Days,Never,Most Days,9
Never,Never,Some Days,Every Day,7
Never,Most Days,Most Days,Some Days,10
Never,Never,Never,Some Days,7
Never,Some Days,Some Days,Some Days,9
Some Days,Most Days,Some Days,Most Days,7
Never,Some Days,Some Days,Most Days,7
Never,Some Days,Never,Most Days,7
Never,Never,Some Days,Never,7
Never,Never,Never,Some Days,5
Never,Some Days,Never,Never,20
Never,Some Days,Never,Some Days,6
Never,Some Days,Some Days,Some Days,6
Never,Some Days,Some Days,Most Days,7
Every Day,Never,Never,Most Days,8
Never,Every Day,Every Day,Never,4
Never,Some Days,Some Days,Some Days,7
Never,Never,Never,Every Day,8
Never,Never,Never,Most Days,7
Never,Never,Never,Most Days,8
Never,Never,Never,Every Day,7
Never,Some Days,Some Days,Most Days,7
Never,Never,Never,Most Days,8
Never,Never,Never,Most Days,7
Never,Never,Never,Most Days,7
Never,Some Days,Never,Most Days,8
Never,Most Days,Every Day,Never,5
Never,Every Day,Every Day,Never,3
Never,Never,Never,Most Days,8
Every Day,Every Day,Every Day,Never,3
Never,Never,Never,Most Days,9
Never,Never,Never,Most Days,8
Some Days,Never,Some Days,Some Days,6
Never,Most Days,Most Days,Some Days,5
Most Days,Most Days,Some Days,Some Days,7
Never,Some Days,Some Days,Some Days,7
Never,Some Days,Never,Some Days,7
Never,Some Days,Never,Some Days,10
Some Days,Some Days,Some Days,Some Days,8
Never,Most Days,Some Days,Some Days,6
Never,Never,Never,Some Days,8
Every Day,Never,Never,Most Days,7
Never,Most Days,Most Days,Never,6
Never,Never,Never,Some Days,6
Never,Never,Every Day,Never,10
Never,Never,Never,Every Day,8
Every Day,Some Days,Some Days,Some Days,10
Never,Never,Never,Most Days,8
Never,Every Day,Never,Some Days,6
Never,Never,Never,Every Day,8
Never,Some Days,Never,Never,7
Never,Never,Never,Never,8
Every Day,Every Day,Most Days,Some Days,6
Never,Never,Some Days,Some Days,6
Never,Never,Never,Every Day,6
Never,Never,Never,Most Days,7
Never,Some Days,Never,Every Day,6
Never,Never,Never,Most Days,7
Never,Most Days,Most Days,Most Days,6
Never,Never,Never,Every Day,6
Never,Never,Never,Some Days,7
Every Day,Never,Never,Every Day,10
Never,Never,Never,Every Day,9
Never,Most Days,Most Days,Never,4
Never,Never,Never,Every Day,8
Never,Never,Never,Every Day,10
Never,Never,Never,Every Day,10
Never,Some Days,Some Days,Some Days,5
Never,Never,Never,Some Days,7
Every Day,Never,Never,Every Day,8
Never,Never,Never,Most Days,8
Never,Never,Never,Most Days,7
Some Days,Never,Never,Some Days,8
Never,Most Days,Some Days,Some Days,12
Never,Some Days,Some Days,Most Days,6
Never,Never,Never,Most Days,7
Never,Never,Some Days,Most Days,8
Never,Some Days,Never,Most Days,6
Never,Some Days,Some Days,Most Days,7
Never,Never,Never,Most Days,6
Never,Never,Never,Some Days,6
Never,Never,Some Days,Every Day,6
Every Day,Some Days,Some Days,Some Days,8
Never,Never,Some Days,Every Day,9
Every Day,Never,Never,Every Day,8
Never,Never,Never,Every Day,8
Some Days,Some Days,Some Days,Most Days,8
Never,Never,Some Days,Most Days,7
Never,Most Days,Never,Never,7
Never,Every Day,Never,Some Days,5
Some Days,Every Day,Some Days,Some Days,7
Never,Most Days,Never,Most Days,6
Never,Most Days,Never,Never,7
Never,Some Days,Never,Most Days,8
Never,Some Days,Most Days,Some Days,6
Never,Never,Never,Most Days,8
Never,Never,Never,Most Days,7
Every Day,Some Days,Most Days,Most Days,7
Never,Some Days,Some Days,Most Days,8
Never,Some Days,Most Days,Most Days,6
Some Days,Some Days,Some Days,Some Days,8
Never,Never,Never,Most Days,7
Every Day,Every Day,Most Days,Some Days,4
Never,Never,Never,Every Day,10
Never,Some Days,Some Days,Most Days,7
Never,Never,Some Days,Most Days,7
Never,Most Days,Some Days,Some Days,7
Never,Some Days,Some Days,Most Days,7
Never,Never,Some Days,Most Days,8
Never,Every Day,Some Days,Some Days,4
Some Days,Some Days,Never,Some Days,5
Never,Never,Never,Most Days,6
Never,Some Days,Some Days,Most Days,6
Never,Some Days,Some Days,Some Days,7
Never,Never,Never,Every Day,7
Never,Some Days,Some Days,Most Days,7
Never,Never,Never,Every Day,8
Never,Some Days,Some Days,Some Days,9
Never,Some Days,Some Days,Some Days,8
Never,Never,Never,Every Day,8
Never,Some Days,Some Days,Every Day,8
Some Days,Some Days,Never,Every Day,8
Never,Some Days,Some Days,Most Days,7
Never,Never,Some Days,Every Day,7
Never,Some Days,Never,Most Days,5
Some Days,Some Days,Some Days,Some Days,6
Never,Never,Some Days,Most Days,8
Never,Never,Some Days,Every Day,6
Never,Never,Never,Most Days,8
Never,Every Day,Some Days,Never,7
Never,Some Days,Never,Most Days,7
Most Days,Most Days,Never,Some Days,6
Never,Most Days,Never,Never,7
Never,Never,Never,Most Days,10
Never,Never,Never,Every Day,7
Never,Never,Never,Most Days,8
Never,Never,Some Days,Most Days,6
Never,Some Days,Never,Most Days,7
Never,Never,Never,Most Days,9
Never,Never,Never,Every Day,7
Never,Some Days,Never,Most Days,7
Every Day,Some Days,Most Days,Most Days,5
Never,Never,Some Days,Most Days,6
Never,Every Day,Every Day,Some Days,4
Never,Some Days,Some Days,Never,7
Never,Never,Some Days,Most Days,7
Never,Never,Never,Most Days,6
Never,Never,Never,Most Days,6
Never,Never,Some Days,Never,7
Never,Some Days,Never,Some Days,7
Never,Never,Never,Most Days,7
Never,Every Day,Never,Some Days,6
Never,Never,Never,Most Days,8
Never,Every Day,Some Days,Some Days,7
Never,Some Days,Never,Some Days,7
Never,Never,Never,Every Day,7
Never,Never,Never,Most Days,5
Never,Most Days,Never,Most Days,6
Never,Never,Some Days,Most Days,8
Never,Never,Never,Every Day,8
Some Days,Never,Some Days,Some Days,7
Some Days,Most Days,Never,Some Days,8
Never,Most Days,Never,Most Days,5
Never,Never,Never,Most Days,7
Most Days,Never,Some Days,Most Days,8
Some Days,Most Days,Most Days,Most Days,10
Never,Never,Never,Never,7
Never,Some Days,Never,Most Days,7
Never,Some Days,Some Days,Some Days,6
Some Days,Some Days,Never,Some Days,7
Some Days,Most Days,Never,Most Days,7
Never,Never,Some Days,Every Day,8
Never,Never,Never,Most Days,8
Never,Never,Some Days,Most Days,8
Never,Some Days,Some Days,Most Days,8
Never,Never,Never,Most Days,6
Never,Some Days,Never,Most Days,8
Never,Never,Never,Every Day,9
Never,Never,Never,Most Days,7
Never,Never,Never,Some Days,7
Never,Never,Never,Every Day,5
Never,Some Days,Some Days,Most Days,6
Never,Some Days,Never,Most Days,9
Never,Some Days,Some Days,Some Days,7
Never,Never,Never,Most Days,7
Never,Never,Never,Most Days,12
Never,Never,Never,Never,8
Never,Never,Some Days,Most Days,8
Never,Some Days,Some Days,Some Days,6
Never,Never,Never,Most Days,8
Never,Never,Never,Most Days,8
Some Days,Some Days,Some Days,Never,7
Never,Some Days,Never,Most Days,8
Never,Some Days,Most Days,Most Days,7
Never,Some Days,Never,Every Day,7
Never,Some Days,Some Days,Most Days,8
Never,Every Day,Some Days,Never,7
Some Days,Most Days,Some Days,Most Days,7
Never,Never,Never,Every Day,9
Most Days,Every Day,Most Days,Never,5
Never,Every Day,Never,Most Days,6
Some Days,Most Days,Some Days,Some Days,6
Never,Never,Never,Some Days,7
Never,Never,Never,Every Day,6
Every Day,Every Day,Never,Most Days,7
Every Day,Every Day,Never,Most Days,8
Never,Never,Never,Most Days,8
Never,Some Days,Some Days,Most Days,7
Never,Never,Never,Never,6
Never,Never,Never,Most Days,8
Never,Never,Never,Every Day,7
Never,Never,Some Days,Most Days,8
Never,Never,Never,Every Day,7
Never,Never,Never,Most Days,6
Never,Most Days,Most Days,Some Days,5
Never,Never,Most Days,Some Days,5
Never,Never,Never,Most Days,8
Some Days,Some Days,Some Days,Some Days,6
Never,Never,Never,Every Day,7
Never,Never,Some Days,Every Day,8
Never,Never,Never,Every Day,9
Never,Some Days,Never,Most Days,7
Never,Never,Never,Some Days,6
Never,Some Days,Never,Most Days,9
Never,Some Days,Never,Some Days,8
Never,Some Days,Never,Most Days,6
Some Days,Some Days,Some Days,Some Days,7
Every Day,Never,Never,Every Day,7
Never,Some Days,Never,Most Days,7
Some Days,Some Days,Some Days,Some Days,6
Never,Never,Never,Most Days,9
Some Days,Some Days,Some Days,Most Days,7
Never,Some Days,Never,Some Days,7
Never,Never,Never,Most Days,7
Never,Never,Some Days,Most Days,8
Never,Never,Never,Every Day,7
Never,Some Days,Some Days,Most Days,8
Some Days,Most Days,Most Days,Some Days,7
Never,Never,Never,Most Days,7
Never,Never,Never,Every Day,8
Never,Never,Some Days,Most Days,6
Never,Most Days,Some Days,Most Days,8
Never,Never,Never,Some Days,5
Never,Some Days,Some Days,Most Days,8
Never,Most Days,Most Days,Some Days,6
Never,Never,Never,Every Day,7
Never,Some Days,Never,Every Day,6
Never,Never,Never,Every Day,8
Never,Some Days,Never,Most Days,8
Never,Never,Never,Every Day,6
Some Days,Some Days,Some Days,Some Days,7
Most Days,Most Days,Some Days,Some Days,9
Never,Never,Some Days,Some Days,5
Never,Some Days,Never,Most Days,7
Never,Some Days,Never,Most Days,7
Never,Some Days,Never,Some Days,7
Every Day,Some Days,Some Days,Some Days,8
Never,Never,Some Days,Most Days,8
Never,Some Days,Some Days,Some Days,7
Never,Most Days,Never,Some Days,7
Every Day,Some Days,Some Days,Most Days,7
Some Days,Some Days,Never,Most Days,7
Never,Most Days,Most Days,Never,6
Every Day,Never,Some Days,Most Days,9
Never,Some Days,Never,Most Days,7
Never,Some Days,Some Days,Some Days,8
Never,Never,Never,Some Days,8
Every Day,Some Days,Some Days,Some Days,8
Never,Never,Never,Most Days,7
Never,Never,Never,Most Days,7
Some Days,Every Day,Some Days,Never,5
Never,Some Days,Never,Most Days,10
Never,Some Days,Never,Most Days,8
Never,Never,Never,Most Days,7
Never,Never,Never,Most Days,6
Some Days,Most Days,Every Day,Never,6
Never,Most Days,Some Days,Some Days,6
Never,Some Days,Never,Most Days,8
Never,Some Days,Every Day,Never,7
Never,Some Days,Never,Every Day,8
Most Days,Most Days,Some Days,Most Days,6
Never,Some Days,Some Days,Some Days,6
Never,Never,Never,Most Days,7
Never,Never,Some Days,Most Days,7
Every Day,Some Days,Some Days,Most Days,7
Never,Some Days,Most Days,Some Days,7
Most Days,Some Days,Most Days,Some Days,8
Never,Some Days,Some Days,Some Days,6
Some Days,Some Days,Some Days,Never,8
Every Day,Most Days,Some Days,Never,7
Never,Every Day,Never,Never,5
Never,Some Days,Some Days,Some Days,6
Never,Never,Some Days,Most Days,9
Never,Never,Never,Most Days,8
Some Days,Never,Most Days,Most Days,7
Never,Some Days,Never,Some Days,6
Every Day,Every Day,Every Day,Never,6
Some Days,Never,Never,Every Day,8
Never,Never,Never,Every Day,10
Never,Never,Never,Most Days,9
Never,Some Days,Never,Every Day,8
Never,Never,Some Days,Never,9
Never,Never,Never,Every Day,7
Never,Never,Never,Some Days,8
Every Day,Some Days,Some Days,Every Day,8
Some Days,Some Days,Most Days,Some Days,8
Some Days,Some Days,Some Days,Most Days,8
Never,Never,Never,Most Days,8
Some Days,Never,Never,Some Days,8
Every Day,Every Day,Every Day,Most Days,5
Never,Never,Never,Most Days,6
Never,Never,Never,Every Day,7
Never,Never,Never,Every Day,5
Never,Never,Some Days,Most Days,7
Some Days,Never,Some Days,Some Days,7
Never,Some Days,Never,Most Days,7
Never,Some Days,Never,Never,7
Never,Some Days,Never,Most Days,7
Never,Never,Some Days,Most Days,7
Never,Never,Some Days,Some Days,7
Never,Every Day,Every Day,Some Days,4
Every Day,Most Days,Every Day,Never,8
Never,Never,Never,Most Days,8
Never,Every Day,Every Day,Never,4
Some Days,Some Days,Never,Every Day,7
Never,Never,Never,Most Days,7
Never,Every Day,Never,Some Days,6
Never,Never,Never,Every Day,10
Never,Some Days,Never,Most Days,7
Never,Never,Never,Most Days,9
Never,Some Days,Never,Most Days,8
Never,Most Days,Some Days,Some Days,6
Never,Never,Never,Most Days,9
Never,Every Day,Some Days,Never,5
Never,Never,Some Days,Most Days,10
Never,Never,Never,Most Days,8
Never,Never,Never,Most Days,8
Never,Never,Never,Most Days,8
Some Days,Never,Some Days,Every Day,9
Never,Some Days,Some Days,Some Days,6
Never,Every Day,Some Days,Never,6
Never,Never,Most Days,Some Days,7
Never,Never,Never,Most Days,5
Never,Never,Never,Most Days,7
Never,Never,Never,Most Days,7
Never,Some Days,Never,Most Days,8
Never,Every Day,Never,Never,6
Never,Never,Never,Most Days,8
Never,Some Days,Never,Most Days,6
Every Day,Never,Most Days,Never,4
Never,Never,Never,Some Days,7
Never,Never,Some Days,Most Days,8
Never,Never,Never,Every Day,9
Never,Never,Some Days,Most Days,7
Never,Never,Never,Some Days,6
Every Day,Most Days,Every Day,Never,5
Some Days,Some Days,Some Days,Most Days,12
Every Day,Some Days,Some Days,Most Days,6
Never,Never,Never,Every Day,7
Never,Some Days,Some Days,Most Days,8
Never,Never,Never,Most Days,7
Every Day,Most Days,Never,Some Days,7
Some Days,Never,Some Days,Never,7
Most Days,Most Days,Some Days,Most Days,6
Never,Some Days,Some Days,Most Days,7
Never,Never,Some Days,Most Days,8
Never,Never,Never,Most Days,7
Never,Some Days,Some Days,Some Days,6
Never,Never,Some Days,Most Days,8
Some Days,Most Days,Most Days,Some Days,7
Never,Some Days,Never,Most Days,7
Some Days,Some Days,Never,Most Days,6
Every Day,Every Day,Never,Most Days,6
Never,Some Days,Some Days,Every Day,6
Never,Never,Never,Most Days,8
Every Day,Some Days,Some Days,Most Days,6
Never,Never,Never,Most Days,6
Never,Never,Never,Most Days,13
Never,Some Days,Most Days,Some Days,7
Never,Every Day,Some Days,Never,5
Never,Some Days,Some Days,Some Days,7
Some Days,Some Days,Some Days,Some Days,6
Never,Every Day,Some Days,Most Days,8
Never,Never,Never,Most Days,8
Never,Some Days,Some Days,Some Days,8
Never,Never,Some Days,Most Days,5
Every Day,Some Days,Never,Some Days,11
Never,Never,Some Days,Some Days,6
Every Day,Some Days,Some Days,Never,7
Never,Some Days,Never,Some Days,8
Never,Never,Most Days,Never,6
Every Day,Never,Never,Every Day,8
Never,Never,Never,Most Days,6
Never,Never,Never,Every Day,7
Some Days,Never,Most Days,Never,7
Never,Never,Most Days,Some Days,5
Never,Every Day,Most Days,Never,7
Never,Never,Never,Most Days,9
Never,Some Days,Some Days,Some Days,7
Never,Some Days,Some Days,Never,11
Never,Never,Never,Most Days,6
Never,Never,Never,Some Days,6
Never,Never,Some Days,Some Days,7
Never,Never,Never,Most Days,7
Never,Never,Never,Never,8
Never,Never,Some Days,Most Days,11
Never,Some Days,Never,Some Days,5
Every Day,Some Days,Never,Every Day,7
Never,Some Days,Never,Every Day,8
Never,Most Days,Most Days,Most Days,6
Never,Never,Never,Most Days,6
Never,Never,Never,Some Days,8
Never,Never,Never,Never,8
Never,Some Days,Some Days,Some Days,6
Some Days,Some Days,Never,Most Days,8
Never,Never,Never,Never,6
Never,Never,Never,Most Days,8
Never,Never,Never,Never,8
Every Day,Every Day,Every Day,Never,3
Never,Most Days,Some Days,Some Days,6
Never,Every Day,Every Day,Never,4
Every Day,Never,Never,Every Day,8
Never,Never,Never,Most Days,8
Some Days,Some Days,Most Days,Some Days,9
Never,Never,Never,Most Days,8
Never,Never,Never,Every Day,4
Never,Some Days,Some Days,Some Days,7
Every Day,Never,Some Days,Some Days,6
Never,Every Day,Most Days,Some Days,6
Never,Never,Never,Most Days,7
Never,Most Days,Never,Never,8
Every Day,Some Days,Most Days,Some Days,6
Some Days,Never,Some Days,Most Days,8
Never,Some Days,Some Days,Most Days,6
Never,Some Days,Some Days,Most Days,10
Never,Most Days,Most Days,Some Days,3
Never,Some Days,Never,Most Days,8
Never,Most Days,Most Days,Some Days,5
Never,Every Day,Every Day,Never,5
Never,Never,Never,Most Days,7
Never,Never,Never,Every Day,7
Never,Never,Never,Most Days,8
Some Days,Some Days,Some Days,Some Days,6
Every Day,Some Days,Some Days,Most Days,8
Never,Some Days,Never,Never,6
Never,Never,Never,Most Days,8
Never,Never,Never,Most Days,8
Most Days,Some Days,Every Day,Some Days,3
Never,Never,Never,Never,7
Never,Never,Never,Most Days,8
Never,Never,Never,Every Day,9
Never,Some Days,Never,Most Days,8
Never,Some Days,Some Days,Most Days,7
Never,Never,Never,Most Days,8
Never,Never,Some Days,Most Days,8
Never,Never,Some Days,Some Days,7
Never,Never,Never,Most Days,9
Never,Never,Never,Some Days,9
Never,Some Days,Most Days,Never,6
Never,Never,Some Days,Most Days,7
Never,Never,Some Days,Some Days,7
Never,Some Days,Never,Most Days,7
Never,Every Day,Some Days,Every Day,6
Some Days,Some Days,Never,Most Days,8
Never,Most Days,Some Days,Some Days,6
Never,Never,Never,Most Days,7
Never,Never,Never,Most Days,8
Never,Some Days,Some Days,Most Days,6
Never,Some Days,Some Days,Every Day,8
Never,Never,Never,Most Days,7
Never,Some Days,Never,Some Days,5
Never,Some Days,Some Days,Every Day,7
Some Days,Some Days,Every Day,Some Days,5
Never,Some Days,Most Days,Some Days,7
Never,Never,Never,Every Day,8
Never,Never,Never,Every Day,9
Never,Never,Never,Every Day,10
Never,Some Days,Never,Most Days,7
Never,Some Days,Some Days,Never,7
Never,Never,Never,Most Days,7
Never,Never,Never,Every Day,7
Never,Never,Never,Every Day,9
Every Day,Some Days,Some Days,Some Days,8
Never,Never,Some Days,Most Days,10
Never,Never,Never,Every Day,12
Never,Never,Never,Most Days,7
Never,Never,Some Days,Most Days,7
Never,Never,Never,Most Days,7
Some Days,Every Day,Every Day,Never,5
Never,Never,Never,Every Day,8
Never,Some Days,Never,Most Days,8
Never,Never,Some Days,Most Days,7
Never,Never,Never,Every Day,6
Some Days,Some Days,Some Days,Every Day,7
Never,Some Days,Some Days,Never,6
Never,Never,Never,Every Day,7
Never,Never,Never,Some Days,7
Never,Most Days,Most Days,Some Days,5
Never,Never,Never,Every Day,10
Never,Never,Never,Most Days,7
Never,Never,Never,Most Days,8
Never,Some Days,Some Days,Most Days,6
Never,Never,Never,Most Days,5
Never,Never,Never,Most Days,8
Never,Some Days,Some Days,Never,8
Never,Never,Never,Every Day,7
Never,Never,Never,Some Days,7
Never,Most Days,Never,Never,7
Never,Some Days,Never,Some Days,8
Never,Never,Never,Most Days,7
Never,Never,Some Days,Most Days,8
Most Days,Every Day,Every Day,Some Days,6
Never,Some Days,Some Days,Some Days,7
Most Days,Most Days,Never,Some Days,7
Never,Never,Never,Most Days,8
Every Day,Some Days,Most Days,Some Days,5
Never,Never,Never,Every Day,8
Every Day,Some Days,Some Days,Some Days,7
Never,Some Days,Some Days,Most Days,7
Every Day,Some Days,Most Days,Most Days,8
Every Day,Every Day,Every Day,Every Day,5
Never,Most Days,Most Days,Some Days,5
Never,Never,Never,Every Day,8
Never,Never,Some Days,Some Days,8
Some Days,Some Days,Some Days,Never,7
Never,Some Days,Some Days,Most Days,8
Never,Never,Some Days,Most Days,8
Never,Never,Never,Most Days,7
Never,Some Days,Some Days,Most Days,8
Never,Never,Never,Every Day,7
Never,Never,Never,Some Days,8
Never,Never,Never,Most Days,8
Never,Never,Some Days,Some Days,7
Never,Some Days,Some Days,Most Days,7
Some Days,Some Days,Some Days,Never,7
Never,Never,Never,Most Days,6
Some Days,Most Days,Some Days,Some Days,7
Never,Every Day,Never,Some Days,7
Some Days,Some Days,Some Days,Some Days,7
Some Days,Some Days,Some Days,Most Days,6
Some Days,Most Days,Some Days,Some Days,1
Never,Never,Never,Some Days,6
Some Days,Most Days,Some Days,Most Days,7
Never,Never,Never,Most Days,7
Never,Never,Never,Most Days,8
Some Days,Some Days,Some Days,Most Days,8
Never,Some Days,Some Days,Some Days,7
Never,Never,Some Days,Most Days,7
Some Days,Some Days,Some Days,Most Days,7
Never,Every Day,Some Days,Some Days,6
Never,Never,Never,Most Days,7
Every Day,Every Day,Every Day,Never,4
Every Day,Some Days,Some Days,Most Days,5
Never,Every Day,Every Day,Never,6
Never,Never,Never,Some Days,4
Never,Never,Some Days,Most Days,8
Never,Some Days,Most Days,Never,7
Every Day,Never,Never,Every Day,5
Never,Never,Never,Most Days,10
Never,Never,Never,Some Days,8
Every Day,Most Days,Some Days,Never,5
Some Days,Never,Never,Every Day,8
Never,Some Days,Some Days,Some Days,5
Never,Some Days,Some Days,Some Days,8
Never,Most Days,Never,Most Days,8
Never,Never,Never,Never,6
Never,Some Days,Some Days,Never,5
Never,Never,Never,Most Days,7
Never,Most Days,Never,Some Days,7
Never,Never,Every Day,Every Day,8
Most Days,Some Days,Most Days,Some Days,8
Never,Never,Never,Most Days,7
Never,Never,Some Days,Most Days,8
Never,Some Days,Some Days,Some Days,5
Never,Never,Never,Most Days,7
Never,Never,Never,Never,8
Some Days,Every Day,Every Day,Never,4
Never,Some Days,Some Days,Some Days,6
Never,Never,Never,Some Days,6
Never,Most Days,Most Days,Some Days,7
Never,Some Days,Some Days,Some Days,8
Never,Never,Never,Every Day,7
Never,Never,Never,Every Day,9
Never,Never,Some Days,Most Days,8
Never,Never,Never,Every Day,7
Never,Some Days,Never,Most Days,5
Never,Never,Never,Most Days,7
Never,Some Days,Some Days,Some Days,8
Never,Never,Some Days,Some Days,6
Never,Never,Some Days,Some Days,7
Every Day,Never,Some Days,Most Days,7
Never,Some Days,Some Days,Most Days,7
Never,Never,Never,Every Day,8
Never,Most Days,Most Days,Some Days,6
Never,Never,Some Days,Some Days,5
Never,Some Days,Some Days,Never,8
Some Days,Every Day,Some Days,Some Days,6
Some Days,Never,Some Days,Some Days,6
Never,Never,Never,Some Days,6
Never,Every Day,Most Days,Some Days,6
Never,Never,Never,Every Day,9
Never,Never,Never,Every Day,6
Never,Every Day,Most Days,Never,5
Never,Never,Never,Every Day,9
Some Days,Some Days,Some Days,Some Days,6
Never,Never,Never,Every Day,6
Most Days,Never,Some Days,Never,7
Never,Some Days,Never,Most Days,6
Every Day,Never,Every Day,Some Days,6
Never,Some Days,Some Days,Some Days,6
Every Day,Most Days,Most Days,Never,6
Every Day,Most Days,Never,Every Day,7
Never,Some Days,Never,Most Days,7
Every Day,Some Days,Some Days,Some Days,14
Every Day,Every Day,Never,Never,8
Never,Never,Never,Some Days,8
Most Days,Most Days,Most Days,Most Days,5
Never,Never,Never,Never,7
Never,Some Days,Some Days,Some Days,7
Never,Some Days,Never,Most Days,8
Never,Never,Some Days,Most Days,8
Never,Never,Never,Some Days,7
Most Days,Some Days,Never,Most Days,8
Most Days,Never,Some Days,Some Days,7
Never,Never,Never,Most Days,12
Every Day,Every Day,Every Day,Never,7
Never,Never,Never,Most Days,6
Every Day,Some Days,Never,Some Days,6
Never,Some Days,Some Days,Most Days,8
Never,Some Days,Most Days,Most Days,8
Never,Never,Never,Most Days,9
Never,Never,Never,Every Day,8
Never,Every Day,Every Day,Some Days,7
Never,Never,Never,Every Day,7
Never,Never,Never,Most Days,8
Some Days,Some Days,Most Days,Every Day,8
Never,Some Days,Some Days,Most Days,8
Never,Never,Never,Some Days,7
Never,Never,Never,Most Days,7
Most Days,Most Days,Some Days,Most Days,8
Never,Never,Never,Never,8
Some Days,Never,Never,Most Days,8
Never,Most Days,Never,Never,8
Never,Never,Some Days,Most Days,8
Never,Some Days,Some Days,Some Days,6
Never,Some Days,Never,Most Days,6
Never,Never,Some Days,Some Days,6
Never,Never,Some Days,Some Days,9
Some Days,Most Days,Most Days,Some Days,6
Never,Never,Never,Never,7
Never,Some Days,Some Days,Some Days,6
Never,Some Days,Some Days,Some Days,7
Never,Never,Never,Most Days,6
Never,Most Days,Never,Some Days,7
Never,Never,Never,Most Days,7
Never,Never,Never,Every Day,7
Never,Never,Never,Most Days,7
Never,Never,Some Days,Some Days,7
Never,Never,Never,Most Days,7
Never,Some Days,Never,Most Days,8
Never,Never,Never,Most Days,7
Never,Never,Some Days,Most Days,11
Never,Most Days,Most Days,Never,5
Never,Some Days,Never,Never,8
Some Days,Never,Never,Some Days,9
Every Day,Some Days,Never,Most Days,10
Some Days,Never,Never,Most Days,8
Never,Some Days,Some Days,Most Days,8
Never,Some Days,Some Days,Some Days,7
Never,Some Days,Some Days,Some Days,7
Never,Never,Never,Most Days,5
Some Days,Every Day,Most Days,Some Days,6
Never,Some Days,Some Days,Some Days,8
Never,Never,Never,Most Days,6
Most Days,Some Days,Never,Never,8
Never,Every Day,Most Days,Never,7
Never,Never,Never,Every Day,10
Every Day,Never,Some Days,Most Days,7
Never,Some Days,Never,Most Days,6
Never,Never,Never,Every Day,8
Never,Never,Never,Every Day,8
Some Days,Some Days,Most Days,Most Days,5
Never,Never,Never,Most Days,8
Never,Some Days,Some Days,Most Days,7
Never,Never,Never,Most Days,8
Never,Some Days,Some Days,Some Days,10
Some Days,Most Days,Most Days,Some Days,18
Never,Never,Never,Most Days,6
Never,Never,Never,Every Day,7
Never,Never,Never,Most Days,7
Never,Never,Never,Every Day,7
Never,Never,Never,Most Days,8
Never,Never,Never,Some Days,7
Never,Some Days,Some Days,Some Days,5
Never,Never,Never,Some Days,8
Never,Some Days,Some Days,Never,7
Never,Never,Never,Every Day,7
Never,Most Days,Never,Some Days,7
Every Day,Never,Never,Most Days,7
Never,Some Days,Some Days,Most Days,10
Never,Never,Some Days,Every Day,8
Never,Some Days,Some Days,Some Days,7
Never,Never,Never,Never,9
Never,Some Days,Some Days,Some Days,5
Never,Never,Never,Most Days,8
Never,Never,Never,Some Days,20
Never,Some Days,Some Days,Most Days,6
Never,Some Days,Never,Most Days,6
Some Days,Never,Never,Most Days,6
Never,Some Days,Some Days,Some Days,6
Never,Some Days,Never,Most Days,8
Never,Never,Never,Most Days,7
Never,Never,Never,Every Day,7
Never,Most Days,Never,Some Days,7
Never,Never,Most Days,Some Days,4
Never,Some Days,Never,Most Days,7
Never,Some Days,Never,Some Days,6
Never,Every Day,Never,Never,6
Never,Some Days,Never,Some Days,6
Never,Never,Never,Most Days,8
Never,Some Days,Never,Some Days,7
Some Days,Most Days,Some Days,Most Days,8
Never,Never,Never,Some Days,7
Never,Never,Never,Most Days,8
Never,Never,Never,Never,6
Never,Some Days,Never,Some Days,12
Never,Most Days,Some Days,Some Days,6
Never,Some Days,Most Days,Some Days,4
Never,Never,Never,Most Days,9
Most Days,Never,Every Day,Some Days,6
Every Day,Every Day,Never,Some Days,7
Most Days,Most Days,Most Days,Some Days,9
Never,Never,Some Days,Some Days,8
Never,Never,Never,Most Days,6
Never,Some Days,Some Days,Some Days,5
Never,Some Days,Never,Never,8
Never,Some Days,Some Days,Some Days,5
Some Days,Every Day,Never,Never,7
Never,Some Days,Some Days,Most Days,10
Some Days,Some Days,Never,Most Days,8
Never,Some Days,Some Days,Most Days,7
Never,Never,Some Days,Most Days,7
Some Days,Most Days,Some Days,Never,6
Never,Some Days,Some Days,Some Days,6
Never,Never,Some Days,Some Days,8
Never,Some Days,Some Days,Most Days,5
Some Days,Never,Never,Some Days,6
Never,Every Day,Some Days,Most Days,6
Never,Some Days,Some Days,Never,5
Never,Never,Every Day,Never,8
Never,Never,Some Days,Most Days,8
Never,Never,Never,Most Days,8
Never,Never,Never,Every Day,8
Never,Every Day,Every Day,Never,5
Never,Never,Some Days,Most Days,7
Never,Most Days,Never,Most Days,7
Every Day,Most Days,Every Day,Never,16
Every Day,Every Day,Never,Some Days,8
Never,Never,Never,Most Days,7
Some Days,Some Days,Never,Some Days,6
Never,Most Days,Never,Some Days,6
Never,Some Days,Never,Some Days,5
Never,Never,Never,Every Day,10
Some Days,Some Days,Most Days,Some Days,7
Never,Never,Some Days,Some Days,6
Never,Some Days,Never,Most Days,9
Never,Every Day,Every Day,Some Days,5
Never,Every Day,Some Days,Never,6
Never,Most Days,Every Day,Never,6
Never,Never,Never,Never,6
Never,Never,Some Days,Some Days,8
Never,Some Days,Some Days,Most Days,10
Never,Some Days,Some Days,Never,7
Never,Never,Never,Every Day,5
Some Days,Some Days,Some Days,Some Days,6
Never,Never,Never,Most Days,7
Never,Never,Never,Most Days,8
Never,Never,Never,Every Day,8
Never,Never,Some Days,Most Days,8
Never,Some Days,Some Days,Never,7
Every Day,Never,Some Days,Never,8
Every Day,Never,Never,Most Days,8
Never,Most Days,Never,Most Days,9
Never,Most Days,Most Days,Never,10
Never,Never,Never,Most Days,8
Never,Some Days,Never,Most Days,7
Some Days,Most Days,Most Days,Some Days,6
Most Days,Some Days,Some Days,Some Days,6
Never,Some Days,Some Days,Most Days,9
Never,Some Days,Some Days,Most Days,7
Never,Never,Some Days,Most Days,7
Some Days,Some Days,Some Days,Most Days,6
Some Days,Most Days,Most Days,Most Days,7
Never,Some Days,Some Days,Every Day,7
Most Days,Some Days,Never,Some Days,6
Never,Some Days,Some Days,Some Days,7
Never,Most Days,Some Days,Most Days,7
Every Day,Never,Some Days,Most Days,9
Never,Never,Never,Most Days,8
Never,Never,Some Days,Some Days,7
Never,Some Days,Never,Every Day,8
Never,Some Days,Never,Most Days,8
Never,Some Days,Some Days,Never,6
Never,Some Days,Never,Most Days,8
Never,Some Days,Some Days,Some Days,8
Every Day,Some Days,Never,Most Days,6
Never,Never,Some Days,Never,5
Never,Some Days,Never,Most Days,8
Never,Every Day,Never,Some Days,8
Some Days,Every Day,Some Days,Most Days,7
Never,Some Days,Never,Most Days,7
Never,Every Day,Never,Some Days,5
Every Day,Some Days,Never,Some Days,6
Never,Never,Never,Never,5
Never,Never,Some Days,Most Days,5
Every Day,Never,Never,Most Days,7
Never,Never,Never,Most Days,7
Some Days,Most Days,Most Days,Some Days,7
Never,Never,Never,Some Days,7
Never,Never,Never,Most Days,10
Never,Never,Some Days,Some Days,9
Never,Never,Never,Never,6
Never,Some Days,Every Day,Most Days,8
Never,Some Days,Never,Most Days,7
Never,Some Days,Some Days,Some Days,7
Never,Some Days,Some Days,Some Days,9
Never,Never,Never,Most Days,8
Some Days,Some Days,Never,Most Days,16
Some Days,Most Days,Most Days,Some Days,7
Never,Most Days,Some Days,Most Days,8
Never,Every Day,Some Days,Most Days,8
Never,Every Day,Some Days,Some Days,7
Most Days,Some Days,Some Days,Most Days,7
Never,Some Days,Some Days,Most Days,8
Some Days,Never,Never,Most Days,7
Never,Never,Never,Every Day,9
Some Days,Some Days,Some Days,Every Day,7
Never,Never,Some Days,Some Days,6
Never,Never,Never,Most Days,8
Never,Some Days,Some Days,Most Days,8
Never,Some Days,Never,Some Days,8
Never,Some Days,Never,Most Days,6
Never,Some Days,Never,Some Days,8
Some Days,Some Days,Most Days,Some Days,7
Never,Never,Some Days,Every Day,9
Never,Some Days,Some Days,Most Days,9
Some Days,Never,Most Days,Some Days,7
Most Days,Most Days,Some Days,Some Days,7
Never,Never,Never,Most Days,6
Some Days,Some Days,Most Days,Some Days,7
Never,Never,Never,Some Days,7
Never,Never,Never,Never,7
Some Days,Every Day,Some Days,Never,6
Never,Never,Never,Some Days,8
Never,Some Days,Never,Most Days,6
Never,Never,Never,Most Days,10
Never,Most Days,Some Days,Most Days,7
Never,Some Days,Never,Most Days,6
Never,Some Days,Some Days,Some Days,7
Never,Some Days,Some Days,Most Days,6
Never,Some Days,Never,Most Days,6
Never,Never,Never,Most Days,8
Never,Most Days,Some Days,Most Days,7
Some Days,Some Days,Some Days,Most Days,7
Every Day,Some Days,Some Days,Some Days,9
Never,Some Days,Never,Most Days,8
Never,Never,Some Days,Most Days,8
Every Day,Some Days,Some Days,Never,12
Never,Most Days,Most Days,Some Days,6
Never,Some Days,Most Days,Some Days,7
Never,Some Days,Some Days,Some Days,4
Never,Never,Never,Most Days,7
Some Days,Some Days,Some Days,Most Days,8
Never,Never,Never,Some Days,6
Never,Every Day,Some Days,Most Days,8
Never,Never,Never,Most Days,7
Never,Never,Never,Every Day,7
Some Days,Most Days,Most Days,Most Days,3
Some Days,Some Days,Some Days,Some Days,6
Some Days,Some Days,Some Days,Some Days,8
Never,Never,Some Days,Some Days,7
Every Day,Some Days,Every Day,Never,6
Never,Never,Never,Never,6
Never,Never,Never,Some Days,7
Never,Some Days,Some Days,Some Days,5
Some Days,Every Day,Most Days,Most Days,6
Never,Most Days,Most Days,Some Days,9
Never,Most Days,Never,Some Days,6
Never,Most Days,Never,Some Days,8
Some Days,Every Day,Most Days,Some Days,5
Never,Never,Never,Some Days,10
Every Day,Never,Every Day,Most Days,7
Every Day,Every Day,Every Day,Some Days,4
Some Days,Some Days,Some Days,Some Days,6
Never,Never,Never,Every Day,8
Every Day,Never,Some Days,Most Days,8
Never,Never,Some Days,Most Days,10
Every Day,Some Days,Some Days,Most Days,7
Never,Never,Some Days,Every Day,8
Every Day,Most Days,Some Days,Never,8
Never,Never,Every Day,Some Days,6
Most Days,Never,Some Days,Most Days,9
Never,Never,Most Days,Every Day,8
Never,Never,Most Days,Most Days,7
Some Days,Some Days,Never,Some Days,7
Never,Some Days,Never,Most Days,8
Never,Never,Some Days,Some Days,8
Never,Never,Never,Most Days,8
Never,Never,Never,Most Days,7
Never,Some Days,Some Days,Some Days,7
Never,Some Days,Some Days,Some Days,6
Never,Some Days,Some Days,Most Days,7
Never,Never,Never,Most Days,7
Never,Never,Never,Every Day,6
Never,Most Days,Some Days,Some Days,7
Never,Never,Never,Every Day,8
Never,Never,Never,Some Days,6
Never,Never,Never,Most Days,10
Never,Never,Some Days,Some Days,8
Some Days,Never,Some Days,Most Days,7
Never,Every Day,Never,Some Days,5
Never,Never,Some Days,Most Days,8
Never,Never,Some Days,Most Days,7
Never,Some Days,Some Days,Most Days,7
Never,Never,Never,Most Days,7
Never,Never,Never,Some Days,8
Never,Some Days,Some Days,Most Days,7
Some Days,Never,Every Day,Every Day,4
Never,Never,Some Days,Most Days,7
Never,Never,Never,Most Days,7
Never,Never,Never,Most Days,9
Never,Never,Never,Every Day,7
Never,Some Days,Never,Most Days,8
Never,Most Days,Some Days,Some Days,8
Never,Never,Never,Every Day,10
Never,Never,Never,Most Days,7
Never,Every Day,Every Day,Every Day,8
Some Days,Some Days,Some Days,Most Days,7
Never,Some Days,Some Days,Most Days,8
Never,Most Days,Never,Some Days,7
Never,Every Day,Never,Never,5
Never,Never,Never,Most Days,8
Never,Never,Never,Some Days,6
Some Days,Some Days,Some Days,Some Days,8
Never,Some Days,Never,Most Days,7
Some Days,Some Days,Most Days,Some Days,7
Never,Never,Never,Most Days,8
Never,Never,Never,Most Days,7
Never,Never,Some Days,Some Days,6
Never,Some Days,Some Days,Some Days,6
Never,Never,Never,Every Day,7
Never,Never,Never,Every Day,9
Every Day,Every Day,Every Day,Never,6
Never,Some Days,Some Days,Most Days,7
Never,Some Days,Some Days,Some Days,5
Every Day,Some Days,Never,Some Days,8
Every Day,Never,Never,Most Days,6
Never,Never,Never,Never,9
Most Days,Every Day,Every Day,Some Days,4
Never,Most Days,Most Days,Never,6
Never,Never,Never,Most Days,8
Some Days,Never,Some Days,Never,8
Never,Some Days,Never,Some Days,8
Never,Some Days,Some Days,Most Days,8
Never,Never,Never,Most Days,5
Some Days,Some Days,Never,Most Days,7
Never,Never,Some Days,Most Days,6
Never,Most Days,Never,Some Days,8
Never,Never,Never,Most Days,5
Never,Some Days,Some Days,Some Days,4
Every Day,Most Days,Most Days,Some Days,6
Every Day,Some Days,Never,Some Days,9
Never,Some Days,Some Days,Most Days,10
Some Days,Some Days,Never,Most Days,7
Never,Never,Never,Most Days,7
Never,Some Days,Never,Most Days,7
Some Days,Some Days,Never,Some Days,8
Never,Some Days,Some Days,Most Days,8
Never,Some Days,Some Days,Some Days,7
Some Days,Some Days,Some Days,Most Days,6
Never,Never,Never,Some Days,9
Never,Never,Most Days,Every Day,8
Never,Every Day,Never,Some Days,6
Never,Some Days,Some Days,Most Days,6
Never,Some Days,Never,Every Day,8
Never,Never,Never,Most Days,7
Never,Never,Never,Never,7
Never,Never,Never,Most Days,9
Every Day,Some Days,Most Days,Most Days,7
Never,Some Days,Most Days,Most Days,8
Most Days,Most Days,Every Day,Never,1
Never,Never,Never,Every Day,7
Never,Every Day,Most Days,Most Days,7
Never,Never,Never,Some Days,7
Never,Some Days,Never,Every Day,7
Never,Some Days,Never,Most Days,7
Never,Never,Never,Every Day,7
Never,Never,Never,Every Day,8
Never,Never,Never,Some Days,6
Never,Never,Never,Never,8
Never,Never,Never,Never,8
Never,Some Days,Never,Some Days,7
Never,Never,Never,Some Days,8
Never,Never,Never,Most Days,6
Never,Most Days,Some Days,Some Days,5
Never,Every Day,Never,Never,4
Never,Never,Some Days,Most Days,7
Never,Never,Some Days,Most Days,8
Never,Never,Never,Every Day,8
Every Day,Never,Never,Most Days,8
Never,Never,Never,Never,6
Never,Never,Never,Every Day,7
Never,Some Days,Never,Some Days,7
Never,Some Days,Some Days,Some Days,9
Never,Some Days,Some Days,Some Days,6
Never,Some Days,Never,Most Days,8
Every Day,Most Days,Some Days,Some Days,7
Every Day,Never,Some Days,Never,8
Never,Never,Never,Most Days,6
Never,Never,Never,Never,7
Most Days,Some Days,Most Days,Never,6
Never,Never,Never,Most Days,7
Never,Never,Never,Some Days,7
Never,Some Days,Never,Most Days,8
Never,Some Days,Some Days,Most Days,7
Never,Never,Never,Never,5
Never,Some Days,Some Days,Some Days,9
Never,Some Days,Some Days,Most Days,8
Never,Never,Most Days,Most Days,5
Never,Some Days,Never,Every Day,5
Never,Never,Never,Every Day,9
Every Day,Never,Some Days,Some Days,8
Never,Never,Most Days,Most Days,6
Never,Every Day,Never,Some Days,5
Some Days,Some Days,Some Days,Every Day,8
Never,Some Days,Some Days,Most Days,7
Never,Never,Never,Most Days,8
Never,Never,Some Days,Most Days,8
Never,Never,Never,Every Day,7
Never,Never,Never,Most Days,6
Never,Never,Never,Some Days,6
Never,Never,Never,Most Days,8
Some Days,Some Days,Most Days,Never,5
Never,Never,Never,Most Days,7
Never,Never,Never,Every Day,12
Never,Never,Some Days,Most Days,6
Never,Never,Never,Every Day,7
Every Day,Some Days,Never,Most Days,8
Never,Never,Some Days,Most Days,7
Never,Some Days,Never,Some Days,6
Some Days,Some Days,Most Days,Some Days,7
Never,Never,Never,Every Day,7
Never,Never,Most Days,Never,5
Never,Never,Never,Never,6
Some Days,Most Days,Most Days,Most Days,4
Some Days,Never,Some Days,Some Days,7
Every Day,Every Day,Every Day,Some Days,5
Never,Never,Some Days,Most Days,7
Never,Never,Some Days,Some Days,7
Never,Most Days,Most Days,Some Days,4
Some Days,Every Day,Some Days,Never,5
Never,Some Days,Some Days,Some Days,4
Never,Never,Never,Most Days,7
Never,Never,Never,Most Days,8
Some Days,Most Days,Most Days,Some Days,6
Never,Never,Some Days,Never,6
Never,Some Days,Never,Most Days,7
Every Day,Every Day,Some Days,Never,7
Never,Never,Never,Every Day,8
Never,Some Days,Some Days,Some Days,4
Most Days,Never,Never,Every Day,7
Never,Never,Never,Some Days,7
Never,Some Days,Some Days,Some Days,6
Every Day,Some Days,Never,Some Days,8
Never,Most Days,Most Days,Never,6
Never,Some Days,Some Days,Some Days,5
Never,Never,Never,Most Days,7
Never,Some Days,Some Days,Most Days,7
Never,Some Days,Never,Never,6
Never,Never,Never,Most Days,7
Some Days,Never,Some Days,Most Days,7
Some Days,Some Days,Some Days,Most Days,6
Some Days,Most Days,Some Days,Never,8
Never,Most Days,Most Days,Never,4
Never,Never,Never,Never,6
Never,Never,Never,Never,8
Never,Never,Never,Most Days,7
Never,Some Days,Some Days,Most Days,7
Never,Never,Never,Most Days,12
Never,Some Days,Some Days,Every Day,7
Never,Most Days,Never,Some Days,7
Never,Never,Never,Every Day,8
Never,Most Days,Most Days,Some Days,6
Never,Some Days,Some Days,Some Days,7
Never,Never,Never,Most Days,7
Never,Some Days,Some Days,Some Days,7
Every Day,Every Day,Every Day,Never,4
Never,Never,Never,Every Day,7
Never,Every Day,Never,Never,8
Never,Some Days,Some Days,Some Days,6
Never,Never,Some Days,Most Days,6
Never,Never,Some Days,Most Days,10
Never,Never,Never,Most Days,8
Never,Never,Never,Most Days,8
Some Days,Some Days,Some Days,Most Days,7
Never,Never,Some Days,Most Days,7
Every Day,Some Days,Never,Every Day,6
Never,Some Days,Most Days,Some Days,5
Never,Never,Never,Some Days,6
Never,Never,Most Days,Some Days,6
Every Day,Most Days,Most Days,Some Days,5
Never,Never,Never,Most Days,6
Never,Never,Never,Most Days,7
Never,Never,Never,Every Day,8
Never,Never,Never,Most Days,6
Never,Some Days,Never,Some Days,9
Some Days,Never,Some Days,Most Days,8
Never,Most Days,Some Days,Some Days,6
Never,Never,Never,Most Days,6
Most Days,Never,Some Days,Most Days,9
Some Days,Some Days,Some Days,Some Days,7
Never,Every Day,Every Day,Some Days,7
Never,Most Days,Some Days,Some Days,7
Never,Never,Some Days,Most Days,7
Never,Never,Never,Most Days,6
Some Days,Some Days,Some Days,Some Days,7
Never,Never,Never,Some Days,6
Every Day,Some Days,Most Days,Most Days,8
Most Days,Most Days,Most Days,Never,8
Never,Never,Never,Most Days,6
Never,Never,Never,Most Days,9
Never,Never,Some Days,Some Days,9
Never,Every Day,Never,Some Days,7
Never,Every Day,Some Days,Some Days,6
Some Days,Some Days,Some Days,Most Days,8
Never,Never,Some Days,Most Days,6
Never,Never,Never,Every Day,6
Never,Some Days,Some Days,Some Days,7
Never,Never,Never,Every Day,6
Never,Never,Most Days,Every Day,8
Every Day,Some Days,Some Days,Some Days,6
Never,Never,Never,Most Days,6
Never,Every Day,Never,Every Day,8
Never,Never,Never,Most Days,10
Never,Most Days,Some Days,Some Days,6
Never,Some Days,Some Days,Every Day,8
Never,Some Days,Some Days,Some Days,9
Every Day,Most Days,Never,Some Days,3
Some Days,Some Days,Some Days,Some Days,7
Never,Every Day,Every Day,Never,5
Never,Never,Never,Every Day,11
Never,Never,Never,Some Days,12
Never,Every Day,Every Day,Never,4
Every Day,Never,Never,Every Day,8
Never,Never,Never,Every Day,8
Never,Some Days,Never,Never,7
Never,Some Days,Never,Most Days,6
Never,Never,Never,Most Days,8
Never,Never,Never,Some Days,6
Never,Never,Some Days,Most Days,8
Never,Some Days,Some Days,Most Days,8
Never,Some Days,Some Days,Some Days,7
Never,Never,Never,Most Days,7
Never,Every Day,Some Days,Most Days,8
Never,Never,Never,Every Day,8
Every Day,Some Days,Some Days,Most Days,7
Never,Never,Never,Most Days,7
Never,Some Days,Some Days,Most Days,7
Never,Some Days,Some Days,Some Days,6
Never,Every Day,Some Days,Some Days,8
Every Day,Some Days,Some Days,Every Day,8
Every Day,Some Days,Most Days,Never,9
Some Days,Every Day,Most Days,Most Days,10
Every Day,Some Days,Some Days,Never,5
Never,Never,Never,Every Day,7
Some Days,Never,Some Days,Most Days,7
Never,Never,Some Days,Some Days,8
Never,Never,Never,Most Days,8
Some Days,Some Days,Most Days,Most Days,11
Never,Never,Never,Most Days,7
Never,Every Day,Some Days,Some Days,8
Never,Some Days,Some Days,Most Days,6
Never,Some Days,Never,Some Days,6
Never,Never,Some Days,Most Days,7
Never,Never,Never,Most Days,7
Never,Never,Never,Most Days,7
Never,Some Days,Never,Some Days,8
Never,Never,Never,Every Day,8
Never,Some Days,Some Days,Some Days,6
Some Days,Some Days,Some Days,Most Days,8
Never,Most Days,Never,Some Days,6
Never,Never,Never,Some Days,7
Never,Some Days,Never,Never,12
Never,Never,Never,Most Days,8
Never,Most Days,Never,Most Days,8
Never,Some Days,Never,Most Days,8
Never,Some Days,Some Days,Most Days,8
Never,Most Days,Most Days,Some Days,5
Never,Every Day,Every Day,Never,5
Never,Most Days,Some Days,Some Days,5
Never,Never,Never,Most Days,8
Never,Never,Never,Some Days,8
Never,Some Days,Some Days,Some Days,12
Some Days,Most Days,Most Days,Never,6
Never,Some Days,Some Days,Most Days,7
Never,Never,Never,Most Days,12
Never,Most Days,Never,Some Days,6
Never,Never,Never,Most Days,8
Never,Every Day,Some Days,Most Days,6
Never,Never,Never,Most Days,8
Never,Never,Never,Most Days,7
Never,Some Days,Some Days,Most Days,9
Never,Some Days,Never,Most Days,6
Never,Never,Never,Most Days,6
Every Day,Some Days,Some Days,Never,7
Never,Never,Never,Most Days,7
Never,Never,Some Days,Some Days,5
Some Days,Every Day,Every Day,Some Days,5
Never,Never,Never,Most Days,6
Never,Most Days,Never,Most Days,6
Some Days,Some Days,Some Days,Most Days,9
Never,Some Days,Never,Some Days,9
Some Days,Some Days,Some Days,Every Day,10
Never,Some Days,Some Days,Some Days,8
Never,Never,Never,Some Days,9
Never,Never,Never,Most Days,9
Never,Never,Never,Most Days,7
Never,Never,Never,Every Day,8
Never,Never,Never,Never,6
Some Days,Some Days,Some Days,Some Days,9
Never,Some Days,Some Days,Most Days,8
Never,Some Days,Never,Most Days,8
Never,Never,Never,Every Day,12
Never,Some Days,Never,Most Days,8
Never,Some Days,Some Days,Some Days,6
Never,Never,Never,Most Days,8
Never,Never,Never,Every Day,9
Never,Never,Never,Most Days,8
Never,Never,Never,Most Days,7
Never,Never,Never,Some Days,8
Never,Some Days,Some Days,Most Days,8
Never,Some Days,Some Days,Most Days,7
Never,Most Days,Most Days,Never,5
Never,Never,Never,Most Days,8
Never,Most Days,Most Days,Never,5
Never,Never,Never,Every Day,8
Never,Never,Never,Most Days,7
Never,Some Days,Never,Most Days,8
Never,Every Day,Some Days,Every Day,13
Every Day,Never,Some Days,Never,12
Never,Never,Every Day,Some Days,9
Never,Some Days,Never,Most Days,9
Every Day,Most Days,Every Day,Some Days,6
Never,Some Days,Some Days,Never,7
Never,Some Days,Never,Most Days,7
Never,Some Days,Some Days,Some Days,7
Never,Some Days,Some Days,Some Days,7
Never,Some Days,Some Days,Most Days,6
Some Days,Every Day,Some Days,Some Days,8
Never,Never,Some Days,Most Days,9
Never,Never,Some Days,Most Days,7
Never,Never,Some Days,Most Days,8
Some Days,Every Day,Some Days,Some Days,6
Never,Never,Some Days,Most Days,7
Never,Most Days,Never,Never,4
Never,Never,Never,Every Day,8
Never,Never,Never,Every Day,8
Some Days,Some Days,Never,Most Days,8
Most Days,Most Days,Most Days,Never,5
Every Day,Never,Never,Every Day,6
Never,Never,Never,Most Days,6
Never,Never,Never,Most Days,8
Never,Some Days,Never,Most Days,8
Never,Never,Never,Most Days,8
Never,Never,Never,Most Days,7
Some Days,Never,Some Days,Some Days,6
Some Days,Every Day,Every Day,Every Day,8
Never,Never,Never,Never,8
Never,Some Days,Some Days,Most Days,8
Never,Every Day,Some Days,Most Days,7
Never,Never,Some Days,Most Days,8
Never,Never,Most Days,Most Days,7
Never,Most Days,Most Days,Some Days,8
Never,Never,Never,Every Day,8
Never,Never,Never,Some Days,7
Never,Most Days,Some Days,Some Days,8
Never,Never,Never,Most Days,8
Never,Most Days,Never,Most Days,8
Never,Never,Some Days,Most Days,9
Never,Never,Never,Most Days,7
Never,Never,Some Days,Most Days,6
Never,Every Day,Never,Most Days,6
Every Day,Most Days,Every Day,Some Days,5
Never,Some Days,Some Days,Some Days,5
Never,Never,Never,Every Day,8
Every Day,Every Day,Most Days,Never,5
Some Days,Some Days,Never,Most Days,6
Never,Never,Some Days,Never,6
Never,Most Days,Most Days,Some Days,7
Never,Never,Never,Most Days,8
Never,Some Days,Some Days,Some Days,9
Never,Some Days,Never,Some Days,6
Some Days,Some Days,Some Days,Some Days,7
Never,Never,Some Days,Most Days,9
Never,Some Days,Never,Some Days,7
Never,Never,Never,Every Day,8
Never,Never,Some Days,Some Days,8
Never,Never,Never,Most Days,8
Every Day,Most Days,Never,Every Day,7
Never,Never,Some Days,Most Days,8
Never,Most Days,Some Days,Most Days,7
Never,Never,Some Days,Never,8
Never,Every Day,Never,Most Days,8
Never,Some Days,Some Days,Some Days,6
Never,Never,Never,Some Days,8
Never,Never,Some Days,Some Days,7
Never,Never,Some Days,Every Day,10
Never,Never,Never,Most Days,7
Some Days,Never,Some Days,Some Days,7
Never,Some Days,Some Days,Most Days,8
Some Days,Never,Some Days,Most Days,7
Never,Never,Never,Most Days,8
Never,Never,Some Days,Never,10
Never,Never,Some Days,Some Days,8
Never,Never,Some Days,Most Days,8
Never,Never,Some Days,Some Days,7
Never,Some Days,Some Days,Some Days,6
Never,Never,Never,Most Days,8
Never,Never,Some Days,Most Days,7
Never,Never,Never,Every Day,6
Never,Some Days,Never,Most Days,6
Every Day,Some Days,Some Days,Some Days,8
Never,Never,Never,Most Days,8
Never,Never,Never,Never,8
Never,Some Days,Never,Most Days,8
Never,Some Days,Never,Most Days,6
Never,Some Days,Some Days,Some Days,7
Every Day,Some Days,Some Days,Most Days,7
Never,Never,Some Days,Every Day,7
Never,Some Days,Some Days,Most Days,7
Most Days,Every Day,Every Day,Some Days,4
Never,Every Day,Never,Never,5
Never,Never,Never,Some Days,7
Some Days,Never,Some Days,Most Days,8
Never,Never,Some Days,Most Days,8
Never,Some Days,Some Days,Most Days,8
Never,Never,Most Days,Some Days,6
Never,Never,Never,Every Day,8
Never,Every Day,Every Day,Some Days,7
Never,Never,Never,Most Days,6
Never,Some Days,Some Days,Some Days,6
Some Days,Never,Every Day,Most Days,7
Never,Never,Some Days,Most Days,7
Never,Some Days,Never,Most Days,8
Never,Never,Never,Every Day,8
Never,Some Days,Some Days,Most Days,8
Never,Never,Never,Most Days,9
Never,Never,Never,Most Days,6
Never,Never,Never,Some Days,7
Never,Most Days,Every Day,Never,4
Never,Most Days,Never,Most Days,6
Never,Never,Never,Every Day,8
Never,Never,Never,Most Days,8
Never,Never,Never,Most Days,9
Never,Most Days,Never,Most Days,7
Never,Never,Some Days,Most Days,7
Never,Some Days,Never,Most Days,7
Every Day,Every Day,Every Day,Some Days,8
Never,Never,Most Days,Some Days,6
Never,Never,Never,Most Days,5
Never,Some Days,Never,Some Days,8
Never,Some Days,Never,Some Days,8
Every Day,Some Days,Some Days,Most Days,5
Never,Never,Never,Most Days,10
Never,Never,Never,Some Days,4
Never,Most Days,Some Days,Some Days,7
Never,Never,Never,Every Day,8
Never,Most Days,Most Days,Most Days,9
Never,Never,Never,Every Day,8
Some Days,Every Day,Never,Some Days,5
Never,Every Day,Never,Every Day,7
Every Day,Never,Never,Most Days,10
Never,Never,Never,Most Days,7
Never,Some Days,Some Days,Most Days,6
Never,Never,Never,Every Day,7
Every Day,Never,Every Day,Every Day,11
Never,Some Days,Never,Most Days,7
Never,Never,Never,Most Days,8
Never,Never,Never,Every Day,9
Never,Never,Never,Every Day,7
Never,Never,Some Days,Most Days,6
Never,Never,Never,Every Day,8
Never,Never,Some Days,Never,6
Never,Some Days,Some Days,Some Days,6
Never,Some Days,Some Days,Some Days,6
Never,Some Days,Some Days,Some Days,7
Every Day,Every Day,Every Day,Never,2
Never,Every Day,Never,Never,7
Never,Never,Never,Most Days,7
Never,Never,Never,Every Day,6
Never,Never,Never,Most Days,6
Never,Most Days,Never,Most Days,8
Never,Never,Some Days,Most Days,8
Every Day,Most Days,Most Days,Most Days,9
Every Day,Some Days,Some Days,Most Days,9
Every Day,Most Days,Most Days,Never,9
Never,Every Day,Every Day,Never,5
Never,Never,Never,Most Days,8
Some Days,Some Days,Never,Some Days,7
Never,Every Day,Every Day,Never,3
Never,Never,Never,Every Day,6
Never,Every Day,Every Day,Never,4
Never,Some Days,Every Day,Some Days,5
Never,Never,Never,Most Days,8
Never,Never,Never,Most Days,6
Never,Never,Some Days,Most Days,8
Never,Most Days,Never,Some Days,6
Some Days,Some Days,Never,Some Days,7
Never,Most Days,Every Day,Most Days,10
Some Days,Never,Some Days,Some Days,9
Never,Some Days,Some Days,Most Days,8
Never,Never,Never,Most Days,8
Every Day,Some Days,Some Days,Never,8
Never,Never,Never,Every Day,7
Never,Some Days,Some Days,Most Days,7
Some Days,Never,Some Days,Most Days,7
Never,Some Days,Never,Most Days,7
Never,Never,Some Days,Most Days,9
Never,Every Day,Some Days,Some Days,7
Never,Most Days,Some Days,Some Days,6
Never,Every Day,Every Day,Some Days,6
Every Day,Some Days,Some Days,Most Days,7
Every Day,Never,Most Days,Most Days,7
Never,Never,Never,Most Days,8
Never,Never,Never,Most Days,8
Never,Never,Never,Most Days,8
Never,Some Days,Some Days,Most Days,7
Some Days,Never,Never,Most Days,7
Never,Never,Never,Most Days,7
Never,Some Days,Some Days,Most Days,7
Some Days,Every Day,Never,Some Days,7
Every Day,Most Days,Some Days,Most Days,8
Never,Most Days,Never,Some Days,6
Never,Some Days,Never,Some Days,6
Never,Never,Never,Every Day,8
Never,Never,Never,Most Days,8
Never,Never,Never,Some Days,7
Some Days,Every Day,Some Days,Never,6
Some Days,Some Days,Some Days,Most Days,7
Never,Never,Some Days,Some Days,8
Never,Some Days,Never,Most Days,7
Every Day,Never,Most Days,Every Day,5
Never,Some Days,Some Days,Most Days,8
Some Days,Every Day,Never,Most Days,6
Never,Never,Some Days,Every Day,8
Never,Never,Never,Most Days,7
Some Days,Some Days,Some Days,Some Days,6
Never,Never,Never,Never,8
Never,Every Day,Some Days,Some Days,7
Never,Never,Never,Most Days,7
Never,Some Days,Some Days,Never,5
Never,Some Days,Some Days,Some Days,6
Never,Never,Some Days,Some Days,6
Never,Never,Never,Never,6
Never,Some Days,Some Days,Some Days,8
Some Days,Never,Never,Every Day,8
Never,Never,Never,Every Day,8
Every Day,Every Day,Every Day,Never,5
Never,Never,Never,Most Days,8
Never,Never,Never,Some Days,5
Some Days,Most Days,Some Days,Never,6
Never,Never,Never,Every Day,9
Never,Never,Some Days,Most Days,9
Never,Every Day,Every Day,Some Days,5
Never,Never,Never,Most Days,7
Never,Never,Some Days,Most Days,6
Never,Never,Never,Every Day,9
Every Day,Some Days,Never,Most Days,8
Never,Never,Never,Every Day,9
Never,Never,Never,Some Days,5
Never,Never,Never,Every Day,7
Some Days,Some Days,Some Days,Never,6
Every Day,Never,Never,Most Days,9
Never,Never,Never,Some Days,7
Never,Every Day,Every Day,Never,6
Never,Every Day,Some Days,Every Day,8
Never,Most Days,Most Days,Some Days,7
Some Days,Every Day,Never,Never,8
Never,Never,Some Days,Most Days,8
Never,Most Days,Some Days,Some Days,8
Never,Some Days,Some Days,Most Days,7
Never,Never,Never,Some Days,6
Never,Every Day,Never,Some Days,7
Never,Never,Never,Most Days,8
Never,Never,Never,Most Days,8
Never,Every Day,Never,Most Days,8
Never,Every Day,Every Day,Never,4
Never,Some Days,Some Days,Most Days,7
Never,Never,Never,Some Days,5
Never,Never,Some Days,Some Days,8
Never,Never,Never,Every Day,8
Never,Never,Never,Every Day,8
Never,Some Days,Some Days,Some Days,7
Never,Never,Never,Every Day,7
Never,Never,Never,Most Days,8
Never,Never,Never,Most Days,7
Never,Never,Never,Every Day,8
Never,Never,Some Days,Most Days,7
Some Days,Most Days,Some Days,Some Days,7
Never,Some Days,Never,Some Days,6
Never,Never,Never,Every Day,7
Never,Never,Never,Some Days,9
Never,Never,Some Days,Most Days,7
Never,Never,Never,Most Days,6
Never,Never,Some Days,Never,8
Never,Never,Never,Every Day,9
Never,Some Days,Never,Some Days,7
Every Day,Never,Never,Most Days,8
Never,Some Days,Some Days,Some Days,7
Most Days,Most Days,Most Days,Some Days,6
Never,Some Days,Some Days,Most Days,7
Never,Some Days,Never,Most Days,6
Never,Never,Never,Some Days,8
Never,Some Days,Never,Some Days,7
Never,Never,Some Days,Most Days,8
Never,Never,Never,Every Day,8
Never,Some Days,Some Days,Most Days,9
Never,Some Days,Some Days,Most Days,7
Every Day,Some Days,Some Days,Most Days,7
Never,Most Days,Most Days,Most Days,7
Never,Never,Never,Every Day,8
Some Days,Some Days,Some Days,Most Days,8
Every Day,Some Days,Some Days,Some Days,8
Never,Never,Never,Every Day,7
Never,Never,Never,Never,7
Never,Never,Some Days,Most Days,7
Never,Never,Some Days,Most Days,8
Some Days,Never,Some Days,Some Days,6
Never,Never,Never,Most Days,6
Never,Every Day,Never,Every Day,5
Never,Some Days,Never,Some Days,8
Never,Never,Never,Most Days,7
Never,Some Days,Never,Some Days,6
Never,Never,Never,Some Days,7
Never,Never,Never,Every Day,8
Never,Most Days,Some Days,Some Days,7
Never,Every Day,Never,Most Days,5
Never,Never,Never,Some Days,7
Some Days,Most Days,Every Day,Some Days,6
Never,Some Days,Never,Most Days,8
Every Day,Some Days,Some Days,Most Days,8
Never,Some Days,Never,Most Days,7
Never,Some Days,Never,Most Days,7
Some Days,Never,Some Days,Some Days,7
Never,Never,Never,Most Days,6
Never,Never,Never,Every Day,5
Never,Never,Never,Most Days,7
Never,Never,Never,Most Days,9
Never,Some Days,Some Days,Some Days,6
Every Day,Never,Never,Most Days,8
Some Days,Never,Never,Every Day,8
Never,Some Days,Some Days,Most Days,6
Never,Never,Never,Some Days,7
Never,Never,Never,Most Days,6
Never,Some Days,Never,Most Days,7
Never,Never,Every Day,Some Days,6
Never,Every Day,Every Day,Never,6
Never,Some Days,Never,Some Days,8
Never,Every Day,Some Days,Some Days,7
Never,Every Day,Some Days,Never,4
Never,Some Days,Some Days,Most Days,10
Never,Some Days,Most Days,Never,4
Every Day,Some Days,Most Days,Some Days,6
Never,Every Day,Every Day,Some Days,6
Some Days,Some Days,Every Day,Some Days,6
Never,Never,Never,Most Days,9
Never,Never,Most Days,Some Days,8
Never,Some Days,Some Days,Most Days,9
Never,Never,Never,Most Days,8
Never,Never,Never,Every Day,9
Never,Some Days,Some Days,Most Days,7
Never,Never,Some Days,Most Days,6
Never,Never,Never,Every Day,8
Every Day,Some Days,Every Day,Most Days,6
Never,Some Days,Some Days,Every Day,8
Never,Never,Some Days,Most Days,7
Never,Some Days,Never,Most Days,8
Never,Never,Never,Some Days,7
Never,Never,Some Days,Some Days,7
Never,Some Days,Never,Every Day,9
Never,Some Days,Never,Every Day,5
Never,Most Days,Most Days,Some Days,6
Never,Never,Never,Every Day,9
Never,Never,Never,Some Days,7
Every Day,Every Day,Every Day,Never,4
Never,Some Days,Never,Some Days,7
Every Day,Some Days,Some Days,Some Days,7
Never,Most Days,Some Days,Most Days,8
Never,Never,Never,Every Day,8
Never,Never,Never,Most Days,8
Never,Never,Never,Most Days,7
Never,Never,Never,Most Days,8
Never,Never,Never,Most Days,8
Never,Never,Never,Every Day,8
Never,Some Days,Some Days,Some Days,7
Never,Never,Never,Every Day,7
Some Days,Most Days,Most Days,Never,7
Never,Never,Never,Every Day,7
Never,Most Days,Never,Never,4
Never,Never,Some Days,Most Days,8
Never,Some Days,Never,Some Days,7
Never,Every Day,Some Days,Some Days,5
Every Day,Every Day,Never,Never,11
Every Day,Some Days,Most Days,Some Days,7
Never,Most Days,Most Days,Some Days,5
Never,Never,Never,Every Day,8
Every Day,Some Days,Most Days,Some Days,6
Every Day,Every Day,Every Day,Every Day,8
Never,Never,Never,Most Days,6
Never,Some Days,Never,Every Day,7
Never,Some Days,Some Days,Most Days,7
Never,Some Days,Some Days,Most Days,6
Some Days,Most Days,Never,Never,7
Never,Never,Never,Most Days,7
Never,Never,Never,Some Days,6
Never,Never,Some Days,Some Days,7
Every Day,Never,Some Days,Most Days,8
Never,Some Days,Most Days,Most Days,7
Never,Every Day,Never,Some Days,6
Never,Some Days,Some Days,Some Days,8
Most Days,Most Days,Most Days,Some Days,5
Never,Never,Never,Most Days,5
Never,Some Days,Never,Some Days,7
Never,Some Days,Some Days,Some Days,7
Every Day,Never,Every Day,Never,7
Never,Every Day,Every Day,Most Days,6
Some Days,Some Days,Most Days,Most Days,6
Never,Some Days,Some Days,Most Days,7
Every Day,Some Days,Every Day,Most Days,7
Some Days,Never,Most Days,Some Days,9
Never,Some Days,Some Days,Never,6
Never,Never,Never,Every Day,7
Never,Some Days,Some Days,Some Days,7
Never,Never,Some Days,Most Days,6
Every Day,Every Day,Some Days,Some Days,7
Never,Never,Never,Every Day,7
Never,Never,Never,Most Days,6
Never,Some Days,Some Days,Some Days,5
Never,Some Days,Some Days,Most Days,7
Never,Some Days,Some Days,Most Days,7
Never,Some Days,Some Days,Some Days,7
Never,Never,Never,Most Days,6
Never,Some Days,Some Days,Most Days,7
Never,Some Days,Never,Some Days,6
Never,Never,Never,Some Days,6
Some Days,Never,Some Days,Never,4
Never,Never,Never,Most Days,8
Never,Never,Never,Some Days,6
Never,Never,Some Days,Most Days,8
Never,Every Day,Never,Every Day,6
Never,Every Day,Some Days,Most Days,6
Never,Never,Never,Every Day,9
Never,Every Day,Never,Never,5
Never,Never,Never,Every Day,7
Never,Never,Never,Most Days,7
Never,Some Days,Some Days,Never,7
Never,Some Days,Some Days,Some Days,6
Never,Some Days,Never,Most Days,7
Never,Some Days,Never,Most Days,7
Never,Some Days,Never,Most Days,8
Every Day,Most Days,Most Days,Never,5
Never,Some Days,Some Days,Most Days,8
Never,Never,Some Days,Most Days,8
Never,Never,Never,Some Days,8
Some Days,Every Day,Every Day,Some Days,6
Some Days,Some Days,Most Days,Most Days,7
Never,Never,Never,Some Days,7
Every Day,Never,Never,Some Days,10
Never,Some Days,Some Days,Some Days,8
Never,Some Days,Some Days,Most Days,7
Never,Never,Never,Most Days,8
Every Day,Most Days,Every Day,Some Days,6
Some Days,Some Days,Some Days,Some Days,8
Some Days,Some Days,Some Days,Never,8
Never,Never,Never,Most Days,8
Every Day,Most Days,Most Days,Some Days,18
Never,Never,Some Days,Most Days,10
Some Days,Some Days,Some Days,Some Days,12
Never,Most Days,Never,Some Days,5
Never,Some Days,Some Days,Most Days,6
Never,Every Day,Never,Never,8
Never,Never,Never,Every Day,8
Never,Never,Never,Some Days,7
Never,Never,Never,Every Day,8
Never,Every Day,Never,Most Days,8
Some Days,Some Days,Some Days,Most Days,7
Never,Never,Some Days,Some Days,6
Every Day,Most Days,Most Days,Some Days,4
Never,Never,Never,Most Days,7
Never,Some Days,Never,Some Days,6
Never,Never,Some Days,Most Days,8
Never,Never,Some Days,Most Days,7
Some Days,Some Days,Never,Every Day,8
Never,Some Days,Some Days,Most Days,8
Never,Never,Never,Some Days,7
Most Days,Most Days,Most Days,Some Days,7
Never,Never,Never,Some Days,6
Never,Most Days,Some Days,Never,6
Most Days,Most Days,Most Days,Some Days,6
Never,Never,Never,Most Days,10
Never,Never,Never,Most Days,9
Never,Never,Never,Some Days,12
Never,Some Days,Never,Never,7
Never,Never,Never,Every Day,8
Never,Some Days,Most Days,Some Days,6
Never,Every Day,Every Day,Some Days,7
Most Days,Every Day,Every Day,Never,4
Never,Some Days,Some Days,Never,7
Never,Some Days,Some Days,Most Days,8
Every Day,Every Day,Every Day,Some Days,4
Never,Never,Never,Some Days,9
Never,Some Days,Never,Some Days,6
Never,Never,Never,Most Days,8
Never,Never,Never,Every Day,6
Never,Some Days,Most Days,Most Days,8
Never,Never,Never,Most Days,8
Never,Never,Never,Some Days,8
Never,Every Day,Every Day,Never,7
Never,Most Days,Some Days,Most Days,7
Never,Never,Never,Some Days,8
Never,Some Days,Some Days,Most Days,8
Never,Never,Never,Every Day,8
Never,Some Days,Some Days,Most Days,7
Never,Never,Some Days,Most Days,8
Never,Never,Never,Never,8
Some Days,Some Days,Some Days,Most Days,7
Never,Most Days,Most Days,Some Days,5
Most Days,Never,Some Days,Most Days,8
Never,Some Days,Never,Some Days,7
Never,Some Days,Never,Most Days,7
Every Day,Every Day,Every Day,Never,3
Never,Some Days,Never,Every Day,7
Never,Some Days,Some Days,Some Days,7
Never,Some Days,Some Days,Some Days,8
Never,Never,Never,Every Day,7
Every Day,Every Day,Every Day,Some Days,4
Every Day,Never,Never,Every Day,11
Some Days,Every Day,Every Day,Never,3
Never,Most Days,Never,Most Days,7
Never,Never,Some Days,Some Days,8
Never,Never,Never,Some Days,10
Never,Never,Never,Most Days,7
Never,Every Day,Some Days,Most Days,7
Never,Some Days,Some Days,Every Day,10
Never,Never,Never,Every Day,5
Never,Never,Never,Some Days,6
Never,Never,Never,Every Day,8
Never,Never,Never,Some Days,6
Never,Never,Some Days,Most Days,6
Never,Some Days,Some Days,Some Days,6
Never,Never,Most Days,Some Days,7
Every Day,Most Days,Most Days,Some Days,6
Every Day,Every Day,Every Day,Never,5
Never,Never,Never,Some Days,8
Some Days,Never,Some Days,Most Days,8
Never,Never,Never,Some Days,6
Some Days,Some Days,Some Days,Most Days,8
Never,Never,Never,Most Days,7
Never,Never,Never,Most Days,6
Never,Never,Never,Most Days,8
Every Day,Most Days,Never,Some Days,7
Never,Never,Never,Some Days,8
Never,Every Day,Never,Never,5
Most Days,Most Days,Never,Never,7
Never,Every Day,Never,Never,6
Never,Most Days,Most Days,Never,6
Never,Never,Never,Some Days,6
Never,Never,Some Days,Most Days,8
Never,Never,Some Days,Most Days,7
Never,Most Days,Most Days,Some Days,8
Every Day,Never,Some Days,Most Days,8
Never,Some Days,Never,Most Days,7
Never,Every Day,Never,Never,10
Never,Never,Never,Some Days,6
Never,Some Days,Some Days,Some Days,7
Every Day,Never,Some Days,Some Days,8
Some Days,Most Days,Every Day,Never,6
Never,Never,Some Days,Every Day,6
Never,Some Days,Some Days,Most Days,6
Never,Never,Never,Most Days,8
Never,Some Days,Never,Never,5
Never,Never,Never,Most Days,8
Never,Never,Never,Never,5
Never,Some Days,Never,Every Day,8
Never,Some Days,Some Days,Never,5
Every Day,Some Days,Some Days,Some Days,5
Never,Never,Some Days,Some Days,7
Never,Some Days,Most Days,Some Days,8
Never,Some Days,Some Days,Some Days,8
Never,Some Days,Never,Some Days,7
Never,Never,Never,Most Days,8
Never,Some Days,Some Days,Some Days,6
Never,Some Days,Some Days,Some Days,7
Never,Some Days,Some Days,Never,7
Never,Some Days,Some Days,Some Days,7
Never,Never,Never,Most Days,8
Never,Never,Some Days,Most Days,8
Never,Never,Never,Never,6
Never,Some Days,Some Days,Some Days,8
Never,Never,Never,Some Days,5
Never,Never,Every Day,Most Days,8
Never,Never,Most Days,Most Days,8
Never,Some Days,Some Days,Every Day,8
Never,Never,Some Days,Most Days,7
Some Days,Some Days,Every Day,Some Days,6
Never,Never,Never,Some Days,6
Never,Never,Never,Every Day,7
Some Days,Some Days,Never,Some Days,7
Every Day,Never,Never,Most Days,9
Never,Some Days,Some Days,Every Day,8
Never,Never,Some Days,Every Day,8
Never,Never,Never,Every Day,8
Never,Never,Never,Some Days,10
Never,Every Day,Some Days,Every Day,7
Every Day,Most Days,Most Days,Some Days,10
Never,Most Days,Some Days,Never,6
Never,Every Day,Every Day,Never,4
Never,Some Days,Never,Most Days,7
Every Day,Some Days,Every Day,Most Days,5
Never,Every Day,Never,Most Days,7
Never,Never,Never,Some Days,5
Never,Never,Never,Every Day,6
Never,Never,Never,Some Days,8
Never,Never,Never,Most Days,8
Never,Never,Never,Most Days,8
Never,Never,Some Days,Some Days,5
Never,Never,Some Days,Some Days,7
Never,Some Days,Some Days,Some Days,8
Never,Never,Never,Most Days,7
Never,Never,Never,Most Days,6
Never,Never,Never,Most Days,8
Never,Some Days,Some Days,Some Days,7
Never,Some Days,Never,Some Days,8
Never,Never,Never,Most Days,7
Never,Some Days,Never,Most Days,7
Never,Never,Some Days,Most Days,7
Some Days,Never,Some Days,Never,9
Never,Never,Never,Most Days,8
Never,Some Days,Some Days,Most Days,8
Never,Never,Never,Never,6
Never,Never,Some Days,Most Days,6
Never,Never,Never,Some Days,12
Never,Never,Some Days,Most Days,8
Never,Never,Never,Some Days,7
Every Day,Some Days,Some Days,Some Days,7
Some Days,Some Days,Never,Some Days,8
Every Day,Most Days,Most Days,Some Days,6
Most Days,Never,Never,Most Days,9
Never,Never,Never,Every Day,7
Some Days,Most Days,Most Days,Some Days,5
Never,Never,Some Days,Most Days,6
Never,Never,Never,Every Day,7
Never,Most Days,Some Days,Never,5
Every Day,Every Day,Every Day,Every Day,3
Never,Never,Never,Every Day,7
Never,Never,Never,Every Day,8
Never,Never,Never,Every Day,10
Never,Never,Never,Most Days,7
Never,Never,Never,Most Days,7
Never,Most Days,Some Days,Most Days,8
Never,Never,Never,Every Day,7
Never,Never,Never,Never,6
Never,Some Days,Some Days,Some Days,8
Never,Never,Never,Most Days,9
Never,Some Days,Never,Most Days,8
Never,Some Days,Never,Most Days,7
Never,Never,Never,Every Day,6
Every Day,Never,Some Days,Most Days,8
Never,Never,Some Days,Some Days,6
Never,Never,Never,Most Days,6
Some Days,Some Days,Some Days,Some Days,6
Never,Some Days,Never,Most Days,7
Never,Most Days,Some Days,Some Days,7
Never,Most Days,Some Days,Most Days,5
Never,Never,Never,Most Days,8
Never,Never,Never,Every Day,8
Never,Some Days,Some Days,Most Days,7
Never,Most Days,Most Days,Never,6
Some Days,Never,Some Days,Most Days,6
Never,Some Days,Never,Most Days,7
Never,Some Days,Some Days,Never,8
Never,Some Days,Most Days,Some Days,7
Never,Some Days,Some Days,Most Days,7
Some Days,Never,Some Days,Some Days,7
Never,Never,Never,Some Days,8
Never,Every Day,Every Day,Never,4
Never,Never,Never,Most Days,8
Never,Some Days,Never,Some Days,6
Never,Some Days,Never,Some Days,8
Some Days,Never,Some Days,Some Days,8
Never,Most Days,Most Days,Never,5
Never,Every Day,Most Days,Never,5
Most Days,Every Day,Every Day,Most Days,5
Never,Most Days,Never,Most Days,8
Never,Some Days,Some Days,Some Days,8
Never,Never,Some Days,Most Days,7
Never,Most Days,Some Days,Most Days,7
Never,Never,Never,Every Day,8
Never,Some Days,Some Days,Most Days,7
Never,Never,Never,Most Days,8
Every Day,Never,Never,Some Days,8
Some Days,Some Days,Never,Some Days,9
Never,Never,Never,Never,6
Never,Never,Some Days,Some Days,9
Never,Most Days,Most Days,Some Days,5
Never,Never,Never,Most Days,7
Never,Never,Never,Never,7
Never,Never,Never,Most Days,8
Never,Some Days,Most Days,Some Days,5
Every Day,Some Days,Never,Some Days,6
Never,Never,Never,Never,6
Some Days,Some Days,Never,Some Days,7
Some Days,Most Days,Most Days,Some Days,6
Never,Most Days,Never,Most Days,8
Some Days,Some Days,Some Days,Some Days,5
Every Day,Some Days,Never,Most Days,6
Never,Never,Never,Most Days,8
Never,Some Days,Some Days,Some Days,6
Some Days,Some Days,Some Days,Some Days,8
Never,Some Days,Some Days,Some Days,6
Every Day,Some Days,Some Days,Most Days,8
Never,Some Days,Never,Most Days,6
Never,Some Days,Some Days,Most Days,8
Never,Never,Never,Some Days,7
Every Day,Every Day,Every Day,Never,16
Never,Every Day,Every Day,Some Days,7
Never,Never,Never,Most Days,7
Never,Some Days,Some Days,Some Days,5
Never,Some Days,Never,Most Days,7
Never,Never,Never,Every Day,7
Most Days,Some Days,Every Day,Some Days,5
Never,Never,Never,Every Day,9
Never,Some Days,Never,Most Days,6
Never,Never,Never,Most Days,5
Never,Some Days,Most Days,Some Days,6
Never,Some Days,Some Days,Some Days,8
Never,Never,Some Days,Most Days,7
Never,Most Days,Most Days,Some Days,3
Never,Some Days,Some Days,Some Days,7
Never,Some Days,Some Days,Most Days,8
Never,Some Days,Some Days,Most Days,5
Never,Never,Never,Most Days,7
Some Days,Most Days,Never,Most Days,6
Never,Never,Never,Most Days,6
Every Day,Some Days,Some Days,Most Days,6
Never,Never,Never,Most Days,7
Never,Some Days,Never,Most Days,8
Never,Some Days,Never,Some Days,6
Never,Some Days,Most Days,Some Days,7
Some Days,Some Days,Some Days,Most Days,7
Never,Never,Never,Most Days,7
Some Days,Never,Some Days,Most Days,7
Never,Never,Some Days,Most Days,6
Never,Some Days,Never,Some Days,6
Never,Never,Never,Most Days,7
Never,Never,Some Days,Some Days,6
Some Days,Some Days,Never,Some Days,6
Never,Never,Never,Most Days,6
Never,Every Day,Some Days,Some Days,5
Some Days,Every Day,Some Days,Some Days,5
Every Day,Never,Never,Most Days,8
Every Day,Every Day,Every Day,Never,9
Most Days,Some Days,Some Days,Most Days,6
Never,Some Days,Some Days,Most Days,8
Some Days,Some Days,Never,Most Days,7
Never,Some Days,Never,Most Days,7
Every Day,Never,Never,Some Days,8
Never,Never,Never,Some Days,8
Never,Never,Never,Most Days,7
Never,Never,Never,Most Days,7
Never,Never,Never,Most Days,7
Some Days,Never,Some Days,Some Days,6
Never,Some Days,Some Days,Most Days,7
Never,Some Days,Some Days,Most Days,8
Never,Every Day,Never,Some Days,4
Most Days,Most Days,Some Days,Some Days,4
Never,Never,Never,Every Day,7
Never,Never,Never,Most Days,8
Never,Never,Never,Every Day,8
Never,Most Days,Some Days,Most Days,7
Never,Never,Never,Some Days,5
Never,Some Days,Some Days,Most Days,7
Never,Never,Never,Most Days,6
Never,Never,Never,Every Day,7
Never,Some Days,Never,Most Days,7
Never,Never,Never,Most Days,8
Never,Some Days,Some Days,Most Days,6
Some Days,Some Days,Some Days,Most Days,7
Every Day,Never,Every Day,Most Days,7
Every Day,Every Day,Every Day,Some Days,5
Never,Never,Never,Every Day,7
Never,Never,Never,Most Days,8
Never,Never,Never,Most Days,7
Never,Never,Some Days,Most Days,6
Never,Most Days,Some Days,Some Days,7
Most Days,Never,Every Day,Some Days,7
Never,Never,Never,Some Days,7
Never,Some Days,Never,Some Days,7
Never,Every Day,Some Days,Some Days,6
Never,Every Day,Every Day,Most Days,6
Never,Most Days,Some Days,Some Days,5
Never,Never,Never,Every Day,8
Never,Some Days,Never,Some Days,8
Never,Never,Never,Some Days,7
Never,Never,Never,Every Day,9
Some Days,Never,Never,Some Days,6
Never,Never,Never,Most Days,7
Never,Never,Never,Most Days,8
Some Days,Some Days,Some Days,Never,8
Never,Some Days,Never,Never,6
Never,Never,Never,Some Days,9
Never,Never,Every Day,Every Day,6
Never,Some Days,Never,Some Days,8
Some Days,Most Days,Most Days,Most Days,6
Never,Never,Some Days,Most Days,8
Never,Some Days,Some Days,Never,6
Never,Some Days,Some Days,Some Days,7
Never,Never,Never,Most Days,8
Every Day,Never,Never,Most Days,7
Most Days,Some Days,Most Days,Some Days,5
Some Days,Never,Some Days,Most Days,8
Never,Never,Some Days,Most Days,7
Never,Never,Never,Most Days,16
Never,Never,Some Days,Some Days,8
Never,Never,Never,Every Day,9
Never,Some Days,Some Days,Every Day,6
Never,Every Day,Some Days,Some Days,8
Every Day,Some Days,Never,Most Days,8
Never,Never,Never,Every Day,7
Every Day,Some Days,Some Days,Some Days,7
Never,Never,Never,Every Day,7
Never,Never,Never,Some Days,6
Never,Some Days,Some Days,Most Days,7
Never,Never,Never,Every Day,7
Some Days,Some Days,Some Days,Every Day,10
Never,Never,Never,Every Day,7
Never,Never,Never,Every Day,7
Never,Never,Never,Most Days,7
Never,Never,Never,Every Day,7
Some Days,Some Days,Some Days,Most Days,9
Some Days,Some Days,Some Days,Some Days,6
Every Day,Some Days,Never,Never,7
Some Days,Most Days,Some Days,Never,6
Never,Most Days,Some Days,Most Days,8
Never,Never,Never,Every Day,7
Never,Some Days,Some Days,Most Days,8
Never,Some Days,Never,Most Days,8
Never,Never,Never,Every Day,9
Never,Some Days,Never,Some Days,8
Every Day,Every Day,Never,Never,4
Never,Some Days,Most Days,Some Days,7
Never,Some Days,Some Days,Some Days,8
Never,Some Days,Some Days,Some Days,7
Never,Never,Never,Every Day,8
Never,Some Days,Some Days,Most Days,9
Never,Every Day,Some Days,Never,5
Never,Never,Most Days,Some Days,6
Never,Never,Never,Most Days,16
Never,Some Days,Most Days,Some Days,6
Never,Never,Never,Most Days,7
Every Day,Every Day,Every Day,Never,6
Never,Never,Never,Some Days,6
Never,Some Days,Never,Some Days,7
Some Days,Some Days,Some Days,Most Days,8
Never,Never,Some Days,Some Days,6
Never,Some Days,Never,Some Days,8
Never,Never,Never,Most Days,7
Never,Never,Never,Every Day,9
Never,Most Days,Some Days,Some Days,7
Never,Never,Never,Most Days,7
Most Days,Every Day,Every Day,Most Days,4
Never,Some Days,Never,Some Days,8
Some Days,Never,Most Days,Most Days,8
Never,Never,Some Days,Most Days,6
Never,Never,Never,Most Days,8
Every Day,Never,Never,Every Day,7
Some Days,Some Days,Some Days,Some Days,6
Some Days,Some Days,Never,Most Days,8
Every Day,Some Days,Some Days,Some Days,6
Some Days,Some Days,Some Days,Some Days,8
Never,Some Days,Some Days,Never,8
Every Day,Some Days,Every Day,Some Days,4
Never,Some Days,Some Days,Some Days,7
Some Days,Never,Never,Some Days,7
Never,Never,Never,Every Day,8
Never,Never,Never,Every Day,8
Never,Never,Some Days,Every Day,7
Some Days,Some Days,Some Days,Some Days,7
Never,Never,Never,Most Days,7
Never,Never,Never,Every Day,7
Never,Never,Never,Every Day,4
Never,Some Days,Some Days,Most Days,8
Most Days,Most Days,Most Days,Some Days,6
Some Days,Most Days,Every Day,Never,4
Every Day,Every Day,Most Days,Some Days,5
Never,Never,Never,Most Days,6
Never,Never,Never,Most Days,9
Most Days,Some Days,Some Days,Most Days,6
Never,Never,Some Days,Some Days,7
Never,Some Days,Some Days,Most Days,6
Never,Most Days,Some Days,Some Days,6
Never,Every Day,Every Day,Never,5
Every Day,Every Day,Every Day,Never,5
Never,Never,Never,Some Days,7
Never,Some Days,Some Days,Most Days,8
Never,Never,Some Days,Most Days,9
Never,Never,Some Days,Most Days,8
Never,Never,Never,Most Days,8
Some Days,Never,Some Days,Some Days,6
Never,Never,Some Days,Most Days,7
Never,Some Days,Never,Some Days,7
Never,Never,Most Days,Most Days,7
Never,Never,Never,Every Day,10
Never,Never,Never,Most Days,8
Never,Never,Never,Every Day,8
Never,Never,Never,Every Day,8
Never,Most Days,Most Days,Some Days,6
Never,Most Days,Some Days,Some Days,6
Never,Every Day,Every Day,Every Day,10
Never,Never,Never,Some Days,10
Some Days,Some Days,Every Day,Never,7
Never,Some Days,Never,Some Days,6
Never,Never,Never,Never,5
Most Days,Never,Every Day,Every Day,6
Never,Most Days,Some Days,Some Days,6
Never,Never,Never,Most Days,8
Never,Some Days,Never,Most Days,8
Never,Never,Never,Most Days,8
Never,Every Day,Never,Most Days,7
Never,Never,Never,Some Days,7
Never,Never,Never,Some Days,7
Never,Most Days,Every Day,Some Days,9
Never,Never,Never,Some Days,8
Every Day,Some Days,Some Days,Some Days,8
Never,Never,Never,Every Day,7
Never,Never,Never,Some Days,6
Never,Some Days,Some Days,Some Days,6
Never,Never,Never,Some Days,4
Never,Never,Never,Most Days,8
Never,Every Day,Some Days,Some Days,5
Never,Never,Never,Every Day,5
Never,Some Days,Some Days,Most Days,7
Never,Some Days,Some Days,Most Days,7
Never,Never,Never,Every Day,8
Some Days,Never,Never,Some Days,6
Never,Never,Never,Most Days,6
Never,Never,Some Days,Some Days,6
Never,Never,Never,Every Day,7
Never,Never,Never,Most Days,8
Never,Never,Never,Every Day,9
Never,Some Days,Some Days,Some Days,6
Never,Some Days,Some Days,Most Days,8
Never,Most Days,Most Days,Most Days,7
Never,Some Days,Some Days,Most Days,8
Never,Some Days,Some Days,Most Days,8
Never,Never,Never,Some Days,8
Never,Never,Never,Some Days,6
Some Days,Most Days,Most Days,Some Days,7
Never,Never,Never,Most Days,8
Never,Some Days,Some Days,Some Days,6
Never,Some Days,Some Days,Most Days,9
Never,Never,Some Days,Most Days,7
Never,Never,Some Days,Most Days,7
Some Days,Most Days,Some Days,Some Days,9
Never,Never,Never,Every Day,7
Some Days,Some Days,Never,Most Days,8
Never,Every Day,Every Day,Never,6
Some Days,Some Days,Some Days,Some Days,5
Never,Every Day,Most Days,Some Days,6
Never,Some Days,Some Days,Some Days,9
Never,Some Days,Never,Some Days,6
Never,Never,Never,Every Day,6
Never,Never,Never,Every Day,10
Never,Never,Never,Most Days,6
Never,Never,Never,Most Days,8
Never,Some Days,Never,Most Days,8
Never,Some Days,Some Days,Most Days,7
Never,Some Days,Never,Most Days,7
Never,Never,Most Days,Some Days,6
Never,Some Days,Never,Some Days,7
Never,Some Days,Some Days,Most Days,8
Never,Never,Some Days,Some Days,6
Never,Never,Never,Every Day,8
Never,Never,Never,Some Days,8
Some Days,Never,Never,Most Days,8
Every Day,Never,Never,Every Day,7
Never,Some Days,Never,Some Days,7
Never,Never,Never,Some Days,8
Some Days,Never,Most Days,Most Days,8
Never,Never,Some Days,Some Days,6
Never,Never,Some Days,Most Days,8
Never,Some Days,Some Days,Some Days,7
Never,Never,Never,Most Days,8
Never,Some Days,Never,Some Days,7
Never,Never,Never,Every Day,9
Never,Never,Never,Most Days,8
Some Days,Most Days,Most Days,Every Day,8
Never,Never,Never,Some Days,8
Never,Every Day,Never,Never,7
Never,Never,Never,Most Days,9
Never,Never,Never,Every Day,8
Never,Never,Some Days,Some Days,7
Some Days,Some Days,Most Days,Some Days,6
Never,Some Days,Never,Most Days,8
Never,Never,Never,Every Day,8
Never,Never,Never,Never,7
Never,Never,Never,Every Day,7
Never,Never,Never,Most Days,5
Never,Some Days,Some Days,Most Days,8
Never,Never,Some Days,Most Days,9
Never,Never,Some Days,Some Days,6
Never,Some Days,Never,Some Days,6
Some Days,Most Days,Most Days,Most Days,6
Never,Some Days,Never,Most Days,8
Never,Some Days,Some Days,Some Days,6
Most Days,Most Days,Never,Most Days,7
Never,Some Days,Never,Some Days,7
Never,Never,Some Days,Most Days,7
Never,Some Days,Some Days,Some Days,6
Never,Every Day,Never,Some Days,4
Never,Never,Some Days,Every Day,7
Never,Some Days,Some Days,Some Days,6
Never,Every Day,Some Days,Never,7
Never,Every Day,Every Day,Never,8
Never,Every Day,Never,Most Days,8
Never,Never,Never,Some Days,5
Never,Never,Never,Most Days,8
Every Day,Never,Never,Some Days,8
Never,Never,Never,Never,8
Never,Never,Some Days,Most Days,6
Never,Never,Never,Most Days,6
Every Day,Most Days,Some Days,Never,6
Never,Never,Most Days,Every Day,8
Never,Some Days,Some Days,Some Days,7
Every Day,Most Days,Every Day,Some Days,6
Never,Some Days,Never,Every Day,7
Never,Never,Never,Never,10
Never,Never,Never,Most Days,7
Never,Never,Never,Never,6
Never,Some Days,Some Days,Some Days,8
Never,Never,Some Days,Most Days,7
Never,Never,Never,Some Days,8
Some Days,Some Days,Some Days,Some Days,8
Never,Never,Never,Most Days,8
Never,Some Days,Some Days,Most Days,7
Every Day,Most Days,Never,Most Days,7
Never,Some Days,Never,Most Days,8
Every Day,Never,Never,Most Days,7
Never,Never,Some Days,Most Days,7
Never,Some Days,Never,Most Days,8
Never,Never,Never,Every Day,8
Some Days,Every Day,Never,Some Days,5
Never,Never,Never,Most Days,8
Never,Most Days,Never,Most Days,7
Never,Never,Some Days,Most Days,7
Some Days,Never,Some Days,Some Days,7
Never,Some Days,Never,Most Days,7
Never,Some Days,Never,Every Day,8
Some Days,Never,Some Days,Most Days,7
Never,Never,Some Days,Most Days,7
Never,Never,Never,Most Days,8
Never,Every Day,Never,Most Days,12
Never,Some Days,Some Days,Some Days,8
Never,Never,Never,Most Days,8
Never,Most Days,Some Days,Some Days,7
Never,Never,Never,Every Day,8
Never,Never,Some Days,Some Days,7
Never,Never,Never,Some Days,9
Never,Never,Never,Most Days,7
Every Day,Every Day,Every Day,Never,5
Every Day,Never,Never,Some Days,7
Never,Never,Some Days,Some Days,8
Never,Some Days,Most Days,Some Days,6
Never,Never,Some Days,Most Days,6
Never,Never,Never,Most Days,7
Never,Never,Never,Most Days,7
Never,Never,Never,Most Days,7
Never,Some Days,Some Days,Some Days,4
Never,Never,Some Days,Most Days,7
Never,Never,Some Days,Some Days,4
Never,Never,Never,Every Day,7
Never,Some Days,Some Days,Some Days,6
Never,Some Days,Some Days,Some Days,8
Most Days,Most Days,Every Day,Some Days,7
Never,Never,Some Days,Some Days,7
Never,Never,Most Days,Every Day,7
Never,Most Days,Most Days,Some Days,7
Never,Some Days,Some Days,Some Days,5
Never,Never,Never,Every Day,6
Never,Never,Never,Most Days,8
Every Day,Some Days,Never,Every Day,8
Some Days,Some Days,Some Days,Most Days,6
Some Days,Some Days,Some Days,Most Days,8
Never,Some Days,Some Days,Most Days,8
Every Day,Most Days,Every Day,Never,5
Most Days,Most Days,Some Days,Most Days,7
Never,Never,Never,Every Day,8
Never,Some Days,Some Days,Some Days,7
Never,Most Days,Some Days,Most Days,7
Never,Never,Never,Never,5
Some Days,Some Days,Some Days,Some Days,7
Never,Some Days,Some Days,Some Days,6
Never,Some Days,Some Days,Some Days,6
Never,Never,Never,Every Day,8
Never,Never,Never,Every Day,8
Never,Never,Never,Some Days,6
Never,Some Days,Never,Some Days,8
Never,Never,Never,Never,7
Some Days,Some Days,Some Days,Some Days,7
Never,Never,Never,Never,7
Never,Never,Most Days,Most Days,8
Never,Never,Never,Never,12
Never,Never,Every Day,Some Days,6
Never,Some Days,Some Days,Some Days,8
Never,Never,Never,Every Day,8
Never,Never,Never,Most Days,8
Never,Never,Never,Some Days,8
Some Days,Never,Never,Most Days,8
Never,Most Days,Never,Most Days,7
Never,Never,Never,Every Day,7
Never,Some Days,Some Days,Most Days,8
Never,Never,Never,Most Days,7
Never,Some Days,Some Days,Some Days,6
Never,Never,Never,Some Days,9
Never,Never,Never,Every Day,7
Never,Never,Never,Some Days,6
Never,Never,Never,Every Day,8
Never,Some Days,Some Days,Some Days,7
Never,Some Days,Never,Most Days,8
Never,Never,Never,Most Days,8
Some Days,Some Days,Some Days,Some Days,7
Never,Some Days,Never,Most Days,7
Never,Most Days,Some Days,Some Days,5
Never,Some Days,Never,Every Day,10
Never,Never,Never,Never,7
Never,Some Days,Never,Some Days,7
Never,Never,Never,Most Days,8
Never,Some Days,Some Days,Most Days,8
Every Day,Some Days,Some Days,Some Days,8
Never,Some Days,Some Days,Some Days,7
Never,Never,Some Days,Some Days,8
Never,Never,Never,Most Days,10
Never,Never,Some Days,Most Days,8
Every Day,Every Day,Every Day,Never,5
Never,Never,Never,Every Day,7
Never,Never,Never,Never,9
Never,Never,Never,Most Days,7
Some Days,Some Days,Some Days,Most Days,7
Never,Never,Some Days,Most Days,5
Never,Some Days,Most Days,Some Days,6
Never,Never,Never,Most Days,8
Never,Every Day,Every Day,Some Days,4
Never,Never,Some Days,Some Days,7
Never,Some Days,Some Days,Some Days,6
Never,Never,Never,Every Day,8
Never,Never,Some Days,Some Days,6
Never,Never,Never,Every Day,9
Never,Never,Never,Every Day,7
Some Days,Some Days,Some Days,Every Day,7
Never,Never,Never,Every Day,6
Never,Never,Some Days,Most Days,8
Some Days,Never,Never,Most Days,7
Never,Never,Some Days,Most Days,6
Never,Never,Never,Never,6
Never,Never,Never,Every Day,8
Never,Never,Never,Most Days,8
Never,Some Days,Most Days,Never,8
Never,Never,Some Days,Some Days,8
Never,Never,Never,Most Days,6
Never,Every Day,Most Days,Some Days,5
Never,Most Days,Some Days,Some Days,6
Never,Never,Never,Some Days,6
Never,Never,Some Days,Some Days,6
Never,Never,Never,Some Days,6
Some Days,Some Days,Never,Some Days,7
Every Day,Never,Never,Every Day,8
Most Days,Never,Some Days,Some Days,8
Never,Never,Never,Every Day,8
Never,Some Days,Never,Some Days,7
Every Day,Never,Never,Most Days,5
Never,Every Day,Most Days,Some Days,6
Never,Never,Never,Most Days,7
Never,Some Days,Never,Some Days,7
Never,Most Days,Some Days,Some Days,8
Never,Never,Some Days,Most Days,8
Never,Some Days,Some Days,Some Days,7
Never,Never,Never,Never,7
Never,Never,Some Days,Most Days,7
Some Days,Some Days,Never,Some Days,7
Never,Never,Some Days,Most Days,7
Never,Never,Never,Every Day,6
Never,Never,Some Days,Most Days,7
Every Day,Every Day,Most Days,Some Days,7
Never,Never,Never,Most Days,8
Never,Never,Never,Never,8
Never,Never,Never,Most Days,6
Never,Some Days,Never,Some Days,7
Some Days,Some Days,Some Days,Some Days,7
Never,Most Days,Most Days,Never,5
Never,Never,Never,Most Days,8
Never,Some Days,Never,Most Days,7
Never,Every Day,Every Day,Never,8
Never,Never,Never,Most Days,10
Never,Some Days,Some Days,Every Day,8
Never,Some Days,Never,Most Days,6
Every Day,Every Day,Every Day,Some Days,4
Never,Every Day,Most Days,Never,7
Some Days,Some Days,Some Days,Some Days,8
Never,Never,Never,Every Day,7
Some Days,Some Days,Most Days,Some Days,7
Every Day,Every Day,Every Day,Never,6
Never,Some Days,Some Days,Most Days,8
Never,Some Days,Some Days,Some Days,5
Never,Never,Some Days,Every Day,7
Never,Never,Some Days,Most Days,8
Never,Never,Never,Most Days,6
Never,Never,Never,Most Days,7
Some Days,Most Days,Most Days,Some Days,6
Never,Some Days,Some Days,Most Days,7
Some Days,Some Days,Some Days,Some Days,7
Some Days,Never,Some Days,Most Days,7
Never,Never,Some Days,Most Days,8
Never,Never,Some Days,Never,7
Never,Some Days,Some Days,Most Days,8
Never,Never,Never,Every Day,7
Never,Some Days,Some Days,Every Day,7
Some Days,Every Day,Never,Some Days,7
Some Days,Never,Some Days,Most Days,7
Never,Never,Never,Some Days,6
Never,Never,Never,Most Days,7
Never,Some Days,Never,Every Day,7
Never,Some Days,Most Days,Most Days,7
Never,Most Days,Some Days,Some Days,6
Never,Some Days,Some Days,Most Days,7
Never,Never,Never,Every Day,8
Never,Some Days,Never,Most Days,7
Most Days,Never,Some Days,Most Days,7
Never,Never,Never,Some Days,10
Never,Some Days,Some Days,Most Days,8
Never,Never,Never,Every Day,7
Never,Never,Every Day,Every Day,7
Never,Never,Never,Every Day,8
Never,Most Days,Never,Most Days,5
Never,Never,Never,Every Day,6
Never,Every Day,Never,Most Days,8
Never,Never,Never,Some Days,8
Some Days,Every Day,Some Days,Never,7
Never,Most Days,Some Days,Most Days,8
Never,Some Days,Some Days,Most Days,7
Never,Some Days,Some Days,Never,5
Never,Most Days,Most Days,Some Days,6
Never,Most Days,Most Days,Some Days,6
Some Days,Most Days,Most Days,Some Days,6
Never,Never,Never,Every Day,6
Never,Never,Never,Most Days,6
Never,Most Days,Most Days,Some Days,8
Never,Some Days,Never,Most Days,8
Never,Some Days,Some Days,Some Days,6
Never,Never,Never,Every Day,8
Never,Never,Never,Most Days,8
Never,Some Days,Never,Every Day,6
Never,Never,Most Days,Some Days,6
Never,Never,Never,Some Days,7
Some Days,Some Days,Some Days,Some Days,8
Never,Most Days,Never,Most Days,5
Never,Every Day,Every Day,Some Days,4
Never,Never,Never,Most Days,7
Some Days,Never,Some Days,Most Days,8
Never,Most Days,Never,Most Days,4
Most Days,Never,Never,Every Day,5
Never,Every Day,Some Days,Some Days,8
Most Days,Some Days,Most Days,Most Days,8
Never,Never,Some Days,Most Days,8
Never,Some Days,Some Days,Some Days,7
Never,Never,Some Days,Most Days,8
Never,Never,Some Days,Most Days,9
Never,Some Days,Never,Every Day,8
Never,Some Days,Never,Most Days,8
Never,Some Days,Never,Most Days,7
Never,Most Days,Some Days,Some Days,8
Some Days,Some Days,Some Days,Some Days,6
Never,Never,Never,Every Day,8
Never,Never,Never,Some Days,7
Never,Never,Never,Every Day,9
Never,Never,Some Days,Most Days,9
Never,Some Days,Never,Every Day,10
Never,Never,Some Days,Every Day,9
Never,Some Days,Some Days,Most Days,6
Some Days,Never,Some Days,Most Days,8
Never,Never,Never,Every Day,8
Never,Never,Some Days,Most Days,8
Never,Never,Never,Every Day,9
Never,Never,Some Days,Some Days,6
Some Days,Some Days,Most Days,Most Days,7
Never,Most Days,Never,Most Days,8
Never,Some Days,Some Days,Some Days,7
Never,Never,Never,Most Days,9
Never,Some Days,Never,Most Days,7
Never,Some Days,Every Day,Every Day,7
Never,Every Day,Most Days,Some Days,6
Never,Some Days,Never,Most Days,6
Never,Never,Never,Most Days,6
Never,Never,Some Days,Some Days,7
Never,Most Days,Most Days,Never,6
Never,Most Days,Never,Most Days,7
Never,Never,Never,Most Days,8
Never,Most Days,Most Days,Never,6
Some Days,Every Day,Every Day,Never,5
Never,Never,Never,Most Days,6
Never,Most Days,Most Days,Most Days,6
Never,Some Days,Some Days,Most Days,6
Never,Some Days,Never,Some Days,8
Never,Some Days,Never,Some Days,6
Never,Some Days,Never,Some Days,7
Never,Never,Never,Never,7
Never,Never,Some Days,Never,7
Never,Never,Never,Most Days,7
Every Day,Most Days,Some Days,Most Days,7
Never,Some Days,Some Days,Some Days,8
Never,Never,Never,Every Day,8
Some Days,Never,Some Days,Most Days,7
Never,Never,Some Days,Most Days,8
Some Days,Some Days,Most Days,Some Days,7
Some Days,Some Days,Some Days,Some Days,8
Never,Never,Never,Most Days,8
Never,Some Days,Some Days,Some Days,8
Never,Never,Never,Most Days,6
Never,Never,Some Days,Most Days,8
Never,Never,Some Days,Most Days,6
Never,Never,Never,Every Day,8
Never,Never,Never,Every Day,6
Never,Never,Never,Some Days,7
Never,Some Days,Never,Most Days,6
Never,Some Days,Some Days,Most Days,7
Never,Some Days,Some Days,Never,7
Never,Never,Never,Every Day,7
Never,Never,Never,Most Days,8
Every Day,Every Day,Some Days,Most Days,9
Never,Most Days,Some Days,Some Days,6
Never,Some Days,Some Days,Some Days,6
Never,Some Days,Some Days,Some Days,6
Never,Never,Some Days,Most Days,5
Never,Never,Some Days,Some Days,5
Never,Most Days,Most Days,Some Days,6
Never,Never,Most Days,Some Days,6
Never,Never,Never,Every Day,7
Never,Never,Some Days,Most Days,8
Never,Never,Never,Some Days,5
Never,Never,Some Days,Most Days,9
Never,Never,Never,Some Days,12
Never,Never,Never,Some Days,8
Never,Most Days,Most Days,Some Days,8
Never,Never,Never,Some Days,8
Never,Never,Never,Every Day,8
Never,Never,Some Days,Some Days,7
Never,Never,Never,Most Days,7
Never,Never,Never,Some Days,6
Never,Every Day,Every Day,Every Day,5
Never,Never,Never,Never,8
Never,Never,Never,Most Days,8
Never,Never,Some Days,Most Days,7
Never,Most Days,Most Days,Most Days,9
Never,Never,Never,Most Days,8
Some Days,Most Days,Most Days,Some Days,6
Some Days,Some Days,Some Days,Most Days,10
Never,Some Days,Never,Most Days,7
Never,Never,Never,Most Days,8
Never,Never,Most Days,Every Day,5
Never,Never,Never,Some Days,8
Never,Some Days,Never,Every Day,8
Never,Never,Never,Most Days,6
Never,Some Days,Some Days,Most Days,8
Never,Some Days,Some Days,Most Days,8
Never,Never,Some Days,Most Days,7
Never,Every Day,Most Days,Some Days,5
Most Days,Never,Some Days,Most Days,7
Some Days,Some Days,Never,Some Days,7
Every Day,Never,Never,Most Days,7
Never,Some Days,Never,Most Days,8
Some Days,Most Days,Never,Some Days,6
Never,Never,Never,Most Days,8
Never,Some Days,Never,Every Day,8
Never,Some Days,Never,Most Days,7
Never,Never,Never,Every Day,8
Never,Never,Some Days,Most Days,8
Never,Never,Never,Most Days,7
Never,Never,Some Days,Some Days,7
Never,Never,Never,Every Day,7
Never,Some Days,Never,Every Day,7
Every Day,Every Day,Every Day,Never,4
Never,Never,Some Days,Most Days,10
Never,Some Days,Some Days,Most Days,7
Never,Every Day,Every Day,Never,3
Never,Some Days,Every Day,Most Days,5
Never,Some Days,Some Days,Most Days,7
Never,Every Day,Some Days,Most Days,7
Never,Some Days,Some Days,Most Days,8
Every Day,Never,Never,Most Days,6
Never,Some Days,Never,Most Days,7
Every Day,Every Day,Never,Most Days,8
Never,Never,Never,Most Days,7
Never,Never,Some Days,Most Days,7
Never,Some Days,Never,Most Days,8
Never,Most Days,Most Days,Some Days,6
Never,Never,Some Days,Most Days,7
Never,Some Days,Some Days,Most Days,7
Never,Every Day,Never,Some Days,7
Never,Never,Never,Most Days,7
Every Day,Some Days,Some Days,Most Days,8
Never,Every Day,Every Day,Some Days,6
Most Days,Some Days,Some Days,Some Days,7
Never,Some Days,Some Days,Some Days,7
Some Days,Never,Some Days,Some Days,7
Never,Some Days,Never,Most Days,7
Never,Never,Never,Some Days,7
Never,Never,Some Days,Every Day,6
Never,Never,Never,Every Day,7
Never,Never,Never,Every Day,8
Never,Never,Never,Every Day,6
Never,Never,Never,Every Day,8
Never,Never,Never,Most Days,8
Never,Some Days,Some Days,Some Days,7
Never,Never,Never,Every Day,9
Never,Never,Never,Every Day,8
Never,Some Days,Never,Some Days,6
Never,Never,Some Days,Never,7
Never,Never,Never,Every Day,10
Never,Never,Never,Some Days,6
Never,Never,Never,Most Days,6
Never,Never,Never,Most Days,7
Some Days,Never,Some Days,Most Days,6
Never,Some Days,Some Days,Most Days,8
Some Days,Some Days,Never,Never,6
Never,Never,Never,Every Day,6
Never,Never,Never,Every Day,6
Never,Never,Never,Some Days,7
Never,Never,Some Days,Most Days,8
Never,Never,Never,Most Days,7
Most Days,Never,Most Days,Some Days,9
Never,Most Days,Some Days,Some Days,10
Never,Some Days,Some Days,Some Days,7
Never,Every Day,Never,Most Days,8
Every Day,Never,Every Day,Most Days,8
Never,Never,Never,Most Days,6
Never,Some Days,Some Days,Some Days,7
Never,Some Days,Never,Most Days,9
Never,Some Days,Never,Most Days,8
Never,Some Days,Some Days,Most Days,7
Most Days,Most Days,Most Days,Some Days,5
Never,Some Days,Some Days,Some Days,7
Never,Some Days,Never,Never,7
Never,Some Days,Never,Most Days,8
Never,Some Days,Never,Most Days,7
Never,Some Days,Never,Most Days,8
Never,Some Days,Never,Most Days,5
Never,Never,Never,Most Days,8
Some Days,Never,Some Days,Most Days,7
Never,Never,Never,Most Days,8
Never,Some Days,Some Days,Most Days,6
Never,Never,Never,Some Days,7
Never,Some Days,Most Days,Some Days,7
Some Days,Never,Some Days,Most Days,7
Every Day,Never,Never,Some Days,6
Never,Some Days,Never,Most Days,9
Never,Some Days,Never,Some Days,5
Never,Some Days,Some Days,Some Days,7
Most Days,Never,Some Days,Most Days,7
Never,Most Days,Most Days,Never,6
Never,Most Days,Never,Some Days,5
Never,Some Days,Never,Some Days,7
Never,Most Days,Some Days,Most Days,6
Never,Some Days,Never,Some Days,8
Never,Some Days,Some Days,Most Days,9
Never,Some Days,Some Days,Some Days,8
Never,Most Days,Some Days,Most Days,8
Never,Never,Some Days,Most Days,8
Never,Never,Never,Most Days,6
Never,Never,Never,Most Days,8
Never,Never,Never,Every Day,8
Some Days,Some Days,Never,Some Days,7
Never,Never,Never,Most Days,7
Never,Never,Never,Every Day,7
Never,Never,Never,Every Day,7
Never,Some Days,Never,Most Days,7
Most Days,Never,Most Days,Some Days,7
Never,Never,Most Days,Never,6
Never,Never,Some Days,Some Days,5
Never,Never,Some Days,Most Days,7
Never,Never,Never,Every Day,8
Never,Never,Never,Every Day,7
Every Day,Never,Some Days,Some Days,8
Never,Never,Never,Most Days,8
Never,Some Days,Never,Most Days,8
Never,Some Days,Some Days,Never,7
Never,Some Days,Some Days,Most Days,7
Never,Never,Never,Every Day,9
Never,Some Days,Some Days,Some Days,8
Never,Some Days,Some Days,Most Days,7
Never,Some Days,Never,Some Days,6
Never,Some Days,Never,Some Days,7
Never,Some Days,Some Days,Some Days,6
Never,Some Days,Some Days,Some Days,7
Never,Never,Never,Most Days,8
Never,Some Days,Some Days,Most Days,8
Never,Never,Some Days,Every Day,7
Never,Never,Some Days,Most Days,6
Some Days,Never,Every Day,Most Days,9
Every Day,Every Day,Every Day,Most Days,6
Every Day,Some Days,Some Days,Some Days,8
Never,Some Days,Never,Never,6
Never,Never,Some Days,Most Days,7
Never,Never,Never,Most Days,7
Never,Never,Never,Some Days,7
Never,Some Days,Never,Some Days,7
Never,Some Days,Some Days,Most Days,7
Never,Never,Never,Most Days,7
Never,Never,Never,Every Day,8
Never,Some Days,Some Days,Most Days,7
Every Day,Some Days,Every Day,Some Days,7
Never,Never,Never,Most Days,8
Never,Some Days,Some Days,Every Day,6
Never,Never,Never,Some Days,6
Every Day,Never,Most Days,Some Days,10
Never,Never,Never,Every Day,6
Never,Never,Never,Most Days,8
Never,Never,Some Days,Every Day,7
Never,Some Days,Some Days,Some Days,7
Every Day,Every Day,Some Days,Never,5
Never,Every Day,Never,Never,6
Never,Some Days,Some Days,Most Days,8
Never,Never,Never,Most Days,8
Every Day,Every Day,Some Days,Most Days,6
Every Day,Every Day,Every Day,Never,6
Never,Never,Never,Never,9
Never,Never,Some Days,Some Days,9
Never,Never,Never,Every Day,6
Never,Never,Never,Some Days,6
Never,Some Days,Some Days,Some Days,7
Never,Never,Some Days,Some Days,6
Some Days,Some Days,Some Days,Every Day,8
Never,Some Days,Some Days,Most Days,6
Never,Never,Never,Every Day,6
Never,Never,Never,Every Day,8
Never,Never,Never,Every Day,8
Never,Some Days,Some Days,Most Days,5
Never,Some Days,Some Days,Never,6
Never,Never,Never,Most Days,8
Never,Some Days,Some Days,Some Days,5
Never,Some Days,Never,Most Days,7
Most Days,Some Days,Never,Some Days,7
Never,Never,Never,Every Day,8
Never,Every Day,Some Days,Some Days,8
Never,Never,Some Days,Never,8
Never,Never,Never,Most Days,7
Never,Never,Some Days,Some Days,7
Never,Some Days,Never,Most Days,7
Never,Never,Never,Some Days,8
Never,Never,Never,Most Days,7
Never,Never,Some Days,Some Days,8
Never,Never,Never,Never,8
Never,Some Days,Some Days,Most Days,7
Never,Never,Some Days,Every Day,6
Some Days,Most Days,Some Days,Some Days,5
Never,Some Days,Never,Some Days,10
Never,Some Days,Some Days,Most Days,8
Never,Never,Some Days,Some Days,5
Never,Never,Never,Some Days,6
Never,Never,Never,Some Days,6
Never,Never,Never,Most Days,8
Never,Never,Never,Most Days,8
Never,Never,Never,Some Days,7
Never,Every Day,Never,Never,4
Never,Never,Never,Some Days,5
Never,Never,Never,Most Days,9
Never,Never,Some Days,Every Day,8
Every Day,Never,Never,Most Days,6
Never,Never,Never,Every Day,7
Never,Some Days,Some Days,Some Days,7
Never,Never,Never,Most Days,8
Never,Never,Never,Most Days,10
Never,Never,Some Days,Most Days,8
Never,Some Days,Some Days,Some Days,6
Never,Most Days,Some Days,Some Days,7
Never,Some Days,Never,Most Days,6
Never,Some Days,Never,Most Days,7
Never,Every Day,Every Day,Never,6
Never,Some Days,Some Days,Some Days,7
Never,Never,Some Days,Every Day,9
Every Day,Most Days,Never,Most Days,6
Never,Some Days,Some Days,Every Day,6
Never,Never,Never,Every Day,8
Some Days,Never,Some Days,Most Days,8
Never,Never,Never,Most Days,7
Never,Never,Never,Every Day,8
Never,Never,Never,Most Days,8
Never,Never,Never,Most Days,9
Never,Never,Never,Most Days,7
Some Days,Some Days,Some Days,Some Days,7
Never,Never,Never,Most Days,8
Never,Some Days,Never,Every Day,6
Every Day,Every Day,Some Days,Some Days,5
Never,Never,Never,Every Day,7
Never,Never,Some Days,Most Days,7
Never,Most Days,Some Days,Some Days,6
Never,Never,Some Days,Some Days,6
Some Days,Some Days,Never,Some Days,7
Never,Never,Never,Never,8
Never,Some Days,Never,Some Days,8
Never,Some Days,Some Days,Some Days,6
Never,Never,Never,Some Days,6
Every Day,Never,Never,Every Day,8
Never,Never,Some Days,Most Days,8
Never,Never,Never,Every Day,8
Some Days,Some Days,Some Days,Some Days,5
Never,Some Days,Some Days,Never,5
Every Day,Most Days,Most Days,Most Days,5
Some Days,Never,Some Days,Most Days,8
Most Days,Every Day,Every Day,Some Days,6
Some Days,Some Days,Some Days,Most Days,8
Never,Never,Never,Most Days,8
Never,Never,Most Days,Most Days,6
Never,Never,Never,Every Day,7
Never,Some Days,Never,Most Days,7
Never,Some Days,Some Days,Most Days,4
Never,Never,Never,Every Day,6
Never,Some Days,Some Days,Most Days,7
Never,Never,Never,Some Days,5
Never,Some Days,Some Days,Some Days,7
Some Days,Never,Never,Most Days,6
Never,Never,Some Days,Most Days,7
Never,Some Days,Some Days,Most Days,6
Never,Never,Never,Some Days,6
Never,Never,Some Days,Never,7
Never,Never,Never,Every Day,7
Never,Never,Never,Every Day,8
Every Day,Every Day,Every Day,Never,7
Never,Some Days,Some Days,Most Days,6
Some Days,Most Days,Most Days,Some Days,6
Some Days,Most Days,Every Day,Never,3
Never,Most Days,Some Days,Most Days,8
Never,Some Days,Some Days,Most Days,8
Never,Never,Never,Every Day,8
Some Days,Some Days,Never,Most Days,8
Never,Never,Never,Most Days,8
Some Days,Never,Never,Every Day,6
Never,Every Day,Some Days,Most Days,7
Every Day,Every Day,Never,Never,8
Never,Never,Never,Every Day,8
Never,Never,Never,Every Day,8
Every Day,Never,Every Day,Some Days,5
Never,Never,Never,Most Days,8
Never,Never,Never,Most Days,10
Never,Never,Some Days,Most Days,8
Never,Never,Never,Every Day,8
Some Days,Most Days,Some Days,Most Days,7
Never,Never,Never,Most Days,7
Never,Never,Never,Some Days,7
Never,Never,Never,Most Days,8
Every Day,Every Day,Never,Never,6
Never,Never,Never,Every Day,8
Never,Never,Some Days,Some Days,5
Some Days,Some Days,Never,Most Days,7
Never,Never,Never,Some Days,7
Most Days,Never,Some Days,Most Days,6
Never,Never,Never,Some Days,6
Never,Never,Never,Every Day,8
Never,Every Day,Some Days,Some Days,5
Some Days,Never,Most Days,Most Days,4
Never,Some Days,Never,Most Days,6
Some Days,Never,Some Days,Never,5
Never,Every Day,Never,Some Days,4
Never,Never,Never,Every Day,8
Some Days,Some Days,Some Days,Some Days,6
Never,Some Days,Never,Most Days,7
Some Days,Never,Some Days,Some Days,6
Some Days,Most Days,Some Days,Most Days,7
Never,Every Day,Some Days,Most Days,9
Some Days,Most Days,Most Days,Some Days,6
Some Days,Some Days,Most Days,Some Days,9
Never,Never,Never,Some Days,8
Never,Some Days,Every Day,Most Days,8
Never,Never,Some Days,Every Day,9
Never,Never,Never,Most Days,6
Never,Every Day,Every Day,Never,5
Never,Every Day,Every Day,Never,4
Never,Never,Never,Most Days,10
Never,Never,Never,Most Days,7
Never,Some Days,Never,Every Day,7
Never,Never,Never,Every Day,11
Never,Some Days,Some Days,Most Days,8
Every Day,Some Days,Some Days,Some Days,5
Never,Never,Never,Never,7
Never,Never,Some Days,Some Days,7
Never,Never,Never,Most Days,9
Every Day,Some Days,Some Days,Some Days,8
Never,Every Day,Never,Some Days,6
Never,Never,Some Days,Some Days,7
Never,Never,Never,Every Day,7
Never,Some Days,Never,Most Days,7
Never,Never,Never,Most Days,7
Never,Some Days,Some Days,Some Days,5
Never,Some Days,Never,Never,8
Never,Never,Some Days,Some Days,8
Every Day,Never,Never,Some Days,7
Never,Never,Never,Every Day,10
Never,Never,Never,Most Days,7
Never,Never,Never,Never,7
Most Days,Some Days,Most Days,Some Days,7
Never,Never,Some Days,Some Days,8
Never,Some Days,Some Days,Most Days,8
Never,Some Days,Some Days,Some Days,7
Never,Every Day,Every Day,Some Days,4
Never,Never,Some Days,Most Days,6
Never,Never,Never,Some Days,7
Never,Most Days,Never,Some Days,7
Some Days,Never,Some Days,Most Days,8
Never,Never,Every Day,Never,7
Every Day,Every Day,Most Days,Some Days,4
Never,Most Days,Never,Some Days,8
Never,Some Days,Never,Most Days,7
Never,Never,Never,Every Day,7
Never,Never,Some Days,Most Days,7
Never,Never,Never,Most Days,6
Never,Never,Never,Most Days,8
Never,Never,Never,Most Days,7
Never,Never,Never,Most Days,8
Never,Never,Some Days,Most Days,5
Never,Never,Some Days,Never,8
Never,Never,Never,Some Days,6
Some Days,Some Days,Most Days,Never,7
Never,Never,Some Days,Every Day,8
Never,Never,Never,Most Days,7
Some Days,Some Days,Some Days,Every Day,5
Never,Some Days,Never,Most Days,8
Never,Never,Never,Most Days,8
Never,Never,Every Day,Some Days,7
Every Day,Some Days,Never,Some Days,6
Never,Never,Never,Most Days,8
Never,Some Days,Some Days,Most Days,7
Never,Some Days,Some Days,Most Days,7
Never,Never,Never,Most Days,7
Never,Never,Never,Most Days,7
Never,Some Days,Never,Most Days,7
Never,Most Days,Some Days,Most Days,8
Every Day,Every Day,Never,Most Days,7
Never,Some Days,Never,Some Days,8
Never,Never,Never,Every Day,7
Some Days,Some Days,Never,Some Days,7
Never,Never,Never,Some Days,7
Never,Every Day,Some Days,Most Days,8
Never,Some Days,Never,Most Days,7
Some Days,Some Days,Every Day,Some Days,6
Never,Every Day,Never,Never,5
Some Days,Never,Some Days,Most Days,7
Never,Never,Never,Some Days,5
Never,Never,Never,Most Days,6
Never,Never,Some Days,Some Days,6
Never,Some Days,Some Days,Some Days,9
Never,Most Days,Never,Every Day,8
Never,Never,Most Days,Most Days,5
Never,Most Days,Most Days,Never,6
Never,Every Day,Some Days,Never,3
Never,Some Days,Most Days,Some Days,6
Never,Some Days,Some Days,Most Days,7
Never,Some Days,Some Days,Most Days,8
Never,Some Days,Some Days,Some Days,9
Some Days,Some Days,Some Days,Some Days,7
Never,Never,Some Days,Never,6
Never,Never,Never,Most Days,7
Never,Never,Never,Most Days,7
Never,Most Days,Some Days,Some Days,6
Never,Some Days,Some Days,Some Days,7
Never,Never,Never,Every Day,8
Never,Some Days,Never,Most Days,7
Never,Never,Never,Most Days,8
Never,Never,Never,Most Days,8
Never,Never,Some Days,Most Days,8
Some Days,Some Days,Most Days,Most Days,7
Never,Never,Some Days,Most Days,7
Never,Some Days,Some Days,Every Day,8
Every Day,Never,Never,Some Days,8
Never,Never,Some Days,Every Day,6
Never,Some Days,Some Days,Every Day,7
Never,Some Days,Some Days,Some Days,8
Never,Most Days,Never,Every Day,10
Never,Never,Some Days,Most Days,8
Never,Every Day,Never,Most Days,7
Never,Never,Never,Some Days,6
Never,Never,Some Days,Most Days,7
Never,Never,Some Days,Most Days,7
Never,Never,Some Days,Most Days,8
Every Day,Some Days,Every Day,Some Days,7
Never,Never,Never,Most Days,6
Never,Every Day,Never,Never,3
Never,Some Days,Never,Some Days,8
Never,Some Days,Some Days,Some Days,7
Never,Every Day,Never,Never,6
Some Days,Most Days,Some Days,Some Days,6
Never,Some Days,Some Days,Every Day,8
Never,Never,Never,Every Day,9
Never,Every Day,Never,Never,9
Never,Never,Some Days,Some Days,6
Never,Some Days,Some Days,Some Days,8
Never,Some Days,Never,Most Days,7
Never,Never,Most Days,Most Days,7
Never,Never,Never,Every Day,9
Never,Never,Some Days,Most Days,8
Never,Most Days,Never,Some Days,6
Never,Never,Never,Every Day,8
Never,Never,Never,Every Day,8
Never,Some Days,Some Days,Most Days,6
Never,Some Days,Some Days,Most Days,8
Every Day,Never,Never,Most Days,8
Never,Some Days,Never,Some Days,8
Every Day,Every Day,Most Days,Some Days,6
Never,Never,Never,Most Days,8
Never,Most Days,Never,Most Days,7
Every Day,Never,Never,Every Day,7
Never,Never,Never,Every Day,7
Some Days,Never,Some Days,Most Days,8
Never,Never,Some Days,Every Day,8
Never,Some Days,Never,Most Days,6
Every Day,Some Days,Most Days,Never,7
Never,Never,Never,Some Days,8
Never,Never,Never,Some Days,9
Never,Most Days,Some Days,Some Days,10
Never,Never,Never,Most Days,8
Never,Never,Some Days,Most Days,8
Every Day,Some Days,Some Days,Most Days,7
Never,Never,Never,Most Days,7
Never,Some Days,Never,Most Days,8
Never,Never,Some Days,Most Days,7
Never,Some Days,Never,Some Days,7
Never,Never,Never,Most Days,8
Never,Most Days,Never,Never,6
Never,Never,Never,Some Days,8
Never,Some Days,Some Days,Most Days,9
Never,Most Days,Never,Some Days,6
Never,Some Days,Some Days,Some Days,8
Never,Never,Some Days,Some Days,9
Never,Never,Some Days,Every Day,7
Never,Some Days,Some Days,Most Days,7
Never,Some Days,Never,Most Days,8
Never,Some Days,Never,Most Days,7
Some Days,Never,Never,Never,7
Never,Some Days,Never,Most Days,7
Never,Some Days,Never,Most Days,8
Never,Some Days,Never,Some Days,6
Never,Never,Never,Some Days,9
Never,Every Day,Most Days,Some Days,8
Never,Never,Never,Every Day,8
Never,Never,Never,Most Days,6
Never,Never,Never,Every Day,8
Never,Never,Never,Most Days,9
Never,Never,Never,Most Days,8
Never,Every Day,Some Days,Most Days,8
Never,Every Day,Some Days,Most Days,7
Most Days,Some Days,Most Days,Some Days,7
Never,Never,Never,Most Days,7
Never,Never,Some Days,Most Days,8
Never,Some Days,Never,Some Days,6
Never,Some Days,Never,Most Days,7
Never,Never,Never,Most Days,7
Never,Every Day,Some Days,Most Days,7
Never,Never,Never,Some Days,7
Never,Some Days,Never,Some Days,6
Never,Never,Never,Most Days,8
Never,Never,Never,Most Days,8
Never,Some Days,Some Days,Most Days,8
Never,Never,Some Days,Some Days,7
Never,Never,Never,Most Days,8
Never,Never,Never,Every Day,9
Never,Never,Every Day,Some Days,10
Never,Some Days,Every Day,Never,6
Never,Some Days,Some Days,Most Days,6
Some Days,Some Days,Never,Never,8
Never,Every Day,Some Days,Some Days,7
Some Days,Every Day,Most Days,Some Days,7
Never,Never,Never,Some Days,7
Never,Never,Never,Most Days,6
Never,Never,Never,Most Days,7
Never,Some Days,Some Days,Some Days,7
Never,Some Days,Most Days,Some Days,5
Never,Never,Never,Some Days,8
Never,Some Days,Some Days,Most Days,7
Every Day,Most Days,Every Day,Every Day,8
Every Day,Most Days,Most Days,Never,7
Never,Never,Every Day,Every Day,8
Never,Some Days,Never,Never,6
Never,Never,Never,Most Days,7
Some Days,Most Days,Never,Every Day,6
Every Day,Every Day,Every Day,Most Days,6
Never,Never,Never,Most Days,7
Some Days,Some Days,Never,Some Days,7
Never,Some Days,Never,Most Days,6
Some Days,Some Days,Some Days,Some Days,7
Never,Never,Never,Every Day,10
Never,Never,Never,Never,7
Never,Some Days,Some Days,Every Day,7
Some Days,Some Days,Some Days,Some Days,6
Never,Some Days,Some Days,Most Days,8
Most Days,Never,Most Days,Some Days,6
Never,Never,Never,Every Day,7
Never,Never,Never,Every Day,7
Never,Never,Never,Some Days,7
Never,Most Days,Some Days,Some Days,6
Never,Some Days,Some Days,Some Days,7
Never,Most Days,Some Days,Some Days,8
Never,Some Days,Most Days,Some Days,7
Never,Never,Never,Some Days,7
Never,Never,Some Days,Some Days,8
Never,Never,Never,Some Days,7
Never,Some Days,Some Days,Most Days,8
Some Days,Never,Some Days,Some Days,7
Never,Never,Never,Most Days,7
Every Day,Some Days,Never,Never,8
Some Days,Some Days,Some Days,Some Days,5
Never,Never,Never,Never,8
Never,Never,Some Days,Some Days,7
Never,Most Days,Most Days,Some Days,6
Never,Never,Never,Every Day,8
Never,Most Days,Some Days,Some Days,8
Never,Every Day,Never,Most Days,9
Never,Never,Never,Most Days,8
Never,Some Days,Some Days,Some Days,2
Never,Most Days,Every Day,Some Days,7
Every Day,Every Day,Every Day,Never,4
Never,Never,Never,Some Days,8
Never,Some Days,Some Days,Some Days,6
Never,Never,Never,Most Days,6
Every Day,Most Days,Some Days,Most Days,7
Some Days,Some Days,Some Days,Some Days,6
Never,Never,Never,Some Days,7
Never,Some Days,Some Days,Some Days,8
Every Day,Never,Never,Most Days,12
Never,Never,Never,Every Day,8
Never,Most Days,Most Days,Never,6
Never,Never,Never,Most Days,8
Some Days,Some Days,Never,Most Days,7
Never,Never,Never,Every Day,6
Never,Most Days,Some Days,Never,7
Never,Some Days,Never,Some Days,6
Never,Never,Some Days,Most Days,8
Some Days,Some Days,Some Days,Most Days,8
Never,Never,Never,Most Days,8
Some Days,Some Days,Some Days,Some Days,8
Every Day,Every Day,Every Day,Some Days,9
Every Day,Never,Never,Most Days,9
Some Days,Never,Some Days,Some Days,7
Never,Some Days,Never,Most Days,7
Never,Never,Never,Most Days,7
Never,Most Days,Every Day,Never,4
Never,Some Days,Never,Most Days,7
Some Days,Most Days,Most Days,Never,6
Never,Never,Never,Some Days,8
Never,Never,Never,Every Day,7
Never,Never,Never,Most Days,5
Never,Never,Never,Most Days,8
Never,Never,Some Days,Most Days,8
Never,Every Day,Never,Most Days,9
Never,Never,Never,Most Days,8
Never,Never,Never,Every Day,5
Some Days,Some Days,Never,Every Day,7
Never,Some Days,Never,Some Days,8
Never,Never,Never,Most Days,8
Some Days,Never,Some Days,Most Days,8
Never,Never,Some Days,Most Days,8
Never,Never,Never,Every Day,7
Never,Most Days,Never,Every Day,7
Never,Every Day,Every Day,Never,5
Never,Every Day,Every Day,Some Days,6
Never,Most Days,Most Days,Some Days,5
Most Days,Every Day,Some Days,Some Days,6
Never,Some Days,Some Days,Most Days,7
Never,Some Days,Some Days,Every Day,7
Never,Never,Never,Most Days,6
Never,Some Days,Some Days,Some Days,8
Never,Never,Some Days,Most Days,10
Never,Never,Never,Every Day,7
Never,Some Days,Never,Most Days,8
Never,Never,Never,Most Days,8
Never,Never,Some Days,Most Days,7
Never,Never,Never,Most Days,7
Never,Some Days,Some Days,Most Days,8
Never,Never,Never,Every Day,8
Never,Some Days,Never,Most Days,7
Never,Never,Never,Every Day,8
Never,Some Days,Some Days,Most Days,8
Never,Never,Some Days,Some Days,7
Never,Some Days,Some Days,Most Days,7
Never,Never,Never,Most Days,8
Never,Never,Never,Most Days,8
Never,Never,Some Days,Most Days,7
Never,Some Days,Never,Some Days,8
Never,Never,Some Days,Some Days,12
Never,Never,Never,Most Days,8
Never,Some Days,Never,Never,8
Never,Never,Never,Every Day,8
Never,Every Day,Never,Some Days,6
Never,Some Days,Never,Some Days,10
Never,Never,Never,Some Days,7
Never,Some Days,Never,Some Days,5
Never,Never,Never,Most Days,8
Every Day,Some Days,Some Days,Most Days,9
Every Day,Every Day,Every Day,Some Days,4
Never,Some Days,Some Days,Some Days,7
Never,Never,Never,Some Days,8
Every Day,Never,Never,Every Day,8
Never,Every Day,Some Days,Some Days,6
Never,Never,Some Days,Some Days,6
Never,Some Days,Some Days,Some Days,7
Never,Some Days,Some Days,Some Days,6
Never,Never,Never,Most Days,9
Never,Never,Never,Most Days,7
Never,Most Days,Some Days,Some Days,6
Never,Never,Most Days,Some Days,7
Never,Never,Some Days,Most Days,8
Never,Most Days,Never,Some Days,9
Every Day,Never,Never,Most Days,7
Never,Never,Never,Most Days,7
Never,Most Days,Most Days,Some Days,6
Never,Never,Some Days,Most Days,9
Never,Most Days,Never,Some Days,6
Never,Never,Most Days,Some Days,6
Never,Some Days,Some Days,Every Day,8
Never,Every Day,Most Days,Some Days,5
Never,Never,Some Days,Most Days,8
Never,Some Days,Some Days,Most Days,7
Never,Some Days,Never,Every Day,8
Every Day,Never,Never,Every Day,8
Never,Never,Some Days,Every Day,8
Some Days,Never,Some Days,Some Days,6
Every Day,Never,Never,Some Days,7
Never,Every Day,Every Day,Never,2
Never,Some Days,Some Days,Most Days,8
Never,Most Days,Some Days,Most Days,8
Never,Most Days,Most Days,Some Days,9
Never,Every Day,Every Day,Never,7
Never,Every Day,Never,Never,8
Never,Every Day,Most Days,Most Days,4
Never,Never,Never,Most Days,8
Never,Never,Some Days,Some Days,8
Every Day,Some Days,Some Days,Most Days,8
Never,Every Day,Every Day,Never,5
Never,Some Days,Never,Most Days,8
Some Days,Some Days,Some Days,Some Days,6
Never,Some Days,Some Days,Some Days,7
Never,Never,Never,Most Days,7
Never,Some Days,Some Days,Most Days,9
Never,Never,Never,Most Days,7
Never,Never,Some Days,Some Days,8
Never,Never,Never,Every Day,11
Never,Most Days,Some Days,Some Days,7
Every Day,Most Days,Some Days,Some Days,6
Never,Never,Some Days,Some Days,9
Never,Never,Never,Most Days,7
Never,Never,Never,Every Day,8
Never,Never,Some Days,Most Days,6
Never,Some Days,Most Days,Some Days,5
Never,Some Days,Never,Most Days,8
Never,Some Days,Every Day,Every Day,5
Never,Some Days,Some Days,Some Days,7
Never,Every Day,Every Day,Never,5
Never,Never,Never,Most Days,7
Never,Never,Never,Most Days,9
Never,Never,Never,Most Days,8
Every Day,Some Days,Most Days,Every Day,7
Never,Never,Never,Most Days,7
Never,Never,Never,Some Days,8
Never,Some Days,Never,Never,7
Never,Never,Some Days,Most Days,8
Never,Some Days,Some Days,Most Days,7
Some Days,Some Days,Never,Some Days,6
Never,Never,Some Days,Every Day,8
Never,Never,Never,Every Day,8
Never,Some Days,Never,Most Days,7
Never,Never,Never,Some Days,7
Never,Never,Some Days,Some Days,7
Most Days,Some Days,Some Days,Never,7
Never,Some Days,Never,Most Days,6
Some Days,Most Days,Most Days,Some Days,4
Never,Never,Never,Most Days,8
Never,Never,Some Days,Most Days,7
Never,Never,Never,Every Day,5
Never,Most Days,Some Days,Most Days,8
Never,Never,Never,Every Day,7
Never,Never,Never,Every Day,7
Some Days,Most Days,Never,Some Days,7
Never,Never,Never,Some Days,8
Never,Never,Never,Most Days,12
Never,Some Days,Some Days,Some Days,7
Never,Some Days,Some Days,Most Days,7
Never,Some Days,Some Days,Most Days,7
Never,Never,Some Days,Most Days,7
Never,Never,Never,Most Days,7
Never,Never,Never,Some Days,6
Never,Never,Never,Most Days,7
Never,Every Day,Never,Never,5
Never,Some Days,Some Days,Some Days,6
Never,Most Days,Some Days,Some Days,6
Never,Never,Some Days,Every Day,8
Never,Every Day,Every Day,Most Days,6
Never,Never,Some Days,Some Days,7
Never,Most Days,Never,Every Day,7
Never,Some Days,Never,Most Days,7
Most Days,Most Days,Most Days,Some Days,6
Never,Never,Never,Never,8
Never,Never,Never,Most Days,7
Every Day,Some Days,Never,Most Days,7
Never,Every Day,Some Days,Some Days,5
Never,Never,Never,Never,8
Never,Never,Some Days,Some Days,8
Some Days,Most Days,Some Days,Most Days,7
Never,Every Day,Every Day,Some Days,4
Some Days,Some Days,Some Days,Every Day,10
Never,Never,Never,Most Days,8
Every Day,Some Days,Most Days,Never,6
Never,Never,Never,Most Days,7
Never,Some Days,Some Days,Most Days,8
Never,Never,Never,Some Days,6
Never,Some Days,Never,Most Days,7
Never,Every Day,Most Days,Some Days,7
Never,Never,Some Days,Some Days,10
Never,Most Days,Some Days,Most Days,6
Never,Some Days,Some Days,Some Days,5
Every Day,Every Day,Every Day,Most Days,6
Never,Never,Never,Every Day,8
Never,Some Days,Never,Most Days,6
Never,Never,Some Days,Some Days,5
Never,Never,Never,Most Days,7
Never,Some Days,Never,Some Days,7
Some Days,Some Days,Some Days,Some Days,7
Never,Every Day,Every Day,Some Days,4
Never,Never,Some Days,Most Days,9
Never,Never,Never,Some Days,6
Never,Some Days,Some Days,Most Days,7
Never,Never,Never,Some Days,8
Never,Some Days,Some Days,Some Days,6
Never,Never,Never,Most Days,7
Never,Never,Never,Most Days,7
Never,Never,Some Days,Most Days,8
Never,Never,Some Days,Most Days,8
Every Day,Every Day,Every Day,Some Days,10
Never,Never,Never,Most Days,7
Never,Some Days,Some Days,Some Days,6
Never,Some Days,Never,Most Days,8
Never,Never,Never,Most Days,7
Never,Some Days,Some Days,Some Days,7
Some Days,Never,Some Days,Every Day,8
Never,Most Days,Every Day,Some Days,6
Never,Never,Never,Some Days,10
Never,Never,Never,Most Days,8
Never,Some Days,Some Days,Some Days,6
Never,Some Days,Never,Most Days,7
Every Day,Some Days,Never,Most Days,6
Never,Most Days,Every Day,Never,6
Never,Never,Some Days,Most Days,11
Never,Some Days,Some Days,Some Days,7
Never,Some Days,Never,Most Days,6
Every Day,Most Days,Some Days,Some Days,9
Never,Some Days,Never,Most Days,7
Never,Some Days,Some Days,Most Days,9
Never,Never,Some Days,Most Days,8
Some Days,Some Days,Some Days,Some Days,8
Every Day,Every Day,Some Days,Some Days,5
Never,Some Days,Never,Every Day,8
Never,Some Days,Some Days,Most Days,7
Never,Some Days,Some Days,Most Days,7
Never,Never,Never,Most Days,6
Every Day,Some Days,Never,Every Day,8
Never,Never,Never,Most Days,9
Every Day,Every Day,Some Days,Some Days,7
Some Days,Some Days,Some Days,Some Days,8
Some Days,Some Days,Never,Most Days,7
Never,Never,Never,Most Days,9
Never,Some Days,Some Days,Most Days,8
Never,Never,Some Days,Most Days,5
Every Day,Never,Never,Every Day,7
Never,Some Days,Never,Most Days,7
Never,Never,Never,Some Days,7
Never,Never,Never,Every Day,7
Never,Never,Never,Some Days,7
Never,Never,Never,Most Days,7
Never,Never,Never,Every Day,11
Never,Never,Some Days,Some Days,6
Never,Never,Some Days,Most Days,7
Never,Some Days,Most Days,Most Days,5
Every Day,Never,Some Days,Some Days,7
Some Days,Some Days,Some Days,Some Days,6
Some Days,Never,Some Days,Most Days,6
Never,Some Days,Never,Most Days,7
Never,Most Days,Most Days,Some Days,9
Never,Most Days,Some Days,Some Days,7
Never,Some Days,Some Days,Some Days,8
Some Days,Never,Never,Some Days,12
Never,Every Day,Some Days,Most Days,8
Never,Some Days,Never,Most Days,7
Never,Never,Never,Most Days,8
Never,Never,Some Days,Most Days,6
Some Days,Most Days,Some Days,Most Days,7
Never,Never,Never,Most Days,8
Never,Never,Some Days,Some Days,8
Some Days,Some Days,Never,Most Days,8
Most Days,Some Days,Some Days,Some Days,7
Never,Some Days,Never,Some Days,7
Never,Never,Most Days,Some Days,6
Every Day,Some Days,Some Days,Most Days,8
Never,Some Days,Some Days,Some Days,8
Never,Never,Never,Every Day,8
Every Day,Every Day,Some Days,Some Days,7
Never,Never,Never,Most Days,8
Never,Some Days,Some Days,Most Days,8
Never,Never,Never,Most Days,8
Never,Never,Never,Some Days,7
Never,Never,Never,Every Day,8
Never,Never,Some Days,Most Days,8
Never,Most Days,Some Days,Some Days,7
Never,Some Days,Some Days,Some Days,6
Never,Never,Never,Every Day,8
Never,Some Days,Some Days,Some Days,9
Never,Some Days,Some Days,Most Days,8
Never,Never,Never,Every Day,8
Never,Never,Never,Most Days,7
Never,Some Days,Some Days,Some Days,6
Some Days,Some Days,Some Days,Most Days,8
Never,Some Days,Some Days,Most Days,8
Every Day,Never,Some Days,Never,7
Every Day,Never,Never,Most Days,7
Never,Most Days,Some Days,Some Days,6
Never,Some Days,Most Days,Some Days,7
Never,Never,Never,Some Days,7
Never,Never,Some Days,Most Days,7
Never,Most Days,Most Days,Never,7
Never,Some Days,Never,Most Days,6
Some Days,Some Days,Some Days,Most Days,8
Never,Every Day,Every Day,Never,3
Some Days,Most Days,Some Days,Never,8
Never,Never,Never,Some Days,7
Never,Some Days,Some Days,Most Days,9
Never,Every Day,Some Days,Some Days,5
Never,Every Day,Never,Most Days,12
Never,Some Days,Some Days,Some Days,7
Never,Never,Never,Some Days,8
Never,Never,Some Days,Some Days,8
Some Days,Some Days,Some Days,Some Days,6
Never,Some Days,Some Days,Most Days,7
Never,Some Days,Some Days,Some Days,7
Never,Never,Never,Some Days,8
Never,Some Days,Never,Some Days,7
Never,Some Days,Some Days,Every Day,8
Never,Never,Never,Most Days,9
Never,Some Days,Some Days,Most Days,8
Never,Never,Never,Most Days,8
Never,Never,Never,Most Days,7
Some Days,Some Days,Some Days,Most Days,6
Every Day,Never,Some Days,Most Days,7
Some Days,Some Days,Every Day,Every Day,8
Never,Most Days,Some Days,Most Days,6
Never,Some Days,Some Days,Most Days,7
Never,Never,Never,Most Days,7
Never,Never,Never,Most Days,7
Never,Every Day,Most Days,Some Days,8
Never,Never,Some Days,Most Days,7
Never,Never,Some Days,Most Days,8
Never,Never,Never,Every Day,8
Never,Most Days,Most Days,Never,4
Never,Never,Never,Most Days,7
Never,Never,Some Days,Most Days,8
Never,Never,Some Days,Some Days,6
Never,Never,Never,Most Days,8
Never,Never,Never,Every Day,7
Never,Every Day,Every Day,Every Day,5
Never,Never,Never,Most Days,6
Never,Most Days,Every Day,Every Day,7
Never,Some Days,Never,Most Days,8
Never,Never,Never,Most Days,7
Never,Never,Some Days,Most Days,7
Never,Never,Never,Every Day,9
Never,Some Days,Some Days,Most Days,6
Never,Never,Never,Never,6
Never,Never,Never,Most Days,7
Never,Never,Never,Most Days,7
Never,Never,Never,Most Days,8
Never,Some Days,Some Days,Most Days,7
Never,Never,Never,Most Days,8
Never,Never,Never,Most Days,7
Never,Never,Some Days,Most Days,8
Never,Some Days,Some Days,Some Days,6
Never,Some Days,Some Days,Every Day,10
Never,Some Days,Never,Never,7
Never,Never,Never,Most Days,6
Never,Every Day,Some Days,Some Days,9
Never,Some Days,Never,Most Days,7
Never,Some Days,Some Days,Never,8
Some Days,Most Days,Most Days,Some Days,6
Never,Never,Never,Most Days,8
Never,Never,Some Days,Most Days,8
Never,Some Days,Some Days,Most Days,8
Never,Never,Never,Some Days,7
Never,Every Day,Some Days,Some Days,9
Never,Every Day,Every Day,Some Days,5
Never,Never,Never,Every Day,8
Never,Some Days,Never,Some Days,6
Never,Some Days,Some Days,Most Days,6
Never,Never,Never,Every Day,8
Never,Some Days,Most Days,Some Days,5
Never,Never,Never,Most Days,6
Some Days,Never,Never,Never,5
Never,Some Days,Some Days,Some Days,7
Never,Never,Never,Most Days,6
Never,Never,Some Days,Most Days,7
Never,Some Days,Some Days,Most Days,8
Every Day,Every Day,Every Day,Some Days,5
Most Days,Some Days,Never,Most Days,8
Never,Never,Never,Most Days,8
Every Day,Never,Never,Never,12
Never,Some Days,Never,Most Days,7
Never,Some Days,Some Days,Most Days,8
Never,Never,Never,Never,12
Some Days,Some Days,Never,Every Day,6
Every Day,Every Day,Every Day,Some Days,6
Never,Some Days,Never,Some Days,8
Never,Every Day,Never,Most Days,7
Never,Every Day,Some Days,Never,8
Never,Some Days,Some Days,Most Days,7
Never,Never,Some Days,Some Days,8
Never,Never,Never,Some Days,7
Some Days,Never,Some Days,Most Days,9
Never,Every Day,Every Day,Never,2
Never,Some Days,Some Days,Some Days,5
Never,Some Days,Some Days,Some Days,6
Never,Never,Never,Most Days,8
Some Days,Some Days,Some Days,Most Days,6
Never,Every Day,Every Day,Never,3
Never,Never,Never,Most Days,9
Never,Never,Never,Some Days,7
Every Day,Every Day,Never,Some Days,6
Never,Never,Never,Some Days,10
Never,Some Days,Never,Most Days,8
Never,Some Days,Some Days,Some Days,7
Never,Some Days,Some Days,Most Days,7
Never,Some Days,Some Days,Some Days,5
Never,Most Days,Never,Never,5
Never,Some Days,Never,Most Days,9
Never,Some Days,Some Days,Never,6
Never,Some Days,Never,Most Days,8
Some Days,Never,Never,Some Days,5
Never,Some Days,Every Day,Never,5
Never,Never,Every Day,Most Days,8
Never,Never,Some Days,Some Days,6
Never,Never,Some Days,Most Days,8
Never,Never,Never,Every Day,7
Never,Never,Never,Every Day,7
Never,Some Days,Some Days,Some Days,7
Never,Never,Never,Every Day,5
Every Day,Never,Never,Most Days,7
Never,Never,Never,Some Days,7
Never,Never,Some Days,Every Day,7
Never,Never,Never,Every Day,5
Some Days,Most Days,Most Days,Most Days,8
Never,Never,Never,Some Days,6
Never,Never,Never,Every Day,7
Some Days,Some Days,Most Days,Some Days,6
Never,Never,Never,Most Days,6
Never,Never,Never,Never,7
Never,Never,Never,Never,8
Never,Never,Never,Never,7
Never,Some Days,Never,Every Day,7
Never,Some Days,Never,Most Days,8
Never,Never,Some Days,Most Days,9
Never,Never,Never,Every Day,8
Some Days,Some Days,Some Days,Some Days,5
Some Days,Every Day,Some Days,Some Days,6
Never,Never,Never,Most Days,8
Never,Never,Never,Most Days,8
Never,Some Days,Some Days,Most Days,6
Every Day,Never,Never,Every Day,5
Never,Some Days,Some Days,Most Days,9
Some Days,Most Days,Most Days,Some Days,5
Every Day,Some Days,Some Days,Most Days,8
Never,Some Days,Some Days,Some Days,8
Never,Every Day,Some Days,Some Days,8
Never,Never,Never,Every Day,7
Never,Never,Never,Every Day,8
Never,Some Days,Most Days,Some Days,6
Never,Some Days,Some Days,Most Days,7
Never,Never,Some Days,Most Days,8
Some Days,Some Days,Never,Most Days,8
Never,Some Days,Some Days,Every Day,8
Never,Every Day,Every Day,Some Days,5
Every Day,Never,Never,Most Days,7
Never,Never,Never,Every Day,8
Never,Never,Never,Most Days,8
Never,Never,Some Days,Most Days,6
Never,Never,Never,Every Day,7
Every Day,Every Day,Some Days,Every Day,7
Never,Never,Never,Most Days,8
Never,Never,Some Days,Some Days,7
Never,Never,Never,Some Days,6
Never,Never,Never,Every Day,6
Never,Never,Some Days,Some Days,7
Never,Never,Some Days,Most Days,6
Never,Never,Some Days,Most Days,8
Every Day,Every Day,Never,Never,4
Never,Some Days,Most Days,Some Days,6
Never,Some Days,Never,Some Days,5
Never,Never,Some Days,Some Days,6
Some Days,Never,Some Days,Most Days,9
Never,Never,Never,Every Day,8
Never,Never,Never,Some Days,9
Never,Some Days,Never,Some Days,7
Never,Never,Never,Some Days,7
Every Day,Never,Every Day,Most Days,8
Never,Most Days,Every Day,Some Days,7
Most Days,Most Days,Most Days,Never,7
Every Day,Some Days,Never,Most Days,8
Never,Some Days,Most Days,Some Days,6
Some Days,Never,Never,Every Day,8
Some Days,Some Days,Never,Some Days,7
Never,Some Days,Some Days,Some Days,7
Never,Never,Some Days,Some Days,7
Every Day,Most Days,Most Days,Some Days,4
Never,Never,Never,Some Days,7
Never,Some Days,Some Days,Some Days,5
Never,Some Days,Some Days,Some Days,6
Never,Never,Never,Most Days,8
Never,Never,Never,Most Days,10
Never,Never,Never,Most Days,8
Some Days,Some Days,Some Days,Every Day,8
Never,Some Days,Never,Most Days,8
Never,Some Days,Some Days,Some Days,8
Some Days,Never,Some Days,Some Days,7
Never,Never,Some Days,Most Days,7
Some Days,Most Days,Some Days,Some Days,4
Never,Some Days,Never,Most Days,8
Never,Never,Some Days,Every Day,8
Never,Some Days,Some Days,Some Days,6
Never,Most Days,Never,Some Days,8
Every Day,Never,Never,Every Day,10
Never,Never,Never,Some Days,7
Never,Never,Never,Most Days,7
Never,Some Days,Never,Some Days,10
Every Day,Never,Never,Most Days,8
Never,Some Days,Most Days,Some Days,5
Never,Never,Some Days,Most Days,7
Some Days,Some Days,Some Days,Most Days,7
Every Day,Some Days,Some Days,Most Days,7
Never,Some Days,Some Days,Some Days,8
Never,Some Days,Some Days,Most Days,7
Never,Most Days,Some Days,Most Days,8
Never,Some Days,Some Days,Most Days,8
Never,Never,Never,Some Days,6
Never,Never,Never,Most Days,8
Never,Most Days,Most Days,Never,6
Every Day,Every Day,Never,Never,8
Some Days,Never,Some Days,Most Days,8
Every Day,Never,Never,Some Days,8
Every Day,Some Days,Most Days,Some Days,6
Never,Some Days,Most Days,Most Days,6
Never,Every Day,Never,Every Day,9
Some Days,Never,Some Days,Most Days,7
Never,Never,Never,Most Days,6
Never,Never,Some Days,Most Days,8
Never,Some Days,Never,Most Days,7
Never,Never,Never,Some Days,9
Never,Some Days,Some Days,Some Days,7
Never,Some Days,Some Days,Some Days,7
Some Days,Never,Some Days,Some Days,6
Some Days,Every Day,Every Day,Never,6
Never,Never,Most Days,Never,5
Never,Never,Some Days,Most Days,7
Never,Most Days,Some Days,Most Days,6
Never,Every Day,Some Days,Every Day,12
Never,Never,Never,Every Day,8
Never,Never,Never,Every Day,8
Some Days,Some Days,Some Days,Some Days,7
Never,Never,Some Days,Most Days,9
Never,Some Days,Most Days,Some Days,7
Never,Never,Some Days,Every Day,8
Never,Some Days,Most Days,Some Days,7
Never,Never,Never,Most Days,7
Never,Never,Most Days,Some Days,7
Never,Never,Never,Most Days,8
Never,Never,Never,Most Days,10
Never,Never,Never,Never,7
Some Days,Never,Never,Some Days,5
Never,Never,Never,Most Days,8
Never,Most Days,Most Days,Most Days,8
Never,Most Days,Never,Most Days,6
Never,Some Days,Most Days,Some Days,7
Never,Some Days,Never,Most Days,7
Never,Never,Never,Every Day,9
Never,Never,Never,Most Days,8
Never,Never,Never,Never,7
Never,Some Days,Some Days,Some Days,6
Never,Never,Never,Never,8
Some Days,Some Days,Some Days,Some Days,7
Never,Never,Never,Most Days,11
Never,Never,Never,Most Days,7
Never,Never,Never,Most Days,7
Never,Never,Never,Most Days,7
Never,Every Day,Never,Never,6
Never,Never,Some Days,Most Days,8
Never,Some Days,Some Days,Most Days,8
Never,Never,Never,Most Days,6
Never,Some Days,Some Days,Most Days,7
Never,Never,Never,Some Days,4
Never,Never,Some Days,Every Day,7
Never,Never,Never,Most Days,7
Never,Most Days,Most Days,Most Days,5
Never,Never,Some Days,Most Days,8
Never,Some Days,Some Days,Some Days,6
Never,Some Days,Some Days,Most Days,10
Never,Never,Never,Every Day,8
Never,Never,Never,Most Days,7
Never,Never,Never,Most Days,8
Every Day,Some Days,Some Days,Most Days,7
Never,Never,Never,Every Day,7
Every Day,Some Days,Some Days,Most Days,8
Never,Never,Some Days,Some Days,8
Some Days,Some Days,Some Days,Some Days,7
Never,Never,Never,Every Day,8
Never,Never,Never,Most Days,8
Never,Never,Some Days,Most Days,7
Some Days,Some Days,Some Days,Some Days,9
Never,Some Days,Never,Some Days,9
Some Days,Most Days,Most Days,Every Day,8
Never,Never,Never,Most Days,7
Some Days,Never,Never,Some Days,7
Never,Every Day,Never,Never,4
Never,Some Days,Some Days,Most Days,8
Some Days,Never,Never,Every Day,7
Some Days,Some Days,Some Days,Some Days,6
Never,Never,Some Days,Every Day,8
Never,Every Day,Never,Never,5
Never,Some Days,Some Days,Most Days,7
Never,Never,Never,Most Days,7
Never,Never,Never,Some Days,8
Never,Some Days,Some Days,Some Days,8
Some Days,Some Days,Some Days,Most Days,8
Never,Some Days,Never,Some Days,6
Every Day,Never,Never,Never,6
Every Day,Most Days,Every Day,Never,6
Every Day,Never,Most Days,Some Days,7
Never,Never,Never,Most Days,8
Never,Never,Some Days,Most Days,7
Never,Some Days,Most Days,Most Days,8
Some Days,Some Days,Never,Most Days,7
Never,Never,Never,Most Days,7
Never,Some Days,Most Days,Most Days,7
Never,Some Days,Some Days,Most Days,9
Never,Never,Never,Most Days,7
Never,Some Days,Never,Most Days,7
Never,Never,Never,Every Day,10
Some Days,Most Days,Most Days,Most Days,8
Never,Never,Never,Every Day,7
Never,Some Days,Some Days,Most Days,9
Never,Never,Never,Most Days,8
Every Day,Every Day,Every Day,Most Days,9
Never,Never,Never,Every Day,8
Never,Never,Never,Every Day,8
Never,Some Days,Never,Most Days,8
Never,Never,Never,Every Day,7
Never,Never,Some Days,Some Days,8
Never,Some Days,Never,Most Days,7
Never,Some Days,Some Days,Most Days,7
Every Day,Most Days,Never,Some Days,7
Never,Some Days,Never,Some Days,8
Some Days,Every Day,Some Days,Some Days,7
Never,Never,Never,Every Day,8
Every Day,Some Days,Never,Most Days,9
Some Days,Some Days,Some Days,Most Days,8
Never,Never,Some Days,Most Days,8
Every Day,Every Day,Some Days,Most Days,6
Some Days,Some Days,Some Days,Some Days,9
Never,Every Day,Most Days,Never,6
Never,Some Days,Never,Every Day,8
Never,Most Days,Never,Some Days,7
Never,Every Day,Most Days,Some Days,8
Never,Never,Never,Every Day,8
Never,Most Days,Never,Every Day,8
Never,Some Days,Some Days,Some Days,8
Never,Some Days,Some Days,Some Days,7
Never,Most Days,Never,Some Days,6
Never,Never,Never,Most Days,8
Never,Some Days,Never,Some Days,5
Never,Never,Never,Every Day,7
Some Days,Never,Every Day,Most Days,7
Never,Never,Every Day,Some Days,7
Never,Most Days,Some Days,Never,7
Never,Some Days,Some Days,Every Day,8
Every Day,Some Days,Every Day,Some Days,7
Never,Most Days,Never,Most Days,8
Every Day,Some Days,Some Days,Most Days,7
Never,Every Day,Every Day,Never,4
Never,Every Day,Some Days,Some Days,7
Every Day,Some Days,Some Days,Most Days,9
Never,Some Days,Never,Most Days,7
Never,Never,Never,Every Day,9
Every Day,Never,Never,Some Days,12
Never,Never,Some Days,Some Days,8
Never,Some Days,Some Days,Most Days,8
Some Days,Some Days,Most Days,Some Days,10
Some Days,Every Day,Every Day,Never,6
Every Day,Some Days,Most Days,Never,6
Every Day,Some Days,Never,Every Day,7
Never,Some Days,Never,Some Days,8
Never,Never,Never,Some Days,7
Every Day,Some Days,Never,Most Days,10
Never,Some Days,Never,Most Days,7
Never,Never,Never,Most Days,7
Never,Every Day,Never,Some Days,5
Never,Some Days,Never,Most Days,8
Never,Most Days,Some Days,Never,6
Never,Never,Some Days,Some Days,6
Every Day,Never,Never,Most Days,6
Never,Some Days,Never,Most Days,7
Never,Some Days,Never,Most Days,6
Never,Never,Most Days,Some Days,8
Never,Never,Some Days,Some Days,5
Never,Never,Never,Some Days,6
Never,Some Days,Every Day,Most Days,4
Some Days,Some Days,Some Days,Most Days,8
Never,Every Day,Most Days,Never,5
Every Day,Most Days,Most Days,Some Days,6
Never,Some Days,Never,Most Days,7
Never,Never,Never,Every Day,6
Some Days,Some Days,Some Days,Most Days,7
Never,Never,Some Days,Most Days,10
Never,Every Day,Most Days,Some Days,8
Never,Never,Some Days,Most Days,7
Never,Never,Never,Some Days,8
Never,Some Days,Never,Most Days,7
Never,Some Days,Some Days,Every Day,6
Every Day,Some Days,Most Days,Some Days,7
Never,Never,Some Days,Most Days,7
Every Day,Most Days,Most Days,Never,6
Never,Never,Never,Most Days,6
Never,Never,Never,Most Days,7
Never,Never,Never,Every Day,8
Never,Never,Never,Most Days,8
Some Days,Every Day,Never,Most Days,7
Never,Never,Never,Every Day,8
Never,Never,Never,Most Days,8
Never,Never,Never,Most Days,8
Some Days,Never,Most Days,Never,6
Never,Most Days,Some Days,Some Days,7
Never,Never,Never,Most Days,6
Every Day,Some Days,Some Days,Most Days,6
Never,Some Days,Some Days,Every Day,9
Never,Never,Some Days,Most Days,6
Never,Never,Some Days,Most Days,7
Never,Never,Some Days,Most Days,8
Every Day,Never,Every Day,Every Day,9
Never,Never,Never,Every Day,7
Never,Never,Every Day,Never,7
Never,Some Days,Never,Most Days,7
Never,Never,Never,Some Days,7
Never,Never,Never,Every Day,8
Never,Never,Never,Every Day,8
Never,Never,Some Days,Some Days,4
Some Days,Some Days,Some Days,Most Days,7
Never,Never,Never,Every Day,6
Never,Never,Never,Most Days,7
Never,Never,Never,Some Days,8
Some Days,Some Days,Some Days,Most Days,7
Every Day,Never,Never,Most Days,8
Some Days,Some Days,Never,Most Days,8
Never,Every Day,Never,Most Days,8
Never,Never,Never,Some Days,6
Never,Never,Never,Most Days,5
Never,Most Days,Most Days,Some Days,6
Never,Every Day,Never,Some Days,6
Never,Never,Never,Never,8
Never,Never,Never,Most Days,6
Every Day,Never,Every Day,Most Days,8
Never,Every Day,Never,Every Day,8
Never,Most Days,Most Days,Some Days,6
Never,Every Day,Most Days,Most Days,6
Never,Some Days,Never,Some Days,8
Never,Some Days,Never,Never,7
Never,Some Days,Some Days,Some Days,7
Some Days,Some Days,Some Days,Most Days,7
Never,Never,Never,Most Days,7
Never,Never,Some Days,Every Day,6
Never,Some Days,Some Days,Some Days,8
Some Days,Some Days,Every Day,Never,7
Never,Never,Never,Every Day,8
Some Days,Some Days,Never,Most Days,7
Some Days,Some Days,Never,Most Days,6
Never,Most Days,Never,Most Days,7
Never,Never,Never,Every Day,8
Some Days,Most Days,Never,Some Days,9
Never,Never,Never,Most Days,7
Never,Some Days,Most Days,Some Days,8
Never,Some Days,Some Days,Most Days,7
Some Days,Never,Some Days,Most Days,7
Never,Never,Never,Most Days,7
Never,Never,Some Days,Some Days,6
Never,Every Day,Most Days,Most Days,7
Never,Never,Some Days,Every Day,8
Never,Never,Some Days,Every Day,8
Never,Never,Never,Every Day,7
Never,Some Days,Some Days,Some Days,7
Never,Never,Never,Most Days,7
Never,Some Days,Some Days,Most Days,7
Never,Never,Some Days,Most Days,7
Some Days,Some Days,Some Days,Some Days,8
Some Days,Some Days,Some Days,Some Days,6
Most Days,Most Days,Never,Some Days,5
Some Days,Some Days,Some Days,Some Days,6
Some Days,Some Days,Some Days,Some Days,7
Never,Some Days,Some Days,Never,6
Never,Most Days,Some Days,Some Days,6
Never,Some Days,Some Days,Most Days,8
Never,Some Days,Never,Some Days,7
Never,Never,Never,Never,8
Never,Some Days,Some Days,Most Days,8
Never,Never,Never,Most Days,7
Never,Never,Never,Every Day,7
Never,Never,Some Days,Most Days,8
Never,Never,Never,Most Days,7
Never,Every Day,Never,Never,7
Some Days,Every Day,Never,Most Days,5
Never,Never,Some Days,Every Day,7
Never,Never,Never,Every Day,8
Never,Some Days,Some Days,Most Days,8
Never,Never,Some Days,Some Days,7
Never,Never,Never,Every Day,8
Never,Never,Never,Most Days,7
Never,Most Days,Never,Every Day,6
Never,Never,Never,Every Day,8
Never,Never,Most Days,Some Days,8
Some Days,Every Day,Every Day,Some Days,6
Every Day,Every Day,Every Day,Most Days,7
Never,Most Days,Never,Some Days,9
Never,Most Days,Never,Some Days,7
Never,Never,Never,Most Days,7
Never,Never,Never,Never,10
Never,Never,Never,Some Days,6
Never,Most Days,Most Days,Some Days,5
Never,Never,Some Days,Most Days,7
Never,Some Days,Some Days,Most Days,8
Never,Never,Never,Every Day,7
Never,Never,Never,Most Days,5
Never,Never,Some Days,Some Days,7
Never,Some Days,Some Days,Most Days,7
Never,Never,Never,Every Day,7
Never,Never,Never,Most Days,8
Never,Never,Most Days,Some Days,7
Never,Some Days,Some Days,Some Days,6
Never,Some Days,Never,Some Days,7
Never,Never,Some Days,Most Days,8
Never,Some Days,Never,Most Days,7
Never,Some Days,Some Days,Most Days,5
Never,Some Days,Never,Some Days,6
Never,Never,Never,Some Days,6
Never,Never,Never,Most Days,9
Never,Some Days,Some Days,Most Days,7
Most Days,Some Days,Every Day,Some Days,5
Some Days,Some Days,Never,Never,8
Never,Never,Never,Most Days,7
Never,Never,Some Days,Most Days,7
Never,Some Days,Some Days,Most Days,7
Never,Never,Some Days,Some Days,6
Never,Never,Never,Every Day,9
Never,Some Days,Never,Never,8
Never,Some Days,Some Days,Never,7
Never,Some Days,Some Days,Some Days,9
Never,Never,Never,Most Days,8
Never,Never,Never,Every Day,8
Never,Some Days,Some Days,Most Days,7
Never,Never,Never,Every Day,8
Never,Never,Some Days,Most Days,8
Never,Some Days,Some Days,Some Days,8
Never,Some Days,Some Days,Some Days,6
Never,Never,Never,Every Day,7
Every Day,Never,Never,Every Day,9
Never,Never,Never,Every Day,8
Some Days,Every Day,Some Days,Never,6
Some Days,Some Days,Some Days,Most Days,7
Never,Some Days,Some Days,Most Days,7
Never,Some Days,Some Days,Some Days,8
Never,Never,Never,Most Days,8
Never,Some Days,Some Days,Some Days,6
Never,Never,Never,Most Days,7
Never,Some Days,Never,Never,6
Every Day,Some Days,Some Days,Most Days,8
Every Day,Some Days,Some Days,Most Days,7
Never,Never,Never,Some Days,8
Never,Some Days,Some Days,Most Days,8
Never,Never,Never,Every Day,8
Never,Never,Never,Every Day,7
Never,Most Days,Most Days,Never,9
Never,Never,Never,Every Day,10
Never,Never,Never,Some Days,6
Every Day,Some Days,Some Days,Some Days,7
Never,Some Days,Never,Most Days,8
Never,Some Days,Never,Some Days,8
Some Days,Never,Some Days,Most Days,5
Never,Never,Never,Some Days,7
Never,Never,Never,Most Days,8
Never,Some Days,Never,Most Days,7
Never,Some Days,Some Days,Most Days,8
Never,Some Days,Some Days,Most Days,6
Never,Most Days,Some Days,Some Days,8
Never,Never,Never,Every Day,8
Every Day,Every Day,Every Day,Never,4
Never,Some Days,Some Days,Some Days,6
Never,Most Days,Never,Some Days,7
Never,Some Days,Some Days,Some Days,7
Never,Never,Some Days,Most Days,9
Never,Some Days,Some Days,Most Days,7
Most Days,Some Days,Never,Some Days,5
Never,Never,Some Days,Most Days,8
Never,Some Days,Some Days,Most Days,8
Never,Most Days,Never,Some Days,8
Never,Never,Never,Every Day,9
Never,Never,Never,Most Days,8
Never,Never,Most Days,Never,6
Never,Every Day,Some Days,Most Days,7
Never,Never,Some Days,Most Days,7
Never,Never,Some Days,Most Days,10
Some Days,Some Days,Some Days,Some Days,6
Most Days,Every Day,Every Day,Some Days,6
Never,Never,Never,Every Day,8
Never,Some Days,Never,Some Days,8
Never,Never,Never,Most Days,7
Never,Some Days,Some Days,Most Days,5
Never,Some Days,Never,Some Days,8
Never,Never,Never,Most Days,6
Never,Never,Some Days,Some Days,7
Never,Never,Never,Every Day,8
Never,Some Days,Some Days,Every Day,8
Never,Some Days,Never,Most Days,6
Most Days,Some Days,Some Days,Some Days,7
Never,Never,Never,Every Day,8
Most Days,Never,Most Days,Some Days,6
Never,Never,Never,Most Days,7
Never,Never,Never,Most Days,6
Never,Never,Never,Most Days,7
Most Days,Never,Most Days,Some Days,6
Some Days,Every Day,Every Day,Never,5
Never,Never,Never,Every Day,7
Never,Most Days,Most Days,Some Days,6
Never,Never,Most Days,Most Days,8
Never,Most Days,Most Days,Never,4
Never,Some Days,Most Days,Some Days,5
Never,Some Days,Some Days,Every Day,5
Never,Some Days,Never,Most Days,8
Some Days,Every Day,Never,Most Days,8
Never,Some Days,Some Days,Every Day,8
Some Days,Some Days,Most Days,Some Days,4
Never,Never,Never,Most Days,8
Most Days,Every Day,Most Days,Some Days,5
Never,Never,Some Days,Some Days,7
Never,Never,Never,Every Day,8
Never,Some Days,Never,Most Days,7
Never,Never,Never,Every Day,8
Never,Never,Never,Never,8
Some Days,Some Days,Some Days,Some Days,8
Never,Never,Never,Every Day,9
Never,Never,Never,Some Days,8
Never,Never,Never,Every Day,8
Never,Some Days,Most Days,Some Days,5
Never,Never,Most Days,Some Days,6
Never,Never,Never,Some Days,6
Never,Most Days,Most Days,Never,4
Never,Never,Never,Most Days,7
Never,Some Days,Never,Most Days,9
Never,Some Days,Some Days,Some Days,6
Never,Some Days,Never,Some Days,8
Never,Some Days,Some Days,Some Days,8
Never,Some Days,Some Days,Most Days,8
Some Days,Some Days,Some Days,Most Days,6
Never,Some Days,Some Days,Most Days,8
Never,Some Days,Some Days,Most Days,7
Never,Never,Some Days,Most Days,6
Never,Some Days,Some Days,Some Days,7
Never,Never,Some Days,Some Days,6
Never,Never,Some Days,Most Days,8
Some Days,Some Days,Most Days,Never,6
Never,Never,Never,Some Days,6
Never,Never,Never,Most Days,8
Never,Some Days,Never,Every Day,8
Never,Never,Never,Most Days,8
Never,Some Days,Some Days,Most Days,7
Never,Some Days,Some Days,Most Days,7
Never,Some Days,Some Days,Most Days,5
Never,Never,Never,Every Day,10
Never,Never,Never,Most Days,8
Never,Never,Never,Most Days,8
Never,Some Days,Never,Some Days,7
Never,Some Days,Some Days,Some Days,6
Never,Never,Never,Never,4
Never,Never,Never,Never,6
Never,Never,Never,Some Days,6
Never,Some Days,Never,Most Days,7
Every Day,Every Day,Some Days,Most Days,6
Never,Never,Never,Most Days,7
Never,Never,Never,Every Day,7
Never,Most Days,Never,Some Days,6
Never,Some Days,Never,Every Day,7
Never,Some Days,Never,Most Days,7
Never,Never,Some Days,Most Days,7
Never,Some Days,Never,Most Days,7
Never,Every Day,Never,Most Days,7
Never,Never,Never,Most Days,8
Never,Never,Never,Every Day,8
Never,Some Days,Some Days,Most Days,8
Never,Some Days,Some Days,Some Days,6
Never,Never,Never,Some Days,9
Never,Some Days,Some Days,Most Days,9
Never,Never,Never,Most Days,8
Never,Never,Never,Most Days,7
Never,Never,Never,Some Days,8
Never,Never,Some Days,Some Days,7
Most Days,Some Days,Some Days,Most Days,7
Never,Never,Never,Every Day,11
Never,Never,Never,Some Days,8
Never,Never,Never,Every Day,7
Never,Never,Never,Never,7
Never,Some Days,Some Days,Some Days,6
Never,Never,Never,Most Days,6
Never,Some Days,Some Days,Some Days,8
Never,Never,Never,Most Days,9
Never,Some Days,Some Days,Most Days,8
Never,Some Days,Never,Most Days,8
Never,Never,Never,Most Days,7
Never,Never,Never,Most Days,7
Most Days,Some Days,Some Days,Most Days,6
Never,Never,Never,Most Days,6
Every Day,Never,Some Days,Most Days,9
Most Days,Some Days,Some Days,Some Days,5
Some Days,Never,Some Days,Some Days,8
Some Days,Some Days,Most Days,Most Days,8
Never,Some Days,Some Days,Some Days,7
Never,Never,Never,Every Day,8
Never,Never,Most Days,Some Days,6
Never,Some Days,Never,Most Days,8
Never,Most Days,Never,Most Days,7
Never,Never,Most Days,Most Days,9
Some Days,Never,Most Days,Most Days,7
Never,Never,Never,Most Days,8
Never,Never,Never,Every Day,10
Most Days,Some Days,Some Days,Most Days,8
Some Days,Some Days,Never,Some Days,7
Never,Never,Never,Most Days,7
Never,Never,Some Days,Every Day,6
Never,Never,Some Days,Most Days,8
Some Days,Some Days,Never,Most Days,7
Never,Never,Never,Most Days,8
Never,Never,Some Days,Most Days,8
Every Day,Never,Most Days,Most Days,8
Never,Never,Never,Most Days,5
Never,Never,Never,Most Days,7
Never,Never,Never,Never,15
Never,Never,Some Days,Some Days,7
Never,Never,Never,Most Days,7
Never,Never,Never,Every Day,8
Never,Never,Never,Most Days,7
Never,Never,Never,Some Days,6
Never,Some Days,Some Days,Most Days,9
Never,Never,Some Days,Most Days,6
Never,Never,Never,Most Days,8
Never,Some Days,Never,Some Days,10
Never,Never,Never,Most Days,6
Never,Some Days,Never,Some Days,6
Never,Never,Never,Most Days,8
Never,Never,Never,Most Days,9
Never,Never,Some Days,Most Days,8
Never,Never,Never,Every Day,8
Never,Never,Some Days,Most Days,8
Never,Some Days,Some Days,Some Days,8
Never,Never,Most Days,Most Days,6
Never,Never,Never,Most Days,6
Never,Every Day,Most Days,Most Days,4
Some Days,Never,Never,Never,7
Never,Never,Never,Some Days,8
Never,Never,Some Days,Some Days,4
Never,Never,Never,Most Days,7
Never,Never,Never,Most Days,7
Never,Never,Some Days,Never,6
Never,Every Day,Some Days,Some Days,5
Every Day,Most Days,Most Days,Some Days,7
Never,Some Days,Never,Every Day,7
Never,Some Days,Never,Never,8
Never,Some Days,Some Days,Never,5
Never,Most Days,Never,Most Days,7
Never,Never,Some Days,Some Days,8
Never,Never,Some Days,Most Days,9
Never,Every Day,Most Days,Some Days,7
Never,Some Days,Most Days,Some Days,4
Never,Some Days,Never,Every Day,8
Never,Some Days,Never,Most Days,7
Some Days,Some Days,Some Days,Most Days,7
Never,Most Days,Some Days,Most Days,6
Never,Some Days,Some Days,Most Days,8
Some Days,Most Days,Never,Some Days,7
Never,Never,Never,Most Days,8
Never,Some Days,Some Days,Some Days,8
Never,Some Days,Never,Some Days,6
Most Days,Never,Some Days,Most Days,8
Never,Never,Never,Most Days,7
Never,Some Days,Never,Most Days,8
Never,Never,Never,Most Days,8
Never,Every Day,Every Day,Never,5
Some Days,Some Days,Some Days,Some Days,4
Every Day,Some Days,Never,Most Days,6
Never,Most Days,Most Days,Every Day,6
Never,Never,Never,Never,8
Never,Never,Never,Most Days,8
Never,Never,Never,Every Day,9
Never,Never,Some Days,Some Days,5
Never,Every Day,Some Days,Some Days,6
Most Days,Never,Never,Most Days,6
Never,Most Days,Some Days,Most Days,7
Never,Never,Never,Most Days,8
Never,Every Day,Every Day,Never,5
Every Day,Never,Never,Never,7
Never,Some Days,Never,Most Days,8
Every Day,Some Days,Some Days,Some Days,7
Never,Some Days,Some Days,Most Days,6
Never,Some Days,Never,Some Days,7
Never,Some Days,Never,Some Days,8
Never,Every Day,Most Days,Some Days,5
Never,Some Days,Some Days,Most Days,7
Never,Never,Some Days,Most Days,7
Never,Never,Never,Some Days,5
Some Days,Some Days,Some Days,Some Days,8
Never,Never,Never,Never,6
Never,Never,Never,Most Days,7
Some Days,Every Day,Never,Most Days,6
Never,Never,Never,Most Days,7
Never,Never,Most Days,Most Days,8
Never,Never,Never,Some Days,7
Never,Some Days,Never,Some Days,8
Never,Most Days,Never,Some Days,4
Never,Some Days,Never,Most Days,4
Never,Never,Never,Every Day,7
Never,Never,Some Days,Some Days,8
Never,Most Days,Most Days,Some Days,8
Never,Never,Never,Most Days,8
Never,Some Days,Some Days,Some Days,6
Never,Never,Some Days,Some Days,7
Never,Never,Never,Every Day,5
Never,Never,Never,Every Day,5
Never,Some Days,Some Days,Some Days,6
Never,Never,Never,Most Days,8
Never,Some Days,Some Days,Most Days,8
Never,Never,Never,Some Days,7
Never,Every Day,Every Day,Never,5
Never,Never,Never,Never,8
Never,Never,Never,Every Day,8
Never,Never,Never,Some Days,5
Never,Never,Never,Never,8
Never,Never,Never,Some Days,7
Never,Most Days,Some Days,Most Days,9
Every Day,Some Days,Some Days,Most Days,4
Some Days,Every Day,Never,Most Days,7
Never,Never,Never,Every Day,9
Never,Never,Some Days,Most Days,7
Never,Never,Never,Most Days,10
Never,Every Day,Every Day,Never,9
Every Day,Every Day,Every Day,Some Days,6
Never,Some Days,Never,Most Days,6
Never,Never,Never,Every Day,8
Never,Some Days,Some Days,Some Days,8
Never,Some Days,Never,Most Days,7
Every Day,Some Days,Some Days,Most Days,6
Some Days,Some Days,Some Days,Some Days,6
Never,Some Days,Never,Every Day,9
Most Days,Most Days,Some Days,Some Days,6
Never,Never,Never,Most Days,10
Every Day,Some Days,Some Days,Most Days,9
Never,Never,Never,Most Days,7
Never,Some Days,Never,Most Days,8
Some Days,Most Days,Never,Most Days,8
Never,Never,Never,Every Day,10
Never,Never,Never,Most Days,8
Some Days,Never,Every Day,Most Days,6
Never,Some Days,Some Days,Most Days,7
Never,Never,Never,Most Days,8
Never,Never,Never,Every Day,6
Never,Never,Never,Every Day,8
Never,Never,Never,Every Day,8
Never,Every Day,Every Day,Never,4
Never,Never,Never,Most Days,7
Never,Some Days,Some Days,Some Days,7
Never,Never,Some Days,Most Days,7
Some Days,Some Days,Never,Some Days,6
Never,Never,Never,Every Day,9
Never,Never,Never,Most Days,8
Most Days,Most Days,Every Day,Every Day,7
Never,Never,Never,Most Days,7
Never,Never,Never,Some Days,7
Never,Never,Never,Never,8
Some Days,Most Days,Most Days,Some Days,6
Never,Never,Never,Most Days,8
Never,Some Days,Never,Never,7
Never,Never,Never,Some Days,7
Most Days,Never,Some Days,Never,8
Never,Never,Never,Every Day,8
Never,Never,Never,Most Days,9
Never,Never,Never,Never,10
Never,Never,Never,Every Day,7
Never,Never,Never,Most Days,8
Never,Some Days,Some Days,Most Days,8
Never,Some Days,Some Days,Some Days,6
Some Days,Most Days,Most Days,Never,8
Never,Never,Never,Every Day,10
Never,Most Days,Some Days,Some Days,7
Never,Some Days,Some Days,Some Days,6
Never,Some Days,Never,Most Days,9
Never,Never,Never,Every Day,6
Never,Never,Never,Every Day,8
Most Days,Never,Never,Every Day,7
Never,Every Day,Every Day,Some Days,5
Never,Never,Never,Every Day,8
Never,Some Days,Never,Most Days,9
Never,Never,Never,Every Day,9
Never,Never,Never,Never,7
Never,Never,Never,Some Days,7
Every Day,Some Days,Never,Every Day,12
Never,Never,Never,Most Days,6
Most Days,Never,Never,Most Days,7
Never,Never,Most Days,Most Days,7
Never,Never,Never,Some Days,6
Some Days,Never,Every Day,Some Days,6
Some Days,Some Days,Some Days,Some Days,6
Never,Never,Never,Most Days,8
Never,Some Days,Never,Most Days,6
Never,Never,Never,Every Day,9
Never,Never,Never,Every Day,8
Never,Some Days,Never,Most Days,7
Never,Never,Never,Most Days,6
Never,Some Days,Every Day,Some Days,5
Never,Some Days,Never,Some Days,6
Never,Most Days,Every Day,Some Days,5
Never,Never,Never,Most Days,8
Every Day,Most Days,Most Days,Some Days,6
Never,Never,Never,Never,8
Never,Never,Never,Never,8
Never,Never,Never,Every Day,6
Never,Never,Never,Every Day,8
Some Days,Every Day,Every Day,Every Day,6
Never,Every Day,Never,Some Days,7
Never,Never,Never,Most Days,8
Every Day,Never,Every Day,Some Days,10
Every Day,Never,Never,Every Day,9
Never,Some Days,Never,Most Days,8
Never,Some Days,Some Days,Some Days,6
Never,Some Days,Never,Most Days,5
Never,Most Days,Some Days,Most Days,9
Never,Some Days,Never,Most Days,8
Never,Every Day,Every Day,Some Days,7
Never,Some Days,Some Days,Some Days,7
Never,Never,Some Days,Every Day,7
Every Day,Never,Some Days,Some Days,6
Every Day,Never,Never,Most Days,8
Some Days,Most Days,Most Days,Never,7
Never,Never,Never,Some Days,5
Every Day,Most Days,Every Day,Most Days,6
Some Days,Most Days,Most Days,Some Days,7
Some Days,Some Days,Some Days,Some Days,7
Never,Some Days,Never,Most Days,7
Never,Never,Some Days,Most Days,7
Every Day,Some Days,Never,Most Days,8
Never,Some Days,Never,Some Days,7
Never,Some Days,Never,Some Days,8
Every Day,Never,Never,Every Day,7
Never,Most Days,Some Days,Some Days,6
Never,Never,Some Days,Most Days,8
Never,Never,Never,Some Days,8
Never,Never,Never,Never,8
Most Days,Never,Never,Every Day,8
Every Day,Some Days,Some Days,Some Days,8
Some Days,Never,Never,Most Days,7
Never,Some Days,Never,Some Days,6
Never,Never,Never,Every Day,7
Never,Never,Never,Every Day,8
Some Days,Some Days,Some Days,Some Days,8
Every Day,Some Days,Some Days,Some Days,6
Never,Some Days,Some Days,Most Days,8
Never,Some Days,Never,Some Days,8
Never,Never,Some Days,Most Days,6
Never,Never,Never,Most Days,7
Most Days,Most Days,Most Days,Some Days,6
Never,Some Days,Some Days,Most Days,8
Never,Never,Some Days,Some Days,8
Some Days,Never,Never,Most Days,7
Never,Most Days,Never,Some Days,6
Never,Never,Most Days,Most Days,7
Never,Some Days,Some Days,Some Days,8
Never,Never,Never,Never,7
Never,Never,Never,Every Day,8
Never,Some Days,Never,Most Days,8
Some Days,Some Days,Some Days,Most Days,6
Some Days,Never,Never,Most Days,3
Never,Some Days,Some Days,Most Days,7
Never,Never,Never,Most Days,8
Never,Never,Never,Some Days,8
Never,Some Days,Some Days,Some Days,7
Every Day,Every Day,Every Day,Never,5
Never,Every Day,Never,Most Days,7
Never,Some Days,Some Days,Some Days,8
Never,Never,Some Days,Most Days,8
Never,Some Days,Never,Some Days,7
Never,Never,Never,Some Days,7
Never,Some Days,Never,Most Days,7
Every Day,Some Days,Some Days,Most Days,7
Some Days,Never,Never,Most Days,8
Never,Never,Never,Every Day,8
Most Days,Every Day,Most Days,Never,5
Never,Some Days,Never,Every Day,7
Every Day,Never,Every Day,Most Days,10
Never,Some Days,Some Days,Every Day,7
Never,Never,Some Days,Most Days,7
Never,Never,Never,Every Day,9
Never,Never,Never,Every Day,6
Never,Some Days,Some Days,Some Days,8
Some Days,Some Days,Some Days,Most Days,7
Never,Some Days,Some Days,Some Days,6
Never,Some Days,Some Days,Some Days,7
Never,Most Days,Most Days,Some Days,4
Never,Some Days,Some Days,Every Day,8
Never,Never,Never,Every Day,7
Never,Some Days,Never,Every Day,8
Never,Never,Never,Every Day,9
Never,Never,Some Days,Most Days,8
Some Days,Some Days,Never,Most Days,8
Never,Some Days,Never,Most Days,8
Never,Never,Some Days,Most Days,7
Never,Some Days,Never,Most Days,7
Never,Never,Never,Most Days,8
Never,Never,Some Days,Never,8
Every Day,Every Day,Never,Some Days,6
Never,Never,Never,Most Days,8
Some Days,Every Day,Most Days,Never,8
Never,Never,Never,Every Day,7
Most Days,Every Day,Every Day,Most Days,11
Never,Never,Never,Some Days,7
Never,Some Days,Never,Every Day,7
Never,Some Days,Some Days,Most Days,6
Never,Never,Some Days,Most Days,7
Never,Never,Some Days,Some Days,6
Never,Never,Never,Every Day,7
Never,Most Days,Most Days,Never,6
Every Day,Some Days,Some Days,Most Days,7
Never,Never,Never,Never,4
Some Days,Some Days,Some Days,Most Days,8
Never,Never,Some Days,Some Days,8
Some Days,Some Days,Some Days,Never,8
Some Days,Some Days,Some Days,Some Days,7
Never,Never,Never,Some Days,7
Never,Some Days,Some Days,Some Days,7
Every Day,Most Days,Some Days,Some Days,5
Never,Never,Most Days,Some Days,6
Never,Never,Never,Most Days,7
Never,Never,Never,Most Days,6
Never,Never,Never,Most Days,7
Never,Some Days,Never,Most Days,10
Never,Some Days,Some Days,Some Days,5
Never,Never,Never,Never,8
Never,Most Days,Some Days,Some Days,10
Never,Never,Never,Every Day,8
Never,Some Days,Never,Most Days,10
Never,Some Days,Never,Most Days,10
Never,Some Days,Never,Most Days,6
Never,Never,Some Days,Some Days,7
Never,Never,Some Days,Most Days,7
Never,Never,Some Days,Most Days,8
Never,Some Days,Some Days,Most Days,7
Some Days,Some Days,Some Days,Some Days,8
Never,Never,Never,Never,6
Never,Never,Never,Every Day,8
Never,Most Days,Most Days,Some Days,7
Never,Never,Never,Some Days,9
Every Day,Never,Never,Most Days,6
Never,Never,Never,Most Days,7
Never,Never,Some Days,Most Days,6
Some Days,Some Days,Some Days,Some Days,7
Never,Some Days,Some Days,Most Days,9
Some Days,Some Days,Some Days,Some Days,7
Some Days,Some Days,Some Days,Most Days,8
Never,Some Days,Some Days,Most Days,7
Never,Most Days,Never,Never,4
Every Day,Most Days,Most Days,Some Days,6
Never,Never,Most Days,Most Days,7
Never,Never,Never,Most Days,7
Never,Never,Never,Most Days,8
Every Day,Some Days,Never,Most Days,8
Every Day,Never,Never,Most Days,8
Some Days,Some Days,Never,Some Days,7
Never,Never,Never,Some Days,7
Never,Never,Never,Most Days,8
Some Days,Some Days,Some Days,Most Days,6
Never,Never,Never,Some Days,7
Never,Never,Most Days,Most Days,6
Every Day,Some Days,Never,Some Days,8
Never,Some Days,Never,Some Days,7
Never,Never,Never,Most Days,7
Never,Never,Some Days,Every Day,8
Every Day,Most Days,Some Days,Some Days,7
Never,Some Days,Some Days,Most Days,7
Never,Never,Never,Some Days,8
Never,Some Days,Some Days,Never,7
Some Days,Most Days,Never,Some Days,6
Most Days,Most Days,Most Days,Most Days,6
Most Days,Most Days,Most Days,Some Days,8
Some Days,Never,Most Days,Some Days,9
Every Day,Every Day,Never,Never,6
Never,Never,Never,Most Days,6
Never,Every Day,Every Day,Never,6
Never,Never,Some Days,Most Days,6
Most Days,Most Days,Never,Most Days,6
Never,Every Day,Some Days,Some Days,7
Every Day,Some Days,Some Days,Most Days,8
Every Day,Every Day,Every Day,Never,4
Never,Most Days,Every Day,Never,8
Never,Every Day,Every Day,Never,5
Every Day,Every Day,Every Day,Every Day,8
Never,Never,Never,Never,8
Never,Never,Never,Most Days,8
Never,Never,Never,Some Days,7
Never,Never,Some Days,Most Days,8
Every Day,Some Days,Every Day,Some Days,7
Never,Every Day,Never,Some Days,8
Never,Some Days,Most Days,Never,7
Never,Never,Never,Some Days,6
Never,Some Days,Some Days,Most Days,7
Never,Never,Some Days,Most Days,7
Never,Never,Never,Most Days,8
Never,Never,Never,Most Days,8
Never,Most Days,Some Days,Some Days,8
Never,Some Days,Some Days,Most Days,7
Never,Some Days,Never,Some Days,7
Never,Most Days,Never,Some Days,6
Never,Every Day,Never,Never,5
Never,Never,Never,Most Days,8
Never,Some Days,Some Days,Some Days,7
Never,Never,Some Days,Most Days,6
Never,Some Days,Some Days,Most Days,7
Never,Most Days,Some Days,Some Days,7
Never,Never,Never,Most Days,8
Never,Never,Never,Every Day,8
Never,Most Days,Never,Some Days,7
Never,Never,Never,Every Day,6
Never,Some Days,Never,Some Days,6
Never,Never,Some Days,Every Day,6
Some Days,Some Days,Never,Most Days,8
Never,Never,Never,Never,8
Never,Never,Never,Most Days,8
Every Day,Most Days,Some Days,Most Days,6
Never,Some Days,Some Days,Most Days,8
Every Day,Most Days,Some Days,Most Days,6
Every Day,Never,Never,Every Day,9
Never,Some Days,Never,Never,6
Most Days,Most Days,Most Days,Most Days,8
Some Days,Never,Some Days,Most Days,8
Never,Some Days,Some Days,Most Days,7
Never,Most Days,Most Days,Some Days,5
Some Days,Some Days,Some Days,Some Days,6
Never,Some Days,Never,Most Days,8
Never,Most Days,Most Days,Some Days,6
Never,Never,Never,Most Days,8
Never,Never,Never,Never,6
Never,Every Day,Every Day,Some Days,5
Never,Some Days,Some Days,Most Days,7
Never,Some Days,Never,Most Days,7
Every Day,Never,Some Days,Every Day,8
Never,Never,Never,Most Days,8
Never,Most Days,Never,Every Day,8
Never,Most Days,Never,Some Days,6
Every Day,Some Days,Most Days,Most Days,7
Never,Some Days,Never,Some Days,9
Never,Some Days,Some Days,Every Day,9
Every Day,Every Day,Never,Some Days,9
Never,Never,Never,Most Days,8
Never,Never,Never,Most Days,8
Some Days,Most Days,Some Days,Some Days,5
Never,Never,Never,Most Days,8
Never,Some Days,Never,Most Days,7
Never,Never,Never,Every Day,8
Never,Never,Never,Most Days,8
Some Days,Most Days,Some Days,Some Days,6
Every Day,Some Days,Most Days,Some Days,7
Never,Some Days,Some Days,Some Days,6
Never,Some Days,Some Days,Most Days,8
Never,Never,Never,Some Days,5
Never,Some Days,Some Days,Every Day,9
Never,Most Days,Some Days,Some Days,6
Never,Never,Never,Most Days,8
Never,Some Days,Never,Most Days,8
Never,Never,Most Days,Most Days,9
Never,Every Day,Never,Most Days,8
Never,Some Days,Some Days,Some Days,5
Never,Every Day,Most Days,Some Days,5
Never,Never,Never,Every Day,8
Never,Some Days,Most Days,Never,9
Every Day,Every Day,Every Day,Never,4
Never,Never,Never,Some Days,7
Every Day,Every Day,Every Day,Never,6
Never,Never,Some Days,Most Days,8
Every Day,Never,Never,Some Days,8
Some Days,Some Days,Some Days,Most Days,8
Never,Never,Never,Never,8
Never,Never,Some Days,Most Days,6
Never,Never,Never,Most Days,8
Never,Most Days,Never,Some Days,6
Most Days,Most Days,Every Day,Most Days,6
Never,Every Day,Never,Never,6
Never,Never,Never,Most Days,9
Every Day,Some Days,Never,Some Days,6
Some Days,Most Days,Every Day,Some Days,6
Never,Some Days,Never,Every Day,10
Some Days,Never,Some Days,Most Days,7
Never,Every Day,Every Day,Never,6
Never,Every Day,Every Day,Every Day,4
Never,Never,Some Days,Never,8
Most Days,Never,Some Days,Some Days,6
Every Day,Some Days,Some Days,Most Days,7
Never,Never,Never,Most Days,8
Some Days,Some Days,Some Days,Most Days,8
Never,Never,Never,Most Days,7
Some Days,Every Day,Every Day,Some Days,4
Never,Never,Some Days,Every Day,12
Never,Every Day,Never,Some Days,5
Every Day,Every Day,Every Day,Never,7
Never,Never,Never,Never,9
Every Day,Every Day,Every Day,Never,4
Never,Some Days,Some Days,Never,6
Never,Every Day,Every Day,Never,4
Never,Some Days,Some Days,Some Days,6
Never,Never,Never,Some Days,8
Never,Some Days,Some Days,Most Days,8
Never,Never,Some Days,Most Days,9
Never,Never,Never,Every Day,9
Never,Some Days,Some Days,Some Days,5
Never,Never,Some Days,Every Day,8
Never,Never,Never,Every Day,4
Never,Never,Never,Most Days,6
Never,Never,Most Days,Most Days,6
Every Day,Every Day,Never,Most Days,8
Never,Most Days,Never,Every Day,6
Never,Every Day,Most Days,Never,5
Never,Never,Some Days,Most Days,7
Never,Never,Never,Most Days,6
Never,Some Days,Never,Most Days,7
Never,Never,Never,Every Day,8
Never,Never,Never,Every Day,8
Every Day,Never,Some Days,Some Days,8
Never,Never,Some Days,Every Day,10
Never,Some Days,Never,Most Days,7
Never,Never,Never,Some Days,10
Never,Some Days,Never,Most Days,8
Some Days,Some Days,Some Days,Most Days,7
Never,Some Days,Never,Most Days,8
Never,Never,Never,Most Days,7
Never,Never,Never,Most Days,7
Some Days,Some Days,Some Days,Some Days,6
Never,Never,Never,Most Days,7
Never,Some Days,Some Days,Some Days,7
Never,Every Day,Every Day,Some Days,6
Never,Some Days,Some Days,Most Days,8
Never,Some Days,Never,Never,8
Never,Never,Never,Every Day,8
Never,Most Days,Some Days,Some Days,7
Never,Some Days,Some Days,Some Days,8
Never,Some Days,Never,Most Days,6
Never,Never,Never,Every Day,8
Never,Most Days,Some Days,Most Days,6
Never,Never,Never,Most Days,8
Never,Never,Never,Most Days,7
Never,Never,Some Days,Most Days,7
Every Day,Never,Never,Most Days,7
Never,Never,Never,Some Days,8
Never,Never,Never,Most Days,7
Never,Some Days,Never,Some Days,7
Never,Some Days,Some Days,Some Days,7
Never,Some Days,Never,Most Days,7
Never,Never,Never,Most Days,7
Never,Most Days,Most Days,Most Days,7
Every Day,Never,Some Days,Most Days,15
Never,Some Days,Most Days,Some Days,5
Never,Every Day,Some Days,Most Days,7
Never,Most Days,Most Days,Most Days,6
Some Days,Some Days,Some Days,Some Days,7
Every Day,Never,Some Days,Most Days,7
Never,Never,Every Day,Most Days,8
Never,Never,Every Day,Some Days,6
Never,Never,Never,Every Day,6
Never,Never,Never,Some Days,7
Never,Never,Never,Most Days,8
Never,Some Days,Some Days,Most Days,8
Never,Never,Some Days,Most Days,7
Never,Never,Never,Most Days,7
Never,Most Days,Some Days,Most Days,7
Never,Never,Never,Most Days,6
Never,Some Days,Never,Every Day,13
Every Day,Some Days,Some Days,Never,8
Never,Some Days,Some Days,Most Days,7
Never,Some Days,Some Days,Some Days,6
Never,Never,Never,Every Day,7
Never,Some Days,Never,Most Days,6
Never,Never,Never,Every Day,8
Never,Some Days,Some Days,Most Days,9
Never,Never,Never,Most Days,8
Never,Never,Never,Most Days,8
Never,Some Days,Never,Most Days,9
Some Days,Never,Never,Every Day,7
Never,Every Day,Every Day,Some Days,4
Never,Some Days,Some Days,Some Days,6
Never,Never,Some Days,Most Days,5
Never,Some Days,Most Days,Most Days,6
Some Days,Most Days,Some Days,Some Days,6
Never,Some Days,Some Days,Most Days,7
Never,Never,Never,Every Day,9
Some Days,Most Days,Never,Most Days,7
Never,Some Days,Some Days,Most Days,7
Never,Every Day,Some Days,Most Days,8
Never,Some Days,Never,Most Days,7
Never,Some Days,Some Days,Most Days,7
Never,Never,Never,Every Day,7
Never,Never,Never,Most Days,7
Never,Never,Never,Every Day,8
Never,Some Days,Some Days,Most Days,10
Some Days,Never,Some Days,Some Days,7
Some Days,Never,Some Days,Most Days,8
Never,Never,Some Days,Most Days,7
Never,Never,Never,Every Day,8
Never,Some Days,Never,Every Day,8
Never,Every Day,Never,Some Days,7
Never,Never,Never,Most Days,6
Never,Never,Never,Most Days,7
Never,Most Days,Never,Some Days,8
Never,Some Days,Most Days,Most Days,7
Every Day,Some Days,Some Days,Some Days,7
Never,Never,Never,Most Days,8
Never,Some Days,Some Days,Most Days,7
Never,Never,Never,Most Days,9
Never,Never,Never,Every Day,7
Never,Some Days,Some Days,Some Days,6
Never,Never,Never,Some Days,6
Never,Most Days,Most Days,Some Days,6
Never,Never,Some Days,Most Days,8
Never,Some Days,Never,Most Days,8
Some Days,Some Days,Some Days,Most Days,8
Never,Never,Some Days,Most Days,7
Never,Some Days,Some Days,Most Days,11
Some Days,Some Days,Some Days,Some Days,7
Never,Every Day,Never,Some Days,8
Never,Some Days,Some Days,Most Days,8
Never,Never,Never,Most Days,7
Never,Never,Never,Most Days,9
Never,Some Days,Never,Most Days,8
Never,Some Days,Never,Most Days,8
Never,Some Days,Some Days,Some Days,7
Never,Never,Never,Most Days,6
Never,Every Day,Some Days,Some Days,5
Never,Some Days,Never,Most Days,8
Never,Some Days,Some Days,Some Days,7
Never,Every Day,Some Days,Some Days,6
Never,Never,Some Days,Some Days,4
Never,Never,Some Days,Most Days,7
Never,Every Day,Never,Most Days,8
Never,Most Days,Some Days,Some Days,8
Never,Most Days,Never,Never,6
Never,Never,Some Days,Some Days,7
Never,Every Day,Never,Never,6
Never,Some Days,Some Days,Some Days,5
Never,Never,Never,Most Days,8
Some Days,Most Days,Some Days,Some Days,8
Never,Some Days,Some Days,Some Days,7
Never,Most Days,Some Days,Some Days,6
Every Day,Never,Never,Most Days,7
Never,Some Days,Most Days,Some Days,6
Never,Every Day,Every Day,Never,5
Never,Some Days,Some Days,Most Days,7
Most Days,Some Days,Some Days,Most Days,9
Never,Every Day,Never,Some Days,8
Never,Never,Never,Most Days,8
Never,Some Days,Never,Some Days,9
Never,Never,Never,Most Days,9
Never,Every Day,Never,Never,8
Never,Every Day,Every Day,Never,5
Never,Most Days,Never,Some Days,7
Most Days,Never,Never,Most Days,10
Never,Never,Never,Every Day,6
Never,Some Days,Never,Some Days,6
Every Day,Every Day,Every Day,Never,2
Never,Never,Never,Most Days,7
Never,Never,Never,Most Days,6
Never,Some Days,Never,Some Days,6
Never,Every Day,Every Day,Most Days,7
Every Day,Some Days,Never,Most Days,8
Never,Never,Never,Some Days,8
Every Day,Never,Never,Some Days,8
Every Day,Never,Some Days,Most Days,7
Some Days,Some Days,Some Days,Most Days,7
Never,Never,Most Days,Most Days,5
Never,Never,Some Days,Most Days,8
Never,Never,Most Days,Most Days,7
Never,Never,Some Days,Most Days,7
Never,Never,Some Days,Most Days,8
Never,Some Days,Some Days,Most Days,7
Never,Most Days,Most Days,Some Days,8
Most Days,Never,Some Days,Most Days,8
Never,Some Days,Some Days,Some Days,5
Every Day,Never,Some Days,Every Day,8
Never,Never,Some Days,Most Days,9
Most Days,Some Days,Never,Most Days,10
Never,Never,Never,Every Day,8
Never,Some Days,Never,Most Days,7
Never,Never,Never,Most Days,7
Never,Never,Never,Some Days,7
Never,Never,Never,Some Days,6
Never,Never,Some Days,Most Days,6
Never,Some Days,Never,Most Days,8
Every Day,Some Days,Never,Every Day,8
Never,Never,Some Days,Some Days,6
Never,Some Days,Some Days,Some Days,8
Never,Never,Never,Every Day,8
Never,Some Days,Never,Most Days,7
Never,Never,Never,Most Days,7
Never,Some Days,Some Days,Most Days,8
Some Days,Some Days,Some Days,Some Days,8
Most Days,Never,Some Days,Some Days,7
Never,Every Day,Never,Never,5
Every Day,Some Days,Some Days,Some Days,6
Some Days,Most Days,Never,Most Days,8
Never,Never,Never,Every Day,8
Never,Never,Some Days,Every Day,7
Never,Never,Some Days,Most Days,7
Never,Every Day,Never,Never,5
Never,Never,Never,Most Days,8
Never,Some Days,Never,Most Days,7
Never,Most Days,Most Days,Most Days,8
Never,Never,Never,Some Days,6
Never,Every Day,Some Days,Never,6
Never,Never,Some Days,Every Day,8
Never,Never,Some Days,Some Days,6
Every Day,Some Days,Some Days,Most Days,7
Never,Never,Never,Every Day,7
Never,Every Day,Never,Most Days,8
Every Day,Every Day,Every Day,Some Days,4
Never,Never,Some Days,Some Days,7
Never,Some Days,Some Days,Some Days,6
Never,Most Days,Every Day,Never,5
Never,Never,Never,Every Day,6
Never,Some Days,Every Day,Never,4
Never,Some Days,Some Days,Most Days,7
Never,Some Days,Most Days,Never,6
Some Days,Some Days,Some Days,Most Days,6
Every Day,Never,Some Days,Most Days,6
Never,Every Day,Most Days,Never,5
Never,Some Days,Never,Some Days,9
Never,Some Days,Some Days,Most Days,9
Some Days,Some Days,Some Days,Some Days,7
Some Days,Some Days,Some Days,Every Day,9
Never,Never,Never,Most Days,8
Never,Never,Never,Every Day,7
Never,Never,Never,Every Day,7
Every Day,Never,Every Day,Some Days,7
Never,Some Days,Some Days,Some Days,8
Never,Some Days,Most Days,Never,6
Never,Never,Never,Most Days,8
Never,Some Days,Most Days,Some Days,6
Some Days,Never,Never,Most Days,8
Never,Never,Most Days,Most Days,4
Never,Never,Some Days,Most Days,7
Never,Some Days,Never,Most Days,8
Some Days,Some Days,Some Days,Some Days,6
Never,Never,Never,Most Days,6
Most Days,Every Day,Every Day,Never,4
Never,Never,Some Days,Some Days,7
Some Days,Never,Never,Every Day,7
Never,Most Days,Most Days,Some Days,4
Never,Never,Never,Most Days,6
Never,Most Days,Never,Some Days,7
Never,Never,Some Days,Most Days,6
Every Day,Some Days,Some Days,Some Days,6
Every Day,Some Days,Never,Never,6
Some Days,Some Days,Some Days,Most Days,9
Some Days,Some Days,Most Days,Most Days,7
Never,Never,Some Days,Most Days,9
Some Days,Some Days,Some Days,Most Days,6
Never,Never,Never,Most Days,8
Never,Every Day,Every Day,Never,7
Every Day,Every Day,Every Day,Never,6
Every Day,Some Days,Some Days,Most Days,6
Never,Never,Never,Most Days,8
Never,Never,Never,Every Day,9
Never,Never,Never,Every Day,8
Never,Every Day,Some Days,Most Days,8
Never,Never,Some Days,Some Days,5
Never,Every Day,Most Days,Never,5
Never,Never,Never,Some Days,5
Every Day,Never,Never,Never,7
Never,Some Days,Some Days,Most Days,7
Never,Never,Some Days,Most Days,6
Never,Some Days,Some Days,Some Days,8
Never,Never,Never,Most Days,7
Never,Never,Never,Every Day,8
Never,Never,Never,Every Day,8
Never,Never,Never,Every Day,8
Some Days,Every Day,Never,Never,6
Never,Never,Never,Some Days,9
Never,Some Days,Never,Most Days,8
Never,Some Days,Some Days,Most Days,9
Never,Never,Never,Most Days,7
Most Days,Most Days,Some Days,Some Days,6
Never,Some Days,Every Day,Never,6
Never,Never,Never,Most Days,7
Never,Never,Never,Most Days,8
Never,Some Days,Some Days,Some Days,7
Some Days,Most Days,Most Days,Some Days,6
Some Days,Some Days,Some Days,Most Days,7
Some Days,Never,Some Days,Most Days,9
Every Day,Never,Never,Most Days,7
Never,Never,Never,Most Days,6
Never,Never,Never,Most Days,7
Never,Never,Some Days,Some Days,7
Never,Every Day,Never,Most Days,8
Never,Some Days,Never,Some Days,5
Every Day,Some Days,Some Days,Most Days,7
Never,Some Days,Some Days,Some Days,8
Never,Never,Never,Most Days,8
Never,Never,Some Days,Some Days,8
Never,Every Day,Some Days,Never,6
Never,Every Day,Never,Never,8
Never,Every Day,Some Days,Some Days,9
Never,Never,Never,Every Day,9
Never,Never,Never,Never,8
Never,Never,Most Days,Most Days,7
Never,Never,Never,Most Days,8
Never,Never,Never,Every Day,8
Never,Never,Never,Some Days,8
Every Day,Never,Some Days,Some Days,7
Never,Never,Never,Every Day,8
Never,Never,Never,Every Day,8
Never,Never,Never,Never,10
Never,Some Days,Never,Most Days,8
Some Days,Some Days,Some Days,Some Days,7
Most Days,Never,Never,Every Day,8
Never,Never,Never,Every Day,8
Never,Never,Never,Most Days,7
Every Day,Most Days,Every Day,Some Days,5
Most Days,Never,Some Days,Every Day,9
Never,Every Day,Most Days,Never,7
Never,Never,Some Days,Most Days,7
Never,Some Days,Some Days,Some Days,5
Some Days,Some Days,Some Days,Some Days,7
Never,Never,Some Days,Never,7
Never,Some Days,Some Days,Most Days,7
Never,Some Days,Some Days,Every Day,8
Never,Never,Never,Every Day,8
Every Day,Some Days,Most Days,Some Days,7
Never,Never,Never,Some Days,6
Never,Some Days,Never,Some Days,7
Never,Never,Some Days,Most Days,7
Some Days,Some Days,Never,Every Day,8
Never,Never,Never,Most Days,7
Never,Every Day,Most Days,Some Days,7
Some Days,Some Days,Some Days,Some Days,8
Never,Some Days,Some Days,Some Days,8
Never,Never,Never,Most Days,7
Some Days,Some Days,Some Days,Some Days,6
Never,Never,Never,Every Day,7
Never,Never,Some Days,Most Days,8
Never,Some Days,Some Days,Most Days,9
Never,Never,Some Days,Most Days,8
Never,Never,Some Days,Never,6
Never,Never,Never,Most Days,7
Never,Never,Never,Most Days,8
Never,Some Days,Never,Some Days,7
Never,Never,Never,Most Days,6
Never,Never,Never,Every Day,8
Never,Never,Some Days,Every Day,7
Some Days,Some Days,Never,Some Days,7
Never,Some Days,Some Days,Some Days,7
Never,Some Days,Never,Most Days,8
Never,Never,Never,Every Day,8
Never,Some Days,Some Days,Some Days,8
Never,Some Days,Some Days,Some Days,8
Some Days,Most Days,Never,Most Days,7
Never,Never,Some Days,Some Days,6
Never,Some Days,Never,Some Days,6
Never,Some Days,Some Days,Most Days,8
Never,Never,Never,Every Day,6
Never,Some Days,Never,Most Days,6
Never,Some Days,Some Days,Most Days,7
Never,Never,Never,Most Days,7
Never,Some Days,Some Days,Most Days,8
Never,Most Days,Some Days,Some Days,7
Never,Never,Never,Every Day,7
Never,Never,Never,Never,6
Some Days,Some Days,Some Days,Never,6
Never,Never,Never,Most Days,7
Never,Never,Never,Most Days,8
Never,Never,Never,Most Days,8
Some Days,Some Days,Some Days,Most Days,9
Never,Never,Some Days,Every Day,8
Never,Never,Never,Some Days,8
Never,Never,Some Days,Some Days,8
Never,Most Days,Most Days,Most Days,8
Never,Some Days,Some Days,Some Days,7
Every Day,Every Day,Every Day,Most Days,7
Never,Never,Some Days,Most Days,7
Never,Never,Some Days,Some Days,6
Never,Every Day,Every Day,Never,4
Never,Never,Most Days,Most Days,8
Never,Never,Never,Every Day,8
Never,Some Days,Some Days,Some Days,8
Never,Never,Never,Most Days,7
Never,Never,Never,Every Day,7
Every Day,Some Days,Most Days,Some Days,5
Never,Never,Never,Every Day,7
Never,Never,Never,Every Day,8
Never,Never,Never,Every Day,7
Never,Some Days,Some Days,Some Days,7
Never,Never,Never,Some Days,7
Some Days,Some Days,Never,Some Days,8
Never,Never,Never,Most Days,8
Never,Every Day,Some Days,Some Days,7
Never,Some Days,Most Days,Some Days,7
Never,Never,Never,Some Days,8
Never,Never,Some Days,Most Days,8
Never,Some Days,Never,Most Days,8
Most Days,Some Days,Most Days,Most Days,7
Never,Never,Never,Every Day,8
Never,Some Days,Some Days,Some Days,7
Never,Some Days,Never,Most Days,9
Never,Some Days,Never,Every Day,7
Never,Some Days,Some Days,Most Days,8
Some Days,Some Days,Never,Some Days,6
Never,Never,Never,Most Days,7
Never,Most Days,Every Day,Most Days,8
Never,Never,Never,Most Days,8
Never,Some Days,Some Days,Most Days,6
Never,Never,Some Days,Most Days,6
Never,Every Day,Never,Some Days,6
Never,Most Days,Never,Most Days,7
Never,Never,Some Days,Some Days,6
Never,Every Day,Every Day,Never,4
Never,Some Days,Some Days,Most Days,6
Never,Never,Never,Every Day,8
Never,Never,Never,Most Days,7
Never,Most Days,Never,Some Days,5
Never,Some Days,Some Days,Most Days,8
Never,Most Days,Most Days,Some Days,5
Every Day,Every Day,Never,Never,4
Every Day,Never,Never,Every Day,9
Never,Never,Never,Some Days,6
Never,Some Days,Most Days,Some Days,8
Never,Never,Some Days,Every Day,8
Never,Never,Never,Most Days,8
Never,Never,Some Days,Some Days,8
Never,Some Days,Most Days,Some Days,7
Most Days,Some Days,Some Days,Some Days,6
Never,Never,Never,Most Days,7
Some Days,Some Days,Most Days,Some Days,7
Never,Some Days,Some Days,Some Days,7
Some Days,Most Days,Never,Never,7
Never,Never,Some Days,Every Day,6
Never,Never,Never,Some Days,6
Never,Never,Some Days,Every Day,5
Never,Every Day,Never,Most Days,8
Never,Never,Never,Most Days,7
Never,Never,Never,Most Days,8
Never,Never,Never,Most Days,7
Never,Some Days,Some Days,Most Days,7
Some Days,Some Days,Some Days,Some Days,7
Never,Never,Never,Most Days,9
Never,Never,Never,Most Days,7
Never,Never,Never,Every Day,8
Never,Never,Never,Every Day,6
Never,Never,Some Days,Every Day,12
Every Day,Some Days,Never,Some Days,7
Never,Some Days,Never,Some Days,7
Some Days,Never,Never,Most Days,7
Never,Every Day,Never,Most Days,8
Never,Never,Some Days,Most Days,8
Never,Never,Never,Some Days,7
Never,Some Days,Most Days,Some Days,7
Never,Some Days,Some Days,Never,6
Never,Some Days,Never,Never,7
Never,Never,Never,Most Days,7
Every Day,Every Day,Every Day,Never,7
Never,Every Day,Every Day,Never,2
Never,Never,Never,Every Day,8
Never,Some Days,Some Days,Some Days,7
Every Day,Never,Some Days,Most Days,7
Never,Every Day,Never,Some Days,7
Never,Some Days,Never,Most Days,8
Never,Never,Never,Every Day,5
Never,Never,Never,Most Days,7
Some Days,Some Days,Some Days,Most Days,6
Never,Never,Never,Most Days,7
Never,Never,Most Days,Some Days,5
Never,Most Days,Some Days,Some Days,8
Never,Never,Never,Some Days,6
Some Days,Some Days,Some Days,Most Days,7
Never,Never,Never,Every Day,8
Never,Some Days,Some Days,Most Days,6
Never,Never,Never,Some Days,7
Never,Never,Never,Most Days,9
Never,Never,Never,Every Day,7
Never,Never,Never,Most Days,6
Never,Never,Most Days,Most Days,7
Never,Never,Never,Some Days,6
Never,Never,Never,Most Days,6
Some Days,Most Days,Most Days,Never,4
Some Days,Every Day,Every Day,Never,3
Never,Some Days,Never,Most Days,12
Never,Some Days,Never,Most Days,7
Never,Some Days,Never,Every Day,8
Never,Never,Never,Every Day,7
Never,Every Day,Some Days,Some Days,5
Never,Never,Never,Every Day,4
Never,Never,Never,Every Day,8
Never,Never,Never,Every Day,7
Never,Never,Never,Some Days,7
Never,Never,Never,Every Day,8
Never,Some Days,Never,Most Days,10
Never,Some Days,Some Days,Some Days,5
Never,Never,Never,Most Days,8
Never,Never,Some Days,Most Days,6
Some Days,Never,Some Days,Some Days,6
Never,Never,Never,Every Day,6
Never,Never,Never,Most Days,9
Never,Never,Never,Most Days,7
Never,Never,Never,Most Days,7
Never,Never,Most Days,Every Day,8
Never,Never,Most Days,Most Days,8
Never,Never,Never,Most Days,6
Never,Never,Some Days,Some Days,8
Never,Never,Never,Most Days,7
Never,Never,Never,Every Day,8
Never,Never,Never,Most Days,7
Never,Never,Never,Every Day,7
Never,Never,Some Days,Most Days,7
Never,Never,Never,Some Days,7
Never,Most Days,Most Days,Never,6
Never,Never,Never,Every Day,8
Never,Some Days,Never,Every Day,8
Never,Some Days,Some Days,Some Days,8
Never,Some Days,Some Days,Most Days,8
Every Day,Some Days,Some Days,Some Days,8
Never,Never,Never,Most Days,8
Never,Some Days,Some Days,Some Days,6
Never,Never,Never,Every Day,7
Never,Never,Most Days,Never,6
Never,Some Days,Never,Most Days,8
Never,Every Day,Never,Some Days,12
Never,Never,Never,Every Day,8
Never,Some Days,Every Day,Some Days,10
Never,Never,Never,Most Days,10
Never,Never,Never,Never,12
Never,Some Days,Never,Most Days,8
Never,Never,Some Days,Most Days,7
Some Days,Some Days,Some Days,Most Days,7
Never,Some Days,Some Days,Most Days,6
Never,Never,Some Days,Some Days,7
Never,Never,Never,Every Day,4
Never,Never,Never,Most Days,9
Never,Some Days,Some Days,Some Days,6
Never,Some Days,Never,Some Days,6
Never,Never,Some Days,Most Days,8
Some Days,Some Days,Some Days,Most Days,8
Never,Never,Some Days,Some Days,8
Every Day,Every Day,Never,Some Days,7
Never,Never,Never,Never,12
Never,Never,Never,Every Day,9
Never,Never,Never,Most Days,8
Every Day,Most Days,Most Days,Some Days,6
Never,Some Days,Never,Some Days,6
Some Days,Some Days,Some Days,Most Days,7
Never,Most Days,Most Days,Some Days,5
Never,Every Day,Never,Never,8
Never,Some Days,Most Days,Most Days,9
Never,Never,Never,Most Days,6
Never,Some Days,Some Days,Most Days,6
Most Days,Some Days,Some Days,Most Days,7
Never,Never,Never,Some Days,8
Never,Never,Never,Some Days,6
Never,Never,Some Days,Most Days,7
Never,Some Days,Never,Most Days,7
Never,Some Days,Some Days,Most Days,7
Never,Never,Most Days,Most Days,10
Never,Every Day,Every Day,Never,6
Never,Never,Never,Every Day,7
Every Day,Every Day,Never,Some Days,7
Never,Never,Never,Most Days,7
Never,Every Day,Every Day,Some Days,6
Some Days,Some Days,Some Days,Some Days,8
Never,Never,Never,Most Days,8
Never,Never,Never,Every Day,8
Never,Never,Never,Some Days,7
Some Days,Never,Some Days,Some Days,10
Never,Never,Never,Some Days,10
Most Days,Never,Some Days,Some Days,7
Never,Never,Never,Every Day,7
Never,Never,Never,Every Day,8
Most Days,Most Days,Every Day,Never,4
Some Days,Never,Never,Some Days,7
Never,Never,Never,Every Day,8
Every Day,Some Days,Never,Never,7
Never,Never,Never,Every Day,8
Never,Never,Never,Never,8
Every Day,Never,Never,Every Day,8
Never,Never,Never,Every Day,8
Some Days,Never,Some Days,Most Days,7
Never,Never,Never,Every Day,8
Never,Some Days,Every Day,Most Days,7
Some Days,Some Days,Some Days,Some Days,7
Never,Most Days,Some Days,Most Days,6
Never,Never,Some Days,Most Days,7
Never,Some Days,Some Days,Most Days,10
Never,Some Days,Some Days,Most Days,8
Never,Some Days,Never,Most Days,6
Never,Some Days,Never,Most Days,7
Never,Some Days,Some Days,Never,7
Never,Some Days,Never,Most Days,10
Never,Some Days,Never,Most Days,7
Some Days,Every Day,Most Days,Some Days,4
Some Days,Every Day,Most Days,Never,5
Never,Most Days,Some Days,Some Days,8
Every Day,Never,Some Days,Every Day,8
Never,Some Days,Most Days,Some Days,7
Never,Never,Never,Most Days,7
Never,Never,Some Days,Some Days,8
Never,Never,Never,Some Days,6
Never,Never,Never,Never,6
Some Days,Some Days,Some Days,Most Days,7
Never,Some Days,Some Days,Most Days,9
Never,Never,Some Days,Some Days,8
Never,Some Days,Some Days,Some Days,6
Never,Some Days,Some Days,Most Days,7
Never,Never,Never,Every Day,7
Never,Never,Never,Some Days,7
Never,Some Days,Some Days,Most Days,6
Never,Most Days,Never,Never,6
Never,Most Days,Some Days,Some Days,7
Never,Every Day,Some Days,Some Days,6
Never,Some Days,Some Days,Some Days,7
Never,Never,Never,Some Days,8
Never,Never,Some Days,Some Days,8
Never,Some Days,Never,Some Days,7
Never,Never,Never,Most Days,6
Never,Some Days,Never,Some Days,5
Every Day,Never,Every Day,Some Days,6
Never,Every Day,Some Days,Never,6
Never,Never,Never,Every Day,10
Never,Never,Never,Most Days,7
Never,Never,Never,Never,7
Most Days,Most Days,Most Days,Some Days,5
Never,Some Days,Never,Most Days,6
Never,Never,Never,Some Days,8
Never,Never,Never,Most Days,7
Never,Never,Never,Every Day,8
Never,Some Days,Some Days,Most Days,7
Never,Every Day,Every Day,Never,5
Never,Most Days,Some Days,Some Days,6
Never,Never,Never,Most Days,7
Never,Some Days,Some Days,Some Days,7
Never,Never,Never,Some Days,6
Some Days,Most Days,Never,Some Days,7
Never,Some Days,Some Days,Most Days,7
Every Day,Never,Never,Some Days,7
Never,Never,Never,Most Days,8
Never,Never,Never,Most Days,6
Never,Never,Never,Some Days,7
Never,Never,Some Days,Most Days,8
Never,Never,Never,Most Days,8
Never,Never,Never,Some Days,8
Every Day,Some Days,Some Days,Never,8
Never,Every Day,Some Days,Never,15
Never,Most Days,Some Days,Some Days,6
Never,Some Days,Some Days,Most Days,7
Never,Never,Never,Most Days,8
Never,Never,Some Days,Most Days,8
Every Day,Every Day,Every Day,Never,6
Never,Some Days,Some Days,Some Days,6
Some Days,Most Days,Most Days,Never,6
Every Day,Never,Some Days,Every Day,7
Never,Some Days,Never,Every Day,10
Never,Some Days,Some Days,Never,5
Never,Never,Never,Most Days,7
Some Days,Most Days,Most Days,Some Days,6
Some Days,Every Day,Never,Some Days,6
Some Days,Every Day,Most Days,Never,7
Every Day,Most Days,Never,Some Days,7
Some Days,Never,Never,Every Day,8
Every Day,Some Days,Some Days,Most Days,8
Never,Never,Never,Most Days,9
Every Day,Some Days,Never,Some Days,7
Never,Never,Never,Some Days,9
Never,Some Days,Some Days,Every Day,10
Every Day,Never,Never,Every Day,8
Never,Most Days,Most Days,Every Day,6
Never,Most Days,Never,Every Day,8
Every Day,Every Day,Every Day,Some Days,6
Never,Never,Never,Every Day,8
Never,Never,Never,Every Day,8
Some Days,Never,Never,Most Days,7
Never,Never,Some Days,Most Days,8
Never,Never,Never,Most Days,7
Never,Some Days,Some Days,Some Days,7
Never,Never,Never,Some Days,7
Never,Never,Never,Some Days,7
Every Day,Most Days,Most Days,Never,8
Never,Some Days,Some Days,Some Days,7
Never,Never,Never,Most Days,6
Never,Never,Never,Most Days,8
Every Day,Some Days,Some Days,Some Days,6
Every Day,Never,Every Day,Never,5
Never,Some Days,Some Days,Most Days,7
Never,Never,Never,Every Day,8
Never,Some Days,Some Days,Most Days,6
Never,Some Days,Some Days,Some Days,5
Never,Never,Never,Most Days,6
Never,Some Days,Never,Most Days,8
Never,Never,Never,Every Day,8
Never,Most Days,Most Days,Some Days,6
Some Days,Never,Some Days,Most Days,8
Never,Never,Most Days,Never,7
Some Days,Never,Some Days,Most Days,8
Every Day,Most Days,Some Days,Some Days,8
Never,Some Days,Some Days,Some Days,6
Most Days,Never,Never,Most Days,8
Never,Never,Some Days,Some Days,10
Most Days,Some Days,Some Days,Most Days,7
Never,Never,Never,Most Days,8
Never,Every Day,Never,Most Days,5
Most Days,Never,Most Days,Some Days,9
Never,Every Day,Never,Most Days,8
Never,Never,Some Days,Most Days,6
Never,Some Days,Never,Most Days,7
Every Day,Some Days,Every Day,Some Days,6
Some Days,Some Days,Some Days,Most Days,8
Never,Never,Never,Every Day,7
Never,Never,Most Days,Most Days,6
Never,Most Days,Some Days,Some Days,5
Never,Never,Never,Every Day,8
Never,Some Days,Never,Most Days,6
Never,Some Days,Some Days,Some Days,6
Every Day,Every Day,Never,Never,4
Never,Every Day,Some Days,Most Days,7
Never,Some Days,Most Days,Some Days,5
Never,Some Days,Some Days,Most Days,8
Never,Some Days,Some Days,Some Days,7
Never,Every Day,Some Days,Most Days,7
Never,Some Days,Some Days,Most Days,8
Never,Some Days,Some Days,Most Days,8
Never,Never,Never,Most Days,9
Never,Every Day,Some Days,Some Days,7
Never,Never,Some Days,Most Days,8
Every Day,Never,Never,Every Day,10
Never,Never,Never,Most Days,7
Never,Some Days,Some Days,Every Day,8
Never,Never,Never,Most Days,7
Most Days,Some Days,Most Days,Most Days,7
Never,Some Days,Some Days,Most Days,7
Never,Never,Never,Some Days,8
Never,Never,Some Days,Most Days,7
Never,Every Day,Never,Never,5
Never,Never,Never,Most Days,8
Never,Most Days,Most Days,Some Days,8
Never,Never,Never,Every Day,9
Some Days,Some Days,Some Days,Some Days,8
Every Day,Never,Never,Most Days,8
Never,Never,Every Day,Most Days,3
Never,Some Days,Some Days,Most Days,7
Never,Some Days,Most Days,Most Days,8
Never,Some Days,Some Days,Some Days,7
Most Days,Some Days,Some Days,Some Days,7
Never,Some Days,Never,Most Days,8
Never,Never,Never,Never,6
Never,Some Days,Never,Some Days,7
Never,Most Days,Some Days,Some Days,7
Never,Some Days,Never,Never,6
Never,Every Day,Every Day,Never,5
Never,Never,Never,Most Days,8
Never,Some Days,Never,Every Day,10
Never,Never,Some Days,Every Day,8
Never,Most Days,Never,Most Days,6
Never,Every Day,Every Day,Never,5
Some Days,Some Days,Some Days,Most Days,6
Never,Some Days,Never,Every Day,7
Some Days,Every Day,Most Days,Some Days,6
Never,Some Days,Never,Some Days,8
Never,Some Days,Some Days,Some Days,7
Never,Never,Never,Most Days,8
Never,Most Days,Never,Never,6
Never,Most Days,Never,Some Days,6
Every Day,Never,Some Days,Most Days,8
Never,Some Days,Some Days,Most Days,8
Every Day,Some Days,Some Days,Most Days,8
Never,Never,Never,Most Days,8
Never,Never,Some Days,Never,6
Never,Never,Never,Most Days,8
Never,Never,Never,Some Days,6
Never,Never,Never,Every Day,8
Most Days,Never,Most Days,Most Days,8
Never,Never,Never,Most Days,8
Some Days,Some Days,Some Days,Some Days,8
Never,Some Days,Never,Most Days,8
Never,Some Days,Some Days,Some Days,7
Some Days,Some Days,Some Days,Never,5
Never,Some Days,Some Days,Some Days,6
Never,Some Days,Some Days,Most Days,7
Never,Some Days,Never,Most Days,7
Never,Never,Never,Most Days,6
Some Days,Some Days,Some Days,Some Days,8
Every Day,Most Days,Most Days,Some Days,6
Some Days,Never,Some Days,Most Days,6
Never,Some Days,Some Days,Some Days,7
Never,Some Days,Some Days,Never,7
Never,Never,Never,Most Days,8
Never,Never,Never,Most Days,7
Never,Some Days,Never,Every Day,8
Never,Some Days,Never,Most Days,7
Never,Some Days,Never,Some Days,6
Never,Never,Some Days,Some Days,6
Never,Never,Never,Most Days,5
Never,Some Days,Some Days,Most Days,8
Never,Most Days,Most Days,Every Day,10
Never,Never,Never,Every Day,8
Never,Never,Never,Most Days,7
Some Days,Every Day,Every Day,Some Days,6
Never,Some Days,Never,Some Days,10
Never,Some Days,Some Days,Most Days,7
Never,Some Days,Some Days,Some Days,6
Never,Never,Never,Most Days,7
Never,Never,Never,Most Days,7
Never,Never,Never,Every Day,6
Every Day,Some Days,Some Days,Most Days,7
Never,Never,Some Days,Most Days,7
Never,Never,Never,Most Days,7
Never,Some Days,Never,Most Days,6
Every Day,Most Days,Most Days,Never,5
Never,Never,Never,Never,7
Never,Never,Never,Most Days,7
Every Day,Most Days,Some Days,Never,6
Never,Some Days,Some Days,Some Days,5
Never,Never,Some Days,Every Day,5
Never,Never,Never,Every Day,8
Never,Never,Some Days,Every Day,7
Never,Some Days,Some Days,Every Day,8
Never,Some Days,Never,Most Days,7
Never,Most Days,Most Days,Never,8
Never,Some Days,Some Days,Some Days,6
Every Day,Never,Some Days,Some Days,10
Never,Some Days,Some Days,Some Days,8
Never,Some Days,Some Days,Some Days,6
Some Days,Never,Some Days,Some Days,5
Never,Some Days,Never,Every Day,8
Never,Never,Never,Some Days,8
Some Days,Every Day,Every Day,Never,6
Some Days,Some Days,Some Days,Some Days,8
Never,Some Days,Never,Some Days,9
Never,Most Days,Never,Every Day,8
Every Day,Never,Some Days,Some Days,8
Never,Some Days,Some Days,Most Days,6
Never,Never,Never,Most Days,8
Never,Never,Never,Never,8
Never,Some Days,Some Days,Some Days,6
Never,Some Days,Some Days,Most Days,7
Some Days,Never,Some Days,Most Days,6
Never,Some Days,Some Days,Most Days,5
Never,Never,Never,Every Day,9
Never,Some Days,Never,Most Days,8
Never,Never,Never,Every Day,8
Never,Most Days,Most Days,Most Days,6
Never,Some Days,Never,Most Days,6
Never,Never,Never,Some Days,6
Some Days,Most Days,Some Days,Most Days,7
Most Days,Some Days,Never,Some Days,10
Never,Never,Never,Some Days,7
Never,Never,Some Days,Most Days,6
Never,Never,Never,Some Days,7
Never,Some Days,Some Days,Some Days,7
Never,Every Day,Never,Every Day,7
Never,Never,Never,Most Days,6
Never,Some Days,Some Days,Most Days,10
Never,Never,Never,Every Day,7
Never,Never,Never,Most Days,7
Never,Some Days,Some Days,Most Days,9
Never,Never,Never,Never,8
Never,Never,Never,Most Days,7
Never,Most Days,Never,Some Days,5
Some Days,Some Days,Never,Some Days,6
Never,Some Days,Never,Most Days,7
Never,Some Days,Some Days,Some Days,4
Never,Some Days,Some Days,Most Days,8
Never,Some Days,Most Days,Some Days,10
Never,Never,Every Day,Every Day,9
Never,Some Days,Some Days,Some Days,6
Never,Some Days,Some Days,Most Days,7
Every Day,Never,Some Days,Most Days,7
Never,Some Days,Never,Most Days,8
Never,Most Days,Never,Never,8
Never,Never,Some Days,Most Days,8
Never,Some Days,Some Days,Most Days,8
Every Day,Some Days,Some Days,Some Days,7
Every Day,Some Days,Some Days,Never,6
Never,Never,Never,Some Days,5
Never,Never,Never,Some Days,8
Never,Never,Some Days,Some Days,7
Never,Never,Never,Some Days,8
Never,Never,Never,Some Days,9
Every Day,Every Day,Every Day,Some Days,6
Never,Every Day,Some Days,Never,2
Never,Never,Never,Most Days,8
Some Days,Most Days,Never,Most Days,7
Every Day,Most Days,Some Days,Most Days,8
Some Days,Most Days,Most Days,Some Days,5
Never,Never,Never,Every Day,6
Every Day,Never,Some Days,Some Days,8
Every Day,Never,Never,Never,8
Never,Some Days,Some Days,Never,7
Never,Never,Never,Some Days,8
Most Days,Most Days,Never,Some Days,16
Never,Some Days,Some Days,Most Days,9
Never,Every Day,Never,Most Days,7
Never,Never,Never,Most Days,10
Never,Some Days,Never,Most Days,8
Never,Every Day,Every Day,Some Days,7
Never,Never,Never,Every Day,10
Never,Never,Never,Most Days,7
Never,Never,Never,Most Days,8
Never,Most Days,Most Days,Most Days,7
Never,Never,Some Days,Most Days,8
Never,Some Days,Never,Most Days,7
Never,Some Days,Never,Some Days,5
Never,Most Days,Some Days,Most Days,7
Never,Some Days,Some Days,Some Days,8
Never,Some Days,Some Days,Some Days,6
Some Days,Some Days,Some Days,Some Days,8
Never,Never,Never,Most Days,8
Some Days,Some Days,Some Days,Some Days,7
Never,Some Days,Never,Some Days,7
Never,Some Days,Some Days,Most Days,8
Never,Never,Some Days,Some Days,5
Never,Most Days,Some Days,Every Day,7
Never,Some Days,Never,Most Days,8
Never,Some Days,Some Days,Never,7
Some Days,Some Days,Some Days,Most Days,8
Never,Never,Some Days,Never,9
Never,Never,Every Day,Never,6
Never,Never,Some Days,Every Day,7
Some Days,Most Days,Some Days,Some Days,8
Never,Every Day,Never,Every Day,8
Never,Never,Most Days,Some Days,7
Never,Some Days,Never,Most Days,7
Never,Never,Some Days,Some Days,7
Never,Never,Never,Some Days,4
Some Days,Some Days,Some Days,Most Days,7
Every Day,Never,Every Day,Never,6
Never,Never,Never,Most Days,8
Never,Every Day,Every Day,Every Day,7
Never,Never,Never,Most Days,7
Every Day,Most Days,Most Days,Most Days,7
Never,Never,Never,Most Days,7
Some Days,Some Days,Some Days,Most Days,8
Every Day,Some Days,Some Days,Most Days,8
Some Days,Most Days,Most Days,Some Days,3
Never,Some Days,Never,Most Days,8
Never,Never,Some Days,Some Days,7
Never,Some Days,Some Days,Most Days,7
Never,Most Days,Never,Never,6
Never,Every Day,Every Day,Some Days,3
Never,Never,Most Days,Most Days,6
Never,Never,Never,Most Days,8
Never,Some Days,Never,Some Days,6
Never,Never,Never,Some Days,7
Never,Never,Some Days,Some Days,7
Never,Never,Never,Most Days,8
Never,Some Days,Some Days,Some Days,8
Never,Never,Never,Most Days,8
Never,Never,Never,Most Days,6
Some Days,Never,Some Days,Every Day,6
Never,Never,Never,Some Days,5
Some Days,Some Days,Most Days,Some Days,6
Never,Never,Never,Never,7
Never,Never,Never,Some Days,6
Never,Never,Never,Most Days,8
Most Days,Every Day,Every Day,Some Days,6
Never,Some Days,Some Days,Most Days,8
Never,Never,Never,Every Day,8
Never,Some Days,Some Days,Some Days,8
Never,Never,Never,Every Day,8
Never,Never,Some Days,Most Days,7
Never,Never,Never,Some Days,7
Every Day,Some Days,Some Days,Some Days,5
Never,Some Days,Some Days,Most Days,8
Never,Every Day,Every Day,Never,5
Never,Never,Never,Never,8
Never,Most Days,Some Days,Most Days,7
Never,Most Days,Never,Never,7
Never,Never,Never,Most Days,7
Never,Never,Never,Most Days,9
Never,Never,Never,Never,8
Some Days,Some Days,Some Days,Every Day,8
Never,Never,Never,Every Day,9
Never,Never,Never,Most Days,8
Never,Never,Never,Every Day,10
Never,Some Days,Some Days,Most Days,6
Never,Never,Never,Every Day,7
Never,Never,Never,Every Day,8
Some Days,Some Days,Some Days,Some Days,5
Never,Some Days,Some Days,Some Days,7
Never,Never,Some Days,Some Days,8
Never,Some Days,Some Days,Most Days,8
Never,Some Days,Most Days,Most Days,7
Never,Never,Never,Never,7
Never,Never,Never,Most Days,6
Never,Most Days,Most Days,Most Days,3
Never,Never,Never,Every Day,8
Never,Never,Never,Most Days,8
Most Days,Some Days,Most Days,Some Days,8
Never,Some Days,Some Days,Most Days,8
Never,Some Days,Some Days,Some Days,6
Never,Some Days,Some Days,Every Day,7
Never,Never,Never,Most Days,8
Never,Some Days,Some Days,Some Days,8
Never,Never,Never,Every Day,7
Never,Every Day,Every Day,Some Days,2
Never,Never,Never,Every Day,8
Never,Some Days,Some Days,Some Days,12
Never,Some Days,Some Days,Most Days,7
Never,Some Days,Some Days,Some Days,6
Some Days,Some Days,Some Days,Most Days,8
Never,Some Days,Some Days,Most Days,7
Never,Never,Never,Some Days,6
Never,Most Days,Most Days,Never,5
Never,Never,Never,Every Day,5
Never,Never,Some Days,Most Days,6
Never,Some Days,Never,Most Days,8
Never,Never,Some Days,Most Days,8
Never,Some Days,Some Days,Most Days,6
Never,Some Days,Some Days,Some Days,7
Never,Some Days,Some Days,Some Days,4
Every Day,Some Days,Never,Some Days,8
Never,Most Days,Most Days,Some Days,6
Never,Never,Never,Every Day,10
Some Days,Most Days,Some Days,Some Days,7
Never,Some Days,Some Days,Most Days,8
Every Day,Never,Some Days,Some Days,7
Never,Never,Some Days,Every Day,8
Never,Never,Never,Every Day,8
Never,Every Day,Most Days,Some Days,6
Never,Never,Never,Some Days,8
Never,Never,Never,Every Day,8
Never,Never,Never,Most Days,8
Never,Never,Never,Most Days,7
Some Days,Every Day,Some Days,Some Days,5
Never,Never,Never,Every Day,8
Never,Never,Never,Never,6
Never,Some Days,Never,Most Days,8
Never,Never,Never,Most Days,8
Never,Never,Some Days,Never,8
Never,Some Days,Some Days,Never,8
Every Day,Every Day,Every Day,Most Days,2
Most Days,Some Days,Never,Every Day,8
Never,Never,Never,Never,8
Never,Every Day,Every Day,Never,4
Never,Never,Never,Never,5
Never,Never,Some Days,Most Days,10
Never,Some Days,Some Days,Some Days,6
Never,Most Days,Most Days,Some Days,5
Never,Every Day,Some Days,Some Days,4
Never,Never,Never,Most Days,8
Never,Most Days,Never,Never,7
Never,Most Days,Never,Some Days,6
Some Days,Every Day,Some Days,Some Days,10
Never,Every Day,Some Days,Never,5
Never,Every Day,Every Day,Never,3
Some Days,Some Days,Never,Every Day,8
Some Days,Every Day,Every Day,Some Days,13
Never,Never,Some Days,Some Days,8
Never,Most Days,Some Days,Every Day,10
Every Day,Never,Never,Most Days,7
Some Days,Some Days,Some Days,Most Days,7
Never,Never,Some Days,Most Days,8
Never,Never,Never,Every Day,8
Never,Some Days,Never,Some Days,9
Never,Some Days,Some Days,Some Days,8
Never,Never,Never,Most Days,8
Never,Never,Never,Every Day,8
Never,Never,Most Days,Most Days,5
Never,Every Day,Never,Some Days,6
Never,Some Days,Some Days,Some Days,7
Never,Some Days,Never,Some Days,7
Never,Never,Never,Every Day,7
Never,Never,Never,Most Days,6
Never,Some Days,Never,Never,5
Never,Some Days,Some Days,Most Days,6
Never,Never,Never,Most Days,7
Never,Never,Never,Most Days,7
Some Days,Every Day,Every Day,Never,6
Never,Some Days,Never,Most Days,6
Never,Never,Never,Most Days,7
Some Days,Never,Some Days,Some Days,8
Every Day,Some Days,Most Days,Some Days,7
Never,Some Days,Every Day,Some Days,6
Some Days,Some Days,Some Days,Some Days,6
Some Days,Most Days,Some Days,Most Days,8
Never,Never,Never,Some Days,7
Never,Never,Never,Most Days,7
Never,Some Days,Some Days,Most Days,8
Never,Never,Never,Most Days,8
Never,Some Days,Some Days,Most Days,6
Never,Never,Never,Most Days,5
Never,Never,Never,Every Day,6
Never,Every Day,Some Days,Some Days,6
Never,Most Days,Some Days,Some Days,6
Never,Never,Every Day,Never,2
Never,Never,Never,Most Days,7
Never,Never,Some Days,Most Days,7
Some Days,Some Days,Some Days,Some Days,7
Never,Some Days,Never,Most Days,8
Never,Some Days,Never,Most Days,7
Some Days,Every Day,Every Day,Never,5
Never,Most Days,Never,Some Days,8
Some Days,Some Days,Never,Most Days,8
Never,Some Days,Never,Most Days,9
Never,Never,Never,Most Days,7
Never,Some Days,Some Days,Most Days,8
Never,Some Days,Some Days,Some Days,7
Never,Every Day,Every Day,Some Days,3
Never,Never,Never,Never,8
Never,Never,Never,Every Day,8
Never,Some Days,Some Days,Most Days,8
Never,Some Days,Some Days,Never,7
Never,Never,Never,Some Days,5
Never,Never,Never,Every Day,8
Never,Never,Never,Most Days,7
Never,Some Days,Some Days,Most Days,8
Never,Never,Never,Every Day,8
Never,Never,Never,Some Days,7
Never,Some Days,Most Days,Never,6
Every Day,Every Day,Every Day,Some Days,5
Never,Some Days,Some Days,Most Days,9
Never,Never,Never,Every Day,8
Never,Never,Never,Most Days,7
Never,Some Days,Some Days,Most Days,7
Never,Never,Never,Most Days,7
Never,Most Days,Never,Never,6
Never,Never,Never,Some Days,7
Never,Never,Some Days,Most Days,7
Every Day,Every Day,Never,Never,4
Never,Never,Never,Most Days,7
Never,Most Days,Most Days,Some Days,5
Some Days,Never,Most Days,Some Days,6
Never,Never,Some Days,Most Days,7
Never,Never,Never,Most Days,7
Never,Never,Never,Most Days,7
Some Days,Some Days,Some Days,Some Days,6
Some Days,Never,Never,Most Days,5
Never,Most Days,Some Days,Some Days,6
Every Day,Never,Never,Every Day,8
Never,Some Days,Never,Most Days,8
Never,Most Days,Most Days,Some Days,4
Never,Most Days,Some Days,Most Days,3
Never,Every Day,Never,Never,8
Every Day,Every Day,Never,Most Days,7
Never,Most Days,Never,Never,6
Never,Some Days,Some Days,Most Days,9
Every Day,Some Days,Some Days,Some Days,8
Never,Some Days,Some Days,Some Days,6
Never,Some Days,Some Days,Some Days,6
Every Day,Never,Most Days,Some Days,7
Every Day,Some Days,Some Days,Some Days,8
Never,Never,Never,Every Day,7
Every Day,Most Days,Most Days,Some Days,5
Never,Never,Never,Most Days,8
Never,Never,Some Days,Most Days,7
Never,Most Days,Every Day,Never,5
Some Days,Some Days,Some Days,Most Days,8
Never,Some Days,Some Days,Most Days,6
Some Days,Most Days,Never,Never,5
Every Day,Most Days,Most Days,Some Days,6
Never,Never,Never,Most Days,7
Never,Never,Never,Every Day,7
Never,Never,Never,Most Days,8
Never,Never,Never,Some Days,6
Never,Never,Never,Most Days,6
Never,Some Days,Never,Most Days,6
Some Days,Some Days,Most Days,Some Days,6
Never,Never,Some Days,Most Days,8
Never,Some Days,Some Days,Some Days,6
Never,Some Days,Some Days,Most Days,8
Never,Every Day,Every Day,Never,6
Never,Some Days,Never,Most Days,7
Some Days,Some Days,Some Days,Most Days,6
Never,Never,Never,Every Day,8
Never,Never,Some Days,Every Day,9
Some Days,Some Days,Some Days,Some Days,7
Never,Never,Some Days,Some Days,6
Never,Some Days,Never,Never,7
Some Days,Never,Most Days,Some Days,8
Never,Some Days,Never,Some Days,7
Every Day,Never,Some Days,Every Day,9
Never,Never,Some Days,Most Days,8
Never,Never,Some Days,Some Days,6
Never,Never,Never,Most Days,8
Never,Never,Some Days,Some Days,7
Never,Some Days,Some Days,Most Days,8
Never,Some Days,Some Days,Most Days,7
Never,Some Days,Never,Most Days,8
Some Days,Most Days,Some Days,Most Days,7
Never,Never,Never,Every Day,8
Never,Never,Some Days,Most Days,8
Some Days,Never,Some Days,Most Days,7
Never,Never,Never,Every Day,8
Every Day,Some Days,Some Days,Most Days,8
Never,Every Day,Most Days,Never,4
Never,Some Days,Some Days,Every Day,8
Never,Some Days,Never,Most Days,8
Never,Some Days,Never,Most Days,7
Some Days,Never,Never,Every Day,10
Never,Never,Never,Some Days,6
Some Days,Never,Some Days,Most Days,6
Never,Never,Never,Some Days,16
Every Day,Some Days,Some Days,Some Days,7
Never,Never,Never,Most Days,8
Never,Never,Never,Never,6
Never,Some Days,Some Days,Most Days,8
Every Day,Every Day,Never,Never,7
Never,Every Day,Most Days,Some Days,8
Never,Never,Never,Some Days,6
Some Days,Most Days,Most Days,Most Days,7
Some Days,Some Days,Never,Some Days,8
Every Day,Never,Some Days,Never,9
Never,Never,Never,Every Day,8
Never,Some Days,Some Days,Most Days,8
Never,Never,Never,Some Days,9
Never,Some Days,Some Days,Some Days,8
Never,Never,Some Days,Some Days,7
Never,Never,Some Days,Never,7
Never,Every Day,Every Day,Every Day,6
Never,Most Days,Some Days,Some Days,5
Never,Most Days,Never,Most Days,8
Never,Every Day,Every Day,Some Days,6
Every Day,Every Day,Some Days,Never,9
Never,Every Day,Most Days,Some Days,6
Never,Every Day,Never,Some Days,4
Never,Never,Never,Every Day,8
Never,Some Days,Some Days,Most Days,8
Never,Some Days,Never,Some Days,7
Never,Never,Some Days,Most Days,7
Never,Never,Some Days,Most Days,8
Never,Some Days,Some Days,Some Days,8
Never,Never,Never,Most Days,7
Never,Some Days,Some Days,Every Day,8
Never,Most Days,Never,Some Days,6
Never,Some Days,Some Days,Some Days,6
Never,Never,Never,Most Days,7
Never,Never,Never,Every Day,9
Some Days,Most Days,Every Day,Never,5
Never,Some Days,Some Days,Never,7
Never,Some Days,Some Days,Some Days,9
Never,Never,Never,Most Days,5
Never,Never,Never,Most Days,7
Never,Never,Never,Most Days,8
Never,Some Days,Some Days,Most Days,7
Never,Some Days,Never,Most Days,7
Never,Never,Some Days,Some Days,8
Never,Some Days,Some Days,Most Days,7
Never,Some Days,Some Days,Some Days,9
Every Day,Some Days,Some Days,Some Days,6
Never,Never,Some Days,Most Days,6
Some Days,Some Days,Most Days,Some Days,5
Never,Never,Never,Every Day,9
Never,Some Days,Some Days,Some Days,7
Never,Some Days,Never,Some Days,11
Never,Some Days,Some Days,Some Days,7
Never,Some Days,Never,Most Days,8
Some Days,Some Days,Some Days,Some Days,9
Never,Every Day,Never,Most Days,8
Never,Never,Every Day,Most Days,6
Most Days,Most Days,Most Days,Some Days,6
Never,Most Days,Some Days,Most Days,8
Never,Most Days,Some Days,Most Days,7
Never,Some Days,Never,Most Days,8
Never,Some Days,Some Days,Most Days,8
Every Day,Every Day,Some Days,Never,4
Never,Every Day,Never,Most Days,12
Never,Never,Never,Most Days,6
Never,Some Days,Never,Every Day,8
Every Day,Some Days,Every Day,Most Days,6
Never,Never,Never,Every Day,8
Never,Never,Never,Most Days,9
Never,Never,Some Days,Some Days,6
Never,Some Days,Never,Most Days,8
Some Days,Most Days,Most Days,Most Days,7
Never,Never,Never,Most Days,7
Never,Every Day,Every Day,Most Days,4
Never,Never,Never,Most Days,7
Never,Most Days,Most Days,Most Days,6
Never,Most Days,Never,Every Day,7
Never,Never,Never,Every Day,5
Never,Never,Never,Every Day,7
Never,Never,Never,Most Days,8
Never,Never,Never,Every Day,7
Never,Some Days,Some Days,Most Days,6
Some Days,Most Days,Never,Most Days,7
Never,Never,Every Day,Some Days,2
Never,Never,Never,Every Day,6
Every Day,Never,Never,Most Days,8
Never,Most Days,Some Days,Every Day,8
Never,Never,Every Day,Some Days,8
Never,Every Day,Never,Every Day,6
Never,Never,Never,Most Days,6
Never,Never,Never,Most Days,8
Every Day,Most Days,Most Days,Some Days,6
Some Days,Never,Most Days,Some Days,5
Every Day,Every Day,Some Days,Never,5
Never,Some Days,Never,Most Days,6
Never,Never,Never,Most Days,6
Never,Some Days,Some Days,Some Days,6
Never,Never,Never,Most Days,7
Never,Never,Never,Most Days,8
Never,Some Days,Some Days,Most Days,8
Never,Most Days,Never,Never,7
Never,Never,Never,Most Days,7
Never,Some Days,Never,Most Days,8
Some Days,Some Days,Every Day,Some Days,6
Every Day,Some Days,Some Days,Never,9
Never,Never,Never,Some Days,7
Never,Never,Never,Some Days,5
Never,Never,Some Days,Most Days,7
Never,Some Days,Some Days,Every Day,9
Never,Some Days,Some Days,Most Days,7
Never,Never,Never,Most Days,6
Never,Every Day,Every Day,Some Days,6
Some Days,Every Day,Some Days,Some Days,6
Never,Never,Never,Most Days,8
Never,Some Days,Never,Every Day,7
Most Days,Some Days,Some Days,Never,8
Some Days,Some Days,Some Days,Most Days,7
Never,Some Days,Never,Some Days,7
Never,Every Day,Some Days,Never,7
Never,Some Days,Most Days,Never,6
Never,Every Day,Never,Most Days,7
Never,Some Days,Never,Never,7
Some Days,Most Days,Never,Some Days,6
Never,Never,Never,Most Days,10
Never,Never,Some Days,Some Days,6
Never,Never,Never,Every Day,6
Every Day,Never,Never,Some Days,6
Never,Never,Never,Most Days,8
Never,Never,Never,Most Days,8
Never,Never,Never,Most Days,9
Never,Some Days,Some Days,Some Days,8
Never,Never,Some Days,Some Days,8
Never,Never,Some Days,Most Days,8
Never,Most Days,Some Days,Some Days,7
Some Days,Some Days,Some Days,Some Days,8
Never,Never,Never,Every Day,8
Every Day,Every Day,Some Days,Never,3
Never,Never,Never,Most Days,8
Never,Some Days,Never,Most Days,7
Never,Never,Never,Most Days,7
Never,Never,Never,Never,7
Never,Never,Never,Most Days,6
Never,Some Days,Never,Most Days,7
Some Days,Most Days,Some Days,Some Days,7
Never,Never,Never,Most Days,7
Some Days,Some Days,Never,Most Days,6
Never,Every Day,Never,Most Days,7
Never,Most Days,Never,Every Day,7
Some Days,Never,Some Days,Every Day,8
Never,Never,Some Days,Some Days,8
Every Day,Never,Some Days,Every Day,7
Never,Some Days,Some Days,Some Days,7
Never,Most Days,Most Days,Some Days,3
Some Days,Never,Never,Every Day,4
Never,Never,Never,Most Days,10
Never,Most Days,Some Days,Some Days,7
Never,Every Day,Never,Most Days,9
Never,Most Days,Some Days,Some Days,7
Never,Never,Never,Most Days,8
Never,Never,Some Days,Most Days,10
Never,Most Days,Some Days,Some Days,4
Never,Never,Never,Every Day,7
Never,Never,Never,Every Day,7
Never,Never,Some Days,Most Days,6
Never,Some Days,Never,Most Days,7
Never,Some Days,Some Days,Some Days,7
Never,Never,Never,Most Days,7
Never,Never,Never,Every Day,7
Every Day,Every Day,Every Day,Never,6
Never,Every Day,Most Days,Some Days,5
Some Days,Some Days,Never,Every Day,10
Never,Never,Some Days,Most Days,7
Never,Some Days,Some Days,Some Days,9
Never,Some Days,Some Days,Some Days,7
Never,Some Days,Never,Most Days,8
Never,Some Days,Some Days,Most Days,7
Never,Never,Never,Some Days,7
Never,Never,Never,Most Days,8
Never,Some Days,Some Days,Some Days,6
Never,Some Days,Never,Most Days,8
Never,Every Day,Never,Never,7
Never,Never,Never,Every Day,8
Never,Most Days,Some Days,Some Days,7
Never,Most Days,Never,Some Days,7
Never,Never,Never,Some Days,7
Every Day,Every Day,Every Day,Never,5
Never,Never,Never,Never,8
Never,Never,Some Days,Most Days,7
Never,Never,Never,Every Day,8
Never,Never,Never,Most Days,8
Every Day,Most Days,Never,Never,7
Never,Some Days,Never,Most Days,6
Never,Never,Some Days,Some Days,8
Never,Never,Some Days,Most Days,8
Never,Some Days,Never,Some Days,8
Never,Some Days,Never,Some Days,6
Never,Never,Never,Every Day,12
Never,Never,Some Days,Some Days,6
Never,Never,Never,Most Days,6
Never,Some Days,Some Days,Most Days,10
Never,Never,Never,Some Days,6
Every Day,Some Days,Some Days,Every Day,7
Never,Some Days,Never,Every Day,8
Never,Never,Some Days,Some Days,6
Most Days,Every Day,Never,Most Days,8
Never,Never,Never,Some Days,9
Never,Some Days,Never,Never,6
Never,Never,Some Days,Most Days,8
Most Days,Most Days,Most Days,Some Days,6
Never,Some Days,Never,Most Days,8
Never,Some Days,Some Days,Some Days,8
Never,Never,Some Days,Most Days,11
Never,Most Days,Some Days,Some Days,8
Never,Some Days,Some Days,Some Days,7
Never,Some Days,Some Days,Most Days,8
Most Days,Some Days,Never,Never,5
Never,Some Days,Never,Some Days,8
Never,Never,Never,Most Days,7
Some Days,Never,Some Days,Most Days,8
Never,Never,Some Days,Most Days,7
Never,Most Days,Never,Some Days,6
Never,Never,Never,Every Day,8
Never,Some Days,Never,Never,6
Never,Never,Never,Most Days,9
Never,Some Days,Some Days,Never,14
Most Days,Some Days,Some Days,Most Days,8
Never,Never,Never,Most Days,6
Every Day,Never,Never,Every Day,8
Never,Some Days,Some Days,Most Days,7
Never,Never,Never,Most Days,8
Never,Never,Some Days,Most Days,7
Never,Some Days,Never,Some Days,7
Never,Never,Some Days,Most Days,12
Never,Never,Every Day,Most Days,8
Never,Never,Never,Every Day,8
Never,Some Days,Some Days,Most Days,6
Never,Some Days,Some Days,Most Days,7
Never,Never,Most Days,Some Days,8
Never,Most Days,Most Days,Some Days,7
Never,Some Days,Never,Some Days,14
Never,Some Days,Some Days,Most Days,8
Never,Never,Never,Most Days,6
Never,Every Day,Some Days,Most Days,8
Some Days,Never,Some Days,Never,8
Every Day,Never,Some Days,Most Days,8
Most Days,Never,Every Day,Some Days,6
Never,Never,Some Days,Most Days,8
Never,Never,Never,Every Day,10
Some Days,Never,Never,Some Days,8
Never,Some Days,Never,Most Days,7
Some Days,Never,Some Days,Most Days,8
Never,Never,Never,Some Days,8
Most Days,Some Days,Some Days,Some Days,8
Never,Never,Some Days,Never,5
Most Days,Most Days,Most Days,Some Days,5
Never,Most Days,Most Days,Never,7
Never,Every Day,Every Day,Most Days,7
Most Days,Every Day,Every Day,Never,6
Never,Every Day,Most Days,Some Days,6
Never,Every Day,Every Day,Never,5
Never,Every Day,Every Day,Some Days,6
Every Day,Most Days,Most Days,Some Days,6
Never,Never,Never,Every Day,9
Never,Never,Never,Most Days,7
Never,Never,Every Day,Never,4
Never,Every Day,Every Day,Never,4
Never,Never,Never,Every Day,12
Never,Never,Never,Most Days,24
Never,Never,Never,Most Days,6
Never,Most Days,Every Day,Never,5
Never,Most Days,Some Days,Most Days,7
Some Days,Never,Never,Most Days,5
Never,Never,Never,Most Days,7
Some Days,Most Days,Never,Most Days,8
Never,Some Days,Never,Most Days,9
Never,Some Days,Never,Some Days,12
Never,Never,Never,Some Days,8
Never,Never,Never,Every Day,7
Every Day,Most Days,Most Days,Some Days,4
Some Days,Never,Never,Every Day,7
Never,Never,Never,Never,7
Never,Never,Never,Every Day,9
Never,Most Days,Some Days,Most Days,10
Some Days,Never,Some Days,Some Days,7
Never,Never,Some Days,Most Days,6
Never,Never,Never,Some Days,5
Never,Never,Some Days,Never,8
Never,Every Day,Every Day,Every Day,5
Never,Never,Never,Some Days,6
Never,Never,Never,Some Days,8
Never,Every Day,Every Day,Most Days,3
Never,Most Days,Most Days,Some Days,8
Every Day,Never,Never,Every Day,11
Some Days,Every Day,Every Day,Never,6
Never,Every Day,Every Day,Some Days,6
Never,Never,Never,Most Days,7
Never,Every Day,Every Day,Never,4
Never,Never,Some Days,Every Day,6
Never,Some Days,Some Days,Most Days,6
Every Day,Some Days,Never,Most Days,8
Never,Never,Some Days,Some Days,8
Some Days,Some Days,Some Days,Every Day,7
Some Days,Never,Some Days,Some Days,8
Never,Never,Never,Some Days,7
Never,Every Day,Some Days,Some Days,6
Never,Never,Never,Most Days,6
Never,Never,Never,Some Days,6
Never,Some Days,Some Days,Some Days,8
Never,Some Days,Never,Most Days,8
Never,Never,Never,Most Days,6
Never,Never,Never,Every Day,8
Never,Never,Never,Every Day,8
Never,Never,Never,Every Day,10
Some Days,Never,Never,Some Days,8
Never,Never,Some Days,Most Days,7
Never,Never,Never,Most Days,8
Never,Never,Never,Every Day,7
Never,Never,Never,Most Days,8
Some Days,Never,Never,Most Days,10
Never,Most Days,Never,Some Days,8
Never,Every Day,Every Day,Never,3
Never,Never,Some Days,Some Days,7
Never,Never,Never,Every Day,7
Every Day,Some Days,Every Day,Every Day,6
Never,Some Days,Never,Every Day,6
Never,Never,Never,Most Days,8
Never,Most Days,Never,Most Days,8
Never,Some Days,Some Days,Some Days,5
Never,Most Days,Some Days,Some Days,7
Never,Most Days,Some Days,Some Days,4
Never,Some Days,Some Days,Every Day,10
Every Day,Some Days,Never,Most Days,6
Never,Never,Never,Every Day,7
Never,Most Days,Some Days,Most Days,7
Never,Never,Never,Some Days,7
Never,Some Days,Some Days,Most Days,6
Never,Some Days,Some Days,Most Days,8
Never,Never,Never,Most Days,7
Never,Never,Never,Most Days,8
Never,Some Days,Never,Never,7
Never,Never,Never,Some Days,6
Some Days,Most Days,Some Days,Some Days,9
Never,Never,Never,Every Day,6
Never,Never,Never,Some Days,6
Most Days,Most Days,Most Days,Most Days,7
Never,Never,Never,Never,7
Some Days,Most Days,Some Days,Some Days,6
Some Days,Every Day,Never,Every Day,7
Never,Never,Never,Every Day,8
Never,Some Days,Some Days,Most Days,8
Never,Most Days,Some Days,Some Days,6
Never,Most Days,Most Days,Every Day,5
Never,Never,Never,Most Days,7
Never,Most Days,Some Days,Some Days,7
Never,Never,Most Days,Most Days,6
Never,Most Days,Some Days,Some Days,6
Never,Never,Never,Most Days,5
Never,Never,Never,Every Day,7
Never,Never,Never,Most Days,7
Some Days,Some Days,Some Days,Never,6
Every Day,Some Days,Most Days,Most Days,6
Never,Never,Some Days,Some Days,6
Never,Every Day,Every Day,Never,5
Some Days,Some Days,Some Days,Every Day,7
Never,Never,Never,Some Days,8
Never,Never,Some Days,Some Days,5
Most Days,Never,Every Day,Some Days,7
Never,Some Days,Some Days,Most Days,7
Never,Never,Never,Some Days,8
Never,Never,Some Days,Most Days,6
Never,Never,Never,Some Days,8
Never,Some Days,Never,Some Days,7
Never,Never,Some Days,Every Day,8
Never,Never,Never,Every Day,6
Never,Never,Never,Most Days,12
Never,Never,Some Days,Some Days,6
Never,Never,Never,Every Day,7
Never,Most Days,Most Days,Some Days,6
Never,Never,Never,Every Day,8
Never,Never,Never,Every Day,8
Never,Never,Never,Most Days,7
Never,Some Days,Some Days,Most Days,7
Never,Most Days,Never,Some Days,6
Never,Never,Some Days,Some Days,5
Most Days,Most Days,Most Days,Some Days,5
Never,Never,Never,Most Days,9
Never,Never,Never,Some Days,7
Never,Never,Never,Every Day,7
Some Days,Never,Never,Most Days,8
Some Days,Some Days,Most Days,Some Days,6
Never,Some Days,Never,Every Day,8
Never,Never,Never,Some Days,9
Never,Some Days,Never,Some Days,6
Never,Most Days,Most Days,Some Days,5
Never,Some Days,Never,Most Days,8
Never,Most Days,Some Days,Some Days,7
Never,Never,Some Days,Some Days,6
Never,Some Days,Never,Most Days,7
Never,Never,Never,Most Days,8
Never,Some Days,Some Days,Most Days,6
Never,Never,Some Days,Some Days,7
Never,Some Days,Some Days,Some Days,8
Never,Some Days,Some Days,Some Days,7
Never,Some Days,Some Days,Most Days,7
Never,Never,Never,Most Days,8
Never,Some Days,Some Days,Most Days,8
Never,Some Days,Never,Most Days,8
Never,Some Days,Never,Some Days,7
Some Days,Some Days,Some Days,Most Days,7
Some Days,Some Days,Never,Most Days,6
Some Days,Some Days,Never,Most Days,7
Never,Most Days,Some Days,Most Days,8
Never,Never,Some Days,Some Days,7
Never,Some Days,Some Days,Most Days,7
Never,Never,Never,Some Days,7
Never,Some Days,Most Days,Some Days,6
Never,Never,Never,Never,8
Never,Never,Some Days,Most Days,8
Never,Never,Never,Most Days,8
Never,Most Days,Some Days,Some Days,6
Never,Never,Never,Most Days,7
Some Days,Most Days,Some Days,Most Days,8
Never,Never,Some Days,Most Days,8
Never,Some Days,Never,Most Days,6
Never,Never,Never,Most Days,7
Never,Some Days,Never,Every Day,7
Never,Some Days,Never,Some Days,7
Never,Some Days,Some Days,Most Days,8
Never,Never,Never,Most Days,7
Never,Some Days,Some Days,Every Day,9
Never,Never,Never,Most Days,8
Never,Never,Never,Most Days,7
Never,Never,Never,Most Days,7
Never,Some Days,Some Days,Most Days,9
Never,Never,Some Days,Most Days,7
Some Days,Some Days,Some Days,Most Days,5
Never,Every Day,Some Days,Some Days,8
Every Day,Most Days,Never,Some Days,7
Never,Never,Some Days,Most Days,9
Never,Never,Never,Most Days,8
Some Days,Never,Never,Most Days,9
Never,Never,Some Days,Most Days,10
Never,Most Days,Some Days,Some Days,8
Never,Some Days,Some Days,Some Days,8
Never,Never,Never,Most Days,6
Never,Some Days,Every Day,Never,5
Never,Never,Never,Most Days,7
Never,Most Days,Most Days,Some Days,6
Never,Some Days,Some Days,Most Days,6
Never,Some Days,Some Days,Most Days,8
Never,Never,Never,Most Days,8
Never,Never,Never,Most Days,8
Never,Never,Never,Most Days,8
Never,Never,Never,Some Days,6
Never,Never,Never,Most Days,7
Never,Never,Never,Some Days,7
Never,Never,Never,Most Days,7
Never,Never,Never,Every Day,8
Never,Every Day,Some Days,Some Days,8
Never,Some Days,Never,Most Days,8
Never,Some Days,Every Day,Never,6
Some Days,Some Days,Most Days,Some Days,6
Never,Never,Never,Never,8
Every Day,Most Days,Most Days,Some Days,8
Every Day,Never,Never,Every Day,6
Never,Some Days,Some Days,Some Days,6
Some Days,Some Days,Some Days,Most Days,8
Every Day,Never,Never,Some Days,9
Every Day,Never,Most Days,Some Days,7
Never,Never,Never,Most Days,8
Never,Never,Never,Some Days,5
Never,Never,Never,Every Day,8
Never,Never,Never,Some Days,7
Never,Never,Never,Some Days,7
Never,Never,Never,Most Days,9
Never,Every Day,Never,Most Days,7
Never,Most Days,Never,Some Days,8
Never,Never,Never,Some Days,7
Never,Some Days,Some Days,Most Days,7
Never,Never,Never,Every Day,8
Never,Never,Most Days,Never,6
Never,Some Days,Most Days,Some Days,5
Every Day,Never,Never,Every Day,9
Never,Never,Some Days,Most Days,7
Never,Some Days,Some Days,Most Days,8
Never,Never,Some Days,Some Days,7
Never,Every Day,Every Day,Most Days,4
Some Days,Some Days,Some Days,Some Days,6
Never,Never,Never,Every Day,8
Some Days,Some Days,Some Days,Every Day,8
Never,Never,Never,Every Day,7
Never,Some Days,Some Days,Most Days,7
Never,Some Days,Some Days,Some Days,5
Every Day,Some Days,Some Days,Most Days,7
Never,Some Days,Never,Most Days,6
Never,Some Days,Some Days,Some Days,6
Every Day,Every Day,Never,Never,3
Never,Never,Never,Most Days,8
Never,Never,Never,Most Days,8
Never,Some Days,Never,Most Days,5
Never,Never,Never,Most Days,7
Never,Never,Some Days,Some Days,6
Never,Most Days,Never,Some Days,7
Never,Some Days,Never,Most Days,5
Every Day,Never,Some Days,Some Days,8
Never,Never,Every Day,Most Days,8
Never,Some Days,Never,Every Day,5
Most Days,Every Day,Some Days,Most Days,8
Never,Never,Some Days,Most Days,6
Some Days,Some Days,Some Days,Most Days,8
Never,Never,Some Days,Never,8
Every Day,Some Days,Never,Every Day,9
Never,Never,Most Days,Most Days,7
Never,Never,Some Days,Some Days,7
Never,Some Days,Never,Most Days,7
Never,Never,Some Days,Every Day,9
Every Day,Never,Never,Every Day,8
Never,Some Days,Some Days,Some Days,7
Never,Every Day,Never,Some Days,7
Every Day,Some Days,Most Days,Some Days,6
Some Days,Most Days,Some Days,Most Days,7
Most Days,Most Days,Most Days,Some Days,5
Some Days,Some Days,Never,Most Days,7
Never,Never,Some Days,Some Days,7
Never,Some Days,Some Days,Some Days,7
Never,Never,Some Days,Most Days,7
Some Days,Never,Never,Some Days,7
Never,Never,Never,Most Days,7
Never,Some Days,Most Days,Some Days,8
Never,Never,Never,Most Days,9
Never,Some Days,Never,Most Days,8
Never,Some Days,Some Days,Most Days,8
Never,Some Days,Some Days,Most Days,8
Every Day,Some Days,Some Days,Most Days,7
Every Day,Every Day,Never,Some Days,7
Never,Never,Never,Some Days,4
Never,Never,Never,Some Days,6
Never,Most Days,Some Days,Some Days,5
Every Day,Every Day,Every Day,Never,6
Never,Never,Never,Most Days,7
Never,Some Days,Some Days,Most Days,7
Never,Most Days,Some Days,Some Days,7
Never,Most Days,Some Days,Most Days,6
Every Day,Some Days,Some Days,Some Days,6
Never,Never,Some Days,Some Days,6
Never,Some Days,Some Days,Most Days,6
Never,Never,Never,Most Days,8
Never,Never,Some Days,Most Days,6
Never,Most Days,Never,Most Days,7
Every Day,Never,Never,Most Days,8
Every Day,Never,Never,Most Days,8
Never,Never,Never,Some Days,7
Never,Some Days,Some Days,Some Days,6
Never,Some Days,Some Days,Some Days,8
Never,Never,Never,Most Days,8
Never,Never,Never,Some Days,6
Most Days,Most Days,Every Day,Some Days,8
Some Days,Most Days,Some Days,Some Days,6
Never,Never,Most Days,Most Days,8
Never,Some Days,Never,Never,5
Never,Never,Some Days,Some Days,8
Never,Never,Never,Most Days,7
Some Days,Never,Never,Most Days,6
Never,Never,Never,Some Days,5
Never,Never,Never,Every Day,6
Some Days,Never,Never,Every Day,10
Never,Never,Never,Every Day,8
Never,Never,Every Day,Most Days,8
Never,Never,Never,Most Days,7
Some Days,Never,Some Days,Most Days,6
Most Days,Every Day,Every Day,Never,5
Never,Never,Never,Every Day,9
Never,Most Days,Never,Most Days,8
Never,Every Day,Every Day,Never,4
Never,Never,Never,Most Days,7
Every Day,Every Day,Every Day,Never,5
Every Day,Most Days,Never,Some Days,9
Some Days,Some Days,Some Days,Most Days,7
Never,Every Day,Never,Some Days,8
Every Day,Some Days,Some Days,Most Days,7
Some Days,Some Days,Every Day,Some Days,7
Never,Most Days,Some Days,Most Days,8
Never,Never,Some Days,Some Days,8
Never,Never,Never,Every Day,6
Every Day,Never,Never,Every Day,8
Never,Never,Some Days,Most Days,7
Never,Never,Every Day,Never,5
Never,Never,Never,Never,7
Never,Some Days,Never,Most Days,8
Never,Never,Never,Every Day,7
Never,Never,Never,Most Days,7
Every Day,Some Days,Some Days,Some Days,8
Never,Never,Never,Most Days,8
Some Days,Never,Some Days,Most Days,7
Never,Never,Never,Never,8
Never,Never,Never,Most Days,8
Some Days,Some Days,Some Days,Most Days,7
Never,Most Days,Some Days,Most Days,5
Some Days,Some Days,Some Days,Most Days,7
Never,Most Days,Some Days,Some Days,7
Most Days,Some Days,Most Days,Most Days,8
Never,Never,Never,Most Days,7
Every Day,Never,Some Days,Most Days,9
Every Day,Never,Some Days,Some Days,6
Never,Never,Never,Most Days,8
Never,Never,Some Days,Some Days,7
Never,Never,Never,Some Days,8
Never,Some Days,Never,Most Days,8
Never,Every Day,Most Days,Some Days,4
Never,Never,Most Days,Most Days,6
Never,Never,Never,Most Days,7
Never,Every Day,Every Day,Every Day,6
Never,Some Days,Some Days,Most Days,7
Never,Some Days,Never,Most Days,6
Never,Never,Never,Most Days,7
Never,Every Day,Never,Every Day,8
Every Day,Some Days,Never,Most Days,7
Never,Some Days,Some Days,Most Days,9
Never,Some Days,Some Days,Some Days,7
Never,Never,Some Days,Most Days,7
Never,Never,Most Days,Most Days,8
Never,Never,Never,Never,6
Never,Never,Never,Most Days,8
Never,Some Days,Some Days,Every Day,8
Never,Never,Never,Most Days,9
Never,Never,Never,Most Days,7
Never,Never,Never,Most Days,7
Never,Some Days,Some Days,Most Days,8
Never,Most Days,Some Days,Some Days,5
Never,Never,Some Days,Every Day,7
Some Days,Never,Never,Every Day,8
Never,Never,Never,Most Days,8
Every Day,Most Days,Most Days,Some Days,7
Never,Most Days,Most Days,Some Days,8
Never,Some Days,Most Days,Every Day,7
Never,Some Days,Some Days,Some Days,6
Never,Never,Never,Every Day,7
Every Day,Most Days,Some Days,Most Days,8
Never,Every Day,Never,Most Days,8
Every Day,Every Day,Every Day,Never,8
Never,Never,Some Days,Every Day,8
Never,Every Day,Never,Some Days,7
Never,Most Days,Never,Every Day,8
Never,Never,Never,Most Days,7
Never,Every Day,Never,Some Days,6
Never,Never,Never,Every Day,8
Never,Every Day,Never,Every Day,8
Never,Never,Never,Every Day,8
Never,Never,Some Days,Most Days,8
Never,Every Day,Every Day,Never,6
Never,Every Day,Every Day,Never,5
Never,Never,Never,Never,9
Never,Some Days,Never,Every Day,7
Never,Some Days,Some Days,Most Days,7
Never,Never,Never,Most Days,8
Some Days,Some Days,Some Days,Some Days,6
Every Day,Every Day,Never,Never,4
Most Days,Some Days,Never,Never,8
Never,Some Days,Most Days,Some Days,7
Never,Never,Never,Every Day,7
Never,Never,Never,Every Day,7
Never,Never,Never,Some Days,8
Never,Some Days,Some Days,Some Days,6
Never,Some Days,Some Days,Most Days,8
Never,Never,Never,Some Days,10
Never,Most Days,Never,Most Days,8
Every Day,Some Days,Some Days,Most Days,8
Never,Some Days,Some Days,Some Days,8
Never,Every Day,Most Days,Never,6
Never,Never,Some Days,Most Days,8
Never,Never,Never,Most Days,7
Never,Some Days,Some Days,Most Days,8
Every Day,Every Day,Every Day,Some Days,6
Never,Some Days,Some Days,Never,7
Never,Some Days,Some Days,Some Days,7
Never,Never,Never,Most Days,8
Never,Never,Never,Most Days,7
Never,Never,Never,Most Days,8
Every Day,Never,Some Days,Most Days,6
Some Days,Some Days,Some Days,Some Days,8
Never,Never,Some Days,Most Days,8
Some Days,Never,Never,Most Days,7
Never,Never,Never,Every Day,7
Never,Never,Never,Most Days,7
Never,Never,Some Days,Most Days,7
Never,Never,Never,Every Day,8
Never,Some Days,Never,Most Days,8
Never,Every Day,Never,Every Day,8
Never,Some Days,Some Days,Most Days,6
Never,Never,Some Days,Most Days,7
Never,Never,Never,Never,6
Never,Never,Never,Every Day,8
Never,Every Day,Some Days,Never,5
Some Days,Some Days,Some Days,Most Days,8
Never,Some Days,Some Days,Some Days,8
Never,Never,Never,Some Days,8
Never,Never,Never,Some Days,7
Never,Never,Never,Some Days,6
Never,Never,Never,Some Days,5
Never,Some Days,Some Days,Most Days,8
Every Day,Most Days,Never,Some Days,7
Never,Some Days,Some Days,Some Days,8
Every Day,Most Days,Never,Some Days,6
Never,Never,Never,Most Days,7
Never,Never,Never,Some Days,7
Never,Never,Never,Most Days,10
Never,Some Days,Some Days,Some Days,7
Never,Some Days,Never,Most Days,7
Never,Never,Never,Some Days,6
Never,Never,Never,Every Day,7
Some Days,Most Days,Most Days,Never,6
Never,Never,Some Days,Never,6
Never,Most Days,Some Days,Most Days,6
Never,Every Day,Every Day,Never,4
Never,Some Days,Some Days,Every Day,7
Never,Some Days,Most Days,Some Days,8
Never,Never,Some Days,Every Day,8
Never,Every Day,Never,Most Days,6
Never,Some Days,Some Days,Some Days,4
Every Day,Every Day,Every Day,Some Days,5
Never,Some Days,Never,Most Days,8
Never,Some Days,Every Day,Some Days,6
Never,Never,Some Days,Most Days,7
Never,Most Days,Some Days,Some Days,8
Never,Some Days,Some Days,Most Days,6
Never,Never,Never,Some Days,8
Never,Some Days,Some Days,Most Days,6
Never,Never,Never,Most Days,6
Never,Never,Never,Most Days,6
Never,Never,Never,Some Days,7
Every Day,Some Days,Some Days,Some Days,7
Never,Some Days,Most Days,Some Days,6
Never,Never,Never,Every Day,4
Some Days,Never,Some Days,Every Day,8
Never,Never,Never,Most Days,8
Never,Never,Some Days,Some Days,5
Every Day,Never,Never,Every Day,12
Never,Never,Never,Most Days,6
Every Day,Some Days,Never,Some Days,8
Never,Every Day,Some Days,Never,7
Never,Every Day,Never,Most Days,5
Never,Most Days,Some Days,Some Days,8
Never,Some Days,Never,Most Days,7
Never,Never,Never,Most Days,8
Never,Never,Never,Never,8
Every Day,Every Day,Every Day,Never,4
Never,Never,Never,Most Days,7
Never,Never,Never,Every Day,7
Never,Never,Some Days,Most Days,8
Never,Never,Never,Most Days,7
Every Day,Some Days,Most Days,Some Days,6
Never,Never,Never,Every Day,6
Some Days,Some Days,Some Days,Most Days,7
Never,Some Days,Most Days,Some Days,6
Never,Never,Never,Never,6
Never,Some Days,Some Days,Some Days,7
Never,Never,Never,Most Days,7
Never,Never,Never,Most Days,8
Never,Some Days,Some Days,Most Days,6
Never,Never,Never,Most Days,7
Never,Never,Never,Most Days,7
Never,Never,Never,Every Day,8
Never,Some Days,Some Days,Most Days,10
Never,Never,Never,Most Days,7
Never,Every Day,Every Day,Never,5
Every Day,Never,Never,Some Days,7
Never,Most Days,Some Days,Some Days,7
Never,Some Days,Some Days,Some Days,6
Never,Some Days,Some Days,Some Days,6
Never,Never,Never,Most Days,11
Never,Never,Never,Never,9
Never,Never,Never,Most Days,6
Every Day,Most Days,Most Days,Never,8
Never,Never,Never,Most Days,8
Never,Some Days,Some Days,Some Days,6
Never,Never,Never,Most Days,7
Never,Never,Never,Most Days,7
Never,Every Day,Every Day,Never,6
Never,Never,Some Days,Most Days,7
Never,Most Days,Some Days,Never,4
Never,Some Days,Some Days,Some Days,6
Never,Never,Some Days,Most Days,6
Some Days,Some Days,Never,Some Days,5
Never,Never,Never,Every Day,7
Never,Some Days,Some Days,Most Days,7
Some Days,Never,Never,Most Days,9
Never,Every Day,Some Days,Most Days,8
Most Days,Most Days,Some Days,Some Days,5
Some Days,Some Days,Never,Most Days,6
Some Days,Some Days,Never,Some Days,7
Never,Some Days,Some Days,Most Days,8
Some Days,Never,Most Days,Some Days,6
Most Days,Some Days,Most Days,Some Days,7
Never,Never,Some Days,Some Days,6
Never,Most Days,Never,Most Days,9
Never,Some Days,Some Days,Some Days,7
Never,Every Day,Never,Never,7
Never,Never,Never,Every Day,8
Never,Some Days,Some Days,Some Days,10
Never,Never,Never,Most Days,7
Every Day,Never,Never,Every Day,10
Never,Never,Never,Most Days,7
Never,Never,Never,Most Days,8
Never,Some Days,Some Days,Most Days,6
Never,Never,Never,Every Day,8
Never,Never,Never,Every Day,8
Never,Never,Never,Every Day,8
Never,Some Days,Some Days,Some Days,7
Never,Some Days,Some Days,Most Days,7
Never,Never,Never,Never,8
Never,Never,Some Days,Every Day,8
Some Days,Some Days,Some Days,Some Days,5
Never,Most Days,Most Days,Some Days,5
Never,Some Days,Every Day,Most Days,6
Never,Most Days,Some Days,Every Day,7
Most Days,Some Days,Some Days,Most Days,7
Never,Never,Never,Never,8
Never,Never,Never,Every Day,7
Some Days,Every Day,Some Days,Some Days,7
Never,Never,Never,Every Day,6
Never,Some Days,Never,Most Days,7
Never,Never,Never,Some Days,7
Never,Some Days,Some Days,Some Days,8
Never,Some Days,Never,Every Day,8
Never,Never,Never,Every Day,8
Never,Never,Never,Every Day,5
Never,Never,Never,Some Days,6
Never,Never,Never,Every Day,7
Never,Never,Never,Every Day,7
Some Days,Most Days,Some Days,Some Days,5
Never,Some Days,Never,Some Days,7
Some Days,Never,Never,Most Days,7
Some Days,Some Days,Some Days,Most Days,8
Never,Every Day,Every Day,Never,4
Never,Never,Never,Most Days,7
Never,Most Days,Never,Every Day,7
Never,Some Days,Never,Every Day,7
Never,Never,Never,Every Day,6
Never,Some Days,Never,Most Days,8
Never,Never,Some Days,Never,8
Never,Never,Never,Some Days,6
Some Days,Some Days,Some Days,Some Days,5
Some Days,Some Days,Some Days,Every Day,8
Never,Never,Never,Some Days,4
Never,Never,Never,Every Day,8
Never,Some Days,Never,Some Days,6
Most Days,Some Days,Some Days,Most Days,8
Never,Never,Never,Most Days,8
Some Days,Some Days,Never,Some Days,7
Never,Some Days,Some Days,Never,6
Never,Some Days,Some Days,Most Days,7
Never,Never,Some Days,Most Days,6
Never,Never,Never,Every Day,7
Never,Some Days,Never,Some Days,6
Never,Never,Never,Every Day,9
Most Days,Never,Most Days,Some Days,8
Never,Every Day,Some Days,Some Days,8
Never,Most Days,Never,Never,6
Never,Never,Never,Most Days,8
Never,Some Days,Some Days,Some Days,6
Never,Never,Never,Some Days,7
Never,Never,Never,Most Days,8
Never,Never,Some Days,Most Days,6
Never,Some Days,Never,Every Day,8
Never,Never,Never,Every Day,8
Never,Never,Never,Every Day,10
Every Day,Most Days,Every Day,Never,6
Most Days,Never,Some Days,Most Days,8
Never,Never,Never,Most Days,7
Never,Some Days,Some Days,Most Days,7
Every Day,Every Day,Every Day,Never,4
Never,Every Day,Never,Most Days,6
Never,Never,Never,Most Days,5
Never,Never,Never,Every Day,10
Every Day,Never,Never,Every Day,10
Never,Some Days,Never,Most Days,7
Most Days,Some Days,Some Days,Most Days,7
Never,Never,Some Days,Most Days,8
Never,Some Days,Some Days,Most Days,8
Never,Never,Never,Every Day,8
Some Days,Never,Never,Most Days,8
Never,Never,Never,Most Days,8
Every Day,Every Day,Never,Most Days,8
Never,Never,Never,Some Days,8
Every Day,Some Days,Most Days,Never,5
Some Days,Some Days,Some Days,Some Days,7
Never,Some Days,Some Days,Most Days,8
Every Day,Some Days,Some Days,Never,6
Never,Never,Never,Most Days,8
Never,Never,Never,Most Days,8
Never,Never,Never,Every Day,8
Never,Never,Never,Every Day,8
Never,Most Days,Never,Some Days,6
Never,Never,Some Days,Most Days,8
Every Day,Most Days,Some Days,Most Days,7
Never,Some Days,Never,Most Days,7
Some Days,Most Days,Some Days,Some Days,7
Never,Never,Never,Most Days,7
Never,Never,Never,Most Days,8
Never,Never,Some Days,Most Days,7
Some Days,Some Days,Never,Most Days,8
Never,Some Days,Some Days,Most Days,7
Never,Never,Never,Some Days,7
Never,Some Days,Some Days,Some Days,8
Never,Never,Never,Every Day,10
Some Days,Some Days,Some Days,Most Days,6
Never,Some Days,Some Days,Most Days,6
Never,Never,Never,Every Day,8
Never,Never,Never,Every Day,9
Never,Some Days,Most Days,Some Days,6
Never,Never,Some Days,Most Days,8
Never,Never,Some Days,Most Days,7
Never,Never,Never,Most Days,6
Never,Some Days,Some Days,Most Days,7
Every Day,Some Days,Some Days,Every Day,8
Never,Never,Never,Every Day,8
Never,Some Days,Some Days,Some Days,6
Never,Some Days,Never,Most Days,8
Never,Some Days,Some Days,Most Days,8
Never,Never,Never,Every Day,7
Never,Never,Never,Some Days,7
Never,Never,Never,Every Day,9
Never,Some Days,Most Days,Some Days,6
Never,Some Days,Never,Most Days,7
Never,Never,Never,Most Days,8
Some Days,Some Days,Most Days,Some Days,6
Never,Never,Never,Most Days,6
Some Days,Never,Never,Most Days,7
Never,Never,Never,Every Day,8
Never,Never,Never,Most Days,7
Never,Some Days,Some Days,Most Days,7
Some Days,Most Days,Never,Most Days,7
Never,Never,Some Days,Most Days,7
Never,Never,Never,Most Days,8
Every Day,Most Days,Most Days,Never,6
Never,Some Days,Never,Every Day,8
Never,Never,Never,Every Day,7
Never,Never,Never,Every Day,8
Never,Some Days,Some Days,Most Days,7
Never,Never,Never,Most Days,7
Never,Never,Some Days,Some Days,7
Never,Some Days,Never,Some Days,8
Never,Some Days,Never,Most Days,6
Never,Some Days,Never,Most Days,8
Every Day,Every Day,Some Days,Most Days,7
Some Days,Every Day,Every Day,Never,5
Some Days,Most Days,Some Days,Some Days,8
Never,Some Days,Some Days,Most Days,7
Never,Never,Never,Most Days,8
Never,Some Days,Some Days,Some Days,4
Never,Never,Never,Never,7
Never,Some Days,Some Days,Some Days,8
Most Days,Most Days,Some Days,Some Days,6
Never,Most Days,Most Days,Never,4
Never,Some Days,Never,Some Days,9
Never,Never,Never,Some Days,7
Every Day,Every Day,Every Day,Some Days,5
Never,Never,Never,Most Days,6
Never,Some Days,Some Days,Some Days,7
Never,Most Days,Some Days,Some Days,6
Never,Never,Some Days,Some Days,6
Never,Some Days,Some Days,Most Days,8
Never,Never,Never,Every Day,6
Never,Some Days,Some Days,Most Days,6
Never,Never,Some Days,Some Days,7
Most Days,Some Days,Most Days,Some Days,4
Never,Some Days,Some Days,Most Days,8
Never,Never,Some Days,Most Days,6
Never,Never,Never,Some Days,8
Never,Never,Never,Most Days,7
Never,Some Days,Some Days,Most Days,8
Never,Some Days,Some Days,Some Days,7
Never,Some Days,Some Days,Most Days,8
Some Days,Every Day,Some Days,Never,7
Never,Never,Never,Most Days,8
Some Days,Never,Some Days,Some Days,8
Never,Most Days,Most Days,Never,6
Never,Some Days,Never,Never,6
Never,Never,Never,Every Day,8
Never,Some Days,Some Days,Every Day,8
Never,Some Days,Never,Most Days,8
Never,Some Days,Some Days,Some Days,10
Never,Some Days,Some Days,Most Days,7
Never,Never,Never,Most Days,7
Never,Never,Never,Most Days,8
Never,Some Days,Some Days,Most Days,7
Some Days,Most Days,Some Days,Some Days,6
Never,Never,Never,Most Days,7
Some Days,Never,Most Days,Never,6
Every Day,Never,Never,Every Day,8
Never,Every Day,Some Days,Some Days,8
Never,Never,Never,Every Day,8
Every Day,Most Days,Some Days,Never,4
Never,Some Days,Every Day,Most Days,6
Never,Every Day,Some Days,Some Days,6
Never,Some Days,Some Days,Some Days,6
Never,Some Days,Some Days,Most Days,8
Some Days,Some Days,Every Day,Some Days,5
Never,Some Days,Some Days,Most Days,7
Every Day,Every Day,Every Day,Some Days,8
Never,Some Days,Some Days,Some Days,7
Never,Some Days,Never,Some Days,7
Never,Never,Never,Some Days,6
Never,Never,Never,Most Days,7
Never,Never,Never,Never,9
Never,Some Days,Never,Most Days,7
Never,Never,Never,Most Days,8
Every Day,Most Days,Every Day,Never,5
Never,Never,Never,Some Days,6
Some Days,Some Days,Never,Every Day,7
Never,Some Days,Never,Most Days,7
Never,Never,Never,Never,9
Never,Some Days,Never,Most Days,8
Never,Never,Never,Some Days,8
Never,Never,Some Days,Some Days,6
Never,Every Day,Most Days,Every Day,4
Never,Some Days,Never,Most Days,8
Never,Never,Never,Most Days,7
Never,Never,Never,Some Days,8
Every Day,Never,Never,Every Day,7
Never,Never,Some Days,Some Days,6
Every Day,Most Days,Some Days,Some Days,7
Never,Never,Never,Most Days,8
Never,Some Days,Some Days,Most Days,6
Never,Never,Some Days,Every Day,9
Never,Never,Never,Most Days,8
Never,Some Days,Most Days,Some Days,6
Never,Never,Most Days,Some Days,6
Never,Most Days,Some Days,Some Days,6
Some Days,Some Days,Most Days,Never,6
Never,Never,Some Days,Some Days,8
Never,Never,Some Days,Some Days,8
Never,Some Days,Never,Never,6
Never,Never,Never,Some Days,7
Every Day,Some Days,Some Days,Some Days,17
Never,Never,Never,Most Days,6
Never,Never,Never,Most Days,7
Most Days,Some Days,Most Days,Never,7
Every Day,Some Days,Most Days,Most Days,6
Never,Some Days,Some Days,Every Day,8
Never,Most Days,Never,Never,8
Never,Never,Most Days,Most Days,8
Never,Never,Never,Every Day,9
Never,Some Days,Never,Every Day,7
Never,Never,Never,Every Day,7
Never,Never,Never,Every Day,8
Some Days,Some Days,Some Days,Most Days,7
Some Days,Some Days,Never,Most Days,8
Never,Some Days,Some Days,Most Days,7
Never,Some Days,Never,Most Days,7
Never,Never,Some Days,Most Days,8
Every Day,Never,Never,Never,12
Never,Some Days,Some Days,Most Days,8
Every Day,Every Day,Never,Never,5
Every Day,Some Days,Every Day,Most Days,5
Some Days,Some Days,Most Days,Some Days,12
Never,Some Days,Some Days,Some Days,6
Some Days,Some Days,Some Days,Some Days,6
Never,Some Days,Some Days,Most Days,8
Never,Some Days,Never,Some Days,8
Some Days,Some Days,Some Days,Most Days,8
Never,Never,Never,Most Days,14
Never,Never,Never,Most Days,8
Never,Never,Some Days,Most Days,7
Never,Some Days,Some Days,Some Days,7
Never,Never,Never,Most Days,7
Never,Never,Never,Most Days,8
Some Days,Most Days,Most Days,Some Days,5
Never,Some Days,Some Days,Most Days,10
Some Days,Some Days,Some Days,Most Days,8
Never,Never,Never,Most Days,7
Never,Never,Never,Some Days,8
Never,Never,Never,Most Days,8
Some Days,Most Days,Never,Some Days,8
Never,Some Days,Never,Every Day,7
Never,Some Days,Never,Most Days,8
Some Days,Some Days,Never,Some Days,7
Never,Some Days,Never,Most Days,8
Every Day,Never,Never,Most Days,7
Never,Never,Every Day,Some Days,8
Every Day,Some Days,Some Days,Some Days,7
Never,Never,Some Days,Some Days,8
Every Day,Most Days,Most Days,Some Days,7
Never,Most Days,Some Days,Some Days,6
Never,Every Day,Never,Some Days,6
Never,Never,Some Days,Every Day,8
Never,Some Days,Some Days,Some Days,6
Never,Never,Never,Never,10
Never,Never,Never,Some Days,8
Never,Some Days,Never,Some Days,6
Never,Never,Some Days,Most Days,8
Never,Some Days,Some Days,Every Day,8
Never,Never,Some Days,Most Days,9
Never,Never,Some Days,Most Days,8
Some Days,Never,Some Days,Some Days,9
Never,Never,Never,Most Days,6
Never,Some Days,Most Days,Some Days,8
Some Days,Never,Most Days,Some Days,6
Never,Some Days,Never,Most Days,8
Never,Some Days,Some Days,Every Day,7
Never,Never,Never,Most Days,7
Never,Some Days,Some Days,Some Days,7
Most Days,Some Days,Never,Most Days,9
Never,Some Days,Some Days,Most Days,6
Never,Never,Never,Every Day,8
Never,Never,Some Days,Most Days,9
Never,Never,Never,Some Days,6
Never,Most Days,Never,Most Days,4
Never,Never,Never,Most Days,7
Every Day,Never,Never,Every Day,12
Never,Some Days,Never,Most Days,7
Never,Never,Never,Most Days,8
Never,Most Days,Never,Some Days,5
Never,Never,Never,Most Days,8
Never,Some Days,Never,Most Days,8
Never,Some Days,Some Days,Most Days,6
Never,Some Days,Never,Most Days,7
Never,Some Days,Never,Most Days,7
Never,Some Days,Some Days,Most Days,7
Every Day,Some Days,Some Days,Most Days,7
Never,Never,Some Days,Most Days,8
Never,Never,Never,Never,10
Some Days,Some Days,Some Days,Most Days,6
Never,Never,Never,Most Days,7
Never,Some Days,Never,Some Days,7
Some Days,Never,Some Days,Most Days,7
Some Days,Some Days,Never,Some Days,8
Never,Some Days,Some Days,Some Days,7
Never,Never,Never,Most Days,8
Never,Every Day,Never,Every Day,7
Never,Never,Never,Most Days,6
Never,Most Days,Some Days,Some Days,7
Never,Never,Never,Most Days,7
Never,Some Days,Never,Every Day,8
Never,Some Days,Some Days,Some Days,7
Never,Some Days,Some Days,Most Days,8
Never,Never,Never,Most Days,7
Never,Never,Never,Some Days,7
Never,Some Days,Some Days,Most Days,9
Never,Never,Never,Every Day,7
Never,Never,Some Days,Most Days,8
Some Days,Never,Some Days,Some Days,7
Never,Most Days,Never,Some Days,4
Never,Never,Never,Some Days,7
Never,Some Days,Some Days,Most Days,7
Never,Never,Never,Some Days,6
Never,Some Days,Some Days,Never,6
Never,Some Days,Never,Most Days,6
Never,Some Days,Never,Most Days,7
Most Days,Most Days,Most Days,Some Days,5
Never,Some Days,Never,Some Days,10
Never,Never,Never,Every Day,8
Never,Most Days,Most Days,Some Days,4
Never,Some Days,Never,Most Days,10
Never,Never,Never,Most Days,7
Never,Never,Never,Some Days,8
Never,Never,Some Days,Most Days,8
Never,Never,Never,Every Day,7
Some Days,Some Days,Some Days,Some Days,6
Never,Never,Some Days,Most Days,7
Never,Every Day,Every Day,Never,7
Never,Never,Never,Every Day,7
Some Days,Never,Never,Some Days,7
Never,Never,Never,Every Day,6
Never,Some Days,Never,Most Days,7
Never,Never,Some Days,Most Days,7
Never,Never,Never,Some Days,6
Never,Some Days,Some Days,Some Days,7
Never,Never,Never,Most Days,8
Never,Never,Never,Most Days,8
Never,Never,Never,Some Days,6
Never,Some Days,Some Days,Some Days,5
Never,Never,Never,Most Days,6
Never,Some Days,Never,Some Days,8
Never,Never,Never,Most Days,8
Some Days,Some Days,Some Days,Most Days,8
Never,Never,Never,Most Days,8
Never,Some Days,Some Days,Most Days,8
Never,Some Days,Some Days,Some Days,6
Never,Some Days,Some Days,Every Day,7
Never,Some Days,Some Days,Some Days,7
Never,Never,Never,Most Days,6
Never,Never,Some Days,Most Days,8
Never,Some Days,Some Days,Some Days,8
Never,Never,Some Days,Most Days,7
Never,Never,Never,Most Days,6
Some Days,Every Day,Most Days,Never,6
Never,Most Days,Some Days,Some Days,7
Never,Never,Never,Most Days,8
Never,Some Days,Some Days,Some Days,5
Some Days,Some Days,Some Days,Most Days,8
Some Days,Never,Some Days,Some Days,7
Never,Never,Some Days,Never,8
Never,Never,Some Days,Most Days,6
Some Days,Most Days,Never,Never,8
Never,Never,Never,Never,5
Never,Some Days,Some Days,Some Days,5
Some Days,Some Days,Some Days,Most Days,6
Never,Never,Never,Most Days,9
Never,Never,Never,Every Day,7
Never,Never,Some Days,Most Days,9
Never,Never,Never,Every Day,7
Never,Never,Never,Some Days,7
Never,Some Days,Some Days,Most Days,8
Never,Never,Never,Most Days,6
Some Days,Most Days,Some Days,Some Days,6
Never,Most Days,Never,Most Days,6
Never,Some Days,Some Days,Most Days,7
Never,Most Days,Some Days,Some Days,7
Never,Some Days,Some Days,Some Days,5
Never,Some Days,Never,Most Days,9
Some Days,Every Day,Never,Never,6
Never,Some Days,Some Days,Most Days,7
Never,Some Days,Some Days,Every Day,8
Never,Never,Some Days,Most Days,7
Never,Never,Some Days,Every Day,6
Every Day,Every Day,Most Days,Some Days,5
Some Days,Some Days,Never,Some Days,10
Never,Never,Never,Some Days,7
Never,Never,Never,Most Days,8
Never,Never,Never,Most Days,8
Never,Never,Never,Some Days,7
Every Day,Every Day,Every Day,Some Days,7
Never,Some Days,Some Days,Most Days,7
Every Day,Never,Some Days,Most Days,9
Never,Most Days,Never,Some Days,7
Never,Never,Never,Most Days,6
Never,Never,Never,Most Days,6
Never,Some Days,Never,Some Days,5
Never,Most Days,Some Days,Most Days,7
Never,Never,Never,Most Days,8
Every Day,Some Days,Most Days,Some Days,6
Every Day,Every Day,Every Day,Never,6
Never,Some Days,Some Days,Most Days,7
Never,Every Day,Some Days,Most Days,7
Never,Never,Never,Some Days,7
Never,Never,Some Days,Most Days,7
Never,Never,Never,Most Days,7
Never,Never,Never,Most Days,8
Every Day,Every Day,Some Days,Some Days,10
Never,Never,Most Days,Some Days,6
Never,Most Days,Some Days,Some Days,9
Never,Every Day,Every Day,Never,4
Never,Never,Some Days,Some Days,7
Never,Some Days,Never,Some Days,6
Never,Never,Never,Every Day,8
Never,Never,Some Days,Most Days,7
Never,Never,Never,Every Day,8
Every Day,Most Days,Most Days,Some Days,5
Never,Some Days,Some Days,Some Days,8
Some Days,Some Days,Most Days,Some Days,9
Never,Some Days,Some Days,Most Days,8
Never,Never,Some Days,Most Days,8
Never,Never,Never,Most Days,7
Never,Some Days,Never,Most Days,7
Never,Never,Never,Every Day,8
Never,Never,Never,Most Days,8
Never,Some Days,Never,Some Days,9
Some Days,Some Days,Some Days,Some Days,7
Never,Never,Never,Most Days,8
Never,Never,Never,Every Day,10
Most Days,Most Days,Some Days,Some Days,6
Every Day,Most Days,Never,Most Days,8
Never,Some Days,Never,Most Days,8
Never,Never,Never,Some Days,8
Never,Most Days,Most Days,Some Days,5
Never,Never,Never,Every Day,8
Every Day,Every Day,Most Days,Some Days,6
Never,Never,Never,Every Day,7
Never,Never,Never,Most Days,8
Never,Every Day,Every Day,Never,6
Never,Never,Some Days,Most Days,8
Never,Some Days,Some Days,Most Days,8
Never,Never,Some Days,Some Days,8
Never,Never,Never,Every Day,8
Never,Some Days,Never,Most Days,7
Never,Most Days,Most Days,Never,7
Never,Every Day,Never,Most Days,6
Never,Never,Never,Every Day,7
Never,Every Day,Every Day,Some Days,6
Never,Most Days,Most Days,Some Days,6
Never,Never,Never,Every Day,12
Never,Never,Never,Most Days,8
Never,Never,Some Days,Every Day,7
Never,Never,Some Days,Some Days,7
Never,Never,Never,Some Days,7
Every Day,Most Days,Never,Most Days,8
Never,Never,Never,Some Days,7
Never,Some Days,Some Days,Every Day,8
Never,Never,Never,Most Days,8
Never,Never,Never,Most Days,8
Never,Never,Some Days,Most Days,7
Never,Some Days,Some Days,Most Days,7
Never,Never,Some Days,Every Day,8
Never,Never,Some Days,Most Days,7
Some Days,Some Days,Most Days,Some Days,6
Every Day,Every Day,Every Day,Never,5
Never,Never,Some Days,Most Days,6
Never,Never,Never,Most Days,7
Never,Some Days,Some Days,Some Days,7
Never,Never,Never,Most Days,7
Never,Never,Never,Some Days,5
Never,Never,Never,Most Days,6
Never,Never,Never,Some Days,7
Never,Never,Never,Most Days,7
Never,Never,Never,Every Day,8
Never,Never,Never,Every Day,8
Every Day,Never,Some Days,Some Days,7
Never,Never,Some Days,Most Days,8
Never,Some Days,Never,Most Days,6
Never,Some Days,Some Days,Some Days,6
Never,Never,Never,Every Day,8
Never,Never,Never,Most Days,7
Never,Some Days,Some Days,Some Days,9
Never,Never,Never,Never,9
Never,Never,Some Days,Most Days,6
Never,Some Days,Some Days,Some Days,6
Never,Never,Never,Most Days,8
Never,Some Days,Some Days,Most Days,10
Never,Never,Some Days,Never,4
Never,Never,Never,Most Days,7
Never,Never,Never,Every Day,7
Never,Never,Some Days,Most Days,6
Never,Some Days,Some Days,Some Days,6
Every Day,Never,Never,Most Days,10
Never,Never,Never,Some Days,6
Never,Never,Some Days,Most Days,6
Never,Most Days,Never,Some Days,6
Never,Never,Never,Some Days,6
Never,Never,Never,Every Day,6
Never,Never,Never,Most Days,8
Never,Never,Never,Some Days,7
Never,Never,Never,Most Days,7
Never,Some Days,Some Days,Every Day,8
Every Day,Never,Never,Every Day,8
Never,Some Days,Some Days,Every Day,8
Never,Never,Never,Most Days,6
Never,Never,Never,Most Days,7
Never,Never,Never,Most Days,8
Never,Some Days,Some Days,Some Days,6
Never,Never,Never,Every Day,6
Never,Some Days,Some Days,Some Days,8
Never,Every Day,Every Day,Never,4
Never,Never,Never,Every Day,7
Never,Never,Never,Most Days,8
Some Days,Most Days,Some Days,Most Days,8
Never,Some Days,Never,Most Days,6
Never,Never,Never,Most Days,8
Never,Some Days,Never,Never,8
Never,Never,Never,Most Days,8
Some Days,Most Days,Some Days,Most Days,7
Never,Some Days,Never,Most Days,7
Never,Never,Never,Most Days,7
Never,Never,Never,Most Days,8
Never,Most Days,Some Days,Never,6
Never,Never,Some Days,Every Day,7
Never,Never,Some Days,Most Days,7
Never,Most Days,Some Days,Some Days,6
Never,Never,Never,Every Day,6
Never,Some Days,Some Days,Every Day,6
Never,Most Days,Most Days,Never,6
Never,Never,Some Days,Most Days,7
Never,Every Day,Every Day,Never,4
Some Days,Most Days,Some Days,Some Days,5
Never,Some Days,Never,Some Days,7
Never,Never,Never,Some Days,6
Most Days,Some Days,Some Days,Some Days,7
Never,Never,Never,Most Days,7
Never,Some Days,Never,Most Days,10
Never,Some Days,Never,Most Days,7
Never,Most Days,Most Days,Most Days,7
Never,Some Days,Some Days,Every Day,8
Some Days,Some Days,Some Days,Every Day,10
Never,Every Day,Never,Every Day,8
Never,Some Days,Some Days,Most Days,7
Never,Never,Never,Every Day,8
Never,Never,Never,Every Day,7
Never,Never,Some Days,Every Day,7
Never,Never,Never,Some Days,6
Never,Never,Some Days,Some Days,7
Some Days,Most Days,Never,Some Days,6
Never,Some Days,Some Days,Some Days,6
Never,Never,Some Days,Some Days,7
Never,Never,Never,Every Day,10
Never,Never,Some Days,Some Days,8
Never,Never,Never,Every Day,9
Some Days,Some Days,Some Days,Most Days,7
Never,Never,Most Days,Some Days,7
Never,Never,Never,Most Days,8
Some Days,Some Days,Never,Some Days,8
Never,Never,Some Days,Every Day,8
Never,Some Days,Some Days,Some Days,8
Never,Some Days,Most Days,Never,5
Never,Never,Every Day,Every Day,10
Never,Some Days,Never,Some Days,9
Never,Never,Never,Most Days,6
Never,Never,Never,Some Days,6
Most Days,Most Days,Every Day,Some Days,6
Never,Never,Never,Most Days,5
Never,Never,Never,Every Day,7
Never,Never,Never,Every Day,6
Never,Never,Never,Most Days,7
Never,Never,Some Days,Most Days,7
Never,Some Days,Most Days,Most Days,5
Never,Never,Never,Every Day,10
Never,Never,Never,Some Days,7
Every Day,Every Day,Every Day,Some Days,6
Never,Every Day,Never,Some Days,7
Never,Some Days,Never,Most Days,8
Never,Never,Never,Never,6
Never,Most Days,Never,Most Days,6
Every Day,Never,Never,Every Day,9
Never,Never,Never,Some Days,8
Never,Never,Never,Every Day,8
Never,Never,Never,Most Days,8
Never,Never,Some Days,Most Days,7
Never,Some Days,Some Days,Some Days,7
Never,Some Days,Some Days,Most Days,6
Never,Never,Never,Every Day,6
Never,Never,Never,Every Day,6
Every Day,Every Day,Every Day,Never,4
Most Days,Every Day,Most Days,Some Days,7
Every Day,Never,Never,Most Days,8
Every Day,Most Days,Every Day,Some Days,7
Some Days,Some Days,Some Days,Most Days,7
Never,Never,Never,Every Day,9
Never,Never,Never,Never,8
Never,Never,Some Days,Some Days,8
Never,Never,Never,Every Day,6
Never,Never,Never,Every Day,8
Never,Never,Never,Every Day,7
Never,Never,Some Days,Some Days,6
Never,Some Days,Never,Most Days,8
Never,Most Days,Some Days,Some Days,6
Never,Never,Never,Every Day,8
Never,Most Days,Never,Some Days,7
Never,Some Days,Never,Most Days,8
Most Days,Every Day,Every Day,Never,5
Never,Some Days,Never,Most Days,6
Never,Never,Never,Most Days,8
Never,Never,Never,Every Day,8
Never,Some Days,Never,Most Days,7
Never,Some Days,Never,Most Days,7
Never,Never,Some Days,Some Days,6
Never,Some Days,Some Days,Some Days,5
Never,Some Days,Never,Most Days,8
Never,Every Day,Never,Some Days,10
Never,Some Days,Some Days,Most Days,8
Never,Some Days,Never,Some Days,7
Never,Every Day,Never,Some Days,4
Never,Never,Never,Every Day,6
Never,Never,Some Days,Most Days,8
Never,Never,Never,Every Day,9
Some Days,Most Days,Some Days,Never,7
Never,Every Day,Every Day,Some Days,6
Never,Most Days,Every Day,Some Days,2
Never,Never,Never,Some Days,6
Never,Never,Some Days,Some Days,8
Never,Never,Never,Most Days,7
Most Days,Some Days,Some Days,Some Days,8
Never,Some Days,Never,Most Days,4
Never,Never,Never,Most Days,8
Every Day,Some Days,Never,Most Days,8
Never,Never,Never,Most Days,7
Never,Some Days,Never,Most Days,7
Never,Never,Never,Most Days,7
Never,Some Days,Some Days,Never,9
Never,Some Days,Some Days,Some Days,7
Never,Some Days,Some Days,Some Days,7
Every Day,Never,Never,Every Day,8
Never,Never,Never,Some Days,7
Most Days,Every Day,Every Day,Some Days,4
Never,Never,Some Days,Some Days,8
Never,Most Days,Most Days,Never,6
Some Days,Never,Never,Every Day,8
Never,Some Days,Never,Most Days,8
Some Days,Some Days,Some Days,Most Days,7
Never,Most Days,Never,Most Days,8
Never,Most Days,Some Days,Some Days,6
Some Days,Some Days,Some Days,Some Days,7
Never,Never,Never,Most Days,8
Most Days,Most Days,Never,Some Days,6
Never,Every Day,Never,Some Days,7
Never,Never,Some Days,Every Day,8
Never,Never,Never,Most Days,6
Never,Never,Never,Never,8
Never,Most Days,Most Days,Some Days,4
Never,Some Days,Some Days,Most Days,7
Never,Some Days,Most Days,Some Days,6
Never,Never,Never,Every Day,9
Never,Never,Never,Most Days,6
Never,Never,Some Days,Most Days,8
Never,Never,Never,Most Days,7
Never,Never,Some Days,Every Day,7
Never,Some Days,Some Days,Most Days,7
Never,Never,Never,Some Days,6
Every Day,Never,Some Days,Most Days,8
Never,Never,Never,Most Days,8
Never,Never,Never,Most Days,8
Some Days,Some Days,Some Days,Most Days,8
Never,Never,Most Days,Some Days,7
Some Days,Some Days,Some Days,Some Days,6
Never,Never,Some Days,Most Days,7
Never,Never,Some Days,Most Days,8
Never,Never,Never,Some Days,8
