"County, State",Cumulative Case Count,Date,State,County,FIPS,latitude,longitude,num_staffed_beds,num_icu_beds,num_ventilators_est
"Autauga County, Alabama",1281,8/26/2020,Alabama,Autauga,01001,32.53952745,-86.64408227,55,6,4
"Baldwin County, Alabama",4166,8/26/2020,Alabama,Baldwin,01003,30.72774991,-87.72207058,362,51,33
"Barbour County, Alabama",616,8/26/2020,Alabama,Barbour,01005,31.868263,-85.3871286,30,5,3
"Bibb County, Alabama",513,8/26/2020,Alabama,Bibb,01007,32.99642064,-87.1251146,25,4,3
"Blount County, Alabama",968,8/26/2020,Alabama,Blount,01009,33.98210918,-86.56790593,25,6,4
"Bullock County, Alabama",526,8/26/2020,Alabama,Bullock,01011,32.10030533,-85.71265535,30,5,3
"Butler County, Alabama",809,8/26/2020,Alabama,Butler,01013,31.75300095,-86.68057478,44,7,5
"Calhoun County, Alabama",2215,8/26/2020,Alabama,Calhoun,01015,33.77483727,-85.82630386,435,30,20
"Chambers County, Alabama",862,8/26/2020,Alabama,Chambers,01017,32.91360079,-85.39072749,84,15,10
"Cherokee County, Alabama",331,8/26/2020,Alabama,Cherokee,01019,34.17805983,-85.60638968,45,8,5
"Chilton County, Alabama",965,8/26/2020,Alabama,Chilton,01021,32.85044126,-86.7173256,26,6,4
"Choctaw County, Alabama",315,8/26/2020,Alabama,Choctaw,01023,32.02227341,-88.2656443,25,4,3
"Clarke County, Alabama",900,8/26/2020,Alabama,Clarke,01025,31.68099859,-87.83548597,56,10,6
"Clay County, Alabama",333,8/26/2020,Alabama,Clay,01027,33.26984193,-85.85836077,46,4,3
"Cleburne County, Alabama",191,8/26/2020,Alabama,Cleburne,01029,33.67679204,-85.52005899,,,
"Coffee County, Alabama",909,8/26/2020,Alabama,Coffee,01031,31.39932826,-85.98901039,99,7,5
"Colbert County, Alabama",1367,8/26/2020,Alabama,Colbert,01033,34.69847452,-87.80168544,300,22,14
"Conecuh County, Alabama",431,8/26/2020,Alabama,Conecuh,01035,31.43401703,-86.99320044,44,8,5
"Coosa County, Alabama",110,8/26/2020,Alabama,Coosa,01037,32.93690146,-86.24847739,,,
"Covington County, Alabama",796,8/26/2020,Alabama,Covington,01039,31.2477854,-86.45050893,128,13,8
"Crenshaw County, Alabama",377,8/26/2020,Alabama,Crenshaw,01041,31.72941803,-86.31593104,57,5,3
"Cullman County, Alabama",1386,8/26/2020,Alabama,Cullman,01043,34.13020303,-86.86888037,185,12,8
"Dale County, Alabama",975,8/26/2020,Alabama,Dale,01045,31.43037123,-85.61095742,77,6,4
"Dallas County, Alabama",1395,8/26/2020,Alabama,Dallas,01047,32.32688101,-87.1086671,109,23,15
"DeKalb County, Alabama",2010,8/26/2020,Alabama,DeKalb,01049,34.45946862,-85.80782906,97,12,8
"Elmore County, Alabama",1935,8/26/2020,Alabama,Elmore,01051,32.59785413,-86.14415284,70,11,7
"Escambia County, Alabama",1193,8/26/2020,Alabama,Escambia,01053,31.1256789,-87.15918694,95,14,9
"Etowah County, Alabama",2568,8/26/2020,Alabama,Etowah,01055,34.04567266,-86.04051873,590,85,55
"Fayette County, Alabama",272,8/26/2020,Alabama,Fayette,01057,33.72076938,-87.73886638,45,8,5
"Franklin County, Alabama",1465,8/26/2020,Alabama,Franklin,01059,34.44235334,-87.84289505,74,11,7
"Geneva County, Alabama",365,8/26/2020,Alabama,Geneva,01061,31.09389027,-85.83572839,73,6,4
"Greene County, Alabama",273,8/26/2020,Alabama,Greene,01063,32.85504247,-87.95684022,20,4,3
"Hale County, Alabama",517,8/26/2020,Alabama,Hale,01065,32.76039258,-87.63284988,28,5,3
"Henry County, Alabama",310,8/26/2020,Alabama,Henry,01067,31.51148016,-85.24267944,,,
"Houston County, Alabama",1762,8/26/2020,Alabama,Houston,01069,31.15197924,-85.29939599,666,72,47
"Jackson County, Alabama",1238,8/26/2020,Alabama,Jackson,01071,34.78144169,-85.99750489,92,10,6
"Jefferson County, Alabama",15068,8/26/2020,Alabama,Jefferson,01073,33.55554728,-86.895063,3816,393,255
"Lamar County, Alabama",266,8/26/2020,Alabama,Lamar,01075,33.77995024,-88.09668032,,,
"Lauderdale County, Alabama",1364,8/26/2020,Alabama,Lauderdale,01077,34.90171875,-87.65624729,233,36,23
"Lawrence County, Alabama",427,8/26/2020,Alabama,Lawrence,01079,34.52041498,-87.31069453,43,6,4
"Lee County, Alabama",3006,8/26/2020,Alabama,Lee,01081,32.60154883,-85.35132246,299,20,13
"Limestone County, Alabama",1570,8/26/2020,Alabama,Limestone,01083,34.81185586,-86.98310072,97,18,12
"Lowndes County, Alabama",588,8/26/2020,Alabama,Lowndes,01085,32.1597283,-86.65158371,,,
"Macon County, Alabama",380,8/26/2020,Alabama,Macon,01087,32.38759944,-85.69267724,143,0,0
"Madison County, Alabama",6008,8/26/2020,Alabama,Madison,01089,34.76327133,-86.55069633,1240,99,64
"Marengo County, Alabama",621,8/26/2020,Alabama,Marengo,01091,32.24767634,-87.78796182,37,5,3
"Marion County, Alabama",681,8/26/2020,Alabama,Marion,01093,34.13697363,-87.88704173,97,8,5
"Marshall County, Alabama",3438,8/26/2020,Alabama,Marshall,01095,34.36975964,-86.30486727,150,20,13
"Mobile County, Alabama",11731,8/26/2020,Alabama,Mobile,01097,30.78472347,-88.20842409,1524,246,160
"Monroe County, Alabama",439,8/26/2020,Alabama,Monroe,01099,31.56729412,-87.36995001,49,8,5
"Montgomery County, Alabama",7497,8/26/2020,Alabama,Montgomery,01101,32.2206831,-86.20969272,1018,86,56
"Morgan County, Alabama",2698,8/26/2020,Alabama,Morgan,01103,34.45500589,-86.85475946,222,23,15
"Perry County, Alabama",473,8/26/2020,Alabama,Perry,01105,32.64048341,-87.29770589,,,
"Pickens County, Alabama",508,8/26/2020,Alabama,Pickens,01107,33.28094866,-88.08818103,,,
"Pike County, Alabama",802,8/26/2020,Alabama,Pike,01109,31.80396383,-85.9408295,97,9,6
"Randolph County, Alabama",450,8/26/2020,Alabama,Randolph,01111,33.29526734,-85.45708831,15,3,2
"Russell County, Alabama",1503,8/26/2020,Alabama,Russell,01113,32.28725256,-85.18415324,105,10,6
"Shelby County, Alabama",3732,8/26/2020,Alabama,Shelby,01117,33.26879845,-86.66232561,246,32,21
"St. Clair County, Alabama",1568,8/26/2020,Alabama,St. Clair,01115,33.71902176,-86.31029372,40,6,4
"Sumter County, Alabama",393,8/26/2020,Alabama,Sumter,01119,32.59117397,-88.19916205,33,6,4
"Talladega County, Alabama",1222,8/26/2020,Alabama,Talladega,01121,33.37823223,-86.16886178,225,14,9
"Tallapoosa County, Alabama",910,8/26/2020,Alabama,Tallapoosa,01123,32.86698258,-85.79833053,80,14,9
"Tuscaloosa County, Alabama",4899,8/26/2020,Alabama,Tuscaloosa,01125,33.28726072,-87.52556818,900,57,37
"Walker County, Alabama",1758,8/26/2020,Alabama,Walker,01127,33.80270512,-87.30027177,207,12,8
"Washington County, Alabama",494,8/26/2020,Alabama,Washington,01129,31.4092794,-88.20689944,15,3,2
"Wilcox County, Alabama",475,8/26/2020,Alabama,Wilcox,01131,31.98773215,-87.30891118,21,4,3
"Winston County, Alabama",512,8/26/2020,Alabama,Winston,01133,34.15030532,-87.37325922,49,4,3
"Aleutians East County, Alaska",2,8/26/2020,Alaska,Aleutians East,02013,55.32222414,-161.9722021,,,
"Aleutians West County, Alaska",6,8/26/2020,Alaska,Aleutians West,02016,52.3233,-174.1596,,,
"Anchorage County, Alaska",2777,8/26/2020,Alaska,Anchorage,02020,61.14998174,-149.1426986,973,109,71
"Bethel County, Alaska",55,8/26/2020,Alaska,Bethel,02050,60.90980451,-159.8561831,34,6,4
"Bristol Bay County, Alaska",11,8/26/2020,Alaska,Bristol Bay,02060,58.74513976,-156.701064,,,
"Denali County, Alaska",1,8/26/2020,Alaska,Denali,02068,63.67264044,-150.0076108,,,
"Dillingham County, Alaska",5,8/26/2020,Alaska,Dillingham,02070,59.79603738,-158.2381942,16,3,2
"Fairbanks North Star County, Alaska",575,8/26/2020,Alaska,Fairbanks North Star,02090,64.80726247,-146.5692662,145,13,8
"Haines County, Alaska",5,8/26/2020,Alaska,Haines,02100,59.09893571,-135.4679843,,,
"Hoonah-Angoon County, Alaska",0,8/26/2020,Alaska,Hoonah-Angoon,02105,58.29307365,-135.6424424,,,
"Juneau County, Alaska",164,8/26/2020,Alaska,Juneau,02110,58.45031811,-134.200436,45,9,6
"Kenai Peninsula County, Alaska",406,8/26/2020,Alaska,Kenai Peninsula,02122,60.24429722,-151.5388884,76,11,7
"Ketchikan Gateway County, Alaska",43,8/26/2020,Alaska,Ketchikan Gateway,02130,55.57445008,-130.975561,25,4,3
"Kodiak Island County, Alaska",14,8/26/2020,Alaska,Kodiak Island,02150,57.65529415,-153.7493579,24,4,3
"Kusilvak County, Alaska",8,8/26/2020,Alaska,Kusilvak,02158,62.1542916,-163.3967883,,,
"Lake and Peninsula County, Alaska",0,8/26/2020,Alaska,Lake and Peninsula,02164,58.62403337,-156.2140589,,,
"Matanuska-Susitna County, Alaska",454,8/26/2020,Alaska,Matanuska-Susitna,02170,62.31305045,-149.5741743,74,14,9
"Nome County, Alaska",32,8/26/2020,Alaska,Nome,02180,64.90320724,-164.0353804,18,3,2
"North Slope County, Alaska",34,8/26/2020,Alaska,North Slope,02185,69.31479216,-153.4836093,14,3,2
"Northwest Arctic County, Alaska",65,8/26/2020,Alaska,Northwest Arctic,02188,67.04919196,-159.7503946,17,3,2
"Petersburg County, Alaska",7,8/26/2020,Alaska,Petersburg,02195,57.13978948,-132.9540995,12,2,1
"Prince of Wales-Hyder County, Alaska",20,8/26/2020,Alaska,Prince of Wales-Hyder,02198,55.76261984,-133.0511621,,,
"Sitka County, Alaska",34,8/26/2020,Alaska,Sitka,02220,57.24124555,-135.3206587,27,4,3
"Skagway County, Alaska",0,8/26/2020,Alaska,Skagway,02230,59.56149996,-135.3337748,,,
"Southeast Fairbanks County, Alaska",18,8/26/2020,Alaska,Southeast Fairbanks,02240,63.87692095,-143.2127643,,,
"Valdez-Cordova County, Alaska",71,8/26/2020,Alaska,Valdez-Cordova,02261,61.47502768,-144.7126799,24,4,3
"Wrangell County, Alaska",9,8/26/2020,Alaska,Wrangell,02275,56.3202004,-132.0583731,8,1,1
"Yakutat County, Alaska",11,8/26/2020,Alaska,Yakutat,02282,59.8909808,-140.3601451,,,
"Yukon-Koyukuk County, Alaska",66,8/26/2020,Alaska,Yukon-Koyukuk,02290,65.50815459,-151.3907387,,,
"Apache County, Arizona",3315,8/26/2020,Arizona,Apache,04001,35.39465006,-109.4892383,162,29,19
"Cochise County, Arizona",1802,8/26/2020,Arizona,Cochise,04003,31.87934684,-109.7516088,135,22,14
"Coconino County, Arizona",3266,8/26/2020,Arizona,Coconino,04005,35.83883429,-111.7707178,396,61,40
"Gila County, Arizona",1081,8/26/2020,Arizona,Gila,04007,33.80190085,-110.8132779,50,8,5
"Graham County, Arizona",698,8/26/2020,Arizona,Graham,04009,32.93166885,-109.8882178,57,10,6
"Greenlee County, Arizona",58,8/26/2020,Arizona,Greenlee,04011,33.21498827,-109.2405279,,,
"La Paz County, Arizona",496,8/26/2020,Arizona,La Paz,04012,33.72854224,-113.9810029,42,6,4
"Maricopa County, Arizona",132434,8/26/2020,Arizona,Maricopa,04013,33.34835867,-112.4918154,9796,1137,739
"Mohave County, Arizona",3541,8/26/2020,Arizona,Mohave,04015,35.70471703,-113.7577902,551,80,52
"Navajo County, Arizona",5529,8/26/2020,Arizona,Navajo,04017,35.3997715,-110.3218983,176,24,16
"Pima County, Arizona",20911,8/26/2020,Arizona,Pima,04019,32.0971334,-111.7890033,3155,377,245
"Pinal County, Arizona",9247,8/26/2020,Arizona,Pinal,04021,32.90525627,-111.3449483,401,39,25
"Santa Cruz County, Arizona",2718,8/26/2020,Arizona,Santa Cruz,04023,31.52508998,-110.8479088,25,4,3
"Yavapai County, Arizona",2260,8/26/2020,Arizona,Yavapai,04025,34.59933926,-112.5538588,302,43,28
"Yuma County, Arizona",12103,8/26/2020,Arizona,Yuma,04027,32.76895712,-113.9066674,447,42,27
"Arkansas County, Arkansas",270,8/26/2020,Arkansas,Arkansas,05001,34.29145151,-91.37277296,74,13,8
"Ashley County, Arkansas",383,8/26/2020,Arkansas,Ashley,05003,33.19153461,-91.7698471,25,6,4
"Baxter County, Arkansas",121,8/26/2020,Arkansas,Baxter,05005,36.28784385,-92.33782872,170,17,11
"Benton County, Arkansas",5147,8/26/2020,Arkansas,Benton,05007,36.33644656,-94.25680817,311,34,22
"Boone County, Arkansas",292,8/26/2020,Arkansas,Boone,05009,36.3084504,-93.09374925,120,24,16
"Bradley County, Arkansas",271,8/26/2020,Arkansas,Bradley,05011,33.46755808,-92.15980837,25,4,3
"Calhoun County, Arkansas",23,8/26/2020,Arkansas,Calhoun,05013,33.55598792,-92.49974403,,,
"Carroll County, Arkansas",442,8/26/2020,Arkansas,Carroll,05015,36.3403856,-93.54270261,40,8,5
"Chicot County, Arkansas",943,8/26/2020,Arkansas,Chicot,05017,33.26458973,-91.29539209,35,4,3
"Clark County, Arkansas",218,8/26/2020,Arkansas,Clark,05019,34.04613432,-93.17484713,25,4,3
"Clay County, Arkansas",167,8/26/2020,Arkansas,Clay,05021,36.36826212,-90.4148172,25,4,3
"Cleburne County, Arkansas",249,8/26/2020,Arkansas,Cleburne,05023,35.53864922,-92.02640019,25,4,3
"Cleveland County, Arkansas",132,8/26/2020,Arkansas,Cleveland,05025,33.89723187,-92.18537045,,,
"Columbia County, Arkansas",286,8/26/2020,Arkansas,Columbia,05027,33.21230701,-93.22642793,30,6,4
"Conway County, Arkansas",195,8/26/2020,Arkansas,Conway,05029,35.26205537,-92.70506566,25,4,3
"Craighead County, Arkansas",1728,8/26/2020,Arkansas,Craighead,05031,35.83018283,-90.63235729,561,74,48
"Crawford County, Arkansas",865,8/26/2020,Arkansas,Crawford,05033,35.58928601,-94.2446814,35,8,5
"Crittenden County, Arkansas",1602,8/26/2020,Arkansas,Crittenden,05035,35.21247318,-90.30839406,11,2,1
"Cross County, Arkansas",248,8/26/2020,Arkansas,Cross,05037,35.29631396,-90.77185818,15,3,2
"Dallas County, Arkansas",104,8/26/2020,Arkansas,Dallas,05039,33.97042763,-92.65167437,22,4,3
"Desha County, Arkansas",225,8/26/2020,Arkansas,Desha,05041,33.83011025,-91.25500948,50,8,5
"Drew County, Arkansas",295,8/26/2020,Arkansas,Drew,05043,33.59035001,-91.71777921,49,5,3
"Faulkner County, Arkansas",1593,8/26/2020,Arkansas,Faulkner,05045,35.14719007,-92.33717519,355,25,16
"Franklin County, Arkansas",156,8/26/2020,Arkansas,Franklin,05047,35.51202821,-93.89299569,25,4,3
"Fulton County, Arkansas",62,8/26/2020,Arkansas,Fulton,05049,36.38177105,-91.81729127,25,4,3
"Garland County, Arkansas",1348,8/26/2020,Arkansas,Garland,05051,34.57692074,-93.14921604,423,48,31
"Grant County, Arkansas",174,8/26/2020,Arkansas,Grant,05053,34.29017991,-92.42320562,,,
"Greene County, Arkansas",598,8/26/2020,Arkansas,Greene,05055,36.1173546,-90.55832668,114,8,5
"Hempstead County, Arkansas",318,8/26/2020,Arkansas,Hempstead,05057,33.73325583,-93.66935133,67,8,5
"Hot Spring County, Arkansas",1687,8/26/2020,Arkansas,Hot Spring,05059,34.31709259,-92.95396325,64,6,4
"Howard County, Arkansas",398,8/26/2020,Arkansas,Howard,05061,34.09007427,-93.9934871,20,6,4
"Independence County, Arkansas",723,8/26/2020,Arkansas,Independence,05063,35.74242707,-91.57001641,170,12,8
"Izard County, Arkansas",83,8/26/2020,Arkansas,Izard,05065,36.09604046,-91.90847954,25,4,3
"Jackson County, Arkansas",175,8/26/2020,Arkansas,Jackson,05067,35.59802983,-91.21494602,,,
"Jefferson County, Arkansas",1970,8/26/2020,Arkansas,Jefferson,05069,34.26767081,-91.92619839,271,34,22
"Johnson County, Arkansas",745,8/26/2020,Arkansas,Johnson,05071,35.56759135,-93.46036368,57,8,5
"Lafayette County, Arkansas",66,8/26/2020,Arkansas,Lafayette,05073,33.24116713,-93.60677071,,,
"Lawrence County, Arkansas",244,8/26/2020,Arkansas,Lawrence,05075,36.04188196,-91.10867198,25,4,3
"Lee County, Arkansas",996,8/26/2020,Arkansas,Lee,05077,34.78498904,-90.78383866,,,
"Lincoln County, Arkansas",1398,8/26/2020,Arkansas,Lincoln,05079,33.95317155,-91.74002806,,,
"Little River County, Arkansas",271,8/26/2020,Arkansas,Little River,05081,33.70375665,-94.23468591,25,4,3
"Logan County, Arkansas",355,8/26/2020,Arkansas,Logan,05083,35.21413234,-93.71951016,40,7,5
"Lonoke County, Arkansas",674,8/26/2020,Arkansas,Lonoke,05085,34.75392199,-91.88742357,,,
"Madison County, Arkansas",287,8/26/2020,Arkansas,Madison,05087,36.01038185,-93.72524943,,,
"Marion County, Arkansas",43,8/26/2020,Arkansas,Marion,05089,36.26844485,-92.68451899,,,
"Miller County, Arkansas",584,8/26/2020,Arkansas,Miller,05091,33.31403423,-93.89285258,54,0,0
"Mississippi County, Arkansas",1292,8/26/2020,Arkansas,Mississippi,05093,35.76271485,-90.0519437,124,9,6
"Monroe County, Arkansas",91,8/26/2020,Arkansas,Monroe,05095,34.6815935,-91.20540287,,,
"Montgomery County, Arkansas",65,8/26/2020,Arkansas,Montgomery,05097,34.53704874,-93.65824478,,,
"Nevada County, Arkansas",158,8/26/2020,Arkansas,Nevada,05099,33.66340119,-93.30632432,,,
"Newton County, Arkansas",110,8/26/2020,Arkansas,Newton,05101,35.91947491,-93.21612969,,,
"Ouachita County, Arkansas",135,8/26/2020,Arkansas,Ouachita,05103,33.58839816,-92.87795984,87,8,5
"Perry County, Arkansas",59,8/26/2020,Arkansas,Perry,05105,34.9459153,-92.94372564,,,
"Phillips County, Arkansas",385,8/26/2020,Arkansas,Phillips,05107,34.43268455,-90.84800154,127,6,4
"Pike County, Arkansas",163,8/26/2020,Arkansas,Pike,05109,34.16250414,-93.65789349,,,
"Poinsett County, Arkansas",452,8/26/2020,Arkansas,Poinsett,05111,35.57433534,-90.66268713,,,
"Polk County, Arkansas",212,8/26/2020,Arkansas,Polk,05113,34.48254879,-94.22728802,41,6,4
"Pope County, Arkansas",1620,8/26/2020,Arkansas,Pope,05115,35.44871474,-93.03212219,137,11,7
"Prairie County, Arkansas",114,8/26/2020,Arkansas,Prairie,05117,34.83624419,-91.55162157,,,
"Pulaski County, Arkansas",6761,8/26/2020,Arkansas,Pulaski,05119,34.77054088,-92.31355101,3565,220,143
"Randolph County, Arkansas",292,8/26/2020,Arkansas,Randolph,05121,36.3415714,-91.02455531,32,2,1
"Saline County, Arkansas",1475,8/26/2020,Arkansas,Saline,05125,34.64916145,-92.67583224,210,16,10
"Scott County, Arkansas",84,8/26/2020,Arkansas,Scott,05127,34.85588887,-94.0632176,24,4,3
"Searcy County, Arkansas",73,8/26/2020,Arkansas,Searcy,05129,35.9109364,-92.69936482,,,
"Sebastian County, Arkansas",2753,8/26/2020,Arkansas,Sebastian,05131,35.19605503,-94.27162713,779,80,52
"Sevier County, Arkansas",1142,8/26/2020,Arkansas,Sevier,05133,33.99780401,-94.2424869,,,
"Sharp County, Arkansas",145,8/26/2020,Arkansas,Sharp,05135,36.16258158,-91.47819342,,,
"St. Francis County, Arkansas",1282,8/26/2020,Arkansas,St. Francis,05123,35.02201976,-90.74828138,56,6,4
"Stone County, Arkansas",169,8/26/2020,Arkansas,Stone,05137,35.86251946,-92.15684085,25,4,3
"Union County, Arkansas",653,8/26/2020,Arkansas,Union,05139,33.16887091,-92.59746952,111,16,10
"Van Buren County, Arkansas",106,8/26/2020,Arkansas,Van Buren,05141,35.58095779,-92.51295036,25,4,3
"Washington County, Arkansas",6659,8/26/2020,Arkansas,Washington,05143,35.976844,-94.21800746,909,78,51
"White County, Arkansas",480,8/26/2020,Arkansas,White,05145,35.25688493,-91.74908296,272,17,11
"Woodruff County, Arkansas",27,8/26/2020,Arkansas,Woodruff,05147,35.18902527,-91.2439489,,,
"Yell County, Arkansas",1118,8/26/2020,Arkansas,Yell,05149,35.00292371,-93.41171338,55,9,6
"Alameda County, California",17385,8/26/2020,California,Alameda,06001,37.64629437,-121.8929271,3570,331,215
"Alpine County, California",2,8/26/2020,California,Alpine,06003,38.59678594,-119.8223594,,,
"Amador County, California",270,8/26/2020,California,Amador,06005,38.44583082,-120.65696,52,6,4
"Butte County, California",1718,8/26/2020,California,Butte,06007,39.66727762,-121.6005252,491,47,31
"Calaveras County, California",223,8/26/2020,California,Calaveras,06009,38.20537103,-120.552913,25,5,3
"Colusa County, California",430,8/26/2020,California,Colusa,06011,39.17881957,-122.2331726,42,0,0
"Contra Costa County, California",13181,8/26/2020,California,Contra Costa,06013,37.91923498,-121.9289527,1636,172,112
"Del Norte County, California",121,8/26/2020,California,Del Norte,06015,41.74228275,-123.8974063,39,6,4
"El Dorado County, California",932,8/26/2020,California,El Dorado,06017,38.77965956,-120.5233166,189,28,18
"Fresno County, California",23932,8/26/2020,California,Fresno,06019,36.75733899,-119.6466953,1767,418,272
"Glenn County, California",433,8/26/2020,California,Glenn,06021,39.59875897,-122.3938452,15,3,2
"Humboldt County, California",361,8/26/2020,California,Humboldt,06023,40.69923009,-123.876044,233,27,18
"Imperial County, California",10509,8/26/2020,California,Imperial,06025,33.0393082,-115.3669042,268,28,18
"Inyo County, California",168,8/26/2020,California,Inyo,06027,36.51112084,-117.4111978,29,5,3
"Kern County, California",28520,8/26/2020,California,Kern,06029,35.34329425,-118.7277796,1497,160,104
"Kings County, California",5977,8/26/2020,California,Kings,06031,36.07409056,-119.8159973,142,22,14
"Lake County, California",304,8/26/2020,California,Lake,06033,39.10124298,-122.7536244,50,8,5
"Lassen County, California",714,8/26/2020,California,Lassen,06035,40.67311306,-120.5935099,25,4,3
"Los Angeles County, California",235386,8/26/2020,California,Los Angeles,06037,34.30828379,-118.2282411,23367,2352,1529
"Madera County, California",3551,8/26/2020,California,Madera,06039,37.21513971,-119.7665589,464,52,34
"Marin County, California",5965,8/26/2020,California,Marin,06041,38.07122463,-122.7210631,441,47,31
"Mariposa County, California",70,8/26/2020,California,Mariposa,06043,37.57978556,-119.9073334,18,3,2
"Mendocino County, California",653,8/26/2020,California,Mendocino,06045,39.4381191,-123.3911313,100,14,9
"Merced County, California",7693,8/26/2020,California,Merced,06047,37.18922369,-120.7209035,242,24,16
"Modoc County, California",5,8/26/2020,California,Modoc,06049,41.58965602,-120.7244817,20,4,3
"Mono County, California",162,8/26/2020,California,Mono,06051,37.93899289,-118.8872409,17,2,1
"Monterey County, California",7393,8/26/2020,California,Monterey,06053,36.21862405,-121.2413397,709,47,31
"Napa County, California",1374,8/26/2020,California,Napa,06055,38.50735751,-122.332839,339,48,31
"Nevada County, California",430,8/26/2020,California,Nevada,06057,39.30394768,-120.7627281,129,10,6
"Orange County, California",47090,8/26/2020,California,Orange,06059,33.70147516,-117.7645998,5777,703,457
"Placer County, California",2852,8/26/2020,California,Placer,06061,39.06167234,-120.7240569,693,70,46
"Plumas County, California",40,8/26/2020,California,Plumas,06063,40.00355989,-120.8395236,36,8,5
"Riverside County, California",51538,8/26/2020,California,Riverside,06065,33.74314981,-115.9933578,3417,385,250
"Sacramento County, California",16742,8/26/2020,California,Sacramento,06067,38.45106826,-121.3425374,3209,377,245
"San Benito County, California",998,8/26/2020,California,San Benito,06069,36.60308176,-121.069975,49,8,5
"San Bernardino County, California",46051,8/26/2020,California,San Bernardino,06071,34.84060306,-116.1774685,4650,611,397
"San Diego County, California",37222,8/26/2020,California,San Diego,06073,33.03484597,-116.7365326,6332,698,454
"San Francisco County, California",9060,8/26/2020,California,San Francisco,06075,37.75215114,-122.4385672,2784,404,263
"San Joaquin County, California",16795,8/26/2020,California,San Joaquin,06077,37.93433732,-121.2730061,1334,110,72
"San Luis Obispo County, California",2769,8/26/2020,California,San Luis Obispo,06079,35.38822029,-120.4039028,501,63,41
"San Mateo County, California",7849,8/26/2020,California,San Mateo,06081,37.4228808,-122.3275546,1634,133,86
"Santa Barbara County, California",7869,8/26/2020,California,Santa Barbara,06083,34.65329488,-120.0188492,631,84,55
"Santa Clara County, California",16306,8/26/2020,California,Santa Clara,06085,37.23104908,-121.6970462,4352,445,289
"Santa Cruz County, California",1714,8/26/2020,California,Santa Cruz,06087,37.05580291,-122.0066524,354,27,18
"Shasta County, California",554,8/26/2020,California,Shasta,06089,40.76391419,-122.0396884,576,96,62
"Sierra County, California",6,8/26/2020,California,Sierra,06091,39.57713498,-120.5200701,,,
"Siskiyou County, California",125,8/26/2020,California,Siskiyou,06093,41.59198861,-122.5407434,50,8,5
"Solano County, California",5280,8/26/2020,California,Solano,06095,38.26827353,-121.9357113,1017,104,68
"Sonoma County, California",5422,8/26/2020,California,Sonoma,06097,38.52746429,-122.8862506,824,82,53
"Stanislaus County, California",13886,8/26/2020,California,Stanislaus,06099,37.55862499,-120.9970722,1380,123,80
"Sutter County, California",1312,8/26/2020,California,Sutter,06101,39.03417539,-121.6945899,30,2,1
"Tehama County, California",394,8/26/2020,California,Tehama,06103,40.12570935,-122.2370171,65,11,7
"Trinity County, California",10,8/26/2020,California,Trinity,06105,40.6491767,-123.114713,25,4,3
"Tulare County, California",13609,8/26/2020,California,Tulare,06107,36.22026558,-118.8020203,746,84,55
"Tuolumne County, California",179,8/26/2020,California,Tuolumne,06109,38.02644018,-119.9525093,84,6,4
"Ventura County, California",10313,8/26/2020,California,Ventura,06111,34.44465746,-119.0910613,1388,162,105
"Yolo County, California",2274,8/26/2020,California,Yolo,06113,38.68278902,-121.9018288,125,14,9
"Yuba County, California",883,8/26/2020,California,Yuba,06115,39.26255932,-121.3535644,149,24,16
"Adams County, Colorado",7285,8/26/2020,Colorado,Adams,08001,39.87432092,-104.3362578,1613,232,151
"Alamosa County, Colorado",238,8/26/2020,Colorado,Alamosa,08003,37.57250606,-105.7885451,49,6,4
"Arapahoe County, Colorado",7928,8/26/2020,Colorado,Arapahoe,08005,39.64977461,-104.3353617,1031,148,96
"Archuleta County, Colorado",46,8/26/2020,Colorado,Archuleta,08007,37.19474156,-107.0476867,11,2,1
"Baca County, Colorado",16,8/26/2020,Colorado,Baca,08009,37.31940883,-102.5603223,15,3,2
"Bent County, Colorado",11,8/26/2020,Colorado,Bent,08011,37.95474293,-103.0720195,,,
"Boulder County, Colorado",2252,8/26/2020,Colorado,Boulder,08013,40.09313619,-105.3546767,715,72,47
"Broomfield County, Colorado",521,8/26/2020,Colorado,Broomfield,08014,39.95998787,-105.0566324,22,4,3
"Chaffee County, Colorado",314,8/26/2020,Colorado,Chaffee,08015,38.74745778,-106.1926573,25,2,1
"Cheyenne County, Colorado",9,8/26/2020,Colorado,Cheyenne,08017,38.82777431,-102.6032558,11,2,1
"Clear Creek County, Colorado",34,8/26/2020,Colorado,Clear Creek,08019,39.68864463,-105.6463118,,,
"Conejos County, Colorado",31,8/26/2020,Colorado,Conejos,08021,37.201606,-106.1917488,17,3,2
"Costilla County, Colorado",32,8/26/2020,Colorado,Costilla,08023,37.27732493,-105.4276548,,,
"Crowley County, Colorado",73,8/26/2020,Colorado,Crowley,08025,38.32608609,-103.7844965,,,
"Custer County, Colorado",15,8/26/2020,Colorado,Custer,08027,38.10883162,-105.3683478,,,
"Delta County, Colorado",148,8/26/2020,Colorado,Delta,08029,38.86246243,-107.8631342,49,6,4
"Denver County, Colorado",11021,8/26/2020,Colorado,Denver,08031,39.76018276,-104.8725695,2000,294,191
"Dolores County, Colorado",2,8/26/2020,Colorado,Dolores,08033,37.75208676,-108.5211585,,,
"Douglas County, Colorado",1941,8/26/2020,Colorado,Douglas,08035,39.33133796,-104.930001,771,70,46
"Eagle County, Colorado",1168,8/26/2020,Colorado,Eagle,08037,39.62754308,-106.6933637,56,5,3
"El Paso County, Colorado",5845,8/26/2020,Colorado,El Paso,08041,38.83240149,-104.5251411,1334,130,84
"Elbert County, Colorado",119,8/26/2020,Colorado,Elbert,08039,39.28656773,-104.1358721,,,
"Fremont County, Colorado",153,8/26/2020,Colorado,Fremont,08043,38.47362326,-105.4399667,25,4,3
"Garfield County, Colorado",825,8/26/2020,Colorado,Garfield,08045,39.59921777,-107.902708,53,8,5
"Gilpin County, Colorado",17,8/26/2020,Colorado,Gilpin,08047,39.85646523,-105.5252597,,,
"Grand County, Colorado",60,8/26/2020,Colorado,Grand,08049,40.10603347,-106.1178042,21,3,2
"Gunnison County, Colorado",289,8/26/2020,Colorado,Gunnison,08051,38.66611652,-107.0320729,20,3,2
"Hinsdale County, Colorado",3,8/26/2020,Colorado,Hinsdale,08053,37.82247444,-107.3004345,,,
"Huerfano County, Colorado",8,8/26/2020,Colorado,Huerfano,08055,37.68473101,-104.9612585,16,3,2
"Jackson County, Colorado",9,8/26/2020,Colorado,Jackson,08057,40.6659387,-106.3408905,,,
"Jefferson County, Colorado",4670,8/26/2020,Colorado,Jefferson,08059,39.58635604,-105.2517692,464,104,68
"Kiowa County, Colorado",0,8/26/2020,Colorado,Kiowa,08061,38.43260896,-102.7392145,25,4,3
"Kit Carson County, Colorado",74,8/26/2020,Colorado,Kit Carson,08063,39.30497777,-102.6022199,19,3,2
"La Plata County, Colorado",234,8/26/2020,Colorado,La Plata,08067,37.28632032,-107.8429014,94,13,8
"Lake County, Colorado",80,8/26/2020,Colorado,Lake,08065,39.20278823,-106.3555697,8,1,1
"Larimer County, Colorado",1849,8/26/2020,Colorado,Larimer,08069,40.66671597,-105.4625784,712,64,42
"Las Animas County, Colorado",19,8/26/2020,Colorado,Las Animas,08071,37.3153406,-104.0376458,25,4,3
"Lincoln County, Colorado",8,8/26/2020,Colorado,Lincoln,08073,38.98749519,-103.5136649,15,3,2
"Logan County, Colorado",672,8/26/2020,Colorado,Logan,08075,40.7249637,-103.110817,25,4,3
"Mesa County, Colorado",393,8/26/2020,Colorado,Mesa,08077,39.01787888,-108.469799,452,35,23
"Mineral County, Colorado",19,8/26/2020,Colorado,Mineral,08079,37.66954283,-106.9281698,,,
"Moffat County, Colorado",35,8/26/2020,Colorado,Moffat,08081,40.61810999,-108.2070876,25,4,3
"Montezuma County, Colorado",122,8/26/2020,Colorado,Montezuma,08083,37.33859579,-108.5958857,25,4,3
"Montrose County, Colorado",338,8/26/2020,Colorado,Montrose,08085,38.40214114,-108.2639022,50,8,5
"Morgan County, Colorado",710,8/26/2020,Colorado,Morgan,08087,40.2627981,-103.8093302,61,10,6
"Otero County, Colorado",81,8/26/2020,Colorado,Otero,08089,37.9014485,-103.7173385,25,5,3
"Ouray County, Colorado",22,8/26/2020,Colorado,Ouray,08091,38.14717457,-107.7675136,,,
"Park County, Colorado",43,8/26/2020,Colorado,Park,08093,39.120926,-105.7182065,,,
"Phillips County, Colorado",19,8/26/2020,Colorado,Phillips,08095,40.59414277,-102.3577703,40,7,5
"Pitkin County, Colorado",195,8/26/2020,Colorado,Pitkin,08097,39.21720112,-106.9310027,25,4,3
"Prowers County, Colorado",79,8/26/2020,Colorado,Prowers,08099,37.95544985,-102.3926052,25,4,3
"Pueblo County, Colorado",821,8/26/2020,Colorado,Pueblo,08101,38.17359144,-104.5127437,762,17,11
"Rio Blanco County, Colorado",21,8/26/2020,Colorado,Rio Blanco,08103,39.97913541,-108.2179009,35,6,4
"Rio Grande County, Colorado",94,8/26/2020,Colorado,Rio Grande,08105,37.5836865,-106.3847838,17,3,2
"Routt County, Colorado",132,8/26/2020,Colorado,Routt,08107,40.48596505,-106.9905548,39,4,3
"Saguache County, Colorado",110,8/26/2020,Colorado,Saguache,08109,38.08054629,-106.282466,,,
"San Juan County, Colorado",2,8/26/2020,Colorado,San Juan,08111,37.76248981,-107.6763289,,,
"San Miguel County, Colorado",93,8/26/2020,Colorado,San Miguel,08113,38.00450883,-108.4020725,,,
"Sedgwick County, Colorado",12,8/26/2020,Colorado,Sedgwick,08115,40.87595412,-102.3519227,9,2,1
"Summit County, Colorado",361,8/26/2020,Colorado,Summit,08117,39.63803232,-106.1150762,34,8,5
"Teller County, Colorado",158,8/26/2020,Colorado,Teller,08119,38.88133511,-105.1614893,15,3,2
"Washington County, Colorado",52,8/26/2020,Colorado,Washington,08121,39.97015535,-103.202587,,,
"Weld County, Colorado",3979,8/26/2020,Colorado,Weld,08123,40.55499405,-104.3929621,225,33,21
"Yuma County, Colorado",63,8/26/2020,Colorado,Yuma,08125,40.00346839,-102.4258673,30,6,4
"Fairfield County, Connecticut",18667,8/26/2020,Connecticut,Fairfield,09001,41.26809896,-73.3881171,1694,173,112
"Hartford County, Connecticut",13273,8/26/2020,Connecticut,Hartford,09003,41.80283011,-72.73103891,2900,476,309
"Litchfield County, Connecticut",1662,8/26/2020,Connecticut,Litchfield,09005,41.7937534,-73.2451475,157,21,14
"Middlesex County, Connecticut",1437,8/26/2020,Connecticut,Middlesex,09007,41.45949668,-72.53714864,714,40,26
"New Haven County, Connecticut",13556,8/26/2020,Connecticut,New Haven,09009,41.4080325,-72.93620426,1721,201,131
"New London County, Connecticut",1526,8/26/2020,Connecticut,New London,09011,41.48896435,-72.10430976,419,25,16
"Tolland County, Connecticut",1093,8/26/2020,Connecticut,Tolland,09013,41.85853803,-72.3308481,209,16,10
"Windham County, Connecticut",785,8/26/2020,Connecticut,Windham,09015,41.82972709,-71.98182316,144,14,9
"Kent County, Delaware",2560,8/26/2020,Delaware,Kent,10001,39.08646628,-75.56884914,414,29,19
"New Castle County, Delaware",7925,8/26/2020,Delaware,New Castle,10003,39.57992638,-75.64054974,1777,183,119
"Sussex County, Delaware",6225,8/26/2020,Delaware,Sussex,10005,38.66143781,-75.39031349,507,52,34
"District of Columbia County, District of Columbia",13684,8/26/2020,District of Columbia,District of Columbia,11001,38.90417773,-77.01655992,3260,407,265
"Alachua County, Florida",5053,8/26/2020,Florida,Alachua,12001,29.67866525,-82.35928158,1537,230,150
"Baker County, Florida",1132,8/26/2020,Florida,Baker,12003,30.33060121,-82.28467476,81,4,3
"Bay County, Florida",5237,8/26/2020,Florida,Bay,12005,30.26548745,-85.62122584,676,77,50
"Bradford County, Florida",673,8/26/2020,Florida,Bradford,12007,29.95079741,-82.16611613,,,
"Brevard County, Florida",7040,8/26/2020,Florida,Brevard,12009,28.29409504,-80.73091022,1861,288,187
"Broward County, Florida",69883,8/26/2020,Florida,Broward,12011,26.15184651,-80.48725556,4713,525,341
"Calhoun County, Florida",546,8/26/2020,Florida,Calhoun,12013,30.40666734,-85.19394153,15,3,2
"Charlotte County, Florida",2582,8/26/2020,Florida,Charlotte,12015,26.90131002,-81.92949121,607,51,33
"Citrus County, Florida",1996,8/26/2020,Florida,Citrus,12017,28.84804315,-82.47614748,332,40,26
"Clay County, Florida",3759,8/26/2020,Florida,Clay,12019,29.98319144,-81.85609986,459,42,27
"Collier County, Florida",11376,8/26/2020,Florida,Collier,12021,26.11091986,-81.34687065,750,81,53
"Columbia County, Florida",3269,8/26/2020,Florida,Columbia,12023,30.22509788,-82.62160164,456,28,18
"DeSoto County, Florida",1457,8/26/2020,Florida,DeSoto,12027,27.18677893,-81.80941373,49,8,5
"Dixie County, Florida",681,8/26/2020,Florida,Dixie,12029,29.60631086,-83.15724673,,,
"Duval County, Florida",25879,8/26/2020,Florida,Duval,12031,30.33225875,-81.66976468,3119,416,270
"Escambia County, Florida",10944,8/26/2020,Florida,Escambia,12033,30.67652764,-87.37284571,1258,111,72
"Flagler County, Florida",1275,8/26/2020,Florida,Flagler,12035,29.45933576,-81.31508595,99,18,12
"Franklin County, Florida",522,8/26/2020,Florida,Franklin,12037,29.83791238,-84.82731662,25,4,3
"Gadsden County, Florida",2240,8/26/2020,Florida,Gadsden,12039,30.57796289,-84.61915825,24,4,3
"Gilchrist County, Florida",443,8/26/2020,Florida,Gilchrist,12041,29.72856978,-82.79880657,,,
"Glades County, Florida",451,8/26/2020,Florida,Glades,12043,26.95635849,-81.18996211,,,
"Gulf County, Florida",801,8/26/2020,Florida,Gulf,12045,29.93543004,-85.2427099,19,3,2
"Hamilton County, Florida",681,8/26/2020,Florida,Hamilton,12047,30.49673973,-82.94998918,,,
"Hardee County, Florida",1073,8/26/2020,Florida,Hardee,12049,27.49293939,-81.80956574,25,4,3
"Hendry County, Florida",1948,8/26/2020,Florida,Hendry,12051,26.55386945,-81.16469006,25,3,2
"Hernando County, Florida",2493,8/26/2020,Florida,Hernando,12053,28.55364461,-82.42700204,546,44,29
"Highlands County, Florida",1756,8/26/2020,Florida,Highlands,12055,27.34254618,-81.34071957,290,38,25
"Hillsborough County, Florida",36157,8/26/2020,Florida,Hillsborough,12057,27.9276559,-82.32013172,4122,460,299
"Holmes County, Florida",600,8/26/2020,Florida,Holmes,12059,30.86747479,-85.81319222,20,3,2
"Indian River County, Florida",2780,8/26/2020,Florida,Indian River,12061,27.69308961,-80.60556721,511,43,28
"Jackson County, Florida",2292,8/26/2020,Florida,Jackson,12063,30.7954597,-85.21500423,66,7,5
"Jefferson County, Florida",493,8/26/2020,Florida,Jefferson,12065,30.43669112,-83.89442308,,,
"Lafayette County, Florida",1169,8/26/2020,Florida,Lafayette,12067,29.98484137,-83.18166636,,,
"Lake County, Florida",6163,8/26/2020,Florida,Lake,12069,28.76202069,-81.7125123,783,129,84
"Lee County, Florida",18217,8/26/2020,Florida,Lee,12071,26.58410348,-81.88399313,1243,151,98
"Leon County, Florida",5975,8/26/2020,Florida,Leon,12073,30.45955727,-84.27491114,822,61,40
"Levy County, Florida",874,8/26/2020,Florida,Levy,12075,29.31829741,-82.74007147,,,
"Liberty County, Florida",427,8/26/2020,Florida,Liberty,12077,30.23766008,-84.8829258,,,
"Madison County, Florida",841,8/26/2020,Florida,Madison,12079,30.44396917,-83.47398594,25,4,3
"Manatee County, Florida",10278,8/26/2020,Florida,Manatee,12081,27.47196942,-82.31831044,867,113,73
"Marion County, Florida",8172,8/26/2020,Florida,Marion,12083,29.21227113,-82.05803627,839,116,75
"Martin County, Florida",4173,8/26/2020,Florida,Martin,12085,27.0772071,-80.43109784,376,66,43
"Miami-Dade County, Florida",154135,8/26/2020,Florida,Miami-Dade,12086,25.6112362,-80.55170587,7942,858,558
"Monroe County, Florida",1700,8/26/2020,Florida,Monroe,12087,25.20904673,-81.07812416,129,14,9
"Nassau County, Florida",1533,8/26/2020,Florida,Nassau,12089,30.61037141,-81.80297522,54,9,6
"Okaloosa County, Florida",4020,8/26/2020,Florida,Okaloosa,12091,30.69143028,-86.59267105,441,51,33
"Okeechobee County, Florida",1210,8/26/2020,Florida,Okeechobee,12093,27.3863362,-80.88944347,100,8,5
"Orange County, Florida",35083,8/26/2020,Florida,Orange,12095,28.51367621,-81.31799498,4441,349,227
"Osceola County, Florida",10844,8/26/2020,Florida,Osceola,12097,28.06312234,-81.14882926,575,66,43
"Palm Beach County, Florida",41013,8/26/2020,Florida,Palm Beach,12099,26.64676272,-80.46536002,3950,427,278
"Pasco County, Florida",7868,8/26/2020,Florida,Pasco,12101,28.30810945,-82.40227529,1339,143,93
"Pinellas County, Florida",19605,8/26/2020,Florida,Pinellas,12103,27.93130349,-82.72239666,3253,285,185
"Polk County, Florida",16498,8/26/2020,Florida,Polk,12105,27.95027105,-81.69732947,1579,145,94
"Putnam County, Florida",1740,8/26/2020,Florida,Putnam,12107,29.60779729,-81.74230285,99,10,6
"Santa Rosa County, Florida",4523,8/26/2020,Florida,Santa Rosa,12113,30.6934145,-87.02458128,294,20,13
"Sarasota County, Florida",7066,8/26/2020,Florida,Sarasota,12115,27.18546175,-82.33174248,1312,128,83
"Seminole County, Florida",7839,8/26/2020,Florida,Seminole,12117,28.7158582,-81.24060348,332,39,25
"St. Johns County, Florida",4219,8/26/2020,Florida,St. Johns,12109,29.90096506,-81.43589967,335,47,31
"St. Lucie County, Florida",6773,8/26/2020,Florida,St. Lucie,12111,27.37763908,-80.47106649,728,77,50
"Sumter County, Florida",1742,8/26/2020,Florida,Sumter,12119,28.70181754,-82.0794267,317,62,40
"Suwannee County, Florida",2377,8/26/2020,Florida,Suwannee,12121,30.19746066,-82.9909967,,,
"Taylor County, Florida",1171,8/26/2020,Florida,Taylor,12123,30.04848048,-83.60445406,48,6,4
"Union County, Florida",547,8/26/2020,Florida,Union,12125,30.04412971,-82.37497443,145,25,16
"Volusia County, Florida",9069,8/26/2020,Florida,Volusia,12127,29.05858895,-81.18263252,1192,264,172
"Wakulla County, Florida",869,8/26/2020,Florida,Wakulla,12129,30.16548905,-84.39895211,,,
"Walton County, Florida",1601,8/26/2020,Florida,Walton,12131,30.64204028,-86.16935664,112,28,18
"Washington County, Florida",990,8/26/2020,Florida,Washington,12133,30.61359259,-85.66002461,25,4,3
"Appling County, Georgia",862,8/26/2020,Georgia,Appling,13001,31.74847232,-82.28909114,34,3,2
"Atkinson County, Georgia",391,8/26/2020,Georgia,Atkinson,13003,31.29633502,-82.87545866,,,
"Bacon County, Georgia",498,8/26/2020,Georgia,Bacon,13005,31.55456473,-82.45936528,25,4,3
"Baker County, Georgia",73,8/26/2020,Georgia,Baker,13007,31.32669878,-84.44218806,,,
"Baldwin County, Georgia",1510,8/26/2020,Georgia,Baldwin,13009,33.06882326,-83.24701748,285,12,8
"Banks County, Georgia",355,8/26/2020,Georgia,Banks,13011,34.35607081,-83.49644388,,,
"Barrow County, Georgia",1655,8/26/2020,Georgia,Barrow,13013,33.99148694,-83.71436292,56,6,4
"Bartow County, Georgia",2325,8/26/2020,Georgia,Bartow,13015,34.23732119,-84.83887523,119,21,14
"Ben Hill County, Georgia",607,8/26/2020,Georgia,Ben Hill,13017,31.76095874,-83.22145359,48,5,3
"Berrien County, Georgia",368,8/26/2020,Georgia,Berrien,13019,31.27590016,-83.2252992,51,9,6
"Bibb County, Georgia",5327,8/26/2020,Georgia,Bibb,13021,32.80904227,-83.70489165,1017,126,82
"Bleckley County, Georgia",330,8/26/2020,Georgia,Bleckley,13023,32.43829035,-83.33035166,15,3,2
"Brantley County, Georgia",297,8/26/2020,Georgia,Brantley,13025,31.19576557,-81.97743999,,,
"Brooks County, Georgia",459,8/26/2020,Georgia,Brooks,13027,30.83922642,-83.58303423,25,4,3
"Bryan County, Georgia",807,8/26/2020,Georgia,Bryan,13029,32.00979311,-81.44002948,,,
"Bulloch County, Georgia",1546,8/26/2020,Georgia,Bulloch,13031,32.39577406,-81.74811421,184,31,20
"Burke County, Georgia",633,8/26/2020,Georgia,Burke,13033,33.05917989,-81.99928721,40,7,5
"Butts County, Georgia",546,8/26/2020,Georgia,Butts,13035,33.2830945,-83.9543504,25,4,3
"Calhoun County, Georgia",226,8/26/2020,Georgia,Calhoun,13037,31.53169785,-84.62725131,,,
"Camden County, Georgia",970,8/26/2020,Georgia,Camden,13039,30.92951916,-81.66601818,40,5,3
"Candler County, Georgia",318,8/26/2020,Georgia,Candler,13043,32.40209349,-82.07702563,25,6,4
"Carroll County, Georgia",2227,8/26/2020,Georgia,Carroll,13045,33.58138199,-85.07976677,197,28,18
"Catoosa County, Georgia",816,8/26/2020,Georgia,Catoosa,13047,34.89872298,-85.13757014,36,6,4
"Charlton County, Georgia",547,8/26/2020,Georgia,Charlton,13049,30.78371028,-82.13951596,,,
"Chatham County, Georgia",6802,8/26/2020,Georgia,Chatham,13051,32.00043026,-81.12489526,1304,89,58
"Chattahoochee County, Georgia",1026,8/26/2020,Georgia,Chattahoochee,13053,32.34341231,-84.78809239,250,0,0
"Chattooga County, Georgia",491,8/26/2020,Georgia,Chattooga,13055,34.47197698,-85.34535662,,,
"Cherokee County, Georgia",4565,8/26/2020,Georgia,Cherokee,13057,34.24393976,-84.47431861,150,20,13
"Clarke County, Georgia",2628,8/26/2020,Georgia,Clarke,13059,33.95436462,-83.37124007,564,99,64
"Clay County, Georgia",111,8/26/2020,Georgia,Clay,13061,31.62221166,-84.97713865,,,
"Clayton County, Georgia",6283,8/26/2020,Georgia,Clayton,13063,33.54187245,-84.35594188,441,35,23
"Clinch County, Georgia",274,8/26/2020,Georgia,Clinch,13065,30.91395822,-82.70432472,15,3,2
"Cobb County, Georgia",16369,8/26/2020,Georgia,Cobb,13067,33.94243204,-84.5761255,1243,98,64
"Coffee County, Georgia",1730,8/26/2020,Georgia,Coffee,13069,31.54892966,-82.8549206,86,10,6
"Colquitt County, Georgia",1708,8/26/2020,Georgia,Colquitt,13071,31.18810588,-83.7677946,127,16,10
"Columbia County, Georgia",3028,8/26/2020,Georgia,Columbia,13073,33.54534185,-82.263524,,,
"Cook County, Georgia",500,8/26/2020,Georgia,Cook,13075,31.16068491,-83.42947229,33,6,4
"Coweta County, Georgia",2107,8/26/2020,Georgia,Coweta,13077,33.35334302,-84.76129976,250,23,15
"Crawford County, Georgia",146,8/26/2020,Georgia,Crawford,13079,32.71391813,-83.98061238,,,
"Crisp County, Georgia",449,8/26/2020,Georgia,Crisp,13081,31.92289565,-83.76811843,65,16,10
"Dade County, Georgia",186,8/26/2020,Georgia,Dade,13083,34.8549167,-85.50490424,36,6,4
"Dawson County, Georgia",614,8/26/2020,Georgia,Dawson,13085,34.44244079,-84.16964071,,,
"DeKalb County, Georgia",16193,8/26/2020,Georgia,DeKalb,13089,33.76944049,-84.22396017,2447,307,200
"Decatur County, Georgia",949,8/26/2020,Georgia,Decatur,13087,30.87967778,-84.57619536,80,10,6
"Dodge County, Georgia",299,8/26/2020,Georgia,Dodge,13091,32.17265114,-83.16948926,40,6,4
"Dooly County, Georgia",286,8/26/2020,Georgia,Dooly,13093,32.15630737,-83.79746561,,,
"Dougherty County, Georgia",2939,8/26/2020,Georgia,Dougherty,13095,31.53328528,-84.21722377,405,50,32
"Douglas County, Georgia",3092,8/26/2020,Georgia,Douglas,13097,33.70291126,-84.77026156,102,8,5
"Early County, Georgia",404,8/26/2020,Georgia,Early,13099,31.32155345,-84.90255207,25,3,2
"Echols County, Georgia",231,8/26/2020,Georgia,Echols,13101,30.71101099,-82.89687287,,,
"Effingham County, Georgia",996,8/26/2020,Georgia,Effingham,13103,32.36616021,-81.34280942,25,4,3
"Elbert County, Georgia",438,8/26/2020,Georgia,Elbert,13105,34.11302332,-82.83936148,52,4,3
"Emanuel County, Georgia",691,8/26/2020,Georgia,Emanuel,13107,32.59221302,-82.30239915,45,8,5
"Evans County, Georgia",350,8/26/2020,Georgia,Evans,13109,32.15328841,-81.8870105,49,9,6
"Fannin County, Georgia",422,8/26/2020,Georgia,Fannin,13111,34.86430205,-84.316964,50,5,3
"Fayette County, Georgia",1453,8/26/2020,Georgia,Fayette,13113,33.41357794,-84.49089434,221,66,43
"Floyd County, Georgia",2154,8/26/2020,Georgia,Floyd,13115,34.26268279,-85.21577392,435,42,27
"Forsyth County, Georgia",2938,8/26/2020,Georgia,Forsyth,13117,34.22604035,-84.1231513,304,24,16
"Franklin County, Georgia",517,8/26/2020,Georgia,Franklin,13119,34.37525597,-83.23159927,56,8,5
"Fulton County, Georgia",24211,8/26/2020,Georgia,Fulton,13121,33.79216944,-84.46319413,3931,656,426
"Gilmer County, Georgia",729,8/26/2020,Georgia,Gilmer,13123,34.69316688,-84.45802506,,,
"Glascock County, Georgia",34,8/26/2020,Georgia,Glascock,13125,33.22879932,-82.61297636,,,
"Glynn County, Georgia",2935,8/26/2020,Georgia,Glynn,13127,31.23279254,-81.53811412,401,12,8
"Gordon County, Georgia",1469,8/26/2020,Georgia,Gordon,13129,34.50487351,-84.87296253,69,8,5
"Grady County, Georgia",630,8/26/2020,Georgia,Grady,13131,30.87454847,-84.23418364,44,4,3
"Greene County, Georgia",410,8/26/2020,Georgia,Greene,13133,33.5769205,-83.17139104,50,8,5
"Gwinnett County, Georgia",23636,8/26/2020,Georgia,Gwinnett,13135,33.96044201,-84.02137802,854,70,46
"Habersham County, Georgia",1297,8/26/2020,Georgia,Habersham,13137,34.63331566,-83.53094677,53,4,3
"Hall County, Georgia",7266,8/26/2020,Georgia,Hall,13139,34.32207823,-83.81896936,542,85,55
"Hancock County, Georgia",352,8/26/2020,Georgia,Hancock,13141,33.2721566,-82.99766919,,,
"Haralson County, Georgia",301,8/26/2020,Georgia,Haralson,13143,33.79602175,-85.21005667,15,3,2
"Harris County, Georgia",713,8/26/2020,Georgia,Harris,13145,32.73709786,-84.90538572,,,
"Hart County, Georgia",390,8/26/2020,Georgia,Hart,13147,34.34626973,-82.96567682,,,
"Heard County, Georgia",164,8/26/2020,Georgia,Heard,13149,33.29686567,-85.12886832,,,
"Henry County, Georgia",4263,8/26/2020,Georgia,Henry,13151,33.4533428,-84.1481466,215,33,21
"Houston County, Georgia",2567,8/26/2020,Georgia,Houston,13153,32.45802497,-83.66879087,276,36,23
"Irwin County, Georgia",207,8/26/2020,Georgia,Irwin,13155,31.60213036,-83.27501387,34,6,4
"Jackson County, Georgia",1381,8/26/2020,Georgia,Jackson,13157,34.13794553,-83.56814788,28,5,3
"Jasper County, Georgia",193,8/26/2020,Georgia,Jasper,13159,33.31535543,-83.68844964,12,2,1
"Jeff Davis County, Georgia",605,8/26/2020,Georgia,Jeff Davis,13161,31.80405727,-82.6372487,25,4,3
"Jefferson County, Georgia",629,8/26/2020,Georgia,Jefferson,13163,33.05867328,-82.41609057,37,6,4
"Jenkins County, Georgia",292,8/26/2020,Georgia,Jenkins,13165,32.79248718,-81.96040187,15,3,2
"Johnson County, Georgia",293,8/26/2020,Georgia,Johnson,13167,32.70211082,-82.66166794,,,
"Jones County, Georgia",433,8/26/2020,Georgia,Jones,13169,33.02512137,-83.56019163,,,
"Lamar County, Georgia",317,8/26/2020,Georgia,Lamar,13171,33.07841647,-84.14263877,,,
"Lanier County, Georgia",246,8/26/2020,Georgia,Lanier,13173,31.0382857,-83.06472457,25,4,3
"Laurens County, Georgia",1253,8/26/2020,Georgia,Laurens,13175,32.46325233,-82.92221316,485,16,10
"Lee County, Georgia",643,8/26/2020,Georgia,Lee,13177,31.7793306,-84.14324253,,,
"Liberty County, Georgia",894,8/26/2020,Georgia,Liberty,13179,31.82588896,-81.49251135,64,4,3
"Lincoln County, Georgia",188,8/26/2020,Georgia,Lincoln,13181,33.79201475,-82.45024131,,,
"Long County, Georgia",172,8/26/2020,Georgia,Long,13183,31.75218791,-81.74952375,,,
"Lowndes County, Georgia",3402,8/26/2020,Georgia,Lowndes,13185,30.83568832,-83.27056716,370,48,31
"Lumpkin County, Georgia",619,8/26/2020,Georgia,Lumpkin,13187,34.57286511,-84.00425681,0,32,21
"Macon County, Georgia",201,8/26/2020,Georgia,Macon,13193,32.35207048,-84.04234127,22,4,3
"Madison County, Georgia",509,8/26/2020,Georgia,Madison,13195,34.12920917,-83.21218732,,,
"Marion County, Georgia",165,8/26/2020,Georgia,Marion,13197,32.3483402,-84.52733571,,,
"McDuffie County, Georgia",495,8/26/2020,Georgia,McDuffie,13189,33.47851918,-82.48252774,25,4,3
"McIntosh County, Georgia",233,8/26/2020,Georgia,McIntosh,13191,31.49683595,-81.40163426,,,
"Meriwether County, Georgia",469,8/26/2020,Georgia,Meriwether,13199,33.04163534,-84.68859732,109,11,7
"Miller County, Georgia",201,8/26/2020,Georgia,Miller,13201,31.16568912,-84.73151117,25,4,3
"Mitchell County, Georgia",698,8/26/2020,Georgia,Mitchell,13205,31.22483255,-84.19381821,25,4,3
"Monroe County, Georgia",581,8/26/2020,Georgia,Monroe,13207,33.014289,-83.92097166,25,5,3
"Montgomery County, Georgia",205,8/26/2020,Georgia,Montgomery,13209,32.17201038,-82.53527476,,,
"Morgan County, Georgia",396,8/26/2020,Georgia,Morgan,13211,33.59232073,-83.49129491,25,4,3
"Murray County, Georgia",689,8/26/2020,Georgia,Murray,13213,34.78897608,-84.74993177,29,5,3
"Muscogee County, Georgia",5361,8/26/2020,Georgia,Muscogee,13215,32.50931999,-84.87142262,794,69,45
"Newton County, Georgia",2208,8/26/2020,Georgia,Newton,13217,33.55514538,-83.8454714,94,10,6
"Oconee County, Georgia",528,8/26/2020,Georgia,Oconee,13219,33.83749973,-83.43679568,,,
"Oglethorpe County, Georgia",271,8/26/2020,Georgia,Oglethorpe,13221,33.8786296,-83.08278123,,,
"Paulding County, Georgia",2147,8/26/2020,Georgia,Paulding,13223,33.91969522,-84.86848792,112,8,5
"Peach County, Georgia",553,8/26/2020,Georgia,Peach,13225,32.56934316,-83.82937,25,4,3
"Pickens County, Georgia",492,8/26/2020,Georgia,Pickens,13227,34.46589159,-84.46406611,52,6,4
"Pierce County, Georgia",502,8/26/2020,Georgia,Pierce,13229,31.35928155,-82.21598442,,,
"Pike County, Georgia",268,8/26/2020,Georgia,Pike,13231,33.09310242,-84.38790389,,,
"Polk County, Georgia",1153,8/26/2020,Georgia,Polk,13233,34.00267074,-85.18677781,25,4,3
"Pulaski County, Georgia",169,8/26/2020,Georgia,Pulaski,13235,32.23334561,-83.4754996,55,6,4
"Putnam County, Georgia",607,8/26/2020,Georgia,Putnam,13237,33.32056115,-83.37552891,,,
"Quitman County, Georgia",32,8/26/2020,Georgia,Quitman,13239,31.86728114,-85.01773177,,,
"Rabun County, Georgia",263,8/26/2020,Georgia,Rabun,13241,34.88389445,-83.40304637,25,4,3
"Randolph County, Georgia",308,8/26/2020,Georgia,Randolph,13243,31.76622818,-84.75732369,25,4,3
"Richmond County, Georgia",5773,8/26/2020,Georgia,Richmond,13245,33.35777107,-82.07026432,2064,402,261
"Rockdale County, Georgia",1622,8/26/2020,Georgia,Rockdale,13247,33.65145002,-84.02202167,138,16,10
"Schley County, Georgia",92,8/26/2020,Georgia,Schley,13249,32.2654021,-84.31258912,,,
"Screven County, Georgia",276,8/26/2020,Georgia,Screven,13251,32.74976524,-81.60779441,25,4,3
"Seminole County, Georgia",276,8/26/2020,Georgia,Seminole,13253,30.93464824,-84.86823924,45,8,5
"Spalding County, Georgia",1137,8/26/2020,Georgia,Spalding,13255,33.26310031,-84.28013991,160,22,14
"Stephens County, Georgia",778,8/26/2020,Georgia,Stephens,13257,34.55151201,-83.29405315,74,6,4
"Stewart County, Georgia",318,8/26/2020,Georgia,Stewart,13259,32.07996777,-84.83208037,,,
"Sumter County, Georgia",832,8/26/2020,Georgia,Sumter,13261,32.03650571,-84.19821492,54,9,6
"Talbot County, Georgia",154,8/26/2020,Georgia,Talbot,13263,32.69642758,-84.53351366,,,
"Taliaferro County, Georgia",18,8/26/2020,Georgia,Taliaferro,13265,33.56543317,-82.88136816,,,
"Tattnall County, Georgia",658,8/26/2020,Georgia,Tattnall,13267,32.04785085,-82.05539188,25,4,3
"Taylor County, Georgia",126,8/26/2020,Georgia,Taylor,13269,32.55792548,-84.25077141,,,
"Telfair County, Georgia",333,8/26/2020,Georgia,Telfair,13271,31.92829517,-82.93491155,,,
"Terrell County, Georgia",313,8/26/2020,Georgia,Terrell,13273,31.77527543,-84.44069698,,,
"Thomas County, Georgia",1355,8/26/2020,Georgia,Thomas,13275,30.86392347,-83.91847289,226,35,23
"Tift County, Georgia",1468,8/26/2020,Georgia,Tift,13277,31.45743864,-83.5236119,181,20,13
"Toombs County, Georgia",1011,8/26/2020,Georgia,Toombs,13279,32.12059861,-82.32957247,52,8,5
"Towns County, Georgia",192,8/26/2020,Georgia,Towns,13281,34.91369188,-83.7410746,25,4,3
"Treutlen County, Georgia",188,8/26/2020,Georgia,Treutlen,13283,32.40422134,-82.56904553,,,
"Troup County, Georgia",2540,8/26/2020,Georgia,Troup,13285,33.03349196,-85.02812115,276,20,13
"Turner County, Georgia",275,8/26/2020,Georgia,Turner,13287,31.71612656,-83.62069378,,,
"Twiggs County, Georgia",169,8/26/2020,Georgia,Twiggs,13289,32.67435595,-83.43078662,,,
"Union County, Georgia",427,8/26/2020,Georgia,Union,13291,34.82995757,-83.98967069,39,5,3
"Upson County, Georgia",636,8/26/2020,Georgia,Upson,13293,32.87920671,-84.30024826,87,28,18
"Walker County, Georgia",942,8/26/2020,Georgia,Walker,13295,34.73376362,-85.30165174,,,
"Walton County, Georgia",1411,8/26/2020,Georgia,Walton,13297,33.78017694,-83.73552314,164,7,5
"Ware County, Georgia",1311,8/26/2020,Georgia,Ware,13299,31.05449097,-82.42224148,134,10,6
"Warren County, Georgia",116,8/26/2020,Georgia,Warren,13301,33.41146451,-82.67795848,,,
"Washington County, Georgia",594,8/26/2020,Georgia,Washington,13303,32.96711864,-82.79357039,56,10,6
"Wayne County, Georgia",934,8/26/2020,Georgia,Wayne,13305,31.5521809,-81.91894878,88,12,8
"Webster County, Georgia",38,8/26/2020,Georgia,Webster,13307,32.04066113,-84.54742852,,,
"Wheeler County, Georgia",141,8/26/2020,Georgia,Wheeler,13309,32.12009104,-82.72574721,,,
"White County, Georgia",462,8/26/2020,Georgia,White,13311,34.64624278,-83.74905525,,,
"Whitfield County, Georgia",3878,8/26/2020,Georgia,Whitfield,13313,34.80987459,-84.96093476,245,34,22
"Wilcox County, Georgia",215,8/26/2020,Georgia,Wilcox,13315,31.97496928,-83.43438555,,,
"Wilkes County, Georgia",216,8/26/2020,Georgia,Wilkes,13317,33.78290391,-82.74286107,25,4,3
"Wilkinson County, Georgia",280,8/26/2020,Georgia,Wilkinson,13319,32.80291082,-83.17140684,,,
"Worth County, Georgia",492,8/26/2020,Georgia,Worth,13321,31.55162306,-83.85090513,25,4,3
"Hawaii County, Hawaii",243,8/26/2020,Hawaii,Hawaii,15001,19.60121157,-155.5210167,296,28,18
"Honolulu County, Hawaii",6626,8/26/2020,Hawaii,Honolulu,15003,21.45803166,-157.9712182,2810,155,101
"Kalawao County, Hawaii",0,8/26/2020,Hawaii,Kalawao,15005,21.17882515,-156.9583592,,,
"Kauai County, Hawaii",56,8/26/2020,Hawaii,Kauai,15007,22.03935037,-159.5966786,102,10,6
"Maui County, Hawaii",311,8/26/2020,Hawaii,Maui,15009,20.86399628,-156.5689097,247,26,17
"Ada County, Idaho",10853,8/26/2020,Idaho,Ada,16001,43.4526575,-116.2415516,1240,97,63
"Adams County, Idaho",25,8/26/2020,Idaho,Adams,16003,44.89333571,-116.4545247,,,
"Bannock County, Idaho",589,8/26/2020,Idaho,Bannock,16005,42.67002716,-112.2233311,137,20,13
"Bear Lake County, Idaho",30,8/26/2020,Idaho,Bear Lake,16007,42.28269683,-111.3289238,21,4,3
"Benewah County, Idaho",103,8/26/2020,Idaho,Benewah,16009,47.21754179,-116.6586851,19,3,2
"Bingham County, Idaho",419,8/26/2020,Idaho,Bingham,16011,43.2167288,-112.3978437,131,6,4
"Blaine County, Idaho",598,8/26/2020,Idaho,Blaine,16013,43.4085812,-113.9752658,25,4,3
"Boise County, Idaho",59,8/26/2020,Idaho,Boise,16015,43.98829931,-115.7309284,,,
"Bonner County, Idaho",204,8/26/2020,Idaho,Bonner,16017,48.29996017,-116.6017932,25,4,3
"Bonneville County, Idaho",1596,8/26/2020,Idaho,Bonneville,16019,43.38713372,-111.6161537,254,74,48
"Boundary County, Idaho",43,8/26/2020,Idaho,Boundary,16021,48.76684761,-116.4630179,20,3,2
"Butte County, Idaho",4,8/26/2020,Idaho,Butte,16023,43.72592209,-113.1735463,14,2,1
"Camas County, Idaho",2,8/26/2020,Idaho,Camas,16025,43.46665742,-114.8065892,,,
"Canyon County, Idaho",6950,8/26/2020,Idaho,Canyon,16027,43.61970148,-116.7095499,293,41,27
"Caribou County, Idaho",35,8/26/2020,Idaho,Caribou,16029,42.77149116,-111.5597683,25,4,3
"Cassia County, Idaho",573,8/26/2020,Idaho,Cassia,16031,42.28347888,-113.6012409,25,6,4
"Clark County, Idaho",18,8/26/2020,Idaho,Clark,16033,44.28496071,-112.3505704,,,
"Clearwater County, Idaho",21,8/26/2020,Idaho,Clearwater,16035,46.67459924,-115.6622393,78,4,3
"Custer County, Idaho",21,8/26/2020,Idaho,Custer,16037,44.24186819,-114.2855494,,,
"Elmore County, Idaho",273,8/26/2020,Idaho,Elmore,16039,43.3507101,-115.4701578,21,4,3
"Franklin County, Idaho",54,8/26/2020,Idaho,Franklin,16041,42.18332217,-111.8149666,20,3,2
"Fremont County, Idaho",103,8/26/2020,Idaho,Fremont,16043,44.22800938,-111.4809943,,,
"Gem County, Idaho",205,8/26/2020,Idaho,Gem,16045,44.06482372,-116.398376,13,2,1
"Gooding County, Idaho",211,8/26/2020,Idaho,Gooding,16047,42.96927962,-114.8108306,16,3,2
"Idaho County, Idaho",40,8/26/2020,Idaho,Idaho,16049,45.84721541,-115.4634436,40,7,5
"Jefferson County, Idaho",329,8/26/2020,Idaho,Jefferson,16051,43.82078483,-112.3131749,,,
"Jerome County, Idaho",579,8/26/2020,Idaho,Jerome,16053,42.68891267,-114.2655033,18,4,3
"Kootenai County, Idaho",2136,8/26/2020,Idaho,Kootenai,16055,47.67282258,-116.7020872,401,76,49
"Latah County, Idaho",219,8/26/2020,Idaho,Latah,16057,46.81587887,-116.7113698,25,3,2
"Lemhi County, Idaho",69,8/26/2020,Idaho,Lemhi,16059,44.9438088,-113.9309747,18,3,2
"Lewis County, Idaho",0,8/26/2020,Idaho,Lewis,16061,46.23315327,-116.434146,,,
"Lincoln County, Idaho",66,8/26/2020,Idaho,Lincoln,16063,43.0012336,-114.1358773,,,
"Madison County, Idaho",226,8/26/2020,Idaho,Madison,16065,43.78141028,-111.6538474,67,4,3
"Minidoka County, Idaho",540,8/26/2020,Idaho,Minidoka,16067,42.85518524,-113.6357257,16,3,2
"Nez Perce County, Idaho",269,8/26/2020,Idaho,Nez Perce,16069,46.32638236,-116.7500975,110,9,6
"Oneida County, Idaho",20,8/26/2020,Idaho,Oneida,16071,42.1949428,-112.5407838,11,2,1
"Owyhee County, Idaho",293,8/26/2020,Idaho,Owyhee,16073,42.58016894,-116.1693871,,,
"Payette County, Idaho",605,8/26/2020,Idaho,Payette,16075,44.00545243,-116.7647695,,,
"Power County, Idaho",104,8/26/2020,Idaho,Power,16077,42.69254894,-112.8395742,10,2,1
"Shoshone County, Idaho",192,8/26/2020,Idaho,Shoshone,16079,47.35364087,-115.8916749,21,4,3
"Teton County, Idaho",122,8/26/2020,Idaho,Teton,16081,43.75303583,-111.2056773,13,2,1
"Twin Falls County, Idaho",1628,8/26/2020,Idaho,Twin Falls,16083,42.35440512,-114.6685381,186,30,20
"Valley County, Idaho",79,8/26/2020,Idaho,Valley,16085,44.76728382,-115.5676773,23,4,3
"Washington County, Idaho",263,8/26/2020,Idaho,Washington,16087,44.45275475,-116.7847688,19,3,2
"Adams County, Illinois",731,8/26/2020,Illinois,Adams,17001,39.98815591,-91.18786813,248,25,16
"Alexander County, Illinois",42,8/26/2020,Illinois,Alexander,17003,37.18049267,-89.32910838,,,
"Bond County, Illinois",119,8/26/2020,Illinois,Bond,17005,38.88829622,-89.43534887,32,6,4
"Boone County, Illinois",843,8/26/2020,Illinois,Boone,17007,42.32359279,-88.82345779,,,
"Brown County, Illinois",16,8/26/2020,Illinois,Brown,17009,39.96209138,-90.75068024,,,
"Bureau County, Illinois",335,8/26/2020,Illinois,Bureau,17011,41.40385234,-89.5283051,69,9,6
"Calhoun County, Illinois",25,8/26/2020,Illinois,Calhoun,17013,39.16840183,-90.66330078,,,
"Carroll County, Illinois",115,8/26/2020,Illinois,Carroll,17015,42.06823429,-89.93395545,,,
"Cass County, Illinois",296,8/26/2020,Illinois,Cass,17017,39.96991073,-90.24734436,,,
"Champaign County, Illinois",2187,8/26/2020,Illinois,Champaign,17019,40.13919438,-88.20046615,647,39,25
"Christian County, Illinois",192,8/26/2020,Illinois,Christian,17021,39.54581621,-89.27780482,47,8,5
"Clark County, Illinois",113,8/26/2020,Illinois,Clark,17023,39.33425789,-87.78705622,,,
"Clay County, Illinois",62,8/26/2020,Illinois,Clay,17025,38.75388572,-88.48914513,20,3,2
"Clinton County, Illinois",647,8/26/2020,Illinois,Clinton,17027,38.60704876,-89.42385254,46,8,5
"Coles County, Illinois",827,8/26/2020,Illinois,Coles,17029,39.51949084,-88.22358557,82,14,9
"Cook County, Illinois",123172,8/26/2020,Illinois,Cook,17031,41.84144849,-87.81658794,16102,2021,1314
"Crawford County, Illinois",72,8/26/2020,Illinois,Crawford,17033,39.0032229,-87.75954624,25,4,3
"Cumberland County, Illinois",123,8/26/2020,Illinois,Cumberland,17035,39.27432424,-88.2401158,,,
"De Witt County, Illinois",38,8/26/2020,Illinois,De Witt,17039,40.17514519,-88.90959682,15,3,2
"DeKalb County, Illinois",1078,8/26/2020,Illinois,DeKalb,17037,41.89373302,-88.76958483,192,27,18
"Douglas County, Illinois",198,8/26/2020,Illinois,Douglas,17041,39.76768052,-88.21854195,,,
"DuPage County, Illinois",14103,8/26/2020,Illinois,DuPage,17043,41.85116968,-88.08642662,1723,219,142
"Edgar County, Illinois",75,8/26/2020,Illinois,Edgar,17045,39.6809186,-87.74759563,25,4,3
"Edwards County, Illinois",33,8/26/2020,Illinois,Edwards,17047,38.41353228,-88.05720863,,,
"Effingham County, Illinois",424,8/26/2020,Illinois,Effingham,17049,39.05935711,-88.58969584,133,10,6
"Fayette County, Illinois",140,8/26/2020,Illinois,Fayette,17051,39.00072038,-89.02452658,29,4,3
"Ford County, Illinois",69,8/26/2020,Illinois,Ford,17053,40.59706922,-88.22350769,25,2,1
"Franklin County, Illinois",305,8/26/2020,Illinois,Franklin,17055,37.99189086,-88.92567818,16,3,2
"Fulton County, Illinois",72,8/26/2020,Illinois,Fulton,17057,40.47289135,-90.20862357,43,5,3
"Gallatin County, Illinois",62,8/26/2020,Illinois,Gallatin,17059,37.76430935,-88.22953869,,,
"Greene County, Illinois",97,8/26/2020,Illinois,Greene,17061,39.35907414,-90.388865,25,4,3
"Grundy County, Illinois",452,8/26/2020,Illinois,Grundy,17063,41.28569601,-88.41905692,89,8,5
"Hamilton County, Illinois",44,8/26/2020,Illinois,Hamilton,17065,38.08163641,-88.53883373,25,4,3
"Hancock County, Illinois",120,8/26/2020,Illinois,Hancock,17067,40.40423981,-91.16313899,18,3,2
"Hardin County, Illinois",18,8/26/2020,Illinois,Hardin,17069,37.51810645,-88.26873022,25,4,3
"Henderson County, Illinois",37,8/26/2020,Illinois,Henderson,17071,40.81908672,-90.92491462,,,
"Henry County, Illinois",412,8/26/2020,Illinois,Henry,17073,41.3533994,-90.13296166,50,7,5
"Iroquois County, Illinois",284,8/26/2020,Illinois,Iroquois,17075,40.74717633,-87.82466784,25,5,3
"Jackson County, Illinois",877,8/26/2020,Illinois,Jackson,17077,37.78595185,-89.38232563,179,25,16
"Jasper County, Illinois",100,8/26/2020,Illinois,Jasper,17079,39.01054275,-88.15437049,,,
"Jefferson County, Illinois",416,8/26/2020,Illinois,Jefferson,17081,38.29980057,-88.9240025,171,22,14
"Jersey County, Illinois",246,8/26/2020,Illinois,Jersey,17083,39.08869046,-90.35393073,46,4,3
"Jo Daviess County, Illinois",171,8/26/2020,Illinois,Jo Daviess,17085,42.36542373,-90.21094405,18,3,2
"Johnson County, Illinois",105,8/26/2020,Illinois,Johnson,17087,37.45939802,-88.88165419,,,
"Kane County, Illinois",10956,8/26/2020,Illinois,Kane,17089,41.93842729,-88.42861412,1306,120,78
"Kankakee County, Illinois",2089,8/26/2020,Illinois,Kankakee,17091,41.13746989,-87.86205334,460,27,18
"Kendall County, Illinois",1609,8/26/2020,Illinois,Kendall,17093,41.59081014,-88.42869583,,,
"Knox County, Illinois",436,8/26/2020,Illinois,Knox,17095,40.93148779,-90.2133034,177,18,12
"LaSalle County, Illinois",1148,8/26/2020,Illinois,LaSalle,17099,41.3442613,-88.88633881,164,13,8
"Lake County, Illinois",14172,8/26/2020,Illinois,Lake,17097,42.3224907,-88.00367925,926,109,71
"Lawrence County, Illinois",89,8/26/2020,Illinois,Lawrence,17101,38.71987914,-87.72884035,25,4,3
"Lee County, Illinois",222,8/26/2020,Illinois,Lee,17103,41.74583951,-89.29977132,66,6,4
"Livingston County, Illinois",172,8/26/2020,Illinois,Livingston,17105,40.89188292,-88.55784752,42,5,3
"Logan County, Illinois",245,8/26/2020,Illinois,Logan,17107,40.12581572,-89.36638784,25,4,3
"Macon County, Illinois",875,8/26/2020,Illinois,Macon,17115,39.86064913,-88.96342505,446,35,23
"Macoupin County, Illinois",324,8/26/2020,Illinois,Macoupin,17117,39.26119767,-89.92424028,50,8,5
"Madison County, Illinois",3752,8/26/2020,Illinois,Madison,17119,38.83042506,-89.90422563,648,62,40
"Marion County, Illinois",249,8/26/2020,Illinois,Marion,17121,38.64963204,-88.91899208,107,13,8
"Marshall County, Illinois",42,8/26/2020,Illinois,Marshall,17123,41.0327901,-89.34510444,,,
"Mason County, Illinois",73,8/26/2020,Illinois,Mason,17125,40.23917274,-89.91824452,25,4,3
"Massac County, Illinois",61,8/26/2020,Illinois,Massac,17127,37.22078441,-88.71036614,25,4,3
"McDonough County, Illinois",164,8/26/2020,Illinois,McDonough,17109,40.45674722,-90.67775541,45,7,5
"McHenry County, Illinois",3698,8/26/2020,Illinois,McHenry,17111,42.32451172,-88.45248227,437,55,36
"McLean County, Illinois",1250,8/26/2020,Illinois,McLean,17113,40.48996987,-88.84621113,343,54,35
"Menard County, Illinois",68,8/26/2020,Illinois,Menard,17129,40.02742725,-89.80246001,,,
"Mercer County, Illinois",95,8/26/2020,Illinois,Mercer,17131,41.20596782,-90.74290052,22,4,3
"Monroe County, Illinois",429,8/26/2020,Illinois,Monroe,17133,38.27594376,-90.17761038,,,
"Montgomery County, Illinois",234,8/26/2020,Illinois,Montgomery,17135,39.23198845,-89.47809254,50,9,6
"Morgan County, Illinois",466,8/26/2020,Illinois,Morgan,17137,39.71654544,-90.20255104,102,9,6
"Moultrie County, Illinois",140,8/26/2020,Illinois,Moultrie,17139,39.64187451,-88.62099969,,,
"Ogle County, Illinois",467,8/26/2020,Illinois,Ogle,17141,42.04165196,-89.32184679,17,4,3
"Peoria County, Illinois",2255,8/26/2020,Illinois,Peoria,17143,40.78702156,-89.76078901,986,115,75
"Perry County, Illinois",278,8/26/2020,Illinois,Perry,17145,38.08510853,-89.36856219,42,7,5
"Piatt County, Illinois",71,8/26/2020,Illinois,Piatt,17147,40.01360584,-88.59319339,16,3,2
"Pike County, Illinois",64,8/26/2020,Illinois,Pike,17149,39.62265059,-90.8877017,25,4,3
"Pope County, Illinois",14,8/26/2020,Illinois,Pope,17151,37.41391284,-88.56152109,,,
"Pulaski County, Illinois",114,8/26/2020,Illinois,Pulaski,17153,37.22631423,-89.13085001,,,
"Putnam County, Illinois",14,8/26/2020,Illinois,Putnam,17155,41.2013541,-89.2869272,,,
"Randolph County, Illinois",682,8/26/2020,Illinois,Randolph,17157,38.05095369,-89.82512254,171,29,19
"Richland County, Illinois",58,8/26/2020,Illinois,Richland,17159,38.71240969,-88.08475366,47,8,5
"Rock Island County, Illinois",2071,8/26/2020,Illinois,Rock Island,17161,41.46613806,-90.57042164,442,27,18
"Saline County, Illinois",158,8/26/2020,Illinois,Saline,17165,37.75332999,-88.54119706,65,11,7
"Sangamon County, Illinois",1680,8/26/2020,Illinois,Sangamon,17167,39.75836914,-89.65872023,994,93,60
"Schuyler County, Illinois",19,8/26/2020,Illinois,Schuyler,17169,40.1571798,-90.61114163,22,4,3
"Scott County, Illinois",43,8/26/2020,Illinois,Scott,17171,39.6429169,-90.47814431,,,
"Shelby County, Illinois",171,8/26/2020,Illinois,Shelby,17173,39.39133527,-88.80611122,30,5,3
"St. Clair County, Illinois",5058,8/26/2020,Illinois,St. Clair,17163,38.46996033,-89.93063427,556,63,41
"Stark County, Illinois",13,8/26/2020,Illinois,Stark,17175,41.09309773,-89.79745866,,,
"Stephenson County, Illinois",371,8/26/2020,Illinois,Stephenson,17177,42.35129217,-89.662598,100,8,5
"Tazewell County, Illinois",993,8/26/2020,Illinois,Tazewell,17179,40.50716185,-89.51404662,132,12,8
"Union County, Illinois",409,8/26/2020,Illinois,Union,17181,37.47119609,-89.25548938,113,4,3
"Vermilion County, Illinois",306,8/26/2020,Illinois,Vermilion,17183,40.18417171,-87.73384359,597,16,10
"Wabash County, Illinois",95,8/26/2020,Illinois,Wabash,17185,38.44272901,-87.84922065,25,4,3
"Warren County, Illinois",238,8/26/2020,Illinois,Warren,17187,40.84925021,-90.6147432,23,4,3
"Washington County, Illinois",101,8/26/2020,Illinois,Washington,17189,38.35309213,-89.40982703,22,4,3
"Wayne County, Illinois",90,8/26/2020,Illinois,Wayne,17191,38.42955355,-88.42586459,25,4,3
"White County, Illinois",113,8/26/2020,Illinois,White,17193,38.08706198,-88.17657461,,,
"Whiteside County, Illinois",471,8/26/2020,Illinois,Whiteside,17195,41.75509713,-89.91556058,121,13,8
"Will County, Illinois",11063,8/26/2020,Illinois,Will,17197,41.44619267,-87.97862712,852,97,63
"Williamson County, Illinois",784,8/26/2020,Illinois,Williamson,17199,37.73033511,-88.92994027,294,28,18
"Winnebago County, Illinois",4116,8/26/2020,Illinois,Winnebago,17201,42.33641854,-89.16085327,925,99,64
"Woodford County, Illinois",249,8/26/2020,Illinois,Woodford,17203,40.78579374,-89.20973757,25,4,3
"Adams County, Indiana",164,8/26/2020,Indiana,Adams,18001,40.7457653,-84.93671406,25,4,3
"Allen County, Indiana",4756,8/26/2020,Indiana,Allen,18003,41.09194313,-85.06800636,1621,235,153
"Bartholomew County, Indiana",1025,8/26/2020,Indiana,Bartholomew,18005,39.20744865,-85.89558181,225,17,11
"Benton County, Indiana",77,8/26/2020,Indiana,Benton,18007,40.60626947,-87.31093999,,,
"Blackford County, Indiana",70,8/26/2020,Indiana,Blackford,18009,40.47388153,-85.32499702,15,4,3
"Boone County, Indiana",798,8/26/2020,Indiana,Boone,18011,40.0509304,-86.46841646,68,8,5
"Brown County, Indiana",84,8/26/2020,Indiana,Brown,18013,39.19605589,-86.22868909,,,
"Carroll County, Indiana",248,8/26/2020,Indiana,Carroll,18015,40.5807832,-86.56198812,,,
"Cass County, Indiana",1848,8/26/2020,Indiana,Cass,18017,40.76135835,-86.34830753,165,5,3
"Clark County, Indiana",1644,8/26/2020,Indiana,Clark,18019,38.48015445,-85.70510334,253,22,14
"Clay County, Indiana",209,8/26/2020,Indiana,Clay,18021,39.39561833,-87.11723506,25,4,3
"Clinton County, Indiana",525,8/26/2020,Indiana,Clinton,18023,40.30319754,-86.47277257,25,5,3
"Crawford County, Indiana",56,8/26/2020,Indiana,Crawford,18025,38.28814402,-86.44518825,,,
"Daviess County, Indiana",430,8/26/2020,Indiana,Daviess,18027,38.70186039,-87.07185406,42,5,3
"DeKalb County, Indiana",304,8/26/2020,Indiana,DeKalb,18033,41.39804622,-84.99906934,37,8,5
"Dearborn County, Indiana",559,8/26/2020,Indiana,Dearborn,18029,39.14647946,-84.97333539,78,8,5
"Decatur County, Indiana",380,8/26/2020,Indiana,Decatur,18031,39.30712658,-85.50087166,25,4,3
"Delaware County, Indiana",931,8/26/2020,Indiana,Delaware,18035,40.22787247,-85.39732772,377,44,29
"Dubois County, Indiana",810,8/26/2020,Indiana,Dubois,18037,38.36597551,-86.8792417,111,26,17
"Elkhart County, Indiana",5439,8/26/2020,Indiana,Elkhart,18039,41.59761169,-85.85875695,338,35,23
"Fayette County, Indiana",295,8/26/2020,Indiana,Fayette,18041,39.63684962,-85.17797541,,,
"Floyd County, Indiana",1022,8/26/2020,Indiana,Floyd,18043,38.32117957,-85.90385377,269,18,12
"Fountain County, Indiana",86,8/26/2020,Indiana,Fountain,18045,40.12361933,-87.24217689,,,
"Franklin County, Indiana",265,8/26/2020,Indiana,Franklin,18047,39.4142482,-85.06062647,,,
"Fulton County, Indiana",198,8/26/2020,Indiana,Fulton,18049,41.0469907,-86.26252745,25,4,3
"Gibson County, Indiana",301,8/26/2020,Indiana,Gibson,18051,38.30393723,-87.58054938,25,5,3
"Grant County, Indiana",612,8/26/2020,Indiana,Grant,18053,40.51587228,-85.65468702,347,19,12
"Greene County, Indiana",345,8/26/2020,Indiana,Greene,18055,39.03630547,-86.96223202,25,5,3
"Hamilton County, Indiana",3639,8/26/2020,Indiana,Hamilton,18057,40.07306535,-86.05244729,626,90,58
"Hancock County, Indiana",786,8/26/2020,Indiana,Hancock,18059,39.82304555,-85.77566351,73,26,17
"Harrison County, Indiana",458,8/26/2020,Indiana,Harrison,18061,38.19467379,-86.10948271,25,4,3
"Hendricks County, Indiana",2204,8/26/2020,Indiana,Hendricks,18063,39.76719009,-86.51037283,260,28,18
"Henry County, Indiana",568,8/26/2020,Indiana,Henry,18065,39.93029017,-85.39625719,48,10,6
"Howard County, Indiana",1035,8/26/2020,Indiana,Howard,18067,40.48527731,-86.11351892,250,21,14
"Huntington County, Indiana",153,8/26/2020,Indiana,Huntington,18069,40.82907273,-85.48822092,36,6,4
"Jackson County, Indiana",675,8/26/2020,Indiana,Jackson,18071,38.9091582,-86.03851889,85,7,5
"Jasper County, Indiana",306,8/26/2020,Indiana,Jasper,18073,41.02078733,-87.11553319,25,4,3
"Jay County, Indiana",119,8/26/2020,Indiana,Jay,18075,40.43781032,-85.00576229,25,4,3
"Jefferson County, Indiana",200,8/26/2020,Indiana,Jefferson,18077,38.78576239,-85.43633383,232,6,4
"Jennings County, Indiana",261,8/26/2020,Indiana,Jennings,18079,38.99588883,-85.62710784,25,4,3
"Johnson County, Indiana",1964,8/26/2020,Indiana,Johnson,18081,39.48994426,-86.10149107,195,6,4
"Knox County, Indiana",303,8/26/2020,Indiana,Knox,18083,38.68861576,-87.4194665,99,30,20
"Kosciusko County, Indiana",1002,8/26/2020,Indiana,Kosciusko,18085,41.24521668,-85.86312322,88,14,9
"LaGrange County, Indiana",585,8/26/2020,Indiana,LaGrange,18087,41.64232188,-85.42674232,25,4,3
"LaPorte County, Indiana",1127,8/26/2020,Indiana,LaPorte,18091,41.54366008,-86.74072188,278,34,22
"Lake County, Indiana",8799,8/26/2020,Indiana,Lake,18089,41.41874274,-87.38277575,1737,203,132
"Lawrence County, Indiana",431,8/26/2020,Indiana,Lawrence,18093,38.84112637,-86.48361629,50,11,7
"Madison County, Indiana",1230,8/26/2020,Indiana,Madison,18095,40.16143691,-85.71964711,303,42,27
"Marion County, Indiana",17833,8/26/2020,Indiana,Marion,18097,39.78163624,-86.13826325,4059,467,304
"Marshall County, Indiana",864,8/26/2020,Indiana,Marshall,18099,41.32467367,-86.26185087,160,11,7
"Martin County, Indiana",83,8/26/2020,Indiana,Martin,18101,38.7099921,-86.80373186,,,
"Miami County, Indiana",308,8/26/2020,Indiana,Miami,18103,40.76940965,-86.04525048,25,4,3
"Monroe County, Indiana",993,8/26/2020,Indiana,Monroe,18105,39.16130004,-86.52414358,357,24,16
"Montgomery County, Indiana",391,8/26/2020,Indiana,Montgomery,18107,40.04034823,-86.89335024,29,5,3
"Morgan County, Indiana",557,8/26/2020,Indiana,Morgan,18109,39.47899078,-86.44573375,83,10,6
"Newton County, Indiana",134,8/26/2020,Indiana,Newton,18111,40.95610449,-87.39635768,,,
"Noble County, Indiana",779,8/26/2020,Indiana,Noble,18113,41.39672484,-85.41966713,47,5,3
"Ohio County, Indiana",71,8/26/2020,Indiana,Ohio,18115,38.955305,-84.96515993,,,
"Orange County, Indiana",224,8/26/2020,Indiana,Orange,18117,38.5411892,-86.49523093,24,4,3
"Owen County, Indiana",133,8/26/2020,Indiana,Owen,18119,39.31145587,-86.83900724,,,
"Parke County, Indiana",74,8/26/2020,Indiana,Parke,18121,39.77202286,-87.20375833,,,
"Perry County, Indiana",196,8/26/2020,Indiana,Perry,18123,38.07809328,-86.63741946,25,4,3
"Pike County, Indiana",84,8/26/2020,Indiana,Pike,18125,38.40112197,-87.23574907,,,
"Porter County, Indiana",1613,8/26/2020,Indiana,Porter,18127,41.45986947,-87.06848888,292,32,21
"Posey County, Indiana",206,8/26/2020,Indiana,Posey,18129,38.02097333,-87.86480429,,,
"Pulaski County, Indiana",93,8/26/2020,Indiana,Pulaski,18131,41.04166107,-86.69890683,25,4,3
"Putnam County, Indiana",410,8/26/2020,Indiana,Putnam,18133,39.66437981,-86.84517605,25,6,4
"Randolph County, Indiana",153,8/26/2020,Indiana,Randolph,18135,40.15734772,-85.01139319,25,4,3
"Ripley County, Indiana",237,8/26/2020,Indiana,Ripley,18137,39.10235626,-85.26212744,25,7,5
"Rush County, Indiana",128,8/26/2020,Indiana,Rush,18139,39.62002287,-85.4655599,25,4,3
"Scott County, Indiana",305,8/26/2020,Indiana,Scott,18143,38.68672078,-85.74627859,25,4,3
"Shelby County, Indiana",609,8/26/2020,Indiana,Shelby,18145,39.52305623,-85.7915857,46,6,4
"Spencer County, Indiana",150,8/26/2020,Indiana,Spencer,18147,38.01519732,-87.0079644,,,
"St. Joseph County, Indiana",4823,8/26/2020,Indiana,St. Joseph,18141,41.61756781,-86.29040834,837,111,72
"Starke County, Indiana",193,8/26/2020,Indiana,Starke,18149,41.27890281,-86.64686895,15,1,1
"Steuben County, Indiana",252,8/26/2020,Indiana,Steuben,18151,41.64423868,-85.00101094,25,2,1
"Sullivan County, Indiana",271,8/26/2020,Indiana,Sullivan,18153,39.08952258,-87.41414469,25,4,3
"Switzerland County, Indiana",63,8/26/2020,Indiana,Switzerland,18155,38.82767338,-85.03022429,,,
"Tippecanoe County, Indiana",1500,8/26/2020,Indiana,Tippecanoe,18157,40.38872739,-86.89413959,477,35,23
"Tipton County, Indiana",173,8/26/2020,Indiana,Tipton,18159,40.31123252,-86.05234925,25,4,3
"Union County, Indiana",58,8/26/2020,Indiana,Union,18161,39.62550777,-84.92497066,,,
"Vanderburgh County, Indiana",2417,8/26/2020,Indiana,Vanderburgh,18163,38.02658833,-87.58763124,993,136,88
"Vermillion County, Indiana",82,8/26/2020,Indiana,Vermillion,18165,39.8523352,-87.46160542,25,6,4
"Vigo County, Indiana",1100,8/26/2020,Indiana,Vigo,18167,39.42944561,-87.39169027,494,54,35
"Wabash County, Indiana",199,8/26/2020,Indiana,Wabash,18169,40.84704239,-85.79328272,18,3,2
"Warren County, Indiana",36,8/26/2020,Indiana,Warren,18171,40.34728141,-87.35602659,16,4,3
"Warrick County, Indiana",721,8/26/2020,Indiana,Warrick,18173,38.08922676,-87.2716085,333,75,49
"Washington County, Indiana",199,8/26/2020,Indiana,Washington,18175,38.60219804,-86.1049363,25,4,3
"Wayne County, Indiana",502,8/26/2020,Indiana,Wayne,18177,39.8633444,-85.01044989,376,30,20
"Wells County, Indiana",202,8/26/2020,Indiana,Wells,18179,40.72934187,-85.22132966,55,7,5
"White County, Indiana",419,8/26/2020,Indiana,White,18181,40.74911165,-86.86492015,25,4,3
"Whitley County, Indiana",195,8/26/2020,Indiana,Whitley,18183,41.13863784,-85.50791236,30,5,3
"Adair County, Iowa",43,8/26/2020,Iowa,Adair,19001,41.33075609,-94.47105874,25,4,3
"Adams County, Iowa",20,8/26/2020,Iowa,Adams,19003,41.02903567,-94.69932645,22,4,3
"Allamakee County, Iowa",169,8/26/2020,Iowa,Allamakee,19005,43.28383218,-91.37860922,25,5,3
"Appanoose County, Iowa",70,8/26/2020,Iowa,Appanoose,19007,40.74324454,-92.86865906,25,3,2
"Audubon County, Iowa",36,8/26/2020,Iowa,Audubon,19009,41.6844628,-94.90581859,25,4,3
"Benton County, Iowa",184,8/26/2020,Iowa,Benton,19011,42.08011739,-92.06463573,25,4,3
"Black Hawk County, Iowa",3576,8/26/2020,Iowa,Black Hawk,19013,42.4704581,-92.30524729,384,29,19
"Boone County, Iowa",326,8/26/2020,Iowa,Boone,19015,42.03657094,-93.9313999,25,4,3
"Bremer County, Iowa",274,8/26/2020,Iowa,Bremer,19017,42.77461496,-92.31795937,37,7,5
"Buchanan County, Iowa",166,8/26/2020,Iowa,Buchanan,19019,42.4709188,-91.83510825,85,4,3
"Buena Vista County, Iowa",1822,8/26/2020,Iowa,Buena Vista,19021,42.73545875,-95.15100162,25,4,3
"Butler County, Iowa",171,8/26/2020,Iowa,Butler,19023,42.73172833,-92.79015971,,,
"Calhoun County, Iowa",104,8/26/2020,Iowa,Calhoun,19025,42.38521079,-94.64046046,25,2,1
"Carroll County, Iowa",323,8/26/2020,Iowa,Carroll,19027,42.03617207,-94.86032705,66,9,6
"Cass County, Iowa",107,8/26/2020,Iowa,Cass,19029,41.33149454,-94.92792482,25,4,3
"Cedar County, Iowa",146,8/26/2020,Iowa,Cedar,19031,41.77233777,-91.13246684,,,
"Cerro Gordo County, Iowa",726,8/26/2020,Iowa,Cerro Gordo,19033,43.08177563,-93.2612239,205,18,12
"Cherokee County, Iowa",131,8/26/2020,Iowa,Cherokee,19035,42.73538914,-95.62389402,61,4,3
"Chickasaw County, Iowa",94,8/26/2020,Iowa,Chickasaw,19037,43.06001295,-92.31773347,8,1,1
"Clarke County, Iowa",224,8/26/2020,Iowa,Clarke,19039,41.02868181,-93.78499767,25,4,3
"Clay County, Iowa",235,8/26/2020,Iowa,Clay,19041,43.08247182,-95.15096481,49,9,6
"Clayton County, Iowa",172,8/26/2020,Iowa,Clayton,19043,42.84443388,-91.34133693,40,7,5
"Clinton County, Iowa",728,8/26/2020,Iowa,Clinton,19045,41.89981633,-90.53275096,120,12,8
"Crawford County, Iowa",804,8/26/2020,Iowa,Crawford,19047,42.03718237,-95.3819718,25,4,3
"Dallas County, Iowa",2167,8/26/2020,Iowa,Dallas,19049,41.68560356,-94.04127625,25,4,3
"Davis County, Iowa",78,8/26/2020,Iowa,Davis,19051,40.74773536,-92.41005468,25,4,3
"Decatur County, Iowa",38,8/26/2020,Iowa,Decatur,19053,40.73742757,-93.78645949,11,2,1
"Delaware County, Iowa",185,8/26/2020,Iowa,Delaware,19055,42.47104597,-91.3664492,25,4,3
"Des Moines County, Iowa",479,8/26/2020,Iowa,Des Moines,19057,40.92012606,-91.18326592,136,12,8
"Dickinson County, Iowa",409,8/26/2020,Iowa,Dickinson,19059,43.37787725,-95.1510206,44,8,5
"Dubuque County, Iowa",1938,8/26/2020,Iowa,Dubuque,19061,42.46815349,-90.88181925,257,21,14
"Emmet County, Iowa",216,8/26/2020,Iowa,Emmet,19063,43.37782951,-94.67858943,22,4,3
"Fayette County, Iowa",130,8/26/2020,Iowa,Fayette,19065,42.86271799,-91.8441231,50,8,5
"Floyd County, Iowa",191,8/26/2020,Iowa,Floyd,19067,43.0600053,-92.78940097,25,4,3
"Franklin County, Iowa",280,8/26/2020,Iowa,Franklin,19069,42.73270384,-93.26256925,25,4,3
"Fremont County, Iowa",55,8/26/2020,Iowa,Fremont,19071,40.7454272,-95.60129045,25,4,3
"Greene County, Iowa",52,8/26/2020,Iowa,Greene,19073,42.03614551,-94.39658081,25,4,3
"Grundy County, Iowa",116,8/26/2020,Iowa,Grundy,19075,42.40183723,-92.78829551,25,4,3
"Guthrie County, Iowa",160,8/26/2020,Iowa,Guthrie,19077,41.68378965,-94.50111014,25,4,3
"Hamilton County, Iowa",248,8/26/2020,Iowa,Hamilton,19079,42.38382428,-93.70197703,25,4,3
"Hancock County, Iowa",139,8/26/2020,Iowa,Hancock,19081,43.08178477,-93.73454884,25,4,3
"Hardin County, Iowa",214,8/26/2020,Iowa,Hardin,19083,42.38353877,-93.23654611,19,3,2
"Harrison County, Iowa",140,8/26/2020,Iowa,Harrison,19085,41.68330137,-95.81558439,25,4,3
"Henry County, Iowa",215,8/26/2020,Iowa,Henry,19087,40.98767962,-91.54436349,25,4,3
"Howard County, Iowa",115,8/26/2020,Iowa,Howard,19089,43.35671042,-92.31702714,18,3,2
"Humboldt County, Iowa",101,8/26/2020,Iowa,Humboldt,19091,42.7764426,-94.20722537,17,3,2
"Ida County, Iowa",39,8/26/2020,Iowa,Ida,19093,42.38696136,-95.51355387,25,4,3
"Iowa County, Iowa",109,8/26/2020,Iowa,Iowa,19095,41.68630265,-92.0643373,25,4,3
"Jackson County, Iowa",187,8/26/2020,Iowa,Jackson,19097,42.17178824,-90.57354837,25,4,3
"Jasper County, Iowa",536,8/26/2020,Iowa,Jasper,19099,41.68576082,-93.05567785,48,8,5
"Jefferson County, Iowa",110,8/26/2020,Iowa,Jefferson,19101,41.03192394,-91.94849466,25,4,3
"Johnson County, Iowa",2939,8/26/2020,Iowa,Johnson,19103,41.67169354,-91.58754744,1055,77,50
"Jones County, Iowa",164,8/26/2020,Iowa,Jones,19105,42.12118609,-91.13139641,22,4,3
"Keokuk County, Iowa",52,8/26/2020,Iowa,Keokuk,19107,41.33649833,-92.1785067,25,4,3
"Kossuth County, Iowa",115,8/26/2020,Iowa,Kossuth,19109,43.20405458,-94.20691791,24,4,3
"Lee County, Iowa",326,8/26/2020,Iowa,Lee,19111,40.64181461,-91.48183025,99,12,8
"Linn County, Iowa",2828,8/26/2020,Iowa,Linn,19113,42.07923082,-91.59809485,495,36,23
"Louisa County, Iowa",386,8/26/2020,Iowa,Louisa,19115,41.21842119,-91.26102611,,,
"Lucas County, Iowa",85,8/26/2020,Iowa,Lucas,19117,41.02958964,-93.32780803,25,4,3
"Lyon County, Iowa",140,8/26/2020,Iowa,Lyon,19119,43.38107862,-96.20926845,11,2,1
"Madison County, Iowa",151,8/26/2020,Iowa,Madison,19121,41.33081904,-94.01554631,25,4,3
"Mahaska County, Iowa",203,8/26/2020,Iowa,Mahaska,19123,41.33521503,-92.64083907,25,4,3
"Marion County, Iowa",376,8/26/2020,Iowa,Marion,19125,41.33445101,-93.09934783,50,7,5
"Marshall County, Iowa",1594,8/26/2020,Iowa,Marshall,19127,42.03586837,-92.9990819,41,7,5
"Mills County, Iowa",120,8/26/2020,Iowa,Mills,19129,41.03299766,-95.61920963,,,
"Mitchell County, Iowa",93,8/26/2020,Iowa,Mitchell,19131,43.35638371,-92.78887719,25,4,3
"Monona County, Iowa",105,8/26/2020,Iowa,Monona,19133,42.05220391,-95.95743843,25,4,3
"Monroe County, Iowa",93,8/26/2020,Iowa,Monroe,19135,41.02988815,-92.8690667,25,4,3
"Montgomery County, Iowa",70,8/26/2020,Iowa,Montgomery,19137,41.03018714,-95.15642896,25,8,5
"Muscatine County, Iowa",939,8/26/2020,Iowa,Muscatine,19139,41.48370744,-91.1121697,38,5,3
"O'Brien County, Iowa",175,8/26/2020,Iowa,O'Brien,19141,43.08310673,-95.62474482,39,6,4
"Osceola County, Iowa",92,8/26/2020,Iowa,Osceola,19143,43.37824276,-95.62422844,25,4,3
"Page County, Iowa",107,8/26/2020,Iowa,Page,19145,40.7393172,-95.1497813,50,6,4
"Palo Alto County, Iowa",107,8/26/2020,Iowa,Palo Alto,19147,43.08193849,-94.67824621,24,4,3
"Plymouth County, Iowa",654,8/26/2020,Iowa,Plymouth,19149,42.737633,-96.21366621,25,4,3
"Pocahontas County, Iowa",124,8/26/2020,Iowa,Pocahontas,19151,42.73420133,-94.67862564,25,4,3
"Polk County, Iowa",12080,8/26/2020,Iowa,Polk,19153,41.68679484,-93.57767461,1665,110,72
"Pottawattamie County, Iowa",1541,8/26/2020,Iowa,Pottawattamie,19155,41.33640314,-95.53907776,255,29,19
"Poweshiek County, Iowa",178,8/26/2020,Iowa,Poweshiek,19157,41.68625425,-92.53155731,49,5,3
"Ringgold County, Iowa",30,8/26/2020,Iowa,Ringgold,19159,40.73518949,-94.24368535,16,3,2
"Sac County, Iowa",103,8/26/2020,Iowa,Sac,19161,42.38624071,-95.10547892,25,4,3
"Scott County, Iowa",2059,8/26/2020,Iowa,Scott,19163,41.63935978,-90.61959493,432,47,31
"Shelby County, Iowa",211,8/26/2020,Iowa,Shelby,19165,41.6850066,-95.31015553,25,4,3
"Sioux County, Iowa",834,8/26/2020,Iowa,Sioux,19167,43.08221074,-96.1767568,94,15,10
"Story County, Iowa",1854,8/26/2020,Iowa,Story,19169,42.03621213,-93.46499005,175,17,11
"Tama County, Iowa",600,8/26/2020,Iowa,Tama,19171,42.07991767,-92.53266945,,,
"Taylor County, Iowa",107,8/26/2020,Iowa,Taylor,19173,40.73710579,-94.69778563,,,
"Union County, Iowa",91,8/26/2020,Iowa,Union,19175,41.0277278,-94.24234847,25,4,3
"Van Buren County, Iowa",49,8/26/2020,Iowa,Van Buren,19177,40.75326764,-91.95017958,25,4,3
"Wapello County, Iowa",1042,8/26/2020,Iowa,Wapello,19179,41.03064984,-92.40954728,88,11,7
"Warren County, Iowa",679,8/26/2020,Iowa,Warren,19181,41.33559454,-93.56007641,,,
"Washington County, Iowa",320,8/26/2020,Iowa,Washington,19183,41.33577126,-91.71725711,25,4,3
"Wayne County, Iowa",39,8/26/2020,Iowa,Wayne,19185,40.73969028,-93.32752197,25,4,3
"Webster County, Iowa",712,8/26/2020,Iowa,Webster,19187,42.42853483,-94.17987389,40,8,5
"Winnebago County, Iowa",149,8/26/2020,Iowa,Winnebago,19189,43.37751174,-93.73407298,,,
"Winneshiek County, Iowa",196,8/26/2020,Iowa,Winneshiek,19191,43.29094334,-91.84422722,25,4,3
"Woodbury County, Iowa",4008,8/26/2020,Iowa,Woodbury,19193,42.38979414,-96.0459439,316,34,22
"Worth County, Iowa",76,8/26/2020,Iowa,Worth,19195,43.37750768,-93.26087602,,,
"Wright County, Iowa",496,8/26/2020,Iowa,Wright,19197,42.73305373,-93.73515113,47,8,5
"Allen County, Kansas",20,8/26/2020,Kansas,Allen,20001,37.88582951,-95.30030847,25,4,3
"Anderson County, Kansas",32,8/26/2020,Kansas,Anderson,20003,38.21413251,-95.29272815,12,2,1
"Atchison County, Kansas",157,8/26/2020,Kansas,Atchison,20005,39.53185661,-95.30870026,25,4,3
"Barber County, Kansas",5,8/26/2020,Kansas,Barber,20007,37.2288586,-98.68460053,32,6,4
"Barton County, Kansas",257,8/26/2020,Kansas,Barton,20009,38.47889676,-98.75636726,75,11,7
"Bourbon County, Kansas",82,8/26/2020,Kansas,Bourbon,20011,37.85508555,-94.84865997,,,
"Brown County, Kansas",62,8/26/2020,Kansas,Brown,20013,39.82652589,-95.56421698,25,4,3
"Butler County, Kansas",393,8/26/2020,Kansas,Butler,20015,37.78134351,-96.83878537,108,16,10
"Chase County, Kansas",65,8/26/2020,Kansas,Chase,20017,38.30292938,-96.59563862,,,
"Chautauqua County, Kansas",8,8/26/2020,Kansas,Chautauqua,20019,37.14994405,-96.2454192,17,3,2
"Cherokee County, Kansas",215,8/26/2020,Kansas,Cherokee,20021,37.16928494,-94.8462897,46,8,5
"Cheyenne County, Kansas",6,8/26/2020,Kansas,Cheyenne,20023,39.78580976,-101.7318201,16,3,2
"Clark County, Kansas",46,8/26/2020,Kansas,Clark,20025,37.23577007,-99.81883015,39,6,4
"Clay County, Kansas",30,8/26/2020,Kansas,Clay,20027,39.34948772,-97.16518128,17,3,2
"Cloud County, Kansas",48,8/26/2020,Kansas,Cloud,20029,39.48028352,-97.64925343,22,4,3
"Coffey County, Kansas",77,8/26/2020,Kansas,Coffey,20031,38.2365018,-95.73379515,25,4,3
"Comanche County, Kansas",9,8/26/2020,Kansas,Comanche,20033,37.1911452,-99.27113247,12,2,1
"Cowley County, Kansas",247,8/26/2020,Kansas,Cowley,20035,37.23781842,-96.83776647,53,4,3
"Crawford County, Kansas",440,8/26/2020,Kansas,Crawford,20037,37.50675523,-94.85245778,89,16,10
"Decatur County, Kansas",6,8/26/2020,Kansas,Decatur,20039,39.78468441,-100.4594081,21,4,3
"Dickinson County, Kansas",72,8/26/2020,Kansas,Dickinson,20041,38.86600962,-97.15532383,34,6,4
"Doniphan County, Kansas",58,8/26/2020,Kansas,Doniphan,20043,39.79067154,-95.14056866,,,
"Douglas County, Kansas",1199,8/26/2020,Kansas,Douglas,20045,38.88503636,-95.2925121,110,10,6
"Edwards County, Kansas",16,8/26/2020,Kansas,Edwards,20047,37.88735543,-99.31263309,12,2,1
"Elk County, Kansas",1,8/26/2020,Kansas,Elk,20049,37.45338105,-96.24369667,,,
"Ellis County, Kansas",294,8/26/2020,Kansas,Ellis,20051,38.91458712,-99.31751551,149,34,22
"Ellsworth County, Kansas",25,8/26/2020,Kansas,Ellsworth,20053,38.69677695,-98.20462799,18,3,2
"Finney County, Kansas",1861,8/26/2020,Kansas,Finney,20055,38.04340344,-100.7381938,90,8,5
"Ford County, Kansas",2239,8/26/2020,Kansas,Ford,20057,37.69200114,-99.88825298,60,10,6
"Franklin County, Kansas",253,8/26/2020,Kansas,Franklin,20059,38.56443815,-95.28644341,44,5,3
"Geary County, Kansas",207,8/26/2020,Kansas,Geary,20061,38.99871131,-96.7577178,96,6,4
"Gove County, Kansas",9,8/26/2020,Kansas,Gove,20063,38.91588178,-100.4829321,21,4,3
"Graham County, Kansas",24,8/26/2020,Kansas,Graham,20065,39.34987223,-99.88332493,20,3,2
"Grant County, Kansas",148,8/26/2020,Kansas,Grant,20067,37.56227336,-101.3079758,26,5,3
"Gray County, Kansas",106,8/26/2020,Kansas,Gray,20069,37.73836671,-100.4369088,,,
"Greeley County, Kansas",4,8/26/2020,Kansas,Greeley,20071,38.4808095,-101.8061079,18,3,2
"Greenwood County, Kansas",23,8/26/2020,Kansas,Greenwood,20073,37.8774388,-96.23250453,25,4,3
"Hamilton County, Kansas",42,8/26/2020,Kansas,Hamilton,20075,37.99978709,-101.7921066,25,4,3
"Harper County, Kansas",95,8/26/2020,Kansas,Harper,20077,37.19175361,-98.07578384,25,4,3
"Harvey County, Kansas",285,8/26/2020,Kansas,Harvey,20079,38.04293782,-97.42747573,134,6,4
"Haskell County, Kansas",46,8/26/2020,Kansas,Haskell,20081,37.5620394,-100.8710738,13,2,1
"Hodgeman County, Kansas",13,8/26/2020,Kansas,Hodgeman,20083,38.08780079,-99.89829881,25,4,3
"Jackson County, Kansas",187,8/26/2020,Kansas,Jackson,20085,39.41673394,-95.79356799,12,2,1
"Jefferson County, Kansas",113,8/26/2020,Kansas,Jefferson,20087,39.2347941,-95.38289232,25,4,3
"Jewell County, Kansas",14,8/26/2020,Kansas,Jewell,20089,39.78470589,-98.21820662,21,4,3
"Johnson County, Kansas",7604,8/26/2020,Kansas,Johnson,20091,38.88548175,-94.82250877,1515,261,170
"Kearny County, Kansas",69,8/26/2020,Kansas,Kearny,20093,38.00017981,-101.321681,25,4,3
"Kingman County, Kansas",39,8/26/2020,Kansas,Kingman,20095,37.55909527,-98.13638678,25,4,3
"Kiowa County, Kansas",8,8/26/2020,Kansas,Kiowa,20097,37.55848695,-99.2856537,15,3,2
"Labette County, Kansas",172,8/26/2020,Kansas,Labette,20099,37.19113093,-95.29849679,49,5,3
"Lane County, Kansas",8,8/26/2020,Kansas,Lane,20101,38.48119447,-100.4660754,25,4,3
"Leavenworth County, Kansas",1624,8/26/2020,Kansas,Leavenworth,20103,39.20183497,-95.03620809,250,10,6
"Lincoln County, Kansas",7,8/26/2020,Kansas,Lincoln,20105,39.04549684,-98.20756994,10,2,1
"Linn County, Kansas",53,8/26/2020,Kansas,Linn,20107,38.21267844,-94.84254089,,,
"Logan County, Kansas",2,8/26/2020,Kansas,Logan,20109,38.91735806,-101.148475,25,4,3
"Lyon County, Kansas",897,8/26/2020,Kansas,Lyon,20111,38.45576156,-96.15275715,20,6,4
"Marion County, Kansas",61,8/26/2020,Kansas,Marion,20115,38.35855394,-97.0985251,25,5,3
"Marshall County, Kansas",14,8/26/2020,Kansas,Marshall,20117,39.78359669,-96.52278974,23,4,3
"McPherson County, Kansas",207,8/26/2020,Kansas,McPherson,20113,38.39184858,-97.64769869,81,15,10
"Meade County, Kansas",62,8/26/2020,Kansas,Meade,20119,37.23859987,-100.364831,20,3,2
"Miami County, Kansas",188,8/26/2020,Kansas,Miami,20121,38.56383358,-94.83832189,104,109,71
"Mitchell County, Kansas",30,8/26/2020,Kansas,Mitchell,20123,39.39331582,-98.20906732,16,4,3
"Montgomery County, Kansas",220,8/26/2020,Kansas,Montgomery,20125,37.19236568,-95.74329258,47,7,5
"Morris County, Kansas",18,8/26/2020,Kansas,Morris,20127,38.68827511,-96.65128437,25,4,3
"Morton County, Kansas",10,8/26/2020,Kansas,Morton,20129,37.19141121,-101.7992519,26,5,3
"Nemaha County, Kansas",55,8/26/2020,Kansas,Nemaha,20131,39.78345387,-96.01392079,41,7,5
"Neosho County, Kansas",79,8/26/2020,Kansas,Neosho,20133,37.55862897,-95.30670046,22,5,3
"Ness County, Kansas",18,8/26/2020,Kansas,Ness,20135,38.47974157,-99.91547333,37,6,4
"Norton County, Kansas",23,8/26/2020,Kansas,Norton,20137,39.78443827,-99.90286639,25,4,3
"Osage County, Kansas",60,8/26/2020,Kansas,Osage,20139,38.65235984,-95.72707998,,,
"Osborne County, Kansas",4,8/26/2020,Kansas,Osborne,20141,39.3503437,-98.76753828,24,4,3
"Ottawa County, Kansas",40,8/26/2020,Kansas,Ottawa,20143,39.13237408,-97.65020313,25,4,3
"Pawnee County, Kansas",187,8/26/2020,Kansas,Pawnee,20145,38.18108732,-99.23692334,121,4,3
"Phillips County, Kansas",51,8/26/2020,Kansas,Phillips,20147,39.78465501,-99.34668865,25,4,3
"Pottawatomie County, Kansas",151,8/26/2020,Kansas,Pottawatomie,20149,39.37925655,-96.34564657,43,7,5
"Pratt County, Kansas",40,8/26/2020,Kansas,Pratt,20151,37.64780729,-98.73922153,35,6,4
"Rawlins County, Kansas",1,8/26/2020,Kansas,Rawlins,20153,39.78525843,-101.0761617,15,3,2
"Reno County, Kansas",684,8/26/2020,Kansas,Reno,20155,37.95230263,-98.08607292,137,20,13
"Republic County, Kansas",35,8/26/2020,Kansas,Republic,20157,39.82799632,-97.65036709,25,4,3
"Rice County, Kansas",43,8/26/2020,Kansas,Rice,20159,38.34616184,-98.19992118,25,4,3
"Riley County, Kansas",686,8/26/2020,Kansas,Riley,20161,39.28935726,-96.73420026,99,10,6
"Rooks County, Kansas",25,8/26/2020,Kansas,Rooks,20163,39.35022773,-99.32484567,22,3,2
"Rush County, Kansas",14,8/26/2020,Kansas,Rush,20165,38.52275276,-99.30863983,16,3,2
"Russell County, Kansas",18,8/26/2020,Kansas,Russell,20167,38.91462787,-98.76254297,20,3,2
"Saline County, Kansas",455,8/26/2020,Kansas,Saline,20169,38.78369175,-97.65185177,193,21,14
"Scott County, Kansas",91,8/26/2020,Kansas,Scott,20171,38.48222076,-100.9066539,25,4,3
"Sedgwick County, Kansas",6621,8/26/2020,Kansas,Sedgwick,20173,37.6842718,-97.4608198,1802,214,139
"Seward County, Kansas",1356,8/26/2020,Kansas,Seward,20175,37.19324632,-100.8507201,71,8,5
"Shawnee County, Kansas",2062,8/26/2020,Kansas,Shawnee,20177,39.04100763,-95.7557264,931,45,29
"Sheridan County, Kansas",9,8/26/2020,Kansas,Sheridan,20179,39.35018161,-100.4418259,18,3,2
"Sherman County, Kansas",17,8/26/2020,Kansas,Sherman,20181,39.35147699,-101.7197624,21,4,3
"Smith County, Kansas",3,8/26/2020,Kansas,Smith,20183,39.78516566,-98.78566062,16,3,2
"Stafford County, Kansas",19,8/26/2020,Kansas,Stafford,20185,38.03100851,-98.71762001,25,4,3
"Stanton County, Kansas",22,8/26/2020,Kansas,Stanton,20187,37.56304714,-101.7843534,16,3,2
"Stevens County, Kansas",60,8/26/2020,Kansas,Stevens,20189,37.1923008,-101.3118967,17,3,2
"Sumner County, Kansas",117,8/26/2020,Kansas,Sumner,20191,37.23682549,-97.47721621,25,4,3
"Thomas County, Kansas",53,8/26/2020,Kansas,Thomas,20193,39.35107575,-101.0553705,23,1,1
"Trego County, Kansas",11,8/26/2020,Kansas,Trego,20195,38.91467218,-99.87284448,25,4,3
"Wabaunsee County, Kansas",52,8/26/2020,Kansas,Wabaunsee,20197,38.95471985,-96.20350509,,,
"Wallace County, Kansas",1,8/26/2020,Kansas,Wallace,20199,38.91686134,-101.7638876,,,
"Washington County, Kansas",3,8/26/2020,Kansas,Washington,20201,39.78420784,-97.0875323,50,8,5
"Wichita County, Kansas",4,8/26/2020,Kansas,Wichita,20203,38.48178252,-101.3471509,25,4,3
"Wilson County, Kansas",16,8/26/2020,Kansas,Wilson,20205,37.55937174,-95.74323255,40,7,5
"Woodson County, Kansas",12,8/26/2020,Kansas,Woodson,20207,37.8865336,-95.74006277,,,
"Wyandotte County, Kansas",5850,8/26/2020,Kansas,Wyandotte,20209,39.11727348,-94.76378225,1059,167,109
"Adair County, Kentucky",250,8/26/2020,Kentucky,Adair,21001,37.10459774,-85.28129668,,,
"Allen County, Kentucky",244,8/26/2020,Kentucky,Allen,21003,36.75197631,-86.19457544,25,4,3
"Anderson County, Kentucky",113,8/26/2020,Kentucky,Anderson,21005,38.00671029,-84.99171713,,,
"Ballard County, Kentucky",41,8/26/2020,Kentucky,Ballard,21007,37.05842757,-88.99427697,,,
"Barren County, Kentucky",483,8/26/2020,Kentucky,Barren,21009,36.96469836,-85.93338945,108,10,6
"Bath County, Kentucky",53,8/26/2020,Kentucky,Bath,21011,38.14735938,-83.74588932,,,
"Bell County, Kentucky",372,8/26/2020,Kentucky,Bell,21013,36.73355174,-83.67766671,87,14,9
"Boone County, Kentucky",1248,8/26/2020,Kentucky,Boone,21015,38.97065142,-84.72615357,166,18,12
"Bourbon County, Kentucky",105,8/26/2020,Kentucky,Bourbon,21017,38.2054607,-84.21827874,34,4,3
"Boyd County, Kentucky",221,8/26/2020,Kentucky,Boyd,21019,38.36176608,-82.68652187,438,38,25
"Boyle County, Kentucky",196,8/26/2020,Kentucky,Boyle,21021,37.62680923,-84.8633779,170,22,14
"Bracken County, Kentucky",37,8/26/2020,Kentucky,Bracken,21023,38.69158994,-84.08532444,,,
"Breathitt County, Kentucky",51,8/26/2020,Kentucky,Breathitt,21025,37.52333168,-83.31959161,49,4,3
"Breckinridge County, Kentucky",92,8/26/2020,Kentucky,Breckinridge,21027,37.77377239,-86.42885017,25,4,3
"Bullitt County, Kentucky",580,8/26/2020,Kentucky,Bullitt,21029,37.97162523,-85.68955617,,,
"Butler County, Kentucky",311,8/26/2020,Kentucky,Butler,21031,37.20946153,-86.68748787,,,
"Caldwell County, Kentucky",68,8/26/2020,Kentucky,Caldwell,21033,37.14749129,-87.86948214,25,4,3
"Calloway County, Kentucky",379,8/26/2020,Kentucky,Calloway,21035,36.62093411,-88.2731593,99,10,6
"Campbell County, Kentucky",663,8/26/2020,Kentucky,Campbell,21037,38.94384345,-84.37875208,156,26,17
"Carlisle County, Kentucky",58,8/26/2020,Kentucky,Carlisle,21039,36.85372876,-88.9669222,,,
"Carroll County, Kentucky",188,8/26/2020,Kentucky,Carroll,21041,38.66599534,-85.12601074,25,4,3
"Carter County, Kentucky",113,8/26/2020,Kentucky,Carter,21043,38.31690743,-83.05092385,,,
"Casey County, Kentucky",234,8/26/2020,Kentucky,Casey,21045,37.32533118,-84.92726209,24,4,3
"Christian County, Kentucky",757,8/26/2020,Kentucky,Christian,21047,36.89267803,-87.49055367,390,18,12
"Clark County, Kentucky",235,8/26/2020,Kentucky,Clark,21049,37.9689263,-84.14615986,54,8,5
"Clay County, Kentucky",199,8/26/2020,Kentucky,Clay,21051,37.16451126,-83.712575,49,6,4
"Clinton County, Kentucky",63,8/26/2020,Kentucky,Clinton,21053,36.72581156,-85.13377529,38,7,5
"Crittenden County, Kentucky",43,8/26/2020,Kentucky,Crittenden,21055,37.35839237,-88.0882609,48,8,5
"Cumberland County, Kentucky",82,8/26/2020,Kentucky,Cumberland,21057,36.78926125,-85.39050034,25,4,3
"Daviess County, Kentucky",913,8/26/2020,Kentucky,Daviess,21059,37.73028906,-87.0901948,507,32,21
"Edmonson County, Kentucky",116,8/26/2020,Kentucky,Edmonson,21061,37.21218923,-86.23955613,,,
"Elliott County, Kentucky",20,8/26/2020,Kentucky,Elliott,21063,38.11624059,-83.09771563,,,
"Estill County, Kentucky",30,8/26/2020,Kentucky,Estill,21065,37.69241417,-83.95956369,25,4,3
"Fayette County, Kentucky",3901,8/26/2020,Kentucky,Fayette,21067,38.0368225,-84.45576892,1950,367,239
"Fleming County, Kentucky",65,8/26/2020,Kentucky,Fleming,21069,38.36758311,-83.69657514,52,3,2
"Floyd County, Kentucky",140,8/26/2020,Kentucky,Floyd,21071,37.56213922,-82.74750924,177,20,13
"Franklin County, Kentucky",448,8/26/2020,Kentucky,Franklin,21073,38.2379395,-84.87962551,115,10,6
"Fulton County, Kentucky",112,8/26/2020,Kentucky,Fulton,21075,36.55238827,-89.20140068,,,
"Gallatin County, Kentucky",89,8/26/2020,Kentucky,Gallatin,21077,38.75398691,-84.8558382,,,
"Garrard County, Kentucky",109,8/26/2020,Kentucky,Garrard,21079,37.6388668,-84.53289319,,,
"Grant County, Kentucky",132,8/26/2020,Kentucky,Grant,21081,38.64962758,-84.62415957,15,3,2
"Graves County, Kentucky",625,8/26/2020,Kentucky,Graves,21083,36.72292505,-88.65143315,95,8,5
"Grayson County, Kentucky",244,8/26/2020,Kentucky,Grayson,21085,37.46231118,-86.34248968,75,6,4
"Green County, Kentucky",111,8/26/2020,Kentucky,Green,21087,37.26484328,-85.5540745,25,4,3
"Greenup County, Kentucky",185,8/26/2020,Kentucky,Greenup,21089,38.54332505,-82.9215658,,,
"Hancock County, Kentucky",56,8/26/2020,Kentucky,Hancock,21091,37.83766422,-86.78280584,,,
"Hardin County, Kentucky",870,8/26/2020,Kentucky,Hardin,21093,37.6976111,-85.96319251,428,10,6
"Harlan County, Kentucky",273,8/26/2020,Kentucky,Harlan,21095,36.85699301,-83.21899516,81,7,5
"Harrison County, Kentucky",146,8/26/2020,Kentucky,Harrison,21097,38.44188174,-84.32869741,61,6,4
"Hart County, Kentucky",121,8/26/2020,Kentucky,Hart,21099,37.29943898,-85.88461055,25,4,3
"Henderson County, Kentucky",410,8/26/2020,Kentucky,Henderson,21101,37.79344553,-87.57392021,118,12,8
"Henry County, Kentucky",158,8/26/2020,Kentucky,Henry,21103,38.44942688,-85.11587507,,,
"Hickman County, Kentucky",66,8/26/2020,Kentucky,Hickman,21105,36.6794808,-88.97875928,,,
"Hopkins County, Kentucky",495,8/26/2020,Kentucky,Hopkins,21107,37.30939025,-87.54670406,445,25,16
"Jackson County, Kentucky",198,8/26/2020,Kentucky,Jackson,21109,37.41866422,-83.99825483,,,
"Jefferson County, Kentucky",11018,8/26/2020,Kentucky,Jefferson,21111,38.18664655,-85.65931031,2088,538,350
"Jessamine County, Kentucky",428,8/26/2020,Kentucky,Jessamine,21113,37.87119786,-84.58252003,,,
"Johnson County, Kentucky",105,8/26/2020,Kentucky,Johnson,21115,37.85106355,-82.8264322,72,6,4
"Kenton County, Kentucky",1666,8/26/2020,Kentucky,Kenton,21117,38.93950319,-84.53241199,707,46,30
"Knott County, Kentucky",88,8/26/2020,Kentucky,Knott,21119,37.35388197,-82.94981134,,,
"Knox County, Kentucky",321,8/26/2020,Kentucky,Knox,21121,36.89225732,-83.85403396,25,6,4
"Larue County, Kentucky",78,8/26/2020,Kentucky,Larue,21123,37.54567114,-85.70138352,,,
"Laurel County, Kentucky",529,8/26/2020,Kentucky,Laurel,21125,37.10975748,-84.11321779,106,14,9
"Lawrence County, Kentucky",40,8/26/2020,Kentucky,Lawrence,21127,38.07136018,-82.72882223,65,6,4
"Lee County, Kentucky",12,8/26/2020,Kentucky,Lee,21129,37.59645942,-83.71513901,,,
"Leslie County, Kentucky",39,8/26/2020,Kentucky,Leslie,21131,37.09246661,-83.37999606,25,4,3
"Letcher County, Kentucky",68,8/26/2020,Kentucky,Letcher,21133,37.12306748,-82.85346474,90,6,4
"Lewis County, Kentucky",137,8/26/2020,Kentucky,Lewis,21135,38.53184419,-83.37735618,,,
"Lincoln County, Kentucky",132,8/26/2020,Kentucky,Lincoln,21137,37.45475628,-84.6565327,25,4,3
"Livingston County, Kentucky",43,8/26/2020,Kentucky,Livingston,21139,37.21137452,-88.34797529,25,4,3
"Logan County, Kentucky",393,8/26/2020,Kentucky,Logan,21141,36.85949479,-86.877635,75,6,4
"Lyon County, Kentucky",34,8/26/2020,Kentucky,Lyon,21143,37.02080035,-88.07886257,,,
"Madison County, Kentucky",859,8/26/2020,Kentucky,Madison,21151,37.71659336,-84.27220275,85,12,8
"Magoffin County, Kentucky",62,8/26/2020,Kentucky,Magoffin,21153,37.70820545,-83.0657714,,,
"Marion County, Kentucky",172,8/26/2020,Kentucky,Marion,21155,37.55218078,-85.26898542,63,6,4
"Marshall County, Kentucky",183,8/26/2020,Kentucky,Marshall,21157,36.8800707,-88.32803576,25,4,3
"Martin County, Kentucky",51,8/26/2020,Kentucky,Martin,21159,37.79990579,-82.51247478,,,
"Mason County, Kentucky",80,8/26/2020,Kentucky,Mason,21161,38.59471935,-83.82151043,100,5,3
"McCracken County, Kentucky",472,8/26/2020,Kentucky,McCracken,21145,37.05350953,-88.70445755,573,40,26
"McCreary County, Kentucky",72,8/26/2020,Kentucky,McCreary,21147,36.73874143,-84.48102924,,,
"McLean County, Kentucky",51,8/26/2020,Kentucky,McLean,21149,37.5301951,-87.26803443,,,
"Meade County, Kentucky",121,8/26/2020,Kentucky,Meade,21163,37.96163597,-86.21028219,,,
"Menifee County, Kentucky",30,8/26/2020,Kentucky,Menifee,21165,37.94090733,-83.59985712,,,
"Mercer County, Kentucky",107,8/26/2020,Kentucky,Mercer,21167,37.81474237,-84.87488475,25,4,3
"Metcalfe County, Kentucky",80,8/26/2020,Kentucky,Metcalfe,21169,36.99459295,-85.63123699,,,
"Monroe County, Kentucky",124,8/26/2020,Kentucky,Monroe,21171,36.71225341,-85.71596443,49,9,6
"Montgomery County, Kentucky",177,8/26/2020,Kentucky,Montgomery,21173,38.03253032,-83.9145241,42,4,3
"Morgan County, Kentucky",41,8/26/2020,Kentucky,Morgan,21175,37.92465657,-83.25558245,25,4,3
"Muhlenberg County, Kentucky",652,8/26/2020,Kentucky,Muhlenberg,21177,37.21425819,-87.14632053,47,6,4
"Nelson County, Kentucky",322,8/26/2020,Kentucky,Nelson,21179,37.80335779,-85.4657193,40,4,3
"Nicholas County, Kentucky",22,8/26/2020,Kentucky,Nicholas,21181,38.33342292,-84.01889177,,,
"Ohio County, Kentucky",378,8/26/2020,Kentucky,Ohio,21183,37.47751843,-86.85368087,25,4,3
"Oldham County, Kentucky",779,8/26/2020,Kentucky,Oldham,21185,38.39791089,-85.448222,90,8,5
"Owen County, Kentucky",75,8/26/2020,Kentucky,Owen,21187,38.51679143,-84.82404619,,,
"Owsley County, Kentucky",26,8/26/2020,Kentucky,Owsley,21189,37.42823949,-83.68811419,,,
"Pendleton County, Kentucky",62,8/26/2020,Kentucky,Pendleton,21191,38.69607718,-84.35599463,,,
"Perry County, Kentucky",275,8/26/2020,Kentucky,Perry,21193,37.25023553,-83.22922731,229,32,21
"Pike County, Kentucky",299,8/26/2020,Kentucky,Pike,21195,37.47088263,-82.39487445,386,85,55
"Powell County, Kentucky",72,8/26/2020,Kentucky,Powell,21197,37.83218794,-83.82553961,,,
"Pulaski County, Kentucky",467,8/26/2020,Kentucky,Pulaski,21199,37.10466131,-84.57629079,230,38,25
"Robertson County, Kentucky",4,8/26/2020,Kentucky,Robertson,21201,38.51923469,-84.05055616,,,
"Rockcastle County, Kentucky",110,8/26/2020,Kentucky,Rockcastle,21203,37.36642393,-84.31176452,20,4,3
"Rowan County, Kentucky",112,8/26/2020,Kentucky,Rowan,21205,38.19484205,-83.42088935,90,14,9
"Russell County, Kentucky",158,8/26/2020,Kentucky,Russell,21207,36.99308373,-85.06070117,25,2,1
"Scott County, Kentucky",539,8/26/2020,Kentucky,Scott,21209,38.29622293,-84.5816631,75,6,4
"Shelby County, Kentucky",877,8/26/2020,Kentucky,Shelby,21211,38.21476019,-85.194223,30,4,3
"Simpson County, Kentucky",199,8/26/2020,Kentucky,Simpson,21213,36.74058474,-86.58047435,25,4,3
"Spencer County, Kentucky",162,8/26/2020,Kentucky,Spencer,21215,38.03223971,-85.32749335,,,
"Taylor County, Kentucky",186,8/26/2020,Kentucky,Taylor,21217,37.3677562,-85.3329931,90,8,5
"Todd County, Kentucky",100,8/26/2020,Kentucky,Todd,21219,36.8381152,-87.17878374,,,
"Trigg County, Kentucky",74,8/26/2020,Kentucky,Trigg,21221,36.80767017,-87.87333656,25,4,3
"Trimble County, Kentucky",43,8/26/2020,Kentucky,Trimble,21223,38.61056487,-85.33775972,,,
"Union County, Kentucky",83,8/26/2020,Kentucky,Union,21225,37.66166713,-87.94300009,25,4,3
"Warren County, Kentucky",3120,8/26/2020,Kentucky,Warren,21227,36.99903045,-86.42672751,639,39,25
"Washington County, Kentucky",118,8/26/2020,Kentucky,Washington,21229,37.75599461,-85.17407732,,,
"Wayne County, Kentucky",86,8/26/2020,Kentucky,Wayne,21231,36.80310688,-84.8251971,25,4,3
"Webster County, Kentucky",95,8/26/2020,Kentucky,Webster,21233,37.52168356,-87.67989953,,,
"Whitley County, Kentucky",182,8/26/2020,Kentucky,Whitley,21235,36.75700531,-84.14541217,280,48,31
"Wolfe County, Kentucky",27,8/26/2020,Kentucky,Wolfe,21237,37.73941626,-83.49303612,,,
"Woodford County, Kentucky",201,8/26/2020,Kentucky,Woodford,21239,38.04178222,-84.7417556,25,4,3
"Acadia County, Louisiana",2775,8/26/2020,Louisiana,Acadia,22001,30.2950649,-92.41419698,144,7,5
"Allen County, Louisiana",1430,8/26/2020,Louisiana,Allen,22003,30.65385745,-92.82442028,74,7,5
"Ascension County, Louisiana",3257,8/26/2020,Louisiana,Ascension,22005,30.20406249,-90.9132841,151,43,28
"Assumption County, Louisiana",649,8/26/2020,Louisiana,Assumption,22007,29.89946234,-91.06461642,15,3,2
"Avoyelles County, Louisiana",1255,8/26/2020,Louisiana,Avoyelles,22009,31.07796211,-92.00079449,92,6,4
"Beauregard County, Louisiana",926,8/26/2020,Louisiana,Beauregard,22011,30.64836518,-93.34173616,80,6,4
"Bienville County, Louisiana",414,8/26/2020,Louisiana,Bienville,22013,32.34569994,-93.05398492,21,4,3
"Bossier County, Louisiana",2653,8/26/2020,Louisiana,Bossier,22015,32.67932307,-93.60460152,217,19,12
"Caddo County, Louisiana",7225,8/26/2020,Louisiana,Caddo,22017,32.57991587,-93.88375652,1993,167,109
"Calcasieu County, Louisiana",7269,8/26/2020,Louisiana,Calcasieu,22019,30.22931235,-93.35400434,744,91,59
"Caldwell County, Louisiana",271,8/26/2020,Louisiana,Caldwell,22021,32.0902519,-92.11752148,77,13,8
"Cameron County, Louisiana",205,8/26/2020,Louisiana,Cameron,22023,29.87592238,-93.19310676,49,9,6
"Catahoula County, Louisiana",358,8/26/2020,Louisiana,Catahoula,22025,31.66778967,-91.84526385,,,
"Claiborne County, Louisiana",344,8/26/2020,Louisiana,Claiborne,22027,32.82308512,-92.99526883,37,4,3
"Concordia County, Louisiana",421,8/26/2020,Louisiana,Concordia,22029,31.44817835,-91.63814433,65,11,7
"De Soto County, Louisiana",808,8/26/2020,Louisiana,De Soto,22031,32.05457447,-93.74130302,34,6,4
"East Baton Rouge County, Louisiana",13450,8/26/2020,Louisiana,East Baton Rouge,22033,30.53842039,-91.09777565,2273,242,157
"East Carroll County, Louisiana",532,8/26/2020,Louisiana,East Carroll,22035,32.73926954,-91.23425694,23,4,3
"East Feliciana County, Louisiana",888,8/26/2020,Louisiana,East Feliciana,22037,30.84425359,-91.04976723,636,52,34
"Evangeline County, Louisiana",1028,8/26/2020,Louisiana,Evangeline,22039,30.72985248,-92.39915924,227,24,16
"Franklin County, Louisiana",1061,8/26/2020,Louisiana,Franklin,22041,32.13675181,-91.67589857,29,6,4
"Grant County, Louisiana",390,8/26/2020,Louisiana,Grant,22043,31.59882456,-92.56124347,,,
"Iberia County, Louisiana",2698,8/26/2020,Louisiana,Iberia,22045,29.86803617,-91.75871777,153,11,7
"Iberville County, Louisiana",1317,8/26/2020,Louisiana,Iberville,22047,30.25734305,-91.3499598,10,0,0
"Jackson County, Louisiana",431,8/26/2020,Louisiana,Jackson,22049,32.30251776,-92.55692092,25,4,3
"Jefferson County, Louisiana",16227,8/26/2020,Louisiana,Jefferson,22051,29.74075478,-90.11115756,2003,209,136
"Jefferson Davis County, Louisiana",1153,8/26/2020,Louisiana,Jefferson Davis,22053,30.26896765,-92.81210004,92,5,3
"LaSalle County, Louisiana",382,8/26/2020,Louisiana,LaSalle,22059,31.67884782,-92.15907765,55,9,6
"Lafayette County, Louisiana",8183,8/26/2020,Louisiana,Lafayette,22055,30.2049055,-92.06959876,1266,176,114
"Lafourche County, Louisiana",3216,8/26/2020,Louisiana,Lafourche,22057,29.52470226,-90.40976986,178,21,14
"Lincoln County, Louisiana",884,8/26/2020,Louisiana,Lincoln,22061,32.6003154,-92.6659741,236,26,17
"Livingston County, Louisiana",3325,8/26/2020,Louisiana,Livingston,22063,30.44143993,-90.73061664,0,0,0
"Madison County, Louisiana",780,8/26/2020,Louisiana,Madison,22065,32.36918118,-91.23973355,25,5,3
"Morehouse County, Louisiana",582,8/26/2020,Louisiana,Morehouse,22067,32.81686191,-91.80421614,109,6,4
"Natchitoches County, Louisiana",907,8/26/2020,Louisiana,Natchitoches,22069,31.72321584,-93.09816516,102,12,8
"Orleans County, Louisiana",11269,8/26/2020,Louisiana,Orleans,22071,30.06971951,-89.92660315,1519,269,175
"Ouachita County, Louisiana",5369,8/26/2020,Louisiana,Ouachita,22073,32.47645559,-92.15704172,828,113,73
"Plaquemines County, Louisiana",487,8/26/2020,Louisiana,Plaquemines,22075,29.42245447,-89.60322085,,,
"Pointe Coupee County, Louisiana",924,8/26/2020,Louisiana,Pointe Coupee,22077,30.71409502,-91.60209535,25,4,3
"Rapides County, Louisiana",3691,8/26/2020,Louisiana,Rapides,22079,31.19778499,-92.52997303,1114,75,49
"Red River County, Louisiana",310,8/26/2020,Louisiana,Red River,22081,32.09530039,-93.34213308,37,4,3
"Richland County, Louisiana",666,8/26/2020,Louisiana,Richland,22083,32.41391005,-91.76634876,63,6,4
"Sabine County, Louisiana",736,8/26/2020,Louisiana,Sabine,22085,31.56388699,-93.55433981,48,8,5
"St. Bernard County, Louisiana",1213,8/26/2020,Louisiana,St. Bernard,22087,29.87761636,-89.51887093,40,8,5
"St. Charles County, Louisiana",1614,8/26/2020,Louisiana,St. Charles,22089,29.90709658,-90.35555967,39,8,5
"St. Helena County, Louisiana",364,8/26/2020,Louisiana,St. Helena,22091,30.82210324,-90.71013176,25,4,3
"St. James County, Louisiana",754,8/26/2020,Louisiana,St. James,22093,30.02531716,-90.80212061,44,4,3
"St. John the Baptist County, Louisiana",1500,8/26/2020,Louisiana,St. John the Baptist,22095,30.12597499,-90.4753503,82,0,0
"St. Landry County, Louisiana",3021,8/26/2020,Louisiana,St. Landry,22097,30.59724262,-92.00135806,320,45,29
"St. Martin County, Louisiana",1920,8/26/2020,Louisiana,St. Martin,22099,30.13112107,-91.61403569,43,4,3
"St. Mary County, Louisiana",1737,8/26/2020,Louisiana,St. Mary,22101,29.69262097,-91.44702164,152,15,10
"St. Tammany County, Louisiana",5892,8/26/2020,Louisiana,St. Tammany,22103,30.40942847,-89.95642711,1062,254,165
"Tangipahoa County, Louisiana",3956,8/26/2020,Louisiana,Tangipahoa,22105,30.62888673,-90.40664996,516,79,51
"Tensas County, Louisiana",133,8/26/2020,Louisiana,Tensas,22107,32.00760749,-91.32915234,,,
"Terrebonne County, Louisiana",3285,8/26/2020,Louisiana,Terrebonne,22109,29.37343766,-90.82626855,344,38,25
"Union County, Louisiana",806,8/26/2020,Louisiana,Union,22111,32.83121059,-92.3749373,35,6,4
"Vermilion County, Louisiana",1854,8/26/2020,Louisiana,Vermilion,22113,29.83517605,-92.30292538,69,10,6
"Vernon County, Louisiana",935,8/26/2020,Louisiana,Vernon,22115,31.10884837,-93.18153838,123,7,5
"Washington County, Louisiana",1431,8/26/2020,Louisiana,Washington,22117,30.85288548,-90.03866652,61,13,8
"Webster County, Louisiana",1005,8/26/2020,Louisiana,Webster,22119,32.70847669,-93.33121835,171,16,10
"West Baton Rouge County, Louisiana",814,8/26/2020,Louisiana,West Baton Rouge,22121,30.46058217,-91.30989571,,,
"West Carroll County, Louisiana",310,8/26/2020,Louisiana,West Carroll,22123,32.78550125,-91.461201,30,5,3
"West Feliciana County, Louisiana",545,8/26/2020,Louisiana,West Feliciana,22125,30.87882871,-91.4148538,25,4,3
"Winn County, Louisiana",535,8/26/2020,Louisiana,Winn,22127,31.94449367,-92.63789413,46,5,3
"Androscoggin County, Maine",596,8/26/2020,Maine,Androscoggin,23001,44.1664747,-70.20380627,361,34,22
"Aroostook County, Maine",38,8/26/2020,Maine,Aroostook,23003,46.65926321,-68.59841248,160,24,16
"Cumberland County, Maine",2167,8/26/2020,Maine,Cumberland,23005,43.8370751,-70.37226999,985,56,36
"Franklin County, Maine",48,8/26/2020,Maine,Franklin,23007,44.97330019,-70.44381045,48,5,3
"Hancock County, Maine",46,8/26/2020,Maine,Hancock,23009,44.59816444,-68.38401854,98,14,9
"Kennebec County, Maine",183,8/26/2020,Maine,Kennebec,23011,44.40759555,-69.76738544,464,24,16
"Knox County, Maine",29,8/26/2020,Maine,Knox,23013,44.11486325,-69.10529169,81,8,5
"Lincoln County, Maine",35,8/26/2020,Maine,Lincoln,23015,44.05996956,-69.54227124,25,4,3
"Oxford County, Maine",59,8/26/2020,Maine,Oxford,23017,44.49952995,-70.75682123,50,8,5
"Penobscot County, Maine",221,8/26/2020,Maine,Penobscot,23019,45.40194593,-68.65020455,581,60,39
"Piscataquis County, Maine",8,8/26/2020,Maine,Piscataquis,23021,45.83839062,-69.2860223,50,8,5
"Sagadahoc County, Maine",59,8/26/2020,Maine,Sagadahoc,23023,43.95415864,-69.85074999,,,
"Somerset County, Maine",47,8/26/2020,Maine,Somerset,23025,45.51229767,-69.95995554,50,8,5
"Waldo County, Maine",69,8/26/2020,Maine,Waldo,23027,44.4858305,-69.12061935,25,4,3
"Washington County, Maine",15,8/26/2020,Maine,Washington,23029,45.01607142,-67.62813524,50,8,5
"York County, Maine",768,8/26/2020,Maine,York,23031,43.47808377,-70.71052375,206,14,9
"Allegany County, Maryland",388,8/26/2020,Maryland,Allegany,24001,39.62357628,-78.69280486,288,14,9
"Anne Arundel County, Maryland",8091,8/26/2020,Maryland,Anne Arundel,24003,39.00670238,-76.60329337,483,50,32
"Baltimore County, Maryland",14912,8/26/2020,Maryland,Baltimore,24005,39.45784712,-76.62911955,1518,94,61
"Baltimore City County, Maryland",14172,8/26/2020,Maryland,Baltimore City,24510,39.30211911,-76.61151012,3747,626,407
"Calvert County, Maryland",768,8/26/2020,Maryland,Calvert,24009,38.53961642,-76.56820632,41,4,3
"Caroline County, Maryland",481,8/26/2020,Maryland,Caroline,24011,38.87172293,-75.82904158,,,
"Carroll County, Maryland",1660,8/26/2020,Maryland,Carroll,24013,39.56453592,-77.02373735,675,12,8
"Cecil County, Maryland",766,8/26/2020,Maryland,Cecil,24015,39.56647682,-75.94627411,172,5,3
"Charles County, Maryland",2319,8/26/2020,Maryland,Charles,24017,38.51092331,-76.98580666,98,10,6
"Dorchester County, Maryland",430,8/26/2020,Maryland,Dorchester,24019,38.45413522,-76.02752426,84,0,0
"Frederick County, Maryland",3404,8/26/2020,Maryland,Frederick,24021,39.47296601,-77.39999394,281,18,12
"Garrett County, Maryland",63,8/26/2020,Maryland,Garrett,24023,39.52786077,-79.27355126,27,2,1
"Harford County, Maryland",2357,8/26/2020,Maryland,Harford,24025,39.55010644,-76.3077594,231,19,12
"Howard County, Maryland",4282,8/26/2020,Maryland,Howard,24027,39.25305293,-76.93126208,245,48,31
"Kent County, Maryland",256,8/26/2020,Maryland,Kent,24029,39.24976208,-76.04741541,21,6,4
"Montgomery County, Maryland",19646,8/26/2020,Maryland,Montgomery,24031,39.13676329,-77.20358245,1682,231,150
"Prince George's County, Maryland",25705,8/26/2020,Maryland,Prince George's,24033,38.83070039,-76.8496441,613,78,51
"Queen Anne's County, Maryland",524,8/26/2020,Maryland,Queen Anne's,24035,39.06198912,-76.03530977,,,
"Somerset County, Maryland",183,8/26/2020,Maryland,Somerset,24039,38.1163542,-75.75118623,,,
"St. Mary's County, Maryland",1089,8/26/2020,Maryland,St. Mary's,24037,38.30058422,-76.6062928,96,12,8
"Talbot County, Maryland",459,8/26/2020,Maryland,Talbot,24041,38.76618159,-76.10882561,48,16,10
"Washington County, Maryland",1258,8/26/2020,Maryland,Washington,24043,39.60835778,-77.82002295,340,26,17
"Wicomico County, Maryland",1488,8/26/2020,Maryland,Wicomico,24045,38.37301947,-75.62705831,418,34,22
"Worcester County, Maryland",785,8/26/2020,Maryland,Worcester,24047,38.21274277,-75.33200012,32,6,4
"Barnstable County, Massachusetts",1594,8/26/2020,Massachusetts,Barnstable,25001,41.72980578,-70.28854339,410,22,14
"Berkshire County, Massachusetts",648,8/26/2020,Massachusetts,Berkshire,25003,42.37428441,-73.20524838,247,24,16
"Bristol County, Massachusetts",8993,8/26/2020,Massachusetts,Bristol,25005,41.79228404,-71.10872211,1123,110,72
"Dukes County, Massachusetts",0,8/26/2020,Massachusetts,Dukes,25007,41.40674725,-70.68763497,25,4,3
"Essex County, Massachusetts",17772,8/26/2020,Massachusetts,Essex,25009,42.6687626,-70.94687179,1330,107,70
"Franklin County, Massachusetts",385,8/26/2020,Massachusetts,Franklin,25011,42.58119713,-72.58602547,89,6,4
"Hampden County, Massachusetts",7569,8/26/2020,Massachusetts,Hampden,25013,42.13440424,-72.63235561,1415,112,73
"Hampshire County, Massachusetts",1139,8/26/2020,Massachusetts,Hampshire,25015,42.33997957,-72.65898478,263,11,7
"Middlesex County, Massachusetts",24938,8/26/2020,Massachusetts,Middlesex,25017,42.48607732,-71.39049229,3440,320,208
"Nantucket County, Massachusetts",0,8/26/2020,Massachusetts,Nantucket,25019,41.2942019,-70.08774729,19,3,2
"Norfolk County, Massachusetts",9419,8/26/2020,Massachusetts,Norfolk,25021,42.16073095,-71.20530408,1327,114,74
"Plymouth County, Massachusetts",8989,8/26/2020,Massachusetts,Plymouth,25023,41.94070556,-70.80802823,1107,48,31
"Suffolk County, Massachusetts",21946,8/26/2020,Massachusetts,Suffolk,25025,42.3279514,-71.07850442,6152,903,587
"Worcester County, Massachusetts",13292,8/26/2020,Massachusetts,Worcester,25027,42.35026951,-71.90493363,2457,212,138
"Alcona County, Michigan",31,8/26/2020,Michigan,Alcona,26001,44.6846864,-83.59507875,,,
"Alger County, Michigan",17,8/26/2020,Michigan,Alger,26003,46.41292944,-86.60260122,11,2,1
"Allegan County, Michigan",613,8/26/2020,Michigan,Allegan,26005,42.59147037,-85.89102866,68,11,7
"Alpena County, Michigan",132,8/26/2020,Michigan,Alpena,26007,45.03477666,-83.62212411,128,9,6
"Antrim County, Michigan",54,8/26/2020,Michigan,Antrim,26009,44.99690221,-85.15503082,,,
"Arenac County, Michigan",52,8/26/2020,Michigan,Arenac,26011,44.0636262,-83.89277559,25,5,3
"Baraga County, Michigan",8,8/26/2020,Michigan,Baraga,26013,46.6720582,-88.36363591,15,3,2
"Barry County, Michigan",209,8/26/2020,Michigan,Barry,26015,42.59513984,-85.30834519,25,6,4
"Bay County, Michigan",790,8/26/2020,Michigan,Bay,26017,43.70639106,-83.98731479,322,37,24
"Benzie County, Michigan",41,8/26/2020,Michigan,Benzie,26019,44.63899297,-86.01608482,8,1,1
"Berrien County, Michigan",1565,8/26/2020,Michigan,Berrien,26021,41.95447397,-86.4131308,222,25,16
"Branch County, Michigan",425,8/26/2020,Michigan,Branch,26023,41.91600556,-85.05929476,87,10,6
"Calhoun County, Michigan",909,8/26/2020,Michigan,Calhoun,26025,42.24633834,-85.00493569,523,37,24
"Cass County, Michigan",395,8/26/2020,Michigan,Cass,26027,41.91522292,-85.99405727,25,4,3
"Charlevoix County, Michigan",69,8/26/2020,Michigan,Charlevoix,26029,45.37790017,-85.19614053,25,4,3
"Cheboygan County, Michigan",67,8/26/2020,Michigan,Cheboygan,26031,45.44787015,-84.50122149,,,
"Chippewa County, Michigan",51,8/26/2020,Michigan,Chippewa,26033,46.29552653,-84.54353449,49,6,4
"Clare County, Michigan",98,8/26/2020,Michigan,Clare,26035,43.98794227,-84.8481986,49,9,6
"Clinton County, Michigan",466,8/26/2020,Michigan,Clinton,26037,42.94400871,-84.60145248,66,2,1
"Crawford County, Michigan",113,8/26/2020,Michigan,Crawford,26039,44.68255561,-84.61006219,49,6,4
"Delta County, Michigan",137,8/26/2020,Michigan,Delta,26041,45.9048491,-86.9080745,25,9,6
"Dickinson County, Michigan",63,8/26/2020,Michigan,Dickinson,26043,46.00999672,-87.86961634,56,6,4
"Eaton County, Michigan",499,8/26/2020,Michigan,Eaton,26045,42.59599185,-84.83740035,45,7,5
"Emmet County, Michigan",108,8/26/2020,Michigan,Emmet,26047,45.52625509,-84.89083249,170,18,12
"Genesee County, Michigan",3914,8/26/2020,Michigan,Genesee,26049,43.02244215,-83.70589709,1051,125,81
"Gladwin County, Michigan",75,8/26/2020,Michigan,Gladwin,26051,43.98901072,-84.38774817,25,4,3
"Gogebic County, Michigan",142,8/26/2020,Michigan,Gogebic,26053,46.40862701,-89.69377193,25,5,3
"Grand Traverse County, Michigan",306,8/26/2020,Michigan,Grand Traverse,26055,44.69565625,-85.55585247,409,20,13
"Gratiot County, Michigan",183,8/26/2020,Michigan,Gratiot,26057,43.29265605,-84.60505416,49,9,6
"Hillsdale County, Michigan",298,8/26/2020,Michigan,Hillsdale,26059,41.88753639,-84.59312019,44,4,3
"Houghton County, Michigan",61,8/26/2020,Michigan,Houghton,26061,46.89988536,-88.68495385,61,11,7
"Huron County, Michigan",196,8/26/2020,Michigan,Huron,26063,43.83353985,-83.04078453,73,11,7
"Ingham County, Michigan",1742,8/26/2020,Michigan,Ingham,26065,42.59716886,-84.37472069,873,120,78
"Ionia County, Michigan",290,8/26/2020,Michigan,Ionia,26067,42.94502238,-85.07413319,22,2,1
"Iosco County, Michigan",141,8/26/2020,Michigan,Iosco,26069,44.35486835,-83.63484895,47,4,3
"Iron County, Michigan",27,8/26/2020,Michigan,Iron,26071,46.20974132,-88.53136251,25,3,2
"Isabella County, Michigan",379,8/26/2020,Michigan,Isabella,26073,43.64060976,-84.84664923,90,8,5
"Jackson County, Michigan",787,8/26/2020,Michigan,Jackson,26075,42.24807035,-84.42258681,469,61,40
"Kalamazoo County, Michigan",1864,8/26/2020,Michigan,Kalamazoo,26077,42.24542231,-85.53038622,904,70,46
"Kalkaska County, Michigan",62,8/26/2020,Michigan,Kalkaska,26079,44.68512729,-85.09085699,8,1,1
"Kent County, Michigan",8229,8/26/2020,Michigan,Kent,26081,43.03197711,-85.54934642,2018,157,102
"Keweenaw County, Michigan",2,8/26/2020,Michigan,Keweenaw,26083,47.63197653,-88.41434263,,,
"Lake County, Michigan",29,8/26/2020,Michigan,Lake,26085,43.99050893,-85.802173,,,
"Lapeer County, Michigan",523,8/26/2020,Michigan,Lapeer,26087,43.09052506,-83.22153148,116,10,6
"Leelanau County, Michigan",84,8/26/2020,Michigan,Leelanau,26089,44.94430054,-85.80150326,,,
"Lenawee County, Michigan",520,8/26/2020,Michigan,Lenawee,26091,41.89475156,-84.06603727,113,13,8
"Livingston County, Michigan",1046,8/26/2020,Michigan,Livingston,26093,42.60302282,-83.91297209,142,25,16
"Luce County, Michigan",4,8/26/2020,Michigan,Luce,26095,46.47227431,-85.54471223,25,4,3
"Mackinac County, Michigan",32,8/26/2020,Michigan,Mackinac,26097,46.07028979,-85.04980537,15,3,2
"Macomb County, Michigan",12360,8/26/2020,Michigan,Macomb,26099,42.69158356,-82.92752801,1254,139,90
"Manistee County, Michigan",50,8/26/2020,Michigan,Manistee,26101,44.33352407,-86.05626916,45,8,5
"Marquette County, Michigan",238,8/26/2020,Michigan,Marquette,26103,46.4338914,-87.64043701,263,30,20
"Mason County, Michigan",115,8/26/2020,Michigan,Mason,26105,43.99509218,-86.24988902,45,6,4
"Mecosta County, Michigan",82,8/26/2020,Michigan,Mecosta,26107,43.64064262,-85.32463223,49,4,3
"Menominee County, Michigan",233,8/26/2020,Michigan,Menominee,26109,45.58038692,-87.55370409,,,
"Midland County, Michigan",398,8/26/2020,Michigan,Midland,26111,43.64330771,-84.38804374,324,26,17
"Missaukee County, Michigan",43,8/26/2020,Michigan,Missaukee,26113,44.33772443,-85.09256478,,,
"Monroe County, Michigan",1242,8/26/2020,Michigan,Monroe,26115,41.92734151,-83.53749864,153,14,9
"Montcalm County, Michigan",215,8/26/2020,Michigan,Montcalm,26117,43.31082541,-85.15252824,131,18,12
"Montmorency County, Michigan",12,8/26/2020,Michigan,Montmorency,26119,45.0275929,-84.12696227,,,
"Muskegon County, Michigan",1305,8/26/2020,Michigan,Muskegon,26121,43.29123859,-86.15176712,362,49,32
"Newaygo County, Michigan",288,8/26/2020,Michigan,Newaygo,26123,43.554374,-85.80070107,25,9,6
"Oakland County, Michigan",17579,8/26/2020,Michigan,Oakland,26125,42.66090111,-83.38595416,3807,390,254
"Oceana County, Michigan",499,8/26/2020,Michigan,Oceana,26127,43.64124435,-86.26726673,24,4,3
"Ogemaw County, Michigan",56,8/26/2020,Michigan,Ogemaw,26129,44.33481032,-84.12725175,88,15,10
"Ontonagon County, Michigan",34,8/26/2020,Michigan,Ontonagon,26131,46.6652262,-89.31390481,25,4,3
"Osceola County, Michigan",74,8/26/2020,Michigan,Osceola,26133,43.98992088,-85.32566756,25,4,3
"Oscoda County, Michigan",29,8/26/2020,Michigan,Oscoda,26135,44.68192279,-84.12939244,,,
"Otsego County, Michigan",143,8/26/2020,Michigan,Otsego,26137,45.02085831,-84.59898295,46,4,3
"Ottawa County, Michigan",2026,8/26/2020,Michigan,Ottawa,26139,42.95996803,-85.9969107,325,22,14
"Presque Isle County, Michigan",21,8/26/2020,Michigan,Presque Isle,26141,45.34018577,-83.91498656,,,
"Roscommon County, Michigan",73,8/26/2020,Michigan,Roscommon,26143,44.33473082,-84.61067651,,,
"Saginaw County, Michigan",2429,8/26/2020,Michigan,Saginaw,26145,43.33433923,-84.0513121,724,106,69
"Sanilac County, Michigan",121,8/26/2020,Michigan,Sanilac,26151,43.42406072,-82.82055898,65,11,7
"Schoolcraft County, Michigan",15,8/26/2020,Michigan,Schoolcraft,26153,46.19235734,-86.19972234,12,2,1
"Shiawassee County, Michigan",402,8/26/2020,Michigan,Shiawassee,26155,42.953928,-84.14585902,111,7,5
"St. Clair County, Michigan",895,8/26/2020,Michigan,St. Clair,26147,42.92655373,-82.67937954,372,23,15
"St. Joseph County, Michigan",669,8/26/2020,Michigan,St. Joseph,26149,41.91441767,-85.52797979,97,13,8
"Tuscola County, Michigan",431,8/26/2020,Michigan,Tuscola,26157,43.46606813,-83.41897025,168,8,5
"Van Buren County, Michigan",586,8/26/2020,Michigan,Van Buren,26159,42.25190229,-86.01939087,74,14,9
"Washtenaw County, Michigan",2825,8/26/2020,Michigan,Washtenaw,26161,42.253105,-83.83853204,1880,89,58
"Wayne County, Michigan",30595,8/26/2020,Michigan,Wayne,26163,42.28098405,-83.281255,5320,676,439
"Wexford County, Michigan",91,8/26/2020,Michigan,Wexford,26165,44.33853602,-85.57712739,49,20,13
"Aitkin County, Minnesota",46,8/26/2020,Minnesota,Aitkin,27001,46.60962049,-93.4116826,25,4,3
"Anoka County, Minnesota",4447,8/26/2020,Minnesota,Anoka,27003,45.27476015,-93.24604565,666,35,23
"Becker County, Minnesota",181,8/26/2020,Minnesota,Becker,27005,46.93479392,-95.67158144,36,8,5
"Beltrami County, Minnesota",305,8/26/2020,Minnesota,Beltrami,27007,47.97373527,-94.93732139,110,10,6
"Benton County, Minnesota",362,8/26/2020,Minnesota,Benton,27009,45.69804958,-93.99514135,,,
"Big Stone County, Minnesota",32,8/26/2020,Minnesota,Big Stone,27011,45.42712824,-96.41403739,40,7,5
"Blue Earth County, Minnesota",1095,8/26/2020,Minnesota,Blue Earth,27013,44.03554215,-94.06699781,167,29,19
"Brown County, Minnesota",113,8/26/2020,Minnesota,Brown,27015,44.24205652,-94.72562874,40,7,5
"Carlton County, Minnesota",179,8/26/2020,Minnesota,Carlton,27017,46.59180601,-92.67601019,47,6,4
"Carver County, Minnesota",1057,8/26/2020,Minnesota,Carver,27019,44.82017001,-93.8009918,109,18,12
"Cass County, Minnesota",98,8/26/2020,Minnesota,Cass,27021,46.95043611,-94.32603968,5,1,1
"Chippewa County, Minnesota",129,8/26/2020,Minnesota,Chippewa,27023,45.02343421,-95.56403693,25,4,3
"Chisago County, Minnesota",281,8/26/2020,Minnesota,Chisago,27025,45.5021011,-92.90861945,55,10,6
"Clay County, Minnesota",836,8/26/2020,Minnesota,Clay,27027,46.89289518,-96.48761922,,,
"Clearwater County, Minnesota",18,8/26/2020,Minnesota,Clearwater,27029,47.57992111,-95.37790562,48,8,5
"Cook County, Minnesota",6,8/26/2020,Minnesota,Cook,27031,47.90504893,-90.52629546,16,3,2
"Cottonwood County, Minnesota",195,8/26/2020,Minnesota,Cottonwood,27033,44.00715262,-95.18138802,26,4,3
"Crow Wing County, Minnesota",290,8/26/2020,Minnesota,Crow Wing,27035,46.48096553,-94.06755609,168,16,10
"Dakota County, Minnesota",5427,8/26/2020,Minnesota,Dakota,27037,44.67172617,-93.06299363,216,23,15
"Dodge County, Minnesota",147,8/26/2020,Minnesota,Dodge,27039,44.02238415,-92.86244324,,,
"Douglas County, Minnesota",148,8/26/2020,Minnesota,Douglas,27041,45.93348491,-95.45335469,115,8,5
"Faribault County, Minnesota",109,8/26/2020,Minnesota,Faribault,27043,43.67381499,-93.94787458,24,4,3
"Fillmore County, Minnesota",83,8/26/2020,Minnesota,Fillmore,27045,43.67394126,-92.08980382,,,
"Freeborn County, Minnesota",390,8/26/2020,Minnesota,Freeborn,27047,43.67385583,-93.34884422,159,18,12
"Goodhue County, Minnesota",244,8/26/2020,Minnesota,Goodhue,27049,44.40849741,-92.7234195,83,12,8
"Grant County, Minnesota",55,8/26/2020,Minnesota,Grant,27051,45.93424769,-96.01139609,10,2,1
"Hennepin County, Minnesota",22044,8/26/2020,Minnesota,Hennepin,27053,45.00761521,-93.47694895,3656,430,280
"Houston County, Minnesota",66,8/26/2020,Minnesota,Houston,27055,43.67129565,-91.49143057,,,
"Hubbard County, Minnesota",41,8/26/2020,Minnesota,Hubbard,27057,47.10778564,-94.91693868,25,4,3
"Isanti County, Minnesota",168,8/26/2020,Minnesota,Isanti,27059,45.56181234,-93.29487636,70,12,8
"Itasca County, Minnesota",173,8/26/2020,Minnesota,Itasca,27061,47.51009045,-93.63092229,76,12,8
"Jackson County, Minnesota",91,8/26/2020,Minnesota,Jackson,27063,43.67423373,-95.15398258,14,2,1
"Kanabec County, Minnesota",63,8/26/2020,Minnesota,Kanabec,27065,45.9459309,-93.29275192,25,4,3
"Kandiyohi County, Minnesota",780,8/26/2020,Minnesota,Kandiyohi,27067,45.1526059,-95.00586446,81,8,5
"Kittson County, Minnesota",3,8/26/2020,Minnesota,Kittson,27069,48.77754106,-96.78317184,15,3,2
"Koochiching County, Minnesota",87,8/26/2020,Minnesota,Koochiching,27071,48.24539665,-93.78352843,18,3,2
"Lac qui Parle County, Minnesota",13,8/26/2020,Minnesota,Lac qui Parle,27073,44.9973857,-96.17488219,32,5,3
"Lake County, Minnesota",27,8/26/2020,Minnesota,Lake,27075,47.64270764,-91.44557998,16,3,2
"Lake of the Woods County, Minnesota",7,8/26/2020,Minnesota,Lake of the Woods,27077,48.77217001,-94.90274472,15,3,2
"Le Sueur County, Minnesota",339,8/26/2020,Minnesota,Le Sueur,27079,44.37136597,-93.72844721,9,2,1
"Lincoln County, Minnesota",63,8/26/2020,Minnesota,Lincoln,27081,44.41311883,-96.26688165,44,7,5
"Lyon County, Minnesota",451,8/26/2020,Minnesota,Lyon,27083,44.41327865,-95.83806103,50,8,5
"Mahnomen County, Minnesota",33,8/26/2020,Minnesota,Mahnomen,27087,47.32557075,-95.80921485,10,2,1
"Marshall County, Minnesota",30,8/26/2020,Minnesota,Marshall,27089,48.35825983,-96.37017407,12,2,1
"Martin County, Minnesota",222,8/26/2020,Minnesota,Martin,27091,43.67429718,-94.55099908,55,10,6
"McLeod County, Minnesota",344,8/26/2020,Minnesota,McLeod,27085,44.82367677,-94.27287017,74,10,6
"Meeker County, Minnesota",97,8/26/2020,Minnesota,Meeker,27093,45.12328869,-94.52839455,25,4,3
"Mille Lacs County, Minnesota",89,8/26/2020,Minnesota,Mille Lacs,27095,45.93705297,-93.63236823,28,5,3
"Morrison County, Minnesota",110,8/26/2020,Minnesota,Morrison,27097,46.01265363,-94.27341528,25,4,3
"Mower County, Minnesota",1162,8/26/2020,Minnesota,Mower,27099,43.67142874,-92.75234549,,,
"Murray County, Minnesota",139,8/26/2020,Minnesota,Murray,27101,44.02216709,-95.76328482,20,3,2
"Nicollet County, Minnesota",413,8/26/2020,Minnesota,Nicollet,27103,44.35291112,-94.24710352,65,3,2
"Nobles County, Minnesota",1833,8/26/2020,Minnesota,Nobles,27105,43.67434621,-95.75329576,48,8,5
"Norman County, Minnesota",45,8/26/2020,Minnesota,Norman,27107,47.32628443,-96.45620947,14,2,1
"Olmsted County, Minnesota",1947,8/26/2020,Minnesota,Olmsted,27109,44.00374114,-92.40209944,1192,250,162
"Otter Tail County, Minnesota",257,8/26/2020,Minnesota,Otter Tail,27111,46.40846929,-95.70835255,121,9,6
"Pennington County, Minnesota",77,8/26/2020,Minnesota,Pennington,27113,48.06642577,-96.0370814,41,4,3
"Pine County, Minnesota",142,8/26/2020,Minnesota,Pine,27115,46.12105238,-92.74070188,9,2,1
"Pipestone County, Minnesota",175,8/26/2020,Minnesota,Pipestone,27117,44.02301619,-96.25841142,18,3,2
"Polk County, Minnesota",186,8/26/2020,Minnesota,Polk,27119,47.77372465,-96.40134647,54,9,6
"Pope County, Minnesota",60,8/26/2020,Minnesota,Pope,27121,45.58606667,-95.44451209,19,3,2
"Ramsey County, Minnesota",8783,8/26/2020,Minnesota,Ramsey,27123,45.01625271,-93.09872295,1340,151,98
"Red Lake County, Minnesota",28,8/26/2020,Minnesota,Red Lake,27125,47.87197525,-96.09561104,,,
"Redwood County, Minnesota",47,8/26/2020,Minnesota,Redwood,27127,44.40555844,-95.25207021,25,4,3
"Renville County, Minnesota",72,8/26/2020,Minnesota,Renville,27129,44.72836381,-94.94553734,16,3,2
"Rice County, Minnesota",1151,8/26/2020,Minnesota,Rice,27131,44.3543376,-93.29658715,32,6,4
"Rock County, Minnesota",99,8/26/2020,Minnesota,Rock,27133,43.67482683,-96.25296832,25,4,3
"Roseau County, Minnesota",64,8/26/2020,Minnesota,Roseau,27135,48.77501878,-95.81079919,25,4,3
"Scott County, Minnesota",1892,8/26/2020,Minnesota,Scott,27139,44.6490231,-93.53340251,109,19,12
"Sherburne County, Minnesota",849,8/26/2020,Minnesota,Sherburne,27141,45.44447208,-93.77617511,33,4,3
"Sibley County, Minnesota",123,8/26/2020,Minnesota,Sibley,27143,44.5796592,-94.23164924,16,3,2
"St. Louis County, Minnesota",790,8/26/2020,Minnesota,St. Louis,27137,47.6048407,-92.46879855,815,97,63
"Stearns County, Minnesota",3145,8/26/2020,Minnesota,Stearns,27145,45.55192576,-94.61078221,535,52,34
"Steele County, Minnesota",401,8/26/2020,Minnesota,Steele,27147,44.02240351,-93.22627088,29,5,3
"Stevens County, Minnesota",27,8/26/2020,Minnesota,Stevens,27149,45.58613007,-96.00163705,25,4,3
"Swift County, Minnesota",60,8/26/2020,Minnesota,Swift,27151,45.2829032,-95.68264092,33,6,4
"Todd County, Minnesota",444,8/26/2020,Minnesota,Todd,27153,46.06996226,-94.89785296,39,5,3
"Traverse County, Minnesota",21,8/26/2020,Minnesota,Traverse,27155,45.77298854,-96.47062949,15,3,2
"Wabasha County, Minnesota",113,8/26/2020,Minnesota,Wabasha,27157,44.28424356,-92.23121312,14,2,1
"Wadena County, Minnesota",44,8/26/2020,Minnesota,Wadena,27159,46.58589171,-94.96968506,25,2,1
"Waseca County, Minnesota",226,8/26/2020,Minnesota,Waseca,27161,44.02211116,-93.58720034,15,3,2
"Washington County, Minnesota",2715,8/26/2020,Minnesota,Washington,27163,45.03864533,-92.88429635,154,31,20
"Watonwan County, Minnesota",413,8/26/2020,Minnesota,Watonwan,27165,43.97823903,-94.61413846,50,8,5
"Wilkin County, Minnesota",45,8/26/2020,Minnesota,Wilkin,27167,46.35721532,-96.4684375,25,4,3
"Winona County, Minnesota",315,8/26/2020,Minnesota,Winona,27169,43.98772283,-91.78081305,49,8,5
"Wright County, Minnesota",1124,8/26/2020,Minnesota,Wright,27171,45.17297924,-93.96234781,85,11,7
"Yellow Medicine County, Minnesota",68,8/26/2020,Minnesota,Yellow Medicine,27173,44.71710183,-95.86842453,47,8,5
"Adams County, Mississippi",751,8/26/2020,Mississippi,Adams,28001,31.47669768,-91.35326037,147,15,10
"Alcorn County, Mississippi",580,8/26/2020,Mississippi,Alcorn,28003,34.88084463,-88.57996173,163,24,16
"Amite County, Mississippi",265,8/26/2020,Mississippi,Amite,28005,31.17467303,-90.80501621,16,3,2
"Attala County, Mississippi",576,8/26/2020,Mississippi,Attala,28007,33.08658803,-89.57838564,25,4,3
"Benton County, Mississippi",191,8/26/2020,Mississippi,Benton,28009,34.81681228,-89.18945516,,,
"Bolivar County, Mississippi",1420,8/26/2020,Mississippi,Bolivar,28011,33.79696941,-90.87372121,152,8,5
"Calhoun County, Mississippi",460,8/26/2020,Mississippi,Calhoun,28013,33.93683395,-89.33686647,25,4,3
"Carroll County, Mississippi",287,8/26/2020,Mississippi,Carroll,28015,33.44834567,-89.91994479,,,
"Chickasaw County, Mississippi",564,8/26/2020,Mississippi,Chickasaw,28017,33.91983202,-88.9481545,39,7,5
"Choctaw County, Mississippi",153,8/26/2020,Mississippi,Choctaw,28019,33.34598242,-89.24809382,15,3,2
"Claiborne County, Mississippi",430,8/26/2020,Mississippi,Claiborne,28021,31.97061673,-90.90702196,22,4,3
"Clarke County, Mississippi",421,8/26/2020,Mississippi,Clarke,28023,32.04158545,-88.6889622,25,4,3
"Clay County, Mississippi",464,8/26/2020,Mississippi,Clay,28025,33.65358105,-88.77784255,49,6,4
"Coahoma County, Mississippi",926,8/26/2020,Mississippi,Coahoma,28027,34.22772299,-90.60415045,181,10,6
"Copiah County, Mississippi",1048,8/26/2020,Mississippi,Copiah,28029,31.86977774,-90.44565118,25,4,3
"Covington County, Mississippi",708,8/26/2020,Mississippi,Covington,28031,31.63225413,-89.55389939,25,4,3
"DeSoto County, Mississippi",4421,8/26/2020,Mississippi,DeSoto,28033,34.87625235,-89.99091418,460,62,40
"Forrest County, Mississippi",2063,8/26/2020,Mississippi,Forrest,28035,31.18961454,-89.25832496,459,45,29
"Franklin County, Mississippi",171,8/26/2020,Mississippi,Franklin,28037,31.47786634,-90.89672989,24,4,3
"George County, Mississippi",673,8/26/2020,Mississippi,George,28039,30.86259065,-88.64436789,42,6,4
"Greene County, Mississippi",285,8/26/2020,Mississippi,Greene,28041,31.21444233,-88.63922281,7,1,1
"Grenada County, Mississippi",908,8/26/2020,Mississippi,Grenada,28043,33.77036166,-89.80245083,49,9,6
"Hancock County, Mississippi",466,8/26/2020,Mississippi,Hancock,28045,30.41830223,-89.48851033,51,6,4
"Harrison County, Mississippi",3158,8/26/2020,Mississippi,Harrison,28047,30.51359752,-89.12467576,1548,66,43
"Hinds County, Mississippi",6357,8/26/2020,Mississippi,Hinds,28049,32.2656285,-90.44435448,2259,195,127
"Holmes County, Mississippi",1038,8/26/2020,Mississippi,Holmes,28051,33.12345854,-90.08923538,25,4,3
"Humphreys County, Mississippi",334,8/26/2020,Mississippi,Humphreys,28053,33.12825718,-90.52252707,,,
"Issaquena County, Mississippi",95,8/26/2020,Mississippi,Issaquena,28055,32.72531359,-90.97392828,,,
"Itawamba County, Mississippi",514,8/26/2020,Mississippi,Itawamba,28057,34.27993475,-88.3606733,,,
"Jackson County, Mississippi",2879,8/26/2020,Mississippi,Jackson,28059,30.54020656,-88.64184064,435,48,31
"Jasper County, Mississippi",470,8/26/2020,Mississippi,Jasper,28061,32.01922104,-89.11786866,16,3,2
"Jefferson County, Mississippi",213,8/26/2020,Mississippi,Jefferson,28063,31.73397872,-91.03764977,12,2,1
"Jefferson Davis County, Mississippi",291,8/26/2020,Mississippi,Jefferson Davis,28065,31.56884708,-89.8267099,25,4,3
"Jones County, Mississippi",2114,8/26/2020,Mississippi,Jones,28067,31.62257767,-89.168969,268,14,9
"Kemper County, Mississippi",264,8/26/2020,Mississippi,Kemper,28069,32.75462946,-88.64105766,25,4,3
"Lafayette County, Mississippi",1244,8/26/2020,Mississippi,Lafayette,28071,34.35687874,-89.48490961,171,24,16
"Lamar County, Mississippi",1400,8/26/2020,Mississippi,Lamar,28073,31.20572971,-89.5077704,175,17,11
"Lauderdale County, Mississippi",1688,8/26/2020,Mississippi,Lauderdale,28075,32.40419769,-88.66229662,767,74,48
"Lawrence County, Mississippi",397,8/26/2020,Mississippi,Lawrence,28077,31.55147224,-90.10841127,25,4,3
"Leake County, Mississippi",875,8/26/2020,Mississippi,Leake,28079,32.7536828,-89.52402044,25,4,3
"Lee County, Mississippi",2066,8/26/2020,Mississippi,Lee,28081,34.2918775,-88.68149954,586,42,27
"Leflore County, Mississippi",1215,8/26/2020,Mississippi,Leflore,28083,33.55545125,-90.29900733,173,9,6
"Lincoln County, Mississippi",941,8/26/2020,Mississippi,Lincoln,28085,31.53288662,-90.45391915,90,5,3
"Lowndes County, Mississippi",1245,8/26/2020,Mississippi,Lowndes,28087,33.47386518,-88.4419153,159,18,12
"Madison County, Mississippi",2821,8/26/2020,Mississippi,Madison,28089,32.63389156,-90.03513564,67,7,5
"Marion County, Mississippi",766,8/26/2020,Mississippi,Marion,28091,31.23132643,-89.8209217,49,6,4
"Marshall County, Mississippi",907,8/26/2020,Mississippi,Marshall,28093,34.76216286,-89.50299462,27,5,3
"Monroe County, Mississippi",996,8/26/2020,Mississippi,Monroe,28095,33.89236763,-88.4808438,119,13,8
"Montgomery County, Mississippi",402,8/26/2020,Mississippi,Montgomery,28097,33.49419589,-89.61729103,25,4,3
"Neshoba County, Mississippi",1410,8/26/2020,Mississippi,Neshoba,28099,32.75339664,-89.11726492,58,11,7
"Newton County, Mississippi",641,8/26/2020,Mississippi,Newton,28101,32.40021118,-89.11843336,25,4,3
"Noxubee County, Mississippi",514,8/26/2020,Mississippi,Noxubee,28103,33.11009499,-88.56949061,25,4,3
"Oktibbeha County, Mississippi",1346,8/26/2020,Mississippi,Oktibbeha,28105,33.42491685,-88.87905132,88,6,4
"Panola County, Mississippi",1263,8/26/2020,Mississippi,Panola,28107,34.36398677,-89.95064249,45,8,5
"Pearl River County, Mississippi",718,8/26/2020,Mississippi,Pearl River,28109,30.77090935,-89.58677275,73,10,6
"Perry County, Mississippi",289,8/26/2020,Mississippi,Perry,28111,31.17161885,-88.99281835,22,4,3
"Pike County, Mississippi",1101,8/26/2020,Mississippi,Pike,28113,31.17507789,-90.40392572,177,19,12
"Pontotoc County, Mississippi",1014,8/26/2020,Mississippi,Pontotoc,28115,34.226046,-89.03636807,25,4,3
"Prentiss County, Mississippi",593,8/26/2020,Mississippi,Prentiss,28117,34.61810501,-88.51986294,39,7,5
"Quitman County, Mississippi",306,8/26/2020,Mississippi,Quitman,28119,34.25157572,-90.28908,,,
"Rankin County, Mississippi",2756,8/26/2020,Mississippi,Rankin,28121,32.26469147,-89.94537876,609,44,29
"Scott County, Mississippi",1079,8/26/2020,Mississippi,Scott,28123,32.4067041,-89.53789439,25,4,3
"Sharkey County, Mississippi",247,8/26/2020,Mississippi,Sharkey,28125,32.88149103,-90.8159538,19,3,2
"Simpson County, Mississippi",918,8/26/2020,Mississippi,Simpson,28127,31.91282117,-89.91716179,69,12,8
"Smith County, Mississippi",456,8/26/2020,Mississippi,Smith,28129,32.01744532,-89.50644846,19,3,2
"Stone County, Mississippi",302,8/26/2020,Mississippi,Stone,28131,30.79187949,-89.11547539,25,4,3
"Sunflower County, Mississippi",1229,8/26/2020,Mississippi,Sunflower,28133,33.60192578,-90.58882684,126,12,8
"Tallahatchie County, Mississippi",611,8/26/2020,Mississippi,Tallahatchie,28135,33.95339918,-90.1729398,9,2,1
"Tate County, Mississippi",849,8/26/2020,Mississippi,Tate,28137,34.65133709,-89.94485778,,,
"Tippah County, Mississippi",524,8/26/2020,Mississippi,Tippah,28139,34.76872156,-88.90988194,25,4,3
"Tishomingo County, Mississippi",539,8/26/2020,Mississippi,Tishomingo,28141,34.74023475,-88.23917219,66,8,5
"Tunica County, Mississippi",438,8/26/2020,Mississippi,Tunica,28143,34.64967704,-90.37481167,,,
"Union County, Mississippi",849,8/26/2020,Mississippi,Union,28145,34.49162015,-89.00776006,92,8,5
"Walthall County, Mississippi",553,8/26/2020,Mississippi,Walthall,28147,31.14971548,-90.10446654,25,4,3
"Warren County, Mississippi",1274,8/26/2020,Mississippi,Warren,28149,32.35810271,-90.83352619,336,27,18
"Washington County, Mississippi",1964,8/26/2020,Mississippi,Washington,28151,33.28392041,-90.94196237,216,28,18
"Wayne County, Mississippi",842,8/26/2020,Mississippi,Wayne,28153,31.64135687,-88.69573913,49,6,4
"Webster County, Mississippi",295,8/26/2020,Mississippi,Webster,28155,33.61300486,-89.28392912,38,7,5
"Wilkinson County, Mississippi",277,8/26/2020,Mississippi,Wilkinson,28157,31.16078225,-91.31018819,,,
"Winston County, Mississippi",691,8/26/2020,Mississippi,Winston,28159,33.08747908,-89.03391385,14,2,1
"Yalobusha County, Mississippi",362,8/26/2020,Mississippi,Yalobusha,28161,34.02824175,-89.7076205,26,5,3
"Yazoo County, Mississippi",939,8/26/2020,Mississippi,Yazoo,28163,32.77890365,-90.39656148,25,4,3
"Adair County, Missouri",212,8/26/2020,Missouri,Adair,29001,40.19058551,-92.60078167,51,10,6
"Andrew County, Missouri",114,8/26/2020,Missouri,Andrew,29003,39.98492163,-94.80163024,,,
"Atchison County, Missouri",22,8/26/2020,Missouri,Atchison,29005,40.43238737,-95.42970639,16,3,2
"Audrain County, Missouri",245,8/26/2020,Missouri,Audrain,29007,39.215877,-91.84242683,40,7,5
"Barry County, Missouri",335,8/26/2020,Missouri,Barry,29009,36.70978521,-93.82919888,43,7,5
"Barton County, Missouri",88,8/26/2020,Missouri,Barton,29011,37.50207671,-94.34757022,25,4,3
"Bates County, Missouri",62,8/26/2020,Missouri,Bates,29013,38.25271289,-94.34113157,44,8,5
"Benton County, Missouri",152,8/26/2020,Missouri,Benton,29015,38.29503305,-93.28756116,,,
"Bollinger County, Missouri",105,8/26/2020,Missouri,Bollinger,29017,37.32449052,-90.02725304,,,
"Boone County, Missouri",2097,8/26/2020,Missouri,Boone,29019,38.99186229,-92.30723575,1049,150,98
"Buchanan County, Missouri",1215,8/26/2020,Missouri,Buchanan,29021,39.65816401,-94.80138942,501,27,18
"Butler County, Missouri",358,8/26/2020,Missouri,Butler,29023,36.71462476,-90.40421163,233,14,9
"Caldwell County, Missouri",40,8/26/2020,Missouri,Caldwell,29025,39.65620858,-93.98308093,,,
"Callaway County, Missouri",276,8/26/2020,Missouri,Callaway,29027,38.83674754,-91.92186505,56,3,2
"Camden County, Missouri",481,8/26/2020,Missouri,Camden,29029,38.02199522,-92.76083747,114,18,12
"Cape Girardeau County, Missouri",893,8/26/2020,Missouri,Cape Girardeau,29031,37.38489388,-89.6843587,494,51,33
"Carroll County, Missouri",107,8/26/2020,Missouri,Carroll,29033,39.42762566,-93.50626255,21,4,3
"Carter County, Missouri",27,8/26/2020,Missouri,Carter,29035,36.94160441,-90.96051322,,,
"Cass County, Missouri",998,8/26/2020,Missouri,Cass,29037,38.64789422,-94.353399,96,9,6
"Cedar County, Missouri",46,8/26/2020,Missouri,Cedar,29039,37.72391475,-93.85445441,41,16,10
"Chariton County, Missouri",24,8/26/2020,Missouri,Chariton,29041,39.51499357,-92.9629191,,,
"Christian County, Missouri",576,8/26/2020,Missouri,Christian,29043,36.9711783,-93.18537118,,,
"Clark County, Missouri",34,8/26/2020,Missouri,Clark,29045,40.41040752,-91.73661677,,,
"Clay County, Missouri",1309,8/26/2020,Missouri,Clay,29047,39.31132056,-94.41850862,709,43,28
"Clinton County, Missouri",121,8/26/2020,Missouri,Clinton,29049,39.6013098,-94.40465394,42,5,3
"Cole County, Missouri",758,8/26/2020,Missouri,Cole,29051,38.50455671,-92.27860244,254,25,16
"Cooper County, Missouri",193,8/26/2020,Missouri,Cooper,29053,38.844478,-92.80896081,,,
"Crawford County, Missouri",159,8/26/2020,Missouri,Crawford,29055,37.97663738,-91.30528104,25,4,3
"Dade County, Missouri",22,8/26/2020,Missouri,Dade,29057,37.431814,-93.8503345,,,
"Dallas County, Missouri",99,8/26/2020,Missouri,Dallas,29059,37.6811355,-93.02127031,,,
"Daviess County, Missouri",20,8/26/2020,Missouri,Daviess,29061,39.96145298,-93.98519678,,,
"DeKalb County, Missouri",54,8/26/2020,Missouri,DeKalb,29063,39.89201062,-94.40476508,,,
"Dent County, Missouri",33,8/26/2020,Missouri,Dent,29065,37.60663134,-91.50790473,25,4,3
"Douglas County, Missouri",101,8/26/2020,Missouri,Douglas,29067,36.9325593,-92.49905109,,,
"Dunklin County, Missouri",464,8/26/2020,Missouri,Dunklin,29069,36.27167174,-90.09122243,,,
"Franklin County, Missouri",922,8/26/2020,Missouri,Franklin,29071,38.41127108,-91.07522826,148,13,8
"Gasconade County, Missouri",52,8/26/2020,Missouri,Gasconade,29073,38.43947277,-91.50847147,24,4,3
"Gentry County, Missouri",89,8/26/2020,Missouri,Gentry,29075,40.21097916,-94.40944419,25,4,3
"Greene County, Missouri",2585,8/26/2020,Missouri,Greene,29077,37.2575872,-93.34230916,1497,203,132
"Grundy County, Missouri",34,8/26/2020,Missouri,Grundy,29079,40.11406587,-93.56509276,21,4,3
"Harrison County, Missouri",62,8/26/2020,Missouri,Harrison,29081,40.35570088,-93.99222144,14,4,3
"Henry County, Missouri",110,8/26/2020,Missouri,Henry,29083,38.38482826,-93.79293734,96,8,5
"Hickory County, Missouri",53,8/26/2020,Missouri,Hickory,29085,37.94163617,-93.3203037,,,
"Holt County, Missouri",55,8/26/2020,Missouri,Holt,29087,40.09799248,-95.2163888,,,
"Howard County, Missouri",96,8/26/2020,Missouri,Howard,29089,39.1435761,-92.69756691,,,
"Howell County, Missouri",214,8/26/2020,Missouri,Howell,29091,36.77383887,-91.88683935,128,16,10
"Iron County, Missouri",43,8/26/2020,Missouri,Iron,29093,37.55487945,-90.7735296,15,4,3
"Jackson County, Missouri",5184,8/26/2020,Missouri,Jackson,29095,39.01002188,-94.34724536,2476,280,182
"Jasper County, Missouri",2162,8/26/2020,Missouri,Jasper,29097,37.20351921,-94.34050458,25,4,3
"Jefferson County, Missouri",2417,8/26/2020,Missouri,Jefferson,29099,38.25926778,-90.53870896,279,28,18
"Johnson County, Missouri",560,8/26/2020,Missouri,Johnson,29101,38.74719601,-93.80691168,45,8,5
"Knox County, Missouri",38,8/26/2020,Missouri,Knox,29103,40.12699751,-92.14780832,,,
"Laclede County, Missouri",271,8/26/2020,Missouri,Laclede,29105,37.65896829,-92.5888493,43,4,3
"Lafayette County, Missouri",220,8/26/2020,Missouri,Lafayette,29107,39.06986886,-93.78076396,25,2,1
"Lawrence County, Missouri",323,8/26/2020,Missouri,Lawrence,29109,37.10626634,-93.83293097,25,4,3
"Lewis County, Missouri",54,8/26/2020,Missouri,Lewis,29111,40.09673161,-91.72070156,,,
"Lincoln County, Missouri",514,8/26/2020,Missouri,Lincoln,29113,39.05345619,-90.95588181,25,4,3
"Linn County, Missouri",46,8/26/2020,Missouri,Linn,29115,39.87001769,-93.10704106,25,4,3
"Livingston County, Missouri",71,8/26/2020,Missouri,Livingston,29117,39.78110272,-93.54645978,25,4,3
"Macon County, Missouri",72,8/26/2020,Missouri,Macon,29121,39.83049768,-92.56453089,25,4,3
"Madison County, Missouri",84,8/26/2020,Missouri,Madison,29123,37.47865134,-90.3467143,25,4,3
"Maries County, Missouri",37,8/26/2020,Missouri,Maries,29125,38.16193985,-91.92249662,,,
"Marion County, Missouri",365,8/26/2020,Missouri,Marion,29127,39.80601912,-91.62203062,86,8,5
"McDonald County, Missouri",981,8/26/2020,Missouri,McDonald,29119,36.62869595,-94.34867205,,,
"Mercer County, Missouri",15,8/26/2020,Missouri,Mercer,29129,40.42212303,-93.5682959,,,
"Miller County, Missouri",218,8/26/2020,Missouri,Miller,29131,38.21450288,-92.42610898,,,
"Mississippi County, Missouri",216,8/26/2020,Missouri,Mississippi,29133,36.82516239,-89.29505753,,,
"Moniteau County, Missouri",179,8/26/2020,Missouri,Moniteau,29135,38.63571781,-92.57976951,,,
"Monroe County, Missouri",62,8/26/2020,Missouri,Monroe,29137,39.49593978,-92.00043978,,,
"Montgomery County, Missouri",51,8/26/2020,Missouri,Montgomery,29139,38.94022054,-91.47000721,,,
"Morgan County, Missouri",113,8/26/2020,Missouri,Morgan,29141,38.4181765,-92.88791859,,,
"New Madrid County, Missouri",358,8/26/2020,Missouri,New Madrid,29143,36.59666326,-89.66070007,,,
"Newton County, Missouri",1040,8/26/2020,Missouri,Newton,29145,36.90519407,-94.3394104,634,96,62
"Nodaway County, Missouri",319,8/26/2020,Missouri,Nodaway,29147,40.36079813,-94.88133008,38,7,5
"Oregon County, Missouri",34,8/26/2020,Missouri,Oregon,29149,36.68710164,-91.4033755,,,
"Osage County, Missouri",73,8/26/2020,Missouri,Osage,29151,38.46036182,-91.8613635,,,
"Ozark County, Missouri",18,8/26/2020,Missouri,Ozark,29153,36.64916339,-92.44459066,,,
"Pemiscot County, Missouri",311,8/26/2020,Missouri,Pemiscot,29155,36.2130572,-89.78742322,49,7,5
"Perry County, Missouri",324,8/26/2020,Missouri,Perry,29157,37.70660776,-89.82741088,25,4,3
"Pettis County, Missouri",754,8/26/2020,Missouri,Pettis,29159,38.72798918,-93.28471706,108,9,6
"Phelps County, Missouri",175,8/26/2020,Missouri,Phelps,29161,37.87736118,-91.79351727,172,18,12
"Pike County, Missouri",133,8/26/2020,Missouri,Pike,29163,39.34310674,-91.16980779,25,4,3
"Platte County, Missouri",454,8/26/2020,Missouri,Platte,29165,39.38154439,-94.77068479,118,12,8
"Polk County, Missouri",267,8/26/2020,Missouri,Polk,29167,37.6162296,-93.39828174,52,8,5
"Pulaski County, Missouri",360,8/26/2020,Missouri,Pulaski,29169,37.82462075,-92.20783203,46,0,0
"Putnam County, Missouri",20,8/26/2020,Missouri,Putnam,29171,40.47942497,-93.02042674,15,3,2
"Ralls County, Missouri",92,8/26/2020,Missouri,Ralls,29173,39.52817427,-91.51838643,,,
"Randolph County, Missouri",114,8/26/2020,Missouri,Randolph,29175,39.44007257,-92.4971374,33,8,5
"Ray County, Missouri",122,8/26/2020,Missouri,Ray,29177,39.3537468,-93.98905745,25,4,3
"Reynolds County, Missouri",19,8/26/2020,Missouri,Reynolds,29179,37.36085952,-90.97009925,,,
"Ripley County, Missouri",84,8/26/2020,Missouri,Ripley,29181,36.65460667,-90.85990261,,,
"Saline County, Missouri",530,8/26/2020,Missouri,Saline,29195,39.13734288,-93.20259964,42,7,5
"Schuyler County, Missouri",14,8/26/2020,Missouri,Schuyler,29197,40.46921489,-92.52311943,,,
"Scotland County, Missouri",18,8/26/2020,Missouri,Scotland,29199,40.45214695,-92.14709064,25,4,3
"Scott County, Missouri",565,8/26/2020,Missouri,Scott,29201,37.05588075,-89.56474493,87,12,8
"Shannon County, Missouri",47,8/26/2020,Missouri,Shannon,29203,37.15772072,-91.40190382,,,
"Shelby County, Missouri",46,8/26/2020,Missouri,Shelby,29205,39.79742518,-92.07634971,,,
"St. Charles County, Missouri",5392,8/26/2020,Missouri,St. Charles,29183,38.77875681,-90.66662425,888,62,40
"St. Clair County, Missouri",26,8/26/2020,Missouri,St. Clair,29185,38.03699437,-93.77631447,12,2,1
"St. Francois County, Missouri",873,8/26/2020,Missouri,St. Francois,29187,37.81214171,-90.47598685,433,11,7
"St. Louis County, Missouri",18334,8/26/2020,Missouri,St. Louis,29189,38.6377004,-90.4458375,4726,498,324
"St. Louis City County, Missouri",6015,8/26/2020,Missouri,St. Louis City,29510,38.63555736,-90.24349225,3049,321,209
"Ste. Genevieve County, Missouri",99,8/26/2020,Missouri,Ste. Genevieve,29186,37.89090059,-90.1949941,25,4,3
"Stoddard County, Missouri",277,8/26/2020,Missouri,Stoddard,29207,36.85571651,-89.9444155,48,4,3
"Stone County, Missouri",252,8/26/2020,Missouri,Stone,29209,36.75000327,-93.45256475,,,
"Sullivan County, Missouri",169,8/26/2020,Missouri,Sullivan,29211,40.2099105,-93.11150106,16,3,2
"Taney County, Missouri",879,8/26/2020,Missouri,Taney,29213,36.65465345,-93.04075153,111,18,12
"Texas County, Missouri",85,8/26/2020,Missouri,Texas,29215,37.31728859,-91.96564727,47,4,3
"Vernon County, Missouri",77,8/26/2020,Missouri,Vernon,29217,37.8457799,-94.34127305,41,6,4
"Warren County, Missouri",303,8/26/2020,Missouri,Warren,29219,38.76529479,-91.16124662,,,
"Washington County, Missouri",212,8/26/2020,Missouri,Washington,29221,37.96130078,-90.87948158,25,4,3
"Wayne County, Missouri",76,8/26/2020,Missouri,Wayne,29223,37.11303869,-90.46001416,,,
"Webster County, Missouri",194,8/26/2020,Missouri,Webster,29225,37.2813734,-92.876329,,,
"Worth County, Missouri",10,8/26/2020,Missouri,Worth,29227,40.47945588,-94.42328751,,,
"Wright County, Missouri",85,8/26/2020,Missouri,Wright,29229,37.27029221,-92.46914488,,,
"Beaverhead County, Montana",69,8/26/2020,Montana,Beaverhead,30001,45.13434354,-112.8984694,18,3,2
"Big Horn County, Montana",609,8/26/2020,Montana,Big Horn,30003,45.42335905,-107.492347,49,8,5
"Blaine County, Montana",15,8/26/2020,Montana,Blaine,30005,48.43175214,-108.9582723,6,1,1
"Broadwater County, Montana",16,8/26/2020,Montana,Broadwater,30007,46.33277565,-111.4955813,25,4,3
"Carbon County, Montana",84,8/26/2020,Montana,Carbon,30009,45.22850116,-109.0274047,10,2,1
"Carter County, Montana",0,8/26/2020,Montana,Carter,30011,45.5197966,-104.5395536,25,4,3
"Cascade County, Montana",258,8/26/2020,Montana,Cascade,30013,47.30797024,-111.3467922,332,24,16
"Chouteau County, Montana",10,8/26/2020,Montana,Chouteau,30015,47.88084126,-110.4353362,33,5,3
"Custer County, Montana",65,8/26/2020,Montana,Custer,30017,46.25319932,-105.5737526,25,4,3
"Daniels County, Montana",3,8/26/2020,Montana,Daniels,30019,48.78420029,-105.5476343,25,4,3
"Dawson County, Montana",32,8/26/2020,Montana,Dawson,30021,47.26584855,-104.8944417,25,3,2
"Deer Lodge County, Montana",33,8/26/2020,Montana,Deer Lodge,30023,46.05953325,-113.073353,199,4,3
"Fallon County, Montana",2,8/26/2020,Montana,Fallon,30025,46.33478338,-104.4183565,25,4,3
"Fergus County, Montana",26,8/26/2020,Montana,Fergus,30027,47.26331584,-109.2245206,23,4,3
"Flathead County, Montana",539,8/26/2020,Montana,Flathead,30029,48.29575866,-114.0520569,220,25,16
"Gallatin County, Montana",1029,8/26/2020,Montana,Gallatin,30031,45.54486106,-111.1692571,87,9,6
"Garfield County, Montana",12,8/26/2020,Montana,Garfield,30033,47.27545948,-107.0002351,4,1,1
"Glacier County, Montana",128,8/26/2020,Montana,Glacier,30035,48.70513576,-112.9934235,46,8,5
"Golden Valley County, Montana",3,8/26/2020,Montana,Golden Valley,30037,46.3816474,-109.1768522,,,
"Granite County, Montana",18,8/26/2020,Montana,Granite,30039,46.4060522,-113.4414186,25,4,3
"Hill County, Montana",72,8/26/2020,Montana,Hill,30041,48.62879827,-110.1129252,49,6,4
"Jefferson County, Montana",36,8/26/2020,Montana,Jefferson,30043,46.14907081,-112.094396,,,
"Judith Basin County, Montana",4,8/26/2020,Montana,Judith Basin,30045,47.04581276,-110.2660688,,,
"Lake County, Montana",192,8/26/2020,Montana,Lake,30047,47.64514965,-114.0898013,47,9,6
"Lewis and Clark County, Montana",191,8/26/2020,Montana,Lewis and Clark,30049,47.12610041,-112.394698,189,9,6
"Liberty County, Montana",5,8/26/2020,Montana,Liberty,30051,48.56084317,-111.024307,25,4,3
"Lincoln County, Montana",85,8/26/2020,Montana,Lincoln,30053,48.54265777,-115.4046155,25,4,3
"Madison County, Montana",91,8/26/2020,Montana,Madison,30057,45.30080065,-111.9173017,17,4,3
"McCone County, Montana",8,8/26/2020,Montana,McCone,30055,47.64469406,-105.7944994,25,4,3
"Meagher County, Montana",4,8/26/2020,Montana,Meagher,30059,46.59907074,-110.8898557,25,4,3
"Mineral County, Montana",2,8/26/2020,Montana,Mineral,30061,47.15283992,-115.0015239,24,4,3
"Missoula County, Montana",417,8/26/2020,Montana,Missoula,30063,47.03728583,-113.9213508,299,32,21
"Musselshell County, Montana",7,8/26/2020,Montana,Musselshell,30065,46.49684637,-108.39498,25,4,3
"Park County, Montana",63,8/26/2020,Montana,Park,30067,45.48965095,-110.5264394,25,4,3
"Petroleum County, Montana",0,8/26/2020,Montana,Petroleum,30069,47.1182463,-108.2508876,,,
"Phillips County, Montana",110,8/26/2020,Montana,Phillips,30071,48.25936577,-107.9128511,6,1,1
"Pondera County, Montana",15,8/26/2020,Montana,Pondera,30073,48.22773388,-112.2252703,20,3,2
"Powder River County, Montana",2,8/26/2020,Montana,Powder River,30075,45.39617714,-105.636738,,,
"Powell County, Montana",10,8/26/2020,Montana,Powell,30077,46.85538891,-112.9359164,16,3,2
"Prairie County, Montana",1,8/26/2020,Montana,Prairie,30079,46.86048047,-105.379384,22,4,3
"Ravalli County, Montana",99,8/26/2020,Montana,Ravalli,30081,46.08520862,-114.1189164,25,5,3
"Richland County, Montana",55,8/26/2020,Montana,Richland,30083,47.78668011,-104.5610786,25,4,3
"Roosevelt County, Montana",34,8/26/2020,Montana,Roosevelt,30085,48.29607488,-105.0079268,75,13,8
"Rosebud County, Montana",166,8/26/2020,Montana,Rosebud,30087,46.23397237,-106.729288,25,1,1
"Sanders County, Montana",31,8/26/2020,Montana,Sanders,30089,47.67657534,-115.1329916,16,3,2
"Sheridan County, Montana",5,8/26/2020,Montana,Sheridan,30091,48.72085833,-104.503829,19,3,2
"Silver Bow County, Montana",110,8/26/2020,Montana,Silver Bow,30093,45.90018933,-112.6620092,71,11,7
"Stillwater County, Montana",34,8/26/2020,Montana,Stillwater,30095,45.67071407,-109.3950061,10,2,1
"Sweet Grass County, Montana",9,8/26/2020,Montana,Sweet Grass,30097,45.81367654,-109.9425686,25,4,3
"Teton County, Montana",17,8/26/2020,Montana,Teton,30099,47.83741052,-112.2410688,25,4,3
"Toole County, Montana",47,8/26/2020,Montana,Toole,30101,48.65577551,-111.6942414,21,4,3
"Treasure County, Montana",3,8/26/2020,Montana,Treasure,30103,46.2097322,-107.2666516,,,
"Valley County, Montana",37,8/26/2020,Montana,Valley,30105,48.36435097,-106.6669635,25,4,3
"Wheatland County, Montana",3,8/26/2020,Montana,Wheatland,30107,46.46652491,-109.8464636,25,4,3
"Wibaux County, Montana",5,8/26/2020,Montana,Wibaux,30109,46.95925154,-104.2510927,,,
"Yellowstone County, Montana",1864,8/26/2020,Montana,Yellowstone,30111,45.93955949,-108.2691486,611,53,34
"Adams County, Nebraska",392,8/26/2020,Nebraska,Adams,31001,40.5244942,-98.50117804,127,10,6
"Antelope County, Nebraska",23,8/26/2020,Nebraska,Antelope,31003,42.17695516,-98.0666283,23,4,3
"Arthur County, Nebraska",1,8/26/2020,Nebraska,Arthur,31005,41.56896142,-101.6959559,,,
"Banner County, Nebraska",2,8/26/2020,Nebraska,Banner,31007,41.54634427,-103.7114332,,,
"Blaine County, Nebraska",0,8/26/2020,Nebraska,Blaine,31009,41.91311716,-99.97677845,,,
"Boone County, Nebraska",20,8/26/2020,Nebraska,Boone,31011,41.70759415,-98.06737183,25,4,3
"Box Butte County, Nebraska",21,8/26/2020,Nebraska,Box Butte,31013,42.22079243,-103.0878834,25,4,3
"Boyd County, Nebraska",10,8/26/2020,Nebraska,Boyd,31015,42.8997274,-98.76486568,15,3,2
"Brown County, Nebraska",3,8/26/2020,Nebraska,Brown,31017,42.43018907,-99.92904055,23,4,3
"Buffalo County, Nebraska",612,8/26/2020,Nebraska,Buffalo,31019,40.85486962,-99.07500296,362,34,22
"Burt County, Nebraska",61,8/26/2020,Nebraska,Burt,31021,41.85056773,-96.32605633,16,3,2
"Butler County, Nebraska",77,8/26/2020,Nebraska,Butler,31023,41.22703692,-97.13106306,20,3,2
"Cass County, Nebraska",245,8/26/2020,Nebraska,Cass,31025,40.90899107,-96.13971217,,,
"Cedar County, Nebraska",44,8/26/2020,Nebraska,Cedar,31027,42.5988851,-97.25311951,,,
"Chase County, Nebraska",11,8/26/2020,Nebraska,Chase,31029,40.5237198,-101.6978026,20,4,3
"Cherry County, Nebraska",6,8/26/2020,Nebraska,Cherry,31031,42.54502621,-101.1244332,25,4,3
"Cheyenne County, Nebraska",28,8/26/2020,Nebraska,Cheyenne,31033,41.21999357,-102.9941693,19,4,3
"Clay County, Nebraska",54,8/26/2020,Nebraska,Clay,31035,40.52439441,-98.05126296,,,
"Colfax County, Nebraska",716,8/26/2020,Nebraska,Colfax,31037,41.57486951,-97.0868542,25,4,3
"Cuming County, Nebraska",78,8/26/2020,Nebraska,Cuming,31039,41.91637624,-96.78730772,25,4,3
"Custer County, Nebraska",69,8/26/2020,Nebraska,Custer,31041,41.39374521,-99.72805369,35,6,4
"Dakota County, Nebraska",1971,8/26/2020,Nebraska,Dakota,31043,42.39040144,-96.56656425,,,
"Dawes County, Nebraska",64,8/26/2020,Nebraska,Dawes,31045,42.71985036,-103.1313774,25,4,3
"Dawson County, Nebraska",993,8/26/2020,Nebraska,Dawson,31047,40.87028216,-99.8201461,57,9,6
"Deuel County, Nebraska",2,8/26/2020,Nebraska,Deuel,31049,41.11168186,-102.3333331,,,
"Dixon County, Nebraska",57,8/26/2020,Nebraska,Dixon,31051,42.49188363,-96.86782408,,,
"Dodge County, Nebraska",883,8/26/2020,Nebraska,Dodge,31053,41.58071748,-96.65598179,50,9,6
"Douglas County, Nebraska",12944,8/26/2020,Nebraska,Douglas,31055,41.29518299,-96.15085305,2322,317,206
"Dundy County, Nebraska",5,8/26/2020,Nebraska,Dundy,31057,40.17638677,-101.6876522,14,2,1
"Fillmore County, Nebraska",30,8/26/2020,Nebraska,Fillmore,31059,40.52458567,-97.59646937,20,3,2
"Franklin County, Nebraska",18,8/26/2020,Nebraska,Franklin,31061,40.17636348,-98.95299073,14,2,1
"Frontier County, Nebraska",6,8/26/2020,Nebraska,Frontier,31063,40.52993007,-100.3924658,,,
"Furnas County, Nebraska",20,8/26/2020,Nebraska,Furnas,31065,40.17642064,-99.91247454,20,3,2
"Gage County, Nebraska",125,8/26/2020,Nebraska,Gage,31067,40.26186809,-96.68946704,25,3,2
"Garden County, Nebraska",7,8/26/2020,Nebraska,Garden,31069,41.61703149,-102.3313973,10,2,1
"Garfield County, Nebraska",6,8/26/2020,Nebraska,Garfield,31071,41.91428955,-98.99111827,,,
"Gosper County, Nebraska",23,8/26/2020,Nebraska,Gosper,31073,40.51481965,-99.83020279,,,
"Grant County, Nebraska",0,8/26/2020,Nebraska,Grant,31075,41.91528587,-101.740701,,,
"Greeley County, Nebraska",11,8/26/2020,Nebraska,Greeley,31077,41.56742671,-98.52150266,,,
"Hall County, Nebraska",1809,8/26/2020,Nebraska,Hall,31079,40.87257079,-98.50218293,140,16,10
"Hamilton County, Nebraska",103,8/26/2020,Nebraska,Hamilton,31081,40.87349452,-98.02099117,14,2,1
"Harlan County, Nebraska",4,8/26/2020,Nebraska,Harlan,31083,40.17658508,-99.40438879,19,3,2
"Hayes County, Nebraska",0,8/26/2020,Nebraska,Hayes,31085,40.52451972,-101.0603568,,,
"Hitchcock County, Nebraska",2,8/26/2020,Nebraska,Hitchcock,31087,40.17609175,-101.0416477,,,
"Holt County, Nebraska",19,8/26/2020,Nebraska,Holt,31089,42.45522056,-98.78402558,42,7,5
"Hooker County, Nebraska",4,8/26/2020,Nebraska,Hooker,31091,41.91586243,-101.1354293,,,
"Howard County, Nebraska",61,8/26/2020,Nebraska,Howard,31093,41.2200529,-98.5166499,16,3,2
"Jefferson County, Nebraska",19,8/26/2020,Nebraska,Jefferson,31095,40.17584531,-97.142601,17,3,2
"Johnson County, Nebraska",21,8/26/2020,Nebraska,Johnson,31097,40.39257596,-96.26522753,18,3,2
"Kearney County, Nebraska",101,8/26/2020,Nebraska,Kearney,31099,40.50663314,-98.94877182,10,2,1
"Keith County, Nebraska",47,8/26/2020,Nebraska,Keith,31101,41.19930341,-101.6620164,18,3,2
"Keya Paha County, Nebraska",1,8/26/2020,Nebraska,Keya Paha,31103,42.87990694,-99.71343729,,,
"Kimball County, Nebraska",15,8/26/2020,Nebraska,Kimball,31105,41.19774275,-103.7148131,15,3,2
"Knox County, Nebraska",58,8/26/2020,Nebraska,Knox,31107,42.63758421,-97.89178836,23,4,3
"Lancaster County, Nebraska",3720,8/26/2020,Nebraska,Lancaster,31109,40.78416049,-96.68777155,1103,103,67
"Lincoln County, Nebraska",265,8/26/2020,Nebraska,Lincoln,31111,41.04658298,-100.7475374,97,19,12
"Logan County, Nebraska",3,8/26/2020,Nebraska,Logan,31113,41.56650314,-100.4817851,,,
"Loup County, Nebraska",0,8/26/2020,Nebraska,Loup,31115,41.91371961,-99.45440415,,,
"Madison County, Nebraska",554,8/26/2020,Nebraska,Madison,31119,41.91676024,-97.6005481,131,24,16
"McPherson County, Nebraska",6,8/26/2020,Nebraska,McPherson,31117,41.56797682,-101.0599362,,,
"Merrick County, Nebraska",63,8/26/2020,Nebraska,Merrick,31121,41.16624273,-98.0374887,20,3,2
"Morrill County, Nebraska",64,8/26/2020,Nebraska,Morrill,31123,41.71711774,-103.0061405,20,3,2
"Nance County, Nebraska",11,8/26/2020,Nebraska,Nance,31125,41.39750195,-97.99327291,19,3,2
"Nemaha County, Nebraska",71,8/26/2020,Nebraska,Nemaha,31127,40.38514847,-95.85433992,16,3,2
"Nuckolls County, Nebraska",9,8/26/2020,Nebraska,Nuckolls,31129,40.17637905,-98.04743961,25,4,3
"Otoe County, Nebraska",100,8/26/2020,Nebraska,Otoe,31131,40.64843556,-96.13374142,28,5,3
"Pawnee County, Nebraska",10,8/26/2020,Nebraska,Pawnee,31133,40.13141096,-96.23705437,17,3,2
"Perkins County, Nebraska",29,8/26/2020,Nebraska,Perkins,31135,40.85082525,-101.6502942,20,3,2
"Phelps County, Nebraska",56,8/26/2020,Nebraska,Phelps,31137,40.51156033,-99.41461667,25,4,3
"Pierce County, Nebraska",60,8/26/2020,Nebraska,Pierce,31139,42.26434853,-97.60122773,35,6,4
"Platte County, Nebraska",834,8/26/2020,Nebraska,Platte,31141,41.57246836,-97.52144359,47,5,3
"Polk County, Nebraska",32,8/26/2020,Nebraska,Polk,31143,41.18813488,-97.56630712,16,3,2
"Red Willow County, Nebraska",18,8/26/2020,Nebraska,Red Willow,31145,40.1755688,-100.476998,25,4,3
"Richardson County, Nebraska",31,8/26/2020,Nebraska,Richardson,31147,40.1247415,-95.71755036,24,4,3
"Rock County, Nebraska",5,8/26/2020,Nebraska,Rock,31149,42.42252217,-99.44832069,24,4,3
"Saline County, Nebraska",624,8/26/2020,Nebraska,Saline,31151,40.52418865,-97.14085859,43,7,5
"Sarpy County, Nebraska",2724,8/26/2020,Nebraska,Sarpy,31153,41.11314181,-96.11156432,89,13,8
"Saunders County, Nebraska",202,8/26/2020,Nebraska,Saunders,31155,41.2278103,-96.63773905,16,3,2
"Scotts Bluff County, Nebraska",348,8/26/2020,Nebraska,Scotts Bluff,31157,41.85070896,-103.7080986,122,22,14
"Seward County, Nebraska",154,8/26/2020,Nebraska,Seward,31159,40.87241834,-97.139673,24,4,3
"Sheridan County, Nebraska",20,8/26/2020,Nebraska,Sheridan,31161,42.50284406,-102.4126613,25,4,3
"Sherman County, Nebraska",15,8/26/2020,Nebraska,Sherman,31163,41.22045983,-98.97588642,,,
"Sioux County, Nebraska",5,8/26/2020,Nebraska,Sioux,31165,42.48932059,-103.7576544,,,
"Stanton County, Nebraska",32,8/26/2020,Nebraska,Stanton,31167,41.9169835,-97.19394708,,,
"Thayer County, Nebraska",27,8/26/2020,Nebraska,Thayer,31169,40.17626377,-97.59504381,19,3,2
"Thomas County, Nebraska",4,8/26/2020,Nebraska,Thomas,31171,41.91358968,-100.5556632,,,
"Thurston County, Nebraska",217,8/26/2020,Nebraska,Thurston,31173,42.15725356,-96.54157099,34,6,4
"Valley County, Nebraska",18,8/26/2020,Nebraska,Valley,31175,41.56730777,-98.98197724,16,3,2
"Washington County, Nebraska",169,8/26/2020,Nebraska,Washington,31177,41.52815707,-96.22019892,21,4,3
"Wayne County, Nebraska",46,8/26/2020,Nebraska,Wayne,31179,42.20934475,-97.11926964,21,4,3
"Webster County, Nebraska",13,8/26/2020,Nebraska,Webster,31181,40.17642643,-98.50019851,13,2,1
"Wheeler County, Nebraska",1,8/26/2020,Nebraska,Wheeler,31183,41.91482725,-98.52798941,,,
"York County, Nebraska",107,8/26/2020,Nebraska,York,31185,40.87272618,-97.59710186,38,6,4
"Carson City County, Nevada",416,8/26/2020,Nevada,Carson City,32510,39.15509045,-119.7480219,219,32,21
"Churchill County, Nevada",84,8/26/2020,Nevada,Churchill,32001,39.58105744,-118.3394607,25,4,3
"Clark County, Nevada",57283,8/26/2020,Nevada,Clark,32003,36.21458855,-115.0130241,5657,652,424
"Douglas County, Nevada",233,8/26/2020,Nevada,Douglas,32005,38.912862,-119.6171333,23,4,3
"Elko County, Nevada",735,8/26/2020,Nevada,Elko,32007,41.14531606,-115.3577619,59,7,5
"Esmeralda County, Nevada",0,8/26/2020,Nevada,Esmeralda,32009,37.78436681,-117.6319999,,,
"Eureka County, Nevada",5,8/26/2020,Nevada,Eureka,32011,39.98100864,-116.2683204,,,
"Humboldt County, Nevada",109,8/26/2020,Nevada,Humboldt,32013,41.40692186,-118.1109427,25,3,2
"Lander County, Nevada",58,8/26/2020,Nevada,Lander,32015,39.9332233,-117.0397075,5,2,1
"Lincoln County, Nevada",6,8/26/2020,Nevada,Lincoln,32017,37.64268459,-114.8790388,4,1,1
"Lyon County, Nevada",308,8/26/2020,Nevada,Lyon,32019,39.01777974,-119.1870479,14,2,1
"Mineral County, Nevada",12,8/26/2020,Nevada,Mineral,32021,38.53841696,-118.4344506,11,2,1
"Nye County, Nevada",464,8/26/2020,Nevada,Nye,32023,38.04264256,-116.4722702,25,4,3
"Pershing County, Nevada",19,8/26/2020,Nevada,Pershing,32027,40.44003782,-118.4005641,13,2,1
"Storey County, Nevada",6,8/26/2020,Nevada,Storey,32029,39.44875482,-119.5250207,,,
"Washoe County, Nevada",6904,8/26/2020,Nevada,Washoe,32031,40.66562265,-119.6631594,1413,296,192
"White Pine County, Nevada",24,8/26/2020,Nevada,White Pine,32033,39.44157041,-114.899966,25,4,3
"Belknap County, New Hampshire",122,8/26/2020,New Hampshire,Belknap,33001,43.51637314,-71.41684235,86,10,6
"Carroll County, New Hampshire",100,8/26/2020,New Hampshire,Carroll,33003,43.87498583,-71.20430216,50,8,5
"Cheshire County, New Hampshire",121,8/26/2020,New Hampshire,Cheshire,33005,42.92015988,-72.25311043,86,27,18
"Coos County, New Hampshire",17,8/26/2020,New Hampshire,Coos,33007,44.69063265,-71.30633239,66,10,6
"Grafton County, New Hampshire",109,8/26/2020,New Hampshire,Grafton,33009,43.93779815,-71.82057197,500,64,42
"Hillsborough County, New Hampshire",3987,8/26/2020,New Hampshire,Hillsborough,33011,42.91537785,-71.7200253,974,66,43
"Merrimack County, New Hampshire",495,8/26/2020,New Hampshire,Merrimack,33013,43.29662971,-71.6811573,474,29,19
"Rockingham County, New Hampshire",1775,8/26/2020,New Hampshire,Rockingham,33015,42.98499744,-71.12883377,506,43,28
"Strafford County, New Hampshire",378,8/26/2020,New Hampshire,Strafford,33017,43.291833,-71.02336013,182,17,11
"Sullivan County, New Hampshire",46,8/26/2020,New Hampshire,Sullivan,33019,43.36094111,-72.22203125,25,4,3
"Atlantic County, New Jersey",3703,8/26/2020,New Jersey,Atlantic,34001,39.47538693,-74.65848483,821,65,42
"Bergen County, New Jersey",21436,8/26/2020,New Jersey,Bergen,34003,40.96010917,-74.07164325,1934,122,79
"Burlington County, New Jersey",6314,8/26/2020,New Jersey,Burlington,34005,39.87681124,-74.66927768,795,100,65
"Camden County, New Jersey",9020,8/26/2020,New Jersey,Camden,34007,39.80343818,-74.96388753,2407,166,108
"Cape May County, New Jersey",886,8/26/2020,New Jersey,Cape May,34009,39.15008829,-74.80170244,149,16,10
"Cumberland County, New Jersey",3523,8/26/2020,New Jersey,Cumberland,34011,39.37199394,-75.10712559,321,24,16
"Essex County, New Jersey",20183,8/26/2020,New Jersey,Essex,34013,40.78681335,-74.24657979,2515,226,147
"Gloucester County, New Jersey",3592,8/26/2020,New Jersey,Gloucester,34015,39.71581067,-75.13995546,233,46,30
"Hudson County, New Jersey",20068,8/26/2020,New Jersey,Hudson,34017,40.73766234,-74.07515667,1086,89,58
"Hunterdon County, New Jersey",1202,8/26/2020,New Jersey,Hunterdon,34019,40.56335249,-74.91284156,170,12,8
"Mercer County, New Jersey",8288,8/26/2020,New Jersey,Mercer,34021,40.28047017,-74.70479631,1199,83,54
"Middlesex County, New Jersey",18348,8/26/2020,New Jersey,Middlesex,34023,40.43629879,-74.41426991,2032,232,151
"Monmouth County, New Jersey",10628,8/26/2020,New Jersey,Monmouth,34025,40.26549699,-74.22240686,1643,128,83
"Morris County, New Jersey",7442,8/26/2020,New Jersey,Morris,34027,40.86095313,-74.5455371,1566,111,72
"Ocean County, New Jersey",11036,8/26/2020,New Jersey,Ocean,34029,39.8895449,-74.28089251,1325,114,74
"Passaic County, New Jersey",18223,8/26/2020,New Jersey,Passaic,34031,41.03238628,-74.29954144,823,53,34
"Salem County, New Jersey",966,8/26/2020,New Jersey,Salem,34033,39.58719656,-75.3469663,209,19,12
"Somerset County, New Jersey",5364,8/26/2020,New Jersey,Somerset,34035,40.56465737,-74.61683016,820,45,29
"Sussex County, New Jersey",1380,8/26/2020,New Jersey,Sussex,34037,41.13891592,-74.69118243,130,10,6
"Union County, New Jersey",17023,8/26/2020,New Jersey,Union,34039,40.65835409,-74.30680092,951,77,50
"Warren County, New Jersey",1384,8/26/2020,New Jersey,Warren,34041,40.85951833,-74.99556527,156,20,13
"Bernalillo County, New Mexico",5668,8/26/2020,New Mexico,Bernalillo,35001,35.05163625,-106.6703554,1937,179,116
"Catron County, New Mexico",5,8/26/2020,New Mexico,Catron,35003,33.91514144,-108.4046587,,,
"Chaves County, New Mexico",647,8/26/2020,New Mexico,Chaves,35005,33.36406072,-104.4665365,204,24,16
"Cibola County, New Mexico",396,8/26/2020,New Mexico,Cibola,35006,34.91131525,-107.998876,31,5,3
"Colfax County, New Mexico",19,8/26/2020,New Mexico,Colfax,35007,36.60569702,-104.6472674,25,4,3
"Curry County, New Mexico",650,8/26/2020,New Mexico,Curry,35009,34.57421077,-103.3468876,106,8,5
"De Baca County, New Mexico",0,8/26/2020,New Mexico,De Baca,35011,34.34274529,-104.4117842,,,
"Dona Ana County, New Mexico",2752,8/26/2020,New Mexico,Dona Ana,35013,32.35275771,-106.8329387,635,60,39
"Eddy County, New Mexico",457,8/26/2020,New Mexico,Eddy,35015,32.47167456,-104.3053527,116,18,12
"Grant County, New Mexico",76,8/26/2020,New Mexico,Grant,35017,32.73911281,-108.3827845,32,6,4
"Guadalupe County, New Mexico",32,8/26/2020,New Mexico,Guadalupe,35019,34.86319296,-104.790669,10,2,1
"Harding County, New Mexico",2,8/26/2020,New Mexico,Harding,35021,35.85751555,-103.8220938,,,
"Hidalgo County, New Mexico",93,8/26/2020,New Mexico,Hidalgo,35023,31.91383467,-108.7151824,,,
"Lea County, New Mexico",1076,8/26/2020,New Mexico,Lea,35025,32.79215361,-103.4123733,86,12,8
"Lincoln County, New Mexico",164,8/26/2020,New Mexico,Lincoln,35027,33.74526079,-105.4586166,25,4,3
"Los Alamos County, New Mexico",24,8/26/2020,New Mexico,Los Alamos,35028,35.86631386,-106.3134985,47,6,4
"Luna County, New Mexico",275,8/26/2020,New Mexico,Luna,35029,32.18179341,-107.7508826,25,6,4
"McKinley County, New Mexico",4167,8/26/2020,New Mexico,McKinley,35031,35.5800772,-108.262245,148,26,17
"Mora County, New Mexico",6,8/26/2020,New Mexico,Mora,35033,36.01095101,-104.9497716,,,
"Otero County, New Mexico",218,8/26/2020,New Mexico,Otero,35035,32.61348406,-105.7417604,56,11,7
"Quay County, New Mexico",60,8/26/2020,New Mexico,Quay,35037,35.10403332,-103.5481727,25,4,3
"Rio Arriba County, New Mexico",352,8/26/2020,New Mexico,Rio Arriba,35039,36.51072137,-106.6931674,70,8,5
"Roosevelt County, New Mexico",194,8/26/2020,New Mexico,Roosevelt,35041,34.02097406,-103.4799493,20,4,3
"San Juan County, New Mexico",3162,8/26/2020,New Mexico,San Juan,35045,36.50838318,-108.320437,260,21,14
"San Miguel County, New Mexico",75,8/26/2020,New Mexico,San Miguel,35047,35.48014807,-104.8163562,226,8,5
"Sandoval County, New Mexico",1230,8/26/2020,New Mexico,Sandoval,35043,35.68862401,-106.8687803,60,11,7
"Santa Fe County, New Mexico",791,8/26/2020,New Mexico,Santa Fe,35049,35.50708973,-105.9774716,225,25,16
"Sierra County, New Mexico",37,8/26/2020,New Mexico,Sierra,35051,33.13028233,-107.1925893,11,2,1
"Socorro County, New Mexico",77,8/26/2020,New Mexico,Socorro,35053,34.00715494,-106.9298354,24,4,3
"Taos County, New Mexico",116,8/26/2020,New Mexico,Taos,35055,36.58006022,-105.6310198,6,6,4
"Torrance County, New Mexico",63,8/26/2020,New Mexico,Torrance,35057,34.64048375,-105.8508949,,,
"Union County, New Mexico",31,8/26/2020,New Mexico,Union,35059,36.48126404,-103.4709624,25,4,3
"Valencia County, New Mexico",499,8/26/2020,New Mexico,Valencia,35061,34.71669834,-106.8103733,,,
"Albany County, New York",2718,8/26/2020,New York,Albany,36001,42.60060306,-73.97723916,1479,116,75
"Allegany County, New York",86,8/26/2020,New York,Allegany,36003,42.25748406,-78.02750466,69,9,6
"Bronx County, New York",232825,8/26/2020,New York,Bronx,36005,40.7672726,-73.97152637,20022,1790,1164
"Broome County, New York",1268,8/26/2020,New York,Broome,36007,42.15903158,-75.81326086,492,47,31
"Cattaraugus County, New York",185,8/26/2020,New York,Cattaraugus,36009,42.24778241,-78.67923096,260,46,30
"Cayuga County, New York",175,8/26/2020,New York,Cayuga,36011,42.91261714,-76.55731592,85,15,10
"Chautauqua County, New York",310,8/26/2020,New York,Chautauqua,36013,42.2276921,-79.36691763,208,27,18
"Chemung County, New York",194,8/26/2020,New York,Chemung,36015,42.13891056,-76.7638805,326,24,16
"Chenango County, New York",223,8/26/2020,New York,Chenango,36017,42.49430041,-75.60887553,58,7,5
"Clinton County, New York",147,8/26/2020,New York,Clinton,36019,44.74530905,-73.67875352,300,21,14
"Columbia County, New York",564,8/26/2020,New York,Columbia,36021,42.24819348,-73.63089095,95,9,6
"Cortland County, New York",98,8/26/2020,New York,Cortland,36023,42.59509207,-76.07048931,103,12,8
"Delaware County, New York",109,8/26/2020,New York,Delaware,36025,42.19837623,-74.96709306,56,10,6
"Dutchess County, New York",4798,8/26/2020,New York,Dutchess,36027,41.7648606,-73.74356679,874,59,38
"Erie County, New York",9589,8/26/2020,New York,Erie,36029,42.76249024,-78.73063652,2279,236,153
"Essex County, New York",105,8/26/2020,New York,Essex,36031,44.11630765,-73.77297842,25,4,3
"Franklin County, New York",57,8/26/2020,New York,Franklin,36033,44.59040891,-74.29926032,126,13,8
"Fulton County, New York",309,8/26/2020,New York,Fulton,36035,43.11363907,-74.41798804,58,8,5
"Genesee County, New York",292,8/26/2020,New York,Genesee,36037,43.0022601,-78.19135193,131,10,6
"Greene County, New York",306,8/26/2020,New York,Greene,36039,42.275797,-74.12384884,,,
"Hamilton County, New York",13,8/26/2020,New York,Hamilton,36041,43.66146647,-74.49721957,,,
"Herkimer County, New York",292,8/26/2020,New York,Herkimer,36043,43.42034246,-74.96145307,25,4,3
"Jefferson County, New York",146,8/26/2020,New York,Jefferson,36045,44.04200959,-75.94653457,287,18,12
"Kings County, New York",232825,8/26/2020,New York,Kings,36047,40.7672726,-73.97152637,20022,1790,1164
"Lewis County, New York",48,8/26/2020,New York,Lewis,36049,43.7844157,-75.44903992,25,6,4
"Livingston County, New York",181,8/26/2020,New York,Livingston,36051,42.72596275,-77.77966158,67,12,8
"Madison County, New York",435,8/26/2020,New York,Madison,36053,42.91653905,-75.67266639,126,10,6
"Monroe County, New York",5364,8/26/2020,New York,Monroe,36055,43.14638895,-77.69322942,2038,247,161
"Montgomery County, New York",197,8/26/2020,New York,Montgomery,36057,42.90123494,-74.44011632,100,8,5
"Nassau County, New York",44403,8/26/2020,New York,Nassau,36059,40.74066522,-73.58941873,3598,334,217
"New York County, New York",232825,8/26/2020,New York,New York,36061,40.7672726,-73.97152637,20022,1790,1164
"Niagara County, New York",1590,8/26/2020,New York,Niagara,36063,43.19898042,-78.74777412,443,32,21
"Oneida County, New York",2259,8/26/2020,New York,Oneida,36065,43.24375382,-75.43710392,774,37,24
"Onondaga County, New York",3801,8/26/2020,New York,Onondaga,36067,43.00491923,-76.19971155,1838,145,94
"Ontario County, New York",381,8/26/2020,New York,Ontario,36069,42.85145728,-77.30874425,307,27,18
"Orange County, New York",11366,8/26/2020,New York,Orange,36071,41.40337468,-74.30240757,985,76,49
"Orleans County, New York",305,8/26/2020,New York,Orleans,36073,43.2516977,-78.2320066,25,4,3
"Oswego County, New York",286,8/26/2020,New York,Oswego,36075,43.42778894,-76.14635194,132,8,5
"Otsego County, New York",124,8/26/2020,New York,Otsego,36077,42.63492579,-75.03151402,220,26,17
"Putnam County, New York",1482,8/26/2020,New York,Putnam,36079,41.42630093,-73.74965532,120,10,6
"Queens County, New York",232825,8/26/2020,New York,Queens,36081,40.7672726,-73.97152637,20022,1790,1164
"Rensselaer County, New York",822,8/26/2020,New York,Rensselaer,36083,42.71348136,-73.51089874,257,30,20
"Richmond County, New York",232825,8/26/2020,New York,Richmond,36085,40.7672726,-73.97152637,20022,1790,1164
"Rockland County, New York",14161,8/26/2020,New York,Rockland,36087,41.15027894,-74.02560498,989,50,32
"Saratoga County, New York",824,8/26/2020,New York,Saratoga,36091,43.10904162,-73.86653895,259,30,20
"Schenectady County, New York",1211,8/26/2020,New York,Schenectady,36093,42.81668777,-74.05278291,351,39,25
"Schoharie County, New York",69,8/26/2020,New York,Schoharie,36095,42.58831742,-74.4433903,40,7,5
"Schuyler County, New York",24,8/26/2020,New York,Schuyler,36097,42.39184015,-76.8773299,25,4,3
"Seneca County, New York",98,8/26/2020,New York,Seneca,36099,42.78081007,-76.82497064,,,
"St. Lawrence County, New York",267,8/26/2020,New York,St. Lawrence,36089,44.4976179,-75.06550039,384,27,18
"Steuben County, New York",310,8/26/2020,New York,Steuben,36101,42.2689144,-77.3829924,535,14,9
"Suffolk County, New York",44605,8/26/2020,New York,Suffolk,36103,40.88320119,-72.8012172,3568,298,194
"Sullivan County, New York",1499,8/26/2020,New York,Sullivan,36105,41.71579493,-74.76394559,99,18,12
"Tioga County, New York",206,8/26/2020,New York,Tioga,36107,42.16852837,-76.30835812,,,
"Tompkins County, New York",248,8/26/2020,New York,Tompkins,36109,42.44945765,-76.47229843,163,16,10
"Ulster County, New York",2141,8/26/2020,New York,Ulster,36111,41.89027881,-74.26252104,209,28,18
"Warren County, New York",316,8/26/2020,New York,Warren,36113,43.56173026,-73.8433699,361,24,16
"Washington County, New York",266,8/26/2020,New York,Washington,36115,43.31153794,-73.43043448,,,
"Wayne County, New York",277,8/26/2020,New York,Wayne,36117,43.15494365,-77.02976528,101,8,5
"Westchester County, New York",36780,8/26/2020,New York,Westchester,36119,41.16278376,-73.75741653,2427,233,151
"Wyoming County, New York",125,8/26/2020,New York,Wyoming,36121,42.70145109,-78.22199579,50,5,3
"Yates County, New York",60,8/26/2020,New York,Yates,36123,42.63505484,-77.10369919,25,4,3
"Alamance County, North Carolina",2955,8/26/2020,North Carolina,Alamance,37001,36.0434701,-79.39976137,176,20,13
"Alexander County, North Carolina",378,8/26/2020,North Carolina,Alexander,37003,35.9223796,-81.17751948,,,
"Alleghany County, North Carolina",193,8/26/2020,North Carolina,Alleghany,37005,36.49360862,-81.12857041,25,4,3
"Anson County, North Carolina",421,8/26/2020,North Carolina,Anson,37007,34.97403241,-80.09953279,15,3,2
"Ashe County, North Carolina",187,8/26/2020,North Carolina,Ashe,37009,36.43296207,-81.49862729,25,4,3
"Avery County, North Carolina",121,8/26/2020,North Carolina,Avery,37011,36.07569796,-81.92308483,21,4,3
"Beaufort County, North Carolina",512,8/26/2020,North Carolina,Beaufort,37013,35.48531943,-76.84325809,72,8,5
"Bertie County, North Carolina",372,8/26/2020,North Carolina,Bertie,37015,36.0688473,-76.96545943,6,1,1
"Bladen County, North Carolina",684,8/26/2020,North Carolina,Bladen,37017,34.61296243,-78.56180059,25,4,3
"Brunswick County, North Carolina",1365,8/26/2020,North Carolina,Brunswick,37019,34.070565,-78.22814204,126,23,15
"Buncombe County, North Carolina",2314,8/26/2020,North Carolina,Buncombe,37021,35.61113393,-82.53305,982,151,98
"Burke County, North Carolina",1817,8/26/2020,North Carolina,Burke,37023,35.74989637,-81.70755735,587,16,10
"Cabarrus County, North Carolina",3029,8/26/2020,North Carolina,Cabarrus,37025,35.3877799,-80.55267168,447,15,10
"Caldwell County, North Carolina",1369,8/26/2020,North Carolina,Caldwell,37027,35.95204977,-81.54799522,110,12,8
"Camden County, North Carolina",89,8/26/2020,North Carolina,Camden,37029,36.33804939,-76.15568396,,,
"Carteret County, North Carolina",446,8/26/2020,North Carolina,Carteret,37031,34.8932941,-76.54120135,99,8,5
"Caswell County, North Carolina",225,8/26/2020,North Carolina,Caswell,37033,36.39312665,-79.33353281,,,
"Catawba County, North Carolina",2483,8/26/2020,North Carolina,Catawba,37035,35.66211129,-81.2132617,426,52,34
"Chatham County, North Carolina",1443,8/26/2020,North Carolina,Chatham,37037,35.70394416,-79.25541492,25,4,3
"Cherokee County, North Carolina",376,8/26/2020,North Carolina,Cherokee,37039,35.1349263,-84.05970864,25,5,3
"Chowan County, North Carolina",193,8/26/2020,North Carolina,Chowan,37041,36.12908077,-76.60118385,25,4,3
"Clay County, North Carolina",83,8/26/2020,North Carolina,Clay,37043,35.05704275,-83.74353633,,,
"Cleveland County, North Carolina",1509,8/26/2020,North Carolina,Cleveland,37045,35.33553364,-81.55204486,292,57,37
"Columbus County, North Carolina",1058,8/26/2020,North Carolina,Columbus,37047,34.26744084,-78.65801424,154,27,18
"Craven County, North Carolina",881,8/26/2020,North Carolina,Craven,37049,35.11833364,-77.08398081,287,72,47
"Cumberland County, North Carolina",3861,8/26/2020,North Carolina,Cumberland,37051,35.04762133,-78.82623165,821,56,36
"Currituck County, North Carolina",91,8/26/2020,North Carolina,Currituck,37053,36.36123664,-75.95876401,,,
"Dare County, North Carolina",236,8/26/2020,North Carolina,Dare,37055,35.66520691,-75.71767334,21,4,3
"Davidson County, North Carolina",2080,8/26/2020,North Carolina,Davidson,37057,35.79115496,-80.21256572,154,29,19
"Davie County, North Carolina",463,8/26/2020,North Carolina,Davie,37059,35.93099927,-80.54496571,50,9,6
"Duplin County, North Carolina",2061,8/26/2020,North Carolina,Duplin,37061,34.93449805,-77.93140529,49,9,6
"Durham County, North Carolina",6699,8/26/2020,North Carolina,Durham,37063,36.03638492,-78.87608331,1509,174,113
"Edgecombe County, North Carolina",871,8/26/2020,North Carolina,Edgecombe,37065,35.91230639,-77.59436892,101,15,10
"Forsyth County, North Carolina",5952,8/26/2020,North Carolina,Forsyth,37067,36.12859861,-80.25459052,1940,196,127
"Franklin County, North Carolina",996,8/26/2020,North Carolina,Franklin,37069,36.081519,-78.28708884,,,
"Gaston County, North Carolina",3910,8/26/2020,North Carolina,Gaston,37071,35.29373559,-81.17477045,383,57,37
"Gates County, North Carolina",75,8/26/2020,North Carolina,Gates,37073,36.44667547,-76.69749701,,,
"Graham County, North Carolina",50,8/26/2020,North Carolina,Graham,37075,35.3506925,-83.83369267,,,
"Granville County, North Carolina",1468,8/26/2020,North Carolina,Granville,37077,36.30337451,-78.65184241,1342,164,107
"Greene County, North Carolina",378,8/26/2020,North Carolina,Greene,37079,35.48544173,-77.67578087,,,
"Guilford County, North Carolina",6518,8/26/2020,North Carolina,Guilford,37081,36.07959451,-79.78824948,955,124,81
"Halifax County, North Carolina",836,8/26/2020,North Carolina,Halifax,37083,36.25669272,-77.6556109,106,16,10
"Harnett County, North Carolina",1531,8/26/2020,North Carolina,Harnett,37085,35.36731853,-78.87243571,243,32,21
"Haywood County, North Carolina",491,8/26/2020,North Carolina,Haywood,37087,35.55269063,-82.98196486,122,12,8
"Henderson County, North Carolina",1667,8/26/2020,North Carolina,Henderson,37089,35.33788927,-82.4766782,233,27,18
"Hertford County, North Carolina",486,8/26/2020,North Carolina,Hertford,37091,36.3607755,-76.98104134,70,10,6
"Hoke County, North Carolina",842,8/26/2020,North Carolina,Hoke,37093,35.01888303,-79.23651674,41,11,7
"Hyde County, North Carolina",85,8/26/2020,North Carolina,Hyde,37095,35.42017674,-76.15180542,,,
"Iredell County, North Carolina",2239,8/26/2020,North Carolina,Iredell,37097,35.80950511,-80.8743128,410,36,23
"Jackson County, North Carolina",473,8/26/2020,North Carolina,Jackson,37099,35.28814273,-83.14093385,82,9,6
"Johnston County, North Carolina",3664,8/26/2020,North Carolina,Johnston,37101,35.51745004,-78.36622717,179,24,16
"Jones County, North Carolina",128,8/26/2020,North Carolina,Jones,37103,35.02254606,-77.35870791,,,
"Lee County, North Carolina",1391,8/26/2020,North Carolina,Lee,37105,35.47623147,-79.17569362,127,8,5
"Lenoir County, North Carolina",741,8/26/2020,North Carolina,Lenoir,37107,35.2403259,-77.64245615,150,190,124
"Lincoln County, North Carolina",1049,8/26/2020,North Carolina,Lincoln,37109,35.48508185,-81.21740317,101,10,6
"Macon County, North Carolina",521,8/26/2020,North Carolina,Macon,37113,35.14867843,-83.41696617,49,9,6
"Madison County, North Carolina",58,8/26/2020,North Carolina,Madison,37115,35.85402722,-82.71346418,,,
"Martin County, North Carolina",318,8/26/2020,North Carolina,Martin,37117,35.84326734,-77.10860251,43,6,4
"McDowell County, North Carolina",762,8/26/2020,North Carolina,McDowell,37111,35.67736232,-82.0482425,49,9,6
"Mecklenburg County, North Carolina",24545,8/26/2020,North Carolina,Mecklenburg,37119,35.24469268,-80.8317671,2370,188,122
"Mitchell County, North Carolina",89,8/26/2020,North Carolina,Mitchell,37121,36.01059309,-82.1582442,25,4,3
"Montgomery County, North Carolina",824,8/26/2020,North Carolina,Montgomery,37123,35.33155144,-79.90416657,3,2,1
"Moore County, North Carolina",1230,8/26/2020,North Carolina,Moore,37125,35.30885257,-79.48474178,412,56,36
"Nash County, North Carolina",1518,8/26/2020,North Carolina,Nash,37127,35.96575634,-77.98422508,372,29,19
"New Hanover County, North Carolina",2884,8/26/2020,North Carolina,New Hanover,37129,34.25758282,-77.87075626,769,45,29
"Northampton County, North Carolina",333,8/26/2020,North Carolina,Northampton,37131,36.41736238,-77.39769443,,,
"Onslow County, North Carolina",1403,8/26/2020,North Carolina,Onslow,37133,34.72607366,-77.42908179,231,14,9
"Orange County, North Carolina",2090,8/26/2020,North Carolina,Orange,37135,36.06092947,-79.12167935,886,47,31
"Pamlico County, North Carolina",92,8/26/2020,North Carolina,Pamlico,37137,35.15253315,-76.66559823,,,
"Pasquotank County, North Carolina",515,8/26/2020,North Carolina,Pasquotank,37139,36.26723798,-76.25134778,91,10,6
"Pender County, North Carolina",743,8/26/2020,North Carolina,Pender,37141,34.52265624,-77.90352133,25,4,3
"Perquimans County, North Carolina",112,8/26/2020,North Carolina,Perquimans,37143,36.17847453,-76.40603143,,,
"Person County, North Carolina",298,8/26/2020,North Carolina,Person,37145,36.38989032,-78.97217358,38,6,4
"Pitt County, North Carolina",2934,8/26/2020,North Carolina,Pitt,37147,35.59535426,-77.37353178,961,83,54
"Polk County, North Carolina",214,8/26/2020,North Carolina,Polk,37149,35.27820615,-82.16812354,25,6,4
"Randolph County, North Carolina",2346,8/26/2020,North Carolina,Randolph,37151,35.71015088,-79.80570339,145,12,8
"Richmond County, North Carolina",628,8/26/2020,North Carolina,Richmond,37153,35.00417719,-79.74491009,,,
"Robeson County, North Carolina",3303,8/26/2020,North Carolina,Robeson,37155,34.64244496,-79.1025053,246,25,16
"Rockingham County, North Carolina",721,8/26/2020,North Carolina,Rockingham,37157,36.39593137,-79.77504841,108,9,6
"Rowan County, North Carolina",2628,8/26/2020,North Carolina,Rowan,37159,35.64003916,-80.52446628,328,21,14
"Rutherford County, North Carolina",906,8/26/2020,North Carolina,Rutherford,37161,35.40114178,-81.92112099,111,18,12
"Sampson County, North Carolina",1574,8/26/2020,North Carolina,Sampson,37163,34.98820368,-78.36914061,59,8,5
"Scotland County, North Carolina",573,8/26/2020,North Carolina,Scotland,37165,34.8386299,-79.4757978,97,8,5
"Stanly County, North Carolina",1413,8/26/2020,North Carolina,Stanly,37167,35.31647813,-80.25093221,97,10,6
"Stokes County, North Carolina",321,8/26/2020,North Carolina,Stokes,37169,36.4017975,-80.23893369,25,4,3
"Surry County, North Carolina",1110,8/26/2020,North Carolina,Surry,37171,36.41689489,-80.69102283,181,24,16
"Swain County, North Carolina",125,8/26/2020,North Carolina,Swain,37173,35.48665845,-83.48748932,44,8,5
"Transylvania County, North Carolina",215,8/26/2020,North Carolina,Transylvania,37175,35.20383864,-82.79638423,25,4,3
"Tyrrell County, North Carolina",104,8/26/2020,North Carolina,Tyrrell,37177,35.87147226,-76.17055253,,,
"Union County, North Carolina",3751,8/26/2020,North Carolina,Union,37179,34.98960527,-80.52955873,182,14,9
"Vance County, North Carolina",871,8/26/2020,North Carolina,Vance,37181,36.36880673,-78.40670845,91,20,13
"Wake County, North Carolina",14151,8/26/2020,North Carolina,Wake,37183,35.78879266,-78.65249174,2096,177,115
"Warren County, North Carolina",283,8/26/2020,North Carolina,Warren,37185,36.39728256,-78.10652228,,,
"Washington County, North Carolina",169,8/26/2020,North Carolina,Washington,37187,35.83810081,-76.57299037,33,4,3
"Watauga County, North Carolina",391,8/26/2020,North Carolina,Watauga,37189,36.23103603,-81.70033724,95,10,6
"Wayne County, North Carolina",2717,8/26/2020,North Carolina,Wayne,37191,35.36438125,-78.00027268,514,16,10
"Wilkes County, North Carolina",999,8/26/2020,North Carolina,Wilkes,37193,36.2084135,-81.16232895,93,8,5
"Wilson County, North Carolina",1677,8/26/2020,North Carolina,Wilson,37195,35.70625477,-77.917978,270,14,9
"Yadkin County, North Carolina",604,8/26/2020,North Carolina,Yadkin,37197,36.16222629,-80.66239436,,,
"Yancey County, North Carolina",87,8/26/2020,North Carolina,Yancey,37199,35.90079156,-82.31237181,,,
"Adams County, North Dakota",5,8/26/2020,North Dakota,Adams,38001,46.09686891,-102.5285397,25,4,3
"Barnes County, North Dakota",63,8/26/2020,North Dakota,Barnes,38003,46.93579637,-98.06605978,25,4,3
"Benson County, North Dakota",209,8/26/2020,North Dakota,Benson,38005,48.0683985,-99.35916363,,,
"Billings County, North Dakota",4,8/26/2020,North Dakota,Billings,38007,47.02366884,-103.3762965,,,
"Bottineau County, North Dakota",25,8/26/2020,North Dakota,Bottineau,38009,48.79106111,-100.8378166,25,4,3
"Bowman County, North Dakota",14,8/26/2020,North Dakota,Bowman,38011,46.11285362,-103.5203343,23,4,3
"Burke County, North Dakota",24,8/26/2020,North Dakota,Burke,38013,48.79094471,-102.5182117,,,
"Burleigh County, North Dakota",1810,8/26/2020,North Dakota,Burleigh,38015,46.97847375,-100.4645214,386,52,34
"Cass County, North Dakota",3339,8/26/2020,North Dakota,Cass,38017,46.93201724,-97.2444719,1105,280,182
"Cavalier County, North Dakota",32,8/26/2020,North Dakota,Cavalier,38019,48.77286211,-98.46685243,20,3,2
"Dickey County, North Dakota",22,8/26/2020,North Dakota,Dickey,38021,46.11017712,-98.5049008,20,3,2
"Divide County, North Dakota",5,8/26/2020,North Dakota,Divide,38023,48.8149387,-103.4873611,15,3,2
"Dunn County, North Dakota",46,8/26/2020,North Dakota,Dunn,38025,47.35423935,-102.6160468,,,
"Eddy County, North Dakota",26,8/26/2020,North Dakota,Eddy,38027,47.71701474,-98.90432337,,,
"Emmons County, North Dakota",25,8/26/2020,North Dakota,Emmons,38029,46.28398398,-100.2389766,14,2,1
"Foster County, North Dakota",28,8/26/2020,North Dakota,Foster,38031,47.4571084,-98.88279923,25,4,3
"Golden Valley County, North Dakota",26,8/26/2020,North Dakota,Golden Valley,38033,46.94022281,-103.8465421,,,
"Grand Forks County, North Dakota",1170,8/26/2020,North Dakota,Grand Forks,38035,47.92093639,-97.45450447,339,28,18
"Grant County, North Dakota",9,8/26/2020,North Dakota,Grant,38037,46.35821257,-101.6390013,30,5,3
"Griggs County, North Dakota",38,8/26/2020,North Dakota,Griggs,38039,47.45785838,-98.23850925,18,3,2
"Hettinger County, North Dakota",14,8/26/2020,North Dakota,Hettinger,38041,46.43375068,-102.4632417,,,
"Kidder County, North Dakota",28,8/26/2020,North Dakota,Kidder,38043,46.97830064,-99.77507857,,,
"LaMoure County, North Dakota",18,8/26/2020,North Dakota,LaMoure,38045,46.45681054,-98.53542355,,,
"Logan County, North Dakota",9,8/26/2020,North Dakota,Logan,38047,46.45729487,-99.47719806,,,
"McHenry County, North Dakota",29,8/26/2020,North Dakota,McHenry,38049,48.23104458,-100.6324822,,,
"McIntosh County, North Dakota",44,8/26/2020,North Dakota,McIntosh,38051,46.11182017,-99.44145858,44,7,5
"McKenzie County, North Dakota",111,8/26/2020,North Dakota,McKenzie,38053,47.7413337,-103.395905,24,4,3
"McLean County, North Dakota",137,8/26/2020,North Dakota,McLean,38055,47.60766714,-101.3182418,47,8,5
"Mercer County, North Dakota",39,8/26/2020,North Dakota,Mercer,38057,47.31213126,-101.8318399,13,2,1
"Morton County, North Dakota",559,8/26/2020,North Dakota,Morton,38059,46.71681782,-101.2822377,41,6,4
"Mountrail County, North Dakota",163,8/26/2020,North Dakota,Mountrail,38061,48.20197971,-102.3555315,11,2,1
"Nelson County, North Dakota",28,8/26/2020,North Dakota,Nelson,38063,47.9226426,-98.19038437,19,3,2
"Oliver County, North Dakota",10,8/26/2020,North Dakota,Oliver,38065,47.11530482,-101.3406158,,,
"Pembina County, North Dakota",29,8/26/2020,North Dakota,Pembina,38067,48.76623521,-97.5523809,20,3,2
"Pierce County, North Dakota",24,8/26/2020,North Dakota,Pierce,38069,48.24977025,-99.96407787,25,4,3
"Ramsey County, North Dakota",114,8/26/2020,North Dakota,Ramsey,38071,48.26886249,-98.72223879,25,4,3
"Ransom County, North Dakota",37,8/26/2020,North Dakota,Ransom,38073,46.45621782,-97.65742504,25,4,3
"Renville County, North Dakota",11,8/26/2020,North Dakota,Renville,38075,48.71982533,-101.6603912,,,
"Richland County, North Dakota",124,8/26/2020,North Dakota,Richland,38077,46.26440649,-96.94852979,,,
"Rolette County, North Dakota",106,8/26/2020,North Dakota,Rolette,38079,48.77245354,-99.84097493,52,9,6
"Sargent County, North Dakota",13,8/26/2020,North Dakota,Sargent,38081,46.10830372,-97.63217159,,,
"Sheridan County, North Dakota",9,8/26/2020,North Dakota,Sheridan,38083,47.57700669,-100.3426391,,,
"Sioux County, North Dakota",119,8/26/2020,North Dakota,Sioux,38085,46.11323337,-101.0440149,12,2,1
"Slope County, North Dakota",5,8/26/2020,North Dakota,Slope,38087,46.44737738,-103.4601547,,,
"Stark County, North Dakota",556,8/26/2020,North Dakota,Stark,38089,46.80851182,-102.6576326,25,4,3
"Steele County, North Dakota",17,8/26/2020,North Dakota,Steele,38091,47.45611548,-97.72728747,,,
"Stutsman County, North Dakota",152,8/26/2020,North Dakota,Stutsman,38093,46.97962541,-98.95637318,133,6,4
"Towner County, North Dakota",6,8/26/2020,North Dakota,Towner,38095,48.68565745,-99.24564265,20,3,2
"Traill County, North Dakota",67,8/26/2020,North Dakota,Traill,38097,47.45367788,-97.16323288,41,7,5
"Walsh County, North Dakota",141,8/26/2020,North Dakota,Walsh,38099,48.36876964,-97.72574783,28,4,3
"Ward County, North Dakota",444,8/26/2020,North Dakota,Ward,38101,48.22390169,-101.5436763,190,23,15
"Wells County, North Dakota",28,8/26/2020,North Dakota,Wells,38103,47.58614526,-99.65904998,25,4,3
"Williams County, North Dakota",356,8/26/2020,North Dakota,Williams,38105,48.34522353,-103.4793387,50,8,5
"Adams County, Ohio",86,8/26/2020,Ohio,Adams,39001,38.84541072,-83.4718964,25,4,3
"Allen County, Ohio",1052,8/26/2020,Ohio,Allen,39003,40.77285242,-84.10802343,469,44,29
"Ashland County, Ohio",162,8/26/2020,Ohio,Ashland,39005,40.84772277,-82.27280781,39,6,4
"Ashtabula County, Ohio",595,8/26/2020,Ohio,Ashtabula,39007,41.70860332,-80.74830218,286,39,25
"Athens County, Ohio",376,8/26/2020,Ohio,Athens,39009,39.33425634,-82.04278644,156,11,7
"Auglaize County, Ohio",377,8/26/2020,Ohio,Auglaize,39011,40.55998859,-84.2242143,36,6,4
"Belmont County, Ohio",676,8/26/2020,Ohio,Belmont,39013,40.01625942,-80.9924051,165,13,8
"Brown County, Ohio",195,8/26/2020,Ohio,Brown,39015,38.93416837,-83.86788395,,,
"Butler County, Ohio",3613,8/26/2020,Ohio,Butler,39017,39.44012838,-84.57388716,631,56,36
"Carroll County, Ohio",123,8/26/2020,Ohio,Carroll,39019,40.5789686,-81.09178213,,,
"Champaign County, Ohio",239,8/26/2020,Ohio,Champaign,39021,40.13923427,-83.76875242,25,4,3
"Clark County, Ohio",1373,8/26/2020,Ohio,Clark,39023,39.91592258,-83.78498252,270,42,27
"Clermont County, Ohio",1193,8/26/2020,Ohio,Clermont,39025,39.04847534,-84.15375786,147,16,10
"Clinton County, Ohio",224,8/26/2020,Ohio,Clinton,39027,39.41485808,-83.80852286,89,8,5
"Columbiana County, Ohio",1781,8/26/2020,Ohio,Columbiana,39029,40.76932373,-80.78094576,219,20,13
"Coshocton County, Ohio",211,8/26/2020,Ohio,Coshocton,39031,40.30096166,-81.91729018,56,7,5
"Crawford County, Ohio",190,8/26/2020,Ohio,Crawford,39033,40.85065156,-82.91989099,50,9,6
"Cuyahoga County, Ohio",15192,8/26/2020,Ohio,Cuyahoga,39035,41.424119,-81.65918339,5981,794,516
"Darke County, Ohio",556,8/26/2020,Ohio,Darke,39037,40.13412966,-84.6194517,40,6,4
"Defiance County, Ohio",196,8/26/2020,Ohio,Defiance,39039,41.32398837,-84.49076944,73,16,10
"Delaware County, Ohio",1565,8/26/2020,Ohio,Delaware,39041,40.27942393,-83.00457058,124,6,4
"Erie County, Ohio",747,8/26/2020,Ohio,Erie,39043,41.36796058,-82.62904521,183,18,12
"Fairfield County, Ohio",1630,8/26/2020,Ohio,Fairfield,39045,39.75107189,-82.63088163,223,22,14
"Fayette County, Ohio",181,8/26/2020,Ohio,Fayette,39047,39.56021306,-83.4562016,25,5,3
"Franklin County, Ohio",20954,8/26/2020,Ohio,Franklin,39049,39.96995815,-83.01115755,5514,583,379
"Fulton County, Ohio",178,8/26/2020,Ohio,Fulton,39051,41.60213491,-84.12571393,25,7,5
"Gallia County, Ohio",130,8/26/2020,Ohio,Gallia,39053,38.82708533,-82.31647569,157,14,9
"Geauga County, Ohio",598,8/26/2020,Ohio,Geauga,39055,41.49952319,-81.17935342,124,12,8
"Greene County, Ohio",916,8/26/2020,Ohio,Greene,39057,39.69116283,-83.89032084,235,20,13
"Guernsey County, Ohio",129,8/26/2020,Ohio,Guernsey,39059,40.05026529,-81.49248905,90,11,7
"Hamilton County, Ohio",10727,8/26/2020,Ohio,Hamilton,39061,39.19673558,-84.54502924,4202,349,227
"Hancock County, Ohio",487,8/26/2020,Ohio,Hancock,39063,41.00250487,-83.66838948,166,29,19
"Hardin County, Ohio",210,8/26/2020,Ohio,Hardin,39065,40.66015414,-83.65929931,25,4,3
"Harrison County, Ohio",28,8/26/2020,Ohio,Harrison,39067,40.29380509,-81.09068544,25,4,3
"Henry County, Ohio",201,8/26/2020,Ohio,Henry,39069,41.3339642,-84.06830637,25,5,3
"Highland County, Ohio",185,8/26/2020,Ohio,Highland,39071,39.1839264,-83.60331456,50,8,5
"Hocking County, Ohio",134,8/26/2020,Ohio,Hocking,39073,39.49537927,-82.47991446,25,4,3
"Holmes County, Ohio",343,8/26/2020,Ohio,Holmes,39075,40.56163713,-81.92635677,41,4,3
"Huron County, Ohio",462,8/26/2020,Ohio,Huron,39077,41.14651175,-82.59867951,98,12,8
"Jackson County, Ohio",148,8/26/2020,Ohio,Jackson,39079,39.01914254,-82.6181856,24,6,4
"Jefferson County, Ohio",263,8/26/2020,Ohio,Jefferson,39081,40.38614126,-80.76259514,171,20,13
"Knox County, Ohio",238,8/26/2020,Ohio,Knox,39083,40.39830217,-82.42027563,65,12,8
"Lake County, Ohio",1267,8/26/2020,Ohio,Lake,39085,41.69710807,-81.23676539,471,27,18
"Lawrence County, Ohio",400,8/26/2020,Ohio,Lawrence,39087,38.59743452,-82.53466552,8,1,1
"Licking County, Ohio",1520,8/26/2020,Ohio,Licking,39089,40.09136236,-82.48185785,262,20,13
"Logan County, Ohio",225,8/26/2020,Ohio,Logan,39091,40.38996525,-83.76784341,39,7,5
"Lorain County, Ohio",2045,8/26/2020,Ohio,Lorain,39093,41.29553751,-82.15083537,838,62,40
"Lucas County, Ohio",6197,8/26/2020,Ohio,Lucas,39095,41.62101218,-83.65468618,2168,261,170
"Madison County, Ohio",662,8/26/2020,Ohio,Madison,39097,39.89381073,-83.40178317,45,13,8
"Mahoning County, Ohio",2812,8/26/2020,Ohio,Mahoning,39099,41.01631101,-80.77287029,662,86,56
"Marion County, Ohio",2990,8/26/2020,Ohio,Marion,39101,40.58610662,-83.15736305,174,15,10
"Medina County, Ohio",1119,8/26/2020,Ohio,Medina,39103,41.11770589,-81.8998621,150,15,10
"Meigs County, Ohio",106,8/26/2020,Ohio,Meigs,39105,39.09224872,-82.0305041,,,
"Mercer County, Ohio",786,8/26/2020,Ohio,Mercer,39107,40.54043046,-84.62912742,42,5,3
"Miami County, Ohio",1004,8/26/2020,Ohio,Miami,39109,40.0543329,-84.22871271,119,42,27
"Monroe County, Ohio",103,8/26/2020,Ohio,Monroe,39111,39.72984936,-81.08464734,,,
"Montgomery County, Ohio",5215,8/26/2020,Ohio,Montgomery,39113,39.75394919,-84.29050975,2148,252,164
"Morgan County, Ohio",43,8/26/2020,Ohio,Morgan,39115,39.62081738,-81.85308173,,,
"Morrow County, Ohio",220,8/26/2020,Ohio,Morrow,39117,40.5236356,-82.7892599,23,3,2
"Muskingum County, Ohio",294,8/26/2020,Ohio,Muskingum,39119,39.96575964,-81.94363275,282,24,16
"Noble County, Ohio",21,8/26/2020,Ohio,Noble,39121,39.76818851,-81.45937183,,,
"Ottawa County, Ohio",444,8/26/2020,Ohio,Ottawa,39123,41.53781826,-83.0940185,25,4,3
"Paulding County, Ohio",79,8/26/2020,Ohio,Paulding,39125,41.11676341,-84.5801017,25,4,3
"Perry County, Ohio",219,8/26/2020,Ohio,Perry,39127,39.73508655,-82.23804971,,,
"Pickaway County, Ohio",2462,8/26/2020,Ohio,Pickaway,39129,39.64170392,-83.0243386,83,8,5
"Pike County, Ohio",100,8/26/2020,Ohio,Pike,39131,39.07634001,-83.06769584,25,4,3
"Portage County, Ohio",835,8/26/2020,Ohio,Portage,39133,41.16793482,-81.19735782,191,16,10
"Preble County, Ohio",323,8/26/2020,Ohio,Preble,39135,39.7420247,-84.64787018,,,
"Putnam County, Ohio",279,8/26/2020,Ohio,Putnam,39137,41.02094889,-84.1336111,,,
"Richland County, Ohio",687,8/26/2020,Ohio,Richland,39139,40.77180308,-82.5379961,279,41,27
"Ross County, Ohio",636,8/26/2020,Ohio,Ross,39141,39.33705391,-83.06000914,330,12,8
"Sandusky County, Ohio",494,8/26/2020,Ohio,Sandusky,39143,41.35624126,-83.137872,152,18,12
"Scioto County, Ohio",317,8/26/2020,Ohio,Scioto,39145,38.80270163,-82.98907345,202,18,12
"Seneca County, Ohio",309,8/26/2020,Ohio,Seneca,39147,41.12351311,-83.12783209,69,5,3
"Shelby County, Ohio",318,8/26/2020,Ohio,Shelby,39149,40.33163494,-84.20258189,61,7,5
"Stark County, Ohio",2218,8/26/2020,Ohio,Stark,39151,40.81482476,-81.36437305,1006,129,84
"Summit County, Ohio",4256,8/26/2020,Ohio,Summit,39153,41.12464734,-81.53123079,2096,231,150
"Trumbull County, Ohio",1725,8/26/2020,Ohio,Trumbull,39155,41.31735028,-80.76109643,517,43,28
"Tuscarawas County, Ohio",846,8/26/2020,Ohio,Tuscarawas,39157,40.44214695,-81.47226262,153,14,9
"Union County, Ohio",341,8/26/2020,Ohio,Union,39159,40.30016061,-83.37239023,60,7,5
"Van Wert County, Ohio",84,8/26/2020,Ohio,Van Wert,39161,40.8554138,-84.591117,145,5,3
"Vinton County, Ohio",36,8/26/2020,Ohio,Vinton,39163,39.25208988,-82.4831444,,,
"Warren County, Ohio",2173,8/26/2020,Ohio,Warren,39165,39.42581994,-84.16557457,265,22,14
"Washington County, Ohio",224,8/26/2020,Ohio,Washington,39167,39.45690571,-81.49121382,213,15,10
"Wayne County, Ohio",685,8/26/2020,Ohio,Wayne,39169,40.82925852,-81.88844833,129,18,12
"Williams County, Ohio",152,8/26/2020,Ohio,Williams,39171,41.56052014,-84.58429552,100,11,7
"Wood County, Ohio",1271,8/26/2020,Ohio,Wood,39173,41.36224827,-83.62285108,149,18,12
"Wyandot County, Ohio",178,8/26/2020,Ohio,Wyandot,39175,40.84339621,-83.30734173,24,4,3
"Adair County, Oklahoma",417,8/26/2020,Oklahoma,Adair,40001,35.88494195,-94.65859267,30,5,3
"Alfalfa County, Oklahoma",12,8/26/2020,Oklahoma,Alfalfa,40003,36.73090616,-98.32408495,,,
"Atoka County, Oklahoma",100,8/26/2020,Oklahoma,Atoka,40005,34.37366573,-96.03802487,25,4,3
"Beaver County, Oklahoma",42,8/26/2020,Oklahoma,Beaver,40007,36.7496847,-100.4758872,24,4,3
"Beckham County, Oklahoma",118,8/26/2020,Oklahoma,Beckham,40009,35.26862449,-99.68128023,34,6,4
"Blaine County, Oklahoma",62,8/26/2020,Oklahoma,Blaine,40011,35.87518314,-98.43307003,42,7,5
"Bryan County, Oklahoma",563,8/26/2020,Oklahoma,Bryan,40013,33.96472458,-96.25903472,183,16,10
"Caddo County, Oklahoma",522,8/26/2020,Oklahoma,Caddo,40015,35.17364557,-98.37534464,42,7,5
"Canadian County, Oklahoma",1455,8/26/2020,Oklahoma,Canadian,40017,35.5426055,-97.98465569,74,8,5
"Carter County, Oklahoma",399,8/26/2020,Oklahoma,Carter,40019,34.25103751,-97.28552485,162,17,11
"Cherokee County, Oklahoma",597,8/26/2020,Oklahoma,Cherokee,40021,35.90692775,-94.99980896,122,23,15
"Choctaw County, Oklahoma",229,8/26/2020,Oklahoma,Choctaw,40023,34.02807439,-95.54771129,34,6,4
"Cimarron County, Oklahoma",14,8/26/2020,Oklahoma,Cimarron,40025,36.74817177,-102.5173885,25,4,3
"Cleveland County, Oklahoma",3638,8/26/2020,Oklahoma,Cleveland,40027,35.20413532,-97.32519562,533,70,46
"Coal County, Oklahoma",50,8/26/2020,Oklahoma,Coal,40029,34.58840127,-96.29798747,20,3,2
"Comanche County, Oklahoma",1203,8/26/2020,Oklahoma,Comanche,40031,34.65973764,-98.47195055,365,35,23
"Cotton County, Oklahoma",26,8/26/2020,Oklahoma,Cotton,40033,34.28845626,-98.37053567,,,
"Craig County, Oklahoma",112,8/26/2020,Oklahoma,Craig,40035,36.76268118,-95.20916602,235,6,4
"Creek County, Oklahoma",765,8/26/2020,Oklahoma,Creek,40037,35.90230551,-96.37086028,89,18,12
"Custer County, Oklahoma",303,8/26/2020,Oklahoma,Custer,40039,35.63853802,-99.00170785,70,8,5
"Delaware County, Oklahoma",521,8/26/2020,Oklahoma,Delaware,40041,36.40823634,-94.80325046,58,6,4
"Dewey County, Oklahoma",18,8/26/2020,Oklahoma,Dewey,40043,35.98772922,-99.00730714,18,3,2
"Ellis County, Oklahoma",6,8/26/2020,Oklahoma,Ellis,40045,36.2180194,-99.75324573,25,4,3
"Garfield County, Oklahoma",816,8/26/2020,Oklahoma,Garfield,40047,36.3791334,-97.78265517,349,34,22
"Garvin County, Oklahoma",258,8/26/2020,Oklahoma,Garvin,40049,34.70418038,-97.30811132,26,5,3
"Grady County, Oklahoma",501,8/26/2020,Oklahoma,Grady,40051,35.0167709,-97.88339847,49,9,6
"Grant County, Oklahoma",23,8/26/2020,Oklahoma,Grant,40053,36.796297,-97.78638765,,,
"Greer County, Oklahoma",87,8/26/2020,Oklahoma,Greer,40055,34.93535801,-99.5605612,18,3,2
"Harmon County, Oklahoma",37,8/26/2020,Oklahoma,Harmon,40057,34.7440135,-99.84741652,22,4,3
"Harper County, Oklahoma",17,8/26/2020,Oklahoma,Harper,40059,36.78836519,-99.6679804,15,3,2
"Haskell County, Oklahoma",152,8/26/2020,Oklahoma,Haskell,40061,35.222576,-95.11513306,,,
"Hughes County, Oklahoma",205,8/26/2020,Oklahoma,Hughes,40063,35.04912569,-96.24921145,25,4,3
"Jackson County, Oklahoma",576,8/26/2020,Oklahoma,Jackson,40065,34.58781741,-99.41138784,49,6,4
"Jefferson County, Oklahoma",34,8/26/2020,Oklahoma,Jefferson,40067,34.11130184,-97.83182974,25,4,3
"Johnston County, Oklahoma",70,8/26/2020,Oklahoma,Johnston,40069,34.31440473,-96.66011537,25,4,3
"Kay County, Oklahoma",294,8/26/2020,Oklahoma,Kay,40071,36.81799745,-97.14421435,82,16,10
"Kingfisher County, Oklahoma",240,8/26/2020,Oklahoma,Kingfisher,40073,35.94530008,-97.94193268,25,4,3
"Kiowa County, Oklahoma",40,8/26/2020,Oklahoma,Kiowa,40075,34.91671958,-98.97720696,38,7,5
"Latimer County, Oklahoma",107,8/26/2020,Oklahoma,Latimer,40077,34.87844729,-95.25215049,,,
"Le Flore County, Oklahoma",575,8/26/2020,Oklahoma,Le Flore,40079,34.89851864,-94.70392124,25,4,3
"Lincoln County, Oklahoma",279,8/26/2020,Oklahoma,Lincoln,40081,35.70270942,-96.8812462,50,8,5
"Logan County, Oklahoma",277,8/26/2020,Oklahoma,Logan,40083,35.91899576,-97.44352845,25,4,3
"Love County, Oklahoma",89,8/26/2020,Oklahoma,Love,40085,33.95273467,-97.23906784,25,4,3
"Major County, Oklahoma",45,8/26/2020,Oklahoma,Major,40093,36.31149996,-98.53467076,25,4,3
"Marshall County, Oklahoma",128,8/26/2020,Oklahoma,Marshall,40095,34.02311222,-96.76855464,21,4,3
"Mayes County, Oklahoma",399,8/26/2020,Oklahoma,Mayes,40097,36.30179091,-95.23175116,24,4,3
"McClain County, Oklahoma",544,8/26/2020,Oklahoma,McClain,40087,35.01123903,-97.44572302,39,7,5
"McCurtain County, Oklahoma",981,8/26/2020,Oklahoma,McCurtain,40089,34.11664328,-94.77222373,25,6,4
"McIntosh County, Oklahoma",228,8/26/2020,Oklahoma,McIntosh,40091,35.37235506,-95.66599306,,,
"Murray County, Oklahoma",87,8/26/2020,Oklahoma,Murray,40099,34.48116015,-97.06826283,25,4,3
"Muskogee County, Oklahoma",697,8/26/2020,Oklahoma,Muskogee,40101,35.61318461,-95.37802952,401,34,22
"Noble County, Oklahoma",100,8/26/2020,Oklahoma,Noble,40103,36.38953329,-97.22928674,26,5,3
"Nowata County, Oklahoma",86,8/26/2020,Oklahoma,Nowata,40105,36.79843529,-95.61902331,25,4,3
"Okfuskee County, Oklahoma",96,8/26/2020,Oklahoma,Okfuskee,40107,35.46485198,-96.32639984,25,4,3
"Oklahoma County, Oklahoma",12870,8/26/2020,Oklahoma,Oklahoma,40109,35.55140095,-97.40716948,3904,487,317
"Okmulgee County, Oklahoma",585,8/26/2020,Oklahoma,Okmulgee,40111,35.64661916,-95.96432828,119,15,10
"Osage County, Oklahoma",608,8/26/2020,Oklahoma,Osage,40113,36.62888819,-96.39635704,40,7,5
"Ottawa County, Oklahoma",488,8/26/2020,Oklahoma,Ottawa,40115,36.83532655,-94.81011909,144,9,6
"Pawnee County, Oklahoma",201,8/26/2020,Oklahoma,Pawnee,40117,36.31743373,-96.7033176,14,2,1
"Payne County, Oklahoma",961,8/26/2020,Oklahoma,Payne,40119,36.07695283,-96.97584944,161,11,7
"Pittsburg County, Oklahoma",548,8/26/2020,Oklahoma,Pittsburg,40121,34.92065823,-95.7513432,132,15,10
"Pontotoc County, Oklahoma",229,8/26/2020,Oklahoma,Pontotoc,40123,34.72959848,-96.68337199,240,25,16
"Pottawatomie County, Oklahoma",776,8/26/2020,Oklahoma,Pottawatomie,40125,35.20614018,-96.94923008,111,19,12
"Pushmataha County, Oklahoma",121,8/26/2020,Oklahoma,Pushmataha,40127,34.41635232,-95.37603505,42,7,5
"Roger Mills County, Oklahoma",13,8/26/2020,Oklahoma,Roger Mills,40129,35.68711719,-99.69666167,15,3,2
"Rogers County, Oklahoma",1234,8/26/2020,Oklahoma,Rogers,40131,36.37004357,-95.60406759,100,14,9
"Seminole County, Oklahoma",302,8/26/2020,Oklahoma,Seminole,40133,35.16478725,-96.61686741,32,6,4
"Sequoyah County, Oklahoma",539,8/26/2020,Oklahoma,Sequoyah,40135,35.49447108,-94.75463785,41,7,5
"Stephens County, Oklahoma",241,8/26/2020,Oklahoma,Stephens,40137,34.48556989,-97.85141892,86,9,6
"Texas County, Oklahoma",1115,8/26/2020,Oklahoma,Texas,40139,36.74777635,-101.4889765,25,8,5
"Tillman County, Oklahoma",64,8/26/2020,Oklahoma,Tillman,40141,34.37288446,-98.92426619,,,
"Tulsa County, Oklahoma",12714,8/26/2020,Oklahoma,Tulsa,40143,36.11939621,-95.94013939,3047,344,224
"Wagoner County, Oklahoma",1086,8/26/2020,Oklahoma,Wagoner,40145,35.96024096,-95.51911308,100,6,4
"Washington County, Oklahoma",751,8/26/2020,Oklahoma,Washington,40147,36.71380786,-95.90514104,81,14,9
"Washita County, Oklahoma",42,8/26/2020,Oklahoma,Washita,40149,35.29071824,-98.99180434,14,2,1
"Woods County, Oklahoma",24,8/26/2020,Oklahoma,Woods,40151,36.76705782,-98.86573064,25,4,3
"Woodward County, Oklahoma",78,8/26/2020,Oklahoma,Woodward,40153,36.42316318,-99.26283045,64,6,4
"Baker County, Oregon",67,8/26/2020,Oregon,Baker,41001,44.70915557,-117.6749883,21,2,1
"Benton County, Oregon",206,8/26/2020,Oregon,Benton,41003,44.49167306,-123.4316987,169,12,8
"Clackamas County, Oregon",1861,8/26/2020,Oregon,Clackamas,41005,45.18787398,-122.2179634,570,70,46
"Clatsop County, Oregon",94,8/26/2020,Oregon,Clatsop,41007,45.99712889,-123.660711,48,8,5
"Columbia County, Oregon",127,8/26/2020,Oregon,Columbia,41009,45.94464254,-123.0890898,,,
"Coos County, Oregon",106,8/26/2020,Oregon,Coos,41011,43.17406868,-124.0594514,166,18,12
"Crook County, Oregon",54,8/26/2020,Oregon,Crook,41013,44.14230227,-120.356297,16,3,2
"Curry County, Oregon",20,8/26/2020,Oregon,Curry,41015,42.45911325,-124.157282,16,3,2
"Deschutes County, Oregon",677,8/26/2020,Oregon,Deschutes,41017,43.91570171,-121.2289121,270,36,23
"Douglas County, Oregon",173,8/26/2020,Oregon,Douglas,41019,43.27941273,-123.167291,156,35,23
"Gilliam County, Oregon",4,8/26/2020,Oregon,Gilliam,41021,45.37160076,-120.2048869,,,
"Grant County, Oregon",8,8/26/2020,Oregon,Grant,41023,44.49024544,-119.0068631,14,2,1
"Harney County, Oregon",11,8/26/2020,Oregon,Harney,41025,43.06422669,-118.9666306,19,2,1
"Hood River County, Oregon",222,8/26/2020,Oregon,Hood River,41027,45.51872811,-121.6552036,25,4,3
"Jackson County, Oregon",747,8/26/2020,Oregon,Jackson,41029,42.43201126,-122.7289309,1071,34,22
"Jefferson County, Oregon",450,8/26/2020,Oregon,Jefferson,41031,44.62806839,-121.17832,25,4,3
"Josephine County, Oregon",152,8/26/2020,Oregon,Josephine,41033,42.3665549,-123.5561938,122,12,8
"Klamath County, Oregon",225,8/26/2020,Oregon,Klamath,41035,42.68762984,-121.6496461,105,18,12
"Lake County, Oregon",30,8/26/2020,Oregon,Lake,41037,42.79246693,-120.3850163,24,4,3
"Lane County, Oregon",667,8/26/2020,Oregon,Lane,41039,43.93727035,-122.847753,721,84,55
"Lincoln County, Oregon",458,8/26/2020,Oregon,Lincoln,41041,44.64252874,-123.869912,50,8,5
"Linn County, Oregon",366,8/26/2020,Oregon,Linn,41043,44.48899494,-122.5373154,92,15,10
"Malheur County, Oregon",1073,8/26/2020,Oregon,Malheur,41045,43.1937027,-117.6227395,44,8,5
"Marion County, Oregon",3624,8/26/2020,Oregon,Marion,41047,44.90287942,-122.5815117,1067,68,44
"Morrow County, Oregon",425,8/26/2020,Oregon,Morrow,41049,45.41846568,-119.584546,21,4,3
"Multnomah County, Oregon",5810,8/26/2020,Oregon,Multnomah,41051,45.54747959,-122.4169351,2157,261,170
"Polk County, Oregon",396,8/26/2020,Oregon,Polk,41053,44.90322804,-123.4128888,15,3,2
"Sherman County, Oregon",16,8/26/2020,Oregon,Sherman,41055,45.41501554,-120.6827834,,,
"Tillamook County, Oregon",38,8/26/2020,Oregon,Tillamook,41057,45.46248721,-123.712066,25,4,3
"Umatilla County, Oregon",2594,8/26/2020,Oregon,Umatilla,41059,45.59073056,-118.7353826,66,11,7
"Union County, Oregon",410,8/26/2020,Oregon,Union,41061,45.30915495,-118.0068979,25,4,3
"Wallowa County, Oregon",22,8/26/2020,Oregon,Wallowa,41063,45.57894064,-117.183538,23,4,3
"Wasco County, Oregon",206,8/26/2020,Oregon,Wasco,41065,45.16292781,-121.1670954,43,17,11
"Washington County, Oregon",3626,8/26/2020,Oregon,Washington,41067,45.55972701,-123.0955257,783,69,45
"Wheeler County, Oregon",0,8/26/2020,Oregon,Wheeler,41069,44.72698162,-120.0281427,,,
"Yamhill County, Oregon",606,8/26/2020,Oregon,Yamhill,41071,45.23330449,-123.3086963,90,11,7
"Adams County, Pennsylvania",580,8/26/2020,Pennsylvania,Adams,42001,39.87140411,-77.21610347,76,8,5
"Allegheny County, Pennsylvania",10004,8/26/2020,Pennsylvania,Allegheny,42003,40.46809875,-79.98167747,6086,638,415
"Armstrong County, Pennsylvania",297,8/26/2020,Pennsylvania,Armstrong,42005,40.81665618,-79.46290811,131,12,8
"Beaver County, Pennsylvania",1526,8/26/2020,Pennsylvania,Beaver,42007,40.6825484,-80.34921611,229,25,16
"Bedford County, Pennsylvania",162,8/26/2020,Pennsylvania,Bedford,42009,40.00522157,-78.48998442,40,4,3
"Berks County, Pennsylvania",5916,8/26/2020,Pennsylvania,Berks,42011,40.41570541,-75.92457766,1142,74,48
"Blair County, Pennsylvania",422,8/26/2020,Pennsylvania,Blair,42013,40.47961444,-78.34917412,554,42,27
"Bradford County, Pennsylvania",96,8/26/2020,Pennsylvania,Bradford,42015,41.78869215,-76.51570822,310,46,30
"Bucks County, Pennsylvania",7641,8/26/2020,Pennsylvania,Bucks,42017,40.33682119,-75.10836643,993,183,119
"Butler County, Pennsylvania",757,8/26/2020,Pennsylvania,Butler,42019,40.91152759,-79.91351055,392,35,23
"Cambria County, Pennsylvania",443,8/26/2020,Pennsylvania,Cambria,42021,40.49527404,-78.71377428,423,26,17
"Cameron County, Pennsylvania",8,8/26/2020,Pennsylvania,Cameron,42023,41.43625568,-78.20376845,,,
"Carbon County, Pennsylvania",419,8/26/2020,Pennsylvania,Carbon,42025,40.91545395,-75.7068525,68,6,4
"Centre County, Pennsylvania",429,8/26/2020,Pennsylvania,Centre,42027,40.92058903,-77.82200624,432,43,28
"Chester County, Pennsylvania",5542,8/26/2020,Pennsylvania,Chester,42029,39.97291773,-75.74768357,1435,105,68
"Clarion County, Pennsylvania",96,8/26/2020,Pennsylvania,Clarion,42031,41.19265812,-79.42413524,169,7,5
"Clearfield County, Pennsylvania",213,8/26/2020,Pennsylvania,Clearfield,42033,41.00110782,-78.47592663,241,22,14
"Clinton County, Pennsylvania",130,8/26/2020,Pennsylvania,Clinton,42035,41.23255967,-77.63785995,63,11,7
"Columbia County, Pennsylvania",546,8/26/2020,Pennsylvania,Columbia,42037,41.04821986,-76.40565017,143,22,14
"Crawford County, Pennsylvania",193,8/26/2020,Pennsylvania,Crawford,42039,41.68447709,-80.10760592,170,16,10
"Cumberland County, Pennsylvania",1472,8/26/2020,Pennsylvania,Cumberland,42041,40.1625372,-77.26130755,612,61,40
"Dauphin County, Pennsylvania",3197,8/26/2020,Pennsylvania,Dauphin,42043,40.41377078,-76.77993242,1261,97,63
"Delaware County, Pennsylvania",10144,8/26/2020,Pennsylvania,Delaware,42045,39.91680171,-75.40243663,948,94,61
"Elk County, Pennsylvania",64,8/26/2020,Pennsylvania,Elk,42047,41.42822061,-78.64524744,25,4,3
"Erie County, Pennsylvania",1313,8/26/2020,Pennsylvania,Erie,42049,41.99253829,-80.03301954,1040,81,53
"Fayette County, Pennsylvania",665,8/26/2020,Pennsylvania,Fayette,42051,39.92041012,-79.64291195,210,26,17
"Forest County, Pennsylvania",14,8/26/2020,Pennsylvania,Forest,42053,41.51095103,-79.23229292,,,
"Franklin County, Pennsylvania",1488,8/26/2020,Pennsylvania,Franklin,42055,39.92956518,-77.72157791,411,80,52
"Fulton County, Pennsylvania",34,8/26/2020,Pennsylvania,Fulton,42057,39.92913544,-78.11163677,21,4,3
"Greene County, Pennsylvania",135,8/26/2020,Pennsylvania,Greene,42059,39.85746531,-80.22357106,23,4,3
"Huntingdon County, Pennsylvania",350,8/26/2020,Pennsylvania,Huntingdon,42061,40.42162652,-77.97673273,57,7,5
"Indiana County, Pennsylvania",411,8/26/2020,Pennsylvania,Indiana,42063,40.65241041,-79.08963285,110,12,8
"Jefferson County, Pennsylvania",95,8/26/2020,Pennsylvania,Jefferson,42065,41.12913106,-78.9986361,69,9,6
"Juniata County, Pennsylvania",146,8/26/2020,Pennsylvania,Juniata,42067,40.53358749,-77.3997513,,,
"Lackawanna County, Pennsylvania",2008,8/26/2020,Pennsylvania,Lackawanna,42069,41.43564672,-75.60379201,855,53,34
"Lancaster County, Pennsylvania",6547,8/26/2020,Pennsylvania,Lancaster,42071,40.03904563,-76.24770128,936,73,47
"Lawrence County, Pennsylvania",445,8/26/2020,Pennsylvania,Lawrence,42073,40.99206278,-80.33393706,121,12,8
"Lebanon County, Pennsylvania",1685,8/26/2020,Pennsylvania,Lebanon,42075,40.36680311,-76.45651841,393,20,13
"Lehigh County, Pennsylvania",5139,8/26/2020,Pennsylvania,Lehigh,42077,40.6154815,-75.59435245,1624,181,118
"Luzerne County, Pennsylvania",3720,8/26/2020,Pennsylvania,Luzerne,42079,41.17823008,-75.98447579,988,74,48
"Lycoming County, Pennsylvania",498,8/26/2020,Pennsylvania,Lycoming,42081,41.34310539,-77.06629984,303,35,23
"McKean County, Pennsylvania",35,8/26/2020,Pennsylvania,McKean,42083,41.80938602,-78.56478358,138,10,6
"Mercer County, Pennsylvania",537,8/26/2020,Pennsylvania,Mercer,42085,41.30248872,-80.25816981,404,28,18
"Mifflin County, Pennsylvania",146,8/26/2020,Pennsylvania,Mifflin,42087,40.61116939,-77.61070738,109,10,6
"Monroe County, Pennsylvania",1700,8/26/2020,Pennsylvania,Monroe,42089,41.05934058,-75.34031025,295,32,21
"Montgomery County, Pennsylvania",10818,8/26/2020,Pennsylvania,Montgomery,42091,40.21053671,-75.36652296,3023,289,188
"Montour County, Pennsylvania",126,8/26/2020,Pennsylvania,Montour,42093,41.03023987,-76.66345939,757,75,49
"Northampton County, Pennsylvania",4073,8/26/2020,Pennsylvania,Northampton,42095,40.75182733,-75.30471829,754,50,32
"Northumberland County, Pennsylvania",641,8/26/2020,Pennsylvania,Northumberland,42097,40.84785433,-76.70798222,,,
"Perry County, Pennsylvania",165,8/26/2020,Pennsylvania,Perry,42099,40.40206612,-77.26297447,,,
"Philadelphia County, Pennsylvania",33255,8/26/2020,Pennsylvania,Philadelphia,42101,40.00338507,-75.1379271,5857,847,551
"Pike County, Pennsylvania",536,8/26/2020,Pennsylvania,Pike,42103,41.33155042,-75.03208106,,,
"Potter County, Pennsylvania",24,8/26/2020,Pennsylvania,Potter,42105,41.74471626,-77.89559864,25,4,3
"Schuylkill County, Pennsylvania",976,8/26/2020,Pennsylvania,Schuylkill,42107,40.70497338,-76.2150785,266,58,38
"Snyder County, Pennsylvania",148,8/26/2020,Pennsylvania,Snyder,42109,40.77129231,-77.06840691,,,
"Somerset County, Pennsylvania",160,8/26/2020,Pennsylvania,Somerset,42111,39.97172723,-79.02699593,148,23,15
"Sullivan County, Pennsylvania",10,8/26/2020,Pennsylvania,Sullivan,42113,41.44634738,-76.51246591,,,
"Susquehanna County, Pennsylvania",252,8/26/2020,Pennsylvania,Susquehanna,42115,41.82147784,-75.80071959,50,8,5
"Tioga County, Pennsylvania",46,8/26/2020,Pennsylvania,Tioga,42117,41.77255149,-77.25433032,25,6,4
"Union County, Pennsylvania",359,8/26/2020,Pennsylvania,Union,42119,40.96188846,-77.05996014,123,12,8
"Venango County, Pennsylvania",70,8/26/2020,Pennsylvania,Venango,42121,41.40323442,-79.75845449,118,8,5
"Warren County, Pennsylvania",26,8/26/2020,Pennsylvania,Warren,42123,41.81304978,-79.26969577,237,6,4
"Washington County, Pennsylvania",994,8/26/2020,Pennsylvania,Washington,42125,40.19208869,-80.24582867,448,55,36
"Wayne County, Pennsylvania",175,8/26/2020,Pennsylvania,Wayne,42127,41.64938475,-75.29956506,76,8,5
"Westmoreland County, Pennsylvania",1763,8/26/2020,Pennsylvania,Westmoreland,42129,40.3137798,-79.46615476,794,77,50
"Wyoming County, Pennsylvania",65,8/26/2020,Pennsylvania,Wyoming,42131,41.51955538,-76.01074915,44,6,4
"York County, Pennsylvania",3189,8/26/2020,Pennsylvania,York,42133,39.9210089,-76.73040131,808,93,60
"Bristol County, Rhode Island",349,8/26/2020,Rhode Island,Bristol,44001,41.71018079,-71.28652315,,,
"Kent County, Rhode Island",1664,8/26/2020,Rhode Island,Kent,44003,41.67106337,-71.57641596,323,15,10
"Newport County, Rhode Island",434,8/26/2020,Rhode Island,Newport,44005,41.5642026,-71.26569799,102,10,6
"Providence County, Rhode Island",16668,8/26/2020,Rhode Island,Providence,44007,41.87064746,-71.57753536,2425,333,216
"Washington County, Rhode Island",694,8/26/2020,Rhode Island,Washington,44009,41.45961631,-71.61435303,158,17,11
"Abbeville County, South Carolina",393,8/26/2020,South Carolina,Abbeville,45001,34.22333378,-82.46170658,25,6,4
"Aiken County, South Carolina",2277,8/26/2020,South Carolina,Aiken,45003,33.54338026,-81.63645384,204,35,23
"Allendale County, South Carolina",283,8/26/2020,South Carolina,Allendale,45005,32.98837386,-81.35321066,25,4,3
"Anderson County, South Carolina",2978,8/26/2020,South Carolina,Anderson,45007,34.51828081,-82.63959517,460,25,16
"Bamberg County, South Carolina",523,8/26/2020,South Carolina,Bamberg,45009,33.21927586,-81.05659969,,,
"Barnwell County, South Carolina",516,8/26/2020,South Carolina,Barnwell,45011,33.26679302,-81.43584352,,,
"Beaufort County, South Carolina",4627,8/26/2020,South Carolina,Beaufort,45013,32.39226291,-80.72619758,329,24,16
"Berkeley County, South Carolina",4658,8/26/2020,South Carolina,Berkeley,45015,33.20222596,-79.94654523,0,32,21
"Calhoun County, South Carolina",407,8/26/2020,South Carolina,Calhoun,45017,33.66926881,-80.77722168,,,
"Charleston County, South Carolina",13478,8/26/2020,South Carolina,Charleston,45019,32.82487866,-79.96512315,1830,230,150
"Cherokee County, South Carolina",764,8/26/2020,South Carolina,Cherokee,45021,35.05122251,-81.61828622,44,12,8
"Chester County, South Carolina",823,8/26/2020,South Carolina,Chester,45023,34.69249168,-81.1583216,36,6,4
"Chesterfield County, South Carolina",928,8/26/2020,South Carolina,Chesterfield,45025,34.64137396,-80.1564014,48,6,4
"Clarendon County, South Carolina",956,8/26/2020,South Carolina,Clarendon,45027,33.66610974,-80.21647898,49,6,4
"Colleton County, South Carolina",875,8/26/2020,South Carolina,Colleton,45029,32.87582989,-80.67641292,102,8,5
"Darlington County, South Carolina",1582,8/26/2020,South Carolina,Darlington,45031,34.33358335,-79.96027485,152,18,12
"Dillon County, South Carolina",721,8/26/2020,South Carolina,Dillon,45033,34.39007791,-79.37741872,72,6,4
"Dorchester County, South Carolina",3471,8/26/2020,South Carolina,Dorchester,45035,33.0794369,-80.40502652,,,
"Edgefield County, South Carolina",483,8/26/2020,South Carolina,Edgefield,45037,33.77221995,-81.96231108,25,4,3
"Fairfield County, South Carolina",620,8/26/2020,South Carolina,Fairfield,45039,34.39287073,-81.1195624,,,
"Florence County, South Carolina",4103,8/26/2020,South Carolina,Florence,45041,34.02361754,-79.70189312,969,135,88
"Georgetown County, South Carolina",1691,8/26/2020,South Carolina,Georgetown,45043,33.43443342,-79.33202141,330,19,12
"Greenville County, South Carolina",11835,8/26/2020,South Carolina,Greenville,45045,34.89502264,-82.37295012,1526,150,98
"Greenwood County, South Carolina",1746,8/26/2020,South Carolina,Greenwood,45047,34.15272415,-82.12715789,332,25,16
"Hampton County, South Carolina",523,8/26/2020,South Carolina,Hampton,45049,32.77419582,-81.13845571,32,6,4
"Horry County, South Carolina",9186,8/26/2020,South Carolina,Horry,45051,33.9212828,-78.99555293,636,92,60
"Jasper County, South Carolina",678,8/26/2020,South Carolina,Jasper,45053,32.43171982,-81.02487495,41,4,3
"Kershaw County, South Carolina",1540,8/26/2020,South Carolina,Kershaw,45055,34.33988254,-80.58763164,101,10,6
"Lancaster County, South Carolina",1568,8/26/2020,South Carolina,Lancaster,45057,34.68270843,-80.70513032,208,20,13
"Laurens County, South Carolina",1451,8/26/2020,South Carolina,Laurens,45059,34.48244419,-82.00490796,47,9,6
"Lee County, South Carolina",624,8/26/2020,South Carolina,Lee,45061,34.16393091,-80.25690731,,,
"Lexington County, South Carolina",5524,8/26/2020,South Carolina,Lexington,45063,33.89665987,-81.27146426,603,39,25
"Marion County, South Carolina",656,8/26/2020,South Carolina,Marion,45067,34.07859748,-79.36400756,94,10,6
"Marlboro County, South Carolina",660,8/26/2020,South Carolina,Marlboro,45069,34.59905577,-79.67561152,,,
"McCormick County, South Carolina",155,8/26/2020,South Carolina,McCormick,45065,33.90161443,-82.30794338,,,
"Newberry County, South Carolina",934,8/26/2020,South Carolina,Newberry,45071,34.28629098,-81.59935761,48,7,5
"Oconee County, South Carolina",998,8/26/2020,South Carolina,Oconee,45073,34.75225169,-83.06742317,133,21,14
"Orangeburg County, South Carolina",2765,8/26/2020,South Carolina,Orangeburg,45075,33.4391073,-80.79886287,266,20,13
"Pickens County, South Carolina",2113,8/26/2020,South Carolina,Pickens,45077,34.88807695,-82.72791551,111,20,13
"Richland County, South Carolina",10179,8/26/2020,South Carolina,Richland,45079,34.01791263,-80.90267209,2074,144,94
"Saluda County, South Carolina",529,8/26/2020,South Carolina,Saluda,45081,34.00795823,-81.72713237,,,
"Spartanburg County, South Carolina",4804,8/26/2020,South Carolina,Spartanburg,45083,34.92960077,-81.99225984,947,49,32
"Sumter County, South Carolina",2779,8/26/2020,South Carolina,Sumter,45085,33.91826534,-80.37942316,247,17,11
"Union County, South Carolina",443,8/26/2020,South Carolina,Union,45087,34.68835752,-81.61730349,43,6,4
"Williamsburg County, South Carolina",1165,8/26/2020,South Carolina,Williamsburg,45089,33.62190129,-79.72767442,25,4,3
"York County, South Carolina",4081,8/26/2020,South Carolina,York,45091,34.97281497,-81.18085944,318,24,16
"Aurora County, South Dakota",42,8/26/2020,South Dakota,Aurora,46003,43.71757685,-98.56050467,,,
"Beadle County, South Dakota",620,8/26/2020,South Dakota,Beadle,46005,44.41464384,-98.27858469,25,6,4
"Bennett County, South Dakota",13,8/26/2020,South Dakota,Bennett,46007,43.19486375,-101.6665572,14,2,1
"Bon Homme County, South Dakota",39,8/26/2020,South Dakota,Bon Homme,46009,42.98914167,-97.88592746,50,8,5
"Brookings County, South Dakota",197,8/26/2020,South Dakota,Brookings,46011,44.36974375,-96.79079945,49,9,6
"Brown County, South Dakota",562,8/26/2020,South Dakota,Brown,46013,45.58994323,-98.35165355,97,14,9
"Brule County, South Dakota",50,8/26/2020,South Dakota,Brule,46015,43.71756379,-99.08118954,25,4,3
"Buffalo County, South Dakota",109,8/26/2020,South Dakota,Buffalo,46017,44.07657829,-99.20814467,,,
"Butte County, South Dakota",33,8/26/2020,South Dakota,Butte,46019,44.90608745,-103.5079318,,,
"Campbell County, South Dakota",4,8/26/2020,South Dakota,Campbell,46021,45.77074915,-100.0510181,,,
"Charles Mix County, South Dakota",116,8/26/2020,South Dakota,Charles Mix,46023,43.20660134,-98.58856175,37,6,4
"Clark County, South Dakota",18,8/26/2020,South Dakota,Clark,46025,44.85834507,-97.72925109,,,
"Clay County, South Dakota",176,8/26/2020,South Dakota,Clay,46027,42.91296147,-96.97656917,25,4,3
"Codington County, South Dakota",221,8/26/2020,South Dakota,Codington,46029,44.97788119,-97.18827677,81,8,5
"Corson County, South Dakota",52,8/26/2020,South Dakota,Corson,46031,45.70889983,-101.1970473,,,
"Custer County, South Dakota",92,8/26/2020,South Dakota,Custer,46033,43.67741105,-103.4534521,11,2,1
"Davison County, South Dakota",113,8/26/2020,South Dakota,Davison,46035,43.67490933,-98.14458906,50,8,5
"Day County, South Dakota",32,8/26/2020,South Dakota,Day,46037,45.367281,-97.60737498,20,3,2
"Deuel County, South Dakota",34,8/26/2020,South Dakota,Deuel,46039,44.75994309,-96.66943645,10,2,1
"Dewey County, South Dakota",68,8/26/2020,South Dakota,Dewey,46041,45.15639647,-100.8709139,,,
"Douglas County, South Dakota",22,8/26/2020,South Dakota,Douglas,46043,43.38520741,-98.36978007,11,2,1
"Edmunds County, South Dakota",26,8/26/2020,South Dakota,Edmunds,46045,45.41846445,-99.21545423,12,2,1
"Fall River County, South Dakota",27,8/26/2020,South Dakota,Fall River,46047,43.23929297,-103.5275691,25,4,3
"Faulk County, South Dakota",29,8/26/2020,South Dakota,Faulk,46049,45.07082625,-99.14535601,12,2,1
"Grant County, South Dakota",39,8/26/2020,South Dakota,Grant,46051,45.1723937,-96.77002276,25,4,3
"Gregory County, South Dakota",10,8/26/2020,South Dakota,Gregory,46053,43.19419064,-99.18883902,41,7,5
"Haakon County, South Dakota",3,8/26/2020,South Dakota,Haakon,46055,44.29299053,-101.539099,18,3,2
"Hamlin County, South Dakota",44,8/26/2020,South Dakota,Hamlin,46057,44.67385954,-97.18829593,,,
"Hand County, South Dakota",13,8/26/2020,South Dakota,Hand,46059,44.54708407,-99.00386459,25,4,3
"Hanson County, South Dakota",22,8/26/2020,South Dakota,Hanson,46061,43.6746384,-97.78715148,,,
"Harding County, South Dakota",2,8/26/2020,South Dakota,Harding,46063,45.58015551,-103.4958629,,,
"Hughes County, South Dakota",113,8/26/2020,South Dakota,Hughes,46065,44.39091534,-99.99661148,50,6,4
"Hutchinson County, South Dakota",35,8/26/2020,South Dakota,Hutchinson,46067,43.33449012,-97.75536441,50,8,5
"Hyde County, South Dakota",5,8/26/2020,South Dakota,Hyde,46069,44.54747703,-99.48572582,,,
"Jackson County, South Dakota",12,8/26/2020,South Dakota,Jackson,46071,43.69318385,-101.6255063,,,
"Jerauld County, South Dakota",40,8/26/2020,South Dakota,Jerauld,46073,44.06637798,-98.62965972,16,3,2
"Jones County, South Dakota",3,8/26/2020,South Dakota,Jones,46075,43.96278565,-100.6940008,,,
"Kingsbury County, South Dakota",18,8/26/2020,South Dakota,Kingsbury,46077,44.36956169,-97.4913945,6,1,1
"Lake County, South Dakota",109,8/26/2020,South Dakota,Lake,46079,44.02193107,-97.12926365,22,4,3
"Lawrence County, South Dakota",129,8/26/2020,South Dakota,Lawrence,46081,44.35919441,-103.7929428,45,5,3
"Lincoln County, South Dakota",805,8/26/2020,South Dakota,Lincoln,46083,43.27841182,-96.7203905,64,11,7
"Lyman County, South Dakota",95,8/26/2020,South Dakota,Lyman,46085,43.89522709,-99.85201878,,,
"Marshall County, South Dakota",16,8/26/2020,South Dakota,Marshall,46091,45.75870838,-97.59855639,20,3,2
"McCook County, South Dakota",39,8/26/2020,South Dakota,McCook,46087,43.6742571,-97.36863144,,,
"McPherson County, South Dakota",10,8/26/2020,South Dakota,McPherson,46089,45.76626028,-99.22118798,4,1,1
"Meade County, South Dakota",179,8/26/2020,South Dakota,Meade,46093,44.56676791,-102.7162741,79,3,2
"Mellette County, South Dakota",24,8/26/2020,South Dakota,Mellette,46095,43.58078848,-100.7563186,,,
"Miner County, South Dakota",15,8/26/2020,South Dakota,Miner,46097,44.02197882,-97.60992207,,,
"Minnehaha County, South Dakota",4954,8/26/2020,South Dakota,Minnehaha,46099,43.67441641,-96.7910885,1043,110,72
"Moody County, South Dakota",38,8/26/2020,South Dakota,Moody,46101,44.02266214,-96.67081159,18,3,2
"Oglala Lakota County, South Dakota",163,8/26/2020,South Dakota,Oglala Lakota,46102,43.33749164,-102.5555498,45,8,5
"Pennington County, South Dakota",1091,8/26/2020,South Dakota,Pennington,46103,44.0025835,-102.8240777,402,76,49
"Perkins County, South Dakota",9,8/26/2020,South Dakota,Perkins,46105,45.49049506,-102.4755586,,,
"Potter County, South Dakota",4,8/26/2020,South Dakota,Potter,46107,45.06583079,-99.95498503,10,2,1
"Roberts County, South Dakota",91,8/26/2020,South Dakota,Roberts,46109,45.62975048,-96.94672673,25,4,3
"Sanborn County, South Dakota",13,8/26/2020,South Dakota,Sanborn,46111,44.02351092,-98.0909816,,,
"Spink County, South Dakota",38,8/26/2020,South Dakota,Spink,46115,44.93837606,-98.34626602,23,4,3
"Stanley County, South Dakota",20,8/26/2020,South Dakota,Stanley,46117,44.41381872,-100.7349153,,,
"Sully County, South Dakota",8,8/26/2020,South Dakota,Sully,46119,44.71571812,-100.1278092,,,
"Todd County, South Dakota",77,8/26/2020,South Dakota,Todd,46121,43.19338568,-100.7195503,35,6,4
"Tripp County, South Dakota",20,8/26/2020,South Dakota,Tripp,46123,43.34459388,-99.8854891,25,4,3
"Turner County, South Dakota",70,8/26/2020,South Dakota,Turner,46125,43.3109081,-97.14865776,12,2,1
"Union County, South Dakota",237,8/26/2020,South Dakota,Union,46127,42.83112163,-96.6557828,38,7,5
"Walworth County, South Dakota",32,8/26/2020,South Dakota,Walworth,46129,45.43019636,-100.0307514,25,4,3
"Yankton County, South Dakota",185,8/26/2020,South Dakota,Yankton,46135,43.00924485,-97.39467635,168,12,8
"Ziebach County, South Dakota",46,8/26/2020,South Dakota,Ziebach,46137,44.97881876,-101.6654622,8,1,1
"Anderson County, Tennessee",847,8/26/2020,Tennessee,Anderson,47001,36.12684348,-84.19965764,220,25,16
"Bedford County, Tennessee",1076,8/26/2020,Tennessee,Bedford,47003,35.51123746,-86.45549096,44,8,5
"Benton County, Tennessee",231,8/26/2020,Tennessee,Benton,47005,36.07110411,-88.06849355,25,4,3
"Bledsoe County, Tennessee",770,8/26/2020,Tennessee,Bledsoe,47007,35.59942968,-85.20611967,25,4,3
"Blount County, Tennessee",1770,8/26/2020,Tennessee,Blount,47009,35.68938198,-83.92847788,348,8,5
"Bradley County, Tennessee",2398,8/26/2020,Tennessee,Bradley,47011,35.15739424,-84.857186,177,27,18
"Campbell County, Tennessee",311,8/26/2020,Tennessee,Campbell,47013,36.40355516,-84.1510856,82,10,6
"Cannon County, Tennessee",187,8/26/2020,Tennessee,Cannon,47015,35.80990797,-86.05738983,30,5,3
"Carroll County, Tennessee",530,8/26/2020,Tennessee,Carroll,47017,35.97366108,-88.45189331,42,7,5
"Carter County, Tennessee",770,8/26/2020,Tennessee,Carter,47019,36.28969086,-82.12588974,109,8,5
"Cheatham County, Tennessee",697,8/26/2020,Tennessee,Cheatham,47021,36.26136216,-87.08903581,12,2,1
"Chester County, Tennessee",351,8/26/2020,Tennessee,Chester,47023,35.42527478,-88.6095842,,,
"Claiborne County, Tennessee",345,8/26/2020,Tennessee,Claiborne,47025,36.48319149,-83.65947309,33,5,3
"Clay County, Tennessee",103,8/26/2020,Tennessee,Clay,47027,36.55151008,-85.53930419,,,
"Cocke County, Tennessee",619,8/26/2020,Tennessee,Cocke,47029,35.9278914,-83.11828725,32,5,3
"Coffee County, Tennessee",725,8/26/2020,Tennessee,Coffee,47031,35.49090731,-86.07311784,123,22,14
"Crockett County, Tennessee",364,8/26/2020,Tennessee,Crockett,47033,35.81830662,-89.14916269,,,
"Cumberland County, Tennessee",747,8/26/2020,Tennessee,Cumberland,47035,35.95271721,-84.99840585,73,12,8
"Davidson County, Tennessee",23056,8/26/2020,Tennessee,Davidson,47037,36.17007426,-86.78646056,3131,604,393
"DeKalb County, Tennessee",427,8/26/2020,Tennessee,DeKalb,47041,35.97616272,-85.83689361,52,4,3
"Decatur County, Tennessee",280,8/26/2020,Tennessee,Decatur,47039,35.60048904,-88.11043779,,,
"Dickson County, Tennessee",877,8/26/2020,Tennessee,Dickson,47043,36.14669837,-87.35891709,91,6,4
"Dyer County, Tennessee",887,8/26/2020,Tennessee,Dyer,47045,36.05931946,-89.41542855,109,14,9
"Fayette County, Tennessee",851,8/26/2020,Tennessee,Fayette,47047,35.19615831,-89.41399032,,,
"Fentress County, Tennessee",180,8/26/2020,Tennessee,Fentress,47049,36.38128818,-84.92870012,,,
"Franklin County, Tennessee",444,8/26/2020,Tennessee,Franklin,47051,35.15634626,-86.09201039,131,10,6
"Gibson County, Tennessee",1013,8/26/2020,Tennessee,Gibson,47053,35.99438059,-88.93358327,47,3,2
"Giles County, Tennessee",433,8/26/2020,Tennessee,Giles,47055,35.20222469,-87.03992678,81,6,4
"Grainger County, Tennessee",255,8/26/2020,Tennessee,Grainger,47057,36.27469206,-83.51254721,,,
"Greene County, Tennessee",759,8/26/2020,Tennessee,Greene,47059,36.17470125,-82.84691273,189,17,11
"Grundy County, Tennessee",143,8/26/2020,Tennessee,Grundy,47061,35.38433717,-85.72142731,,,
"Hamblen County, Tennessee",1609,8/26/2020,Tennessee,Hamblen,47063,36.21990035,-83.26586179,116,20,13
"Hamilton County, Tennessee",7689,8/26/2020,Tennessee,Hamilton,47065,35.17670231,-85.16652245,1703,188,122
"Hancock County, Tennessee",89,8/26/2020,Tennessee,Hancock,47067,36.52692871,-83.22375847,10,2,1
"Hardeman County, Tennessee",1194,8/26/2020,Tennessee,Hardeman,47069,35.20772017,-88.99161161,175,4,3
"Hardin County, Tennessee",642,8/26/2020,Tennessee,Hardin,47071,35.19732531,-88.18593755,49,9,6
"Hawkins County, Tennessee",643,8/26/2020,Tennessee,Hawkins,47073,36.44355426,-82.94885298,32,6,4
"Haywood County, Tennessee",713,8/26/2020,Tennessee,Haywood,47075,35.58332824,-89.28536625,,,
"Henderson County, Tennessee",805,8/26/2020,Tennessee,Henderson,47077,35.65581134,-88.38600175,36,6,4
"Henry County, Tennessee",424,8/26/2020,Tennessee,Henry,47079,36.33160906,-88.30121797,56,11,7
"Hickman County, Tennessee",356,8/26/2020,Tennessee,Hickman,47081,35.80609681,-87.47643507,25,4,3
"Houston County, Tennessee",79,8/26/2020,Tennessee,Houston,47083,36.28872054,-87.71878828,25,4,3
"Humphreys County, Tennessee",157,8/26/2020,Tennessee,Humphreys,47085,36.03958805,-87.77992872,25,4,3
"Jackson County, Tennessee",197,8/26/2020,Tennessee,Jackson,47087,36.36380466,-85.67239905,,,
"Jefferson County, Tennessee",738,8/26/2020,Tennessee,Jefferson,47089,36.04818632,-83.45148924,58,6,4
"Johnson County, Tennessee",396,8/26/2020,Tennessee,Johnson,47091,36.4552395,-81.84886538,2,1,1
"Knox County, Tennessee",5988,8/26/2020,Tennessee,Knox,47093,35.99508821,-83.94635435,1629,260,169
"Lake County, Tennessee",820,8/26/2020,Tennessee,Lake,47095,36.3418017,-89.48921915,,,
"Lauderdale County, Tennessee",700,8/26/2020,Tennessee,Lauderdale,47097,35.75893438,-89.6301591,25,4,3
"Lawrence County, Tennessee",721,8/26/2020,Tennessee,Lawrence,47099,35.21675201,-87.39787695,89,6,4
"Lewis County, Tennessee",120,8/26/2020,Tennessee,Lewis,47101,35.52853208,-87.49022694,,,
"Lincoln County, Tennessee",391,8/26/2020,Tennessee,Lincoln,47103,35.13738622,-86.58910106,49,6,4
"Loudon County, Tennessee",903,8/26/2020,Tennessee,Loudon,47105,35.73939663,-84.31145275,30,5,3
"Macon County, Tennessee",885,8/26/2020,Tennessee,Macon,47111,36.53157855,-86.00778595,25,4,3
"Madison County, Tennessee",1618,8/26/2020,Tennessee,Madison,47113,35.61181957,-88.84076036,863,89,58
"Marion County, Tennessee",308,8/26/2020,Tennessee,Marion,47115,35.12997174,-85.62265895,,,
"Marshall County, Tennessee",488,8/26/2020,Tennessee,Marshall,47117,35.45798777,-86.76420988,25,4,3
"Maury County, Tennessee",1648,8/26/2020,Tennessee,Maury,47119,35.6187413,-87.07462444,281,41,27
"McMinn County, Tennessee",742,8/26/2020,Tennessee,McMinn,47107,35.42812616,-84.61520715,88,4,3
"McNairy County, Tennessee",503,8/26/2020,Tennessee,McNairy,47109,35.17468549,-88.5647812,,,
"Meigs County, Tennessee",142,8/26/2020,Tennessee,Meigs,47121,35.51558739,-84.81482914,,,
"Monroe County, Tennessee",654,8/26/2020,Tennessee,Monroe,47123,35.44550387,-84.24902965,59,10,6
"Montgomery County, Tennessee",2377,8/26/2020,Tennessee,Montgomery,47125,36.49609412,-87.38550661,301,21,14
"Moore County, Tennessee",86,8/26/2020,Tennessee,Moore,47127,35.27724699,-86.36230578,,,
"Morgan County, Tennessee",187,8/26/2020,Tennessee,Morgan,47129,36.13248031,-84.64880098,,,
"Obion County, Tennessee",770,8/26/2020,Tennessee,Obion,47131,36.35732446,-89.14921589,63,11,7
"Overton County, Tennessee",387,8/26/2020,Tennessee,Overton,47133,36.34117832,-85.28989535,90,6,4
"Perry County, Tennessee",100,8/26/2020,Tennessee,Perry,47135,35.63708728,-87.86139634,21,4,3
"Pickett County, Tennessee",54,8/26/2020,Tennessee,Pickett,47137,36.55606529,-85.077633,,,
"Polk County, Tennessee",314,8/26/2020,Tennessee,Polk,47139,35.12245443,-84.52075859,,,
"Putnam County, Tennessee",2226,8/26/2020,Tennessee,Putnam,47141,36.14005459,-85.50646123,247,38,25
"Rhea County, Tennessee",627,8/26/2020,Tennessee,Rhea,47143,35.60536161,-84.93076643,25,3,2
"Roane County, Tennessee",597,8/26/2020,Tennessee,Roane,47145,35.84923189,-84.52458689,52,6,4
"Robertson County, Tennessee",1779,8/26/2020,Tennessee,Robertson,47147,36.52454807,-86.87346725,109,8,5
"Rutherford County, Tennessee",7620,8/26/2020,Tennessee,Rutherford,47149,35.84591405,-86.4107263,759,82,53
"Scott County, Tennessee",154,8/26/2020,Tennessee,Scott,47151,36.42325673,-84.50360494,25,4,3
"Sequatchie County, Tennessee",138,8/26/2020,Tennessee,Sequatchie,47153,35.36979721,-85.41022136,,,
"Sevier County, Tennessee",2181,8/26/2020,Tennessee,Sevier,47155,35.78077323,-83.52244332,58,16,10
"Shelby County, Tennessee",26334,8/26/2020,Tennessee,Shelby,47157,35.1864775,-89.89692423,3304,353,229
"Smith County, Tennessee",506,8/26/2020,Tennessee,Smith,47159,36.25359775,-85.95411046,25,2,1
"Stewart County, Tennessee",91,8/26/2020,Tennessee,Stewart,47161,36.50235092,-87.83920548,,,
"Sullivan County, Tennessee",1523,8/26/2020,Tennessee,Sullivan,47163,36.51240691,-82.30412917,851,101,66
"Sumner County, Tennessee",3939,8/26/2020,Tennessee,Sumner,47165,36.46824103,-86.45917204,255,38,25
"Tipton County, Tennessee",1356,8/26/2020,Tennessee,Tipton,47167,35.501942,-89.73694895,47,8,5
"Trousdale County, Tennessee",1592,8/26/2020,Tennessee,Trousdale,47169,36.39026213,-86.16087954,23,4,3
"Unicoi County, Tennessee",215,8/26/2020,Tennessee,Unicoi,47171,36.10890856,-82.43709629,10,3,2
"Union County, Tennessee",211,8/26/2020,Tennessee,Union,47173,36.28590426,-83.83651902,,,
"Van Buren County, Tennessee",59,8/26/2020,Tennessee,Van Buren,47175,35.69864497,-85.45221699,,,
"Warren County, Tennessee",780,8/26/2020,Tennessee,Warren,47177,35.6728299,-85.77969117,100,8,5
"Washington County, Tennessee",1641,8/26/2020,Tennessee,Washington,47179,36.29472368,-82.4945472,675,77,50
"Wayne County, Tennessee",271,8/26/2020,Tennessee,Wayne,47181,35.23868267,-87.78644456,30,5,3
"Weakley County, Tennessee",770,8/26/2020,Tennessee,Weakley,47183,36.29896232,-88.71990865,94,7,5
"White County, Tennessee",482,8/26/2020,Tennessee,White,47185,35.92929884,-85.45591799,32,4,3
"Williamson County, Tennessee",4210,8/26/2020,Tennessee,Williamson,47187,35.89099229,-86.89281867,305,29,19
"Wilson County, Tennessee",2712,8/26/2020,Tennessee,Wilson,47189,36.15496772,-86.29775884,170,12,8
"Anderson County, Texas",2453,8/26/2020,Texas,Anderson,48001,31.81534745,-95.65354823,150,10,6
"Andrews County, Texas",357,8/26/2020,Texas,Andrews,48003,32.30468633,-102.6376548,30,5,3
"Angelina County, Texas",1968,8/26/2020,Texas,Angelina,48005,31.25457347,-94.60901487,367,43,28
"Aransas County, Texas",198,8/26/2020,Texas,Aransas,48007,28.10556197,-96.9995047,,,
"Archer County, Texas",42,8/26/2020,Texas,Archer,48009,33.61569967,-98.68754589,,,
"Armstrong County, Texas",11,8/26/2020,Texas,Armstrong,48011,34.96507426,-101.3574874,,,
"Atascosa County, Texas",558,8/26/2020,Texas,Atascosa,48013,28.89333001,-98.52730485,67,6,4
"Austin County, Texas",401,8/26/2020,Texas,Austin,48015,29.88548725,-96.27736949,32,6,4
"Bailey County, Texas",199,8/26/2020,Texas,Bailey,48017,34.06854817,-102.8299707,25,4,3
"Bandera County, Texas",106,8/26/2020,Texas,Bandera,48019,29.74619598,-99.24598147,,,
"Bastrop County, Texas",1561,8/26/2020,Texas,Bastrop,48021,30.10370699,-97.31206354,8,1,1
"Baylor County, Texas",13,8/26/2020,Texas,Baylor,48023,33.61640794,-99.21352901,27,5,3
"Bee County, Texas",1490,8/26/2020,Texas,Bee,48025,28.41761668,-97.74215593,40,8,5
"Bell County, Texas",4679,8/26/2020,Texas,Bell,48027,31.03736027,-97.4785025,1256,95,62
"Bexar County, Texas",45622,8/26/2020,Texas,Bexar,48029,29.44928723,-98.52019748,6809,659,428
"Blanco County, Texas",124,8/26/2020,Texas,Blanco,48031,30.26640707,-98.3999852,,,
"Borden County, Texas",0,8/26/2020,Texas,Borden,48033,32.74363984,-101.4316509,,,
"Bosque County, Texas",206,8/26/2020,Texas,Bosque,48035,31.89978581,-97.63613524,25,4,3
"Bowie County, Texas",914,8/26/2020,Texas,Bowie,48037,33.44626922,-94.41834132,679,71,46
"Brazoria County, Texas",8886,8/26/2020,Texas,Brazoria,48039,29.18757369,-95.44563172,183,19,12
"Brazos County, Texas",4481,8/26/2020,Texas,Brazos,48041,30.6636448,-96.30205577,507,85,55
"Brewster County, Texas",189,8/26/2020,Texas,Brewster,48043,29.81008251,-103.2520326,25,3,2
"Briscoe County, Texas",12,8/26/2020,Texas,Briscoe,48045,34.53026962,-101.2084947,,,
"Brooks County, Texas",197,8/26/2020,Texas,Brooks,48047,27.03103197,-98.21808402,,,
"Brown County, Texas",461,8/26/2020,Texas,Brown,48049,31.77430356,-98.99907113,63,12,8
"Burleson County, Texas",275,8/26/2020,Texas,Burleson,48051,30.49273808,-96.62158484,15,3,2
"Burnet County, Texas",628,8/26/2020,Texas,Burnet,48053,30.78801353,-98.181887,71,12,8
"Caldwell County, Texas",1226,8/26/2020,Texas,Caldwell,48055,29.83668859,-97.61814775,57,10,6
"Calhoun County, Texas",589,8/26/2020,Texas,Calhoun,48057,28.47048236,-96.61633945,25,6,4
"Callahan County, Texas",62,8/26/2020,Texas,Callahan,48059,32.29760619,-99.37326312,,,
"Cameron County, Texas",20335,8/26/2020,Texas,Cameron,48061,26.14524221,-97.48140372,1177,105,68
"Camp County, Texas",290,8/26/2020,Texas,Camp,48063,32.97195142,-94.97790104,25,4,3
"Carson County, Texas",17,8/26/2020,Texas,Carson,48065,35.40365929,-101.3542669,,,
"Cass County, Texas",246,8/26/2020,Texas,Cass,48067,33.07499881,-94.34646905,,,
"Castro County, Texas",220,8/26/2020,Texas,Castro,48069,34.53016752,-102.2617243,17,3,2
"Chambers County, Texas",1123,8/26/2020,Texas,Chambers,48071,29.70972016,-94.67154501,14,2,1
"Cherokee County, Texas",1377,8/26/2020,Texas,Cherokee,48073,31.837258,-95.16559897,346,10,6
"Childress County, Texas",55,8/26/2020,Texas,Childress,48075,34.5293041,-100.2077916,37,7,5
"Clay County, Texas",61,8/26/2020,Texas,Clay,48077,33.78686685,-98.20771198,25,4,3
"Cochran County, Texas",37,8/26/2020,Texas,Cochran,48079,33.60425307,-102.8284499,18,3,2
"Coke County, Texas",48,8/26/2020,Texas,Coke,48081,31.88911733,-100.5297533,,,
"Coleman County, Texas",47,8/26/2020,Texas,Coleman,48083,31.76736834,-99.45240766,25,4,3
"Collin County, Texas",10570,8/26/2020,Texas,Collin,48085,33.18820114,-96.57264368,2162,276,179
"Collingsworth County, Texas",15,8/26/2020,Texas,Collingsworth,48087,34.96489496,-100.2700111,13,2,1
"Colorado County, Texas",421,8/26/2020,Texas,Colorado,48089,29.622098,-96.5273805,61,11,7
"Comal County, Texas",2293,8/26/2020,Texas,Comal,48091,29.80811278,-98.27647225,192,24,16
"Comanche County, Texas",207,8/26/2020,Texas,Comanche,48093,31.94854689,-98.55876441,25,4,3
"Concho County, Texas",42,8/26/2020,Texas,Concho,48095,31.32635934,-99.86473038,16,3,2
"Cooke County, Texas",300,8/26/2020,Texas,Cooke,48097,33.63979567,-97.21240912,54,8,5
"Coryell County, Texas",793,8/26/2020,Texas,Coryell,48099,31.39078397,-97.79936155,25,4,3
"Cottle County, Texas",18,8/26/2020,Texas,Cottle,48101,34.07783319,-100.2785062,,,
"Crane County, Texas",70,8/26/2020,Texas,Crane,48103,31.43052248,-102.5143314,25,4,3
"Crockett County, Texas",161,8/26/2020,Texas,Crockett,48105,30.72367027,-101.4134238,,,
"Crosby County, Texas",81,8/26/2020,Texas,Crosby,48107,33.61431553,-101.3000364,2,4,3
"Culberson County, Texas",23,8/26/2020,Texas,Culberson,48109,31.44506775,-104.5185739,14,2,1
"Dallam County, Texas",206,8/26/2020,Texas,Dallam,48111,36.27787176,-102.6020725,,,
"Dallas County, Texas",69881,8/26/2020,Texas,Dallas,48113,32.76670599,-96.7779605,7137,755,491
"Dawson County, Texas",190,8/26/2020,Texas,Dawson,48115,32.74255572,-101.9477242,22,4,3
"DeWitt County, Texas",798,8/26/2020,Texas,DeWitt,48123,29.08101855,-97.3568117,44,8,5
"Deaf Smith County, Texas",785,8/26/2020,Texas,Deaf Smith,48117,34.96522957,-102.6054267,32,5,3
"Delta County, Texas",17,8/26/2020,Texas,Delta,48119,33.38570922,-95.66921122,,,
"Denton County, Texas",9544,8/26/2020,Texas,Denton,48121,33.20521901,-97.11691153,1200,156,101
"Dickens County, Texas",16,8/26/2020,Texas,Dickens,48125,33.61616822,-100.7788855,,,
"Dimmit County, Texas",176,8/26/2020,Texas,Dimmit,48127,28.42270064,-99.75645095,25,4,3
"Donley County, Texas",53,8/26/2020,Texas,Donley,48129,34.96517499,-100.8140093,,,
"Duval County, Texas",234,8/26/2020,Texas,Duval,48131,27.68184592,-98.50864568,,,
"Eastland County, Texas",109,8/26/2020,Texas,Eastland,48133,32.32743996,-98.83243566,36,6,4
"Ector County, Texas",4134,8/26/2020,Texas,Ector,48135,31.86898877,-102.5429428,510,34,22
"Edwards County, Texas",34,8/26/2020,Texas,Edwards,48137,29.98202582,-100.304252,,,
"El Paso County, Texas",19753,8/26/2020,Texas,El Paso,48141,31.76980765,-106.2363275,2284,246,160
"Ellis County, Texas",3670,8/26/2020,Texas,Ellis,48139,32.34894117,-96.79371841,166,18,12
"Erath County, Texas",647,8/26/2020,Texas,Erath,48143,32.23602653,-98.21773417,50,5,3
"Falls County, Texas",158,8/26/2020,Texas,Falls,48145,31.25350609,-96.93630086,36,6,4
"Fannin County, Texas",566,8/26/2020,Texas,Fannin,48147,33.59564294,-96.10751083,317,2,1
"Fayette County, Texas",450,8/26/2020,Texas,Fayette,48149,29.87788372,-96.92076062,38,7,5
"Fisher County, Texas",52,8/26/2020,Texas,Fisher,48151,32.74281316,-100.4019302,14,2,1
"Floyd County, Texas",98,8/26/2020,Texas,Floyd,48153,34.07227468,-101.3031546,25,4,3
"Foard County, Texas",3,8/26/2020,Texas,Foard,48155,33.97308618,-99.7767797,,,
"Fort Bend County, Texas",14761,8/26/2020,Texas,Fort Bend,48157,29.52704478,-95.77219463,1092,128,83
"Franklin County, Texas",107,8/26/2020,Texas,Franklin,48159,33.17653242,-95.21917243,,,
"Freestone County, Texas",378,8/26/2020,Texas,Freestone,48161,31.70422788,-96.15072516,37,6,4
"Frio County, Texas",623,8/26/2020,Texas,Frio,48163,28.86751206,-99.10804207,24,4,3
"Gaines County, Texas",239,8/26/2020,Texas,Gaines,48165,32.74055318,-102.6353295,25,4,3
"Galveston County, Texas",10430,8/26/2020,Texas,Galveston,48167,29.40167322,-94.90469073,815,38,25
"Garza County, Texas",101,8/26/2020,Texas,Garza,48169,33.17969345,-101.2984114,,,
"Gillespie County, Texas",197,8/26/2020,Texas,Gillespie,48171,30.31824095,-98.94676915,57,10,6
"Glasscock County, Texas",6,8/26/2020,Texas,Glasscock,48173,31.86942909,-101.5207776,,,
"Goliad County, Texas",121,8/26/2020,Texas,Goliad,48175,28.65696592,-97.42760647,,,
"Gonzales County, Texas",805,8/26/2020,Texas,Gonzales,48177,29.45634206,-97.49424032,34,6,4
"Gray County, Texas",242,8/26/2020,Texas,Gray,48179,35.40081878,-100.8129222,97,8,5
"Grayson County, Texas",1408,8/26/2020,Texas,Grayson,48181,33.62744998,-96.67753461,663,73,47
"Gregg County, Texas",1824,8/26/2020,Texas,Gregg,48183,32.47940482,-94.81591935,644,62,40
"Grimes County, Texas",977,8/26/2020,Texas,Grimes,48185,30.54579585,-95.98902499,18,3,2
"Guadalupe County, Texas",1882,8/26/2020,Texas,Guadalupe,48187,29.58165339,-97.94786822,117,9,6
"Hale County, Texas",1584,8/26/2020,Texas,Hale,48189,34.07044901,-101.8268114,69,5,3
"Hall County, Texas",17,8/26/2020,Texas,Hall,48191,34.5307555,-100.6813852,,,
"Hamilton County, Texas",98,8/26/2020,Texas,Hamilton,48193,31.70470573,-98.11083887,25,7,5
"Hansford County, Texas",101,8/26/2020,Texas,Hansford,48195,36.27743284,-101.3545796,14,2,1
"Hardeman County, Texas",22,8/26/2020,Texas,Hardeman,48197,34.28944521,-99.74632408,24,4,3
"Hardin County, Texas",1254,8/26/2020,Texas,Hardin,48199,30.33364686,-94.38931817,0,0,0
"Harris County, Texas",101077,8/26/2020,Texas,Harris,48201,29.85864939,-95.39339521,13113,1626,1057
"Harrison County, Texas",783,8/26/2020,Texas,Harrison,48203,32.54935988,-94.36934071,149,42,27
"Hartley County, Texas",99,8/26/2020,Texas,Hartley,48205,35.84008013,-102.6029022,21,4,3
"Haskell County, Texas",52,8/26/2020,Texas,Haskell,48207,33.17823584,-99.73037358,25,4,3
"Hays County, Texas",5322,8/26/2020,Texas,Hays,48209,30.05669873,-98.02944344,391,79,51
"Hemphill County, Texas",53,8/26/2020,Texas,Hemphill,48211,35.83764858,-100.2703577,15,3,2
"Henderson County, Texas",771,8/26/2020,Texas,Henderson,48213,32.21128872,-95.85846587,127,10,6
"Hidalgo County, Texas",26606,8/26/2020,Texas,Hidalgo,48215,26.39418217,-98.18299696,1185,260,169
"Hill County, Texas",361,8/26/2020,Texas,Hill,48217,31.99045053,-97.13423143,25,4,3
"Hockley County, Texas",253,8/26/2020,Texas,Hockley,48219,33.60771256,-102.3431676,48,8,5
"Hood County, Texas",737,8/26/2020,Texas,Hood,48221,32.42990927,-97.83242024,48,12,8
"Hopkins County, Texas",238,8/26/2020,Texas,Hopkins,48223,33.14875072,-95.56351139,56,14,9
"Houston County, Texas",531,8/26/2020,Texas,Houston,48225,31.31925973,-95.42226208,25,4,3
"Howard County, Texas",260,8/26/2020,Texas,Howard,48227,32.30621324,-101.4356444,219,8,5
"Hudspeth County, Texas",37,8/26/2020,Texas,Hudspeth,48229,31.45628381,-105.388178,,,
"Hunt County, Texas",1383,8/26/2020,Texas,Hunt,48231,33.12351514,-96.08551032,185,16,10
"Hutchinson County, Texas",144,8/26/2020,Texas,Hutchinson,48233,35.84006574,-101.3546643,25,4,3
"Irion County, Texas",9,8/26/2020,Texas,Irion,48235,31.30375559,-100.982439,,,
"Jack County, Texas",119,8/26/2020,Texas,Jack,48237,33.23377248,-98.17283469,17,3,2
"Jackson County, Texas",492,8/26/2020,Texas,Jackson,48239,28.95472367,-96.57749563,25,4,3
"Jasper County, Texas",393,8/26/2020,Texas,Jasper,48241,30.74685667,-94.02667579,40,6,4
"Jeff Davis County, Texas",8,8/26/2020,Texas,Jeff Davis,48243,30.71490589,-104.1399973,,,
"Jefferson County, Texas",6569,8/26/2020,Texas,Jefferson,48245,29.8832777,-94.16434171,1149,143,93
"Jim Hogg County, Texas",75,8/26/2020,Texas,Jim Hogg,48247,27.04453923,-98.6968187,,,
"Jim Wells County, Texas",957,8/26/2020,Texas,Jim Wells,48249,27.73103938,-98.0904705,72,8,5
"Johnson County, Texas",2451,8/26/2020,Texas,Johnson,48251,32.37877812,-97.36615819,92,7,5
"Jones County, Texas",602,8/26/2020,Texas,Jones,48253,32.73997145,-99.87861576,7,1,1
"Karnes County, Texas",732,8/26/2020,Texas,Karnes,48255,28.90705334,-97.85960149,25,4,3
"Kaufman County, Texas",2705,8/26/2020,Texas,Kaufman,48257,32.5991417,-96.28734728,351,8,5
"Kendall County, Texas",199,8/26/2020,Texas,Kendall,48259,29.94414155,-98.7113588,,,
"Kenedy County, Texas",7,8/26/2020,Texas,Kenedy,48261,26.92601662,-97.66413984,,,
"Kent County, Texas",7,8/26/2020,Texas,Kent,48263,33.18104136,-100.7780939,,,
"Kerr County, Texas",431,8/26/2020,Texas,Kerr,48265,30.06040006,-99.34930144,528,12,8
"Kimble County, Texas",16,8/26/2020,Texas,Kimble,48267,30.48678918,-99.74856473,15,3,2
"King County, Texas",0,8/26/2020,Texas,King,48269,33.61643847,-100.2558057,,,
"Kinney County, Texas",22,8/26/2020,Texas,Kinney,48271,29.34967888,-100.4186638,,,
"Kleberg County, Texas",591,8/26/2020,Texas,Kleberg,48273,27.42435506,-97.69894948,50,10,6
"Knox County, Texas",64,8/26/2020,Texas,Knox,48275,33.60519951,-99.7422906,28,5,3
"La Salle County, Texas",366,8/26/2020,Texas,La Salle,48283,28.34453111,-99.09908775,,,
"Lamar County, Texas",791,8/26/2020,Texas,Lamar,48277,33.66981763,-95.57404777,154,20,13
"Lamb County, Texas",272,8/26/2020,Texas,Lamb,48279,34.06859623,-102.3516289,42,7,5
"Lampasas County, Texas",146,8/26/2020,Texas,Lampasas,48281,31.19531316,-98.24206613,25,4,3
"Lavaca County, Texas",670,8/26/2020,Texas,Lavaca,48285,29.38508402,-96.93186692,50,7,5
"Lee County, Texas",191,8/26/2020,Texas,Lee,48287,30.31120597,-96.97045773,,,
"Leon County, Texas",173,8/26/2020,Texas,Leon,48289,31.29872538,-95.9936328,,,
"Liberty County, Texas",1665,8/26/2020,Texas,Liberty,48291,30.15152688,-94.81205615,41,8,5
"Limestone County, Texas",396,8/26/2020,Texas,Limestone,48293,31.5454767,-96.58095444,69,9,6
"Lipscomb County, Texas",23,8/26/2020,Texas,Lipscomb,48295,36.27783108,-100.2733151,,,
"Live Oak County, Texas",330,8/26/2020,Texas,Live Oak,48297,28.35101362,-98.1246786,,,
"Llano County, Texas",100,8/26/2020,Texas,Llano,48299,30.70645047,-98.68475262,25,4,3
"Loving County, Texas",0,8/26/2020,Texas,Loving,48301,31.84947612,-103.5818571,,,
"Lubbock County, Texas",6975,8/26/2020,Texas,Lubbock,48303,33.61008596,-101.8204789,1954,338,220
"Lynn County, Texas",76,8/26/2020,Texas,Lynn,48305,33.17657705,-101.8162849,24,4,3
"Madison County, Texas",836,8/26/2020,Texas,Madison,48313,30.96694679,-95.93003775,15,3,2
"Marion County, Texas",139,8/26/2020,Texas,Marion,48315,32.79868409,-94.3566123,,,
"Martin County, Texas",70,8/26/2020,Texas,Martin,48317,32.30600051,-101.9513518,18,3,2
"Mason County, Texas",68,8/26/2020,Texas,Mason,48319,30.71780434,-99.22629416,,,
"Matagorda County, Texas",891,8/26/2020,Texas,Matagorda,48321,28.81955746,-96.01230294,63,9,6
"Maverick County, Texas",3228,8/26/2020,Texas,Maverick,48323,28.7429195,-100.3157686,86,10,6
"McCulloch County, Texas",82,8/26/2020,Texas,McCulloch,48307,31.1925468,-99.34682807,14,6,4
"McLennan County, Texas",5907,8/26/2020,Texas,McLennan,48309,31.55255453,-97.20217694,583,42,27
"McMullen County, Texas",11,8/26/2020,Texas,McMullen,48311,28.35251708,-98.56769164,,,
"Medina County, Texas",1101,8/26/2020,Texas,Medina,48325,29.3557301,-99.11030298,25,4,3
"Menard County, Texas",20,8/26/2020,Texas,Menard,48327,30.88990665,-99.8204794,,,
"Midland County, Texas",3166,8/26/2020,Texas,Midland,48329,31.86904128,-102.0315682,368,40,26
"Milam County, Texas",409,8/26/2020,Texas,Milam,48331,30.7858183,-96.97718698,,,
"Mills County, Texas",31,8/26/2020,Texas,Mills,48333,31.49557106,-98.59272068,,,
"Mitchell County, Texas",73,8/26/2020,Texas,Mitchell,48335,32.30623474,-100.9212058,25,4,3
"Montague County, Texas",112,8/26/2020,Texas,Montague,48337,33.67521893,-97.72500958,18,3,2
"Montgomery County, Texas",8515,8/26/2020,Texas,Montgomery,48339,30.30079133,-95.50572772,1732,212,138
"Moore County, Texas",1112,8/26/2020,Texas,Moore,48341,35.83769242,-101.8930281,19,3,2
"Morris County, Texas",147,8/26/2020,Texas,Morris,48343,33.11304005,-94.73255695,,,
"Motley County, Texas",6,8/26/2020,Texas,Motley,48345,34.07408766,-100.779722,,,
"Nacogdoches County, Texas",1305,8/26/2020,Texas,Nacogdoches,48347,31.62017125,-94.61803994,297,27,18
"Navarro County, Texas",1048,8/26/2020,Texas,Navarro,48349,32.04620681,-96.47428766,49,9,6
"Newton County, Texas",162,8/26/2020,Texas,Newton,48351,30.78548982,-93.74408813,,,
"Nolan County, Texas",147,8/26/2020,Texas,Nolan,48353,32.30365282,-100.4060208,39,5,3
"Nueces County, Texas",18444,8/26/2020,Texas,Nueces,48355,27.736286,-97.5433285,1024,123,80
"Ochiltree County, Texas",104,8/26/2020,Texas,Ochiltree,48357,36.27829105,-100.8158184,25,4,3
"Oldham County, Texas",14,8/26/2020,Texas,Oldham,48359,35.40425596,-102.6027606,,,
"Orange County, Texas",1817,8/26/2020,Texas,Orange,48361,30.11879481,-93.89412775,,,
"Palo Pinto County, Texas",413,8/26/2020,Texas,Palo Pinto,48363,32.75310985,-98.31319001,48,8,5
"Panola County, Texas",309,8/26/2020,Texas,Panola,48365,32.1639596,-94.30552481,42,7,5
"Parker County, Texas",1615,8/26/2020,Texas,Parker,48367,32.77757172,-97.80500621,108,20,13
"Parmer County, Texas",380,8/26/2020,Texas,Parmer,48369,34.52993409,-102.7844668,25,4,3
"Pecos County, Texas",287,8/26/2020,Texas,Pecos,48371,30.78097267,-102.7241261,39,6,4
"Polk County, Texas",774,8/26/2020,Texas,Polk,48373,30.79472531,-94.8276624,52,8,5
"Potter County, Texas",3981,8/26/2020,Texas,Potter,48375,35.40133773,-101.893964,873,125,81
"Presidio County, Texas",49,8/26/2020,Texas,Presidio,48377,29.99954402,-104.2408079,,,
"Rains County, Texas",58,8/26/2020,Texas,Rains,48379,32.87109387,-95.79232691,,,
"Randall County, Texas",2102,8/26/2020,Texas,Randall,48381,34.96585996,-101.8971322,,,
"Reagan County, Texas",78,8/26/2020,Texas,Reagan,48383,31.36607041,-101.5232659,7,1,1
"Real County, Texas",101,8/26/2020,Texas,Real,48385,29.83321503,-99.82018052,,,
"Red River County, Texas",144,8/26/2020,Texas,Red River,48387,33.61886692,-95.04841765,,,
"Reeves County, Texas",169,8/26/2020,Texas,Reeves,48389,31.32323325,-103.6903896,25,4,3
"Refugio County, Texas",254,8/26/2020,Texas,Refugio,48391,28.3238976,-97.15766311,20,3,2
"Roberts County, Texas",8,8/26/2020,Texas,Roberts,48393,35.83809685,-100.813175,,,
"Robertson County, Texas",247,8/26/2020,Texas,Robertson,48395,31.02539637,-96.51272246,,,
"Rockwall County, Texas",1284,8/26/2020,Texas,Rockwall,48397,32.89779518,-96.40771592,182,21,14
"Runnels County, Texas",183,8/26/2020,Texas,Runnels,48399,31.8314342,-99.97616148,31,6,4
"Rusk County, Texas",700,8/26/2020,Texas,Rusk,48401,32.10773545,-94.76176432,41,7,5
"Sabine County, Texas",72,8/26/2020,Texas,Sabine,48403,31.34318809,-93.85440451,25,4,3
"San Augustine County, Texas",186,8/26/2020,Texas,San Augustine,48405,31.39457611,-94.17000399,9,2,1
"San Jacinto County, Texas",198,8/26/2020,Texas,San Jacinto,48407,30.57933681,-95.16260304,,,
"San Patricio County, Texas",1226,8/26/2020,Texas,San Patricio,48409,28.00880118,-97.51763891,,,
"San Saba County, Texas",34,8/26/2020,Texas,San Saba,48411,31.1577796,-98.81758731,,,
"Schleicher County, Texas",38,8/26/2020,Texas,Schleicher,48413,30.89740592,-100.5384842,14,2,1
"Scurry County, Texas",532,8/26/2020,Texas,Scurry,48415,32.74613808,-100.9162664,25,4,3
"Shackelford County, Texas",23,8/26/2020,Texas,Shackelford,48417,32.73587756,-99.35401337,,,
"Shelby County, Texas",430,8/26/2020,Texas,Shelby,48419,31.79211404,-94.14550696,,,
"Sherman County, Texas",53,8/26/2020,Texas,Sherman,48421,36.27751473,-101.8933156,,,
"Smith County, Texas",3136,8/26/2020,Texas,Smith,48423,32.37474036,-95.2717568,1614,306,199
"Somervell County, Texas",114,8/26/2020,Texas,Somervell,48425,32.22236802,-97.77403489,16,3,2
"Starr County, Texas",2624,8/26/2020,Texas,Starr,48427,26.56150059,-98.73892358,48,8,5
"Stephens County, Texas",113,8/26/2020,Texas,Stephens,48429,32.73553157,-98.83631615,14,2,1
"Sterling County, Texas",1,8/26/2020,Texas,Sterling,48431,31.82781912,-101.0500746,,,
"Stonewall County, Texas",9,8/26/2020,Texas,Stonewall,48433,33.17906744,-100.2538401,20,3,2
"Sutton County, Texas",76,8/26/2020,Texas,Sutton,48435,30.49856623,-100.5382014,12,2,1
"Swisher County, Texas",91,8/26/2020,Texas,Swisher,48437,34.53028891,-101.7349174,20,3,2
"Tarrant County, Texas",38283,8/26/2020,Texas,Tarrant,48439,32.77143818,-97.29101614,5683,744,484
"Taylor County, Texas",1254,8/26/2020,Texas,Taylor,48441,32.30163422,-99.89007449,733,71,46
"Terrell County, Texas",3,8/26/2020,Texas,Terrell,48443,30.22429013,-102.0766732,,,
"Terry County, Texas",194,8/26/2020,Texas,Terry,48445,33.17402785,-102.3354521,26,5,3
"Throckmorton County, Texas",4,8/26/2020,Texas,Throckmorton,48447,33.17751417,-99.21226795,14,2,1
"Titus County, Texas",1436,8/26/2020,Texas,Titus,48449,33.21339719,-94.96797273,49,8,5
"Tom Green County, Texas",3138,8/26/2020,Texas,Tom Green,48451,31.40464436,-100.462443,563,29,19
"Travis County, Texas",26117,8/26/2020,Texas,Travis,48453,30.33432034,-97.7853562,2930,430,280
"Trinity County, Texas",173,8/26/2020,Texas,Trinity,48455,31.0879489,-95.1367187,,,
"Tyler County, Texas",175,8/26/2020,Texas,Tyler,48457,30.77031716,-94.37690895,25,4,3
"Upshur County, Texas",318,8/26/2020,Texas,Upshur,48459,32.73706798,-94.93999853,,,
"Upton County, Texas",18,8/26/2020,Texas,Upton,48461,31.36868194,-102.0423217,26,5,3
"Uvalde County, Texas",663,8/26/2020,Texas,Uvalde,48463,29.35739637,-99.76229172,21,6,4
"Val Verde County, Texas",1881,8/26/2020,Texas,Val Verde,48465,29.89149232,-101.1525205,47,7,5
"Van Zandt County, Texas",508,8/26/2020,Texas,Van Zandt,48467,32.56483801,-95.83766469,,,
"Victoria County, Texas",3755,8/26/2020,Texas,Victoria,48469,28.79780988,-96.96813006,588,83,54
"Walker County, Texas",3426,8/26/2020,Texas,Walker,48471,30.73872995,-95.57440968,90,6,4
"Waller County, Texas",639,8/26/2020,Texas,Waller,48473,30.01058447,-95.99011759,,,
"Ward County, Texas",103,8/26/2020,Texas,Ward,48475,31.50999644,-103.0927909,21,4,3
"Washington County, Texas",560,8/26/2020,Texas,Washington,48477,30.21498498,-96.40946246,50,5,3
"Webb County, Texas",10417,8/26/2020,Texas,Webb,48479,27.7610369,-99.33237355,525,65,42
"Wharton County, Texas",1165,8/26/2020,Texas,Wharton,48481,29.27765923,-96.22319248,26,36,23
"Wheeler County, Texas",41,8/26/2020,Texas,Wheeler,48483,35.40114335,-100.2699514,41,7,5
"Wichita County, Texas",1242,8/26/2020,Texas,Wichita,48485,33.98842886,-98.7041034,812,28,18
"Wilbarger County, Texas",100,8/26/2020,Texas,Wilbarger,48487,34.07945812,-99.24178437,28,8,5
"Willacy County, Texas",822,8/26/2020,Texas,Willacy,48489,26.47411727,-97.61535848,,,
"Williamson County, Texas",7820,8/26/2020,Texas,Williamson,48491,30.64655664,-97.6004854,868,157,102
"Wilson County, Texas",533,8/26/2020,Texas,Wilson,48493,29.1732598,-98.08693082,44,4,3
"Winkler County, Texas",88,8/26/2020,Texas,Winkler,48495,31.85008651,-103.0485163,19,3,2
"Wise County, Texas",624,8/26/2020,Texas,Wise,48497,33.21570665,-97.65460265,49,21,14
"Wood County, Texas",392,8/26/2020,Texas,Wood,48499,32.78722382,-95.38236368,48,8,5
"Yoakum County, Texas",141,8/26/2020,Texas,Yoakum,48501,33.17320212,-102.8276433,24,4,3
"Young County, Texas",213,8/26/2020,Texas,Young,48503,33.17659707,-98.68790885,50,8,5
"Zapata County, Texas",247,8/26/2020,Texas,Zapata,48505,27.00156391,-99.16987152,,,
"Zavala County, Texas",259,8/26/2020,Texas,Zavala,48507,28.86617238,-99.76050829,,,
"Beaver County, Utah",0,8/26/2020,Utah,Beaver,49001,38.35657051,-113.2342232,48,5,3
"Box Elder County, Utah",0,8/26/2020,Utah,Box Elder,49003,41.52106798,-113.0832816,56,10,6
"Cache County, Utah",0,8/26/2020,Utah,Cache,49005,41.72330587,-111.7443667,135,18,12
"Carbon County, Utah",0,8/26/2020,Utah,Carbon,49007,39.64834818,-110.5872512,39,6,4
"Daggett County, Utah",0,8/26/2020,Utah,Daggett,49009,40.88798265,-109.5121093,,,
"Davis County, Utah",3708,8/26/2020,Utah,Davis,49011,40.99001837,-112.1139997,328,37,24
"Duchesne County, Utah",0,8/26/2020,Utah,Duchesne,49013,40.29772254,-110.425237,32,4,3
"Emery County, Utah",0,8/26/2020,Utah,Emery,49015,38.99617072,-110.7013958,,,
"Garfield County, Utah",0,8/26/2020,Utah,Garfield,49017,37.85447192,-111.4418764,15,3,2
"Grand County, Utah",0,8/26/2020,Utah,Grand,49019,38.98103848,-109.5704487,17,3,2
"Iron County, Utah",0,8/26/2020,Utah,Iron,49021,37.8590362,-113.2897381,48,6,4
"Juab County, Utah",0,8/26/2020,Utah,Juab,49023,39.70208397,-112.7809245,25,4,3
"Kane County, Utah",0,8/26/2020,Utah,Kane,49025,37.28507306,-111.8861752,25,4,3
"Millard County, Utah",0,8/26/2020,Utah,Millard,49027,39.0729209,-113.1020328,25,6,4
"Morgan County, Utah",0,8/26/2020,Utah,Morgan,49029,41.08830262,-111.5727723,,,
"Piute County, Utah",0,8/26/2020,Utah,Piute,49031,38.33815254,-112.1249591,,,
"Rich County, Utah",0,8/26/2020,Utah,Rich,49033,41.63137678,-111.2445105,,,
"Salt Lake County, Utah",23186,8/26/2020,Utah,Salt Lake,49035,40.66616532,-111.9216011,2914,312,203
"San Juan County, Utah",663,8/26/2020,Utah,San Juan,49037,37.62762978,-109.8033714,32,3,2
"Sanpete County, Utah",0,8/26/2020,Utah,Sanpete,49039,39.37231946,-111.5758676,43,7,5
"Sevier County, Utah",0,8/26/2020,Utah,Sevier,49041,38.74837146,-111.8050275,24,4,3
"Summit County, Utah",828,8/26/2020,Utah,Summit,49043,40.86688146,-110.9535882,37,4,3
"Tooele County, Utah",663,8/26/2020,Utah,Tooele,49045,40.44862644,-113.1295715,36,4,3
"Uintah County, Utah",0,8/26/2020,Utah,Uintah,49047,40.12491499,-109.5174415,39,4,3
"Utah County, Utah",10435,8/26/2020,Utah,Utah,49049,40.1166722,-111.6657662,1199,136,88
"Wasatch County, Utah",624,8/26/2020,Utah,Wasatch,49051,40.33110236,-111.1691419,19,3,2
"Washington County, Utah",0,8/26/2020,Utah,Washington,49053,37.28003525,-113.504698,164,32,21
"Wayne County, Utah",0,8/26/2020,Utah,Wayne,49055,38.32335822,-110.9096801,,,
"Weber County, Utah",0,8/26/2020,Utah,Weber,49057,41.27116049,-111.9145117,441,101,66
"Addison County, Vermont",77,8/26/2020,Vermont,Addison,50001,44.03217337,-73.14130877,25,4,3
"Bennington County, Vermont",97,8/26/2020,Vermont,Bennington,50003,43.03519828,-73.09048868,78,10,6
"Caledonia County, Vermont",30,8/26/2020,Vermont,Caledonia,50005,44.46548598,-72.10314651,25,4,3
"Chittenden County, Vermont",780,8/26/2020,Vermont,Chittenden,50007,44.46322849,-73.08359212,422,66,43
"Essex County, Vermont",6,8/26/2020,Vermont,Essex,50009,44.72736416,-71.73579864,,,
"Franklin County, Vermont",123,8/26/2020,Vermont,Franklin,50011,44.85627605,-72.91249563,53,9,6
"Grand Isle County, Vermont",13,8/26/2020,Vermont,Grand Isle,50013,44.7975824,-73.29679772,,,
"Lamoille County, Vermont",45,8/26/2020,Vermont,Lamoille,50015,44.60353043,-72.64356694,25,4,3
"Orange County, Vermont",20,8/26/2020,Vermont,Orange,50017,44.00470222,-72.37640104,25,2,1
"Orleans County, Vermont",15,8/26/2020,Vermont,Orleans,50019,44.82964024,-72.24562697,25,5,3
"Rutland County, Vermont",107,8/26/2020,Vermont,Rutland,50021,43.57723578,-73.03741676,124,13,8
"Washington County, Vermont",61,8/26/2020,Vermont,Washington,50023,44.27343241,-72.61604978,101,14,9
"Windham County, Vermont",120,8/26/2020,Vermont,Windham,50025,42.986982,-72.71268875,185,11,7
"Windsor County, Vermont",75,8/26/2020,Vermont,Windsor,50027,43.58010937,-72.58595157,100,9,6
"Accomack County, Virginia",1136,8/26/2020,Virginia,Accomack,51001,37.76707161,-75.63234615,46,10,6
"Albemarle County, Virginia",980,8/26/2020,Virginia,Albemarle,51003,38.02080697,-78.55481085,240,18,12
"Alexandria County, Virginia",3324,8/26/2020,Virginia,Alexandria,51510,38.814003,-77.08183073,339,40,26
"Alleghany County, Virginia",63,8/26/2020,Virginia,Alleghany,51005,37.78636074,-80.00222498,95,10,6
"Amelia County, Virginia",94,8/26/2020,Virginia,Amelia,51007,37.34081025,-77.98584649,,,
"Amherst County, Virginia",269,8/26/2020,Virginia,Amherst,51009,37.60308293,-79.14548696,,,
"Appomattox County, Virginia",145,8/26/2020,Virginia,Appomattox,51011,37.37569884,-78.81340003,,,
"Arlington County, Virginia",3435,8/26/2020,Virginia,Arlington,51013,38.8767675,-77.10139853,305,32,21
"Augusta County, Virginia",349,8/26/2020,Virginia,Augusta,51015,38.16404586,-79.12461614,209,8,5
"Bath County, Virginia",4,8/26/2020,Virginia,Bath,51017,38.05852573,-79.73912095,14,2,1
"Bedford County, Virginia",502,8/26/2020,Virginia,Bedford,51019,37.3080028,-79.5281964,34,6,4
"Bland County, Virginia",42,8/26/2020,Virginia,Bland,51021,37.13128068,-81.13599391,,,
"Botetourt County, Virginia",237,8/26/2020,Virginia,Botetourt,51023,37.55531756,-79.80982182,,,
"Bristol County, Virginia",109,8/26/2020,Virginia,Bristol,51520,36.6163024,-82.16359122,25,0,0
"Brunswick County, Virginia",273,8/26/2020,Virginia,Brunswick,51025,36.76366949,-77.8593436,,,
"Buchanan County, Virginia",97,8/26/2020,Virginia,Buchanan,51027,37.26818323,-82.03749726,49,12,8
"Buckingham County, Virginia",640,8/26/2020,Virginia,Buckingham,51029,37.57242268,-78.52518834,,,
"Buena Vista County, Virginia",71,8/26/2020,Virginia,Buena Vista,51530,37.73484642,-79.35296097,,,
"Campbell County, Virginia",298,8/26/2020,Virginia,Campbell,51031,37.20553386,-79.09678609,,,
"Caroline County, Virginia",250,8/26/2020,Virginia,Caroline,51033,38.02679129,-77.34901405,,,
"Carroll County, Virginia",384,8/26/2020,Virginia,Carroll,51035,36.73066666,-80.73455942,,,
"Charles City County, Virginia",66,8/26/2020,Virginia,Charles City,51036,37.35358063,-77.05634116,,,
"Charlotte County, Virginia",64,8/26/2020,Virginia,Charlotte,51037,37.01909701,-78.66314092,,,
"Charlottesville County, Virginia",595,8/26/2020,Virginia,Charlottesville,51540,38.03527919,-78.48569588,585,14,9
"Chesapeake County, Virginia",3625,8/26/2020,Virginia,Chesapeake,51550,36.67670048,-76.30545744,310,28,18
"Chesterfield County, Virginia",4915,8/26/2020,Virginia,Chesterfield,51041,37.37373208,-77.5868014,450,96,62
"Clarke County, Virginia",76,8/26/2020,Virginia,Clarke,51043,39.11271747,-77.99199425,,,
"Colonial Heights County, Virginia",218,8/26/2020,Virginia,Colonial Heights,51570,37.26420587,-77.39609676,,,
"Covington County, Virginia",19,8/26/2020,Virginia,Covington,51580,37.7824656,-79.98631446,,,
"Craig County, Virginia",21,8/26/2020,Virginia,Craig,51045,37.48133648,-80.21072274,,,
"Culpeper County, Virginia",1090,8/26/2020,Virginia,Culpeper,51047,38.48199985,-77.9563087,70,6,4
"Cumberland County, Virginia",96,8/26/2020,Virginia,Cumberland,51049,37.51328851,-78.24398086,,,
"Danville County, Virginia",558,8/26/2020,Virginia,Danville,51590,36.58022376,-79.40395668,367,34,22
"Dickenson County, Virginia",58,8/26/2020,Virginia,Dickenson,51051,37.12560977,-82.35124171,2,1,1
"Dinwiddie County, Virginia",267,8/26/2020,Virginia,Dinwiddie,51053,37.07544585,-77.63451754,130,1,1
"Emporia County, Virginia",216,8/26/2020,Virginia,Emporia,51595,36.69455571,-77.53406129,70,7,5
"Essex County, Virginia",113,8/26/2020,Virginia,Essex,51057,37.93357639,-76.94230311,67,7,5
"Fairfax County, Virginia",17878,8/26/2020,Virginia,Fairfax,51059,38.83677558,-77.27565836,2581,336,218
"Fairfax City County, Virginia",109,8/26/2020,Virginia,Fairfax City,51600,38.85157547,-77.2977964,,,
"Falls Church County, Virginia",66,8/26/2020,Virginia,Falls Church,51610,38.88485255,-77.17560759,,,
"Fauquier County, Virginia",724,8/26/2020,Virginia,Fauquier,51061,38.73564842,-77.80647472,97,8,5
"Floyd County, Virginia",139,8/26/2020,Virginia,Floyd,51063,36.9302126,-80.36738849,,,
"Fluvanna County, Virginia",219,8/26/2020,Virginia,Fluvanna,51065,37.84157909,-78.27715475,,,
"Franklin County, Virginia",194,8/26/2020,Virginia,Franklin,51067,36.99536167,-79.88023649,37,4,3
"Franklin City County, Virginia",272,8/26/2020,Virginia,Franklin City,51620,36.6831435,-76.93859681,75,8,5
"Frederick County, Virginia",755,8/26/2020,Virginia,Frederick,51069,39.20172582,-78.25974949,,,
"Fredericksburg County, Virginia",456,8/26/2020,Virginia,Fredericksburg,51630,38.2977863,-77.4922454,479,28,18
"Galax County, Virginia",394,8/26/2020,Virginia,Galax,51640,36.66601852,-80.91703124,141,10,6
"Giles County, Virginia",37,8/26/2020,Virginia,Giles,51071,37.31234791,-80.70636931,25,4,3
"Gloucester County, Virginia",189,8/26/2020,Virginia,Gloucester,51073,37.40809042,-76.53524337,67,7,5
"Goochland County, Virginia",212,8/26/2020,Virginia,Goochland,51075,37.71714806,-77.90381514,,,
"Grayson County, Virginia",177,8/26/2020,Virginia,Grayson,51077,36.65677234,-81.23215889,,,
"Greene County, Virginia",196,8/26/2020,Virginia,Greene,51079,38.29545894,-78.46525378,,,
"Greensville County, Virginia",660,8/26/2020,Virginia,Greensville,51081,36.67878901,-77.56351439,,,
"Halifax County, Virginia",193,8/26/2020,Virginia,Halifax,51083,36.76654925,-78.93512622,107,12,8
"Hampton County, Virginia",1483,8/26/2020,Virginia,Hampton,51650,37.03513786,-76.35879121,488,25,16
"Hanover County, Virginia",757,8/26/2020,Virginia,Hanover,51085,37.7583355,-77.49464673,265,27,18
"Harrisonburg County, Virginia",1161,8/26/2020,Virginia,Harrisonburg,51660,38.43542574,-78.87536254,,,
"Henrico County, Virginia",4428,8/26/2020,Virginia,Henrico,51087,37.53460572,-77.39326555,818,103,67
"Henry County, Virginia",778,8/26/2020,Virginia,Henry,51089,36.68542395,-79.87634026,,,
"Highland County, Virginia",6,8/26/2020,Virginia,Highland,51091,38.35799465,-79.56124594,,,
"Hopewell County, Virginia",334,8/26/2020,Virginia,Hopewell,51670,37.29186313,-77.29754684,107,17,11
"Isle of Wight County, Virginia",494,8/26/2020,Virginia,Isle of Wight,51093,36.90579348,-76.70842863,,,
"James City County, Virginia",717,8/26/2020,Virginia,James City,51095,37.31156958,-76.76950618,106,7,5
"King George County, Virginia",196,8/26/2020,Virginia,King George,51099,38.26818502,-77.15852768,,,
"King William County, Virginia",110,8/26/2020,Virginia,King William,51101,37.70965316,-77.09384941,,,
"King and Queen County, Virginia",48,8/26/2020,Virginia,King and Queen,51097,37.71044922,-76.88689628,,,
"Lancaster County, Virginia",63,8/26/2020,Virginia,Lancaster,51103,37.71889653,-76.46400482,25,4,3
"Lee County, Virginia",172,8/26/2020,Virginia,Lee,51105,36.70586667,-83.12606515,,,
"Lexington County, Virginia",41,8/26/2020,Virginia,Lexington,51678,37.78258621,-79.44262866,25,4,3
"Loudoun County, Virginia",5787,8/26/2020,Virginia,Loudoun,51107,39.08990083,-77.63481877,429,33,21
"Louisa County, Virginia",238,8/26/2020,Virginia,Louisa,51109,37.97850256,-77.96274807,,,
"Lunenburg County, Virginia",89,8/26/2020,Virginia,Lunenburg,51111,36.94618528,-78.24133319,,,
"Lynchburg County, Virginia",874,8/26/2020,Virginia,Lynchburg,51680,37.40021399,-79.19888138,394,43,28
"Madison County, Virginia",86,8/26/2020,Virginia,Madison,51113,38.41531222,-78.28220331,,,
"Manassas County, Virginia",1772,8/26/2020,Virginia,Manassas,51683,38.7464321,-77.48509905,94,11,7
"Manassas Park County, Virginia",555,8/26/2020,Virginia,Manassas Park,51685,38.77058531,-77.44399307,,,
"Martinsville County, Virginia",293,8/26/2020,Virginia,Martinsville,51690,36.68212094,-79.86352771,,,
"Mathews County, Virginia",23,8/26/2020,Virginia,Mathews,51115,37.44164146,-76.34098896,,,
"Mecklenburg County, Virginia",491,8/26/2020,Virginia,Mecklenburg,51117,36.67882005,-78.36131056,70,12,8
"Middlesex County, Virginia",54,8/26/2020,Virginia,Middlesex,51119,37.63191998,-76.55064617,,,
"Montgomery County, Virginia",404,8/26/2020,Virginia,Montgomery,51121,37.17746986,-80.37868691,202,22,14
"Nelson County, Virginia",81,8/26/2020,Virginia,Nelson,51125,37.78790447,-78.88498513,,,
"New Kent County, Virginia",145,8/26/2020,Virginia,New Kent,51127,37.50694406,-76.99828634,94,36,23
"Newport News County, Virginia",2167,8/26/2020,Virginia,Newport News,51700,37.08166899,-76.51754109,658,40,26
"Norfolk County, Virginia",4260,8/26/2020,Virginia,Norfolk,51710,36.89934014,-76.26420872,1234,217,141
"Northampton County, Virginia",303,8/26/2020,Virginia,Northampton,51131,37.34062933,-75.87751591,,,
"Northumberland County, Virginia",86,8/26/2020,Virginia,Northumberland,51133,37.89202088,-76.41949732,,,
"Norton County, Virginia",26,8/26/2020,Virginia,Norton,51720,36.93357076,-82.62750411,63,11,7
"Nottoway County, Virginia",188,8/26/2020,Virginia,Nottoway,51135,37.1435975,-78.05065922,180,32,21
"Orange County, Virginia",251,8/26/2020,Virginia,Orange,51137,38.24530219,-78.015604,,,
"Page County, Virginia",358,8/26/2020,Virginia,Page,51139,38.61807452,-78.48797204,25,4,3
"Patrick County, Virginia",209,8/26/2020,Virginia,Patrick,51141,36.6801638,-80.2865648,,,
"Petersburg County, Virginia",604,8/26/2020,Virginia,Petersburg,51730,37.20530399,-77.39368102,488,29,19
"Pittsylvania County, Virginia",678,8/26/2020,Virginia,Pittsylvania,51143,36.81980341,-79.39731264,,,
"Poquoson County, Virginia",59,8/26/2020,Virginia,Poquoson,51735,37.14259351,-76.35798148,,,
"Portsmouth County, Virginia",2142,8/26/2020,Virginia,Portsmouth,51740,36.85914825,-76.35971629,417,23,15
"Powhatan County, Virginia",181,8/26/2020,Virginia,Powhatan,51145,37.55016038,-77.91267882,,,
"Prince Edward County, Virginia",472,8/26/2020,Virginia,Prince Edward,51147,37.22554789,-78.43597949,86,8,5
"Prince George County, Virginia",495,8/26/2020,Virginia,Prince George,51149,37.18497668,-77.22922187,,,
"Prince William County, Virginia",10511,8/26/2020,Virginia,Prince William,51153,38.70916224,-77.48713689,207,24,16
"Pulaski County, Virginia",122,8/26/2020,Virginia,Pulaski,51155,37.06474963,-80.71229738,92,8,5
"Radford County, Virginia",223,8/26/2020,Virginia,Radford,51750,37.12222899,-80.5602732,,,
"Rappahannock County, Virginia",51,8/26/2020,Virginia,Rappahannock,51157,38.68295619,-78.15826963,,,
"Richmond County, Virginia",324,8/26/2020,Virginia,Richmond,51159,37.937575,-76.72920628,,,
"Richmond City County, Virginia",3735,8/26/2020,Virginia,Richmond City,51760,37.53255773,-77.47966921,1289,197,128
"Roanoke County, Virginia",565,8/26/2020,Virginia,Roanoke,51161,37.26865804,-80.06396753,270,0,0
"Roanoke City County, Virginia",1140,8/26/2020,Virginia,Roanoke City,51770,37.27791025,-79.96189766,621,47,31
"Rockbridge County, Virginia",82,8/26/2020,Virginia,Rockbridge,51163,37.81204314,-79.44605905,,,
"Rockingham County, Virginia",1011,8/26/2020,Virginia,Rockingham,51165,38.51006137,-78.87260325,238,34,22
"Russell County, Virginia",172,8/26/2020,Virginia,Russell,51167,36.9302832,-82.10095486,48,5,3
"Salem County, Virginia",203,8/26/2020,Virginia,Salem,51775,37.2836193,-80.06219455,512,25,16
"Scott County, Virginia",144,8/26/2020,Virginia,Scott,51169,36.71466456,-82.60171704,,,
"Shenandoah County, Virginia",762,8/26/2020,Virginia,Shenandoah,51171,38.85905135,-78.56813762,25,4,3
"Smyth County, Virginia",233,8/26/2020,Virginia,Smyth,51173,36.84455636,-81.53344948,139,4,3
"Southampton County, Virginia",335,8/26/2020,Virginia,Southampton,51175,36.72231125,-77.10642712,,,
"Spotsylvania County, Virginia",1735,8/26/2020,Virginia,Spotsylvania,51177,38.18574462,-77.655399,105,12,8
"Stafford County, Virginia",1625,8/26/2020,Virginia,Stafford,51179,38.41758738,-77.45917053,90,4,3
"Staunton County, Virginia",167,8/26/2020,Virginia,Staunton,51790,38.15965544,-79.05979937,132,18,12
"Suffolk County, Virginia",1573,8/26/2020,Virginia,Suffolk,51800,36.70155394,-76.63603554,155,12,8
"Surry County, Virginia",62,8/26/2020,Virginia,Surry,51181,37.11781893,-76.88450012,,,
"Sussex County, Virginia",326,8/26/2020,Virginia,Sussex,51183,36.92432914,-77.25791182,,,
"Tazewell County, Virginia",178,8/26/2020,Virginia,Tazewell,51185,37.12191123,-81.56685568,207,22,14
"Virginia Beach County, Virginia",5821,8/26/2020,Virginia,Virginia Beach,51810,36.73285734,-76.04566934,487,39,25
"Warren County, Virginia",388,8/26/2020,Virginia,Warren,51187,38.90847745,-78.20280433,46,8,5
"Washington County, Virginia",326,8/26/2020,Virginia,Washington,51191,36.72341572,-81.95666289,115,14,9
"Waynesboro County, Virginia",210,8/26/2020,Virginia,Waynesboro,51820,38.06451466,-78.90293905,,,
"Westmoreland County, Virginia",221,8/26/2020,Virginia,Westmoreland,51193,38.11021557,-76.80213247,,,
"Williamsburg County, Virginia",146,8/26/2020,Virginia,Williamsburg,51830,37.28131268,-76.70905141,40,10,6
"Winchester County, Virginia",436,8/26/2020,Virginia,Winchester,51840,39.17054517,-78.17325058,389,48,31
"Wise County, Virginia",310,8/26/2020,Virginia,Wise,51195,36.9746148,-82.62410519,68,8,5
"Wythe County, Virginia",146,8/26/2020,Virginia,Wythe,51197,36.91582035,-81.07834059,92,6,4
"York County, Virginia",437,8/26/2020,Virginia,York,51199,37.24374789,-76.54412815,189,16,10
"Adams County, Washington",576,8/26/2020,Washington,Adams,53001,46.98299757,-118.5601734,28,5,3
"Asotin County, Washington",50,8/26/2020,Washington,Asotin,53003,46.18894415,-117.2022851,25,4,3
"Benton County, Washington",4037,8/26/2020,Washington,Benton,53005,46.23946995,-119.5120834,416,48,31
"Chelan County, Washington",1693,8/26/2020,Washington,Chelan,53007,47.87046092,-120.6173956,221,28,18
"Clallam County, Washington",202,8/26/2020,Washington,Clallam,53009,48.04754642,-123.9226319,103,23,15
"Clark County, Washington",2111,8/26/2020,Washington,Clark,53011,45.77568046,-122.4829204,746,99,64
"Columbia County, Washington",13,8/26/2020,Washington,Columbia,53013,46.29442881,-117.9051983,25,4,3
"Cowlitz County, Washington",526,8/26/2020,Washington,Cowlitz,53015,46.19074721,-122.6782231,166,18,12
"Douglas County, Washington",1134,8/26/2020,Washington,Douglas,53017,47.7361335,-119.692937,,,
"Ferry County, Washington",25,8/26/2020,Washington,Ferry,53019,48.4711431,-118.5154041,25,4,3
"Franklin County, Washington",3864,8/26/2020,Washington,Franklin,53021,46.53351425,-118.9018212,25,4,3
"Garfield County, Washington",4,8/26/2020,Washington,Garfield,53023,46.43197502,-117.5454032,25,4,3
"Grant County, Washington",2106,8/26/2020,Washington,Grant,53025,47.20753737,-119.4500749,123,24,16
"Grays Harbor County, Washington",219,8/26/2020,Washington,Grays Harbor,53027,47.14003705,-123.7820567,59,10,6
"Island County, Washington",268,8/26/2020,Washington,Island,53029,48.14713305,-122.5216407,30,6,4
"Jefferson County, Washington",69,8/26/2020,Washington,Jefferson,53031,47.75003077,-123.5609704,25,6,4
"King County, Washington",18976,8/26/2020,Washington,King,53033,47.49137892,-121.8346131,4254,636,413
"Kitsap County, Washington",949,8/26/2020,Washington,Kitsap,53035,47.63479026,-122.6436061,334,20,13
"Kittitas County, Washington",448,8/26/2020,Washington,Kittitas,53037,47.12521214,-120.679439,25,6,4
"Klickitat County, Washington",169,8/26/2020,Washington,Klickitat,53039,45.87325839,-120.7913598,28,4,3
"Lewis County, Washington",319,8/26/2020,Washington,Lewis,53041,46.57756476,-122.3925769,152,10,6
"Lincoln County, Washington",32,8/26/2020,Washington,Lincoln,53043,47.57705241,-118.4194388,50,8,5
"Mason County, Washington",299,8/26/2020,Washington,Mason,53045,47.35007586,-123.1863685,25,6,4
"Okanogan County, Washington",977,8/26/2020,Washington,Okanogan,53047,48.54855019,-119.7387224,68,12,8
"Pacific County, Washington",60,8/26/2020,Washington,Pacific,53049,46.55418369,-123.7285716,35,6,4
"Pend Oreille County, Washington",52,8/26/2020,Washington,Pend Oreille,53051,48.53234021,-117.2741804,20,4,3
"Pierce County, Washington",6621,8/26/2020,Washington,Pierce,53053,47.03892768,-122.1405958,2526,226,147
"San Juan County, Washington",29,8/26/2020,Washington,San Juan,53055,48.60182783,-122.96745,10,2,1
"Skagit County, Washington",992,8/26/2020,Washington,Skagit,53057,48.48171488,-121.766131,205,34,22
"Skamania County, Washington",58,8/26/2020,Washington,Skamania,53059,46.02408726,-121.9164403,,,
"Snohomish County, Washington",6032,8/26/2020,Washington,Snohomish,53061,48.04615983,-121.7170703,863,72,47
"Spokane County, Washington",5117,8/26/2020,Washington,Spokane,53063,47.62113146,-117.4046494,1954,158,103
"Stevens County, Washington",125,8/26/2020,Washington,Stevens,53065,48.40035475,-117.8542701,48,8,5
"Thurston County, Washington",884,8/26/2020,Washington,Thurston,53067,46.9291895,-122.8290656,411,72,47
"Wahkiakum County, Washington",6,8/26/2020,Washington,Wahkiakum,53069,46.2918004,-123.4250831,,,
"Walla Walla County, Washington",725,8/26/2020,Washington,Walla Walla,53071,46.23040051,-118.4775539,120,28,18
"Whatcom County, Washington",1062,8/26/2020,Washington,Whatcom,53073,48.82227976,-121.7490018,207,24,16
"Whitman County, Washington",222,8/26/2020,Washington,Whitman,53075,46.90022523,-117.5241763,50,10,6
"Yakima County, Washington",10853,8/26/2020,Washington,Yakima,53077,46.45738486,-120.7380126,371,52,34
"Barbour County, West Virginia",33,8/26/2020,West Virginia,Barbour,54001,39.1307219,-80.00350858,12,2,1
"Berkeley County, West Virginia",777,8/26/2020,West Virginia,Berkeley,54003,39.46704621,-78.02414609,213,21,14
"Boone County, West Virginia",131,8/26/2020,West Virginia,Boone,54005,38.01974191,-81.69888019,25,4,3
"Braxton County, West Virginia",9,8/26/2020,West Virginia,Braxton,54007,38.70036159,-80.72011184,25,4,3
"Brooke County, West Virginia",85,8/26/2020,West Virginia,Brooke,54009,40.27367263,-80.57915332,127,21,14
"Cabell County, West Virginia",501,8/26/2020,West Virginia,Cabell,54011,38.42424062,-82.23855912,995,85,55
"Calhoun County, West Virginia",8,8/26/2020,West Virginia,Calhoun,54013,38.84315422,-81.11934872,25,4,3
"Clay County, West Virginia",19,8/26/2020,West Virginia,Clay,54015,38.46231092,-81.07652217,,,
"Doddridge County, West Virginia",6,8/26/2020,West Virginia,Doddridge,54017,39.27057157,-80.70671527,,,
"Fayette County, West Virginia",195,8/26/2020,West Virginia,Fayette,54019,38.02974928,-81.08286634,50,7,5
"Gilmer County, West Virginia",18,8/26/2020,West Virginia,Gilmer,54021,38.9251277,-80.85952723,,,
"Grant County, West Virginia",138,8/26/2020,West Virginia,Grant,54023,39.10314817,-79.19440518,25,3,2
"Greenbrier County, West Virginia",99,8/26/2020,West Virginia,Greenbrier,54025,37.9463652,-80.45335881,92,12,8
"Hampshire County, West Virginia",91,8/26/2020,West Virginia,Hampshire,54027,39.32103553,-78.60826476,14,2,1
"Hancock County, West Virginia",118,8/26/2020,West Virginia,Hancock,54029,40.51943859,-80.57461608,,,
"Hardy County, West Virginia",66,8/26/2020,West Virginia,Hardy,54031,39.00683177,-78.85855301,,,
"Harrison County, West Virginia",259,8/26/2020,West Virginia,Harrison,54033,39.2853852,-80.37919577,423,20,13
"Jackson County, West Virginia",194,8/26/2020,West Virginia,Jackson,54035,38.84263974,-81.68148753,25,4,3
"Jefferson County, West Virginia",332,8/26/2020,West Virginia,Jefferson,54037,39.30776166,-77.86014147,25,5,3
"Kanawha County, West Virginia",1281,8/26/2020,West Virginia,Kanawha,54039,38.33860077,-81.52857054,1106,143,93
"Lewis County, West Virginia",32,8/26/2020,West Virginia,Lewis,54041,38.9947249,-80.49988181,220,6,4
"Lincoln County, West Virginia",115,8/26/2020,West Virginia,Lincoln,54043,38.172154,-82.07017953,,,
"Logan County, West Virginia",454,8/26/2020,West Virginia,Logan,54045,37.8299889,-81.93528571,132,12,8
"Marion County, West Virginia",212,8/26/2020,West Virginia,Marion,54049,39.50984542,-80.24244659,,,
"Marshall County, West Virginia",134,8/26/2020,West Virginia,Marshall,54051,39.86064362,-80.66591062,59,9,6
"Mason County, West Virginia",91,8/26/2020,West Virginia,Mason,54053,38.77071799,-82.02524219,49,5,3
"McDowell County, West Virginia",72,8/26/2020,West Virginia,McDowell,54047,37.38002939,-81.65083669,49,7,5
"Mercer County, West Virginia",284,8/26/2020,West Virginia,Mercer,54055,37.40481169,-81.11023142,206,33,21
"Mineral County, West Virginia",131,8/26/2020,West Virginia,Mineral,54057,39.41561583,-78.94104895,25,4,3
"Mingo County, West Virginia",222,8/26/2020,West Virginia,Mingo,54059,37.73048351,-82.13338365,,,
"Monongalia County, West Virginia",1072,8/26/2020,West Virginia,Monongalia,54061,39.63218457,-80.04766838,890,123,80
"Monroe County, West Virginia",91,8/26/2020,West Virginia,Monroe,54063,37.56274716,-80.54577965,,,
"Morgan County, West Virginia",37,8/26/2020,West Virginia,Morgan,54065,39.55439028,-78.26311676,25,4,3
"Nicholas County, West Virginia",47,8/26/2020,West Virginia,Nicholas,54067,38.29617706,-80.79759588,49,6,4
"Ohio County, West Virginia",289,8/26/2020,West Virginia,Ohio,54069,40.0955451,-80.62203992,245,35,23
"Pendleton County, West Virginia",44,8/26/2020,West Virginia,Pendleton,54071,38.68314479,-79.35084086,,,
"Pleasants County, West Virginia",14,8/26/2020,West Virginia,Pleasants,54073,39.37091679,-81.16771771,,,
"Pocahontas County, West Virginia",42,8/26/2020,West Virginia,Pocahontas,54075,38.32758728,-80.00993811,25,4,3
"Preston County, West Virginia",136,8/26/2020,West Virginia,Preston,54077,39.46770987,-79.66712803,25,4,3
"Putnam County, West Virginia",254,8/26/2020,West Virginia,Putnam,54079,38.50782345,-81.9082131,,,
"Raleigh County, West Virginia",331,8/26/2020,West Virginia,Raleigh,54081,37.76936795,-81.2456041,430,27,18
"Randolph County, West Virginia",220,8/26/2020,West Virginia,Randolph,54083,38.769899,-79.87919615,90,16,10
"Ritchie County, West Virginia",3,8/26/2020,West Virginia,Ritchie,54085,39.18094587,-81.06356878,,,
"Roane County, West Virginia",25,8/26/2020,West Virginia,Roane,54087,38.71622686,-81.35243568,25,4,3
"Summers County, West Virginia",18,8/26/2020,West Virginia,Summers,54089,37.65390597,-80.86009693,25,4,3
"Taylor County, West Virginia",103,8/26/2020,West Virginia,Taylor,54091,39.33602617,-80.0421439,25,4,3
"Tucker County, West Virginia",11,8/26/2020,West Virginia,Tucker,54093,39.11240885,-79.57053576,,,
"Tyler County, West Virginia",15,8/26/2020,West Virginia,Tyler,54095,39.46811972,-80.88772676,25,4,3
"Upshur County, West Virginia",41,8/26/2020,West Virginia,Upshur,54097,38.89285061,-80.23689136,25,4,3
"Wayne County, West Virginia",232,8/26/2020,West Virginia,Wayne,54099,38.14901357,-82.42287994,80,1,1
"Webster County, West Virginia",7,8/26/2020,West Virginia,Webster,54101,38.49370949,-80.4202023,25,4,3
"Wetzel County, West Virginia",45,8/26/2020,West Virginia,Wetzel,54103,39.6065771,-80.6401654,48,5,3
"Wirt County, West Virginia",8,8/26/2020,West Virginia,Wirt,54105,39.02775007,-81.37473928,,,
"Wood County, West Virginia",297,8/26/2020,West Virginia,Wood,54107,39.20967886,-81.5162836,291,18,12
"Wyoming County, West Virginia",55,8/26/2020,West Virginia,Wyoming,54109,37.612327,-81.54511071,,,
"Adams County, Wisconsin",102,8/26/2020,Wisconsin,Adams,55001,43.96974651,-89.76782777,25,4,3
"Ashland County, Wisconsin",33,8/26/2020,Wisconsin,Ashland,55003,46.31956891,-90.67837132,25,4,3
"Barron County, Wisconsin",362,8/26/2020,Wisconsin,Barron,55005,45.42372701,-91.84833627,90,14,9
"Bayfield County, Wisconsin",41,8/26/2020,Wisconsin,Bayfield,55007,46.52868768,-91.19716729,,,
"Brown County, Wisconsin",5143,8/26/2020,Wisconsin,Brown,55009,44.4526553,-88.00411844,796,90,58
"Buffalo County, Wisconsin",58,8/26/2020,Wisconsin,Buffalo,55011,44.37835084,-91.75332578,,,
"Burnett County, Wisconsin",37,8/26/2020,Wisconsin,Burnett,55013,45.86303537,-92.36711412,25,4,3
"Calumet County, Wisconsin",461,8/26/2020,Wisconsin,Calumet,55015,44.0816316,-88.21780273,25,4,3
"Chippewa County, Wisconsin",312,8/26/2020,Wisconsin,Chippewa,55017,45.06939744,-91.28068855,127,10,6
"Clark County, Wisconsin",234,8/26/2020,Wisconsin,Clark,55019,44.73483377,-90.61207486,49,8,5
"Columbia County, Wisconsin",334,8/26/2020,Wisconsin,Columbia,55021,43.46492199,-89.33589004,68,10,6
"Crawford County, Wisconsin",98,8/26/2020,Wisconsin,Crawford,55023,43.23870316,-90.93073686,24,4,3
"Dane County, Wisconsin",5209,8/26/2020,Wisconsin,Dane,55025,43.06601594,-89.41733797,1919,104,68
"Dodge County, Wisconsin",1057,8/26/2020,Wisconsin,Dodge,55027,43.41576662,-88.70928178,230,14,9
"Door County, Wisconsin",128,8/26/2020,Wisconsin,Door,55029,44.95856458,-87.30002707,25,4,3
"Douglas County, Wisconsin",243,8/26/2020,Wisconsin,Douglas,55031,46.43222285,-91.91595768,25,4,3
"Dunn County, Wisconsin",159,8/26/2020,Wisconsin,Dunn,55033,44.94562799,-91.8962481,25,5,3
"Eau Claire County, Wisconsin",748,8/26/2020,Wisconsin,Eau Claire,55035,44.726614,-91.28609183,418,58,38
"Florence County, Wisconsin",23,8/26/2020,Wisconsin,Florence,55037,45.84963535,-88.39804137,,,
"Fond du Lac County, Wisconsin",1010,8/26/2020,Wisconsin,Fond du Lac,55039,43.75354908,-88.48885325,158,15,10
"Forest County, Wisconsin",66,8/26/2020,Wisconsin,Forest,55041,45.66678019,-88.77084892,,,
"Grant County, Wisconsin",426,8/26/2020,Wisconsin,Grant,55043,42.8671731,-90.7063218,75,12,8
"Green County, Wisconsin",256,8/26/2020,Wisconsin,Green,55045,42.6794956,-89.60243287,58,6,4
"Green Lake County, Wisconsin",87,8/26/2020,Wisconsin,Green Lake,55047,43.80025981,-89.04679553,25,5,3
"Iowa County, Wisconsin",113,8/26/2020,Wisconsin,Iowa,55049,43.00050278,-90.13469017,25,4,3
"Iron County, Wisconsin",115,8/26/2020,Wisconsin,Iron,55051,46.26302338,-90.24295041,,,
"Jackson County, Wisconsin",72,8/26/2020,Wisconsin,Jackson,55053,44.31864893,-90.80566792,25,4,3
"Jefferson County, Wisconsin",844,8/26/2020,Wisconsin,Jefferson,55055,43.02054068,-88.77529134,49,4,3
"Juneau County, Wisconsin",182,8/26/2020,Wisconsin,Juneau,55057,43.92456975,-90.11120239,40,7,5
"Kenosha County, Wisconsin",2912,8/26/2020,Wisconsin,Kenosha,55059,42.57639354,-88.04051686,274,27,18
"Kewaunee County, Wisconsin",154,8/26/2020,Wisconsin,Kewaunee,55061,44.51727459,-87.61468386,,,
"La Crosse County, Wisconsin",1077,8/26/2020,Wisconsin,La Crosse,55063,43.90632465,-91.11451093,408,52,34
"Lafayette County, Wisconsin",184,8/26/2020,Wisconsin,Lafayette,55065,42.66005229,-90.1317729,25,4,3
"Langlade County, Wisconsin",77,8/26/2020,Wisconsin,Langlade,55067,45.26271619,-89.07483625,25,4,3
"Lincoln County, Wisconsin",76,8/26/2020,Wisconsin,Lincoln,55069,45.33737523,-89.73411273,40,7,5
"Manitowoc County, Wisconsin",478,8/26/2020,Wisconsin,Manitowoc,55071,44.11946801,-87.80928853,127,16,10
"Marathon County, Wisconsin",748,8/26/2020,Wisconsin,Marathon,55073,44.89792533,-89.75863384,338,52,34
"Marinette County, Wisconsin",574,8/26/2020,Wisconsin,Marinette,55075,45.38553432,-88.033246,55,10,6
"Marquette County, Wisconsin",85,8/26/2020,Wisconsin,Marquette,55077,43.81911946,-89.40073763,,,
"Menominee County, Wisconsin",28,8/26/2020,Wisconsin,Menominee,55078,45.00422544,-88.70950714,,,
"Milwaukee County, Wisconsin",23514,8/26/2020,Wisconsin,Milwaukee,55079,43.00486062,-87.96733172,3348,483,314
"Monroe County, Wisconsin",271,8/26/2020,Wisconsin,Monroe,55081,43.94641218,-90.618819,50,8,5
"Oconto County, Wisconsin",391,8/26/2020,Wisconsin,Oconto,55083,45.02715345,-88.26807503,32,6,4
"Oneida County, Wisconsin",199,8/26/2020,Wisconsin,Oneida,55085,45.70677897,-89.51944105,102,30,20
"Outagamie County, Wisconsin",1646,8/26/2020,Wisconsin,Outagamie,55087,44.41578887,-88.46565023,466,69,45
"Ozaukee County, Wisconsin",870,8/26/2020,Wisconsin,Ozaukee,55089,43.38352225,-87.94625009,246,46,30
"Pepin County, Wisconsin",47,8/26/2020,Wisconsin,Pepin,55091,44.58307413,-91.99949611,25,4,3
"Pierce County, Wisconsin",276,8/26/2020,Wisconsin,Pierce,55093,44.71850291,-92.4224416,,,
"Polk County, Wisconsin",164,8/26/2020,Wisconsin,Polk,55095,45.46130348,-92.44182875,70,10,6
"Portage County, Wisconsin",534,8/26/2020,Wisconsin,Portage,55097,44.47558711,-89.50152965,84,12,8
"Price County, Wisconsin",35,8/26/2020,Wisconsin,Price,55099,45.68051754,-90.3609888,24,4,3
"Racine County, Wisconsin",3897,8/26/2020,Wisconsin,Racine,55101,42.74753117,-88.05941254,343,39,25
"Richland County, Wisconsin",44,8/26/2020,Wisconsin,Richland,55103,43.3762778,-90.43012729,25,4,3
"Rock County, Wisconsin",1597,8/26/2020,Wisconsin,Rock,55105,42.67151616,-89.071479,367,36,23
"Rusk County, Wisconsin",24,8/26/2020,Wisconsin,Rusk,55107,45.47498854,-91.1333012,25,4,3
"Sauk County, Wisconsin",604,8/26/2020,Wisconsin,Sauk,55111,43.42574087,-89.94966132,104,16,10
"Sawyer County, Wisconsin",150,8/26/2020,Wisconsin,Sawyer,55113,45.87931905,-91.14504927,25,4,3
"Shawano County, Wisconsin",239,8/26/2020,Wisconsin,Shawano,55115,44.78902246,-88.76443896,25,6,4
"Sheboygan County, Wisconsin",980,8/26/2020,Wisconsin,Sheboygan,55117,43.72099677,-87.94579284,189,13,8
"St. Croix County, Wisconsin",605,8/26/2020,Wisconsin,St. Croix,55109,45.03437474,-92.45000068,100,16,10
"Taylor County, Wisconsin",87,8/26/2020,Wisconsin,Taylor,55119,45.21179252,-90.5004405,25,4,3
"Trempealeau County, Wisconsin",407,8/26/2020,Wisconsin,Trempealeau,55121,44.30360275,-91.35893614,43,9,6
"Vernon County, Wisconsin",89,8/26/2020,Wisconsin,Vernon,55123,43.59422667,-90.8324691,50,8,5
"Vilas County, Wisconsin",95,8/26/2020,Wisconsin,Vilas,55125,46.05467334,-89.51719204,14,2,1
"Walworth County, Wisconsin",1636,8/26/2020,Wisconsin,Walworth,55127,42.66858202,-88.54163073,79,16,10
"Washburn County, Wisconsin",58,8/26/2020,Wisconsin,Washburn,55129,45.89838588,-91.79050449,45,7,5
"Washington County, Wisconsin",1521,8/26/2020,Wisconsin,Washington,55131,43.36863664,-88.22974712,105,12,8
"Waukesha County, Wisconsin",5353,8/26/2020,Wisconsin,Waukesha,55133,43.01833055,-88.30431188,710,64,42
"Waupaca County, Wisconsin",615,8/26/2020,Wisconsin,Waupaca,55135,44.47068056,-88.96534501,25,4,3
"Waushara County, Wisconsin",139,8/26/2020,Wisconsin,Waushara,55137,44.11324419,-89.24317107,25,4,3
"Winnebago County, Wisconsin",1402,8/26/2020,Wisconsin,Winnebago,55139,44.06886922,-88.64477096,687,60,39
"Wood County, Wisconsin",425,8/26/2020,Wisconsin,Wood,55141,44.45537896,-90.04158336,262,16,10
"Albany County, Wyoming",128,8/26/2020,Wyoming,Albany,56001,41.65498705,-105.7235415,66,4,3
"Big Horn County, Wyoming",39,8/26/2020,Wyoming,Big Horn,56003,44.52405055,-107.9960365,22,4,3
"Campbell County, Wyoming",172,8/26/2020,Wyoming,Campbell,56005,44.24886082,-105.5474404,66,14,9
"Carbon County, Wyoming",185,8/26/2020,Wyoming,Carbon,56007,41.69357844,-106.9326084,25,6,4
"Converse County, Wyoming",40,8/26/2020,Wyoming,Converse,56009,42.97272268,-105.5081848,25,5,3
"Crook County, Wyoming",14,8/26/2020,Wyoming,Crook,56011,44.58855102,-104.5697705,16,3,2
"Fremont County, Wyoming",585,8/26/2020,Wyoming,Fremont,56013,43.04183996,-108.6296893,133,12,8
"Goshen County, Wyoming",51,8/26/2020,Wyoming,Goshen,56015,42.08798185,-104.3534743,25,4,3
"Hot Springs County, Wyoming",29,8/26/2020,Wyoming,Hot Springs,56017,43.71930657,-108.4423174,25,4,3
"Johnson County, Wyoming",27,8/26/2020,Wyoming,Johnson,56019,44.04057166,-106.5845174,22,4,3
"Laramie County, Wyoming",560,8/26/2020,Wyoming,Laramie,56021,41.3070252,-104.6887497,200,16,10
"Lincoln County, Wyoming",108,8/26/2020,Wyoming,Lincoln,56023,42.26376367,-110.6563997,35,8,5
"Natrona County, Wyoming",278,8/26/2020,Wyoming,Natrona,56025,42.96180148,-106.797885,353,23,15
"Niobrara County, Wyoming",2,8/26/2020,Wyoming,Niobrara,56027,43.05607708,-104.4758896,24,4,3
"Park County, Wyoming",160,8/26/2020,Wyoming,Park,56029,44.52157546,-109.5852825,50,8,5
"Platte County, Wyoming",7,8/26/2020,Wyoming,Platte,56031,42.13299116,-104.966331,25,4,3
"Sheridan County, Wyoming",127,8/26/2020,Wyoming,Sheridan,56033,44.79048913,-106.8862389,279,12,8
"Sublette County, Wyoming",48,8/26/2020,Wyoming,Sublette,56035,42.76558279,-109.9130922,,,
"Sweetwater County, Wyoming",295,8/26/2020,Wyoming,Sweetwater,56037,41.65943896,-108.8827882,74,13,8
"Teton County, Wyoming",417,8/26/2020,Wyoming,Teton,56039,43.93522482,-110.5890801,48,6,4
"Uinta County, Wyoming",289,8/26/2020,Wyoming,Uinta,56041,41.2878183,-110.5475782,105,6,4
"Washakie County, Wyoming",108,8/26/2020,Wyoming,Washakie,56043,43.90451606,-107.680187,18,3,2
"Weston County, Wyoming",11,8/26/2020,Wyoming,Weston,56045,43.83961191,-104.5674881,12,2,1
