Year,Unemployment Rate,FIPS
2000,3.995035346,0
2000,4.6,1000
2000,4,1001
2000,3.7,1003
2000,5.5,1005
2000,5.3,1007
2000,3.5,1009
2000,8.5,1011
2000,7.8,1013
2000,5.1,1015
2000,4.4,1017
2000,4.5,1019
2000,4.3,1021
2000,6.5,1023
2000,7.3,1025
2000,6.1,1027
2000,4.1,1029
2000,5.8,1031
2000,5.5,1033
2000,6.5,1035
2000,5.4,1037
2000,6.9,1039
2000,5.7,1041
2000,4.1,1043
2000,5.2,1045
2000,8,1047
2000,4,1049
2000,4,1051
2000,5.2,1053
2000,5.8,1055
2000,5.8,1057
2000,6.5,1059
2000,5.1,1061
2000,6.8,1063
2000,6,1065
2000,4.9,1067
2000,4.4,1069
2000,5.2,1071
2000,4,1073
2000,6.9,1075
2000,5,1077
2000,5,1079
2000,4,1081
2000,3.8,1083
2000,6.9,1085
2000,5.8,1087
2000,3.5,1089
2000,5.2,1091
2000,6.7,1093
2000,4.8,1095
2000,4.9,1097
2000,6.4,1099
2000,4.2,1101
2000,4.2,1103
2000,9.2,1105
2000,7.5,1107
2000,5.5,1109
2000,4.8,1111
2000,4.6,1113
2000,3.7,1115
2000,2.7,1117
2000,9.1,1119
2000,5.2,1121
2000,4.9,1123
2000,3.9,1125
2000,5.8,1127
2000,6.8,1129
2000,8.7,1131
2000,7.8,1133
2000,6.4,2000
2000,8.7,2013
2000,5.2,2016
2000,5.1,2020
2000,9,2050
2000,6.4,2060
2000,7.3,2068
2000,7.4,2070
2000,6.2,2090
2000,8.1,2100
2000,,2105
2000,4.7,2110
2000,8.3,2122
2000,6.3,2130
2000,8.4,2150
2000,15.3,2158
2000,5.2,2164
2000,7.3,2170
2000,9.7,2180
2000,8.5,2185
2000,9.1,2188
2000,,2195
2000,,2198
2000,14.3,2201
2000,4.8,2220
2000,,2230
2000,9.9,2232
2000,12.4,2240
2000,7.7,2261
2000,,2275
2000,9.8,2280
2000,7,2282
2000,11.6,2290
2000,4,4000
2000,9,4001
2000,4.5,4003
2000,4.4,4005
2000,5.2,4007
2000,5.4,4009
2000,4.2,4011
2000,6.3,4012
2000,3.2,4013
2000,4.4,4015
2000,7.2,4017
2000,3.7,4019
2000,4.6,4021
2000,8.2,4023
2000,4,4025
2000,16.4,4027
2000,4.3,5000
2000,4.6,5001
2000,5.9,5003
2000,4.2,5005
2000,2.8,5007
2000,4.2,5009
2000,6.5,5011
2000,5.5,5013
2000,3.9,5015
2000,7.4,5017
2000,4.3,5019
2000,5.4,5021
2000,4.5,5023
2000,5,5025
2000,5.2,5027
2000,6.1,5029
2000,4,5031
2000,3.6,5033
2000,4.2,5035
2000,4.7,5037
2000,5.6,5039
2000,8.2,5041
2000,6,5043
2000,3.6,5045
2000,3.4,5047
2000,3.9,5049
2000,4.3,5051
2000,4,5053
2000,4.8,5055
2000,4.6,5057
2000,4.3,5059
2000,4.3,5061
2000,4.9,5063
2000,4.7,5065
2000,7.6,5067
2000,5.8,5069
2000,4.2,5071
2000,6,5073
2000,5.3,5075
2000,7.5,5077
2000,6.2,5079
2000,4.6,5081
2000,4.1,5083
2000,3.3,5085
2000,3.1,5087
2000,3.9,5089
2000,4.5,5091
2000,7.8,5093
2000,5.1,5095
2000,4.1,5097
2000,4.8,5099
2000,4.3,5101
2000,5.9,5103
2000,5,5105
2000,6.2,5107
2000,4.2,5109
2000,4.8,5111
2000,4.1,5113
2000,4.3,5115
2000,4.4,5117
2000,3.8,5119
2000,5.3,5121
2000,7,5123
2000,3.3,5125
2000,3.5,5127
2000,5,5129
2000,3.4,5131
2000,3.8,5133
2000,5.3,5135
2000,4.4,5137
2000,4.8,5139
2000,5.4,5141
2000,3,5143
2000,4.8,5145
2000,6.3,5147
2000,4,5149
2000,4.9,6000
2000,3.6,6001
2000,6.3,6003
2000,5.2,6005
2000,6.2,6007
2000,5.6,6009
2000,11.6,6011
2000,3.6,6013
2000,7.4,6015
2000,4.1,6017
2000,10.4,6019
2000,8.5,6021
2000,5.8,6023
2000,17.5,6025
2000,4.7,6027
2000,8.3,6029
2000,10,6031
2000,7.3,6033
2000,7.2,6035
2000,5.4,6037
2000,8.7,6039
2000,2.9,6041
2000,6.2,6043
2000,5.6,6045
2000,9.6,6047
2000,7.5,6049
2000,4.7,6051
2000,7.4,6053
2000,3.6,6055
2000,4.2,6057
2000,3.5,6059
2000,3.6,6061
2000,7.1,6063
2000,5.4,6065
2000,4.3,6067
2000,6,6069
2000,4.8,6071
2000,3.9,6073
2000,3.4,6075
2000,7,6077
2000,4,6079
2000,2.9,6081
2000,4.4,6083
2000,3.1,6085
2000,5.1,6087
2000,6.1,6089
2000,5.9,6091
2000,7.5,6093
2000,4.6,6095
2000,3.4,6097
2000,7.8,6099
2000,9.4,6101
2000,6.5,6103
2000,9.8,6105
2000,10.4,6107
2000,5.9,6109
2000,4.5,6111
2000,5,6113
2000,8,6115
2000,2.8,8000
2000,2.8,8001
2000,3.6,8003
2000,2.4,8005
2000,3.2,8007
2000,2.9,8009
2000,3.9,8011
2000,2.4,8013
2000,2.4,8014
2000,3.3,8015
2000,2.6,8017
2000,2.7,8019
2000,5.1,8021
2000,7.5,8023
2000,5.4,8025
2000,3.4,8027
2000,3.7,8029
2000,3,8031
2000,5.6,8033
2000,2.1,8035
2000,2.4,8037
2000,2.3,8039
2000,2.9,8041
2000,3.9,8043
2000,2.7,8045
2000,2.5,8047
2000,2.5,8049
2000,2.8,8051
2000,2,8053
2000,5.6,8055
2000,2.8,8057
2000,2.4,8059
2000,3.1,8061
2000,2.6,8063
2000,3.4,8065
2000,2.9,8067
2000,2.5,8069
2000,4.2,8071
2000,2.8,8073
2000,2.9,8075
2000,3.3,8077
2000,3.6,8079
2000,3.6,8081
2000,4.2,8083
2000,3.7,8085
2000,3,8087
2000,4.4,8089
2000,2.6,8091
2000,2.6,8093
2000,2.6,8095
2000,2.8,8097
2000,2.9,8099
2000,4,8101
2000,2.9,8103
2000,4.5,8105
2000,2.5,8107
2000,5.6,8109
2000,4.7,8111
2000,3,8113
2000,2.7,8115
2000,2.3,8117
2000,3,8119
2000,2.6,8121
2000,2.7,8123
2000,2.6,8125
2000,2.4,9000
2000,2.1,9001
2000,2.6,9003
2000,2.1,9005
2000,2.1,9007
2000,2.6,9009
2000,2.4,9011
2000,1.9,9013
2000,2.7,9015
2000,3.7,10000
2000,4,10001
2000,3.6,10003
2000,3.9,10005
2000,5.6,11000
2000,5.6,11001
2000,3.7,12000
2000,3,12001
2000,3,12003
2000,4.6,12005
2000,3.8,12007
2000,3.6,12009
2000,3.6,12011
2000,4.7,12013
2000,3.7,12015
2000,4.7,12017
2000,3,12019
2000,3.7,12021
2000,3.9,12023
2000,4.5,12027
2000,4.5,12029
2000,3.3,12031
2000,4,12033
2000,3.6,12035
2000,3.9,12037
2000,4,12039
2000,3.6,12041
2000,4.7,12043
2000,6,12045
2000,5.3,12047
2000,5.9,12049
2000,7.2,12051
2000,4.4,12053
2000,4.8,12055
2000,3.3,12057
2000,4.8,12059
2000,5.1,12061
2000,4.6,12063
2000,3.7,12065
2000,4.1,12067
2000,3.6,12069
2000,3.2,12071
2000,3.1,12073
2000,3.9,12075
2000,4.2,12077
2000,4.1,12079
2000,3.2,12081
2000,4.1,12083
2000,4.2,12085
2000,4.3,12086
2000,2.9,12087
2000,3.3,12089
2000,3.7,12091
2000,5.4,12093
2000,3.1,12095
2000,3.3,12097
2000,4.2,12099
2000,3.7,12101
2000,3.3,12103
2000,4.1,12105
2000,4.3,12107
2000,3,12109
2000,5.8,12111
2000,3.8,12113
2000,3.2,12115
2000,3,12117
2000,4.3,12119
2000,3.6,12121
2000,4.9,12123
2000,4.4,12125
2000,3.4,12127
2000,3.2,12129
2000,3.5,12131
2000,4.5,12133
2000,3.6,13000
2000,5.5,13001
2000,5.4,13003
2000,4.6,13005
2000,4.3,13007
2000,4.9,13009
2000,3.1,13011
2000,3,13013
2000,3.7,13015
2000,4.9,13017
2000,4,13019
2000,4.4,13021
2000,4.3,13023
2000,4.2,13025
2000,4.7,13027
2000,3.2,13029
2000,3.9,13031
2000,5.1,13033
2000,4.6,13035
2000,6.6,13037
2000,3.7,13039
2000,4.7,13043
2000,3.8,13045
2000,2.7,13047
2000,4.2,13049
2000,3.6,13051
2000,8.3,13053
2000,3.8,13055
2000,2.6,13057
2000,3.5,13059
2000,5.6,13061
2000,3.4,13063
2000,5.4,13065
2000,2.8,13067
2000,4.7,13069
2000,4.7,13071
2000,2.9,13073
2000,4.6,13075
2000,3.3,13077
2000,4,13079
2000,4.7,13081
2000,3,13083
2000,2.7,13085
2000,4.6,13087
2000,3.3,13089
2000,4.8,13091
2000,4.8,13093
2000,5.3,13095
2000,3,13097
2000,5.1,13099
2000,3.5,13101
2000,3.2,13103
2000,5.3,13105
2000,5.7,13107
2000,4.4,13109
2000,3.9,13111
2000,2.7,13113
2000,3.9,13115
2000,2.4,13117
2000,4,13119
2000,3.5,13121
2000,3.4,13123
2000,4.1,13125
2000,3.6,13127
2000,3.4,13129
2000,4.5,13131
2000,4.5,13133
2000,2.8,13135
2000,3.5,13137
2000,3,13139
2000,7.9,13141
2000,3.6,13143
2000,3.2,13145
2000,4,13147
2000,4,13149
2000,2.7,13151
2000,3.4,13153
2000,4.7,13155
2000,3.2,13157
2000,3.3,13159
2000,4.7,13161
2000,6.8,13163
2000,5.4,13165
2000,6.1,13167
2000,3.9,13169
2000,4.5,13171
2000,5,13173
2000,4.6,13175
2000,3.5,13177
2000,5.3,13179
2000,5.8,13181
2000,3.7,13183
2000,4.5,13185
2000,3,13187
2000,4.5,13189
2000,4.3,13191
2000,6.7,13193
2000,3.3,13195
2000,4,13197
2000,4.6,13199
2000,4.2,13201
2000,5.2,13205
2000,3.7,13207
2000,5.8,13209
2000,3.5,13211
2000,3.4,13213
2000,4.8,13215
2000,3.3,13217
2000,2.6,13219
2000,3.1,13221
2000,2.7,13223
2000,4.6,13225
2000,3,13227
2000,4.1,13229
2000,3.7,13231
2000,4.1,13233
2000,4.1,13235
2000,3.6,13237
2000,6.4,13239
2000,3.2,13241
2000,6,13243
2000,4.5,13245
2000,3.1,13247
2000,4.1,13249
2000,5,13251
2000,5,13253
2000,4.3,13255
2000,3.6,13257
2000,5.5,13259
2000,4.2,13261
2000,5.5,13263
2000,5.2,13265
2000,5.8,13267
2000,5.3,13269
2000,7.8,13271
2000,5.3,13273
2000,4.3,13275
2000,4.2,13277
2000,6.6,13279
2000,4.4,13281
2000,7.9,13283
2000,3.6,13285
2000,5.6,13287
2000,4.5,13289
2000,4,13291
2000,5.1,13293
2000,3.6,13295
2000,3.2,13297
2000,5.1,13299
2000,5.6,13301
2000,4.8,13303
2000,5,13305
2000,3.8,13307
2000,6.3,13309
2000,3.6,13311
2000,3.6,13313
2000,4.8,13315
2000,4.7,13317
2000,4.3,13319
2000,4.4,13321
2000,4.2,15000
2000,5,15001
2000,4.1,15003
2000,4.8,15007
2000,3.9,15009
2000,4.7,16000
2000,3.4,16001
2000,10,16003
2000,4.7,16005
2000,4.9,16007
2000,11.1,16009
2000,4.4,16011
2000,3.6,16013
2000,4.9,16015
2000,7.7,16017
2000,3.4,16019
2000,7.7,16021
2000,4.4,16023
2000,3.7,16025
2000,4.5,16027
2000,5.1,16029
2000,5,16031
2000,5.3,16033
2000,13.2,16035
2000,5.6,16037
2000,5.7,16039
2000,3.2,16041
2000,4.8,16043
2000,5.1,16045
2000,3.8,16047
2000,8.4,16049
2000,3.8,16051
2000,4.4,16053
2000,6.3,16055
2000,4.3,16057
2000,8,16059
2000,6.5,16061
2000,4.4,16063
2000,3.5,16065
2000,5.7,16067
2000,5.2,16069
2000,3.4,16071
2000,3.9,16073
2000,6.8,16075
2000,5.8,16077
2000,9.9,16079
2000,3,16081
2000,4.2,16083
2000,6.7,16085
2000,6.8,16087
2000,4.3,17000
2000,3.5,17001
2000,7.2,17003
2000,4.1,17005
2000,4.5,17007
2000,3.2,17009
2000,4.6,17011
2000,5.1,17013
2000,5.4,17015
2000,4.3,17017
2000,3.2,17019
2000,5,17021
2000,4.6,17023
2000,5.6,17025
2000,3.5,17027
2000,3.9,17029
2000,4.8,17031
2000,5.3,17033
2000,4.5,17035
2000,3.3,17037
2000,5.1,17039
2000,3.7,17041
2000,3.3,17043
2000,4.2,17045
2000,4.9,17047
2000,4.1,17049
2000,5.8,17051
2000,3.5,17053
2000,6.4,17055
2000,5.2,17057
2000,5.7,17059
2000,5,17061
2000,5.2,17063
2000,4.7,17065
2000,4.2,17067
2000,6.2,17069
2000,3.8,17071
2000,4.5,17073
2000,4,17075
2000,4.1,17077
2000,4.7,17079
2000,5,17081
2000,4.2,17083
2000,4,17085
2000,5.8,17087
2000,4,17089
2000,4.3,17091
2000,3.3,17093
2000,4.5,17095
2000,3.4,17097
2000,5,17099
2000,5.2,17101
2000,4,17103
2000,3.6,17105
2000,3.7,17107
2000,4,17109
2000,3.6,17111
2000,3.1,17113
2000,4.9,17115
2000,4.2,17117
2000,4.1,17119
2000,5.3,17121
2000,3.8,17123
2000,5.4,17125
2000,4.9,17127
2000,3.3,17129
2000,5.2,17131
2000,3.1,17133
2000,5.3,17135
2000,3.9,17137
2000,3.9,17139
2000,4,17141
2000,4.2,17143
2000,6.6,17145
2000,3.4,17147
2000,5,17149
2000,6.2,17151
2000,6.6,17153
2000,4.7,17155
2000,4.7,17157
2000,5.7,17159
2000,4.2,17161
2000,4.7,17163
2000,6.5,17165
2000,3.4,17167
2000,4.8,17169
2000,4.5,17171
2000,4.6,17173
2000,5.6,17175
2000,4.9,17177
2000,3.8,17179
2000,6.1,17181
2000,5.5,17183
2000,4.9,17185
2000,4.2,17187
2000,3.7,17189
2000,5.5,17191
2000,4.7,17193
2000,3.9,17195
2000,4.1,17197
2000,5.7,17199
2000,4.2,17201
2000,3.2,17203
2000,3.1,18000
2000,2.8,18001
2000,2.8,18003
2000,2.7,18005
2000,3,18007
2000,4.4,18009
2000,2.2,18011
2000,3,18013
2000,2.9,18015
2000,3.1,18017
2000,3.6,18019
2000,4.2,18021
2000,3,18023
2000,4.9,18025
2000,3.1,18027
2000,3.4,18029
2000,2.3,18031
2000,3.1,18033
2000,3.5,18035
2000,2.3,18037
2000,2.7,18039
2000,4.5,18041
2000,3.5,18043
2000,3.2,18045
2000,3.6,18047
2000,4.1,18049
2000,3.4,18051
2000,4,18053
2000,4.9,18055
2000,1.9,18057
2000,2.3,18059
2000,3.4,18061
2000,2,18063
2000,4,18065
2000,3.3,18067
2000,3.1,18069
2000,2.7,18071
2000,3.5,18073
2000,3.4,18075
2000,3.4,18077
2000,2.9,18079
2000,2.2,18081
2000,3.8,18083
2000,2.5,18085
2000,2.4,18087
2000,3.9,18089
2000,3.6,18091
2000,4.1,18093
2000,3.2,18095
2000,2.8,18097
2000,3.2,18099
2000,3.5,18101
2000,3.5,18103
2000,2.8,18105
2000,2.7,18107
2000,2.5,18109
2000,3,18111
2000,2.9,18113
2000,3.5,18115
2000,4.5,18117
2000,3.1,18119
2000,3.6,18121
2000,4.8,18123
2000,3.6,18125
2000,2.9,18127
2000,3.1,18129
2000,4.5,18131
2000,3,18133
2000,3.9,18135
2000,2.6,18137
2000,2.7,18139
2000,3.3,18141
2000,3.4,18143
2000,2.7,18145
2000,3.6,18147
2000,4.9,18149
2000,3.1,18151
2000,5.4,18153
2000,5,18155
2000,2.7,18157
2000,2.7,18159
2000,3.2,18161
2000,3.3,18163
2000,4.8,18165
2000,4.2,18167
2000,3.1,18169
2000,2.8,18171
2000,3.4,18173
2000,3.9,18175
2000,3.7,18177
2000,2.5,18179
2000,3.1,18181
2000,2.6,18183
2000,2.6,19000
2000,2.6,19001
2000,3.8,19003
2000,3.4,19005
2000,4.3,19007
2000,2.9,19009
2000,2.3,19011
2000,2.8,19013
2000,2.1,19015
2000,2.4,19017
2000,2.8,19019
2000,2.3,19021
2000,3.2,19023
2000,2.8,19025
2000,2.2,19027
2000,3.6,19029
2000,2.2,19031
2000,2.9,19033
2000,2.3,19035
2000,6.3,19037
2000,3.1,19039
2000,2.4,19041
2000,3.4,19043
2000,3.4,19045
2000,2.5,19047
2000,1.9,19049
2000,3.2,19051
2000,3.3,19053
2000,2.8,19055
2000,3.5,19057
2000,2.7,19059
2000,3.2,19061
2000,2.8,19063
2000,3.7,19065
2000,3.7,19067
2000,2.7,19069
2000,2.3,19071
2000,3.3,19073
2000,2.3,19075
2000,2.6,19077
2000,2.5,19079
2000,2.2,19081
2000,3,19083
2000,2.7,19085
2000,2.9,19087
2000,3.1,19089
2000,2.5,19091
2000,2.2,19093
2000,2.1,19095
2000,3.6,19097
2000,2.5,19099
2000,2.8,19101
2000,1.8,19103
2000,2.6,19105
2000,3.2,19107
2000,2.5,19109
2000,4.4,19111
2000,2.3,19113
2000,2.9,19115
2000,2.7,19117
2000,2,19119
2000,3.1,19121
2000,2.3,19123
2000,2.2,19125
2000,2.7,19127
2000,2,19129
2000,2.7,19131
2000,3.1,19133
2000,3.1,19135
2000,3.2,19137
2000,2.7,19139
2000,2.3,19141
2000,2.4,19143
2000,3.2,19145
2000,2.3,19147
2000,2.5,19149
2000,2.7,19151
2000,2.3,19153
2000,2.3,19155
2000,2.7,19157
2000,2.9,19159
2000,2.6,19161
2000,3.2,19163
2000,2.3,19165
2000,1.9,19167
2000,1.7,19169
2000,3.3,19171
2000,3.2,19173
2000,3.3,19175
2000,3.2,19177
2000,3.5,19179
2000,2.1,19181
2000,2.2,19183
2000,3,19185
2000,3,19187
2000,2,19189
2000,2.5,19191
2000,2.6,19193
2000,2.9,19195
2000,2.6,19197
2000,3.6,20000
2000,4.5,20001
2000,4.1,20003
2000,4.3,20005
2000,2.7,20007
2000,3.3,20009
2000,3.7,20011
2000,4.8,20013
2000,3.9,20015
2000,2.9,20017
2000,4.3,20019
2000,4.7,20021
2000,2.5,20023
2000,2.8,20025
2000,3.2,20027
2000,3.6,20029
2000,3.7,20031
2000,2.2,20033
2000,4.4,20035
2000,4.3,20037
2000,2.5,20039
2000,3.1,20041
2000,4.8,20043
2000,2.7,20045
2000,2.6,20047
2000,4.8,20049
2000,2.6,20051
2000,3.3,20053
2000,2.5,20055
2000,2.6,20057
2000,3.6,20059
2000,4.7,20061
2000,2.2,20063
2000,2.8,20065
2000,2.8,20067
2000,2.6,20069
2000,3.3,20071
2000,4.7,20073
2000,2.7,20075
2000,3.6,20077
2000,3.5,20079
2000,2.3,20081
2000,3.3,20083
2000,4.1,20085
2000,3.8,20087
2000,2.6,20089
2000,2.8,20091
2000,2.7,20093
2000,3.5,20095
2000,2.7,20097
2000,4.8,20099
2000,2.8,20101
2000,3.9,20103
2000,2.7,20105
2000,4.7,20107
2000,3.4,20109
2000,3.1,20111
2000,2.9,20113
2000,3,20115
2000,3.5,20117
2000,2.6,20119
2000,3.2,20121
2000,2.7,20123
2000,5.1,20125
2000,3.5,20127
2000,2.7,20129
2000,2.8,20131
2000,4.3,20133
2000,2.4,20135
2000,3,20137
2000,4.4,20139
2000,2.6,20141
2000,3,20143
2000,2.8,20145
2000,2.7,20147
2000,3.2,20149
2000,2.6,20151
2000,2.8,20153
2000,3.7,20155
2000,2.9,20157
2000,3.6,20159
2000,2.8,20161
2000,3.2,20163
2000,3.4,20165
2000,4,20167
2000,2.9,20169
2000,2.1,20171
2000,4,20173
2000,2.9,20175
2000,3.8,20177
2000,2.1,20179
2000,2.7,20181
2000,2.7,20183
2000,3.1,20185
2000,2.4,20187
2000,2.8,20189
2000,4.5,20191
2000,2.4,20193
2000,2.5,20195
2000,3.2,20197
2000,2.1,20199
2000,3.4,20201
2000,2.8,20203
2000,3.8,20205
2000,4.8,20207
2000,6,20209
2000,4.2,21000
2000,5,21001
2000,4.4,21003
2000,3.4,21005
2000,5.9,21007
2000,4.6,21009
2000,6.1,21011
2000,6.5,21013
2000,2.9,21015
2000,3.3,21017
2000,5.8,21019
2000,4,21021
2000,3.5,21023
2000,6.7,21025
2000,4.8,21027
2000,3.2,21029
2000,4.1,21031
2000,4.4,21033
2000,3.9,21035
2000,3.3,21037
2000,6.1,21039
2000,4.3,21041
2000,7.2,21043
2000,4.6,21045
2000,4.8,21047
2000,3.7,21049
2000,6.6,21051
2000,5,21053
2000,6.4,21055
2000,5.7,21057
2000,4.2,21059
2000,4.9,21061
2000,8.9,21063
2000,4.8,21065
2000,2.9,21067
2000,4.7,21069
2000,6.9,21071
2000,3.4,21073
2000,5.3,21075
2000,3.9,21077
2000,3.5,21079
2000,3.8,21081
2000,5,21083
2000,5.1,21085
2000,4.6,21087
2000,5.8,21089
2000,4.9,21091
2000,4.3,21093
2000,8.2,21095
2000,3.5,21097
2000,4.7,21099
2000,3.5,21101
2000,3.2,21103
2000,4.7,21105
2000,5.4,21107
2000,5.6,21109
2000,3.7,21111
2000,2.9,21113
2000,5.7,21115
2000,3.2,21117
2000,7.3,21119
2000,5.7,21121
2000,4.4,21123
2000,4.2,21125
2000,6.9,21127
2000,5.9,21129
2000,5.8,21131
2000,7.8,21133
2000,8.6,21135
2000,4.1,21137
2000,5.6,21139
2000,3.6,21141
2000,5.6,21143
2000,4.6,21145
2000,6.6,21147
2000,5,21149
2000,3.5,21151
2000,10.5,21153
2000,5,21155
2000,5.1,21157
2000,7.2,21159
2000,3.7,21161
2000,4,21163
2000,6.2,21165
2000,3.8,21167
2000,4.5,21169
2000,8.1,21171
2000,4.3,21173
2000,6.4,21175
2000,5.8,21177
2000,4.2,21179
2000,7,21181
2000,5.1,21183
2000,3,21185
2000,3.6,21187
2000,5.7,21189
2000,3.5,21191
2000,6.7,21193
2000,6.1,21195
2000,4.9,21197
2000,4.3,21199
2000,4.4,21201
2000,4.7,21203
2000,4.3,21205
2000,5.7,21207
2000,3.1,21209
2000,3,21211
2000,3.4,21213
2000,3,21215
2000,5.2,21217
2000,4.1,21219
2000,4.5,21221
2000,3.8,21223
2000,4.7,21225
2000,3.7,21227
2000,4.1,21229
2000,5.5,21231
2000,4.6,21233
2000,4.9,21235
2000,8.4,21237
2000,2.7,21239
2000,5.3,22000
2000,5.8,22001
2000,6.7,22003
2000,5.3,22005
2000,6.4,22007
2000,6.4,22009
2000,5.3,22011
2000,6.7,22013
2000,4.8,22015
2000,5.2,22017
2000,5.1,22019
2000,6.8,22021
2000,5,22023
2000,9.4,22025
2000,6.4,22027
2000,8.5,22029
2000,6.2,22031
2000,4.6,22033
2000,9.7,22035
2000,5.7,22037
2000,6,22039
2000,7.3,22041
2000,6.3,22043
2000,5.8,22045
2000,7.1,22047
2000,5.7,22049
2000,4.6,22051
2000,5.9,22053
2000,4.1,22055
2000,4.5,22057
2000,5.8,22059
2000,5.4,22061
2000,5.6,22063
2000,8.1,22065
2000,7.7,22067
2000,5.9,22069
2000,5.5,22071
2000,4.7,22073
2000,5.8,22075
2000,6.3,22077
2000,5.4,22079
2000,6.9,22081
2000,6.9,22083
2000,5.2,22085
2000,5.5,22087
2000,5.6,22089
2000,5.8,22091
2000,8.6,22093
2000,6.8,22095
2000,6.5,22097
2000,5.6,22099
2000,7.4,22101
2000,4.3,22103
2000,6.5,22105
2000,7.6,22107
2000,4.6,22109
2000,5.7,22111
2000,5.3,22113
2000,6.1,22115
2000,6.2,22117
2000,6.1,22119
2000,5.3,22121
2000,9.6,22123
2000,6.7,22125
2000,6.6,22127
2000,3.4,23000
2000,3.4,23001
2000,4.2,23003
2000,2.5,23005
2000,5.1,23007
2000,4,23009
2000,3.5,23011
2000,2.8,23013
2000,3,23015
2000,4.1,23017
2000,3.7,23019
2000,5.3,23021
2000,2.7,23023
2000,4.8,23025
2000,3.9,23027
2000,6,23029
2000,2.7,23031
2000,3.6,24000
2000,5.9,24001
2000,3,24003
2000,3.7,24005
2000,3,24009
2000,3.6,24011
2000,3,24013
2000,3.5,24015
2000,3,24017
2000,5.1,24019
2000,2.7,24021
2000,5.2,24023
2000,3.3,24025
2000,2.5,24027
2000,3.9,24029
2000,2.6,24031
2000,3.7,24033
2000,3.1,24035
2000,3.3,24037
2000,6.3,24039
2000,3.4,24041
2000,3.7,24043
2000,4.2,24045
2000,6.2,24047
2000,5.9,24510
2000,2.7,25000
2000,3.4,25001
2000,2.9,25003
2000,3.7,25005
2000,2.7,25007
2000,2.7,25009
2000,2.5,25011
2000,3.3,25013
2000,2.2,25015
2000,2.2,25017
2000,1.5,25019
2000,2.3,25021
2000,2.7,25023
2000,3,25025
2000,2.7,25027
2000,3.6,26000
2000,7,26001
2000,5.5,26003
2000,2.9,26005
2000,5.7,26007
2000,4.7,26009
2000,5.9,26011
2000,6.7,26013
2000,3.4,26015
2000,4.2,26017
2000,4.6,26019
2000,3.9,26021
2000,3.9,26023
2000,4.2,26025
2000,3.2,26027
2000,4.6,26029
2000,8.3,26031
2000,6.5,26033
2000,5.5,26035
2000,2.7,26037
2000,4.7,26039
2000,5.4,26041
2000,4.2,26043
2000,2.9,26045
2000,5.6,26047
2000,4.5,26049
2000,5.4,26051
2000,6.4,26053
2000,3.5,26055
2000,4.7,26057
2000,3.8,26059
2000,5,26061
2000,4.7,26063
2000,3,26065
2000,3.7,26067
2000,6.6,26069
2000,6,26071
2000,3.4,26073
2000,3.5,26075
2000,3,26077
2000,4.8,26079
2000,3.2,26081
2000,6.4,26083
2000,5.8,26085
2000,3.9,26087
2000,3.1,26089
2000,3.8,26091
2000,2.4,26093
2000,6.2,26095
2000,7.7,26097
2000,3.3,26099
2000,5.5,26101
2000,4.5,26103
2000,5,26105
2000,4.4,26107
2000,4.3,26109
2000,3.3,26111
2000,4.6,26113
2000,3.2,26115
2000,4.2,26117
2000,8.3,26119
2000,4.2,26121
2000,4.7,26123
2000,2.6,26125
2000,6,26127
2000,5.5,26129
2000,6.5,26131
2000,4.6,26133
2000,6.3,26135
2000,4.2,26137
2000,2.7,26139
2000,8.5,26141
2000,5.6,26143
2000,4.2,26145
2000,3.8,26147
2000,3.4,26149
2000,4.7,26151
2000,8.3,26153
2000,4,26155
2000,4.7,26157
2000,4.1,26159
2000,2.4,26161
2000,3.9,26163
2000,5.5,26165
2000,3.2,27000
2000,6.2,27001
2000,2.7,27003
2000,5,27005
2000,4.7,27007
2000,3.5,27009
2000,4.3,27011
2000,2.8,27013
2000,3.8,27015
2000,4.9,27017
2000,2.4,27019
2000,5.5,27021
2000,5,27023
2000,3.7,27025
2000,3.2,27027
2000,9.5,27029
2000,4.1,27031
2000,4.8,27033
2000,4.1,27035
2000,2.4,27037
2000,3,27039
2000,3.4,27041
2000,3.8,27043
2000,3.2,27045
2000,3.5,27047
2000,3.1,27049
2000,5,27051
2000,2.7,27053
2000,4.1,27055
2000,5,27057
2000,3.4,27059
2000,5.8,27061
2000,3.1,27063
2000,4.8,27065
2000,3.3,27067
2000,5.6,27069
2000,5.3,27071
2000,3.5,27073
2000,4.2,27075
2000,4.1,27077
2000,3.9,27079
2000,3.7,27081
2000,2.9,27083
2000,3.3,27085
2000,5.8,27087
2000,8,27089
2000,3.5,27091
2000,4.3,27093
2000,4.5,27095
2000,4.7,27097
2000,2.9,27099
2000,3.8,27101
2000,2.7,27103
2000,3.1,27105
2000,4.5,27107
2000,2.7,27109
2000,4.2,27111
2000,6,27113
2000,5.3,27115
2000,3.4,27117
2000,4.8,27119
2000,3,27121
2000,2.9,27123
2000,7.5,27125
2000,3.2,27127
2000,4,27129
2000,3.1,27131
2000,2.7,27133
2000,3.7,27135
2000,4.4,27137
2000,2.6,27139
2000,3,27141
2000,3.3,27143
2000,3.1,27145
2000,2.9,27147
2000,3.5,27149
2000,3.9,27151
2000,3.9,27153
2000,4.8,27155
2000,2.9,27157
2000,5.2,27159
2000,3,27161
2000,2.5,27163
2000,3.4,27165
2000,3.1,27167
2000,3.1,27169
2000,3.2,27171
2000,4.3,27173
2000,5.4,28000
2000,6.3,28001
2000,4.9,28003
2000,5.3,28005
2000,7.1,28007
2000,6.5,28009
2000,7.2,28011
2000,5.7,28013
2000,5.7,28015
2000,5.3,28017
2000,7.5,28019
2000,9.1,28021
2000,8.2,28023
2000,6.1,28025
2000,7.6,28027
2000,6.2,28029
2000,5.5,28031
2000,2.4,28033
2000,4.8,28035
2000,6.5,28037
2000,7.5,28039
2000,8.5,28041
2000,5.5,28043
2000,4.6,28045
2000,4.6,28047
2000,5,28049
2000,13.1,28051
2000,9.3,28053
2000,10.1,28055
2000,5.2,28057
2000,5.7,28059
2000,5.8,28061
2000,11.9,28063
2000,9.8,28065
2000,4.4,28067
2000,8.2,28069
2000,4.3,28071
2000,4,28073
2000,5.6,28075
2000,7.6,28077
2000,6.3,28079
2000,4.4,28081
2000,8.8,28083
2000,5.4,28085
2000,5.5,28087
2000,4.1,28089
2000,5.9,28091
2000,4.2,28093
2000,7,28095
2000,6.3,28097
2000,5.3,28099
2000,5.5,28101
2000,8.8,28103
2000,5.1,28105
2000,6.9,28107
2000,5,28109
2000,6.1,28111
2000,6.3,28113
2000,4.5,28115
2000,5.1,28117
2000,7.2,28119
2000,3.5,28121
2000,4.7,28123
2000,9.8,28125
2000,4.8,28127
2000,4.7,28129
2000,5.5,28131
2000,8.8,28133
2000,8.1,28135
2000,3.6,28137
2000,5.6,28139
2000,7,28141
2000,5,28143
2000,4.4,28145
2000,6.7,28147
2000,5,28149
2000,7.6,28151
2000,6.4,28153
2000,4.9,28155
2000,8.4,28157
2000,6.7,28159
2000,5.8,28161
2000,7.1,28163
2000,3.6,29000
2000,3.1,29001
2000,3.2,29003
2000,2.7,29005
2000,3.2,29007
2000,3.5,29009
2000,2.8,29011
2000,3.8,29013
2000,5.5,29015
2000,4.4,29017
2000,2.3,29019
2000,3.7,29021
2000,4.9,29023
2000,3.5,29025
2000,3,29027
2000,4.3,29029
2000,3.1,29031
2000,3.4,29033
2000,5.8,29035
2000,2.9,29037
2000,3.8,29039
2000,3.8,29041
2000,3,29043
2000,3.8,29045
2000,2.6,29047
2000,3.1,29049
2000,2.7,29051
2000,3.4,29053
2000,4.6,29055
2000,3.6,29057
2000,4.7,29059
2000,3.3,29061
2000,4.1,29063
2000,5,29065
2000,4.7,29067
2000,4.7,29069
2000,3.8,29071
2000,3.6,29073
2000,3.3,29075
2000,3,29077
2000,3.3,29079
2000,3.2,29081
2000,3.7,29083
2000,6.3,29085
2000,3.2,29087
2000,3.2,29089
2000,3.9,29091
2000,5.8,29093
2000,3.7,29095
2000,3.5,29097
2000,3.4,29099
2000,3.3,29101
2000,3.7,29103
2000,3.8,29105
2000,3.4,29107
2000,3.3,29109
2000,3.5,29111
2000,3.5,29113
2000,5.3,29115
2000,2.9,29117
2000,3.7,29119
2000,4.4,29121
2000,5.1,29123
2000,3.8,29125
2000,4,29127
2000,3,29129
2000,4.5,29131
2000,5.4,29133
2000,3.2,29135
2000,3.9,29137
2000,3.6,29139
2000,4.3,29141
2000,5,29143
2000,4,29145
2000,2.4,29147
2000,4.1,29149
2000,4,29151
2000,4.4,29153
2000,5.8,29155
2000,2.7,29157
2000,3.5,29159
2000,3.6,29161
2000,3.7,29163
2000,2.4,29165
2000,3.2,29167
2000,5.1,29169
2000,3.5,29171
2000,3.7,29173
2000,4,29175
2000,3.8,29177
2000,7.4,29179
2000,5.2,29181
2000,2.6,29183
2000,4.1,29185
2000,3.4,29186
2000,5.8,29187
2000,3.1,29189
2000,3,29195
2000,4.5,29197
2000,3,29199
2000,4.5,29201
2000,5.6,29203
2000,4.8,29205
2000,4.4,29207
2000,6.4,29209
2000,3.2,29211
2000,6.9,29213
2000,5.2,29215
2000,3,29217
2000,3.5,29219
2000,6.2,29221
2000,5.6,29223
2000,3.6,29225
2000,3.8,29227
2000,4.7,29229
2000,5.7,29510
2000,5,30000
2000,4.3,30001
2000,9.8,30003
2000,5.7,30005
2000,4.7,30007
2000,4.6,30009
2000,3.8,30011
2000,5.1,30013
2000,3.9,30015
2000,4.7,30017
2000,4.8,30019
2000,4.2,30021
2000,7.4,30023
2000,3.8,30025
2000,5.4,30027
2000,5.5,30029
2000,3.7,30031
2000,4.4,30033
2000,8.4,30035
2000,5.5,30037
2000,6.4,30039
2000,5.1,30041
2000,4.9,30043
2000,4.7,30045
2000,5.7,30047
2000,4.2,30049
2000,4.4,30051
2000,8.7,30053
2000,3.8,30055
2000,5.2,30057
2000,6.1,30059
2000,6.7,30061
2000,4.2,30063
2000,6.3,30065
2000,5.3,30067
2000,6.8,30069
2000,4.7,30071
2000,4.9,30073
2000,4,30075
2000,6,30077
2000,5.4,30079
2000,5.5,30081
2000,5.5,30083
2000,7.3,30085
2000,6.1,30087
2000,7.2,30089
2000,4.8,30091
2000,6,30093
2000,4.7,30095
2000,3.3,30097
2000,4.5,30099
2000,4.2,30101
2000,4.8,30103
2000,4.6,30105
2000,5,30107
2000,4.6,30109
2000,4.2,30111
2000,2.8,31000
2000,2.6,31001
2000,2.8,31003
2000,2.2,31005
2000,3,31007
2000,3.4,31009
2000,2.5,31011
2000,3.9,31013
2000,2.9,31015
2000,3.3,31017
2000,2.3,31019
2000,3.7,31021
2000,2.8,31023
2000,2.8,31025
2000,2.5,31027
2000,2.4,31029
2000,2.6,31031
2000,2.3,31033
2000,2.9,31035
2000,2.1,31037
2000,2.3,31039
2000,2.6,31041
2000,3.2,31043
2000,3,31045
2000,3.1,31047
2000,3,31049
2000,2.6,31051
2000,3.1,31053
2000,3,31055
2000,2.2,31057
2000,2.6,31059
2000,2.7,31061
2000,2.5,31063
2000,2.8,31065
2000,3,31067
2000,2.6,31069
2000,2.6,31071
2000,2.6,31073
2000,2.3,31075
2000,2.9,31077
2000,3,31079
2000,2.4,31081
2000,2.6,31083
2000,3.4,31085
2000,2.7,31087
2000,2.6,31089
2000,3.3,31091
2000,2.6,31093
2000,3.2,31095
2000,6.2,31097
2000,2.1,31099
2000,2.7,31101
2000,2.4,31103
2000,2.5,31105
2000,3.8,31107
2000,2.4,31109
2000,3.2,31111
2000,2.4,31113
2000,2.4,31115
2000,1.8,31117
2000,3.3,31119
2000,2.7,31121
2000,3.5,31123
2000,3,31125
2000,4,31127
2000,2.6,31129
2000,3.1,31131
2000,3.5,31133
2000,2.2,31135
2000,2.2,31137
2000,2.6,31139
2000,2.8,31141
2000,2.3,31143
2000,2.6,31145
2000,5,31147
2000,2.8,31149
2000,2.6,31151
2000,2.3,31153
2000,2.8,31155
2000,4,31157
2000,2.4,31159
2000,2.9,31161
2000,2.8,31163
2000,1.9,31165
2000,2.6,31167
2000,2.6,31169
2000,5,31171
2000,7,31173
2000,2.7,31175
2000,2.4,31177
2000,2.6,31179
2000,2.8,31181
2000,2.4,31183
2000,2.5,31185
2000,4.2,32000
2000,5.8,32001
2000,4.3,32003
2000,3.8,32005
2000,3.7,32007
2000,8,32009
2000,3,32011
2000,4.6,32013
2000,5.4,32015
2000,4.6,32017
2000,5.4,32019
2000,7.7,32021
2000,6.4,32023
2000,4.1,32027
2000,3,32029
2000,3.5,32031
2000,3.9,32033
2000,3.5,32510
2000,2.7,33000
2000,2.4,33001
2000,2.7,33003
2000,2.6,33005
2000,3.6,33007
2000,2.4,33009
2000,2.5,33011
2000,2.4,33013
2000,3,33015
2000,2.7,33017
2000,2.5,33019
2000,3.7,34000
2000,4.7,34001
2000,3.2,34003
2000,3.1,34005
2000,3.9,34007
2000,6.4,34009
2000,5.8,34011
2000,4.5,34013
2000,3.6,34015
2000,4.8,34017
2000,2.3,34019
2000,3.3,34021
2000,3.4,34023
2000,3.2,34025
2000,2.7,34027
2000,3.7,34029
2000,4.6,34031
2000,3.9,34033
2000,2.6,34035
2000,3,34037
2000,3.9,34039
2000,2.9,34041
2000,4.9,35000
2000,4,35001
2000,6.6,35003
2000,5.6,35005
2000,6.8,35006
2000,5,35007
2000,4.6,35009
2000,4.7,35011
2000,6.1,35013
2000,5.6,35015
2000,5.8,35017
2000,7.2,35019
2000,4.1,35021
2000,6.8,35023
2000,5.2,35025
2000,4.2,35027
2000,3,35028
2000,15.5,35029
2000,6.5,35031
2000,10.5,35033
2000,5.3,35035
2000,4.9,35037
2000,6.1,35039
2000,4.4,35041
2000,4.2,35043
2000,5.7,35045
2000,5.8,35047
2000,3.6,35049
2000,4.4,35051
2000,5,35053
2000,6.7,35055
2000,5,35057
2000,3.7,35059
2000,4.6,35061
2000,4.5,36000
2000,3.4,36001
2000,4.9,36003
2000,7.1,36005
2000,3.7,36007
2000,4.6,36009
2000,3.9,36011
2000,4.1,36013
2000,4.3,36015
2000,4,36017
2000,4.7,36019
2000,3.5,36021
2000,4.4,36023
2000,4.2,36025
2000,3.2,36027
2000,4.2,36029
2000,4.8,36031
2000,5.8,36033
2000,4.7,36035
2000,4,36037
2000,4.6,36039
2000,5.5,36041
2000,4.3,36043
2000,5.9,36045
2000,6.3,36047
2000,5.2,36049
2000,4.1,36051
2000,3.9,36053
2000,3.6,36055
2000,4.8,36057
2000,3.3,36059
2000,5,36061
2000,4.7,36063
2000,3.9,36065
2000,3.5,36067
2000,3.6,36069
2000,3.4,36071
2000,4.7,36073
2000,4.8,36075
2000,4.3,36077
2000,2.9,36079
2000,5.3,36081
2000,3.6,36083
2000,5.1,36085
2000,3.3,36087
2000,5.7,36089
2000,3.3,36091
2000,3.5,36093
2000,4.3,36095
2000,4.5,36097
2000,4.2,36099
2000,4.1,36101
2000,3.5,36103
2000,4.4,36105
2000,3.5,36107
2000,3.3,36109
2000,3.6,36111
2000,4.2,36113
2000,3.7,36115
2000,3.8,36117
2000,3.4,36119
2000,4.8,36121
2000,3.7,36123
2000,3.7,37000
2000,3.1,37001
2000,2.7,37003
2000,5.9,37005
2000,5.2,37007
2000,5,37009
2000,4,37011
2000,6,37013
2000,7,37015
2000,6,37017
2000,4.5,37019
2000,3.1,37021
2000,3.5,37023
2000,3,37025
2000,2.9,37027
2000,2.9,37029
2000,4.1,37031
2000,3.7,37033
2000,2.7,37035
2000,2.7,37037
2000,6.3,37039
2000,3.9,37041
2000,4,37043
2000,4.9,37045
2000,7.6,37047
2000,4.1,37049
2000,4.4,37051
2000,2.7,37053
2000,4.3,37055
2000,3.2,37057
2000,4.1,37059
2000,4.3,37061
2000,2.9,37063
2000,5.8,37065
2000,3.2,37067
2000,3.2,37069
2000,5.4,37071
2000,3.4,37073
2000,6.5,37075
2000,4.3,37077
2000,4.6,37079
2000,3.2,37081
2000,6,37083
2000,3.7,37085
2000,3.8,37087
2000,3,37089
2000,5.1,37091
2000,5.6,37093
2000,5.6,37095
2000,3.4,37097
2000,3.9,37099
2000,2.9,37101
2000,4.5,37103
2000,3.9,37105
2000,5.2,37107
2000,3.7,37109
2000,4.2,37111
2000,3.8,37113
2000,3.7,37115
2000,6.8,37117
2000,2.9,37119
2000,4.4,37121
2000,3.9,37123
2000,3.6,37125
2000,4.5,37127
2000,3.6,37129
2000,5.4,37131
2000,4.3,37133
2000,2.5,37135
2000,4,37137
2000,3.7,37139
2000,4.1,37141
2000,3.9,37143
2000,4.3,37145
2000,4.1,37147
2000,3.6,37149
2000,3.4,37151
2000,5.3,37153
2000,6.6,37155
2000,4.7,37157
2000,4.4,37159
2000,5.8,37161
2000,3.5,37163
2000,6.3,37165
2000,3.8,37167
2000,3.4,37169
2000,4,37171
2000,8.8,37173
2000,3.2,37175
2000,7.3,37177
2000,2.7,37179
2000,6.7,37181
2000,2.4,37183
2000,6,37185
2000,5.3,37187
2000,2.9,37189
2000,3.9,37191
2000,3.5,37193
2000,5.5,37195
2000,3.5,37197
2000,3.6,37199
2000,3,38000
2000,2.7,38001
2000,3.2,38003
2000,6,38005
2000,2.5,38007
2000,3.8,38009
2000,2.1,38011
2000,2.9,38013
2000,2.3,38015
2000,2.1,38017
2000,3.4,38019
2000,2.1,38021
2000,2.9,38023
2000,3.2,38025
2000,4.2,38027
2000,4.2,38029
2000,2.9,38031
2000,3.1,38033
2000,2.8,38035
2000,3.1,38037
2000,2.5,38039
2000,3,38041
2000,4.6,38043
2000,2.8,38045
2000,2.8,38047
2000,4.9,38049
2000,2.9,38051
2000,3.1,38053
2000,4.7,38055
2000,4.4,38057
2000,3,38059
2000,4.7,38061
2000,3.8,38063
2000,4.2,38065
2000,5.2,38067
2000,3.4,38069
2000,3.4,38071
2000,2.4,38073
2000,2.5,38075
2000,2.8,38077
2000,9.5,38079
2000,2.4,38081
2000,5.2,38083
2000,5.6,38085
2000,2.6,38087
2000,2.8,38089
2000,2,38091
2000,2.5,38093
2000,2.8,38095
2000,2.9,38097
2000,3.6,38099
2000,3.2,38101
2000,4,38103
2000,2.9,38105
2000,4,39000
2000,7.4,39001
2000,4.6,39003
2000,4.2,39005
2000,5.1,39007
2000,5.5,39009
2000,3.5,39011
2000,6.4,39013
2000,5.4,39015
2000,3.8,39017
2000,4.6,39019
2000,3.8,39021
2000,4.5,39023
2000,3.8,39025
2000,3.7,39027
2000,5.1,39029
2000,4.5,39031
2000,4.5,39033
2000,2.8,39035
2000,4.2,39037
2000,3.9,39039
2000,2.8,39041
2000,4.5,39043
2000,3.4,39045
2000,4.1,39047
2000,3.3,39049
2000,4.2,39051
2000,7.3,39053
2000,2.2,39055
2000,3.9,39057
2000,6.7,39059
2000,3.9,39061
2000,3.5,39063
2000,4.3,39065
2000,5.4,39067
2000,4.5,39069
2000,4.6,39071
2000,6.5,39073
2000,3,39075
2000,5.7,39077
2000,6.1,39079
2000,6,39081
2000,4.3,39083
2000,2.4,39085
2000,7.8,39087
2000,3.8,39089
2000,3.8,39091
2000,2.9,39093
2000,4.8,39095
2000,3.6,39097
2000,5.4,39099
2000,4.4,39101
2000,2.3,39103
2000,7.6,39105
2000,4.2,39107
2000,3.7,39109
2000,7.5,39111
2000,4.2,39113
2000,7,39115
2000,4,39117
2000,5.5,39119
2000,6.7,39121
2000,5.3,39123
2000,4,39125
2000,5.6,39127
2000,4.2,39129
2000,7.2,39131
2000,4.1,39133
2000,4,39135
2000,3.5,39137
2000,5.3,39139
2000,5.3,39141
2000,4.4,39143
2000,7.6,39145
2000,4.5,39147
2000,4.1,39149
2000,4.4,39151
2000,4.4,39153
2000,5.3,39155
2000,4.4,39157
2000,3.2,39159
2000,4.4,39161
2000,7.2,39163
2000,3.5,39165
2000,5.7,39167
2000,3.5,39169
2000,3.7,39171
2000,3.7,39173
2000,4.2,39175
2000,3,40000
2000,3.5,40001
2000,2.9,40003
2000,3.6,40005
2000,2.4,40007
2000,3.1,40009
2000,2.8,40011
2000,2.9,40013
2000,3.7,40015
2000,2.3,40017
2000,3.7,40019
2000,3.1,40021
2000,4.7,40023
2000,2.2,40025
2000,2.3,40027
2000,4.2,40029
2000,3.6,40031
2000,3.2,40033
2000,3.5,40035
2000,3.2,40037
2000,2.5,40039
2000,3.6,40041
2000,2.7,40043
2000,2.6,40045
2000,2.8,40047
2000,3.4,40049
2000,2.9,40051
2000,2.5,40053
2000,3.9,40055
2000,2.7,40057
2000,2.1,40059
2000,4.4,40061
2000,5.1,40063
2000,3,40065
2000,3.5,40067
2000,3.6,40069
2000,4.2,40071
2000,2.2,40073
2000,2.8,40075
2000,4.7,40077
2000,4.2,40079
2000,2.9,40081
2000,2.5,40083
2000,3.5,40085
2000,2.5,40087
2000,4.7,40089
2000,4.5,40091
2000,2.3,40093
2000,3.7,40095
2000,3.3,40097
2000,3.5,40099
2000,3.8,40101
2000,2.3,40103
2000,3.4,40105
2000,3.8,40107
2000,2.8,40109
2000,4.4,40111
2000,3.1,40113
2000,4.5,40115
2000,3.7,40117
2000,2.4,40119
2000,4.4,40121
2000,3.3,40123
2000,3.2,40125
2000,4.3,40127
2000,2.4,40129
2000,2.6,40131
2000,4.2,40133
2000,4.3,40135
2000,3.3,40137
2000,2.6,40139
2000,3.2,40141
2000,2.8,40143
2000,2.5,40145
2000,3,40147
2000,2.6,40149
2000,2.5,40151
2000,2.9,40153
2000,5.1,41000
2000,7.1,41001
2000,3.8,41003
2000,4,41005
2000,5,41007
2000,5.5,41009
2000,7.3,41011
2000,7.2,41013
2000,7,41015
2000,5.3,41017
2000,7.3,41019
2000,4.8,41021
2000,9.6,41023
2000,8.4,41025
2000,6.6,41027
2000,5.6,41029
2000,5.3,41031
2000,7,41033
2000,7.3,41035
2000,8.3,41037
2000,5.4,41039
2000,6.4,41041
2000,6.6,41043
2000,7.6,41045
2000,5.5,41047
2000,7.7,41049
2000,4.6,41051
2000,4.8,41053
2000,6.2,41055
2000,5.2,41057
2000,6.1,41059
2000,5.5,41061
2000,7.5,41063
2000,6.1,41065
2000,3.9,41067
2000,7.2,41069
2000,4.9,41071
2000,4.1,42000
2000,3.1,42001
2000,4,42003
2000,5.7,42005
2000,4.3,42007
2000,5.5,42009
2000,3.9,42011
2000,4.6,42013
2000,3.6,42015
2000,3.4,42017
2000,4.1,42019
2000,6.1,42021
2000,6.6,42023
2000,5.1,42025
2000,3.4,42027
2000,3,42029
2000,5,42031
2000,5.6,42033
2000,5.1,42035
2000,5.2,42037
2000,4.9,42039
2000,3.1,42041
2000,3.5,42043
2000,3.7,42045
2000,4.8,42047
2000,4.5,42049
2000,5.6,42051
2000,7,42053
2000,3.7,42055
2000,3.8,42057
2000,5.8,42059
2000,6,42061
2000,5.7,42063
2000,5.2,42065
2000,4.1,42067
2000,4.5,42069
2000,2.8,42071
2000,4.9,42073
2000,3.1,42075
2000,3.6,42077
2000,5.1,42079
2000,4.3,42081
2000,4.7,42083
2000,4.9,42085
2000,4.2,42087
2000,4.1,42089
2000,3.1,42091
2000,3.5,42093
2000,3.7,42095
2000,4.5,42097
2000,3.7,42099
2000,5.5,42101
2000,3.8,42103
2000,4.5,42105
2000,5.8,42107
2000,3.6,42109
2000,5.2,42111
2000,4.8,42113
2000,3.9,42115
2000,4.4,42117
2000,3.8,42119
2000,5,42121
2000,3.7,42123
2000,4.6,42125
2000,4.5,42127
2000,4.6,42129
2000,4.8,42131
2000,3.3,42133
2000,4.1,44000
2000,3.6,44001
2000,3.9,44003
2000,3.7,44005
2000,4.4,44007
2000,3.3,44009
2000,3.8,45000
2000,3.8,45001
2000,3.9,45003
2000,5.3,45005
2000,3.2,45007
2000,5.2,45009
2000,5.1,45011
2000,3.2,45013
2000,3.3,45015
2000,3.9,45017
2000,3.4,45019
2000,4.3,45021
2000,5.3,45023
2000,4.8,45025
2000,5.6,45027
2000,3.9,45029
2000,5,45031
2000,7,45033
2000,3.1,45035
2000,3.7,45037
2000,5.1,45039
2000,4.2,45041
2000,5.6,45043
2000,2.7,45045
2000,4.4,45047
2000,4.4,45049
2000,3.7,45051
2000,3.7,45053
2000,3.9,45055
2000,3.8,45057
2000,3.4,45059
2000,5.8,45061
2000,2.8,45063
2000,6.5,45065
2000,9.6,45067
2000,7,45069
2000,4.3,45071
2000,3.6,45073
2000,6,45075
2000,3.1,45077
2000,3.4,45079
2000,3.8,45081
2000,3.7,45083
2000,4.4,45085
2000,5.3,45087
2000,7.8,45089
2000,3.3,45091
2000,2.5,46000
2000,2.2,46003
2000,2.4,46005
2000,3.5,46007
2000,2.6,46009
2000,2,46011
2000,2.3,46013
2000,2.4,46015
2000,9.2,46017
2000,2.7,46019
2000,5.3,46021
2000,2.7,46023
2000,3.6,46025
2000,2.1,46027
2000,2.4,46029
2000,5.5,46031
2000,2.9,46033
2000,2.2,46035
2000,4,46037
2000,3.1,46039
2000,9,46041
2000,2.1,46043
2000,2.3,46045
2000,3.7,46047
2000,2.4,46049
2000,3,46051
2000,3,46053
2000,1.7,46055
2000,2.5,46057
2000,2,46059
2000,2.1,46061
2000,2.6,46063
2000,1.9,46065
2000,2.5,46067
2000,2.5,46069
2000,4.2,46071
2000,2.3,46073
2000,2.1,46075
2000,2.5,46077
2000,2.4,46079
2000,2.8,46081
2000,1.7,46083
2000,4,46085
2000,2.1,46087
2000,2.8,46089
2000,3.6,46091
2000,2.3,46093
2000,3.7,46095
2000,2.6,46097
2000,1.9,46099
2000,3.7,46101
2000,8.5,46102
2000,2.3,46103
2000,2.5,46105
2000,2.7,46107
2000,3.8,46109
2000,2.4,46111
2000,3,46115
2000,1.8,46117
2000,2.2,46119
2000,4.4,46121
2000,2.6,46123
2000,2.2,46125
2000,2.4,46127
2000,3.3,46129
2000,2.2,46135
2000,7.6,46137
2000,3.9,47000
2000,4.1,47001
2000,4.5,47003
2000,7.3,47005
2000,4,47007
2000,3.5,47009
2000,3.5,47011
2000,5.9,47013
2000,3.5,47015
2000,7.7,47017
2000,4.7,47019
2000,2.7,47021
2000,4,47023
2000,4.9,47025
2000,6.4,47027
2000,6.3,47029
2000,3.9,47031
2000,4.6,47033
2000,4.9,47035
2000,3.1,47037
2000,5.3,47039
2000,4.6,47041
2000,3.5,47043
2000,5.1,47045
2000,4.4,47047
2000,7.3,47049
2000,3.8,47051
2000,5.2,47053
2000,4.3,47055
2000,4.5,47057
2000,5.7,47059
2000,4.9,47061
2000,3.9,47063
2000,3.2,47065
2000,5,47067
2000,5,47069
2000,5.3,47071
2000,4.1,47073
2000,5.5,47075
2000,4.9,47077
2000,4.8,47079
2000,4,47081
2000,5.8,47083
2000,4.9,47085
2000,6.2,47087
2000,4.2,47089
2000,6.6,47091
2000,3,47093
2000,6.1,47095
2000,5.1,47097
2000,9.1,47099
2000,5.4,47101
2000,3.5,47103
2000,3.5,47105
2000,4.4,47107
2000,4.3,47109
2000,3.7,47111
2000,3.6,47113
2000,4.4,47115
2000,3.5,47117
2000,3.5,47119
2000,5.1,47121
2000,5.3,47123
2000,3.7,47125
2000,3.1,47127
2000,5,47129
2000,4.2,47131
2000,5.3,47133
2000,5.1,47135
2000,5,47137
2000,4.4,47139
2000,4.3,47141
2000,4.6,47143
2000,4.2,47145
2000,3.5,47147
2000,3,47149
2000,5.1,47151
2000,3.8,47153
2000,4.9,47155
2000,3.8,47157
2000,4.2,47159
2000,4.8,47161
2000,3.6,47163
2000,3.2,47165
2000,3.6,47167
2000,3.4,47169
2000,6.7,47171
2000,3.8,47173
2000,4.6,47175
2000,4,47177
2000,3.9,47179
2000,8.1,47181
2000,4.9,47183
2000,4.5,47185
2000,2.5,47187
2000,3.1,47189
2000,4.3,48000
2000,6,48001
2000,4.9,48003
2000,4.8,48005
2000,5.9,48007
2000,3.2,48009
2000,3.1,48011
2000,4.1,48013
2000,3.9,48015
2000,4.5,48017
2000,3.6,48019
2000,3.4,48021
2000,4.6,48023
2000,5.8,48025
2000,4.1,48027
2000,4,48029
2000,3.1,48031
2000,6.4,48033
2000,4.1,48035
2000,4.9,48037
2000,4.9,48039
2000,3.7,48041
2000,3.9,48043
2000,3.6,48045
2000,6.7,48047
2000,4.4,48049
2000,4,48051
2000,3.5,48053
2000,4,48055
2000,4.6,48057
2000,3.8,48059
2000,6.9,48061
2000,5.1,48063
2000,3.2,48065
2000,5.8,48067
2000,3.6,48069
2000,4.2,48071
2000,4.6,48073
2000,4.7,48075
2000,3.5,48077
2000,5.8,48079
2000,4.2,48081
2000,4.7,48083
2000,2.8,48085
2000,3.7,48087
2000,3.7,48089
2000,3.5,48091
2000,3.9,48093
2000,5.6,48095
2000,3.6,48097
2000,5.3,48099
2000,4.3,48101
2000,5.3,48103
2000,3.7,48105
2000,4.5,48107
2000,5.6,48109
2000,3.3,48111
2000,3.8,48113
2000,5.2,48115
2000,4.8,48117
2000,5,48119
2000,2.8,48121
2000,4.3,48123
2000,5.1,48125
2000,8.6,48127
2000,4.1,48129
2000,7,48131
2000,4.7,48133
2000,5.3,48135
2000,4.3,48137
2000,3.5,48139
2000,6.7,48141
2000,3.6,48143
2000,5.4,48145
2000,4.8,48147
2000,3.4,48149
2000,3.8,48151
2000,4.8,48153
2000,3.8,48155
2000,3.5,48157
2000,4.2,48159
2000,5,48161
2000,6,48163
2000,4.3,48165
2000,4.8,48167
2000,4.3,48169
2000,3.8,48171
2000,3,48173
2000,3.8,48175
2000,3.4,48177
2000,5,48179
2000,4,48181
2000,5.4,48183
2000,5.3,48185
2000,3.4,48187
2000,4.5,48189
2000,5.2,48191
2000,3.7,48193
2000,2.9,48195
2000,3.6,48197
2000,5.5,48199
2000,4.3,48201
2000,4.9,48203
2000,3.1,48205
2000,4.2,48207
2000,3.2,48209
2000,2.9,48211
2000,4.2,48213
2000,9.1,48215
2000,4.5,48217
2000,4,48219
2000,3.9,48221
2000,4,48223
2000,5.1,48225
2000,5,48227
2000,4.5,48229
2000,4.2,48231
2000,4.7,48233
2000,3.2,48235
2000,4.2,48237
2000,3.7,48239
2000,7.1,48241
2000,3.8,48243
2000,6.4,48245
2000,5.9,48247
2000,5.9,48249
2000,3.7,48251
2000,5.1,48253
2000,5.3,48255
2000,4,48257
2000,3.3,48259
2000,3.4,48261
2000,3.8,48263
2000,3.8,48265
2000,3.5,48267
2000,3.3,48269
2000,7.4,48271
2000,5,48273
2000,4.6,48275
2000,4.9,48277
2000,4.9,48279
2000,3.8,48281
2000,7,48283
2000,3.1,48285
2000,3.5,48287
2000,5.1,48289
2000,5.8,48291
2000,4.7,48293
2000,3.4,48295
2000,4.5,48297
2000,4.2,48299
2000,8.2,48301
2000,3.5,48303
2000,4,48305
2000,5.2,48307
2000,4.1,48309
2000,4,48311
2000,4.8,48313
2000,6.3,48315
2000,3.9,48317
2000,2.9,48319
2000,6.6,48321
2000,14.8,48323
2000,3.9,48325
2000,3.5,48327
2000,4.1,48329
2000,3.7,48331
2000,3.5,48333
2000,5.5,48335
2000,4.7,48337
2000,3.6,48339
2000,3.2,48341
2000,6.3,48343
2000,3.4,48345
2000,4.3,48347
2000,4.9,48349
2000,7.9,48351
2000,4.8,48353
2000,5.2,48355
2000,3.1,48357
2000,3.2,48359
2000,6.8,48361
2000,4.1,48363
2000,5.6,48365
2000,3.5,48367
2000,3.4,48369
2000,5,48371
2000,5.8,48373
2000,5.3,48375
2000,16.4,48377
2000,3.9,48379
2000,2.5,48381
2000,3.4,48383
2000,4.4,48385
2000,4.8,48387
2000,8.7,48389
2000,4.2,48391
2000,2.5,48393
2000,4.6,48395
2000,3,48397
2000,4.7,48399
2000,4.9,48401
2000,8.4,48403
2000,5.2,48405
2000,4.6,48407
2000,5.8,48409
2000,4.2,48411
2000,3.7,48413
2000,4.8,48415
2000,3.4,48417
2000,5.2,48419
2000,2.7,48421
2000,4.4,48423
2000,4.1,48425
2000,16.6,48427
2000,4.2,48429
2000,3.3,48431
2000,4.3,48433
2000,3.8,48435
2000,4,48437
2000,3.5,48439
2000,4,48441
2000,3.9,48443
2000,4.9,48445
2000,3.4,48447
2000,4.4,48449
2000,3.9,48451
2000,3,48453
2000,5.3,48455
2000,6.7,48457
2000,4.8,48459
2000,4.8,48461
2000,5.7,48463
2000,6.2,48465
2000,3.9,48467
2000,3.7,48469
2000,4.6,48471
2000,4.4,48473
2000,6.2,48475
2000,3.7,48477
2000,6,48479
2000,4.3,48481
2000,3.9,48483
2000,4.6,48485
2000,3.7,48487
2000,9.8,48489
2000,2.7,48491
2000,3.6,48493
2000,5.7,48495
2000,3.4,48497
2000,5,48499
2000,5.2,48501
2000,4.9,48503
2000,8,48505
2000,12.3,48507
2000,3.3,49000
2000,3.4,49001
2000,3.7,49003
2000,2.8,49005
2000,5.6,49007
2000,3.9,49009
2000,3.1,49011
2000,4.9,49013
2000,4.8,49015
2000,6.8,49017
2000,6.5,49019
2000,3.2,49021
2000,3.5,49023
2000,3.8,49025
2000,3.4,49027
2000,3.4,49029
2000,4.5,49031
2000,3,49033
2000,3.2,49035
2000,8,49037
2000,4.4,49039
2000,3.9,49041
2000,3.5,49043
2000,3.7,49045
2000,4.2,49047
2000,2.9,49049
2000,3.5,49051
2000,3.5,49053
2000,4.6,49055
2000,4.2,49057
2000,2.8,50000
2000,2.6,50001
2000,3,50003
2000,3.4,50005
2000,2.3,50007
2000,4,50009
2000,3,50011
2000,3.9,50013
2000,3.2,50015
2000,2.4,50017
2000,4.4,50019
2000,3.2,50021
2000,2.7,50023
2000,2.8,50025
2000,2.5,50027
2000,2.3,51000
2000,3,51001
2000,1.7,51003
2000,3.1,51005
2000,2,51007
2000,2.1,51009
2000,2.5,51011
2000,1.6,51013
2000,2,51015
2000,2.7,51017
2000,2,51019
2000,5.3,51021
2000,1.8,51023
2000,3.5,51025
2000,5.9,51027
2000,3.2,51029
2000,2.3,51031
2000,2.2,51033
2000,4.1,51035
2000,2.5,51036
2000,3.2,51037
2000,1.8,51041
2000,1.6,51043
2000,2.4,51045
2000,1.9,51047
2000,2.2,51049
2000,5.8,51051
2000,2.1,51053
2000,2.7,51057
2000,1.6,51059
2000,1.6,51061
2000,3.7,51063
2000,2,51065
2000,3,51067
2000,2.1,51069
2000,4.3,51071
2000,1.9,51073
2000,1.8,51075
2000,5.1,51077
2000,1.8,51079
2000,3.4,51081
2000,5,51083
2000,1.7,51085
2000,1.8,51087
2000,4.9,51089
2000,2.9,51091
2000,2.2,51093
2000,2,51095
2000,2.6,51097
2000,2,51099
2000,1.9,51101
2000,5.9,51103
2000,4.2,51105
2000,1.4,51107
2000,2.4,51109
2000,3.5,51111
2000,1.8,51113
2000,2.2,51115
2000,3.4,51117
2000,2.1,51119
2000,2.5,51121
2000,2.3,51125
2000,1.8,51127
2000,2.7,51131
2000,4.6,51133
2000,2.9,51135
2000,2.1,51137
2000,2.6,51139
2000,3.3,51141
2000,3.3,51143
2000,1.8,51145
2000,3.4,51147
2000,2.6,51149
2000,1.8,51153
2000,4.6,51155
2000,1.9,51157
2000,4.4,51159
2000,1.7,51161
2000,2.2,51163
2000,1.7,51165
2000,5.2,51167
2000,3.9,51169
2000,1.8,51171
2000,4.4,51173
2000,2.8,51175
2000,1.7,51177
2000,1.7,51179
2000,2.9,51181
2000,3.7,51183
2000,5.1,51185
2000,2,51187
2000,3.6,51191
2000,3.6,51193
2000,4.2,51195
2000,4.3,51197
2000,2,51199
2000,1.8,51510
2000,3.2,51520
2000,2.3,51530
2000,3,51540
2000,2.3,51550
2000,2.3,51570
2000,4,51580
2000,4.4,51590
2000,3.1,51595
2000,1.4,51600
2000,1.6,51610
2000,3.2,51620
2000,2.3,51630
2000,3.5,51640
2000,2.7,51650
2000,2.3,51660
2000,2.9,51670
2000,3.6,51678
2000,2.4,51680
2000,1.7,51683
2000,1.4,51685
2000,8,51690
2000,2.6,51700
2000,3.3,51710
2000,4.1,51720
2000,3.4,51730
2000,1.9,51735
2000,3.4,51740
2000,3.3,51750
2000,2.7,51760
2000,2.5,51770
2000,1.9,51775
2000,2.2,51790
2000,2.5,51800
2000,2.2,51810
2000,2.6,51820
2000,4.4,51830
2000,2.2,51840
2000,5.2,53000
2000,8.4,53001
2000,5.6,53003
2000,5.5,53005
2000,7.2,53007
2000,7.6,53009
2000,5.3,53011
2000,8.8,53013
2000,7,53015
2000,6.8,53017
2000,10.5,53019
2000,8,53021
2000,5.2,53023
2000,8.6,53025
2000,8.1,53027
2000,5.6,53029
2000,6,53031
2000,3.7,53033
2000,5.6,53035
2000,6.1,53037
2000,8.3,53039
2000,8.1,53041
2000,5.3,53043
2000,7.1,53045
2000,9.1,53047
2000,7.8,53049
2000,8.4,53051
2000,5.6,53053
2000,4.4,53055
2000,6.4,53057
2000,6.8,53059
2000,4.1,53061
2000,5.8,53063
2000,8,53065
2000,5.1,53067
2000,7.4,53069
2000,6.3,53071
2000,5.7,53073
2000,4.1,53075
2000,8.5,53077
2000,5.5,54000
2000,7.9,54001
2000,3.6,54003
2000,6.8,54005
2000,7.3,54007
2000,4.6,54009
2000,4.8,54011
2000,10.3,54013
2000,8.5,54015
2000,5.8,54017
2000,7.1,54019
2000,7.3,54021
2000,5.3,54023
2000,6.6,54025
2000,3.3,54027
2000,4.6,54029
2000,3.8,54031
2000,5.8,54033
2000,5.9,54035
2000,3.4,54037
2000,4.9,54039
2000,5.8,54041
2000,7.3,54043
2000,7.5,54045
2000,10.3,54047
2000,5.8,54049
2000,5.7,54051
2000,8.1,54053
2000,5.1,54055
2000,5.4,54057
2000,7.8,54059
2000,4.3,54061
2000,4.9,54063
2000,3.9,54065
2000,6.8,54067
2000,4.5,54069
2000,7.9,54071
2000,5.8,54073
2000,6.7,54075
2000,5.6,54077
2000,4.8,54079
2000,6.1,54081
2000,6,54083
2000,6.3,54085
2000,9,54087
2000,7.4,54089
2000,5.5,54091
2000,6.3,54093
2000,5.9,54095
2000,6,54097
2000,5.2,54099
2000,7.3,54101
2000,8,54103
2000,7,54105
2000,4.6,54107
2000,7.7,54109
2000,3.5,55000
2000,4.6,55001
2000,5.5,55003
2000,4.1,55005
2000,5.5,55007
2000,2.9,55009
2000,3.8,55011
2000,4,55013
2000,2.8,55015
2000,4.3,55017
2000,4.4,55019
2000,3.7,55021
2000,3.8,55023
2000,2.4,55025
2000,3.3,55027
2000,4.1,55029
2000,4.5,55031
2000,3.5,55033
2000,3.3,55035
2000,4.3,55037
2000,3.1,55039
2000,5.9,55041
2000,3.4,55043
2000,3.3,55045
2000,4.1,55047
2000,2.9,55049
2000,7.1,55051
2000,4.7,55053
2000,3,55055
2000,5.1,55057
2000,4.2,55059
2000,2.8,55061
2000,3.3,55063
2000,3.1,55065
2000,4.8,55067
2000,4.3,55069
2000,3.4,55071
2000,3.4,55073
2000,4.5,55075
2000,5.4,55077
2000,9.1,55078
2000,4.4,55079
2000,3.8,55081
2000,3.7,55083
2000,5.1,55085
2000,3,55087
2000,2.6,55089
2000,3.6,55091
2000,2.6,55093
2000,3.5,55095
2000,3.6,55097
2000,5.2,55099
2000,4.1,55101
2000,3.6,55103
2000,4.3,55105
2000,5.4,55107
2000,2.5,55109
2000,3.1,55111
2000,5.5,55113
2000,3.7,55115
2000,2.6,55117
2000,3.9,55119
2000,4.1,55121
2000,3.8,55123
2000,5.1,55125
2000,3,55127
2000,5.3,55129
2000,2.9,55131
2000,2.8,55133
2000,3.5,55135
2000,4.3,55137
2000,2.8,55139
2000,4,55141
2000,3.9,56000
2000,3.4,56001
2000,5.1,56003
2000,3.1,56005
2000,4.3,56007
2000,4,56009
2000,3.7,56011
2000,5.3,56013
2000,3.7,56015
2000,3.7,56017
2000,3.8,56019
2000,3.8,56021
2000,3.9,56023
2000,4,56025
2000,3.7,56027
2000,4.1,56029
2000,4.1,56031
2000,4.1,56033
2000,3,56035
2000,4,56037
2000,2.5,56039
2000,4.1,56041
2000,4.7,56043
2000,4.3,56045
2000,10.1,72000
2000,12.5,72001
2000,13.1,72003
2000,13.2,72005
2000,10,72007
2000,11.7,72009
2000,12.5,72011
2000,11.2,72013
2000,14.6,72015
2000,12.8,72017
2000,10.9,72019
2000,7.6,72021
2000,9.6,72023
2000,9.3,72025
2000,10.5,72027
2000,12,72029
2000,7.9,72031
2000,9.3,72033
2000,11.4,72035
2000,10.7,72037
2000,14.2,72039
2000,10.5,72041
2000,11.6,72043
2000,12,72045
2000,9.9,72047
2000,5.9,72049
2000,8.1,72051
2000,11.8,72053
2000,12.5,72054
2000,15.8,72055
2000,12.8,72057
2000,15.6,72059
2000,5.5,72061
2000,8.9,72063
2000,11.2,72065
2000,10.6,72067
2000,12.2,72069
2000,14,72071
2000,12.5,72073
2000,12.6,72075
2000,10.9,72077
2000,12.9,72079
2000,11.5,72081
2000,13.9,72083
2000,12.2,72085
2000,11.6,72087
2000,12.8,72089
2000,13.4,72091
2000,12.2,72093
2000,14.3,72095
2000,12.3,72097
2000,13,72099
2000,12.9,72101
2000,12.1,72103
2000,9.3,72105
2000,13.5,72107
2000,14.5,72109
2000,14.4,72111
2000,11.6,72113
2000,11.8,72115
2000,13,72117
2000,11.5,72119
2000,12.2,72121
2000,13.8,72123
2000,13.4,72125
2000,7.4,72127
2000,10.9,72129
2000,14.1,72131
2000,11.7,72133
2000,6.9,72135
2000,7.4,72137
2000,6.8,72139
2000,12.3,72141
2000,9.1,72143
2000,11.1,72145
2000,13.2,72147
2000,12.9,72149
2000,15.2,72151
2000,12.2,72153
2013,7.375301916,0
2013,7.2,1000
2013,6.2,1001
2013,6.6,1003
2013,10.2,1005
2013,7.9,1007
2013,6.3,1009
2013,9.4,1011
2013,10.3,1013
2013,8.8,1015
2013,8,1017
2013,6.6,1019
2013,6.6,1021
2013,9.2,1023
2013,13.8,1025
2013,8.3,1027
2013,7.7,1029
2013,6.9,1031
2013,8.2,1033
2013,10.7,1035
2013,9.2,1037
2013,8.1,1039
2013,7.7,1041
2013,6.7,1043
2013,7.4,1045
2013,12.2,1047
2013,7.6,1049
2013,6.2,1051
2013,8.6,1053
2013,7.6,1055
2013,8.3,1057
2013,8,1059
2013,7,1061
2013,12.8,1063
2013,11.6,1065
2013,7.7,1067
2013,6.9,1069
2013,7.9,1071
2013,6.7,1073
2013,7,1075
2013,7.1,1077
2013,8.3,1079
2013,5.9,1081
2013,6.3,1083
2013,14.1,1085
2013,9.6,1087
2013,6.3,1089
2013,8.9,1091
2013,7.9,1093
2013,6.8,1095
2013,8.5,1097
2013,11.9,1099
2013,7.3,1101
2013,6.9,1103
2013,13.5,1105
2013,9.3,1107
2013,7.6,1109
2013,7.8,1111
2013,7.2,1113
2013,6.1,1115
2013,4.6,1117
2013,9,1119
2013,8.6,1121
2013,8.1,1123
2013,6.4,1125
2013,8.5,1127
2013,10.9,1129
2013,19.3,1131
2013,9.4,1133
2013,7,2000
2013,6,2013
2013,6.9,2016
2013,5.2,2020
2013,16.2,2050
2013,8.8,2060
2013,12.5,2068
2013,10.2,2070
2013,5.9,2090
2013,10.2,2100
2013,14.7,2105
2013,5,2110
2013,8,2122
2013,7.8,2130
2013,6.2,2150
2013,23.7,2158
2013,15.5,2164
2013,8.4,2170
2013,12.3,2180
2013,7.4,2185
2013,16.4,2188
2013,8.7,2195
2013,12.2,2198
2013,,2201
2013,5.5,2220
2013,12.5,2230
2013,,2232
2013,13.1,2240
2013,9.9,2261
2013,8,2275
2013,,2280
2013,9.5,2282
2013,18.3,2290
2013,7.7,4000
2013,18.4,4001
2013,9.2,4003
2013,8.1,4005
2013,9.6,4007
2013,7.7,4009
2013,5.9,4011
2013,8.2,4012
2013,6.6,4013
2013,10.3,4015
2013,13.5,4017
2013,6.8,4019
2013,8.1,4021
2013,15.4,4023
2013,7.7,4025
2013,25.5,4027
2013,7.2,5000
2013,7.4,5001
2013,10.7,5003
2013,8,5005
2013,5.6,5007
2013,7,5009
2013,9.5,5011
2013,8.1,5013
2013,6,5015
2013,11.6,5017
2013,8.8,5019
2013,9.7,5021
2013,8.5,5023
2013,7.6,5025
2013,8.8,5027
2013,9.2,5029
2013,6.6,5031
2013,7.6,5033
2013,8.4,5035
2013,7.6,5037
2013,10.5,5039
2013,9.6,5041
2013,9.6,5043
2013,6.5,5045
2013,6.9,5047
2013,6.9,5049
2013,7.6,5051
2013,6.5,5053
2013,7.9,5055
2013,7.2,5057
2013,7.3,5059
2013,6.4,5061
2013,9,5063
2013,8.6,5065
2013,10.9,5067
2013,10.3,5069
2013,7.7,5071
2013,9.5,5073
2013,8.9,5075
2013,9.3,5077
2013,8.3,5079
2013,7.6,5081
2013,7.8,5083
2013,6.1,5085
2013,5.8,5087
2013,7.7,5089
2013,6.4,5091
2013,11.3,5093
2013,8.8,5095
2013,8.4,5097
2013,7.7,5099
2013,6.9,5101
2013,9.6,5103
2013,9.4,5105
2013,11.4,5107
2013,8.8,5109
2013,8.5,5111
2013,7.1,5113
2013,7.3,5115
2013,7.1,5117
2013,6.5,5119
2013,9.5,5121
2013,10.4,5123
2013,5.8,5125
2013,6.2,5127
2013,7.9,5129
2013,7.5,5131
2013,8.3,5133
2013,9.7,5135
2013,8.4,5137
2013,8.6,5139
2013,9.7,5141
2013,5.4,5143
2013,7.8,5145
2013,9.5,5147
2013,6.5,5149
2013,8.9,6000
2013,7.2,6001
2013,9.7,6003
2013,10.3,6005
2013,10.3,6007
2013,9.9,6009
2013,18.9,6011
2013,7.5,6013
2013,11.8,6015
2013,8.5,6017
2013,13.3,6019
2013,12.1,6021
2013,8.1,6023
2013,25,6025
2013,7.8,6027
2013,11.7,6029
2013,13.4,6031
2013,10.9,6033
2013,10.6,6035
2013,9.8,6037
2013,12.6,6039
2013,5.2,6041
2013,10.5,6043
2013,8.4,6045
2013,14.5,6047
2013,12.3,6049
2013,8.5,6051
2013,10.3,6053
2013,6.9,6055
2013,8.1,6057
2013,6.6,6059
2013,7.7,6061
2013,13.8,6063
2013,9.9,6065
2013,8.9,6067
2013,11.1,6069
2013,9.8,6071
2013,7.8,6073
2013,5.5,6075
2013,12.3,6077
2013,6.8,6079
2013,5.3,6081
2013,7.2,6083
2013,6.5,6085
2013,10.3,6087
2013,11.8,6089
2013,12.7,6091
2013,13.1,6093
2013,9.1,6095
2013,7.1,6097
2013,12.9,6099
2013,14.6,6101
2013,11.6,6103
2013,11.9,6105
2013,14.4,6107
2013,10.8,6109
2013,7.9,6111
2013,9,6113
2013,13.2,6115
2013,6.9,8000
2013,8.1,8001
2013,9.7,8003
2013,6.6,8005
2013,8.8,8007
2013,4.1,8009
2013,7.7,8011
2013,5.5,8013
2013,5.8,8014
2013,6.2,8015
2013,4.2,8017
2013,6.3,8019
2013,10.6,8021
2013,11.2,8023
2013,7.2,8025
2013,6.4,8027
2013,8.9,8029
2013,6.6,8031
2013,8.3,8033
2013,5.3,8035
2013,6,8037
2013,5.9,8039
2013,7.9,8041
2013,10.7,8043
2013,7.5,8045
2013,6,8047
2013,5.8,8049
2013,5.5,8051
2013,4.6,8053
2013,13.7,8055
2013,4.8,8057
2013,6.3,8059
2013,4.5,8061
2013,3.9,8063
2013,7.2,8065
2013,5.7,8067
2013,5.8,8069
2013,11.2,8071
2013,5.8,8073
2013,5.1,8075
2013,8.7,8077
2013,5.9,8079
2013,6.9,8081
2013,7.7,8083
2013,9.4,8085
2013,6.5,8087
2013,9.8,8089
2013,7.6,8091
2013,6.1,8093
2013,4.6,8095
2013,6.5,8097
2013,6.3,8099
2013,9.8,8101
2013,7.8,8103
2013,11.6,8105
2013,5.9,8107
2013,11.3,8109
2013,8.6,8111
2013,6.7,8113
2013,6.2,8115
2013,5,8117
2013,7.8,8119
2013,4.6,8121
2013,6.6,8123
2013,4.8,8125
2013,7.8,9000
2013,7.3,9001
2013,8,9003
2013,7.1,9005
2013,6.7,9007
2013,8.5,9009
2013,8.1,9011
2013,6.9,9013
2013,8.8,9015
2013,6.7,10000
2013,7.3,10001
2013,6.5,10003
2013,6.8,10005
2013,8.5,11000
2013,8.5,11001
2013,7.2,12000
2013,5.7,12001
2013,7.4,12003
2013,7.3,12005
2013,6.3,12007
2013,8.3,12009
2013,6.8,12011
2013,7.9,12013
2013,8,12015
2013,9.7,12017
2013,6.3,12019
2013,7.1,12021
2013,7.6,12023
2013,8.2,12027
2013,8.5,12029
2013,7.5,12031
2013,7.2,12033
2013,8.4,12035
2013,5.5,12037
2013,9.2,12039
2013,7.9,12041
2013,7.4,12043
2013,6.8,12045
2013,8.6,12047
2013,8.2,12049
2013,12,12051
2013,9,12053
2013,9.5,12055
2013,6.6,12057
2013,7.9,12059
2013,9.6,12061
2013,7.5,12063
2013,7.8,12065
2013,5.2,12067
2013,7.4,12069
2013,7.3,12071
2013,6.1,12073
2013,8.2,12075
2013,6.7,12077
2013,7.8,12079
2013,6.7,12081
2013,8.5,12083
2013,7.2,12085
2013,7.4,12086
2013,4.8,12087
2013,6.7,12089
2013,5.7,12091
2013,8.7,12093
2013,6.8,12095
2013,7.9,12097
2013,7.1,12099
2013,7.7,12101
2013,6.6,12103
2013,8.2,12105
2013,10.4,12107
2013,5.4,12109
2013,10,12111
2013,6.4,12113
2013,7,12115
2013,6.7,12117
2013,9.3,12119
2013,6.9,12121
2013,7.8,12123
2013,6.3,12125
2013,8.2,12127
2013,6,12129
2013,6.1,12131
2013,7.7,12133
2013,8.2,13000
2013,10.7,13001
2013,9.4,13003
2013,8.4,13005
2013,10.5,13007
2013,10.1,13009
2013,7.9,13011
2013,7.4,13013
2013,8.7,13015
2013,12.5,13017
2013,9.5,13019
2013,9.3,13021
2013,14,13023
2013,10.6,13025
2013,8.3,13027
2013,7.4,13029
2013,8.7,13031
2013,12,13033
2013,9.3,13035
2013,8.1,13037
2013,7.8,13039
2013,8.2,13043
2013,9.6,13045
2013,6.7,13047
2013,8.4,13049
2013,8.3,13051
2013,11,13053
2013,9,13055
2013,6.1,13057
2013,7.8,13059
2013,11.4,13061
2013,10.8,13063
2013,9.2,13065
2013,6.7,13067
2013,9.9,13069
2013,8.8,13071
2013,6.5,13073
2013,8.5,13075
2013,7,13077
2013,8.8,13079
2013,11.2,13081
2013,7.1,13083
2013,7.4,13085
2013,9.5,13087
2013,8.4,13089
2013,11.4,13091
2013,11.5,13093
2013,10.3,13095
2013,8.6,13097
2013,9.1,13099
2013,6.3,13101
2013,7.2,13103
2013,10.8,13105
2013,12.5,13107
2013,7.6,13109
2013,9,13111
2013,6.7,13113
2013,9.5,13115
2013,5.9,13117
2013,9.8,13119
2013,8.1,13121
2013,9,13123
2013,9.5,13125
2013,8.5,13127
2013,8.9,13129
2013,7.7,13131
2013,9.9,13133
2013,6.9,13135
2013,8,13137
2013,6.8,13139
2013,14.7,13141
2013,9.3,13143
2013,6.5,13145
2013,9.2,13147
2013,9.4,13149
2013,8.4,13151
2013,7.5,13153
2013,10.6,13155
2013,6.9,13157
2013,8.3,13159
2013,9.9,13161
2013,14,13163
2013,12.3,13165
2013,9.8,13167
2013,7.3,13169
2013,11.3,13171
2013,8.6,13173
2013,10.8,13175
2013,6.9,13177
2013,8.5,13179
2013,10,13181
2013,8.1,13183
2013,8,13185
2013,7.4,13187
2013,11.3,13189
2013,9,13191
2013,12.8,13193
2013,7.6,13195
2013,8.8,13197
2013,10.8,13199
2013,7.3,13201
2013,8.6,13205
2013,8,13207
2013,11.4,13209
2013,8.1,13211
2013,11.2,13213
2013,9.3,13215
2013,9.7,13217
2013,5.6,13219
2013,7.6,13221
2013,7.2,13223
2013,10.7,13225
2013,8,13227
2013,8.5,13229
2013,8.5,13231
2013,8.9,13233
2013,8.8,13235
2013,10.3,13237
2013,8.2,13239
2013,9.9,13241
2013,10.3,13243
2013,9.8,13245
2013,9.1,13247
2013,9.2,13249
2013,12.6,13251
2013,10.2,13253
2013,11.5,13255
2013,9.1,13257
2013,8.7,13259
2013,11.3,13261
2013,9.3,13263
2013,11.9,13265
2013,7.9,13267
2013,11.7,13269
2013,11.4,13271
2013,9.8,13273
2013,9,13275
2013,8.5,13277
2013,11,13279
2013,10.6,13281
2013,12.3,13283
2013,8.6,13285
2013,10,13287
2013,13.7,13289
2013,7.9,13291
2013,9.8,13293
2013,8.1,13295
2013,7.8,13297
2013,9.4,13299
2013,12,13301
2013,9.6,13303
2013,9.8,13305
2013,9.3,13307
2013,12.6,13309
2013,7.4,13311
2013,9.6,13313
2013,11.1,13315
2013,11.2,13317
2013,10.3,13319
2013,9.2,13321
2013,4.9,15000
2013,6.6,15001
2013,4.5,15003
2013,5.6,15007
2013,5.1,15009
2013,6.1,16000
2013,5.2,16001
2013,13.6,16003
2013,5.8,16005
2013,5.1,16007
2013,10.1,16009
2013,5.9,16011
2013,5.7,16013
2013,8.1,16015
2013,8.8,16017
2013,5.4,16019
2013,8,16021
2013,6.9,16023
2013,6.5,16025
2013,7.5,16027
2013,5.3,16029
2013,5.2,16031
2013,6.4,16033
2013,11.3,16035
2013,8.4,16037
2013,6.7,16039
2013,4.2,16041
2013,5.2,16043
2013,7.8,16045
2013,4.9,16047
2013,9.9,16049
2013,5.1,16051
2013,5.3,16053
2013,7.3,16055
2013,4.9,16057
2013,9.4,16059
2013,5,16061
2013,7.6,16063
2013,4.1,16065
2013,5.5,16067
2013,5,16069
2013,4.3,16071
2013,3.8,16073
2013,6.5,16075
2013,6.6,16077
2013,12.1,16079
2013,5,16081
2013,5.7,16083
2013,10.2,16085
2013,7.4,16087
2013,9,17000
2013,6.8,17001
2013,12.7,17003
2013,8.7,17005
2013,10.1,17007
2013,6.2,17009
2013,9.2,17011
2013,9.8,17013
2013,8,17015
2013,9.1,17017
2013,7.2,17019
2013,9.7,17021
2013,9.3,17023
2013,9.9,17025
2013,6.8,17027
2013,8.8,17029
2013,9.6,17031
2013,8.3,17033
2013,7.8,17035
2013,8.2,17037
2013,8.3,17039
2013,6.9,17041
2013,7.4,17043
2013,9.5,17045
2013,8.6,17047
2013,6.9,17049
2013,9.2,17051
2013,7.4,17053
2013,11.9,17055
2013,10.9,17057
2013,9.4,17059
2013,8.6,17061
2013,11.6,17063
2013,7.8,17065
2013,8.5,17067
2013,11.4,17069
2013,7.9,17071
2013,7.7,17073
2013,8.5,17075
2013,7.9,17077
2013,7.9,17079
2013,9.5,17081
2013,9,17083
2013,7.6,17085
2013,12.2,17087
2013,8.7,17089
2013,10.5,17091
2013,8.4,17093
2013,8.9,17095
2013,7.9,17097
2013,10.3,17099
2013,10.2,17101
2013,8,17103
2013,8.1,17105
2013,8.1,17107
2013,8.3,17109
2013,8.6,17111
2013,6.6,17113
2013,11.3,17115
2013,9.5,17117
2013,8.9,17119
2013,10.1,17121
2013,9.1,17123
2013,10.9,17125
2013,9.8,17127
2013,7.2,17129
2013,7.8,17131
2013,6.7,17133
2013,10.9,17135
2013,7.9,17137
2013,7.2,17139
2013,9.9,17141
2013,9.6,17143
2013,11,17145
2013,7,17147
2013,7.5,17149
2013,9.2,17151
2013,12.5,17153
2013,9.9,17155
2013,8.4,17157
2013,8.3,17159
2013,8.3,17161
2013,9.8,17163
2013,10.6,17165
2013,7.5,17167
2013,8.3,17169
2013,8.9,17171
2013,8.7,17173
2013,9.5,17175
2013,9.4,17177
2013,8.7,17179
2013,11.2,17181
2013,10.6,17183
2013,7.5,17185
2013,7.4,17187
2013,6.2,17189
2013,7.8,17191
2013,7.7,17193
2013,8.7,17195
2013,9.8,17197
2013,9,17199
2013,10.5,17201
2013,7.1,17203
2013,7.7,18000
2013,6.1,18001
2013,7.5,18003
2013,6,18005
2013,7.1,18007
2013,9.9,18009
2013,5.7,18011
2013,7.4,18013
2013,7,18015
2013,7.7,18017
2013,6.9,18019
2013,8.9,18021
2013,7.1,18023
2013,10,18025
2013,5.7,18027
2013,8.5,18029
2013,6.7,18031
2013,7.2,18033
2013,8.6,18035
2013,5.3,18037
2013,7.2,18039
2013,10.3,18041
2013,6.3,18043
2013,9.8,18045
2013,8.7,18047
2013,8.3,18049
2013,5.9,18051
2013,9,18053
2013,10.2,18055
2013,5,18057
2013,6.6,18059
2013,7,18061
2013,5.8,18063
2013,8.8,18065
2013,8.1,18067
2013,7.7,18069
2013,6.5,18071
2013,7.7,18073
2013,7.7,18075
2013,7.9,18077
2013,9.2,18079
2013,6.2,18081
2013,6.7,18083
2013,6.6,18085
2013,5.9,18087
2013,9.1,18089
2013,9.3,18091
2013,10.1,18093
2013,9.3,18095
2013,8.5,18097
2013,7.4,18099
2013,6.3,18101
2013,8.7,18103
2013,6.8,18105
2013,7.2,18107
2013,7.6,18109
2013,9,18111
2013,7.3,18113
2013,8.3,18115
2013,9.9,18117
2013,10.1,18119
2013,9.2,18121
2013,7.8,18123
2013,6.8,18125
2013,7.2,18127
2013,6.3,18129
2013,7,18131
2013,8.7,18133
2013,8.7,18135
2013,8.6,18137
2013,7.4,18139
2013,8.7,18141
2013,8.9,18143
2013,7.3,18145
2013,6.7,18147
2013,9.5,18149
2013,6.3,18151
2013,9.1,18153
2013,7.5,18155
2013,6.6,18157
2013,6.7,18159
2013,7.2,18161
2013,7.1,18163
2013,10.7,18165
2013,9.4,18167
2013,7.6,18169
2013,8.8,18171
2013,6.3,18173
2013,8.7,18175
2013,8.7,18177
2013,6.3,18179
2013,6.9,18181
2013,7,18183
2013,4.7,19000
2013,4.2,19001
2013,3.7,19003
2013,6.3,19005
2013,6.4,19007
2013,4.9,19009
2013,5.1,19011
2013,5.1,19013
2013,4.1,19015
2013,3.8,19017
2013,4.7,19019
2013,4,19021
2013,4.5,19023
2013,5.2,19025
2013,3.4,19027
2013,5,19029
2013,4.3,19031
2013,5.4,19033
2013,4.3,19035
2013,5,19037
2013,5.5,19039
2013,4.5,19041
2013,5.6,19043
2013,5.8,19045
2013,4.4,19047
2013,3.6,19049
2013,5.5,19051
2013,4.5,19053
2013,4.3,19055
2013,6,19057
2013,5.3,19059
2013,4.5,19061
2013,4.1,19063
2013,5.3,19065
2013,5.5,19067
2013,4.4,19069
2013,4.2,19071
2013,4.7,19073
2013,4.4,19075
2013,5.2,19077
2013,5.4,19079
2013,4,19081
2013,5.1,19083
2013,4.5,19085
2013,5.3,19087
2013,4.6,19089
2013,4.1,19091
2013,4,19093
2013,4.1,19095
2013,5.4,19097
2013,5.1,19099
2013,5,19101
2013,3.4,19103
2013,5.3,19105
2013,5.1,19107
2013,3.6,19109
2013,7.1,19111
2013,5,19113
2013,5.1,19115
2013,4.7,19117
2013,2.9,19119
2013,5.1,19121
2013,4.8,19123
2013,4.5,19125
2013,6,19127
2013,4.4,19129
2013,4.3,19131
2013,5.7,19133
2013,5.7,19135
2013,4.9,19137
2013,5.2,19139
2013,3.6,19141
2013,3.8,19143
2013,5.3,19145
2013,3.7,19147
2013,4,19149
2013,3.8,19151
2013,4.8,19153
2013,4.6,19155
2013,4.6,19157
2013,4.3,19159
2013,4.2,19161
2013,5.6,19163
2013,3.8,19165
2013,3.5,19167
2013,3.3,19169
2013,5.6,19171
2013,3.8,19173
2013,4.9,19175
2013,5.5,19177
2013,6.3,19179
2013,4.5,19181
2013,3.8,19183
2013,5.2,19185
2013,5.3,19187
2013,4.8,19189
2013,4.6,19191
2013,4.8,19193
2013,5.2,19195
2013,4.5,19197
2013,5.3,20000
2013,6.1,20001
2013,5.8,20003
2013,8.6,20005
2013,4,20007
2013,4.1,20009
2013,6.5,20011
2013,5,20013
2013,5.5,20015
2013,5.6,20017
2013,6.2,20019
2013,6.4,20021
2013,3.4,20023
2013,3.1,20025
2013,5,20027
2013,4.4,20029
2013,5.9,20031
2013,3.5,20033
2013,5.8,20035
2013,5.9,20037
2013,4,20039
2013,5.9,20041
2013,5.4,20043
2013,4.8,20045
2013,3.7,20047
2013,5.7,20049
2013,3.1,20051
2013,3.3,20053
2013,4.3,20055
2013,4,20057
2013,6.1,20059
2013,8.7,20061
2013,3.3,20063
2013,4.1,20065
2013,3.6,20067
2013,3,20069
2013,2.4,20071
2013,5.3,20073
2013,2.9,20075
2013,4,20077
2013,4.9,20079
2013,2.9,20081
2013,3.9,20083
2013,5.1,20085
2013,5.7,20087
2013,3.7,20089
2013,4.3,20091
2013,3.6,20093
2013,5.4,20095
2013,3.4,20097
2013,7.2,20099
2013,3.5,20101
2013,6,20103
2013,4.6,20105
2013,8.7,20107
2013,2.8,20109
2013,7.2,20111
2013,3.9,20113
2013,4.7,20115
2013,3.9,20117
2013,3.1,20119
2013,5.6,20121
2013,2.9,20123
2013,6.8,20125
2013,5.5,20127
2013,3.9,20129
2013,3.5,20131
2013,8.5,20133
2013,3.1,20135
2013,2.8,20137
2013,6.7,20139
2013,4.2,20141
2013,4.5,20143
2013,4.4,20145
2013,4.2,20147
2013,4.6,20149
2013,4,20151
2013,2.7,20153
2013,5.2,20155
2013,3.4,20157
2013,4.3,20159
2013,4.2,20161
2013,4.2,20163
2013,4.3,20165
2013,3.9,20167
2013,5,20169
2013,2.9,20171
2013,6.1,20173
2013,4.1,20175
2013,5.8,20177
2013,2.7,20179
2013,4,20181
2013,3.6,20183
2013,4.4,20185
2013,3.6,20187
2013,3,20189
2013,5.6,20191
2013,3.5,20193
2013,3.7,20195
2013,5,20197
2013,3.2,20199
2013,3.7,20201
2013,3.5,20203
2013,8.9,20205
2013,6.2,20207
2013,7.9,20209
2013,8,21000
2013,10.1,21001
2013,7.4,21003
2013,6.4,21005
2013,9.2,21007
2013,7.7,21009
2013,10.3,21011
2013,13.3,21013
2013,6.6,21015
2013,7,21017
2013,9.4,21019
2013,8.8,21021
2013,9.8,21023
2013,14.9,21025
2013,9.2,21027
2013,7.4,21029
2013,9.2,21031
2013,8.2,21033
2013,7.3,21035
2013,6.6,21037
2013,7.2,21039
2013,9.1,21041
2013,12.7,21043
2013,8.6,21045
2013,9.4,21047
2013,7.5,21049
2013,14.3,21051
2013,10.5,21053
2013,7.4,21055
2013,10.7,21057
2013,6.9,21059
2013,10,21061
2013,14.5,21063
2013,9.7,21065
2013,5.8,21067
2013,9.5,21069
2013,13.3,21071
2013,6.6,21073
2013,10.8,21075
2013,9.3,21077
2013,8.2,21079
2013,8.3,21081
2013,8.5,21083
2013,10.3,21085
2013,8.3,21087
2013,10.2,21089
2013,7.2,21091
2013,7.7,21093
2013,18.1,21095
2013,7.6,21097
2013,7.9,21099
2013,7.5,21101
2013,7.2,21103
2013,7.1,21105
2013,7.9,21107
2013,11.6,21109
2013,7.5,21111
2013,6.5,21113
2013,11,21115
2013,7,21117
2013,15.4,21119
2013,13,21121
2013,8.2,21123
2013,9.7,21125
2013,11.2,21127
2013,12.5,21129
2013,17.6,21131
2013,16.7,21133
2013,12.1,21135
2013,10.7,21137
2013,9.9,21139
2013,7.1,21141
2013,8.2,21143
2013,7.9,21145
2013,13.1,21147
2013,7.7,21149
2013,6.6,21151
2013,17.6,21153
2013,8.2,21155
2013,8.1,21157
2013,9.8,21159
2013,10,21161
2013,9,21163
2013,12.1,21165
2013,7.9,21167
2013,7.8,21169
2013,7.1,21171
2013,8.5,21173
2013,10.6,21175
2013,9.4,21177
2013,7.5,21179
2013,8.6,21181
2013,9.3,21183
2013,5.7,21185
2013,6.3,21187
2013,12.6,21189
2013,8.4,21191
2013,13.9,21193
2013,11.9,21195
2013,10.8,21197
2013,9.2,21199
2013,11,21201
2013,9.3,21203
2013,8.3,21205
2013,11.6,21207
2013,6.1,21209
2013,6.1,21211
2013,7.5,21213
2013,6.4,21215
2013,9.4,21217
2013,7.4,21219
2013,9,21221
2013,8.3,21223
2013,7.7,21225
2013,6.9,21227
2013,6.9,21229
2013,11.9,21231
2013,7.1,21233
2013,10.6,21235
2013,14.2,21237
2013,5.3,21239
2013,6.7,22000
2013,6,22001
2013,7.5,22003
2013,5.6,22005
2013,8.3,22007
2013,7.5,22009
2013,7.4,22011
2013,8.7,22013
2013,6,22015
2013,7.9,22017
2013,6.5,22019
2013,8.2,22021
2013,5.3,22023
2013,8.5,22025
2013,7.5,22027
2013,8.5,22029
2013,8.8,22031
2013,6.2,22033
2013,16.9,22035
2013,6.9,22037
2013,6.8,22039
2013,10.1,22041
2013,7.3,22043
2013,6.5,22045
2013,8.3,22047
2013,6.5,22049
2013,6.3,22051
2013,6.2,22053
2013,4.9,22055
2013,4.9,22057
2013,5,22059
2013,7.8,22061
2013,5.8,22063
2013,11,22065
2013,12.4,22067
2013,8.3,22069
2013,7.3,22071
2013,7.2,22073
2013,5.7,22075
2013,7.6,22077
2013,6.9,22079
2013,7.5,22081
2013,9.6,22083
2013,6.8,22085
2013,7.4,22087
2013,6.3,22089
2013,11.3,22091
2013,9.3,22093
2013,8.7,22095
2013,7.8,22097
2013,5.9,22099
2013,6.6,22101
2013,5.7,22103
2013,8,22105
2013,9.4,22107
2013,5,22109
2013,7.8,22111
2013,5.6,22113
2013,8.8,22115
2013,8.4,22117
2013,9.6,22119
2013,6.1,22121
2013,12.7,22123
2013,5.9,22125
2013,8.2,22127
2013,6.6,23000
2013,6.7,23001
2013,8.6,23003
2013,5.3,23005
2013,7.7,23007
2013,7.9,23009
2013,6.2,23011
2013,5.9,23013
2013,6.8,23015
2013,8.3,23017
2013,6.8,23019
2013,8.8,23021
2013,5.6,23023
2013,9.2,23025
2013,7.2,23027
2013,9.3,23029
2013,6.3,23031
2013,6.6,24000
2013,8.5,24001
2013,5.7,24003
2013,6.9,24005
2013,5.9,24009
2013,6.9,24011
2013,5.5,24013
2013,7.7,24015
2013,6.5,24017
2013,9.8,24019
2013,5.7,24021
2013,8.1,24023
2013,6.5,24025
2013,4.8,24027
2013,7.2,24029
2013,4.9,24031
2013,6.9,24033
2013,5.8,24035
2013,6,24037
2013,10.7,24039
2013,6.4,24041
2013,7.3,24043
2013,8.7,24045
2013,12.6,24047
2013,9.7,24510
2013,6.7,25000
2013,8.4,25001
2013,7.4,25003
2013,8.7,25005
2013,9.1,25007
2013,7,25009
2013,6.2,25011
2013,8.7,25013
2013,6.1,25015
2013,5.5,25017
2013,7.3,25019
2013,5.8,25021
2013,7,25023
2013,6.2,25025
2013,7.2,25027
2013,8.8,26000
2013,13.3,26001
2013,11.7,26003
2013,6.7,26005
2013,9.7,26007
2013,11.4,26009
2013,13,26011
2013,14.5,26013
2013,6.4,26015
2013,8.7,26017
2013,10.3,26019
2013,8.7,26021
2013,8.4,26023
2013,7.9,26025
2013,8.2,26027
2013,10.7,26029
2013,11.5,26031
2013,10.5,26033
2013,11.7,26035
2013,6,26037
2013,11.4,26039
2013,10.3,26041
2013,8.3,26043
2013,6.7,26045
2013,11.8,26047
2013,9.7,26049
2013,11.7,26051
2013,10.8,26053
2013,7.6,26055
2013,8.9,26057
2013,8.9,26059
2013,8.9,26061
2013,8.4,26063
2013,7.7,26065
2013,8,26067
2013,11.4,26069
2013,10.2,26071
2013,7.2,26073
2013,8.3,26075
2013,6.9,26077
2013,11.2,26079
2013,6.2,26081
2013,13.6,26083
2013,13.3,26085
2013,11.4,26087
2013,7.7,26089
2013,7.8,26091
2013,7.4,26093
2013,10.3,26095
2013,12.2,26097
2013,9.5,26099
2013,10.6,26101
2013,8.2,26103
2013,9.2,26105
2013,10,26107
2013,7.8,26109
2013,7.7,26111
2013,9.2,26113
2013,7.4,26115
2013,9.6,26117
2013,16,26119
2013,9.9,26121
2013,8.9,26123
2013,7.8,26125
2013,12.4,26127
2013,11.8,26129
2013,13.8,26131
2013,10,26133
2013,15.6,26135
2013,10.4,26137
2013,6.1,26139
2013,14.7,26141
2013,13.9,26143
2013,9,26145
2013,11.5,26147
2013,7.8,26149
2013,10.5,26151
2013,12.8,26153
2013,9.4,26155
2013,10.5,26157
2013,10.1,26159
2013,5.8,26161
2013,11.5,26163
2013,11.1,26165
2013,5,27000
2013,7.5,27001
2013,5,27003
2013,5.5,27005
2013,6.2,27007
2013,5.9,27009
2013,5.4,27011
2013,4.2,27013
2013,5.2,27015
2013,6,27017
2013,4.3,27019
2013,8.2,27021
2013,5.1,27023
2013,5.6,27025
2013,4.3,27027
2013,10.6,27029
2013,5.8,27031
2013,5.8,27033
2013,6.9,27035
2013,4.5,27037
2013,4.7,27039
2013,4.4,27041
2013,5.4,27043
2013,5,27045
2013,5,27047
2013,4.7,27049
2013,5.7,27051
2013,4.6,27053
2013,5,27055
2013,7.2,27057
2013,6,27059
2013,7.7,27061
2013,4.1,27063
2013,8.1,27065
2013,4.8,27067
2013,6,27069
2013,8.3,27071
2013,5.6,27073
2013,6.2,27075
2013,5.6,27077
2013,6.1,27079
2013,4.6,27081
2013,4.1,27083
2013,5.6,27085
2013,5.8,27087
2013,7.6,27089
2013,5.3,27091
2013,5.5,27093
2013,7.5,27095
2013,6.7,27097
2013,4.5,27099
2013,5.3,27101
2013,3.7,27103
2013,4,27105
2013,5.7,27107
2013,4,27109
2013,5.3,27111
2013,6.3,27113
2013,6.9,27115
2013,4.6,27117
2013,5.4,27119
2013,4.3,27121
2013,4.9,27123
2013,6.7,27125
2013,5.5,27127
2013,6.5,27129
2013,4.9,27131
2013,3.2,27133
2013,4.4,27135
2013,6.1,27137
2013,4.4,27139
2013,5.3,27141
2013,5.5,27143
2013,4.9,27145
2013,4.6,27147
2013,3.8,27149
2013,5.8,27151
2013,5.3,27153
2013,5.1,27155
2013,4.6,27157
2013,7,27159
2013,5.5,27161
2013,4.4,27163
2013,5.3,27165
2013,4.2,27167
2013,4.4,27169
2013,5,27171
2013,4.9,27173
2013,8.5,28000
2013,9.3,28001
2013,7.8,28003
2013,9.1,28005
2013,9.4,28007
2013,10.5,28009
2013,10.7,28011
2013,8.4,28013
2013,10.6,28015
2013,10.7,28017
2013,8.5,28019
2013,17,28021
2013,10,28023
2013,15.4,28025
2013,12.9,28027
2013,10.5,28029
2013,7.9,28031
2013,5.9,28033
2013,8.4,28035
2013,9.2,28037
2013,9.4,28039
2013,10.2,28041
2013,8.8,28043
2013,7.8,28045
2013,7.5,28047
2013,8.5,28049
2013,16.7,28051
2013,17.2,28053
2013,20.4,28055
2013,8,28057
2013,8.9,28059
2013,9.9,28061
2013,19.2,28063
2013,12.6,28065
2013,7.1,28067
2013,12.9,28069
2013,7.1,28071
2013,5.9,28073
2013,8.4,28075
2013,9.2,28077
2013,8.5,28079
2013,8,28081
2013,14.3,28083
2013,7.7,28085
2013,9.3,28087
2013,5.8,28089
2013,9.4,28091
2013,10.1,28093
2013,11.8,28095
2013,11.3,28097
2013,7.8,28099
2013,7.5,28101
2013,13.4,28103
2013,8,28105
2013,11.9,28107
2013,7.4,28109
2013,10.4,28111
2013,9.8,28113
2013,7.4,28115
2013,8.4,28117
2013,14.8,28119
2013,5.2,28121
2013,6.6,28123
2013,13,28125
2013,7.4,28127
2013,6.7,28129
2013,9.5,28131
2013,13.9,28133
2013,11.1,28135
2013,8.9,28137
2013,9.8,28139
2013,9.2,28141
2013,12.4,28143
2013,7.1,28145
2013,10.7,28147
2013,9,28149
2013,14.5,28151
2013,10.7,28153
2013,9.5,28155
2013,12.4,28157
2013,11,28159
2013,10,28161
2013,11,28163
2013,6.7,29000
2013,6.9,29001
2013,5.4,29003
2013,5.8,29005
2013,6.3,29007
2013,6.8,29009
2013,7.2,29011
2013,7.6,29013
2013,8.5,29015
2013,7.1,29017
2013,4.5,29019
2013,6.2,29021
2013,7.9,29023
2013,6.7,29025
2013,6,29027
2013,9.2,29029
2013,5.8,29031
2013,7.3,29033
2013,9.6,29035
2013,6.3,29037
2013,7,29039
2013,6.3,29041
2013,5.5,29043
2013,7.9,29045
2013,6.1,29047
2013,6.6,29049
2013,5.2,29051
2013,6.9,29053
2013,8.6,29055
2013,6.8,29057
2013,8.6,29059
2013,6.2,29061
2013,6,29063
2013,7.5,29065
2013,9.4,29067
2013,9.9,29069
2013,7.2,29071
2013,6.3,29073
2013,5.3,29075
2013,5.5,29077
2013,5.9,29079
2013,7.3,29081
2013,7.1,29083
2013,9.9,29085
2013,5.4,29087
2013,6.5,29089
2013,7.8,29091
2013,10.6,29093
2013,7.6,29095
2013,5.8,29097
2013,6.8,29099
2013,7.2,29101
2013,5.5,29103
2013,9.6,29105
2013,6.4,29107
2013,6.6,29109
2013,5.6,29111
2013,7.6,29113
2013,8.8,29115
2013,5.6,29117
2013,6.4,29119
2013,6.5,29121
2013,7.6,29123
2013,6.6,29125
2013,6,29127
2013,5.5,29129
2013,8.7,29131
2013,7.8,29133
2013,6.4,29135
2013,7.3,29137
2013,7.2,29139
2013,9.5,29141
2013,7.8,29143
2013,6,29145
2013,6.5,29147
2013,8,29149
2013,5,29151
2013,10.3,29153
2013,10.3,29155
2013,5.4,29157
2013,6.6,29159
2013,7,29161
2013,6.5,29163
2013,5.7,29165
2013,7.1,29167
2013,7.9,29169
2013,5.9,29171
2013,5.8,29173
2013,8.2,29175
2013,7.7,29177
2013,9.4,29179
2013,9.3,29181
2013,5.3,29183
2013,7.8,29185
2013,7.2,29186
2013,8.5,29187
2013,6.2,29189
2013,6,29195
2013,7.8,29197
2013,5.3,29199
2013,7.1,29201
2013,9.5,29203
2013,5.6,29205
2013,8.8,29207
2013,10.5,29209
2013,6.5,29211
2013,10.7,29213
2013,8.2,29215
2013,5.9,29217
2013,6.8,29219
2013,9.7,29221
2013,8.2,29223
2013,6.7,29225
2013,4.1,29227
2013,8.4,29229
2013,8.4,29510
2013,5.4,30000
2013,4.7,30001
2013,14.1,30003
2013,6.2,30005
2013,6.4,30007
2013,4.5,30009
2013,3.1,30011
2013,5.1,30013
2013,3.7,30015
2013,3.4,30017
2013,3.2,30019
2013,3.2,30021
2013,4.9,30023
2013,2,30025
2013,4.9,30027
2013,7.7,30029
2013,4.1,30031
2013,3.2,30033
2013,10.1,30035
2013,5,30037
2013,7.6,30039
2013,6.6,30041
2013,4.9,30043
2013,4.9,30045
2013,6.5,30047
2013,4.4,30049
2013,3.4,30051
2013,13,30053
2013,2.4,30055
2013,5.5,30057
2013,5.3,30059
2013,10.4,30061
2013,5.2,30063
2013,5.1,30065
2013,6.4,30067
2013,4.8,30069
2013,5.9,30071
2013,4.9,30073
2013,3.3,30075
2013,5.6,30077
2013,4.6,30079
2013,6.7,30081
2013,2.6,30083
2013,5.5,30085
2013,6.4,30087
2013,10.5,30089
2013,2.8,30091
2013,5.5,30093
2013,4,30095
2013,3.7,30097
2013,4.3,30099
2013,3.9,30101
2013,4.5,30103
2013,3.8,30105
2013,6.2,30107
2013,3.4,30109
2013,4.3,30111
2013,3.8,31000
2013,3.6,31001
2013,3.2,31003
2013,7.7,31005
2013,4.6,31007
2013,5.1,31009
2013,3.3,31011
2013,3.9,31013
2013,3.5,31015
2013,3.9,31017
2013,3.2,31019
2013,4.5,31021
2013,3.4,31023
2013,4.3,31025
2013,3,31027
2013,2.4,31029
2013,2.8,31031
2013,2.8,31033
2013,3.4,31035
2013,3.5,31037
2013,3,31039
2013,2.8,31041
2013,4.7,31043
2013,3.6,31045
2013,3.8,31047
2013,3.4,31049
2013,3.7,31051
2013,4.2,31053
2013,4.1,31055
2013,2.8,31057
2013,3,31059
2013,3.5,31061
2013,3.4,31063
2013,3.5,31065
2013,4.6,31067
2013,2.8,31069
2013,3.1,31071
2013,3.4,31073
2013,3.3,31075
2013,3.5,31077
2013,3.7,31079
2013,3.2,31081
2013,3.1,31083
2013,3.4,31085
2013,4,31087
2013,3.1,31089
2013,4.8,31091
2013,3.7,31093
2013,3.7,31095
2013,4.3,31097
2013,2.8,31099
2013,3.6,31101
2013,3.3,31103
2013,3.3,31105
2013,3.5,31107
2013,3.5,31109
2013,3.8,31111
2013,3.2,31113
2013,4.5,31115
2013,3.8,31117
2013,3.5,31119
2013,3.7,31121
2013,3.2,31123
2013,3.2,31125
2013,5,31127
2013,3.2,31129
2013,4.3,31131
2013,3.1,31133
2013,2.6,31135
2013,3,31137
2013,3.3,31139
2013,3.5,31141
2013,3.4,31143
2013,3,31145
2013,4.5,31147
2013,3.2,31149
2013,4.3,31151
2013,3.6,31153
2013,4,31155
2013,4.2,31157
2013,3.7,31159
2013,3.2,31161
2013,3.3,31163
2013,3.3,31165
2013,3.3,31167
2013,2.8,31169
2013,4,31171
2013,7.7,31173
2013,3.3,31175
2013,3.7,31177
2013,3.2,31179
2013,3.9,31181
2013,3.2,31183
2013,3.6,31185
2013,9.6,32000
2013,9.5,32001
2013,9.7,32003
2013,9.7,32005
2013,6.2,32007
2013,4.8,32009
2013,6.1,32011
2013,6.4,32013
2013,7.4,32015
2013,9.6,32017
2013,12.8,32019
2013,12.5,32021
2013,12.2,32023
2013,9,32027
2013,11.6,32029
2013,9.5,32031
2013,7.4,32033
2013,10.4,32510
2013,5.1,33000
2013,5,33001
2013,4.9,33003
2013,4.7,33005
2013,6.1,33007
2013,4.2,33009
2013,5.4,33011
2013,4.6,33013
2013,5.4,33015
2013,4.9,33017
2013,4.1,33019
2013,8.2,34000
2013,11.7,34001
2013,6.7,34003
2013,7.7,34005
2013,9.4,34007
2013,14.3,34009
2013,11.7,34011
2013,9.7,34013
2013,9,34015
2013,7.9,34017
2013,5.9,34019
2013,7.3,34021
2013,7.5,34023
2013,7.5,34025
2013,6.2,34027
2013,9.3,34029
2013,10,34031
2013,10.4,34033
2013,6.3,34035
2013,7.9,34037
2013,8.4,34039
2013,7.6,34041
2013,6.9,35000
2013,6.5,35001
2013,8.9,35003
2013,6.3,35005
2013,8.5,35006
2013,7.1,35007
2013,5.1,35009
2013,4.6,35011
2013,7.5,35013
2013,4.6,35015
2013,6.8,35017
2013,8.7,35019
2013,5.3,35021
2013,7.5,35023
2013,4.5,35025
2013,6.4,35027
2013,4.2,35028
2013,19,35029
2013,10.1,35031
2013,11.7,35033
2013,6.4,35035
2013,7.3,35037
2013,9.6,35039
2013,5.6,35041
2013,7.4,35043
2013,6.8,35045
2013,8.4,35047
2013,5.6,35049
2013,9.8,35051
2013,7.4,35053
2013,10.3,35055
2013,10.2,35057
2013,4.6,35059
2013,8.4,35061
2013,7.7,36000
2013,6.1,36001
2013,7.5,36003
2013,11.8,36005
2013,7.8,36007
2013,8.5,36009
2013,7.4,36011
2013,8,36013
2013,7.9,36015
2013,7.3,36017
2013,8.3,36019
2013,6,36021
2013,7.7,36023
2013,7.9,36025
2013,6.7,36027
2013,7.4,36029
2013,8.3,36031
2013,8.8,36033
2013,9.5,36035
2013,6.8,36037
2013,8.8,36039
2013,9.5,36041
2013,7.8,36043
2013,9.2,36045
2013,9.4,36047
2013,9.5,36049
2013,7,36051
2013,7.6,36053
2013,7,36055
2013,9.2,36057
2013,5.9,36059
2013,7.5,36061
2013,8.5,36063
2013,7.4,36065
2013,6.8,36067
2013,6.3,36069
2013,6.8,36071
2013,9.1,36073
2013,9.9,36075
2013,6.8,36077
2013,6.1,36079
2013,7.7,36081
2013,6.7,36083
2013,9,36085
2013,6.3,36087
2013,9.1,36089
2013,5.8,36091
2013,6.7,36093
2013,8.1,36095
2013,8.8,36097
2013,6.9,36099
2013,8.4,36101
2013,6.6,36103
2013,8.1,36105
2013,7.1,36107
2013,5.2,36109
2013,7.1,36111
2013,8.2,36113
2013,7.5,36115
2013,7.6,36117
2013,6.3,36119
2013,7.9,36121
2013,6.8,36123
2013,8,37000
2013,7.3,37001
2013,7.8,37003
2013,8.8,37005
2013,9.5,37007
2013,9.2,37009
2013,8.9,37011
2013,9.5,37013
2013,10.1,37015
2013,11.5,37017
2013,9.8,37019
2013,6,37021
2013,8.3,37023
2013,7.6,37025
2013,9.6,37027
2013,7.1,37029
2013,7.8,37031
2013,9,37033
2013,8.5,37035
2013,6.3,37037
2013,9.2,37039
2013,9.8,37041
2013,8.8,37043
2013,9.5,37045
2013,10.3,37047
2013,8.7,37049
2013,9.7,37051
2013,7.9,37053
2013,11,37055
2013,8.2,37057
2013,7.5,37059
2013,8,37061
2013,6.3,37063
2013,13,37065
2013,7.5,37067
2013,8.3,37069
2013,9,37071
2013,7,37073
2013,15.2,37075
2013,6.8,37077
2013,7.9,37079
2013,8.2,37081
2013,11.8,37083
2013,9.2,37085
2013,7.8,37087
2013,6.2,37089
2013,9.4,37091
2013,9.9,37093
2013,11.6,37095
2013,8.4,37097
2013,8.8,37099
2013,7.1,37101
2013,8.4,37103
2013,10.1,37105
2013,8.7,37107
2013,8.3,37109
2013,9,37111
2013,9.1,37113
2013,8.2,37115
2013,10.5,37117
2013,7.5,37119
2013,11,37121
2013,8.3,37123
2013,7.8,37125
2013,10.3,37127
2013,7.6,37129
2013,10,37131
2013,7,37133
2013,5.3,37135
2013,8.4,37137
2013,9.6,37139
2013,9,37141
2013,9.6,37143
2013,10.1,37145
2013,8.1,37147
2013,6.6,37149
2013,8.6,37151
2013,11.8,37153
2013,11.9,37155
2013,9.7,37157
2013,9.3,37159
2013,11.2,37161
2013,8.1,37163
2013,15.1,37165
2013,8.2,37167
2013,7.9,37169
2013,8.3,37171
2013,12.4,37173
2013,7.4,37175
2013,12.9,37177
2013,6.6,37179
2013,11.5,37181
2013,6,37183
2013,11,37185
2013,12.5,37187
2013,6.4,37189
2013,7.8,37191
2013,8.9,37193
2013,11.8,37195
2013,7.7,37197
2013,9.5,37199
2013,2.9,38000
2013,2.5,38001
2013,3.2,38003
2013,7.6,38005
2013,2.9,38007
2013,3.9,38009
2013,2,38011
2013,2.2,38013
2013,2.5,38015
2013,2.8,38017
2013,3.3,38019
2013,2.3,38021
2013,1.4,38023
2013,1.4,38025
2013,6,38027
2013,5.3,38029
2013,3.4,38031
2013,2.3,38033
2013,3,38035
2013,2.9,38037
2013,2.3,38039
2013,2.6,38041
2013,4.7,38043
2013,2.3,38045
2013,3.1,38047
2013,4.2,38049
2013,3,38051
2013,1.5,38053
2013,4.2,38055
2013,4.6,38057
2013,3.3,38059
2013,1.5,38061
2013,4.3,38063
2013,6.1,38065
2013,6.1,38067
2013,4.2,38069
2013,3.8,38071
2013,2.9,38073
2013,2.4,38075
2013,3.4,38077
2013,12.4,38079
2013,2.5,38081
2013,4,38083
2013,4.6,38085
2013,2.1,38087
2013,1.7,38089
2013,2.4,38091
2013,3.1,38093
2013,3.9,38095
2013,2.9,38097
2013,5,38099
2013,2.7,38101
2013,4.3,38103
2013,1.2,38105
2013,7.5,39000
2013,12.7,39001
2013,7.8,39003
2013,8.1,39005
2013,9.5,39007
2013,9,39009
2013,5.9,39011
2013,8.2,39013
2013,10.2,39015
2013,7.5,39017
2013,7.9,39019
2013,6.9,39021
2013,7.5,39023
2013,7.4,39025
2013,10.4,39027
2013,8.2,39029
2013,9.8,39031
2013,9.2,39033
2013,7,39035
2013,7,39037
2013,7.5,39039
2013,5.3,39041
2013,8.1,39043
2013,6.7,39045
2013,7.7,39047
2013,6.4,39049
2013,7.9,39051
2013,9.7,39053
2013,5.7,39055
2013,7,39057
2013,8.7,39059
2013,7.3,39061
2013,6.2,39063
2013,7.7,39065
2013,7.9,39067
2013,8.8,39069
2013,10.5,39071
2013,8.1,39073
2013,5.2,39075
2013,10.2,39077
2013,10.5,39079
2013,10.9,39081
2013,6.9,39083
2013,6.2,39085
2013,8.8,39087
2013,6.9,39089
2013,6.8,39091
2013,7.3,39093
2013,8.7,39095
2013,6.3,39097
2013,8.5,39099
2013,7.9,39101
2013,5.8,39103
2013,11.9,39105
2013,5.1,39107
2013,7.2,39109
2013,10,39111
2013,8.3,39113
2013,10.1,39115
2013,8,39117
2013,9.1,39119
2013,9.6,39121
2013,9.7,39123
2013,7.6,39125
2013,9.6,39127
2013,7.3,39129
2013,12.2,39131
2013,7.7,39133
2013,7.5,39135
2013,6,39137
2013,8.6,39139
2013,8.7,39141
2013,7.6,39143
2013,11.9,39145
2013,7.8,39147
2013,6.7,39149
2013,7.6,39151
2013,7.6,39153
2013,9.4,39155
2013,7.3,39157
2013,5.8,39159
2013,7,39161
2013,10.7,39163
2013,6.4,39165
2013,8.6,39167
2013,6.2,39169
2013,7.5,39171
2013,7,39173
2013,6.3,39175
2013,5.3,40000
2013,9.8,40001
2013,3.3,40003
2013,6.9,40005
2013,3.4,40007
2013,3.3,40009
2013,4,40011
2013,5.5,40013
2013,6.3,40015
2013,4.1,40017
2013,5.3,40019
2013,7,40021
2013,8.5,40023
2013,3.2,40025
2013,4.3,40027
2013,7.6,40029
2013,5.8,40031
2013,5.6,40033
2013,6.5,40035
2013,6,40037
2013,3.7,40039
2013,6.9,40041
2013,3.5,40043
2013,3.1,40045
2013,4.1,40047
2013,5,40049
2013,4.8,40051
2013,3.3,40053
2013,5.4,40055
2013,4.3,40057
2013,3.3,40059
2013,9.2,40061
2013,8,40063
2013,5.4,40065
2013,5.3,40067
2013,8.1,40069
2013,6.9,40071
2013,3.5,40073
2013,4.9,40075
2013,8.9,40077
2013,8.9,40079
2013,5.1,40081
2013,4.5,40083
2013,4.4,40085
2013,4.4,40087
2013,9.4,40089
2013,9.8,40091
2013,3.4,40093
2013,5.8,40095
2013,5.8,40097
2013,5,40099
2013,6.5,40101
2013,4.4,40103
2013,6.8,40105
2013,7.1,40107
2013,4.8,40109
2013,7.6,40111
2013,5.8,40113
2013,8,40115
2013,6,40117
2013,4.4,40119
2013,7.3,40121
2013,5.5,40123
2013,5.5,40125
2013,8.9,40127
2013,3.2,40129
2013,5.1,40131
2013,8.2,40133
2013,8.4,40135
2013,5.4,40137
2013,4.4,40139
2013,5.4,40141
2013,5.1,40143
2013,5.1,40145
2013,4.8,40147
2013,4.2,40149
2013,3.2,40151
2013,3.5,40153
2013,7.9,41000
2013,9.6,41001
2013,5.7,41003
2013,7.1,41005
2013,7.8,41007
2013,9.6,41009
2013,10.2,41011
2013,12.1,41013
2013,10.6,41015
2013,9.5,41017
2013,10.6,41019
2013,9.5,41021
2013,12.4,41023
2013,11.6,41025
2013,6.3,41027
2013,9.7,41029
2013,10.4,41031
2013,11.1,41033
2013,10.8,41035
2013,11.4,41037
2013,8,41039
2013,8.8,41041
2013,9.7,41043
2013,8.5,41045
2013,8.8,41047
2013,7.7,41049
2013,6.8,41051
2013,8.1,41053
2013,9.3,41055
2013,8.4,41057
2013,8.8,41059
2013,8.4,41061
2013,11.1,41063
2013,7.6,41065
2013,6.3,41067
2013,6.3,41069
2013,7.5,41071
2013,7.4,42000
2013,5.9,42001
2013,6.5,42003
2013,7.7,42005
2013,7.2,42007
2013,8.4,42009
2013,7.1,42011
2013,7,42013
2013,7.3,42015
2013,6.6,42017
2013,6.2,42019
2013,8.7,42021
2013,9.7,42023
2013,9.3,42025
2013,5.3,42027
2013,5.3,42029
2013,8.1,42031
2013,9,42033
2013,9,42035
2013,7.7,42037
2013,7.2,42039
2013,5.7,42041
2013,6.8,42043
2013,7.1,42045
2013,6.8,42047
2013,7.4,42049
2013,9.6,42051
2013,9.9,42053
2013,6.6,42055
2013,9.2,42057
2013,7.2,42059
2013,9.8,42061
2013,7.7,42063
2013,8.2,42065
2013,7.1,42067
2013,8.3,42069
2013,6,42071
2013,7.5,42073
2013,6.2,42075
2013,7.8,42077
2013,9.4,42079
2013,7.8,42081
2013,8.2,42083
2013,7.2,42085
2013,8.2,42087
2013,9.4,42089
2013,5.9,42091
2013,5.5,42093
2013,7.4,42095
2013,8.7,42097
2013,6.5,42099
2013,10.3,42101
2013,9.7,42103
2013,9.3,42105
2013,9.2,42107
2013,6.9,42109
2013,9.2,42111
2013,8.3,42113
2013,7.1,42115
2013,8.6,42117
2013,6.3,42119
2013,7.8,42121
2013,6.4,42123
2013,6.9,42125
2013,7.9,42127
2013,7,42129
2013,8.6,42131
2013,6.7,42133
2013,9.3,44000
2013,7.9,44001
2013,8.7,44003
2013,8.5,44005
2013,9.8,44007
2013,8.6,44009
2013,7.6,45000
2013,9.5,45001
2013,7.6,45003
2013,14,45005
2013,7.1,45007
2013,13.5,45009
2013,12.1,45011
2013,6.4,45013
2013,7,45015
2013,9.6,45017
2013,5.9,45019
2013,10.5,45021
2013,12.2,45023
2013,9.2,45025
2013,10.3,45027
2013,9.9,45029
2013,9.3,45031
2013,11.8,45033
2013,6.6,45035
2013,8.1,45037
2013,10.7,45039
2013,8.3,45041
2013,10.1,45043
2013,6.1,45045
2013,8.6,45047
2013,9.3,45049
2013,8.6,45051
2013,6.9,45053
2013,7.8,45055
2013,9.3,45057
2013,8.6,45059
2013,11,45061
2013,5.8,45063
2013,9.8,45065
2013,13.1,45067
2013,13.8,45069
2013,7.3,45071
2013,7.7,45073
2013,12.4,45075
2013,7.4,45077
2013,6.9,45079
2013,6.9,45081
2013,7.7,45083
2013,8.7,45085
2013,11.3,45087
2013,12.5,45089
2013,7.7,45091
2013,3.8,46000
2013,2.7,46003
2013,3.6,46005
2013,6.4,46007
2013,3.2,46009
2013,3.4,46011
2013,3.3,46013
2013,3.4,46015
2013,8.8,46017
2013,3.9,46019
2013,3.6,46021
2013,4.3,46023
2013,3.9,46025
2013,3.7,46027
2013,3.6,46029
2013,6.9,46031
2013,5.1,46033
2013,3.1,46035
2013,5.3,46037
2013,5.6,46039
2013,15.5,46041
2013,3.2,46043
2013,2.8,46045
2013,5,46047
2013,3.3,46049
2013,4.2,46051
2013,3.9,46053
2013,2.9,46055
2013,3.4,46057
2013,2.7,46059
2013,4.2,46061
2013,2.9,46063
2013,2.9,46065
2013,3.3,46067
2013,3.4,46069
2013,6.2,46071
2013,3.1,46073
2013,3.6,46075
2013,3.2,46077
2013,3.9,46079
2013,3.9,46081
2013,2.7,46083
2013,4.8,46085
2013,3.2,46087
2013,3.8,46089
2013,4.4,46091
2013,3.8,46093
2013,7.6,46095
2013,3.7,46097
2013,3.3,46099
2013,4.6,46101
2013,13.5,46102
2013,3.9,46103
2013,3.7,46105
2013,3.8,46107
2013,5.2,46109
2013,3,46111
2013,3.6,46115
2013,2.8,46117
2013,3,46119
2013,9.8,46121
2013,3.5,46123
2013,3,46125
2013,4.2,46127
2013,5.4,46129
2013,3.3,46135
2013,6.2,46137
2013,7.8,47000
2013,7.9,47001
2013,9.2,47003
2013,9.8,47005
2013,10.5,47007
2013,7,47009
2013,7.1,47011
2013,11.1,47013
2013,7.9,47015
2013,11.9,47017
2013,9.2,47019
2013,6.6,47021
2013,8.1,47023
2013,10.7,47025
2013,10.8,47027
2013,10.9,47029
2013,7.8,47031
2013,9.1,47033
2013,9.3,47035
2013,5.9,47037
2013,10.6,47039
2013,10.1,47041
2013,7.7,47043
2013,10.5,47045
2013,8.6,47047
2013,9.8,47049
2013,7.3,47051
2013,11,47053
2013,8.2,47055
2013,10,47057
2013,9.7,47059
2013,10.1,47061
2013,9.1,47063
2013,7.2,47065
2013,11.8,47067
2013,11.1,47069
2013,10.4,47071
2013,8.8,47073
2013,11.8,47075
2013,10.5,47077
2013,9.5,47079
2013,8.3,47081
2013,10.9,47083
2013,8.8,47085
2013,10.3,47087
2013,9.1,47089
2013,9,47091
2013,6.3,47093
2013,10.1,47095
2013,11.7,47097
2013,9.9,47099
2013,10.6,47101
2013,6.3,47103
2013,7.8,47105
2013,9,47107
2013,11.7,47109
2013,8.2,47111
2013,8.1,47113
2013,9.1,47115
2013,8.2,47117
2013,7.1,47119
2013,10.3,47121
2013,9.8,47123
2013,7.6,47125
2013,6,47127
2013,10.2,47129
2013,11.6,47131
2013,9,47133
2013,9.4,47135
2013,9.5,47137
2013,9.2,47139
2013,8,47141
2013,10.7,47143
2013,9,47145
2013,6.8,47147
2013,6.2,47149
2013,14.5,47151
2013,8.6,47153
2013,8.5,47155
2013,8.8,47157
2013,7.8,47159
2013,11,47161
2013,7.6,47163
2013,6.2,47165
2013,9.5,47167
2013,8.5,47169
2013,10.5,47171
2013,9.6,47173
2013,11.5,47175
2013,8.5,47177
2013,7.2,47179
2013,9.7,47181
2013,10.4,47183
2013,9.5,47185
2013,5.2,47187
2013,6.3,47189
2013,6.3,48000
2013,5.8,48001
2013,3.8,48003
2013,6.5,48005
2013,6.6,48007
2013,5.2,48009
2013,4,48011
2013,6.2,48013
2013,5.9,48015
2013,7.2,48017
2013,6,48019
2013,6.2,48021
2013,5.3,48023
2013,6.6,48025
2013,6.9,48027
2013,5.8,48029
2013,4.7,48031
2013,4.1,48033
2013,6.5,48035
2013,7.6,48037
2013,6.1,48039
2013,4.9,48041
2013,5.6,48043
2013,5.6,48045
2013,9,48047
2013,6.5,48049
2013,6.2,48051
2013,5.5,48053
2013,6.6,48055
2013,6.2,48057
2013,5.7,48059
2013,10,48061
2013,7.3,48063
2013,4.4,48065
2013,9.2,48067
2013,4.7,48069
2013,7.3,48071
2013,6.9,48073
2013,4.3,48075
2013,5.5,48077
2013,6.6,48079
2013,5.1,48081
2013,7.5,48083
2013,5.5,48085
2013,5.1,48087
2013,5.8,48089
2013,6,48091
2013,5.9,48093
2013,4,48095
2013,5,48097
2013,7.2,48099
2013,6.7,48101
2013,4.5,48103
2013,5.1,48105
2013,5.9,48107
2013,5,48109
2013,3.5,48111
2013,6.6,48113
2013,6.4,48115
2013,4.5,48117
2013,6.3,48119
2013,5.4,48121
2013,4.7,48123
2013,9.2,48125
2013,5,48127
2013,5.1,48129
2013,6.4,48131
2013,6,48133
2013,4.3,48135
2013,5.9,48137
2013,6.2,48139
2013,7.9,48141
2013,5.4,48143
2013,7.1,48145
2013,7,48147
2013,4.4,48149
2013,5.4,48151
2013,8.8,48153
2013,5.2,48155
2013,5.5,48157
2013,6.5,48159
2013,6.9,48161
2013,4.7,48163
2013,4.2,48165
2013,6.9,48167
2013,4.5,48169
2013,4.4,48171
2013,3.6,48173
2013,5.2,48175
2013,5.1,48177
2013,5.2,48179
2013,6.3,48181
2013,5.9,48183
2013,6,48185
2013,5.5,48187
2013,13.3,48189
2013,7.1,48191
2013,6,48193
2013,3.3,48195
2013,5.8,48197
2013,8,48199
2013,6.1,48201
2013,6.8,48203
2013,3.1,48205
2013,4.9,48207
2013,5.3,48209
2013,3,48211
2013,7.1,48213
2013,10.3,48215
2013,6.4,48217
2013,5,48219
2013,6.1,48221
2013,5.8,48223
2013,6.2,48225
2013,5.4,48227
2013,7,48229
2013,7.4,48231
2013,6.2,48233
2013,4.2,48235
2013,5.3,48237
2013,5,48239
2013,10.5,48241
2013,4.1,48243
2013,10.9,48245
2013,7.1,48247
2013,6.1,48249
2013,6.1,48251
2013,6.7,48253
2013,5.4,48255
2013,6.4,48257
2013,5.1,48259
2013,4,48261
2013,3.9,48263
2013,5.5,48265
2013,4.9,48267
2013,4.6,48269
2013,9.5,48271
2013,6.5,48273
2013,5.4,48275
2013,8.1,48277
2013,6.8,48279
2013,7.2,48281
2013,3.8,48283
2013,4.7,48285
2013,5.1,48287
2013,6.9,48289
2013,8.9,48291
2013,6.7,48293
2013,4,48295
2013,4.4,48297
2013,6.4,48299
2013,5.3,48301
2013,4.9,48303
2013,5.3,48305
2013,5.3,48307
2013,6.2,48309
2013,2.6,48311
2013,6.5,48313
2013,8.1,48315
2013,4.2,48317
2013,5.5,48319
2013,9.7,48321
2013,12.5,48323
2013,6.1,48325
2013,5.9,48327
2013,3.7,48329
2013,7.8,48331
2013,5.3,48333
2013,5.5,48335
2013,4.9,48337
2013,5.4,48339
2013,4.3,48341
2013,9.6,48343
2013,6,48345
2013,6.5,48347
2013,6.5,48349
2013,10.8,48351
2013,5.7,48353
2013,6.1,48355
2013,3.8,48357
2013,4.5,48359
2013,10.4,48361
2013,6.5,48363
2013,6.2,48365
2013,5.5,48367
2013,3.9,48369
2013,5.4,48371
2013,7.7,48373
2013,5,48375
2013,12.9,48377
2013,6.1,48379
2013,4.3,48381
2013,4,48383
2013,8,48385
2013,10.1,48387
2013,5.8,48389
2013,5.4,48391
2013,4.4,48393
2013,7,48395
2013,5.8,48397
2013,5.3,48399
2013,6.2,48401
2013,12.9,48403
2013,11.6,48405
2013,7.6,48407
2013,7.2,48409
2013,5.7,48411
2013,3.5,48413
2013,4.2,48415
2013,3.3,48417
2013,7.4,48419
2013,4.1,48421
2013,6.5,48423
2013,6,48425
2013,15,48427
2013,5.2,48429
2013,3.9,48431
2013,4.7,48433
2013,4.6,48435
2013,8.4,48437
2013,6,48439
2013,5.3,48441
2013,5,48443
2013,5.9,48445
2013,5,48447
2013,7.4,48449
2013,5.2,48451
2013,5,48453
2013,7.5,48455
2013,10.3,48457
2013,6.4,48459
2013,4.1,48461
2013,7,48463
2013,7.4,48465
2013,6.5,48467
2013,5.3,48469
2013,6.6,48471
2013,6.5,48473
2013,4.7,48475
2013,5.5,48477
2013,6.1,48479
2013,6,48481
2013,4.3,48483
2013,5.9,48485
2013,5.8,48487
2013,15.8,48489
2013,5.3,48491
2013,5.3,48493
2013,5.3,48495
2013,6,48497
2013,7.3,48499
2013,3.9,48501
2013,5.2,48503
2013,6.2,48505
2013,14.5,48507
2013,4.6,49000
2013,4.7,49001
2013,4.7,49003
2013,4,49005
2013,6.3,49007
2013,4.9,49009
2013,4.3,49011
2013,4.3,49013
2013,6.1,49015
2013,9.2,49017
2013,7.7,49019
2013,5.5,49021
2013,5,49023
2013,5.4,49025
2013,4.1,49027
2013,4,49029
2013,7.6,49031
2013,4.6,49033
2013,4.4,49035
2013,8,49037
2013,5.6,49039
2013,5.4,49041
2013,4.2,49043
2013,5.4,49045
2013,4.4,49047
2013,4.2,49049
2013,4.7,49051
2013,5.5,49053
2013,10.9,49055
2013,5.4,49057
2013,4.4,50000
2013,4.1,50001
2013,5.2,50003
2013,5.3,50005
2013,3.4,50007
2013,6.8,50009
2013,4.2,50011
2013,4.5,50013
2013,5.7,50015
2013,4.1,50017
2013,6.8,50019
2013,5.3,50021
2013,4.3,50023
2013,4.7,50025
2013,4.2,50027
2013,5.7,51000
2013,7.2,51001
2013,4.8,51003
2013,6.6,51005
2013,5.9,51007
2013,6.1,51009
2013,6.5,51011
2013,3.5,51013
2013,5.2,51015
2013,5.3,51017
2013,5.7,51019
2013,6.8,51021
2013,5.3,51023
2013,9.4,51025
2013,11,51027
2013,7.9,51029
2013,6,51031
2013,7.1,51033
2013,8.3,51035
2013,6.8,51036
2013,7.8,51037
2013,5.7,51041
2013,4.7,51043
2013,7,51045
2013,5.4,51047
2013,6.7,51049
2013,11.2,51051
2013,7.4,51053
2013,6.6,51057
2013,4.4,51059
2013,4.9,51061
2013,5.4,51063
2013,4.8,51065
2013,5.9,51067
2013,5.3,51069
2013,7,51071
2013,5.2,51073
2013,5.1,51075
2013,9.7,51077
2013,4.8,51079
2013,7.7,51081
2013,9.1,51083
2013,5.1,51085
2013,5.6,51087
2013,9.1,51089
2013,4.3,51091
2013,5.7,51093
2013,5.3,51095
2013,6.1,51097
2013,5.8,51099
2013,5.6,51101
2013,7.5,51103
2013,8.8,51105
2013,4.4,51107
2013,5.7,51109
2013,7.1,51111
2013,4.5,51113
2013,5.1,51115
2013,9.3,51117
2013,5.5,51119
2013,5.7,51121
2013,5.5,51125
2013,5,51127
2013,9.1,51131
2013,7.4,51133
2013,6,51135
2013,5.9,51137
2013,9.2,51139
2013,8.3,51141
2013,7,51143
2013,5.1,51145
2013,8.4,51147
2013,7,51149
2013,5.2,51153
2013,7.6,51155
2013,5.1,51157
2013,6.2,51159
2013,5,51161
2013,5.8,51163
2013,5.1,51165
2013,8.5,51167
2013,7,51169
2013,5.6,51171
2013,9.1,51173
2013,5.6,51175
2013,5.8,51177
2013,5.7,51179
2013,7.3,51181
2013,9.3,51183
2013,8.6,51185
2013,6.1,51187
2013,6.4,51191
2013,6.9,51193
2013,10.3,51195
2013,7.8,51197
2013,5.4,51199
2013,4.1,51510
2013,7,51520
2013,6.8,51530
2013,4.7,51540
2013,5.9,51550
2013,6.5,51570
2013,8.4,51580
2013,9.8,51590
2013,9.8,51595
2013,4.2,51600
2013,3.9,51610
2013,9.3,51620
2013,6.5,51630
2013,8.6,51640
2013,7.5,51650
2013,6.8,51660
2013,9.8,51670
2013,8.5,51678
2013,7.1,51680
2013,5.4,51683
2013,5.1,51685
2013,11.2,51690
2013,6.8,51700
2013,7,51710
2013,8.3,51720
2013,11.7,51730
2013,5,51735
2013,8.1,51740
2013,7.5,51750
2013,6.8,51760
2013,6.7,51770
2013,5.8,51775
2013,5.8,51790
2013,6.3,51800
2013,5.4,51810
2013,6.1,51820
2013,7.7,51830
2013,5.8,51840
2013,7,53000
2013,8.4,53001
2013,6.6,53003
2013,8.9,53005
2013,7.3,53007
2013,9.6,53009
2013,8.5,53011
2013,8,53013
2013,9.8,53015
2013,8.3,53017
2013,13.5,53019
2013,9.4,53021
2013,7.4,53023
2013,8.7,53025
2013,11.9,53027
2013,7.4,53029
2013,9.4,53031
2013,5.1,53033
2013,7.2,53035
2013,7.8,53037
2013,9.4,53039
2013,10.5,53041
2013,6.8,53043
2013,10,53045
2013,8.6,53047
2013,11.3,53049
2013,11.9,53051
2013,8.3,53053
2013,6,53055
2013,8.6,53057
2013,9.9,53059
2013,5.8,53061
2013,8.2,53063
2013,10.8,53065
2013,7.6,53067
2013,12,53069
2013,7.1,53071
2013,7.4,53073
2013,6,53075
2013,10,53077
2013,6.8,54000
2013,7.1,54001
2013,5.6,54003
2013,9.6,54005
2013,10.3,54007
2013,7.7,54009
2013,5.8,54011
2013,10.1,54013
2013,12,54015
2013,5.3,54017
2013,8.6,54019
2013,6.7,54021
2013,8.2,54023
2013,7.4,54025
2013,7,54027
2013,8.1,54029
2013,9.5,54031
2013,5.6,54033
2013,6.9,54035
2013,4.8,54037
2013,5.9,54039
2013,6.4,54041
2013,9.6,54043
2013,9.8,54045
2013,12.7,54047
2013,5.9,54049
2013,7.3,54051
2013,9.4,54053
2013,7.7,54055
2013,7.8,54057
2013,11.2,54059
2013,4.5,54061
2013,6.3,54063
2013,6.2,54065
2013,9.6,54067
2013,5.7,54069
2013,5.4,54071
2013,7.3,54073
2013,8.6,54075
2013,6.5,54077
2013,5.7,54079
2013,7.3,54081
2013,7.2,54083
2013,6.1,54085
2013,10.4,54087
2013,7.6,54089
2013,5.6,54091
2013,6.8,54093
2013,8.7,54095
2013,7.1,54097
2013,6.9,54099
2013,10.3,54101
2013,9.1,54103
2013,10.1,54105
2013,6.2,54107
2013,9.2,54109
2013,6.7,55000
2013,10.9,55001
2013,9.2,55003
2013,7.5,55005
2013,11,55007
2013,6.2,55009
2013,6.6,55011
2013,8.5,55013
2013,5.3,55015
2013,6.7,55017
2013,7.1,55019
2013,6.5,55021
2013,8.2,55023
2013,4.7,55025
2013,6.9,55027
2013,9.9,55029
2013,6.6,55031
2013,6.4,55033
2013,5.7,55035
2013,8.3,55037
2013,6.1,55039
2013,11,55041
2013,5.9,55043
2013,5.7,55045
2013,7.9,55047
2013,6.5,55049
2013,10.7,55051
2013,7.1,55053
2013,6.3,55055
2013,8.1,55057
2013,7.7,55059
2013,6.4,55061
2013,5.3,55063
2013,5.4,55065
2013,9.1,55067
2013,8.3,55069
2013,7.4,55071
2013,6.7,55073
2013,7.9,55075
2013,8.4,55077
2013,15.8,55078
2013,8.4,55079
2013,6.9,55081
2013,7.7,55083
2013,8.6,55085
2013,6.1,55087
2013,5.2,55089
2013,5.7,55091
2013,5.3,55093
2013,7.1,55095
2013,6.9,55097
2013,6.9,55099
2013,8.3,55101
2013,6.1,55103
2013,7.7,55105
2013,8.5,55107
2013,5.4,55109
2013,6.3,55111
2013,10.9,55113
2013,7.5,55115
2013,6.1,55117
2013,6.4,55119
2013,5.6,55121
2013,6,55123
2013,10.1,55125
2013,6.8,55127
2013,7.4,55129
2013,5.7,55131
2013,5.5,55133
2013,7.3,55135
2013,8.6,55137
2013,6.4,55139
2013,7.3,55141
2013,4.7,56000
2013,3.8,56001
2013,5.2,56003
2013,4.2,56005
2013,4.3,56007
2013,3.7,56009
2013,4.4,56011
2013,5.7,56013
2013,4.2,56015
2013,4.7,56017
2013,5.1,56019
2013,4.8,56021
2013,5.7,56023
2013,4.5,56025
2013,3.5,56027
2013,5.1,56029
2013,4.4,56031
2013,5.5,56033
2013,4.7,56035
2013,4.4,56037
2013,5.6,56039
2013,5.3,56041
2013,5,56043
2013,3.6,56045
2013,14.3,72000
2013,23.1,72001
2013,18.5,72003
2013,17.5,72005
2013,16.8,72007
2013,17.1,72009
2013,18.4,72011
2013,15.6,72013
2013,25.3,72015
2013,21.5,72017
2013,15.5,72019
2013,10.1,72021
2013,20.2,72023
2013,11.9,72025
2013,15.1,72027
2013,13.1,72029
2013,9.5,72031
2013,13,72033
2013,13.6,72035
2013,18.1,72037
2013,25.7,72039
2013,12.7,72041
2013,20.2,72043
2013,20,72045
2013,15,72047
2013,6.7,72049
2013,8.9,72051
2013,17.1,72053
2013,20.9,72054
2013,26.7,72055
2013,21.7,72057
2013,22,72059
2013,6.1,72061
2013,10.7,72063
2013,16.1,72065
2013,17,72067
2013,18.3,72069
2013,17.4,72071
2013,18.3,72073
2013,15.6,72075
2013,15.5,72077
2013,27.4,72079
2013,24.8,72081
2013,24.1,72083
2013,17.6,72085
2013,12.5,72087
2013,18.9,72089
2013,13.7,72091
2013,21.1,72093
2013,21.6,72095
2013,19.1,72097
2013,19.8,72099
2013,19.3,72101
2013,16.3,72103
2013,16.5,72105
2013,18.7,72107
2013,24.4,72109
2013,20.5,72111
2013,16,72113
2013,18.9,72115
2013,20.5,72117
2013,11.8,72119
2013,21.2,72121
2013,26,72123
2013,19.9,72125
2013,8,72127
2013,16.6,72129
2013,23.8,72131
2013,18.9,72133
2013,9.3,72135
2013,10.5,72137
2013,7.6,72139
2013,19.6,72141
2013,14.1,72143
2013,16.5,72145
2013,15.9,72147
2013,21.6,72149
2013,23.9,72151
2013,21.1,72153
2015,5.283067496,0
2015,6.1,1000
2015,5.2,1001
2015,5.5,1003
2015,8.9,1005
2015,6.6,1007
2015,5.4,1009
2015,7.9,1011
2015,7.6,1013
2015,7,1015
2015,6,1017
2015,5.4,1019
2015,5.6,1021
2015,9.1,1023
2015,11.7,1025
2015,6.1,1027
2015,6,1029
2015,6,1031
2015,7.9,1033
2015,9.2,1035
2015,6.7,1037
2015,7.1,1039
2015,6,1041
2015,5.3,1043
2015,6.4,1045
2015,9.6,1047
2015,6.1,1049
2015,5,1051
2015,7,1053
2015,6.2,1055
2015,7,1057
2015,6.4,1059
2015,5.9,1061
2015,11.1,1063
2015,7.8,1065
2015,6.8,1067
2015,6.2,1069
2015,6.6,1071
2015,5.8,1073
2015,6.3,1075
2015,6.9,1077
2015,7.7,1079
2015,5.2,1081
2015,5.5,1083
2015,11.5,1085
2015,8,1087
2015,5.5,1089
2015,7.6,1091
2015,6.9,1093
2015,5.8,1095
2015,6.9,1097
2015,10.1,1099
2015,6.1,1101
2015,5.9,1103
2015,10,1105
2015,6.8,1107
2015,6.6,1109
2015,5.9,1111
2015,5.9,1113
2015,5.2,1115
2015,4.2,1117
2015,8,1119
2015,6.6,1121
2015,6.1,1123
2015,5.4,1125
2015,7.2,1127
2015,8.9,1129
2015,14.6,1131
2015,7.5,1133
2015,6.5,2000
2015,3.2,2013
2015,3.9,2016
2015,5,2020
2015,14.4,2050
2015,9.4,2060
2015,8.8,2068
2015,9.7,2070
2015,5.5,2090
2015,9.8,2100
2015,15.2,2105
2015,4.7,2110
2015,7.8,2122
2015,6.9,2130
2015,4.8,2150
2015,23.1,2158
2015,12.5,2164
2015,7.7,2170
2015,11.9,2180
2015,5.7,2185
2015,16,2188
2015,8.9,2195
2015,12.6,2198
2015,,2201
2015,4.6,2220
2015,11.6,2230
2015,,2232
2015,10.7,2240
2015,8.7,2261
2015,7.9,2275
2015,,2280
2015,8.5,2282
2015,18.4,2290
2015,6.1,4000
2015,13.3,4001
2015,7.3,4003
2015,6.5,4005
2015,7.9,4007
2015,7.3,4009
2015,7.9,4011
2015,7.4,4012
2015,5.1,4013
2015,7.9,4015
2015,9.7,4017
2015,5.5,4019
2015,6.3,4021
2015,11.5,4023
2015,5.6,4025
2015,21.7,4027
2015,5,5000
2015,4.2,5001
2015,7.5,5003
2015,5.5,5005
2015,3.8,5007
2015,4.9,5009
2015,5.8,5011
2015,5.4,5013
2015,4.6,5015
2015,9.1,5017
2015,5.4,5019
2015,6.6,5021
2015,6.9,5023
2015,5.6,5025
2015,6.5,5027
2015,6.1,5029
2015,4.4,5031
2015,5.2,5033
2015,6.1,5035
2015,5.4,5037
2015,6.9,5039
2015,7.3,5041
2015,6.8,5043
2015,4.6,5045
2015,4.9,5047
2015,5.2,5049
2015,5.5,5051
2015,4.5,5053
2015,5.2,5055
2015,4.9,5057
2015,5,5059
2015,4.2,5061
2015,6.4,5063
2015,6.6,5065
2015,7.5,5067
2015,7,5069
2015,5.7,5071
2015,7.5,5073
2015,6,5075
2015,6.6,5077
2015,6.1,5079
2015,5.4,5081
2015,5.7,5083
2015,4.2,5085
2015,3.8,5087
2015,5.2,5089
2015,5,5091
2015,9,5093
2015,6,5095
2015,6.7,5097
2015,5,5099
2015,4.8,5101
2015,6.3,5103
2015,6.1,5105
2015,7.6,5107
2015,5.8,5109
2015,5.6,5111
2015,5.8,5113
2015,5.3,5115
2015,4.7,5117
2015,4.6,5119
2015,7.1,5121
2015,7.2,5123
2015,4.1,5125
2015,4.8,5127
2015,5.6,5129
2015,4.8,5131
2015,6,5133
2015,6.9,5135
2015,6.2,5137
2015,6.1,5139
2015,6.7,5141
2015,3.5,5143
2015,6.2,5145
2015,6.4,5147
2015,5.1,5149
2015,6.2,6000
2015,4.7,6001
2015,7.3,6003
2015,6.6,6005
2015,7.2,6007
2015,6.4,6009
2015,15.4,6011
2015,5,6013
2015,8.5,6015
2015,5.7,6017
2015,10.2,6019
2015,8.7,6021
2015,5.6,6023
2015,24.5,6025
2015,5.8,6027
2015,10.2,6029
2015,10.5,6031
2015,7.6,6033
2015,7.2,6035
2015,6.6,6037
2015,10.5,6039
2015,3.6,6041
2015,7.1,6043
2015,5.8,6045
2015,11.4,6047
2015,8.5,6049
2015,6.1,6051
2015,8.1,6053
2015,4.6,6055
2015,5.4,6057
2015,4.5,6059
2015,5.1,6061
2015,10.3,6063
2015,6.7,6065
2015,6,6067
2015,7.6,6069
2015,6.4,6071
2015,5.2,6073
2015,3.6,6075
2015,8.9,6077
2015,4.7,6079
2015,3.4,6081
2015,5.3,6083
2015,4.1,6085
2015,7.5,6087
2015,7.8,6089
2015,8.7,6091
2015,9.4,6093
2015,6.1,6095
2015,4.5,6097
2015,9.5,6099
2015,10.7,6101
2015,7.9,6103
2015,7.8,6105
2015,11.6,6107
2015,7,6109
2015,5.6,6111
2015,6.5,6113
2015,9.3,6115
2015,3.9,8000
2015,4.4,8001
2015,5.2,8003
2015,3.7,8005
2015,4.1,8007
2015,2,8009
2015,4,8011
2015,3.2,8013
2015,3.3,8014
2015,3.4,8015
2015,2.7,8017
2015,3.7,8019
2015,5.7,8021
2015,6.4,8023
2015,4.4,8025
2015,3.5,8027
2015,5.7,8029
2015,3.7,8031
2015,3.2,8033
2015,3.1,8035
2015,3.2,8037
2015,3.2,8039
2015,4.6,8041
2015,6.2,8043
2015,4.2,8045
2015,3.1,8047
2015,3.2,8049
2015,3,8051
2015,3.2,8053
2015,7.8,8055
2015,3.7,8057
2015,3.5,8059
2015,2.7,8061
2015,2.4,8063
2015,3.9,8065
2015,3.5,8067
2015,3.3,8069
2015,5.6,8071
2015,3.4,8073
2015,3.1,8075
2015,5.6,8077
2015,3.6,8079
2015,4.6,8081
2015,5.7,8083
2015,5.1,8085
2015,3.8,8087
2015,5.8,8089
2015,4.3,8091
2015,3.5,8093
2015,2.4,8095
2015,3.9,8097
2015,4.1,8099
2015,5.7,8101
2015,5.3,8103
2015,6.3,8105
2015,3.3,8107
2015,6.2,8109
2015,4.3,8111
2015,3.8,8113
2015,3.4,8115
2015,2.5,8117
2015,4.5,8119
2015,2.6,8121
2015,3.9,8123
2015,2.6,8125
2015,5.7,9000
2015,5.4,9001
2015,5.9,9003
2015,5.2,9005
2015,4.9,9007
2015,6.2,9009
2015,5.9,9011
2015,5,9013
2015,6.3,9015
2015,4.9,10000
2015,5.4,10001
2015,4.7,10003
2015,4.9,10005
2015,6.9,11000
2015,6.9,11001
2015,5.5,12000
2015,4.6,12001
2015,5.6,12003
2015,5.5,12005
2015,4.8,12007
2015,6,12009
2015,5.1,12011
2015,6.1,12013
2015,6,12015
2015,7.5,12017
2015,5,12019
2015,5.3,12021
2015,5.5,12023
2015,5.8,12027
2015,6.2,12029
2015,5.8,12031
2015,5.6,12033
2015,6.3,12035
2015,4.7,12037
2015,7.2,12039
2015,5.7,12041
2015,7.1,12043
2015,5.3,12045
2015,6.5,12047
2015,7,12049
2015,10.6,12051
2015,7,12053
2015,7.5,12055
2015,5.1,12057
2015,6.2,12059
2015,6.9,12061
2015,5.9,12063
2015,6,12065
2015,4.6,12067
2015,5.5,12069
2015,5.2,12071
2015,5,12073
2015,5.8,12075
2015,5.9,12077
2015,6.1,12079
2015,5.1,12081
2015,6.5,12083
2015,5.4,12085
2015,5.9,12086
2015,3.5,12087
2015,5.1,12089
2015,4.5,12091
2015,6.3,12093
2015,5,12095
2015,5.8,12097
2015,5.1,12099
2015,5.9,12101
2015,5,12103
2015,6.3,12105
2015,7.6,12107
2015,3.9,12109
2015,6.4,12111
2015,4.8,12113
2015,5.1,12115
2015,4.9,12117
2015,7.7,12119
2015,5.5,12121
2015,6.7,12123
2015,4.9,12125
2015,5.8,12127
2015,4.7,12129
2015,4.7,12131
2015,6,12133
2015,6,13000
2015,7.3,13001
2015,5.8,13003
2015,5.8,13005
2015,7.3,13007
2015,7.7,13009
2015,5.6,13011
2015,5.3,13013
2015,5.9,13015
2015,9.1,13017
2015,7.2,13019
2015,6.7,13021
2015,8.6,13023
2015,7.5,13025
2015,6.1,13027
2015,5.3,13029
2015,6.1,13031
2015,8.2,13033
2015,6.7,13035
2015,6.2,13037
2015,5.6,13039
2015,5.7,13043
2015,6.7,13045
2015,5.2,13047
2015,6.4,13049
2015,5.9,13051
2015,8.8,13053
2015,6.2,13055
2015,4.7,13057
2015,6.1,13059
2015,11.8,13061
2015,7.7,13063
2015,7.1,13065
2015,5.1,13067
2015,6.8,13069
2015,6.4,13071
2015,5,13073
2015,6.7,13075
2015,5.3,13077
2015,6.3,13079
2015,6.9,13081
2015,5.5,13083
2015,5.1,13085
2015,6.8,13087
2015,6.1,13089
2015,8.4,13091
2015,7.6,13093
2015,7.8,13095
2015,6.4,13097
2015,7,13099
2015,4.7,13101
2015,5.1,13103
2015,7.5,13105
2015,8.8,13107
2015,5.6,13109
2015,6.2,13111
2015,5.2,13113
2015,6.7,13115
2015,4.6,13117
2015,6.3,13119
2015,6,13121
2015,6.1,13123
2015,6.7,13125
2015,6.1,13127
2015,5.9,13129
2015,6,13131
2015,6.7,13133
2015,5.2,13135
2015,5.7,13137
2015,4.9,13139
2015,9.8,13141
2015,6.6,13143
2015,5.3,13145
2015,6.2,13147
2015,6.4,13149
2015,6.2,13151
2015,5.9,13153
2015,8.4,13155
2015,4.9,13157
2015,5.5,13159
2015,6.7,13161
2015,9.1,13163
2015,8.4,13165
2015,7,13167
2015,5.5,13169
2015,7.7,13171
2015,6.7,13173
2015,7.6,13175
2015,5.3,13177
2015,6.3,13179
2015,6.8,13181
2015,5.9,13183
2015,5.9,13185
2015,5.4,13187
2015,8.4,13189
2015,6.5,13191
2015,9.2,13193
2015,5.6,13195
2015,8.5,13197
2015,8,13199
2015,5.5,13201
2015,6.8,13205
2015,5.8,13207
2015,8.7,13209
2015,5.5,13211
2015,7.4,13213
2015,7.5,13215
2015,6.8,13217
2015,4.4,13219
2015,5.6,13221
2015,5.2,13223
2015,8,13225
2015,5.3,13227
2015,6.3,13229
2015,5.7,13231
2015,6.7,13233
2015,6.6,13235
2015,8.1,13237
2015,6.9,13239
2015,6.7,13241
2015,9.1,13243
2015,7.4,13245
2015,6.6,13247
2015,6.7,13249
2015,8.3,13251
2015,8.1,13253
2015,8.1,13255
2015,6.6,13257
2015,6.9,13259
2015,8.4,13261
2015,7.7,13263
2015,7.8,13265
2015,6.2,13267
2015,9.2,13269
2015,8.7,13271
2015,7.5,13273
2015,7.3,13275
2015,6.1,13277
2015,8.8,13279
2015,7.9,13281
2015,8.5,13283
2015,6.1,13285
2015,6.8,13287
2015,9.1,13289
2015,5.4,13291
2015,7.3,13293
2015,6,13295
2015,5.4,13297
2015,6.5,13299
2015,7.8,13301
2015,7,13303
2015,7.3,13305
2015,9.4,13307
2015,10.9,13309
2015,5.2,13311
2015,6.4,13313
2015,7.9,13315
2015,7.3,13317
2015,7.4,13319
2015,6.5,13321
2015,3.6,15000
2015,4.3,15001
2015,3.4,15003
2015,3.9,15007
2015,3.6,15009
2015,4.1,16000
2015,3.6,16001
2015,7.5,16003
2015,3.9,16005
2015,4.4,16007
2015,6.4,16009
2015,4,16011
2015,3.5,16013
2015,6.2,16015
2015,5.8,16017
2015,3.4,16019
2015,5.4,16021
2015,4.5,16023
2015,3.4,16025
2015,4.9,16027
2015,4,16029
2015,3.3,16031
2015,3.5,16033
2015,7.9,16035
2015,6.5,16037
2015,4.6,16039
2015,3.1,16041
2015,3.6,16043
2015,5.2,16045
2015,3.4,16047
2015,6.1,16049
2015,3.4,16051
2015,3.2,16053
2015,5,16055
2015,3.4,16057
2015,6.9,16059
2015,5.7,16061
2015,4.4,16063
2015,2.6,16065
2015,3.6,16067
2015,3.6,16069
2015,3.5,16071
2015,4.7,16073
2015,4.9,16075
2015,4.6,16077
2015,7.6,16079
2015,3.4,16081
2015,3.6,16083
2015,6.1,16085
2015,5.7,16087
2015,6,17000
2015,4.9,17001
2015,9.1,17003
2015,5.3,17005
2015,6.5,17007
2015,3.5,17009
2015,6.4,17011
2015,6.7,17013
2015,5.4,17015
2015,5.6,17017
2015,5,17019
2015,6.6,17021
2015,6.2,17023
2015,7,17025
2015,4.5,17027
2015,6,17029
2015,6.2,17031
2015,5.9,17033
2015,5.2,17035
2015,5.5,17037
2015,5.5,17039
2015,4.9,17041
2015,4.8,17043
2015,6.2,17045
2015,5.9,17047
2015,4.8,17049
2015,6.5,17051
2015,5.3,17053
2015,8,17055
2015,7.6,17057
2015,6.6,17059
2015,6.1,17061
2015,7,17063
2015,5.5,17065
2015,6.1,17067
2015,8.4,17069
2015,6,17071
2015,6.1,17073
2015,5.6,17075
2015,5.5,17077
2015,6.2,17079
2015,6.7,17081
2015,6.3,17083
2015,5.4,17085
2015,8.5,17087
2015,5.7,17089
2015,6.8,17091
2015,5.2,17093
2015,6.1,17095
2015,5.4,17097
2015,6.9,17099
2015,7.1,17101
2015,5.3,17103
2015,5.4,17105
2015,5.4,17107
2015,6.1,17109
2015,5.4,17111
2015,4.7,17113
2015,6.9,17115
2015,6.3,17117
2015,6,17119
2015,6.7,17121
2015,6.6,17123
2015,7.1,17125
2015,7.3,17127
2015,4.8,17129
2015,6.2,17131
2015,4.4,17133
2015,7.5,17135
2015,5,17137
2015,4.3,17139
2015,6.1,17141
2015,6.8,17143
2015,7.1,17145
2015,4.9,17147
2015,5.1,17149
2015,7,17151
2015,8.8,17153
2015,6.1,17155
2015,5.4,17157
2015,5.8,17159
2015,6.3,17161
2015,6.5,17163
2015,7.7,17165
2015,5.3,17167
2015,5.8,17169
2015,5.9,17171
2015,5.8,17173
2015,6.6,17175
2015,6.6,17177
2015,6.2,17179
2015,7.6,17181
2015,7.1,17183
2015,5.6,17185
2015,5.2,17187
2015,3.8,17189
2015,6.8,17191
2015,5.7,17193
2015,6.2,17195
2015,6.2,17197
2015,6.1,17199
2015,7,17201
2015,5,17203
2015,4.8,18000
2015,3.8,18001
2015,4.6,18003
2015,3.6,18005
2015,4.5,18007
2015,6,18009
2015,3.7,18011
2015,4.8,18013
2015,4.3,18015
2015,4.6,18017
2015,4.5,18019
2015,5.3,18021
2015,4,18023
2015,6.1,18025
2015,3.8,18027
2015,5.1,18029
2015,4.1,18031
2015,4.1,18033
2015,5.7,18035
2015,3.4,18037
2015,3.9,18039
2015,6.6,18041
2015,4.3,18043
2015,6,18045
2015,5.1,18047
2015,4.8,18049
2015,3.8,18051
2015,5.4,18053
2015,6.9,18055
2015,3.4,18057
2015,4.2,18059
2015,4.6,18061
2015,3.8,18063
2015,5.3,18065
2015,5,18067
2015,4.4,18069
2015,4,18071
2015,5.8,18073
2015,5,18075
2015,4.9,18077
2015,5.1,18079
2015,4.1,18081
2015,4.6,18083
2015,4.1,18085
2015,3.7,18087
2015,6.8,18089
2015,6.3,18091
2015,6.6,18093
2015,5.7,18095
2015,5.1,18097
2015,4.2,18099
2015,4.2,18101
2015,5.2,18103
2015,4.9,18105
2015,4,18107
2015,4.7,18109
2015,5.8,18111
2015,4.3,18113
2015,5.5,18115
2015,6,18117
2015,6.3,18119
2015,5.7,18121
2015,4.7,18123
2015,4.4,18125
2015,5.4,18127
2015,4,18129
2015,4.5,18131
2015,5.1,18133
2015,5,18135
2015,5.4,18137
2015,4.3,18139
2015,5,18141
2015,5.5,18143
2015,4.5,18145
2015,4.1,18147
2015,6,18149
2015,3.9,18151
2015,6.2,18153
2015,5,18155
2015,4.3,18157
2015,4,18159
2015,4.5,18161
2015,4.3,18163
2015,7.1,18165
2015,6.2,18167
2015,4.8,18169
2015,5,18171
2015,4.1,18173
2015,5.2,18175
2015,5.3,18177
2015,3.9,18179
2015,4.1,18181
2015,4.1,18183
2015,3.8,19000
2015,3.2,19001
2015,2.8,19003
2015,4.9,19005
2015,4.9,19007
2015,4,19009
2015,3.9,19011
2015,4.6,19013
2015,3,19015
2015,3.5,19017
2015,4.3,19019
2015,3.7,19021
2015,4.4,19023
2015,4.3,19025
2015,2.6,19027
2015,3.6,19029
2015,3.4,19031
2015,4,19033
2015,5.2,19035
2015,4.5,19037
2015,4.1,19039
2015,3.6,19041
2015,4.2,19043
2015,5,19045
2015,4.2,19047
2015,2.9,19049
2015,4.5,19051
2015,3.3,19053
2015,3.4,19055
2015,4.7,19057
2015,3.9,19059
2015,3.7,19061
2015,3.7,19063
2015,4.5,19065
2015,3.8,19067
2015,3.4,19069
2015,3.3,19071
2015,3.5,19073
2015,3.8,19075
2015,3.8,19077
2015,4.3,19079
2015,2.7,19081
2015,4,19083
2015,3.4,19085
2015,3.9,19087
2015,3.6,19089
2015,3.3,19091
2015,3.1,19093
2015,3.5,19095
2015,4.2,19097
2015,3.9,19099
2015,3.9,19101
2015,2.7,19103
2015,4.2,19105
2015,4.3,19107
2015,2.9,19109
2015,5.4,19111
2015,3.8,19113
2015,3.8,19115
2015,3.5,19117
2015,2,19119
2015,3.9,19121
2015,4,19123
2015,3.3,19125
2015,5.1,19127
2015,4.1,19129
2015,2.8,19131
2015,4.4,19133
2015,4.4,19135
2015,3.6,19137
2015,3.9,19139
2015,2.8,19141
2015,2.9,19143
2015,4.2,19145
2015,3.1,19147
2015,2.8,19149
2015,3,19151
2015,3.7,19153
2015,3.7,19155
2015,3.6,19157
2015,3.4,19159
2015,3.3,19161
2015,4.7,19163
2015,2.9,19165
2015,2.5,19167
2015,2.5,19169
2015,4.4,19171
2015,3.2,19173
2015,4.2,19175
2015,4.1,19177
2015,5.2,19179
2015,3.4,19181
2015,3.1,19183
2015,3.9,19185
2015,4.3,19187
2015,4,19189
2015,3.7,19191
2015,3.8,19193
2015,4,19195
2015,3.9,19197
2015,4.2,20000
2015,5.1,20001
2015,4.8,20003
2015,6.1,20005
2015,4.2,20007
2015,4.2,20009
2015,4.8,20011
2015,4,20013
2015,4.3,20015
2015,3.6,20017
2015,5.7,20019
2015,4.4,20021
2015,2.7,20023
2015,2.4,20025
2015,4.3,20027
2015,3.8,20029
2015,5.7,20031
2015,3.3,20033
2015,4.6,20035
2015,5.1,20037
2015,3.6,20039
2015,5.2,20041
2015,4.3,20043
2015,3.7,20045
2015,3,20047
2015,4.8,20049
2015,3,20051
2015,3.7,20053
2015,3.5,20055
2015,3.4,20057
2015,4.6,20059
2015,6.2,20061
2015,2.5,20063
2015,3.9,20065
2015,3.6,20067
2015,2.3,20069
2015,2.1,20071
2015,4.6,20073
2015,2,20075
2015,3.9,20077
2015,3.9,20079
2015,2.5,20081
2015,3.1,20083
2015,3.7,20085
2015,4.2,20087
2015,4.4,20089
2015,3.4,20091
2015,3.1,20093
2015,4.3,20095
2015,3,20097
2015,5.7,20099
2015,3.3,20101
2015,4.5,20103
2015,3.5,20105
2015,6.4,20107
2015,2.5,20109
2015,4.3,20111
2015,3,20113
2015,3.8,20115
2015,2.9,20117
2015,3,20119
2015,4.3,20121
2015,3.3,20123
2015,6.5,20125
2015,4.3,20127
2015,4.2,20129
2015,2.6,20131
2015,7.5,20133
2015,3.3,20135
2015,2.5,20137
2015,5,20139
2015,3.5,20141
2015,3.8,20143
2015,3.7,20145
2015,3.2,20147
2015,3.6,20149
2015,4,20151
2015,2.3,20153
2015,4.3,20155
2015,2.7,20157
2015,3.8,20159
2015,3.4,20161
2015,4.6,20163
2015,3.5,20165
2015,3.7,20167
2015,3.8,20169
2015,2.8,20171
2015,4.8,20173
2015,4.3,20175
2015,4.2,20177
2015,2.2,20179
2015,2.9,20181
2015,3.9,20183
2015,4,20185
2015,3,20187
2015,3.7,20189
2015,4.5,20191
2015,2.7,20193
2015,3.5,20195
2015,3.9,20197
2015,2.7,20199
2015,3.1,20201
2015,2.9,20203
2015,6.6,20205
2015,5,20207
2015,6,20209
2015,5.3,21000
2015,7.2,21001
2015,4.9,21003
2015,4.1,21005
2015,6.9,21007
2015,5.2,21009
2015,7.7,21011
2015,8.6,21013
2015,4.1,21015
2015,4.7,21017
2015,6.9,21019
2015,5.5,21021
2015,6.3,21023
2015,9.8,21025
2015,6.2,21027
2015,4.5,21029
2015,5.9,21031
2015,5.6,21033
2015,4.6,21035
2015,4.1,21037
2015,5.9,21039
2015,5.5,21041
2015,10.1,21043
2015,5.8,21045
2015,6.3,21047
2015,5.2,21049
2015,9.7,21051
2015,8.4,21053
2015,5.6,21055
2015,6,21057
2015,4.6,21059
2015,7,21061
2015,10.3,21063
2015,6.2,21065
2015,3.8,21067
2015,6.3,21069
2015,9.5,21071
2015,4.2,21073
2015,7.7,21075
2015,5.1,21077
2015,5.2,21079
2015,5.3,21081
2015,6.2,21083
2015,6.7,21085
2015,5.3,21087
2015,7.6,21089
2015,5,21091
2015,5,21093
2015,12.7,21095
2015,4.7,21097
2015,5.1,21099
2015,4.8,21101
2015,4.7,21103
2015,6.1,21105
2015,5.7,21107
2015,8.9,21109
2015,4.8,21111
2015,4.2,21113
2015,8.8,21115
2015,4.4,21117
2015,10.2,21119
2015,8.2,21121
2015,5.1,21123
2015,6.3,21125
2015,9.6,21127
2015,8.7,21129
2015,11.2,21131
2015,11.6,21133
2015,8.9,21135
2015,6.7,21137
2015,7.2,21139
2015,4.8,21141
2015,5.8,21143
2015,5.7,21145
2015,8.5,21147
2015,4.9,21149
2015,4.3,21151
2015,15.8,21153
2015,4.9,21155
2015,5.6,21157
2015,10,21159
2015,6.2,21161
2015,5.6,21163
2015,8.6,21165
2015,5.1,21167
2015,5.2,21169
2015,4.4,21171
2015,6.6,21173
2015,8.3,21175
2015,7.2,21177
2015,5.1,21179
2015,6.3,21181
2015,6.4,21183
2015,3.9,21185
2015,4.1,21187
2015,10.2,21189
2015,5.3,21191
2015,9.1,21193
2015,9.3,21195
2015,7.1,21197
2015,5.9,21199
2015,6.5,21201
2015,6.4,21203
2015,5.9,21205
2015,11.8,21207
2015,3.9,21209
2015,4,21211
2015,4.8,21213
2015,4.3,21215
2015,6,21217
2015,4.8,21219
2015,5.7,21221
2015,5.6,21223
2015,6.8,21225
2015,4.5,21227
2015,4.5,21229
2015,8.2,21231
2015,5.2,21233
2015,6.8,21235
2015,10.2,21237
2015,3.5,21239
2015,6.3,22000
2015,6.9,22001
2015,7,22003
2015,5.1,22005
2015,7.9,22007
2015,7.5,22009
2015,6.3,22011
2015,8.3,22013
2015,5.7,22015
2015,7.2,22017
2015,5.4,22019
2015,8.3,22021
2015,4.7,22023
2015,9.6,22025
2015,7.3,22027
2015,8.7,22029
2015,8,22031
2015,5.4,22033
2015,14.1,22035
2015,6,22037
2015,7.5,22039
2015,9.7,22041
2015,7.3,22043
2015,8.1,22045
2015,7.3,22047
2015,6,22049
2015,5.8,22051
2015,6.2,22053
2015,5.7,22055
2015,5.4,22057
2015,6.9,22059
2015,7,22061
2015,5.1,22063
2015,9.3,22065
2015,11,22067
2015,7.6,22069
2015,6.5,22071
2015,6.7,22073
2015,5.6,22075
2015,6.6,22077
2015,6.5,22079
2015,6.9,22081
2015,8.7,22083
2015,7.1,22085
2015,6.6,22087
2015,5.7,22089
2015,9.1,22091
2015,8.5,22093
2015,7.5,22095
2015,8,22097
2015,6.9,22099
2015,7.6,22101
2015,5.4,22103
2015,7.2,22105
2015,9.8,22107
2015,6,22109
2015,7.2,22111
2015,6.9,22113
2015,7.8,22115
2015,7.6,22117
2015,8.8,22119
2015,5.6,22121
2015,13.5,22123
2015,5.3,22125
2015,8.5,22127
2015,4.4,23000
2015,4.2,23001
2015,5.9,23003
2015,3.4,23005
2015,4.8,23007
2015,5.6,23009
2015,4.2,23011
2015,4.1,23013
2015,4.4,23015
2015,5.4,23017
2015,4.7,23019
2015,5.5,23021
2015,3.5,23023
2015,6.5,23025
2015,5.2,23027
2015,6.4,23029
2015,3.9,23031
2015,5.1,24000
2015,7,24001
2015,4.4,24003
2015,5.3,24005
2015,4.6,24009
2015,5.4,24011
2015,4.2,24013
2015,6,24015
2015,5,24017
2015,7.1,24019
2015,4.5,24021
2015,6.3,24023
2015,4.9,24025
2015,3.8,24027
2015,5.3,24029
2015,3.9,24031
2015,5.2,24033
2015,4.5,24035
2015,4.8,24037
2015,8.2,24039
2015,4.9,24041
2015,5.6,24043
2015,6.8,24045
2015,10.6,24047
2015,7.5,24510
2015,4.8,25000
2015,6.1,25001
2015,5.4,25003
2015,6.1,25005
2015,6.5,25007
2015,5,25009
2015,4.4,25011
2015,6.4,25013
2015,4.5,25015
2015,3.9,25017
2015,5.4,25019
2015,4.2,25021
2015,5,25023
2015,4.4,25025
2015,5.1,25027
2015,5.4,26000
2015,8.1,26001
2015,8.6,26003
2015,4.2,26005
2015,6.3,26007
2015,7.6,26009
2015,9.1,26011
2015,9.3,26013
2015,4.3,26015
2015,5.8,26017
2015,7.1,26019
2015,5.3,26021
2015,5.2,26023
2015,5.2,26025
2015,5.1,26027
2015,6.1,26029
2015,9.2,26031
2015,7.9,26033
2015,7.8,26035
2015,4,26037
2015,7.9,26039
2015,6.9,26041
2015,5.7,26043
2015,4.5,26045
2015,7.3,26047
2015,6.2,26049
2015,7.4,26051
2015,7.4,26053
2015,4.7,26055
2015,5.7,26057
2015,5.3,26059
2015,6.4,26061
2015,5.5,26063
2015,4.7,26065
2015,4.6,26067
2015,7.6,26069
2015,7.1,26071
2015,4.9,26073
2015,5.4,26075
2015,4.4,26077
2015,7.8,26079
2015,3.8,26081
2015,9.4,26083
2015,8.7,26085
2015,7.1,26087
2015,5.3,26089
2015,5.1,26091
2015,4.6,26093
2015,7.1,26095
2015,9.9,26097
2015,5.7,26099
2015,6.7,26101
2015,6.1,26103
2015,6.2,26105
2015,6.2,26107
2015,5.5,26109
2015,4.9,26111
2015,6.6,26113
2015,4.6,26115
2015,5.8,26117
2015,10.1,26119
2015,5.9,26121
2015,5.5,26123
2015,4.7,26125
2015,8.1,26127
2015,8,26129
2015,9.5,26131
2015,6.6,26133
2015,8.8,26135
2015,6.2,26137
2015,3.7,26139
2015,10.3,26141
2015,9.1,26143
2015,5.8,26145
2015,6.8,26147
2015,4.6,26149
2015,6.6,26151
2015,11,26153
2015,5.7,26155
2015,6.8,26157
2015,6.4,26159
2015,3.8,26161
2015,6.8,26163
2015,6.8,26165
2015,3.7,27000
2015,6.5,27001
2015,3.6,27003
2015,4.4,27005
2015,4.9,27007
2015,4.4,27009
2015,4.4,27011
2015,2.9,27013
2015,4.1,27015
2015,4.9,27017
2015,3.2,27019
2015,6.7,27021
2015,4.4,27023
2015,4.2,27025
2015,3.1,27027
2015,9.1,27029
2015,4.4,27031
2015,4.7,27033
2015,5.1,27035
2015,3.3,27037
2015,3.7,27039
2015,3.4,27041
2015,4.4,27043
2015,4.1,27045
2015,3.8,27047
2015,3.5,27049
2015,4.7,27051
2015,3.3,27053
2015,3.8,27055
2015,6.1,27057
2015,4.3,27059
2015,6.5,27061
2015,4,27063
2015,6.6,27065
2015,3.7,27067
2015,4.6,27069
2015,8.1,27071
2015,4.1,27073
2015,4.8,27075
2015,4.4,27077
2015,4.8,27079
2015,3.5,27081
2015,3.2,27083
2015,3.9,27085
2015,5.8,27087
2015,6.9,27089
2015,4.1,27091
2015,4.2,27093
2015,5.8,27095
2015,5.4,27097
2015,3.2,27099
2015,4.4,27101
2015,2.6,27103
2015,3.2,27105
2015,4.6,27107
2015,2.9,27109
2015,4.2,27111
2015,5.1,27113
2015,5.5,27115
2015,3.3,27117
2015,4.2,27119
2015,3.5,27121
2015,3.5,27123
2015,5.9,27125
2015,3.9,27127
2015,4.8,27129
2015,3.5,27131
2015,2.1,27133
2015,4,27135
2015,5,27137
2015,3.1,27139
2015,4,27141
2015,4.1,27143
2015,3.6,27145
2015,3.3,27147
2015,2.8,27149
2015,6,27151
2015,4.4,27153
2015,4.1,27155
2015,3.8,27157
2015,5.9,27159
2015,4.1,27161
2015,3.2,27163
2015,4.7,27165
2015,3.3,27167
2015,3.3,27169
2015,3.7,27171
2015,3.7,27173
2015,6.4,28000
2015,7.9,28001
2015,5.6,28003
2015,7.5,28005
2015,7.6,28007
2015,7.9,28009
2015,7.8,28011
2015,6.1,28013
2015,8.1,28015
2015,7.6,28017
2015,6.2,28019
2015,12.5,28021
2015,7.8,28023
2015,9.5,28025
2015,10,28027
2015,7.2,28029
2015,5.8,28031
2015,4.8,28033
2015,6.2,28035
2015,7.6,28037
2015,7.5,28039
2015,7.5,28041
2015,5.9,28043
2015,6.4,28045
2015,5.9,28047
2015,6,28049
2015,12,28051
2015,12.6,28053
2015,16.9,28055
2015,5.7,28057
2015,7,28059
2015,7.8,28061
2015,14.8,28063
2015,8.7,28065
2015,6,28067
2015,10.3,28069
2015,5.4,28071
2015,4.8,28073
2015,6.5,28075
2015,7.2,28077
2015,6.1,28079
2015,5.5,28081
2015,10.7,28083
2015,6,28085
2015,7,28087
2015,4.5,28089
2015,7.3,28091
2015,7.2,28093
2015,7.3,28095
2015,7.7,28097
2015,6.1,28099
2015,6.1,28101
2015,9.7,28103
2015,6.1,28105
2015,8.6,28107
2015,6.1,28109
2015,7.9,28111
2015,7.3,28113
2015,5.5,28115
2015,6,28117
2015,10.7,28119
2015,4.1,28121
2015,4.8,28123
2015,9.5,28125
2015,5.8,28127
2015,5.3,28129
2015,7.4,28131
2015,10.4,28133
2015,7.5,28135
2015,7,28137
2015,6.3,28139
2015,6.3,28141
2015,9.2,28143
2015,5.1,28145
2015,8,28147
2015,6.6,28149
2015,10.2,28151
2015,7.9,28153
2015,7.1,28155
2015,10.5,28157
2015,8.2,28159
2015,7.1,28161
2015,8.1,28163
2015,5,29000
2015,5.7,29001
2015,4.2,29003
2015,4.5,29005
2015,4.6,29007
2015,5,29009
2015,5.4,29011
2015,6.1,29013
2015,6.5,29015
2015,5.6,29017
2015,3.5,29019
2015,4.6,29021
2015,6.2,29023
2015,4.6,29025
2015,4.7,29027
2015,6.6,29029
2015,4.3,29031
2015,6.1,29033
2015,7.4,29035
2015,4.8,29037
2015,5.3,29039
2015,4.7,29041
2015,4.2,29043
2015,7.2,29045
2015,4.6,29047
2015,4.9,29049
2015,4,29051
2015,5.8,29053
2015,6,29055
2015,5.1,29057
2015,6.3,29059
2015,4.6,29061
2015,4.7,29063
2015,5.8,29065
2015,6.8,29067
2015,8.1,29069
2015,5.1,29071
2015,4.3,29073
2015,4.2,29075
2015,4.2,29077
2015,4.2,29079
2015,5.1,29081
2015,5.5,29083
2015,6.7,29085
2015,3.6,29087
2015,4.9,29089
2015,6.4,29091
2015,7.9,29093
2015,5.9,29095
2015,4.3,29097
2015,4.9,29099
2015,5.4,29101
2015,3.9,29103
2015,6.4,29105
2015,4.9,29107
2015,4.9,29109
2015,4.9,29111
2015,5.2,29113
2015,7,29115
2015,4.3,29117
2015,4.8,29119
2015,5.3,29121
2015,5.9,29123
2015,5.3,29125
2015,4.5,29127
2015,4.5,29129
2015,6,29131
2015,5.8,29133
2015,4.9,29135
2015,5.2,29137
2015,5,29139
2015,6.8,29141
2015,6.2,29143
2015,4.6,29145
2015,4.9,29147
2015,6.3,29149
2015,3.8,29151
2015,8,29153
2015,9.1,29155
2015,4.2,29157
2015,5.3,29159
2015,5.3,29161
2015,4.6,29163
2015,4.2,29165
2015,5.3,29167
2015,5.9,29169
2015,4,29171
2015,4.3,29173
2015,6,29175
2015,5.5,29177
2015,7,29179
2015,8,29181
2015,3.9,29183
2015,7,29185
2015,5.4,29186
2015,6.1,29187
2015,4.6,29189
2015,4.8,29195
2015,5.8,29197
2015,4.6,29199
2015,5.2,29201
2015,8.2,29203
2015,4.7,29205
2015,6.6,29207
2015,7.9,29209
2015,5.9,29211
2015,8.1,29213
2015,6.7,29215
2015,5.1,29217
2015,4.8,29219
2015,6.7,29221
2015,5.9,29223
2015,5.1,29225
2015,3.3,29227
2015,6.3,29229
2015,6.1,29510
2015,4.2,30000
2015,3.4,30001
2015,6.7,30003
2015,5,30005
2015,5.1,30007
2015,3.7,30009
2015,3.2,30011
2015,4,30013
2015,3.3,30015
2015,3.3,30017
2015,2.5,30019
2015,3.2,30021
2015,4,30023
2015,2.3,30025
2015,4.1,30027
2015,5.7,30029
2015,3,30031
2015,2.8,30033
2015,9,30035
2015,4.2,30037
2015,6.2,30039
2015,4.2,30041
2015,4.1,30043
2015,3.4,30045
2015,5,30047
2015,3.4,30049
2015,2.6,30051
2015,10.1,30053
2015,2.2,30055
2015,3.6,30057
2015,3.6,30059
2015,8.4,30061
2015,3.9,30063
2015,4.3,30065
2015,4.8,30067
2015,5.3,30069
2015,5.1,30071
2015,4.5,30073
2015,2.6,30075
2015,4.5,30077
2015,4.2,30079
2015,5.2,30081
2015,3.2,30083
2015,5.2,30085
2015,5.4,30087
2015,8.3,30089
2015,2.5,30091
2015,4.3,30093
2015,3.8,30095
2015,2.8,30097
2015,3.8,30099
2015,3.4,30101
2015,5,30103
2015,3.1,30105
2015,5.5,30107
2015,3.3,30109
2015,3.3,30111
2015,3,31000
2015,3.1,31001
2015,2.6,31003
2015,4.5,31005
2015,3.4,31007
2015,4.5,31009
2015,2.5,31011
2015,3,31013
2015,2.7,31015
2015,3.7,31017
2015,2.4,31019
2015,3.6,31021
2015,2.8,31023
2015,3.3,31025
2015,2.4,31027
2015,1.9,31029
2015,2.3,31031
2015,2.2,31033
2015,2.9,31035
2015,2.6,31037
2015,2.6,31039
2015,2.2,31041
2015,3.5,31043
2015,2.6,31045
2015,3.2,31047
2015,2.5,31049
2015,3.3,31051
2015,3.3,31053
2015,3.3,31055
2015,2.1,31057
2015,3,31059
2015,2.4,31061
2015,2.4,31063
2015,2.6,31065
2015,3.6,31067
2015,2.4,31069
2015,2.4,31071
2015,2.4,31073
2015,2.3,31075
2015,3.1,31077
2015,3.9,31079
2015,2.9,31081
2015,2.1,31083
2015,2.3,31085
2015,3.3,31087
2015,2.4,31089
2015,4.2,31091
2015,3.7,31093
2015,2.7,31095
2015,3.3,31097
2015,2.2,31099
2015,2.7,31101
2015,2.1,31103
2015,3.6,31105
2015,3.2,31107
2015,2.6,31109
2015,2.9,31111
2015,2.8,31113
2015,3.4,31115
2015,2,31117
2015,2.7,31119
2015,3.7,31121
2015,2.9,31123
2015,2.5,31125
2015,3.7,31127
2015,2.6,31129
2015,3.3,31131
2015,2.6,31133
2015,1.9,31135
2015,2.4,31137
2015,2.5,31139
2015,3,31141
2015,2.5,31143
2015,2.6,31145
2015,3.2,31147
2015,2.7,31149
2015,2.9,31151
2015,2.8,31153
2015,3.1,31155
2015,3.4,31157
2015,2.9,31159
2015,2.7,31161
2015,2.9,31163
2015,2.5,31165
2015,2.5,31167
2015,2.4,31169
2015,3,31171
2015,5.3,31173
2015,2.8,31175
2015,3,31177
2015,2.5,31179
2015,3.5,31181
2015,2.3,31183
2015,2.9,31185
2015,6.7,32000
2015,7,32001
2015,6.8,32003
2015,6.7,32005
2015,5.1,32007
2015,4.4,32009
2015,5.8,32011
2015,5.9,32013
2015,6.7,32015
2015,6,32017
2015,9.4,32019
2015,10.1,32021
2015,8.7,32023
2015,6.9,32027
2015,7.4,32029
2015,6.2,32031
2015,5.4,32033
2015,7.2,32510
2015,3.4,33000
2015,3.3,33001
2015,3.5,33003
2015,3.2,33005
2015,4.3,33007
2015,2.7,33009
2015,3.6,33011
2015,3.1,33013
2015,3.6,33015
2015,3.1,33017
2015,2.7,33019
2015,5.8,34000
2015,9.6,34001
2015,4.7,34003
2015,5.4,34005
2015,6.5,34007
2015,11.1,34009
2015,8.8,34011
2015,6.9,34013
2015,6.1,34015
2015,5.4,34017
2015,4.2,34019
2015,5,34021
2015,5.2,34023
2015,5.2,34025
2015,4.4,34027
2015,6.2,34029
2015,7.1,34031
2015,7.4,34033
2015,4.6,34035
2015,5.5,34037
2015,6,34039
2015,5.4,34041
2015,6.5,35000
2015,5.9,35001
2015,8.3,35003
2015,6.3,35005
2015,7.9,35006
2015,6,35007
2015,4.9,35009
2015,5,35011
2015,7.3,35013
2015,4.9,35015
2015,6.4,35017
2015,7,35019
2015,8.4,35021
2015,6.2,35023
2015,6.2,35025
2015,5.7,35027
2015,4,35028
2015,17.2,35029
2015,9.7,35031
2015,9.6,35033
2015,6.1,35035
2015,7.1,35037
2015,8,35039
2015,5.4,35041
2015,6.6,35043
2015,6.8,35045
2015,7.6,35047
2015,5.3,35049
2015,9,35051
2015,7.5,35053
2015,9.1,35055
2015,9,35057
2015,4.3,35059
2015,7.4,35061
2015,5.3,36000
2015,4.3,36001
2015,6.5,36003
2015,7.8,36005
2015,6,36007
2015,6.3,36009
2015,5.3,36011
2015,6,36013
2015,5.9,36015
2015,5.5,36017
2015,5.8,36019
2015,4,36021
2015,5.9,36023
2015,6,36025
2015,4.5,36027
2015,5.3,36029
2015,6,36031
2015,6.5,36033
2015,6.4,36035
2015,5,36037
2015,5.6,36039
2015,6.7,36041
2015,6.2,36043
2015,6.6,36045
2015,5.9,36047
2015,6.9,36049
2015,5.3,36051
2015,5.7,36053
2015,5.1,36055
2015,6.6,36057
2015,4.2,36059
2015,4.9,36061
2015,6.2,36063
2015,5.3,36065
2015,4.9,36067
2015,4.7,36069
2015,4.7,36071
2015,6.4,36073
2015,7.2,36075
2015,5.4,36077
2015,4.3,36079
2015,5,36081
2015,4.6,36083
2015,5.8,36085
2015,4.5,36087
2015,7.3,36089
2015,4.1,36091
2015,4.7,36093
2015,5.8,36095
2015,6.6,36097
2015,5.2,36099
2015,6.3,36101
2015,4.7,36103
2015,5.4,36105
2015,5.5,36107
2015,4.4,36109
2015,4.8,36111
2015,5.5,36113
2015,5,36115
2015,5.3,36117
2015,4.5,36119
2015,5.6,36121
2015,5,36123
2015,5.7,37000
2015,5.3,37001
2015,4.9,37003
2015,6.1,37005
2015,6.5,37007
2015,6,37009
2015,5.9,37011
2015,6.6,37013
2015,7.2,37015
2015,7.9,37017
2015,7.3,37019
2015,4.3,37021
2015,5.6,37023
2015,5.2,37025
2015,6.2,37027
2015,5.7,37029
2015,5.9,37031
2015,6.3,37033
2015,5.5,37035
2015,4.7,37037
2015,6.4,37039
2015,7.1,37041
2015,6.1,37043
2015,6.4,37045
2015,7.5,37047
2015,6,37049
2015,7.3,37051
2015,5.8,37053
2015,7.4,37055
2015,5.5,37057
2015,5,37059
2015,5.7,37061
2015,5,37063
2015,9.5,37065
2015,5.5,37067
2015,5.9,37069
2015,6,37071
2015,5.5,37073
2015,11.9,37075
2015,4.9,37077
2015,5.5,37079
2015,5.8,37081
2015,8.8,37083
2015,6.7,37085
2015,5.2,37087
2015,4.7,37089
2015,7,37091
2015,7.9,37093
2015,9.1,37095
2015,5.5,37097
2015,6.1,37099
2015,5.2,37101
2015,5.7,37103
2015,7.2,37105
2015,6.3,37107
2015,5.4,37109
2015,5.5,37111
2015,6.1,37113
2015,5.7,37115
2015,7.6,37117
2015,5.3,37119
2015,6.8,37121
2015,5.7,37123
2015,5.8,37125
2015,7.2,37127
2015,5.3,37129
2015,7.5,37131
2015,5.9,37133
2015,4.6,37135
2015,5.9,37137
2015,7.2,37139
2015,6.1,37141
2015,7.1,37143
2015,6.8,37145
2015,6,37147
2015,5.1,37149
2015,5.7,37151
2015,7.9,37153
2015,8.4,37155
2015,6.6,37157
2015,6.1,37159
2015,7.7,37161
2015,5.9,37163
2015,10.5,37165
2015,5.3,37167
2015,5.4,37169
2015,5.4,37171
2015,7.6,37173
2015,5.4,37175
2015,9.4,37177
2015,4.8,37179
2015,8.5,37181
2015,4.7,37183
2015,8.2,37185
2015,8.6,37187
2015,4.8,37189
2015,6,37191
2015,5.6,37193
2015,9.4,37195
2015,5,37197
2015,5.9,37199
2015,2.8,38000
2015,3,38001
2015,3.2,38003
2015,4.6,38005
2015,3,38007
2015,4.4,38009
2015,1.9,38011
2015,3.3,38013
2015,2.4,38015
2015,2.3,38017
2015,2.8,38019
2015,1.8,38021
2015,1.8,38023
2015,2,38025
2015,4.8,38027
2015,5,38029
2015,2.9,38031
2015,2.3,38033
2015,2.4,38035
2015,3.2,38037
2015,2.3,38039
2015,2.5,38041
2015,3.7,38043
2015,2.5,38045
2015,2.9,38047
2015,4.2,38049
2015,3.1,38051
2015,2.5,38053
2015,3.7,38055
2015,4.2,38057
2015,3.1,38059
2015,2,38061
2015,3.8,38063
2015,5.9,38065
2015,5.4,38067
2015,4.2,38069
2015,3.4,38071
2015,2.5,38073
2015,3.4,38075
2015,2.7,38077
2015,10.3,38079
2015,1.8,38081
2015,5.1,38083
2015,4.4,38085
2015,2.6,38087
2015,2.7,38089
2015,2.3,38091
2015,2.6,38093
2015,2.7,38095
2015,2.8,38097
2015,4.2,38099
2015,3.2,38101
2015,4,38103
2015,2.4,38105
2015,4.9,39000
2015,7.9,39001
2015,4.9,39003
2015,5,39005
2015,6,39007
2015,6.3,39009
2015,3.7,39011
2015,6.4,39013
2015,6.3,39015
2015,4.6,39017
2015,6,39019
2015,4.4,39021
2015,5,39023
2015,4.5,39025
2015,6.2,39027
2015,5.9,39029
2015,6.4,39031
2015,5.8,39033
2015,5.1,39035
2015,4.3,39037
2015,4.9,39039
2015,3.5,39041
2015,5.6,39043
2015,4.4,39045
2015,5,39047
2015,4.1,39049
2015,4.9,39051
2015,6.5,39053
2015,4.1,39055
2015,4.4,39057
2015,6.2,39059
2015,4.5,39061
2015,3.7,39063
2015,4.8,39065
2015,6.3,39067
2015,5.6,39069
2015,6.4,39071
2015,5.6,39073
2015,3.4,39075
2015,6.6,39077
2015,7.5,39079
2015,7.5,39081
2015,4.7,39083
2015,4.4,39085
2015,5.9,39087
2015,4.5,39089
2015,4.2,39091
2015,5.5,39093
2015,5.3,39095
2015,4,39097
2015,6.1,39099
2015,5.1,39101
2015,4.1,39103
2015,8.3,39105
2015,3.3,39107
2015,4.4,39109
2015,10,39111
2015,5,39113
2015,7.3,39115
2015,5.1,39117
2015,6.2,39119
2015,7.3,39121
2015,6.6,39123
2015,4.8,39125
2015,6.6,39127
2015,4.8,39129
2015,7.3,39131
2015,4.9,39133
2015,4.8,39135
2015,3.9,39137
2015,5.6,39139
2015,5.4,39141
2015,4.8,39143
2015,7.7,39145
2015,4.9,39147
2015,4.3,39149
2015,5.3,39151
2015,5,39153
2015,6.5,39155
2015,5.4,39157
2015,3.9,39159
2015,4.2,39161
2015,6.6,39163
2015,4.2,39165
2015,6,39167
2015,4,39169
2015,4.4,39171
2015,4.3,39173
2015,3.7,39175
2015,4.4,40000
2015,6.1,40001
2015,3,40003
2015,6.5,40005
2015,2.7,40007
2015,5.1,40009
2015,3.9,40011
2015,4.6,40013
2015,5.2,40015
2015,3.6,40017
2015,4.5,40019
2015,5.2,40021
2015,7.7,40023
2015,2.3,40025
2015,3.5,40027
2015,7.6,40029
2015,4.4,40031
2015,4.2,40033
2015,4.8,40035
2015,5,40037
2015,4.1,40039
2015,5,40041
2015,3.6,40043
2015,4.1,40045
2015,3.9,40047
2015,4.7,40049
2015,4.5,40051
2015,2.9,40053
2015,5.7,40055
2015,3.5,40057
2015,3,40059
2015,7.9,40061
2015,7.5,40063
2015,4.1,40065
2015,5.7,40067
2015,6.5,40069
2015,5.7,40071
2015,3.1,40073
2015,4.7,40075
2015,8.1,40077
2015,6.9,40079
2015,4.7,40081
2015,3.8,40083
2015,3.6,40085
2015,3.7,40087
2015,7.9,40089
2015,8.6,40091
2015,3.3,40093
2015,5.5,40095
2015,4.3,40097
2015,4.2,40099
2015,5.1,40101
2015,3.6,40103
2015,5.7,40105
2015,5.9,40107
2015,3.9,40109
2015,6.7,40111
2015,5.3,40113
2015,5.1,40115
2015,5.8,40117
2015,3.5,40119
2015,5.7,40121
2015,4,40123
2015,4.5,40125
2015,7.8,40127
2015,4.2,40129
2015,4.4,40131
2015,6.8,40133
2015,6.4,40135
2015,6,40137
2015,3.2,40139
2015,4.3,40141
2015,4.1,40143
2015,4.2,40145
2015,4.3,40147
2015,5.6,40149
2015,2.8,40151
2015,5.2,40153
2015,5.6,41000
2015,6.8,41001
2015,4.2,41003
2015,5.1,41005
2015,5.5,41007
2015,7.2,41009
2015,7.4,41011
2015,8.4,41013
2015,8.3,41015
2015,5.9,41017
2015,7.5,41019
2015,6.4,41021
2015,8.7,41023
2015,7.2,41025
2015,4.7,41027
2015,6.8,41029
2015,7.3,41031
2015,7.7,41033
2015,7.8,41035
2015,7.7,41037
2015,5.8,41039
2015,6.7,41041
2015,6.7,41043
2015,6.4,41045
2015,6,41047
2015,5.7,41049
2015,4.9,41051
2015,5.6,41053
2015,6.1,41055
2015,5.6,41057
2015,6.4,41059
2015,6.2,41061
2015,7.8,41063
2015,5.6,41065
2015,4.7,41067
2015,5.2,41069
2015,5.3,41071
2015,5.3,42000
2015,4.2,42001
2015,5,42003
2015,6.6,42005
2015,6,42007
2015,6.1,42009
2015,4.9,42011
2015,5.1,42013
2015,5.9,42015
2015,4.7,42017
2015,4.7,42019
2015,6.5,42021
2015,7.1,42023
2015,6.1,42025
2015,4,42027
2015,3.8,42029
2015,6,42031
2015,6.6,42033
2015,6.9,42035
2015,5.6,42037
2015,5.2,42039
2015,4,42041
2015,4.6,42043
2015,4.9,42045
2015,4.9,42047
2015,5.5,42049
2015,7.5,42051
2015,7.9,42053
2015,5,42055
2015,6.2,42057
2015,6,42059
2015,7,42061
2015,6.3,42063
2015,6.1,42065
2015,4.9,42067
2015,5.8,42069
2015,4.1,42071
2015,6.3,42073
2015,4.5,42075
2015,5.3,42077
2015,6.4,42079
2015,6,42081
2015,6.1,42083
2015,5.4,42085
2015,5.8,42087
2015,6.4,42089
2015,4.2,42091
2015,4.3,42093
2015,5.3,42095
2015,6.1,42097
2015,4.5,42099
2015,7.1,42101
2015,6.5,42103
2015,7,42105
2015,6.3,42107
2015,4.7,42109
2015,6.8,42111
2015,6.2,42113
2015,5.6,42115
2015,6.5,42117
2015,4.5,42119
2015,5.9,42121
2015,5,42123
2015,5.6,42125
2015,5.8,42127
2015,5.4,42129
2015,6.1,42131
2015,4.7,42133
2015,6,44000
2015,5.3,44001
2015,5.5,44003
2015,5.4,44005
2015,6.3,44007
2015,5.6,44009
2015,6,45000
2015,6.9,45001
2015,5.9,45003
2015,11.3,45005
2015,5.4,45007
2015,10.5,45009
2015,9,45011
2015,5.5,45013
2015,5.5,45015
2015,7.1,45017
2015,4.9,45019
2015,7.1,45021
2015,8.4,45023
2015,6.1,45025
2015,7.7,45027
2015,7,45029
2015,7.4,45031
2015,8.6,45033
2015,5.5,45035
2015,6.4,45037
2015,8.1,45039
2015,6.6,45041
2015,8.4,45043
2015,5,45045
2015,6.3,45047
2015,8.4,45049
2015,7.1,45051
2015,5.1,45053
2015,6,45055
2015,6.3,45057
2015,6.6,45059
2015,8.4,45061
2015,4.9,45063
2015,7.1,45065
2015,10,45067
2015,10.1,45069
2015,5.3,45071
2015,5.8,45073
2015,10.9,45075
2015,5.8,45077
2015,5.7,45079
2015,5.2,45081
2015,5.7,45083
2015,6.9,45085
2015,7.9,45087
2015,9.2,45089
2015,5.5,45091
2015,3.1,46000
2015,2.2,46003
2015,2.6,46005
2015,5,46007
2015,2.7,46009
2015,2.9,46011
2015,2.7,46013
2015,2.7,46015
2015,7,46017
2015,3.4,46019
2015,2.9,46021
2015,3.4,46023
2015,3.6,46025
2015,3.1,46027
2015,3.1,46029
2015,5.1,46031
2015,4.2,46033
2015,2.5,46035
2015,5,46037
2015,4.9,46039
2015,11.5,46041
2015,2.5,46043
2015,2.5,46045
2015,4.4,46047
2015,2.7,46049
2015,3,46051
2015,3.2,46053
2015,2.3,46055
2015,3.3,46057
2015,2.3,46059
2015,3.3,46061
2015,2.4,46063
2015,2.4,46065
2015,2.5,46067
2015,2.8,46069
2015,4.3,46071
2015,2.3,46073
2015,2.9,46075
2015,2.9,46077
2015,3.6,46079
2015,3.3,46081
2015,2.3,46083
2015,4.7,46085
2015,2.4,46087
2015,3.3,46089
2015,3.8,46091
2015,3.2,46093
2015,5.1,46095
2015,2.4,46097
2015,2.7,46099
2015,3.4,46101
2015,11.5,46102
2015,3.2,46103
2015,3.2,46105
2015,3.2,46107
2015,4.3,46109
2015,2.5,46111
2015,3.1,46115
2015,2.4,46117
2015,2.5,46119
2015,7.4,46121
2015,2.7,46123
2015,2.7,46125
2015,3.4,46127
2015,5.4,46129
2015,2.6,46135
2015,5.1,46137
2015,5.6,47000
2015,5.8,47001
2015,6.5,47003
2015,7.7,47005
2015,8,47007
2015,5.2,47009
2015,5.2,47011
2015,7.9,47013
2015,5.8,47015
2015,8.3,47017
2015,6.4,47019
2015,4.8,47021
2015,5.9,47023
2015,7.2,47025
2015,8.9,47027
2015,7.8,47029
2015,5.5,47031
2015,6.4,47033
2015,7.1,47035
2015,4.4,47037
2015,7.9,47039
2015,6.9,47041
2015,5.4,47043
2015,7.2,47045
2015,6.2,47047
2015,7.3,47049
2015,5.2,47051
2015,7.4,47053
2015,5,47055
2015,6.6,47057
2015,6.5,47059
2015,7.8,47061
2015,6.2,47063
2015,5.3,47065
2015,9.7,47067
2015,7.5,47069
2015,7.2,47071
2015,6.4,47073
2015,8.4,47075
2015,8,47077
2015,6.5,47079
2015,5.7,47081
2015,8.6,47083
2015,6.8,47085
2015,7.9,47087
2015,6.4,47089
2015,5.6,47091
2015,4.7,47093
2015,8.6,47095
2015,8.9,47097
2015,6.6,47099
2015,7.3,47101
2015,4.8,47103
2015,5.6,47105
2015,6.3,47107
2015,8.5,47109
2015,5.3,47111
2015,5.9,47113
2015,6.8,47115
2015,5.6,47117
2015,5.1,47119
2015,7.6,47121
2015,6.3,47123
2015,5.8,47125
2015,4.5,47127
2015,7.5,47129
2015,8.6,47131
2015,7.1,47133
2015,6.7,47135
2015,7.7,47137
2015,6.6,47139
2015,5.8,47141
2015,7.4,47143
2015,6.5,47145
2015,4.9,47147
2015,4.5,47149
2015,9.3,47151
2015,6.5,47153
2015,6,47155
2015,6.4,47157
2015,5.6,47159
2015,7.7,47161
2015,5.8,47163
2015,4.6,47165
2015,7.1,47167
2015,5.9,47169
2015,8,47171
2015,6.8,47173
2015,8,47175
2015,5.6,47177
2015,5.6,47179
2015,7.4,47181
2015,6.8,47183
2015,6.1,47185
2015,4,47187
2015,4.6,47189
2015,4.4,48000
2015,3.9,48001
2015,3.5,48003
2015,5.6,48005
2015,5.1,48007
2015,4.4,48009
2015,2.7,48011
2015,4.8,48013
2015,4.6,48015
2015,4.3,48017
2015,4,48019
2015,3.9,48021
2015,3.5,48023
2015,6.2,48025
2015,4.6,48027
2015,3.8,48029
2015,3.1,48031
2015,2.9,48033
2015,4.5,48035
2015,4.8,48037
2015,4.6,48039
2015,3.3,48041
2015,3.9,48043
2015,3.9,48045
2015,9.9,48047
2015,4.3,48049
2015,4.3,48051
2015,3.6,48053
2015,4.3,48055
2015,4,48057
2015,4.3,48059
2015,7.1,48061
2015,6.1,48063
2015,3.2,48065
2015,6.8,48067
2015,3.4,48069
2015,5.3,48071
2015,5.2,48073
2015,3.1,48075
2015,4.4,48077
2015,5.1,48079
2015,4.1,48081
2015,5.5,48083
2015,3.6,48085
2015,3.6,48087
2015,3.9,48089
2015,3.7,48091
2015,4.2,48093
2015,3.3,48095
2015,3.7,48097
2015,4.8,48099
2015,7.1,48101
2015,5.7,48103
2015,6,48105
2015,4.3,48107
2015,4.1,48109
2015,2.2,48111
2015,4.3,48113
2015,4.5,48115
2015,3.1,48117
2015,4.5,48119
2015,3.5,48121
2015,4,48123
2015,4.6,48125
2015,4.6,48127
2015,4.1,48129
2015,8.1,48131
2015,4.7,48133
2015,4.6,48135
2015,4.6,48137
2015,3.9,48139
2015,5.2,48141
2015,3.9,48143
2015,4.2,48145
2015,4.1,48147
2015,3.3,48149
2015,3.8,48151
2015,5.5,48153
2015,4,48155
2015,4.3,48157
2015,4.9,48159
2015,5.4,48161
2015,3.8,48163
2015,3.2,48165
2015,5,48167
2015,3.7,48169
2015,2.9,48171
2015,2.8,48173
2015,4.4,48175
2015,3.7,48177
2015,5.6,48179
2015,4,48181
2015,4.9,48183
2015,5.3,48185
2015,3.5,48187
2015,6.3,48189
2015,5.3,48191
2015,4.6,48193
2015,3,48195
2015,4.9,48197
2015,5.6,48199
2015,4.6,48201
2015,5.2,48203
2015,2.1,48205
2015,3.5,48207
2015,3.4,48209
2015,3.1,48211
2015,4.8,48213
2015,7.9,48215
2015,4.5,48217
2015,4.1,48219
2015,4.5,48221
2015,4.2,48223
2015,4.4,48225
2015,4.6,48227
2015,5.6,48229
2015,4.7,48231
2015,4.4,48233
2015,3.6,48235
2015,4.2,48237
2015,3.7,48239
2015,7.5,48241
2015,3.2,48243
2015,7,48245
2015,7.2,48247
2015,7.9,48249
2015,4.4,48251
2015,5.5,48253
2015,4.2,48255
2015,4.1,48257
2015,3.3,48259
2015,3.2,48261
2015,2.6,48263
2015,3.7,48265
2015,3.7,48267
2015,3.5,48269
2015,6.3,48271
2015,5.9,48273
2015,3.7,48275
2015,4.8,48277
2015,8.9,48279
2015,4.4,48281
2015,4.1,48283
2015,3.8,48285
2015,3.5,48287
2015,5.3,48289
2015,6.9,48291
2015,5,48293
2015,3.9,48295
2015,4,48297
2015,4.2,48299
2015,5.2,48301
2015,3.4,48303
2015,4,48305
2015,4.8,48307
2015,4.1,48309
2015,2.1,48311
2015,4.3,48313
2015,6.5,48315
2015,3.5,48317
2015,3.8,48319
2015,6.7,48321
2015,10.6,48323
2015,4.4,48325
2015,5.1,48327
2015,3.5,48329
2015,5.2,48331
2015,3.7,48333
2015,5.6,48335
2015,4.2,48337
2015,4.2,48339
2015,3.1,48341
2015,8.8,48343
2015,3.5,48345
2015,4.7,48347
2015,4.2,48349
2015,7.5,48351
2015,4,48353
2015,4.9,48355
2015,4.2,48357
2015,3,48359
2015,6.5,48361
2015,5.2,48363
2015,5.2,48365
2015,4.1,48367
2015,2.4,48369
2015,5.2,48371
2015,6,48373
2015,3.3,48375
2015,10.6,48377
2015,4.5,48379
2015,2.9,48381
2015,4.5,48383
2015,5.2,48385
2015,6.3,48387
2015,4.8,48389
2015,5.3,48391
2015,3.9,48393
2015,4.8,48395
2015,3.7,48397
2015,3.7,48399
2015,4.7,48401
2015,9.3,48403
2015,9,48405
2015,5.6,48407
2015,6.5,48409
2015,3.7,48411
2015,5.3,48413
2015,4.1,48415
2015,2.8,48417
2015,5.3,48419
2015,2.7,48421
2015,4.5,48423
2015,5,48425
2015,13.4,48427
2015,4.2,48429
2015,3.3,48431
2015,4.4,48433
2015,6.1,48435
2015,4.8,48437
2015,4.2,48439
2015,3.7,48441
2015,4.8,48443
2015,4.7,48445
2015,3.2,48447
2015,5.7,48449
2015,4.1,48451
2015,3.3,48453
2015,5.9,48455
2015,7,48457
2015,5.2,48459
2015,3.9,48461
2015,5,48463
2015,6,48465
2015,4.5,48467
2015,4.2,48469
2015,5,48471
2015,4.8,48473
2015,4.3,48475
2015,4.8,48477
2015,4.7,48479
2015,4.4,48481
2015,3.9,48483
2015,4.3,48485
2015,4.8,48487
2015,13,48489
2015,3.4,48491
2015,3.8,48493
2015,5.7,48495
2015,4.6,48497
2015,5.3,48499
2015,3.8,48501
2015,4.3,48503
2015,7.6,48505
2015,11.2,48507
2015,3.6,49000
2015,3.8,49001
2015,3.7,49003
2015,3.1,49005
2015,5.7,49007
2015,4.7,49009
2015,3.4,49011
2015,7.6,49013
2015,6.1,49015
2015,8.9,49017
2015,6.1,49019
2015,4.5,49021
2015,4,49023
2015,4.4,49025
2015,3.5,49027
2015,3.1,49029
2015,6.5,49031
2015,3.6,49033
2015,3.4,49035
2015,7.9,49037
2015,4.1,49039
2015,4.5,49041
2015,3.3,49043
2015,4.2,49045
2015,6.8,49047
2015,3.3,49049
2015,3.5,49051
2015,4.1,49053
2015,9.1,49055
2015,4.1,49057
2015,3.6,50000
2015,3.5,50001
2015,4.2,50003
2015,4.6,50005
2015,2.7,50007
2015,5.7,50009
2015,3.6,50011
2015,4,50013
2015,4.6,50015
2015,3.4,50017
2015,5.5,50019
2015,4.2,50021
2015,3.5,50023
2015,3.6,50025
2015,3.2,50027
2015,4.5,51000
2015,5.5,51001
2015,3.9,51003
2015,5.1,51005
2015,4.5,51007
2015,4.8,51009
2015,4.9,51011
2015,2.8,51013
2015,4.1,51015
2015,4.1,51017
2015,4.4,51019
2015,5.7,51021
2015,4.2,51023
2015,6.8,51025
2015,10.9,51027
2015,5.9,51029
2015,4.7,51031
2015,5.1,51033
2015,5.3,51035
2015,5.3,51036
2015,5.7,51037
2015,4.3,51041
2015,4,51043
2015,5.5,51045
2015,4.3,51047
2015,5.1,51049
2015,10.1,51051
2015,5.4,51053
2015,5.4,51057
2015,3.6,51059
2015,3.9,51061
2015,4,51063
2015,3.8,51065
2015,4.7,51067
2015,4,51069
2015,5.2,51071
2015,4.1,51073
2015,4.2,51075
2015,5.9,51077
2015,3.7,51079
2015,5.4,51081
2015,6.4,51083
2015,3.9,51085
2015,4.3,51087
2015,6.4,51089
2015,3.5,51091
2015,4.6,51093
2015,4.3,51095
2015,4.8,51097
2015,4.8,51099
2015,4.2,51101
2015,6.6,51103
2015,7.2,51105
2015,3.6,51107
2015,4.2,51109
2015,5.1,51111
2015,3.4,51113
2015,4.2,51115
2015,6.1,51117
2015,4.2,51119
2015,4.3,51121
2015,4.1,51125
2015,3.8,51127
2015,6.1,51131
2015,6.1,51133
2015,4.5,51135
2015,4.6,51137
2015,6.9,51139
2015,5.4,51141
2015,5.3,51143
2015,4,51145
2015,6.3,51147
2015,5.4,51149
2015,4.1,51153
2015,5.1,51155
2015,4.2,51157
2015,4.6,51159
2015,3.9,51161
2015,4.7,51163
2015,4.1,51165
2015,6.6,51167
2015,5.2,51169
2015,4.3,51171
2015,6.5,51173
2015,4,51175
2015,4.6,51177
2015,4.5,51179
2015,5.1,51181
2015,6.9,51183
2015,7.4,51185
2015,4.8,51187
2015,4.8,51191
2015,5.4,51193
2015,8.3,51195
2015,5.4,51197
2015,4.3,51199
2015,3.3,51510
2015,5.4,51520
2015,5.1,51530
2015,3.7,51540
2015,4.5,51550
2015,4.7,51570
2015,6,51580
2015,7.2,51590
2015,7,51595
2015,3.5,51600
2015,3,51610
2015,6.7,51620
2015,5.3,51630
2015,5.5,51640
2015,6,51650
2015,5.3,51660
2015,7.6,51670
2015,6.8,51678
2015,5.6,51680
2015,4.2,51683
2015,4.2,51685
2015,8.8,51690
2015,5.4,51700
2015,5.6,51710
2015,6.9,51720
2015,9.2,51730
2015,3.9,51735
2015,6.2,51740
2015,5.7,51750
2015,5.2,51760
2015,4.9,51770
2015,4.4,51775
2015,4.4,51790
2015,5,51800
2015,4.3,51810
2015,4.8,51820
2015,6.3,51830
2015,4.4,51840
2015,5.6,53000
2015,7.1,53001
2015,4.9,53003
2015,6.8,53005
2015,5.7,53007
2015,8.3,53009
2015,6.6,53011
2015,6.6,53013
2015,7.9,53015
2015,6.5,53017
2015,10.4,53019
2015,7.7,53021
2015,6.3,53023
2015,7.4,53025
2015,9.2,53027
2015,6.2,53029
2015,7.3,53031
2015,4.2,53033
2015,5.7,53035
2015,6.3,53037
2015,7.3,53039
2015,8.6,53041
2015,6,53043
2015,8,53045
2015,7.1,53047
2015,9.2,53049
2015,9.8,53051
2015,6.5,53053
2015,4.9,53055
2015,6.9,53057
2015,7.6,53059
2015,4.5,53061
2015,6.6,53063
2015,9.1,53065
2015,6.1,53067
2015,9.1,53069
2015,6,53071
2015,6.1,53073
2015,5,53075
2015,8.2,53077
2015,6.7,54000
2015,7.4,54001
2015,4.9,54003
2015,9.7,54005
2015,8.9,54007
2015,7.3,54009
2015,5.4,54011
2015,12.5,54013
2015,11.2,54015
2015,5.5,54017
2015,8.6,54019
2015,7.8,54021
2015,7.6,54023
2015,6.6,54025
2015,5.6,54027
2015,7.8,54029
2015,7.5,54031
2015,6.3,54033
2015,7.2,54035
2015,4.1,54037
2015,6,54039
2015,8.2,54041
2015,9.7,54043
2015,11.2,54045
2015,12.7,54047
2015,6.9,54049
2015,8.5,54051
2015,8.5,54053
2015,7.3,54055
2015,7.3,54057
2015,13.2,54059
2015,4.7,54061
2015,5.6,54063
2015,5.5,54065
2015,9,54067
2015,5.6,54069
2015,4.6,54071
2015,8.5,54073
2015,8.1,54075
2015,6.2,54077
2015,5.6,54079
2015,7.4,54081
2015,7,54083
2015,7,54085
2015,11.5,54087
2015,7,54089
2015,6,54091
2015,6.1,54093
2015,9.4,54095
2015,8,54097
2015,7.1,54099
2015,7.6,54101
2015,10,54103
2015,10.3,54105
2015,6.3,54107
2015,9.6,54109
2015,4.5,55000
2015,7.3,55001
2015,6.2,55003
2015,5,55005
2015,8.3,55007
2015,4.1,55009
2015,4.9,55011
2015,7,55013
2015,3.6,55015
2015,4.7,55017
2015,4.4,55019
2015,4.4,55021
2015,5.9,55023
2015,3.2,55025
2015,4.4,55027
2015,6.7,55029
2015,4.9,55031
2015,4.5,55033
2015,3.8,55035
2015,6.7,55037
2015,4.1,55039
2015,7.5,55041
2015,4.4,55043
2015,3.8,55045
2015,5.4,55047
2015,4.2,55049
2015,8.8,55051
2015,4.8,55053
2015,4.2,55055
2015,5.1,55057
2015,5.1,55059
2015,4.1,55061
2015,3.9,55063
2015,3.7,55065
2015,6.1,55067
2015,5,55069
2015,5,55071
2015,4,55073
2015,5.8,55075
2015,6.1,55077
2015,9.7,55078
2015,5.7,55079
2015,4.4,55081
2015,5.2,55083
2015,5.8,55085
2015,4,55087
2015,3.7,55089
2015,4.2,55091
2015,3.9,55093
2015,4.8,55095
2015,4.6,55097
2015,4.5,55099
2015,5.6,55101
2015,4.2,55103
2015,5.2,55105
2015,5.5,55107
2015,3.8,55109
2015,4.1,55111
2015,7.9,55113
2015,4.9,55115
2015,3.8,55117
2015,4.4,55119
2015,3.9,55121
2015,4.1,55123
2015,7,55125
2015,4.6,55127
2015,5.4,55129
2015,3.7,55131
2015,3.8,55133
2015,4.6,55135
2015,6.3,55137
2015,4.2,55139
2015,5.5,55141
2015,4.3,56000
2015,3.2,56001
2015,4.5,56003
2015,4,56005
2015,3.8,56007
2015,3.7,56009
2015,3.5,56011
2015,5.6,56013
2015,3.3,56015
2015,4.2,56017
2015,4.9,56019
2015,4,56021
2015,4.8,56023
2015,4.9,56025
2015,3,56027
2015,4.3,56029
2015,4,56031
2015,4.3,56033
2015,5.3,56035
2015,4.8,56037
2015,3.9,56039
2015,5.1,56041
2015,4.2,56043
2015,3.4,56045
2015,12,72000
2015,17.7,72001
2015,14,72003
2015,14,72005
2015,14.6,72007
2015,14.6,72009
2015,13,72011
2015,13.9,72013
2015,18.8,72015
2015,15.2,72017
2015,13.2,72019
2015,9.3,72021
2015,12.2,72023
2015,10.4,72025
2015,12.9,72027
2015,11.8,72029
2015,8.8,72031
2015,10.4,72033
2015,10.7,72035
2015,13.8,72037
2015,17.4,72039
2015,9.9,72041
2015,18.9,72043
2015,15.2,72045
2015,13.5,72047
2015,3.7,72049
2015,7.8,72051
2015,14.8,72053
2015,14.9,72054
2015,19.6,72055
2015,17.3,72057
2015,19.5,72059
2015,5.8,72061
2015,8.7,72063
2015,15.6,72065
2015,11.6,72067
2015,14.7,72069
2015,12.6,72071
2015,14.8,72073
2015,15.2,72075
2015,13.9,72077
2015,17.9,72079
2015,20.4,72081
2015,16.8,72083
2015,14,72085
2015,11.7,72087
2015,15.6,72089
2015,11.8,72091
2015,16.5,72093
2015,18.4,72095
2015,13.5,72097
2015,15.6,72099
2015,14.1,72101
2015,13.2,72103
2015,13.7,72105
2015,16.3,72107
2015,20.8,72109
2015,17.5,72111
2015,13.9,72113
2015,16.8,72115
2015,16.5,72117
2015,10.3,72119
2015,14.8,72121
2015,24.1,72123
2015,14.1,72125
2015,7.6,72127
2015,13.1,72129
2015,19.9,72131
2015,18.3,72133
2015,8.3,72135
2015,9,72137
2015,7,72139
2015,16,72141
2015,11.7,72143
2015,13.7,72145
2015,11.3,72147
2015,19.7,72149
2015,17.4,72151
2015,18.9,72153
2014,6.167705124,0
2014,6.8,1000
2014,5.8,1001
2014,6.1,1003
2014,10.5,1005
2014,7.2,1007
2014,6.1,1009
2014,8.8,1011
2014,8.6,1013
2014,8,1015
2014,6.7,1017
2014,5.8,1019
2014,6.3,1021
2014,9,1023
2014,12.2,1025
2014,7.1,1027
2014,6.6,1029
2014,6.6,1031
2014,8.3,1033
2014,10.3,1035
2014,8.8,1037
2014,7.8,1039
2014,6.9,1041
2014,6.1,1043
2014,7.1,1045
2014,11.2,1047
2014,6.9,1049
2014,5.7,1051
2014,8,1053
2014,7,1055
2014,7.8,1057
2014,7.7,1059
2014,6.7,1061
2014,12.5,1063
2014,9.9,1065
2014,7.5,1067
2014,6.8,1069
2014,7.3,1071
2014,6.3,1073
2014,7,1075
2014,7.2,1077
2014,8.2,1079
2014,5.6,1081
2014,6.1,1083
2014,12.8,1085
2014,9.1,1087
2014,6.2,1089
2014,8,1091
2014,7.9,1093
2014,6.7,1095
2014,7.7,1097
2014,11.1,1099
2014,6.9,1101
2014,6.6,1103
2014,12.1,1105
2014,8.2,1107
2014,7.4,1109
2014,6.7,1111
2014,6.5,1113
2014,5.8,1115
2014,4.5,1117
2014,8.5,1119
2014,7.8,1121
2014,7.5,1123
2014,5.9,1125
2014,7.9,1127
2014,9.6,1129
2014,16.9,1131
2014,8.6,1133
2014,6.9,2000
2014,4.5,2013
2014,4.8,2016
2014,5.2,2020
2014,16.1,2050
2014,8,2060
2014,10.4,2068
2014,10.1,2070
2014,5.8,2090
2014,10.7,2100
2014,15.2,2105
2014,5.1,2110
2014,7.9,2122
2014,7.9,2130
2014,5.7,2150
2014,23.8,2158
2014,16.3,2164
2014,8.1,2170
2014,12.3,2180
2014,6,2185
2014,17,2188
2014,9.5,2195
2014,13.4,2198
2014,,2201
2014,5.1,2220
2014,11.9,2230
2014,,2232
2014,13.2,2240
2014,9.6,2261
2014,8.4,2275
2014,,2280
2014,9.9,2282
2014,19,2290
2014,6.8,4000
2014,15.7,4001
2014,8.4,4003
2014,7.1,4005
2014,8.3,4007
2014,7.4,4009
2014,6.5,4011
2014,7.6,4012
2014,5.8,4013
2014,8.7,4015
2014,11.1,4017
2014,6,4019
2014,7,4021
2014,12.9,4023
2014,6.4,4025
2014,22.9,4027
2014,6,5000
2014,5.4,5001
2014,9,5003
2014,6.7,5005
2014,4.6,5007
2014,6,5009
2014,8.1,5011
2014,6.6,5013
2014,5.2,5015
2014,10.5,5017
2014,6.8,5019
2014,7.8,5021
2014,8.3,5023
2014,6.8,5025
2014,7.1,5027
2014,7.1,5029
2014,5.4,5031
2014,6,5033
2014,7.4,5035
2014,6.4,5037
2014,9,5039
2014,8,5041
2014,8.3,5043
2014,5.5,5045
2014,5.7,5047
2014,5.8,5049
2014,6.3,5051
2014,5.5,5053
2014,6.3,5055
2014,5.9,5057
2014,5.8,5059
2014,5.8,5061
2014,7.8,5063
2014,7.5,5065
2014,9.2,5067
2014,8.7,5069
2014,6.5,5071
2014,7.7,5073
2014,7.2,5075
2014,7.5,5077
2014,7.1,5079
2014,6.6,5081
2014,6,5083
2014,5.1,5085
2014,4.8,5087
2014,6.3,5089
2014,5.8,5091
2014,9.2,5093
2014,6.7,5095
2014,7.9,5097
2014,6,5099
2014,5.8,5101
2014,7.9,5103
2014,7.7,5105
2014,9.6,5107
2014,7.3,5109
2014,6.9,5111
2014,6.2,5113
2014,6.2,5115
2014,5.8,5117
2014,5.5,5119
2014,7.9,5121
2014,8.7,5123
2014,4.8,5125
2014,5,5127
2014,6.4,5129
2014,5.7,5131
2014,6.9,5133
2014,8.5,5135
2014,7.6,5137
2014,7.4,5139
2014,8.1,5141
2014,4.4,5143
2014,7,5145
2014,7.6,5147
2014,5.6,5149
2014,7.5,6000
2014,5.8,6001
2014,8.2,6003
2014,8.3,6005
2014,8.6,6007
2014,8,6009
2014,17.4,6011
2014,6.2,6013
2014,10.1,6015
2014,7,6017
2014,11.6,6019
2014,10.7,6021
2014,6.7,6023
2014,24,6025
2014,6.8,6027
2014,10.4,6029
2014,11.9,6031
2014,8.9,6033
2014,9.1,6035
2014,8.3,6037
2014,11.2,6039
2014,4.3,6041
2014,8.8,6043
2014,7,6045
2014,12.8,6047
2014,10.2,6049
2014,7.1,6051
2014,9,6053
2014,5.7,6055
2014,6.5,6057
2014,5.5,6059
2014,6.3,6061
2014,11.5,6063
2014,8.2,6065
2014,7.3,6067
2014,9.3,6069
2014,8,6071
2014,6.4,6073
2014,4.4,6075
2014,10.5,6077
2014,5.6,6079
2014,4.2,6081
2014,6.1,6083
2014,5.2,6085
2014,8.7,6087
2014,9.6,6089
2014,10.1,6091
2014,11.1,6093
2014,7.5,6095
2014,5.6,6097
2014,11.2,6099
2014,12.6,6101
2014,9.6,6103
2014,9.4,6105
2014,13.1,6107
2014,8.6,6109
2014,6.6,6111
2014,7.5,6113
2014,11.2,6115
2014,5,8000
2014,5.7,8001
2014,7.2,8003
2014,4.9,8005
2014,6,8007
2014,2.8,8009
2014,5.3,8011
2014,4.1,8013
2014,4.2,8014
2014,4.4,8015
2014,2.9,8017
2014,4.6,8019
2014,7.8,8021
2014,9.1,8023
2014,5.9,8025
2014,4.6,8027
2014,7,8029
2014,4.8,8031
2014,3.9,8033
2014,4,8035
2014,4.2,8037
2014,4.3,8039
2014,6,8041
2014,8.2,8043
2014,5.3,8045
2014,4.4,8047
2014,4,8049
2014,4,8051
2014,3.7,8053
2014,10,8055
2014,3.6,8057
2014,4.5,8059
2014,3.3,8061
2014,3,8063
2014,4.6,8065
2014,4.2,8067
2014,4.3,8069
2014,7.5,8071
2014,4.1,8073
2014,3.8,8075
2014,6.2,8077
2014,5,8079
2014,5.8,8081
2014,6.1,8083
2014,6.8,8085
2014,4.6,8087
2014,7.6,8089
2014,5.8,8091
2014,4.6,8093
2014,3.3,8095
2014,4.9,8097
2014,4.7,8099
2014,7.3,8101
2014,6,8103
2014,9.2,8105
2014,4.2,8107
2014,8.7,8109
2014,5.3,8111
2014,4.8,8113
2014,4.6,8115
2014,3.4,8117
2014,5.9,8119
2014,3.2,8121
2014,4.5,8123
2014,3.3,8125
2014,6.6,9000
2014,6.2,9001
2014,6.8,9003
2014,6,9005
2014,5.7,9007
2014,7.2,9009
2014,6.8,9011
2014,5.8,9013
2014,7.3,9015
2014,5.7,10000
2014,6.4,10001
2014,5.5,10003
2014,5.8,10005
2014,7.8,11000
2014,7.8,11001
2014,6.3,12000
2014,5.2,12001
2014,6.4,12003
2014,6.3,12005
2014,5.6,12007
2014,7,12009
2014,5.9,12011
2014,6.9,12013
2014,6.9,12015
2014,8.6,12017
2014,5.8,12019
2014,6,12021
2014,6.6,12023
2014,7.2,12027
2014,7.4,12029
2014,6.7,12031
2014,6.4,12033
2014,7.3,12035
2014,5.6,12037
2014,8.2,12039
2014,6.7,12041
2014,7.7,12043
2014,6.1,12045
2014,7.6,12047
2014,7.7,12049
2014,11.3,12051
2014,7.9,12053
2014,8.4,12055
2014,5.8,12057
2014,7,12059
2014,7.9,12061
2014,6.7,12063
2014,6.6,12065
2014,5.1,12067
2014,6.4,12069
2014,6,12071
2014,5.5,12073
2014,6.9,12075
2014,6.7,12077
2014,7.1,12079
2014,5.7,12081
2014,7.3,12083
2014,6.1,12085
2014,6.7,12086
2014,4.1,12087
2014,6,12089
2014,5.2,12091
2014,7.4,12093
2014,5.8,12095
2014,6.7,12097
2014,5.9,12099
2014,6.7,12101
2014,5.8,12103
2014,7.2,12105
2014,8.7,12107
2014,4.7,12109
2014,8,12111
2014,5.5,12113
2014,5.8,12115
2014,5.7,12117
2014,8.4,12119
2014,6.3,12121
2014,6.9,12123
2014,6,12125
2014,6.8,12127
2014,5.2,12129
2014,5.3,12131
2014,6.7,12133
2014,7.1,13000
2014,8.8,13001
2014,7.5,13003
2014,6.9,13005
2014,9,13007
2014,8.7,13009
2014,6.6,13011
2014,6.3,13013
2014,7.1,13015
2014,9.9,13017
2014,8.5,13019
2014,8,13021
2014,11.2,13023
2014,9.2,13025
2014,7.2,13027
2014,6.4,13029
2014,7.3,13031
2014,10,13033
2014,7.5,13035
2014,6.9,13037
2014,6.6,13039
2014,6.9,13043
2014,8.2,13045
2014,6.1,13047
2014,7.3,13049
2014,7.3,13051
2014,9.7,13053
2014,7.6,13055
2014,5.5,13057
2014,6.9,13059
2014,11.3,13061
2014,9.3,13063
2014,8.3,13065
2014,5.9,13067
2014,8.1,13069
2014,8.1,13071
2014,5.8,13073
2014,8.1,13075
2014,6.1,13077
2014,7.5,13079
2014,8.8,13081
2014,6.3,13083
2014,6.1,13085
2014,8.1,13087
2014,7.2,13089
2014,9.7,13091
2014,9.6,13093
2014,9.2,13095
2014,7.4,13097
2014,8.9,13099
2014,5.8,13101
2014,6.2,13103
2014,8.6,13105
2014,10.4,13107
2014,6.4,13109
2014,7.6,13111
2014,6.1,13113
2014,7.9,13115
2014,5.2,13117
2014,8.1,13119
2014,7,13121
2014,7.2,13123
2014,8,13125
2014,7.4,13127
2014,7.3,13129
2014,7.3,13131
2014,8.2,13133
2014,6,13135
2014,6.9,13137
2014,5.9,13139
2014,11.7,13141
2014,7.9,13143
2014,6,13145
2014,7.5,13147
2014,7.9,13149
2014,7.2,13151
2014,6.8,13153
2014,9.5,13155
2014,5.8,13157
2014,6.6,13159
2014,8.1,13161
2014,11.2,13163
2014,9.9,13165
2014,8.6,13167
2014,6.3,13169
2014,9.5,13171
2014,8,13173
2014,9.2,13175
2014,6.2,13177
2014,7.6,13179
2014,8.3,13181
2014,7.4,13183
2014,7.2,13185
2014,6.3,13187
2014,9.9,13189
2014,7.8,13191
2014,11.7,13193
2014,6.7,13195
2014,7.7,13197
2014,9.7,13199
2014,6.3,13201
2014,7.8,13205
2014,6.7,13207
2014,10.3,13209
2014,6.5,13211
2014,9.3,13213
2014,8.4,13215
2014,8.2,13217
2014,5,13219
2014,6.6,13221
2014,6.1,13223
2014,9.4,13225
2014,6.6,13227
2014,7.4,13229
2014,7,13231
2014,7.8,13233
2014,7.8,13235
2014,9,13237
2014,8.3,13239
2014,8.1,13241
2014,9.7,13243
2014,8.7,13245
2014,7.8,13247
2014,7.6,13249
2014,10,13251
2014,9.4,13253
2014,9.4,13255
2014,7.6,13257
2014,7.4,13259
2014,9.4,13261
2014,7.8,13263
2014,10.8,13265
2014,6.9,13267
2014,10.2,13269
2014,9.7,13271
2014,8,13273
2014,8.7,13275
2014,7.3,13277
2014,9.8,13279
2014,9.2,13281
2014,10.6,13283
2014,7.3,13285
2014,7.9,13287
2014,11.1,13289
2014,6.6,13291
2014,8.9,13293
2014,7.2,13295
2014,6.4,13297
2014,7.9,13299
2014,9.6,13301
2014,8.1,13303
2014,8.7,13305
2014,8.7,13307
2014,12.3,13309
2014,6.2,13311
2014,7.8,13313
2014,9.1,13315
2014,9.3,13317
2014,8.6,13319
2014,7.8,13321
2014,4.4,15000
2014,5.5,15001
2014,4.1,15003
2014,4.7,15007
2014,4.5,15009
2014,4.8,16000
2014,4.1,16001
2014,10,16003
2014,4.5,16005
2014,4.5,16007
2014,8.1,16009
2014,4.5,16011
2014,4.5,16013
2014,6.5,16015
2014,7.1,16017
2014,4.2,16019
2014,6,16021
2014,5.3,16023
2014,5.4,16025
2014,5.9,16027
2014,4.2,16029
2014,4.2,16031
2014,4.7,16033
2014,9.3,16035
2014,6.8,16037
2014,5.2,16039
2014,3.4,16041
2014,4,16043
2014,5.9,16045
2014,4,16047
2014,7.5,16049
2014,4,16051
2014,4,16053
2014,5.8,16055
2014,4,16057
2014,7.8,16059
2014,4.5,16061
2014,5.7,16063
2014,3.2,16065
2014,4.6,16067
2014,4,16069
2014,3.8,16071
2014,3.6,16073
2014,5.6,16075
2014,4.9,16077
2014,9.9,16079
2014,4,16081
2014,4.3,16083
2014,7.5,16085
2014,6.6,16087
2014,7.1,17000
2014,5.3,17001
2014,10.6,17003
2014,6.5,17005
2014,7.8,17007
2014,4.2,17009
2014,7.3,17011
2014,8.2,17013
2014,6.4,17015
2014,6.9,17017
2014,5.8,17019
2014,7.6,17021
2014,7.1,17023
2014,7.9,17025
2014,5.4,17027
2014,6.7,17029
2014,7.5,17031
2014,6.4,17033
2014,5.9,17035
2014,6.5,17037
2014,6.6,17039
2014,5.8,17041
2014,5.8,17043
2014,7.1,17045
2014,6.7,17047
2014,5.4,17049
2014,7.5,17051
2014,5.9,17053
2014,9.2,17055
2014,8.5,17057
2014,7.1,17059
2014,6.7,17061
2014,8.8,17063
2014,5.9,17065
2014,6.4,17067
2014,8.7,17069
2014,6.3,17071
2014,6.6,17073
2014,6.4,17075
2014,6.4,17077
2014,6.4,17079
2014,7.4,17081
2014,7.1,17083
2014,6.1,17085
2014,9.5,17087
2014,6.8,17089
2014,8,17091
2014,6.5,17093
2014,6.9,17095
2014,6.4,17097
2014,8.1,17099
2014,7.7,17101
2014,6.2,17103
2014,6.4,17105
2014,6.4,17107
2014,6.8,17109
2014,6.6,17111
2014,5.4,17113
2014,8.4,17115
2014,7.4,17117
2014,7,17119
2014,7.6,17121
2014,7,17123
2014,8.5,17125
2014,7.9,17127
2014,5.7,17129
2014,7,17131
2014,5.3,17133
2014,8.7,17135
2014,5.9,17137
2014,5.4,17139
2014,7.4,17141
2014,7.6,17143
2014,8.4,17145
2014,5.5,17147
2014,5.7,17149
2014,8.2,17151
2014,10.3,17153
2014,7.6,17155
2014,6.6,17157
2014,6.4,17159
2014,7,17161
2014,7.8,17163
2014,8.1,17165
2014,6,17167
2014,6.7,17169
2014,6.9,17171
2014,6.7,17173
2014,7.5,17175
2014,7.3,17177
2014,6.7,17179
2014,8.8,17181
2014,8.4,17183
2014,5.9,17185
2014,5.8,17187
2014,4.7,17189
2014,6.6,17191
2014,5.8,17193
2014,6.9,17195
2014,7.6,17197
2014,7.1,17199
2014,8.3,17201
2014,5.5,17203
2014,6,18000
2014,4.6,18001
2014,5.7,18003
2014,4.4,18005
2014,5.4,18007
2014,7.4,18009
2014,4.4,18011
2014,6,18013
2014,5.2,18015
2014,5.8,18017
2014,5.4,18019
2014,6.8,18021
2014,5.1,18023
2014,7.7,18025
2014,4.5,18027
2014,6.6,18029
2014,4.9,18031
2014,5.2,18033
2014,7,18035
2014,4.1,18037
2014,5.1,18039
2014,7.8,18041
2014,5.1,18043
2014,7,18045
2014,6.5,18047
2014,6.3,18049
2014,4.5,18051
2014,6.9,18053
2014,7.9,18055
2014,4.1,18057
2014,5.2,18059
2014,5.6,18061
2014,4.6,18063
2014,6.8,18065
2014,6.3,18067
2014,5.8,18069
2014,5,18071
2014,6.7,18073
2014,5.8,18075
2014,6.1,18077
2014,6.7,18079
2014,5,18081
2014,5.2,18083
2014,4.9,18085
2014,4.5,18087
2014,7.9,18089
2014,7.6,18091
2014,8.1,18093
2014,7.1,18095
2014,6.5,18097
2014,5.5,18099
2014,5.4,18101
2014,6.6,18103
2014,5.7,18105
2014,5.4,18107
2014,5.8,18109
2014,7,18111
2014,5.2,18113
2014,6.9,18115
2014,7.7,18117
2014,8.1,18119
2014,7,18121
2014,5.8,18123
2014,5.1,18125
2014,6.2,18127
2014,4.8,18129
2014,5.4,18131
2014,6.6,18133
2014,6.4,18135
2014,6.6,18137
2014,5.6,18139
2014,6.5,18141
2014,6.8,18143
2014,5.7,18145
2014,5.1,18147
2014,7.2,18149
2014,4.8,18151
2014,7.2,18153
2014,5.9,18155
2014,5,18157
2014,5.2,18159
2014,5.6,18161
2014,5.4,18163
2014,8.6,18165
2014,7.6,18167
2014,5.6,18169
2014,6.1,18171
2014,4.9,18173
2014,6.7,18175
2014,6.5,18177
2014,4.8,18179
2014,5.1,18181
2014,5.2,18183
2014,4.2,19000
2014,4,19001
2014,3.3,19003
2014,5.6,19005
2014,5.7,19007
2014,4.3,19009
2014,4.6,19011
2014,4.9,19013
2014,3.4,19015
2014,3.7,19017
2014,4.6,19019
2014,3.9,19021
2014,4.2,19023
2014,4.8,19025
2014,3.1,19027
2014,4.3,19029
2014,3.8,19031
2014,4.6,19033
2014,5.1,19035
2014,4.7,19037
2014,4.5,19039
2014,4.2,19041
2014,5,19043
2014,5.2,19045
2014,4.1,19047
2014,3.3,19049
2014,5.1,19051
2014,3.8,19053
2014,3.8,19055
2014,5,19057
2014,4.7,19059
2014,4.1,19061
2014,3.9,19063
2014,5,19065
2014,4.5,19067
2014,3.9,19069
2014,3.9,19071
2014,4,19073
2014,4.2,19075
2014,4.4,19077
2014,4.5,19079
2014,3.3,19081
2014,4.3,19083
2014,4,19085
2014,4.4,19087
2014,4,19089
2014,3.8,19091
2014,3.6,19093
2014,4.2,19095
2014,5,19097
2014,4.4,19099
2014,4.3,19101
2014,3.1,19103
2014,4.9,19105
2014,4.4,19107
2014,3.2,19109
2014,5.9,19111
2014,4.4,19113
2014,4.5,19115
2014,3.9,19117
2014,2.5,19119
2014,4.5,19121
2014,4.4,19123
2014,3.8,19125
2014,5.4,19127
2014,4.4,19129
2014,3.5,19131
2014,5,19133
2014,5,19135
2014,4.1,19137
2014,4.5,19139
2014,3.2,19141
2014,3.3,19143
2014,4.4,19145
2014,3.6,19147
2014,3.4,19149
2014,3.5,19151
2014,4.2,19153
2014,4.3,19155
2014,4.2,19157
2014,3.9,19159
2014,3.9,19161
2014,5.2,19163
2014,3.1,19165
2014,2.9,19167
2014,2.9,19169
2014,5.3,19171
2014,3.7,19173
2014,4.7,19175
2014,4.5,19177
2014,5.5,19179
2014,3.9,19181
2014,3.6,19183
2014,5,19185
2014,4.8,19187
2014,4.2,19189
2014,4.2,19191
2014,4.4,19193
2014,4.5,19195
2014,4.1,19197
2014,4.5,20000
2014,5.1,20001
2014,5.2,20003
2014,6.5,20005
2014,3.1,20007
2014,3.6,20009
2014,5.3,20011
2014,4.1,20013
2014,4.9,20015
2014,4.1,20017
2014,5.4,20019
2014,5,20021
2014,3.1,20023
2014,2.6,20025
2014,4.4,20027
2014,4.2,20029
2014,5.7,20031
2014,3.1,20033
2014,4.6,20035
2014,5.4,20037
2014,3.5,20039
2014,5.1,20041
2014,4.5,20043
2014,4.1,20045
2014,3.3,20047
2014,5.1,20049
2014,2.8,20051
2014,3,20053
2014,3.4,20055
2014,3.8,20057
2014,5.1,20059
2014,7.3,20061
2014,2.6,20063
2014,3.3,20065
2014,3.4,20067
2014,2.7,20069
2014,2.1,20071
2014,4.5,20073
2014,2.3,20075
2014,3.7,20077
2014,4.3,20079
2014,2.6,20081
2014,3.4,20083
2014,4.1,20085
2014,4.8,20087
2014,3.9,20089
2014,3.8,20091
2014,3.1,20093
2014,4,20095
2014,3.3,20097
2014,5.8,20099
2014,3.2,20101
2014,5,20103
2014,4.1,20105
2014,7.5,20107
2014,2.2,20109
2014,5.1,20111
2014,3.2,20113
2014,4.1,20115
2014,3.2,20117
2014,2.6,20119
2014,4.7,20121
2014,3.3,20123
2014,5.7,20125
2014,4.4,20127
2014,4,20129
2014,2.9,20131
2014,7.5,20133
2014,2.7,20135
2014,2.4,20137
2014,5.4,20139
2014,3.7,20141
2014,4.1,20143
2014,3.8,20145
2014,3.5,20147
2014,3.9,20149
2014,3.3,20151
2014,2.4,20153
2014,4.4,20155
2014,3,20157
2014,3.5,20159
2014,3.7,20161
2014,3.6,20163
2014,3.5,20165
2014,3.5,20167
2014,4.2,20169
2014,2.7,20171
2014,5.4,20173
2014,3.5,20175
2014,4.8,20177
2014,2.6,20179
2014,3.2,20181
2014,3.1,20183
2014,3.8,20185
2014,3.3,20187
2014,3,20189
2014,4.8,20191
2014,2.9,20193
2014,3.1,20195
2014,4.1,20197
2014,2.6,20199
2014,3.2,20201
2014,2.8,20203
2014,6.9,20205
2014,5.3,20207
2014,6.9,20209
2014,6.5,21000
2014,8.7,21001
2014,5.9,21003
2014,5.2,21005
2014,8,21007
2014,6.3,21009
2014,8.9,21011
2014,10.1,21013
2014,5.2,21015
2014,5.6,21017
2014,7.5,21019
2014,6.9,21021
2014,7.9,21023
2014,11.4,21025
2014,7.2,21027
2014,5.8,21029
2014,7.5,21031
2014,6.5,21033
2014,5.8,21035
2014,5.2,21037
2014,6,21039
2014,7.1,21041
2014,10.7,21043
2014,6.8,21045
2014,7.6,21047
2014,6.1,21049
2014,11.2,21051
2014,9,21053
2014,6.2,21055
2014,7.6,21057
2014,5.7,21059
2014,8.3,21061
2014,11.3,21063
2014,7.5,21065
2014,4.8,21067
2014,7.7,21069
2014,10.3,21071
2014,5.3,21073
2014,8.3,21075
2014,7,21077
2014,6.5,21079
2014,6.5,21081
2014,7.5,21083
2014,8.4,21085
2014,6.5,21087
2014,8.5,21089
2014,6,21091
2014,6.2,21093
2014,13.9,21095
2014,6,21097
2014,6.3,21099
2014,6.1,21101
2014,5.8,21103
2014,6.2,21105
2014,6.4,21107
2014,11.5,21109
2014,6,21111
2014,5.2,21113
2014,9.2,21115
2014,5.5,21117
2014,11.1,21119
2014,9.9,21121
2014,6.6,21123
2014,7.6,21125
2014,9.6,21127
2014,9.7,21129
2014,12.8,21131
2014,12.3,21133
2014,9.6,21135
2014,8.8,21137
2014,8.2,21139
2014,5.7,21141
2014,7,21143
2014,7,21145
2014,10.6,21147
2014,6.4,21149
2014,5.4,21151
2014,14,21153
2014,6.4,21155
2014,6.7,21157
2014,9.1,21159
2014,7.9,21161
2014,7.1,21163
2014,9.8,21165
2014,6.2,21167
2014,6.1,21169
2014,5.5,21171
2014,7.5,21173
2014,9.4,21175
2014,7.6,21177
2014,6.1,21179
2014,7.7,21181
2014,7.7,21183
2014,4.7,21185
2014,5,21187
2014,10.4,21189
2014,6.7,21191
2014,10.3,21193
2014,10.5,21195
2014,8.5,21197
2014,7.3,21199
2014,7.8,21201
2014,7.6,21203
2014,7,21205
2014,10.2,21207
2014,4.9,21209
2014,5,21211
2014,5.9,21213
2014,5.3,21215
2014,7.7,21217
2014,5.4,21219
2014,7.1,21221
2014,7.3,21223
2014,6.4,21225
2014,5.6,21227
2014,5.4,21229
2014,9.7,21231
2014,5.5,21233
2014,8.7,21235
2014,11.3,21237
2014,4.5,21239
2014,6.4,22000
2014,5.8,22001
2014,7.2,22003
2014,5.3,22005
2014,7.7,22007
2014,7.2,22009
2014,6.8,22011
2014,7.9,22013
2014,5.7,22015
2014,7.4,22017
2014,5.9,22019
2014,7.7,22021
2014,4.9,22023
2014,8.1,22025
2014,7.4,22027
2014,8.6,22029
2014,8.1,22031
2014,5.7,22033
2014,14.6,22035
2014,6.4,22037
2014,6.8,22039
2014,9.4,22041
2014,7.1,22043
2014,6.3,22045
2014,7.8,22047
2014,5.9,22049
2014,6,22051
2014,5.9,22053
2014,4.9,22055
2014,4.8,22057
2014,5.2,22059
2014,7.5,22061
2014,5.5,22063
2014,11.1,22065
2014,11.2,22067
2014,7.8,22069
2014,6.9,22071
2014,7,22073
2014,5.7,22075
2014,7,22077
2014,6.7,22079
2014,7.2,22081
2014,8.7,22083
2014,6.5,22085
2014,6.9,22087
2014,6.1,22089
2014,10,22091
2014,8.6,22093
2014,8,22095
2014,7.6,22097
2014,5.7,22099
2014,6.3,22101
2014,5.7,22103
2014,7.6,22105
2014,9.4,22107
2014,4.8,22109
2014,7.5,22111
2014,5.6,22113
2014,8.5,22115
2014,7.9,22117
2014,8.7,22119
2014,5.8,22121
2014,13,22123
2014,5.7,22125
2014,7.5,22127
2014,5.6,23000
2014,5.4,23001
2014,7.6,23003
2014,4.4,23005
2014,6.5,23007
2014,6.8,23009
2014,5.4,23011
2014,5.1,23013
2014,5.9,23015
2014,7,23017
2014,6.1,23019
2014,7.3,23021
2014,4.5,23023
2014,7.8,23025
2014,6,23027
2014,8.1,23029
2014,5.1,23031
2014,5.8,24000
2014,7.6,24001
2014,5.1,24003
2014,6.1,24005
2014,5.3,24009
2014,6.3,24011
2014,4.8,24013
2014,6.6,24015
2014,5.7,24017
2014,8.4,24019
2014,5,24021
2014,7.1,24023
2014,5.7,24025
2014,4.3,24027
2014,6.4,24029
2014,4.4,24031
2014,6.1,24033
2014,5.1,24035
2014,5.4,24037
2014,9.4,24039
2014,5.5,24041
2014,6.5,24043
2014,7.7,24045
2014,11.5,24047
2014,8.6,24510
2014,5.7,25000
2014,7.2,25001
2014,6.6,25003
2014,7.4,25005
2014,7.9,25007
2014,6,25009
2014,5.3,25011
2014,7.6,25013
2014,5.3,25015
2014,4.7,25017
2014,6.2,25019
2014,5,25021
2014,6,25023
2014,5.3,25025
2014,6.1,25027
2014,7.2,26000
2014,10.6,26001
2014,10.4,26003
2014,5.4,26005
2014,8,26007
2014,9.5,26009
2014,11.1,26011
2014,11.3,26013
2014,5.4,26015
2014,7.2,26017
2014,8.7,26019
2014,6.8,26021
2014,6.7,26023
2014,6.3,26025
2014,6.7,26027
2014,8.2,26029
2014,10.7,26031
2014,9.5,26033
2014,9.9,26035
2014,5.1,26037
2014,9.5,26039
2014,8.5,26041
2014,6.8,26043
2014,5.7,26045
2014,9.6,26047
2014,7.9,26049
2014,9.3,26051
2014,8.9,26053
2014,6,26055
2014,7.1,26057
2014,7,26059
2014,7.7,26061
2014,6.9,26063
2014,6.2,26065
2014,6.2,26067
2014,9.7,26069
2014,8.7,26071
2014,5.9,26073
2014,6.7,26075
2014,5.6,26077
2014,9.4,26079
2014,5,26081
2014,11.1,26083
2014,11.2,26085
2014,9.6,26087
2014,6.7,26089
2014,6.4,26091
2014,6.3,26093
2014,8.5,26095
2014,11.2,26097
2014,7.9,26099
2014,8.5,26101
2014,7,26103
2014,7.5,26105
2014,7.9,26107
2014,6.9,26109
2014,6.1,26111
2014,7.8,26113
2014,6.1,26115
2014,7.6,26117
2014,13,26119
2014,7.7,26121
2014,7.2,26123
2014,6.5,26125
2014,10,26127
2014,9.8,26129
2014,11.4,26131
2014,8.5,26133
2014,11.8,26135
2014,8.1,26137
2014,4.8,26139
2014,12.8,26141
2014,11.5,26143
2014,7.5,26145
2014,9.6,26147
2014,5.8,26149
2014,8.5,26151
2014,11,26153
2014,7.5,26155
2014,8.6,26157
2014,8.1,26159
2014,4.9,26161
2014,9.6,26163
2014,8.6,26165
2014,4.2,27000
2014,6.7,27001
2014,4.1,27003
2014,4.8,27005
2014,5.3,27007
2014,5.1,27009
2014,4.4,27011
2014,3.4,27013
2014,4.6,27015
2014,5.2,27017
2014,3.6,27019
2014,7.1,27021
2014,4.5,27023
2014,4.7,27025
2014,3.4,27027
2014,10.5,27029
2014,5.6,27031
2014,5.2,27033
2014,5.9,27035
2014,3.8,27037
2014,4.2,27039
2014,3.7,27041
2014,5.2,27043
2014,4.4,27045
2014,4.3,27047
2014,3.9,27049
2014,5,27051
2014,3.8,27053
2014,4.4,27055
2014,6.4,27057
2014,5.1,27059
2014,6.6,27061
2014,4.2,27063
2014,7.4,27065
2014,4.2,27067
2014,4.9,27069
2014,8.5,27071
2014,4.8,27073
2014,4.6,27075
2014,4.8,27077
2014,5.4,27079
2014,4.3,27081
2014,3.6,27083
2014,4.6,27085
2014,5.6,27087
2014,6.8,27089
2014,4.7,27091
2014,4.6,27093
2014,6.7,27095
2014,6.2,27097
2014,3.8,27099
2014,4.9,27101
2014,3.1,27103
2014,3.4,27105
2014,5,27107
2014,3.4,27109
2014,4.5,27111
2014,5.2,27113
2014,6.1,27115
2014,3.8,27117
2014,4.6,27119
2014,3.6,27121
2014,4,27123
2014,5.8,27125
2014,4.4,27127
2014,5.5,27129
2014,4.1,27131
2014,2.5,27133
2014,3.7,27135
2014,5.1,27137
2014,3.6,27139
2014,4.5,27141
2014,4.6,27143
2014,4.1,27145
2014,3.8,27147
2014,3.3,27149
2014,4.8,27151
2014,4.7,27153
2014,4.6,27155
2014,4,27157
2014,6.2,27159
2014,4.8,27161
2014,3.6,27163
2014,4.9,27165
2014,3.4,27167
2014,3.7,27169
2014,4.2,27171
2014,4.1,27173
2014,7.5,28000
2014,8.3,28001
2014,6.6,28003
2014,8,28005
2014,8.7,28007
2014,9.3,28009
2014,9.5,28011
2014,7.4,28013
2014,9.4,28015
2014,9.7,28017
2014,8.1,28019
2014,14.6,28021
2014,9,28023
2014,13.2,28025
2014,11.7,28027
2014,8.8,28029
2014,6.6,28031
2014,5.3,28033
2014,7.4,28035
2014,8.3,28037
2014,8.2,28039
2014,8.9,28041
2014,7.2,28043
2014,7.2,28045
2014,6.7,28047
2014,7.2,28049
2014,14.9,28051
2014,15.8,28053
2014,17.3,28055
2014,7.1,28057
2014,8,28059
2014,8.5,28061
2014,16,28063
2014,10.2,28065
2014,6.2,28067
2014,12.7,28069
2014,6.4,28071
2014,5.1,28073
2014,7.5,28075
2014,8.3,28077
2014,7.1,28079
2014,7.2,28081
2014,12.6,28083
2014,6.6,28085
2014,8.7,28087
2014,5.2,28089
2014,8.2,28091
2014,8.6,28093
2014,10,28095
2014,9.2,28097
2014,6.8,28099
2014,6.6,28101
2014,12.5,28103
2014,7.2,28105
2014,10.5,28107
2014,6.7,28109
2014,9.1,28111
2014,8.2,28113
2014,6.8,28115
2014,7.5,28117
2014,13,28119
2014,4.6,28121
2014,5.5,28123
2014,11,28125
2014,6.4,28127
2014,5.8,28129
2014,8.5,28131
2014,12.5,28133
2014,9.2,28135
2014,8.5,28137
2014,8.3,28139
2014,7.7,28141
2014,11.7,28143
2014,6.1,28145
2014,9.4,28147
2014,7.6,28149
2014,12.5,28151
2014,8.8,28153
2014,8.5,28155
2014,11.4,28157
2014,9.9,28159
2014,9.2,28161
2014,9.9,28163
2014,6.1,29000
2014,6.5,29001
2014,5.2,29003
2014,5.4,29005
2014,5.6,29007
2014,6.1,29009
2014,6.3,29011
2014,7.1,29013
2014,7.8,29015
2014,6.8,29017
2014,4.2,29019
2014,5.7,29021
2014,7,29023
2014,5.5,29025
2014,5.6,29027
2014,8.1,29029
2014,5.5,29031
2014,7.2,29033
2014,9,29035
2014,5.7,29037
2014,6.4,29039
2014,5.8,29041
2014,4.9,29043
2014,6.9,29045
2014,5.4,29047
2014,5.9,29049
2014,5,29051
2014,6,29053
2014,8,29055
2014,6,29057
2014,7.6,29059
2014,5.8,29061
2014,5.4,29063
2014,6.8,29065
2014,7.7,29067
2014,9.1,29069
2014,6.5,29071
2014,5.3,29073
2014,5.7,29075
2014,4.9,29077
2014,5.3,29079
2014,6.6,29081
2014,6.5,29083
2014,8.4,29085
2014,4.9,29087
2014,5.4,29089
2014,7.1,29091
2014,9.9,29093
2014,7.1,29095
2014,5.3,29097
2014,6.2,29099
2014,6.4,29101
2014,4.6,29103
2014,8.1,29105
2014,6,29107
2014,5.9,29109
2014,5.2,29111
2014,6.5,29113
2014,8.2,29115
2014,5,29117
2014,5.8,29119
2014,6.1,29121
2014,6.9,29123
2014,6.2,29125
2014,5.5,29127
2014,5.1,29129
2014,7.7,29131
2014,7.3,29133
2014,6,29135
2014,6.4,29137
2014,5.9,29139
2014,8.7,29141
2014,7.4,29143
2014,5.4,29145
2014,6.8,29147
2014,7.5,29149
2014,4.7,29151
2014,9,29153
2014,9.3,29155
2014,5.4,29157
2014,6.1,29159
2014,6.5,29161
2014,5.7,29163
2014,5.1,29165
2014,6.4,29167
2014,7.3,29169
2014,5.1,29171
2014,5.3,29173
2014,7.1,29175
2014,6.8,29177
2014,8.4,29179
2014,8.2,29181
2014,4.8,29183
2014,7.7,29185
2014,6.6,29186
2014,7.6,29187
2014,5.8,29189
2014,5.6,29195
2014,7.4,29197
2014,4.8,29199
2014,6.6,29201
2014,9.4,29203
2014,6,29205
2014,7.8,29207
2014,9.7,29209
2014,6.6,29211
2014,9.8,29213
2014,7.9,29215
2014,5.6,29217
2014,6.2,29219
2014,8.6,29221
2014,7.4,29223
2014,6,29225
2014,4.1,29227
2014,7.3,29229
2014,7.6,29510
2014,4.7,30000
2014,3.7,30001
2014,10,30003
2014,5.8,30005
2014,5.4,30007
2014,3.9,30009
2014,3.2,30011
2014,4.3,30013
2014,3.2,30015
2014,3.2,30017
2014,3,30019
2014,2.6,30021
2014,4.4,30023
2014,1.9,30025
2014,4.3,30027
2014,6.5,30029
2014,3.5,30031
2014,2.7,30033
2014,10.5,30035
2014,4.6,30037
2014,6.8,30039
2014,5.8,30041
2014,4.6,30043
2014,4.2,30045
2014,5.6,30047
2014,3.7,30049
2014,3.1,30051
2014,11.2,30053
2014,2.3,30055
2014,4.6,30057
2014,4.3,30059
2014,9.1,30061
2014,4.4,30063
2014,4.1,30065
2014,5.6,30067
2014,4.2,30069
2014,5.3,30071
2014,4.9,30073
2014,3.1,30075
2014,5,30077
2014,4.3,30079
2014,6,30081
2014,2.4,30083
2014,5.2,30085
2014,5.7,30087
2014,9.3,30089
2014,2.6,30091
2014,4.9,30093
2014,3.7,30095
2014,3.5,30097
2014,3.8,30099
2014,3,30101
2014,4,30103
2014,3,30105
2014,5,30107
2014,2.9,30109
2014,3.7,30111
2014,3.3,31000
2014,3.4,31001
2014,2.7,31003
2014,5.4,31005
2014,3.7,31007
2014,4.4,31009
2014,2.6,31011
2014,3.1,31013
2014,3.3,31015
2014,3.5,31017
2014,2.8,31019
2014,3.9,31021
2014,3,31023
2014,3.7,31025
2014,2.3,31027
2014,2,31029
2014,2.4,31031
2014,2.2,31033
2014,3.3,31035
2014,3,31037
2014,2.6,31039
2014,2.4,31041
2014,3.7,31043
2014,2.9,31045
2014,3.5,31047
2014,2.8,31049
2014,3,31051
2014,3.6,31053
2014,3.6,31055
2014,2.3,31057
2014,2.4,31059
2014,3.2,31061
2014,2.8,31063
2014,2.9,31065
2014,4.1,31067
2014,2.9,31069
2014,2.6,31071
2014,3,31073
2014,2.3,31075
2014,3.2,31077
2014,3.9,31079
2014,3,31081
2014,2.6,31083
2014,2.9,31085
2014,3.4,31087
2014,2.7,31089
2014,4.3,31091
2014,3.7,31093
2014,3.1,31095
2014,3.8,31097
2014,2.4,31099
2014,2.9,31101
2014,2.7,31103
2014,2.5,31105
2014,3.1,31107
2014,3,31109
2014,3.3,31111
2014,3,31113
2014,3.9,31115
2014,2.3,31117
2014,2.9,31119
2014,3.8,31121
2014,3,31123
2014,2.7,31125
2014,3.9,31127
2014,2.8,31129
2014,3.7,31131
2014,2.8,31133
2014,2.1,31135
2014,2.6,31137
2014,2.9,31139
2014,3,31141
2014,3.2,31143
2014,2.6,31145
2014,3.7,31147
2014,2.6,31149
2014,3.4,31151
2014,3.1,31153
2014,3.5,31155
2014,3.6,31157
2014,3.1,31159
2014,2.6,31161
2014,3.3,31163
2014,2.5,31165
2014,2.8,31167
2014,2.5,31169
2014,3.5,31171
2014,6.1,31173
2014,3,31175
2014,3.2,31177
2014,2.8,31179
2014,3.4,31181
2014,2.9,31183
2014,3.2,31185
2014,7.9,32000
2014,7.8,32001
2014,8,32003
2014,8,32005
2014,5.6,32007
2014,4.4,32009
2014,6,32011
2014,6.5,32013
2014,6.7,32015
2014,7.4,32017
2014,10.4,32019
2014,10.9,32021
2014,9.7,32023
2014,7.3,32027
2014,9.1,32029
2014,7.6,32031
2014,6.1,32033
2014,8.6,32510
2014,4.3,33000
2014,4.2,33001
2014,4.2,33003
2014,4,33005
2014,5.7,33007
2014,3.4,33009
2014,4.5,33011
2014,3.8,33013
2014,4.6,33015
2014,4,33017
2014,3.5,33019
2014,6.8,34000
2014,10.6,34001
2014,5.4,34003
2014,6.4,34005
2014,7.7,34007
2014,12.2,34009
2014,9.9,34011
2014,8,34013
2014,7.3,34015
2014,6.4,34017
2014,4.9,34019
2014,5.9,34021
2014,6.1,34023
2014,6.1,34025
2014,5,34027
2014,7.4,34029
2014,8.3,34031
2014,8.5,34033
2014,5.2,34035
2014,6.4,34037
2014,7,34039
2014,6.3,34041
2014,6.7,35000
2014,6.2,35001
2014,8.4,35003
2014,6.1,35005
2014,8.6,35006
2014,6.3,35007
2014,5.1,35009
2014,4.7,35011
2014,7.3,35013
2014,4.4,35015
2014,6.6,35017
2014,7.7,35019
2014,5,35021
2014,7.1,35023
2014,4.4,35025
2014,6,35027
2014,4.1,35028
2014,18.1,35029
2014,10.1,35031
2014,11,35033
2014,6.3,35035
2014,6.6,35037
2014,8.8,35039
2014,5.5,35041
2014,7.2,35043
2014,6.4,35045
2014,8.1,35047
2014,5.4,35049
2014,9.2,35051
2014,7.4,35053
2014,9.9,35055
2014,9.8,35057
2014,4.6,35059
2014,7.9,35061
2014,6.3,36000
2014,4.9,36001
2014,6.2,36003
2014,9.8,36005
2014,6.6,36007
2014,7,36009
2014,6,36011
2014,6.8,36013
2014,6.3,36015
2014,6.2,36017
2014,6.6,36019
2014,4.7,36021
2014,6.5,36023
2014,6.6,36025
2014,5.3,36027
2014,6.1,36029
2014,6.9,36031
2014,7.3,36033
2014,7.7,36035
2014,5.5,36037
2014,6.8,36039
2014,7.5,36041
2014,6.8,36043
2014,7.6,36045
2014,7.6,36047
2014,7.9,36049
2014,5.8,36051
2014,6.4,36053
2014,5.8,36055
2014,7.5,36057
2014,4.8,36059
2014,6.1,36061
2014,7,36063
2014,6.1,36065
2014,5.6,36067
2014,5.2,36069
2014,5.5,36071
2014,7.7,36073
2014,8.1,36075
2014,5.7,36077
2014,4.9,36079
2014,6.4,36081
2014,5.4,36083
2014,7.4,36085
2014,5.2,36087
2014,7.8,36089
2014,4.7,36091
2014,5.4,36093
2014,6.7,36095
2014,7,36097
2014,5.6,36099
2014,6.9,36101
2014,5.4,36103
2014,6.6,36105
2014,6.1,36107
2014,4.4,36109
2014,5.7,36111
2014,6.6,36113
2014,6.1,36115
2014,6.2,36117
2014,5.1,36119
2014,6.5,36121
2014,5.7,36123
2014,6.3,37000
2014,5.7,37001
2014,5.6,37003
2014,6.8,37005
2014,7.1,37007
2014,6.9,37009
2014,6.5,37011
2014,7.4,37013
2014,7.9,37015
2014,9.4,37017
2014,7.9,37019
2014,4.7,37021
2014,6.2,37023
2014,5.8,37025
2014,7.3,37027
2014,6.1,37029
2014,6.2,37031
2014,7.2,37033
2014,6.4,37035
2014,4.9,37037
2014,7.1,37039
2014,7.9,37041
2014,6.6,37043
2014,7.3,37045
2014,8.5,37047
2014,6.9,37049
2014,8.1,37051
2014,6.3,37053
2014,8.4,37055
2014,6.3,37057
2014,5.9,37059
2014,6.4,37061
2014,5.1,37063
2014,10.3,37065
2014,6,37067
2014,6.5,37069
2014,6.8,37071
2014,5.9,37073
2014,13.4,37075
2014,5.4,37077
2014,6.2,37079
2014,6.6,37081
2014,9.7,37083
2014,7.4,37085
2014,5.8,37087
2014,5.1,37089
2014,7.4,37091
2014,8.4,37093
2014,9.2,37095
2014,6.3,37097
2014,6.7,37099
2014,5.7,37101
2014,6.6,37103
2014,8.2,37105
2014,7.2,37107
2014,6.2,37109
2014,6.4,37111
2014,6.6,37113
2014,6.2,37115
2014,7.8,37117
2014,6,37119
2014,7.7,37121
2014,6.4,37123
2014,6.1,37125
2014,8,37127
2014,5.9,37129
2014,8.1,37131
2014,6.1,37133
2014,4.6,37135
2014,6.6,37137
2014,8.1,37139
2014,7.1,37141
2014,7.8,37143
2014,7.8,37145
2014,6.5,37147
2014,5.4,37149
2014,6.6,37151
2014,9,37153
2014,9.5,37155
2014,7.5,37157
2014,7.1,37159
2014,8.6,37161
2014,6.5,37163
2014,12,37165
2014,6.1,37167
2014,6.1,37169
2014,6.2,37171
2014,9,37173
2014,5.9,37175
2014,10,37177
2014,5.3,37179
2014,9.3,37181
2014,4.9,37183
2014,8.9,37185
2014,9.6,37187
2014,5.2,37189
2014,6.4,37191
2014,6.6,37193
2014,9.5,37195
2014,5.7,37197
2014,6.8,37199
2014,2.7,38000
2014,2.7,38001
2014,3.1,38003
2014,6.5,38005
2014,2.9,38007
2014,3.4,38009
2014,1.8,38011
2014,2.5,38013
2014,2.4,38015
2014,2.4,38017
2014,2.9,38019
2014,2,38021
2014,1.5,38023
2014,1.3,38025
2014,5.5,38027
2014,5.6,38029
2014,3,38031
2014,2.1,38033
2014,2.8,38035
2014,2.8,38037
2014,2.4,38039
2014,2.1,38041
2014,3.9,38043
2014,2.4,38045
2014,3,38047
2014,4.2,38049
2014,3,38051
2014,1.5,38053
2014,4,38055
2014,3.9,38057
2014,3.3,38059
2014,1.3,38061
2014,3.7,38063
2014,6.4,38065
2014,5.6,38067
2014,4.2,38069
2014,3.5,38071
2014,2.8,38073
2014,2.6,38075
2014,3,38077
2014,11.4,38079
2014,2.2,38081
2014,4.8,38083
2014,4.6,38085
2014,2,38087
2014,1.6,38089
2014,2.2,38091
2014,2.8,38093
2014,3.5,38095
2014,2.6,38097
2014,4.6,38099
2014,2.6,38101
2014,4.3,38103
2014,1.2,38105
2014,5.8,39000
2014,9.2,39001
2014,5.8,39003
2014,6,39005
2014,7.2,39007
2014,6.9,39009
2014,4.3,39011
2014,6.7,39013
2014,7.5,39015
2014,5.6,39017
2014,6.2,39019
2014,5.1,39021
2014,5.8,39023
2014,5.5,39025
2014,7.7,39027
2014,6.5,39029
2014,7.6,39031
2014,6.7,39033
2014,6.2,39035
2014,5.3,39037
2014,5.5,39039
2014,4.1,39041
2014,6.4,39043
2014,5.2,39045
2014,6,39047
2014,4.9,39049
2014,5.9,39051
2014,7.7,39053
2014,5,39055
2014,5.3,39057
2014,6.7,39059
2014,5.5,39061
2014,4.5,39063
2014,5.7,39065
2014,6.1,39067
2014,6.5,39069
2014,7.8,39071
2014,6.5,39073
2014,4,39075
2014,8,39077
2014,8.8,39079
2014,8.2,39081
2014,5.3,39083
2014,5.5,39085
2014,6.7,39087
2014,5.3,39089
2014,5,39091
2014,6.4,39093
2014,6.4,39095
2014,4.8,39097
2014,6.7,39099
2014,6,39101
2014,5,39103
2014,9,39105
2014,3.8,39107
2014,5.4,39109
2014,11,39111
2014,6.2,39113
2014,7.8,39115
2014,6,39117
2014,7.1,39119
2014,7.6,39121
2014,7.7,39123
2014,5.5,39125
2014,7.4,39127
2014,5.7,39129
2014,9.1,39131
2014,5.9,39133
2014,5.7,39135
2014,4.6,39137
2014,6.6,39139
2014,6.4,39141
2014,5.7,39143
2014,8.8,39145
2014,5.8,39147
2014,5.1,39149
2014,5.8,39151
2014,5.9,39153
2014,7.3,39155
2014,5.6,39157
2014,4.5,39159
2014,4.9,39161
2014,8,39163
2014,5,39165
2014,6.4,39167
2014,4.7,39169
2014,5.5,39171
2014,5.2,39173
2014,4.4,39175
2014,4.5,40000
2014,8,40001
2014,2.5,40003
2014,6.1,40005
2014,2.8,40007
2014,2.8,40009
2014,3.5,40011
2014,4.8,40013
2014,5.4,40015
2014,3.5,40017
2014,4.4,40019
2014,6,40021
2014,8.3,40023
2014,2.8,40025
2014,3.7,40027
2014,6.7,40029
2014,4.7,40031
2014,4.6,40033
2014,5.5,40035
2014,5,40037
2014,3.1,40039
2014,5.8,40041
2014,3.1,40043
2014,3,40045
2014,3.6,40047
2014,4.1,40049
2014,4,40051
2014,2.6,40053
2014,4.6,40055
2014,4.1,40057
2014,2.7,40059
2014,7.4,40061
2014,7,40063
2014,4.3,40065
2014,4.6,40067
2014,7,40069
2014,5.7,40071
2014,3.1,40073
2014,4.1,40075
2014,7.4,40077
2014,6.9,40079
2014,4.5,40081
2014,4,40083
2014,3.6,40085
2014,3.7,40087
2014,8.1,40089
2014,9.2,40091
2014,2.6,40093
2014,4.8,40095
2014,4.9,40097
2014,4.2,40099
2014,5.7,40101
2014,3.7,40103
2014,6.1,40105
2014,6,40107
2014,4.2,40109
2014,6.8,40111
2014,5.1,40113
2014,6.8,40115
2014,5.3,40117
2014,3.7,40119
2014,6.1,40121
2014,4.3,40123
2014,4.7,40125
2014,7.5,40127
2014,2.8,40129
2014,4.2,40131
2014,6.8,40133
2014,6.8,40135
2014,4.5,40137
2014,3.7,40139
2014,4.6,40141
2014,4.3,40143
2014,4.2,40145
2014,4.2,40147
2014,3.4,40149
2014,2.7,40151
2014,3.1,40153
2014,6.8,41000
2014,8.3,41001
2014,5.1,41003
2014,6.1,41005
2014,6.6,41007
2014,8.4,41009
2014,9,41011
2014,9.8,41013
2014,10.1,41015
2014,7.7,41017
2014,9.1,41019
2014,8,41021
2014,10.5,41023
2014,9.6,41025
2014,5.4,41027
2014,8.4,41029
2014,8.9,41031
2014,9.4,41033
2014,9.3,41035
2014,9.6,41037
2014,6.9,41039
2014,7.8,41041
2014,8.1,41043
2014,7.9,41045
2014,7.4,41047
2014,6.9,41049
2014,5.9,41051
2014,6.8,41053
2014,7.5,41055
2014,6.9,41057
2014,7.7,41059
2014,7.2,41061
2014,10,41063
2014,6.6,41065
2014,5.6,41067
2014,6.2,41069
2014,6.4,41071
2014,5.9,42000
2014,4.6,42001
2014,5.4,42003
2014,6.4,42005
2014,6.5,42007
2014,6.6,42009
2014,5.5,42011
2014,5.7,42013
2014,5.4,42015
2014,5.2,42017
2014,5.1,42019
2014,7,42021
2014,7,42023
2014,7.1,42025
2014,4.3,42027
2014,4.2,42029
2014,6.3,42031
2014,7.2,42033
2014,7.3,42035
2014,6.2,42037
2014,5.8,42039
2014,4.5,42041
2014,5.3,42043
2014,5.5,42045
2014,5.1,42047
2014,6.2,42049
2014,7.9,42051
2014,8,42053
2014,5.4,42055
2014,7.1,42057
2014,5.6,42059
2014,7.9,42061
2014,6.1,42063
2014,6.4,42065
2014,5.6,42067
2014,6.6,42069
2014,4.6,42071
2014,6.2,42073
2014,5,42075
2014,6.1,42077
2014,7.3,42079
2014,6.1,42081
2014,6.4,42083
2014,5.9,42085
2014,6.4,42087
2014,7.5,42089
2014,4.7,42091
2014,4.7,42093
2014,5.9,42095
2014,6.7,42097
2014,5.2,42099
2014,8.1,42101
2014,7.6,42103
2014,7.4,42105
2014,7.1,42107
2014,5.2,42109
2014,7.3,42111
2014,6.1,42113
2014,5.9,42115
2014,6.9,42117
2014,5,42119
2014,5.9,42121
2014,5.3,42123
2014,5.8,42125
2014,6.4,42127
2014,5.7,42129
2014,6.7,42131
2014,5.4,42133
2014,7.7,44000
2014,6.7,44001
2014,7.2,44003
2014,6.9,44005
2014,8.1,44007
2014,7.2,44009
2014,6.5,45000
2014,7.7,45001
2014,6.5,45003
2014,12.2,45005
2014,6,45007
2014,11.6,45009
2014,9.7,45011
2014,5.7,45013
2014,6,45015
2014,8,45017
2014,5.2,45019
2014,8.3,45021
2014,9.7,45023
2014,6.9,45025
2014,8.4,45027
2014,7.6,45029
2014,8,45031
2014,9.7,45033
2014,5.8,45035
2014,6.7,45037
2014,8.7,45039
2014,7.2,45041
2014,8.6,45043
2014,5.3,45045
2014,6.9,45047
2014,7.7,45049
2014,7.4,45051
2014,5.7,45053
2014,6.5,45055
2014,7.2,45057
2014,7.1,45059
2014,9.1,45061
2014,5.1,45063
2014,7.9,45065
2014,10.6,45067
2014,10.6,45069
2014,5.7,45071
2014,6.3,45073
2014,11.4,45075
2014,6.3,45077
2014,6,45079
2014,5.7,45081
2014,6.4,45083
2014,7.3,45085
2014,8.6,45087
2014,10,45089
2014,6.3,45091
2014,3.4,46000
2014,2.6,46003
2014,3.1,46005
2014,5.5,46007
2014,2.8,46009
2014,3.2,46011
2014,2.9,46013
2014,3.3,46015
2014,7.8,46017
2014,3.4,46019
2014,3.3,46021
2014,3.8,46023
2014,3.9,46025
2014,3.5,46027
2014,3.3,46029
2014,5.8,46031
2014,4.6,46033
2014,2.8,46035
2014,5.3,46037
2014,5.4,46039
2014,14.5,46041
2014,2.9,46043
2014,2.6,46045
2014,4.7,46047
2014,3.2,46049
2014,3.6,46051
2014,3.4,46053
2014,2.8,46055
2014,3.5,46057
2014,2.6,46059
2014,3.5,46061
2014,2.3,46063
2014,2.6,46065
2014,2.9,46067
2014,2.8,46069
2014,5.4,46071
2014,2.5,46073
2014,3.6,46075
2014,3,46077
2014,3.6,46079
2014,3.5,46081
2014,2.4,46083
2014,4.2,46085
2014,2.7,46087
2014,3.9,46089
2014,4.1,46091
2014,3.4,46093
2014,6.1,46095
2014,3.2,46097
2014,3,46099
2014,4.1,46101
2014,13.3,46102
2014,3.4,46103
2014,3.4,46105
2014,3.3,46107
2014,4.8,46109
2014,2.5,46111
2014,3.5,46115
2014,2.6,46117
2014,2.8,46119
2014,8.7,46121
2014,3.2,46123
2014,2.9,46125
2014,3.7,46127
2014,5.4,46129
2014,3,46135
2014,5.9,46137
2014,6.6,47000
2014,6.8,47001
2014,7.5,47003
2014,8.8,47005
2014,9,47007
2014,6,47009
2014,6.1,47011
2014,9.3,47013
2014,6.3,47015
2014,10.1,47017
2014,7.7,47019
2014,5.5,47021
2014,6.8,47023
2014,8.6,47025
2014,9.1,47027
2014,9,47029
2014,6.4,47031
2014,7.6,47033
2014,8,47035
2014,5,47037
2014,9.5,47039
2014,8.2,47041
2014,6.3,47043
2014,8.2,47045
2014,7.2,47047
2014,8.5,47049
2014,6.1,47051
2014,8.9,47053
2014,6.1,47055
2014,8.2,47057
2014,8.1,47059
2014,9.4,47061
2014,7.4,47063
2014,6.2,47065
2014,9.8,47067
2014,9.3,47069
2014,9,47071
2014,7.3,47073
2014,9.8,47075
2014,8.6,47077
2014,8.1,47079
2014,6.6,47081
2014,9.9,47083
2014,7.8,47085
2014,8.8,47087
2014,7.4,47089
2014,6.9,47091
2014,5.4,47093
2014,9.2,47095
2014,9.8,47097
2014,8.1,47099
2014,9,47101
2014,5.4,47103
2014,6.7,47105
2014,7.5,47107
2014,10.6,47109
2014,6.5,47111
2014,6.8,47113
2014,7.9,47115
2014,6.3,47117
2014,5.9,47119
2014,8.7,47121
2014,7.6,47123
2014,6.7,47125
2014,5.1,47127
2014,8.8,47129
2014,9.6,47131
2014,7.9,47133
2014,8.1,47135
2014,8.9,47137
2014,7.9,47139
2014,6.9,47141
2014,8.4,47143
2014,7.6,47145
2014,5.7,47147
2014,5.2,47149
2014,11.7,47151
2014,7.4,47153
2014,7.1,47155
2014,7.6,47157
2014,6.4,47159
2014,9.2,47161
2014,6.7,47163
2014,5.3,47165
2014,8.3,47167
2014,7.1,47169
2014,9.1,47171
2014,7.9,47173
2014,9.6,47175
2014,6.8,47177
2014,6.3,47179
2014,8.7,47181
2014,8.6,47183
2014,7.4,47185
2014,4.5,47187
2014,5.3,47189
2014,5.1,48000
2014,4.7,48001
2014,3,48003
2014,5.2,48005
2014,5.5,48007
2014,4.5,48009
2014,3.2,48011
2014,4.9,48013
2014,4.8,48015
2014,5,48017
2014,4.8,48019
2014,4.9,48021
2014,4.2,48023
2014,5.8,48025
2014,5.8,48027
2014,4.7,48029
2014,3.7,48031
2014,3.1,48033
2014,5.2,48035
2014,6.3,48037
2014,5.1,48039
2014,4,48041
2014,4.6,48043
2014,4.2,48045
2014,7.7,48047
2014,5.2,48049
2014,4.7,48051
2014,4.3,48053
2014,5.2,48055
2014,4.8,48057
2014,4.4,48059
2014,8.3,48061
2014,6.1,48063
2014,3.4,48065
2014,7.6,48067
2014,4,48069
2014,5.8,48071
2014,5.8,48073
2014,3.6,48075
2014,4.6,48077
2014,5.1,48079
2014,4.3,48081
2014,6.1,48083
2014,4.5,48085
2014,4,48087
2014,4.4,48089
2014,4.5,48091
2014,4.8,48093
2014,3,48095
2014,3.9,48097
2014,6,48099
2014,6.1,48101
2014,4,48103
2014,3.8,48105
2014,4.7,48107
2014,4.1,48109
2014,2.9,48111
2014,5.4,48113
2014,4.9,48115
2014,3.6,48117
2014,6,48119
2014,4.4,48121
2014,3.8,48123
2014,6.3,48125
2014,3.8,48127
2014,4.8,48129
2014,5.6,48131
2014,4.8,48133
2014,3.4,48135
2014,4.3,48137
2014,4.9,48139
2014,6.4,48141
2014,4.2,48143
2014,5.5,48145
2014,5.3,48147
2014,3.4,48149
2014,4.5,48151
2014,7.1,48153
2014,4.3,48155
2014,4.5,48157
2014,5.1,48159
2014,5.6,48161
2014,3.6,48163
2014,3.3,48165
2014,5.6,48167
2014,3.6,48169
2014,3.5,48171
2014,2.6,48173
2014,4.1,48175
2014,3.8,48177
2014,4,48179
2014,4.9,48181
2014,4.9,48183
2014,4.8,48185
2014,4.3,48187
2014,9.4,48189
2014,6.2,48191
2014,4.6,48193
2014,2.5,48195
2014,4.9,48197
2014,6.3,48199
2014,5,48201
2014,5.5,48203
2014,2.5,48205
2014,3.9,48207
2014,4.3,48209
2014,2.4,48211
2014,5.6,48213
2014,8.8,48215
2014,5.3,48217
2014,3.9,48219
2014,4.9,48221
2014,4.7,48223
2014,5,48225
2014,4.4,48227
2014,6.3,48229
2014,5.9,48231
2014,4.4,48233
2014,3.7,48235
2014,3.7,48237
2014,3.9,48239
2014,8.1,48241
2014,3.6,48243
2014,8.3,48245
2014,6,48247
2014,5.2,48249
2014,5,48251
2014,5.5,48253
2014,3.7,48255
2014,5.1,48257
2014,4,48259
2014,2.9,48261
2014,3.5,48263
2014,4.4,48265
2014,3.9,48267
2014,4,48269
2014,7.2,48271
2014,5.4,48273
2014,4.3,48275
2014,6.1,48277
2014,5.8,48279
2014,5.6,48281
2014,3.1,48283
2014,3.9,48285
2014,4,48287
2014,5.3,48289
2014,7.2,48291
2014,5.8,48293
2014,3.4,48295
2014,3.6,48297
2014,5.2,48299
2014,5.1,48301
2014,3.9,48303
2014,4.4,48305
2014,4.2,48307
2014,5.1,48309
2014,2,48311
2014,4.9,48313
2014,6.5,48315
2014,3.4,48317
2014,4.6,48319
2014,7.8,48321
2014,10.9,48323
2014,4.9,48325
2014,4.7,48327
2014,2.9,48329
2014,6.2,48331
2014,4.3,48333
2014,4.3,48335
2014,4,48337
2014,4.4,48339
2014,3.5,48341
2014,7.8,48343
2014,4.2,48345
2014,5.3,48347
2014,5.2,48349
2014,8.3,48351
2014,4.3,48353
2014,5.1,48355
2014,3,48357
2014,3.6,48359
2014,8,48361
2014,5.1,48363
2014,4.9,48365
2014,4.6,48367
2014,3.1,48369
2014,4.1,48371
2014,6.4,48373
2014,4,48375
2014,11.6,48377
2014,4.9,48379
2014,3.4,48381
2014,3.2,48383
2014,6.2,48385
2014,7.7,48387
2014,4,48389
2014,4.3,48391
2014,3.5,48393
2014,5.4,48395
2014,4.5,48397
2014,4.2,48399
2014,4.9,48401
2014,10.5,48403
2014,9.5,48405
2014,5.8,48407
2014,6.2,48409
2014,4.2,48411
2014,3,48413
2014,3.3,48415
2014,2.8,48417
2014,5.8,48419
2014,3.1,48421
2014,5.2,48423
2014,5.1,48425
2014,13.6,48427
2014,4.4,48429
2014,3,48431
2014,3.9,48433
2014,3.6,48435
2014,6.1,48437
2014,5,48439
2014,4.2,48441
2014,4.6,48443
2014,4.3,48445
2014,4,48447
2014,6.3,48449
2014,4,48451
2014,4.1,48453
2014,6,48455
2014,8,48457
2014,5.1,48459
2014,3.2,48461
2014,5.7,48463
2014,5.7,48465
2014,5.3,48467
2014,4.2,48469
2014,5.4,48471
2014,5.1,48473
2014,3.6,48475
2014,4.6,48477
2014,5.1,48479
2014,4.7,48481
2014,3.6,48483
2014,4.9,48485
2014,4.9,48487
2014,12.4,48489
2014,4.4,48491
2014,4.2,48493
2014,4.4,48495
2014,4.9,48497
2014,6,48499
2014,3,48501
2014,4.1,48503
2014,5.2,48505
2014,12.1,48507
2014,3.8,49000
2014,4,49001
2014,3.9,49003
2014,3.2,49005
2014,5.1,49007
2014,4.2,49009
2014,3.6,49011
2014,3.6,49013
2014,5.4,49015
2014,8.8,49017
2014,6.4,49019
2014,4.5,49021
2014,4.1,49023
2014,4.8,49025
2014,3.5,49027
2014,3.4,49029
2014,7.2,49031
2014,3.9,49033
2014,3.7,49035
2014,7.7,49037
2014,4.6,49039
2014,4.5,49041
2014,3.4,49043
2014,4.8,49045
2014,3.6,49047
2014,3.5,49049
2014,3.8,49051
2014,4.4,49053
2014,9.5,49055
2014,4.4,49057
2014,3.9,50000
2014,3.7,50001
2014,4.6,50003
2014,4.8,50005
2014,3,50007
2014,5.9,50009
2014,3.9,50011
2014,4.5,50013
2014,5.1,50015
2014,3.8,50017
2014,6.2,50019
2014,4.7,50021
2014,3.9,50023
2014,4.1,50025
2014,3.7,50027
2014,5.2,51000
2014,6.7,51001
2014,4.5,51003
2014,5.9,51005
2014,5.3,51007
2014,5.4,51009
2014,5.7,51011
2014,3.3,51013
2014,4.7,51015
2014,4.5,51017
2014,5.1,51019
2014,6,51021
2014,4.9,51023
2014,8.1,51025
2014,10.5,51027
2014,6.8,51029
2014,5.4,51031
2014,6.2,51033
2014,6.7,51035
2014,6,51036
2014,6.8,51037
2014,5.1,51041
2014,4.4,51043
2014,6.3,51045
2014,5,51047
2014,6.1,51049
2014,10.2,51051
2014,6.5,51053
2014,6.4,51057
2014,4.2,51059
2014,4.6,51061
2014,4.7,51063
2014,4.4,51065
2014,5.4,51067
2014,4.7,51069
2014,6.2,51071
2014,4.8,51073
2014,4.8,51075
2014,7.8,51077
2014,4.4,51079
2014,6.5,51081
2014,7.8,51083
2014,4.6,51085
2014,5.1,51087
2014,7.7,51089
2014,3.9,51091
2014,5.3,51093
2014,4.9,51095
2014,5.8,51097
2014,5.4,51099
2014,5.2,51101
2014,7.7,51103
2014,8.2,51105
2014,4.3,51107
2014,5.1,51109
2014,5.9,51111
2014,4,51113
2014,4.6,51115
2014,7.7,51117
2014,5.1,51119
2014,5.1,51121
2014,4.9,51125
2014,4.5,51127
2014,7.6,51131
2014,7.1,51133
2014,5.4,51135
2014,5.3,51137
2014,8.1,51139
2014,6.7,51141
2014,6.4,51143
2014,4.5,51145
2014,7.7,51147
2014,6.3,51149
2014,4.9,51153
2014,6.1,51155
2014,4.8,51157
2014,5.5,51159
2014,4.6,51161
2014,5.3,51163
2014,4.7,51165
2014,7.9,51167
2014,5.9,51169
2014,5,51171
2014,7.9,51173
2014,4.9,51175
2014,5.4,51177
2014,5.3,51179
2014,6.2,51181
2014,7.8,51183
2014,8.1,51185
2014,5.6,51187
2014,5.8,51191
2014,6.5,51193
2014,9.5,51195
2014,6.5,51197
2014,5,51199
2014,3.8,51510
2014,6.4,51520
2014,5.8,51530
2014,4.3,51540
2014,5.3,51550
2014,5.8,51570
2014,8,51580
2014,8.7,51590
2014,8.2,51595
2014,4.1,51600
2014,3.6,51610
2014,7.9,51620
2014,6.1,51630
2014,7.4,51640
2014,6.8,51650
2014,6.1,51660
2014,9,51670
2014,7.8,51678
2014,6.4,51680
2014,5,51683
2014,4.8,51685
2014,9.9,51690
2014,6.3,51700
2014,6.4,51710
2014,7.8,51720
2014,10.7,51730
2014,4.5,51735
2014,7.3,51740
2014,6.8,51750
2014,6.2,51760
2014,5.9,51770
2014,5.2,51775
2014,5.2,51790
2014,5.8,51800
2014,4.9,51810
2014,5.4,51820
2014,7.4,51830
2014,5.1,51840
2014,6.1,53000
2014,7.2,53001
2014,5.4,53003
2014,7.5,53005
2014,6.2,53007
2014,8.4,53009
2014,7,53011
2014,7.1,53013
2014,8.1,53015
2014,7.1,53017
2014,11.4,53019
2014,8.3,53021
2014,6.6,53023
2014,7.4,53025
2014,10.1,53027
2014,6.6,53029
2014,8,53031
2014,4.7,53033
2014,6.1,53035
2014,6.9,53037
2014,7.8,53039
2014,9.1,53041
2014,5.8,53043
2014,8.4,53045
2014,7.1,53047
2014,9.9,53049
2014,10,53051
2014,7,53053
2014,5,53055
2014,7.2,53057
2014,8.2,53059
2014,5.2,53061
2014,7,53063
2014,9.3,53065
2014,6.5,53067
2014,9.7,53069
2014,6.2,53071
2014,6.6,53073
2014,5.2,53075
2014,8.7,53077
2014,6.6,54000
2014,6.8,54001
2014,5.5,54003
2014,9.3,54005
2014,9.5,54007
2014,7.3,54009
2014,5.5,54011
2014,9.7,54013
2014,10.9,54015
2014,5,54017
2014,8.4,54019
2014,6.5,54021
2014,7.7,54023
2014,6.9,54025
2014,6.3,54027
2014,8,54029
2014,8.5,54031
2014,5.4,54033
2014,6.7,54035
2014,4.7,54037
2014,5.9,54039
2014,6.3,54041
2014,9.6,54043
2014,10.5,54045
2014,13.1,54047
2014,6,54049
2014,7.7,54051
2014,9.4,54053
2014,7.6,54055
2014,7.9,54057
2014,12,54059
2014,4.4,54061
2014,5.9,54063
2014,6,54065
2014,9.1,54067
2014,5.6,54069
2014,4.9,54071
2014,7.1,54073
2014,8.7,54075
2014,6,54077
2014,5.6,54079
2014,7.2,54081
2014,7.2,54083
2014,6.2,54085
2014,10,54087
2014,7.2,54089
2014,5.3,54091
2014,6.4,54093
2014,9.1,54095
2014,6.8,54097
2014,6.9,54099
2014,8.6,54101
2014,10.3,54103
2014,9.7,54105
2014,6,54107
2014,9.5,54109
2014,5.4,55000
2014,8.8,55001
2014,7.5,55003
2014,5.8,55005
2014,9.6,55007
2014,4.8,55009
2014,5.6,55011
2014,8,55013
2014,4.2,55015
2014,5.4,55017
2014,5.5,55019
2014,5.3,55021
2014,7.1,55023
2014,3.7,55025
2014,5.4,55027
2014,8.2,55029
2014,5.7,55031
2014,5.2,55033
2014,4.5,55035
2014,7.4,55037
2014,4.9,55039
2014,8.7,55041
2014,4.8,55043
2014,4.5,55045
2014,6.4,55047
2014,5.1,55049
2014,9.5,55051
2014,5.9,55053
2014,5,55055
2014,6.4,55057
2014,6.1,55059
2014,5,55061
2014,4.4,55063
2014,4.2,55065
2014,7.5,55067
2014,6.2,55069
2014,6,55071
2014,5,55073
2014,6.7,55075
2014,7.2,55077
2014,12.4,55078
2014,6.9,55079
2014,5.4,55081
2014,6.2,55083
2014,6.7,55085
2014,4.8,55087
2014,4.2,55089
2014,4.8,55091
2014,4.4,55093
2014,5.7,55095
2014,5.6,55097
2014,5.4,55099
2014,6.6,55101
2014,5,55103
2014,6.1,55105
2014,6.5,55107
2014,4.5,55109
2014,5,55111
2014,8.9,55113
2014,5.9,55115
2014,4.5,55117
2014,5.3,55119
2014,4.6,55121
2014,4.8,55123
2014,8.4,55125
2014,5.5,55127
2014,6.2,55129
2014,4.5,55131
2014,4.4,55133
2014,5.7,55135
2014,7.1,55137
2014,5.2,55139
2014,6.7,55141
2014,4.1,56000
2014,3.4,56001
2014,4.5,56003
2014,3.3,56005
2014,4,56007
2014,3,56009
2014,3.9,56011
2014,5,56013
2014,3.6,56015
2014,4.1,56017
2014,4.5,56019
2014,4.3,56021
2014,5.1,56023
2014,4,56025
2014,3.3,56027
2014,4.5,56029
2014,3.8,56031
2014,4.6,56033
2014,4.3,56035
2014,4,56037
2014,4.6,56039
2014,4.8,56041
2014,4.3,56043
2014,3.3,56045
2014,13.9,72000
2014,22,72001
2014,17.2,72003
2014,16.5,72005
2014,16.5,72007
2014,17.5,72009
2014,16.4,72011
2014,15.6,72013
2014,23.2,72015
2014,19.9,72017
2014,15.7,72019
2014,10.3,72021
2014,17.1,72023
2014,11.8,72025
2014,14.9,72027
2014,13.1,72029
2014,9.8,72031
2014,12.3,72033
2014,12.7,72035
2014,17,72037
2014,23,72039
2014,12,72041
2014,21,72043
2014,18.8,72045
2014,15.1,72047
2014,6.2,72049
2014,8.7,72051
2014,17.6,72053
2014,18.9,72054
2014,25,72055
2014,20.4,72057
2014,21.8,72059
2014,6.2,72061
2014,10.5,72063
2014,16.3,72065
2014,14.6,72067
2014,17.3,72069
2014,15.1,72071
2014,17.5,72073
2014,16.3,72075
2014,15.4,72077
2014,23.9,72079
2014,23.3,72081
2014,25.3,72083
2014,16.1,72085
2014,13.2,72087
2014,19.2,72089
2014,13.8,72091
2014,20.9,72093
2014,21.4,72095
2014,17.1,72097
2014,18.4,72099
2014,18.5,72101
2014,15.2,72103
2014,16.6,72105
2014,19,72107
2014,23.8,72109
2014,21.1,72111
2014,15.4,72113
2014,18.4,72115
2014,19.9,72117
2014,11.9,72119
2014,18.7,72121
2014,26.4,72123
2014,18,72125
2014,8.1,72127
2014,15.6,72129
2014,23.2,72131
2014,19.8,72133
2014,9.2,72135
2014,10.2,72137
2014,7.7,72139
2014,18.5,72141
2014,13.8,72143
2014,16.2,72145
2014,14,72147
2014,21.8,72149
2014,21.7,72151
2014,21.4,72153
2016,4.869006611,0
2016,5.8,1000
2016,5.1,1001
2016,5.3,1003
2016,8.3,1005
2016,6.4,1007
2016,5.4,1009
2016,6.8,1011
2016,6.9,1013
2016,6.5,1015
2016,5.4,1017
2016,5,1019
2016,5.5,1021
2016,8.5,1023
2016,10.8,1025
2016,5.9,1027
2016,6,1029
2016,5.8,1031
2016,6.9,1033
2016,8.4,1035
2016,6,1037
2016,6.7,1039
2016,5.8,1041
2016,5,1043
2016,5.8,1045
2016,9.2,1047
2016,6,1049
2016,4.7,1051
2016,6.6,1053
2016,5.9,1055
2016,6.7,1057
2016,5.9,1059
2016,5.8,1061
2016,9.9,1063
2016,7.6,1065
2016,6.5,1067
2016,5.8,1069
2016,6.3,1071
2016,5.7,1073
2016,5.6,1075
2016,6.3,1077
2016,6.9,1079
2016,5.2,1081
2016,5.2,1083
2016,10.5,1085
2016,7.6,1087
2016,5.1,1089
2016,7.1,1091
2016,6.6,1093
2016,5.3,1095
2016,6.6,1097
2016,9,1099
2016,5.6,1101
2016,5.5,1103
2016,10.3,1105
2016,6.8,1107
2016,6.5,1109
2016,5.6,1111
2016,5.5,1113
2016,5.2,1115
2016,4.3,1117
2016,7.7,1119
2016,6.6,1121
2016,5.6,1123
2016,5.6,1125
2016,7.4,1127
2016,8.6,1129
2016,14.4,1131
2016,7.1,1133
2016,6.9,2000
2016,2.7,2013
2016,3.3,2016
2016,5.5,2020
2016,14.2,2050
2016,7,2060
2016,9.1,2068
2016,9.6,2070
2016,5.9,2090
2016,10.3,2100
2016,11.8,2105
2016,4.5,2110
2016,8.5,2122
2016,6.5,2130
2016,5.1,2150
2016,21.6,2158
2016,12.5,2164
2016,8.2,2170
2016,12.7,2180
2016,6.8,2185
2016,16,2188
2016,9,2195
2016,12.2,2198
2016,,2201
2016,4.6,2220
2016,11.2,2230
2016,,2232
2016,10.8,2240
2016,8.6,2261
2016,7.5,2275
2016,,2280
2016,8.2,2282
2016,17.9,2290
2016,5.4,4000
2016,11.4,4001
2016,6.2,4003
2016,6,4005
2016,7.2,4007
2016,6.7,4009
2016,7.6,4011
2016,6,4012
2016,4.6,4013
2016,6.6,4015
2016,8.2,4017
2016,4.9,4019
2016,5.5,4021
2016,10,4023
2016,4.9,4025
2016,18.8,4027
2016,4,5000
2016,3.4,5001
2016,6.1,5003
2016,4.3,5005
2016,2.9,5007
2016,3.7,5009
2016,5,5011
2016,4.6,5013
2016,3.6,5015
2016,6.6,5017
2016,4.3,5019
2016,5.6,5021
2016,5.9,5023
2016,4.5,5025
2016,5.7,5027
2016,5.7,5029
2016,3.2,5031
2016,3.9,5033
2016,4.5,5035
2016,4.4,5037
2016,4.8,5039
2016,5.4,5041
2016,5.7,5043
2016,3.8,5045
2016,4,5047
2016,4.3,5049
2016,4.3,5051
2016,3.6,5053
2016,4.3,5055
2016,3.8,5057
2016,3.9,5059
2016,3.3,5061
2016,4.9,5063
2016,5.6,5065
2016,6.2,5067
2016,5.6,5069
2016,4.7,5071
2016,5.8,5073
2016,4.3,5075
2016,4.7,5077
2016,4.8,5079
2016,4.7,5081
2016,4.6,5083
2016,3.3,5085
2016,3.2,5087
2016,4,5089
2016,4.2,5091
2016,6.8,5093
2016,4.8,5095
2016,5.1,5097
2016,3.7,5099
2016,3.9,5101
2016,5,5103
2016,4.8,5105
2016,5.9,5107
2016,4.2,5109
2016,4.3,5111
2016,4.9,5113
2016,4.6,5115
2016,3.8,5117
2016,3.5,5119
2016,4.6,5121
2016,5.2,5123
2016,3.1,5125
2016,3.7,5127
2016,4.6,5129
2016,3.7,5131
2016,4.8,5133
2016,5.4,5135
2016,5.1,5137
2016,5.5,5139
2016,6.9,5141
2016,2.8,5143
2016,5.2,5145
2016,5.5,5147
2016,4.5,5149
2016,5.5,6000
2016,4.3,6001
2016,6.3,6003
2016,5.9,6005
2016,6.6,6007
2016,5.7,6009
2016,15.6,6011
2016,4.5,6013
2016,7.5,6015
2016,5.1,6017
2016,9.5,6019
2016,8.3,6021
2016,4.9,6023
2016,24.1,6025
2016,5.3,6027
2016,10.4,6029
2016,10,6031
2016,6.7,6033
2016,6.9,6035
2016,5.3,6037
2016,9.2,6039
2016,3.3,6041
2016,6.9,6043
2016,5.3,6045
2016,10.6,6047
2016,7.8,6049
2016,5.4,6051
2016,7.7,6053
2016,4.3,6055
2016,4.8,6057
2016,4,6059
2016,4.5,6061
2016,9.7,6063
2016,6.1,6065
2016,5.4,6067
2016,6.7,6069
2016,5.8,6071
2016,4.7,6073
2016,3.3,6075
2016,8.1,6077
2016,4.3,6079
2016,3,6081
2016,5.1,6083
2016,3.8,6085
2016,7,6087
2016,7,6089
2016,7.6,6091
2016,8.5,6093
2016,5.5,6095
2016,4,6097
2016,8.6,6099
2016,9.7,6101
2016,7.1,6103
2016,7.1,6105
2016,11.2,6107
2016,6.2,6109
2016,5.2,6111
2016,5.9,6113
2016,8.6,6115
2016,3.3,8000
2016,3.6,8001
2016,4,8003
2016,3.1,8005
2016,3.3,8007
2016,1.7,8009
2016,3.1,8011
2016,2.7,8013
2016,2.9,8014
2016,2.6,8015
2016,2.2,8017
2016,3.2,8019
2016,4.9,8021
2016,4.8,8023
2016,3.5,8025
2016,3.1,8027
2016,4.9,8029
2016,3.1,8031
2016,3.9,8033
2016,2.7,8035
2016,2.7,8037
2016,2.6,8039
2016,3.8,8041
2016,5.2,8043
2016,3.5,8045
2016,2.4,8047
2016,2.7,8049
2016,2.3,8051
2016,2.5,8053
2016,6.3,8055
2016,2.7,8057
2016,3,8059
2016,2,8061
2016,2.1,8063
2016,2.9,8065
2016,2.9,8067
2016,2.8,8069
2016,5,8071
2016,2.5,8073
2016,2.9,8075
2016,5.3,8077
2016,2.2,8079
2016,4,8081
2016,5,8083
2016,4.1,8085
2016,3.5,8087
2016,4.7,8089
2016,3.7,8091
2016,2.8,8093
2016,2,8095
2016,3.4,8097
2016,3.2,8099
2016,4.8,8101
2016,5.1,8103
2016,4.9,8105
2016,2.6,8107
2016,4.9,8109
2016,3.8,8111
2016,3.3,8113
2016,2.3,8115
2016,2.1,8117
2016,3.7,8119
2016,2.2,8121
2016,3.4,8123
2016,2.1,8125
2016,5.1,9000
2016,4.9,9001
2016,5.4,9003
2016,4.7,9005
2016,4.4,9007
2016,5.5,9009
2016,5.1,9011
2016,4.5,9013
2016,5.6,9015
2016,4.5,10000
2016,4.9,10001
2016,4.4,10003
2016,4.5,10005
2016,6.1,11000
2016,6.1,11001
2016,4.8,12000
2016,4.3,12001
2016,4.9,12003
2016,4.7,12005
2016,4.2,12007
2016,5.1,12009
2016,4.5,12011
2016,5.7,12013
2016,5.3,12015
2016,6.7,12017
2016,4.5,12019
2016,4.6,12021
2016,4.9,12023
2016,5.3,12027
2016,5.4,12029
2016,4.9,12031
2016,4.9,12033
2016,5.5,12035
2016,4.3,12037
2016,6.2,12039
2016,5,12041
2016,6.2,12043
2016,4.6,12045
2016,5.6,12047
2016,6.6,12049
2016,8.5,12051
2016,6,12053
2016,6.5,12055
2016,4.4,12057
2016,5.4,12059
2016,6,12061
2016,5.2,12063
2016,5.2,12065
2016,4.4,12067
2016,4.8,12069
2016,4.6,12071
2016,4.5,12073
2016,5.1,12075
2016,5.1,12077
2016,5.2,12079
2016,4.5,12081
2016,5.8,12083
2016,4.8,12085
2016,5.2,12086
2016,3.2,12087
2016,4.5,12089
2016,4,12091
2016,5.1,12093
2016,4.3,12095
2016,4.9,12097
2016,4.7,12099
2016,5.1,12101
2016,4.3,12103
2016,5.5,12105
2016,6.3,12107
2016,3.8,12109
2016,5.8,12111
2016,4.5,12113
2016,4.5,12115
2016,4.3,12117
2016,7.1,12119
2016,4.9,12121
2016,5.4,12123
2016,4.3,12125
2016,5,12127
2016,4.1,12129
2016,4.3,12131
2016,5.1,12133
2016,5.4,13000
2016,6.4,13001
2016,5.2,13003
2016,5.2,13005
2016,7.7,13007
2016,6.8,13009
2016,4.9,13011
2016,4.7,13013
2016,5.1,13015
2016,8.2,13017
2016,6.1,13019
2016,5.9,13021
2016,7.9,13023
2016,6.7,13025
2016,5.2,13027
2016,4.9,13029
2016,5.7,13031
2016,7.7,13033
2016,5.6,13035
2016,5.6,13037
2016,5.8,13039
2016,4.8,13043
2016,6,13045
2016,4.8,13047
2016,5.6,13049
2016,5.2,13051
2016,8.3,13053
2016,6.3,13055
2016,4.3,13057
2016,5.5,13059
2016,10.4,13061
2016,6.6,13063
2016,6.1,13065
2016,4.6,13067
2016,5.8,13069
2016,5.3,13071
2016,4.6,13073
2016,5.4,13075
2016,5,13077
2016,5.9,13079
2016,6,13081
2016,5,13083
2016,4.7,13085
2016,6.6,13087
2016,5.4,13089
2016,7.3,13091
2016,5.8,13093
2016,6.8,13095
2016,5.6,13097
2016,6.9,13099
2016,4.3,13101
2016,4.8,13103
2016,6.5,13105
2016,7.7,13107
2016,4.9,13109
2016,5.3,13111
2016,4.7,13113
2016,6,13115
2016,4.2,13117
2016,5.2,13119
2016,5.4,13121
2016,5.7,13123
2016,6,13125
2016,5.3,13127
2016,5.6,13129
2016,5.4,13131
2016,6,13133
2016,4.8,13135
2016,5.3,13137
2016,4.5,13139
2016,8.4,13141
2016,5.8,13143
2016,4.9,13145
2016,5.4,13147
2016,5.9,13149
2016,5.5,13151
2016,5.3,13153
2016,7.8,13155
2016,4.3,13157
2016,4.8,13159
2016,6.4,13161
2016,7.4,13163
2016,7.5,13165
2016,6.1,13167
2016,4.8,13169
2016,6.6,13171
2016,5.8,13173
2016,6.6,13175
2016,4.7,13177
2016,5.8,13179
2016,5.9,13181
2016,5.4,13183
2016,5.3,13185
2016,4.8,13187
2016,7.3,13189
2016,5.8,13191
2016,8.3,13193
2016,4.9,13195
2016,7.3,13197
2016,6.9,13199
2016,5.4,13201
2016,6.6,13205
2016,5.2,13207
2016,7.4,13209
2016,5,13211
2016,7.1,13213
2016,6.8,13215
2016,6,13217
2016,4.1,13219
2016,4.9,13221
2016,4.6,13223
2016,7,13225
2016,4.9,13227
2016,5.3,13229
2016,5.2,13231
2016,6.1,13233
2016,5.9,13235
2016,7,13237
2016,7.3,13239
2016,5.9,13241
2016,8.4,13243
2016,6.8,13245
2016,5.8,13247
2016,6.3,13249
2016,7.5,13251
2016,7.9,13253
2016,6.9,13255
2016,5.9,13257
2016,6.4,13259
2016,7.6,13261
2016,6.7,13263
2016,6.9,13265
2016,5.3,13267
2016,7.5,13269
2016,8.4,13271
2016,6.5,13273
2016,6.2,13275
2016,5.4,13277
2016,7.8,13279
2016,6.8,13281
2016,7.7,13283
2016,5.1,13285
2016,6.5,13287
2016,8.7,13289
2016,4.7,13291
2016,6.4,13293
2016,5.6,13295
2016,4.9,13297
2016,5.4,13299
2016,6.9,13301
2016,6.3,13303
2016,6.8,13305
2016,8.6,13307
2016,9,13309
2016,4.6,13311
2016,6.1,13313
2016,7.2,13315
2016,6.6,13317
2016,6.3,13319
2016,5.8,13321
2016,3,15000
2016,3.6,15001
2016,2.8,15003
2016,3.1,15007
2016,3,15009
2016,3.8,16000
2016,3.3,16001
2016,6.9,16003
2016,3.6,16005
2016,4.6,16007
2016,5.9,16009
2016,3.5,16011
2016,3.2,16013
2016,5.3,16015
2016,5.4,16017
2016,3.2,16019
2016,5.2,16021
2016,4.1,16023
2016,3.6,16025
2016,4.4,16027
2016,3.6,16029
2016,3,16031
2016,3.3,16033
2016,7.3,16035
2016,5.1,16037
2016,4.1,16039
2016,3.1,16041
2016,3.4,16043
2016,4.7,16045
2016,3.1,16047
2016,5.7,16049
2016,3.1,16051
2016,3.1,16053
2016,4.7,16055
2016,3.2,16057
2016,6.1,16059
2016,6.4,16061
2016,4.5,16063
2016,2.4,16065
2016,3.2,16067
2016,3.3,16069
2016,3.6,16071
2016,4.6,16073
2016,4.6,16075
2016,4.1,16077
2016,7.1,16079
2016,3.2,16081
2016,3.4,16083
2016,5.4,16085
2016,5.5,16087
2016,5.8,17000
2016,4.8,17001
2016,9.3,17003
2016,5.1,17005
2016,6.4,17007
2016,3.4,17009
2016,6,17011
2016,6.2,17013
2016,5.7,17015
2016,5.6,17017
2016,5,17019
2016,6.4,17021
2016,5.8,17023
2016,6.8,17025
2016,4.5,17027
2016,5.9,17029
2016,6,17031
2016,6.2,17033
2016,5.2,17035
2016,5.3,17037
2016,5.7,17039
2016,4.7,17041
2016,4.7,17043
2016,6,17045
2016,5.8,17047
2016,4.7,17049
2016,6.6,17051
2016,5.4,17053
2016,8.1,17055
2016,7.4,17057
2016,7.6,17059
2016,5.8,17061
2016,6.7,17063
2016,6.3,17065
2016,6.5,17067
2016,9.7,17069
2016,6.1,17071
2016,6,17073
2016,5.5,17075
2016,5.4,17077
2016,6.3,17079
2016,6.4,17081
2016,5.8,17083
2016,5.4,17085
2016,8.7,17087
2016,5.5,17089
2016,6.5,17091
2016,5.1,17093
2016,6.2,17095
2016,5.2,17097
2016,6.8,17099
2016,7.4,17101
2016,5.1,17103
2016,5.4,17105
2016,5.3,17107
2016,6.3,17109
2016,5.2,17111
2016,5.1,17113
2016,6.6,17115
2016,6,17117
2016,5.9,17119
2016,6.4,17121
2016,6.6,17123
2016,7.1,17125
2016,7.1,17127
2016,4.7,17129
2016,6.2,17131
2016,4.1,17133
2016,7.1,17135
2016,4.9,17137
2016,4.6,17139
2016,5.9,17141
2016,6.9,17143
2016,7.1,17145
2016,4.9,17147
2016,5.1,17149
2016,6.9,17151
2016,8.5,17153
2016,5.6,17155
2016,5,17157
2016,5.9,17159
2016,6.3,17161
2016,6.1,17163
2016,8.6,17165
2016,5,17167
2016,5.6,17169
2016,5.7,17171
2016,5.7,17173
2016,7.4,17175
2016,5.9,17177
2016,6.4,17179
2016,7.4,17181
2016,7.3,17183
2016,6.3,17185
2016,5.3,17187
2016,3.8,17189
2016,8.5,17191
2016,6.6,17193
2016,5.8,17195
2016,6,17197
2016,6.2,17199
2016,6.7,17201
2016,5.5,17203
2016,4.4,18000
2016,3.6,18001
2016,4.3,18003
2016,3.4,18005
2016,4.2,18007
2016,5.4,18009
2016,3.4,18011
2016,4,18013
2016,4.2,18015
2016,4.6,18017
2016,4.2,18019
2016,4.7,18021
2016,3.9,18023
2016,5.6,18025
2016,3.5,18027
2016,4.7,18029
2016,3.6,18031
2016,3.9,18033
2016,5.1,18035
2016,3.1,18037
2016,3.5,18039
2016,5.8,18041
2016,4.1,18043
2016,5.8,18045
2016,4.3,18047
2016,4.7,18049
2016,3.6,18051
2016,4.9,18053
2016,6.5,18055
2016,3.2,18057
2016,3.8,18059
2016,4.2,18061
2016,3.5,18063
2016,4.6,18065
2016,4.7,18067
2016,4.1,18069
2016,3.7,18071
2016,5.3,18073
2016,4.5,18075
2016,4.7,18077
2016,4.7,18079
2016,3.6,18081
2016,4.4,18083
2016,3.7,18085
2016,3.4,18087
2016,6.3,18089
2016,5.9,18091
2016,5.7,18093
2016,5,18095
2016,4.5,18097
2016,3.7,18099
2016,4.1,18101
2016,4.7,18103
2016,4.7,18105
2016,3.8,18107
2016,4.3,18109
2016,5.6,18111
2016,4.1,18113
2016,4.9,18115
2016,5.1,18117
2016,5.6,18119
2016,5.2,18121
2016,4.6,18123
2016,4.3,18125
2016,5.1,18127
2016,3.9,18129
2016,4.5,18131
2016,4.5,18133
2016,4.5,18135
2016,4.6,18137
2016,3.8,18139
2016,4.5,18141
2016,4.8,18143
2016,4,18145
2016,4.1,18147
2016,5.4,18149
2016,3.7,18151
2016,5.9,18153
2016,4.9,18155
2016,4.1,18157
2016,3.8,18159
2016,4,18161
2016,4.1,18163
2016,6.6,18165
2016,5.4,18167
2016,4.3,18169
2016,4.8,18171
2016,4,18173
2016,4.6,18175
2016,4.8,18177
2016,3.6,18179
2016,4,18181
2016,3.9,18183
2016,3.6,19000
2016,3,19001
2016,2.6,19003
2016,5,19005
2016,4.7,19007
2016,3.3,19009
2016,3.6,19011
2016,4.6,19013
2016,2.8,19015
2016,3.6,19017
2016,4.1,19019
2016,3.5,19021
2016,4.3,19023
2016,3.8,19025
2016,2.6,19027
2016,3.3,19029
2016,3.3,19031
2016,3.6,19033
2016,3.6,19035
2016,4.4,19037
2016,3.4,19039
2016,3.9,19041
2016,4.2,19043
2016,4.9,19045
2016,5.5,19047
2016,2.6,19049
2016,4.3,19051
2016,3.2,19053
2016,3.5,19055
2016,4.9,19057
2016,4.3,19059
2016,3.6,19061
2016,4.3,19063
2016,4.4,19065
2016,3.6,19067
2016,3.5,19069
2016,3.3,19071
2016,3.1,19073
2016,3.5,19075
2016,3.6,19077
2016,3.8,19079
2016,2.7,19081
2016,3.9,19083
2016,3.4,19085
2016,3.6,19087
2016,3.6,19089
2016,2.9,19091
2016,2.6,19093
2016,3.1,19095
2016,4.2,19097
2016,3.6,19099
2016,3.7,19101
2016,2.6,19103
2016,4.3,19105
2016,4.3,19107
2016,2.6,19109
2016,6,19111
2016,3.7,19113
2016,3.9,19115
2016,3.2,19117
2016,2,19119
2016,3.5,19121
2016,3.7,19123
2016,3,19125
2016,4.9,19127
2016,3.6,19129
2016,2.6,19131
2016,4.1,19133
2016,4.6,19135
2016,3.5,19137
2016,3.8,19139
2016,2.8,19141
2016,2.6,19143
2016,5,19145
2016,3.1,19147
2016,2.6,19149
2016,2.9,19151
2016,3.5,19153
2016,3.4,19155
2016,3.4,19157
2016,3.5,19159
2016,3,19161
2016,4.5,19163
2016,2.9,19165
2016,2.3,19167
2016,2.3,19169
2016,4.2,19171
2016,2.9,19173
2016,3.8,19175
2016,3.7,19177
2016,5.8,19179
2016,3.2,19181
2016,2.9,19183
2016,3.8,19185
2016,4,19187
2016,3.5,19189
2016,3.5,19191
2016,3.6,19193
2016,3.4,19195
2016,4.1,19197
2016,4,20000
2016,5.6,20001
2016,4.3,20003
2016,6.2,20005
2016,3.7,20007
2016,4.5,20009
2016,4.9,20011
2016,3.6,20013
2016,4.2,20015
2016,3.5,20017
2016,5.2,20019
2016,4.4,20021
2016,2.8,20023
2016,2.8,20025
2016,4.1,20027
2016,4.1,20029
2016,6.2,20031
2016,3.1,20033
2016,4.4,20035
2016,4.8,20037
2016,4,20039
2016,4.4,20041
2016,3.9,20043
2016,3.5,20045
2016,3,20047
2016,5,20049
2016,3.1,20051
2016,3.9,20053
2016,3.1,20055
2016,3.2,20057
2016,4.2,20059
2016,5.6,20061
2016,2.4,20063
2016,4.4,20065
2016,3.6,20067
2016,2.3,20069
2016,2.1,20071
2016,4.9,20073
2016,2.7,20075
2016,3.6,20077
2016,4.2,20079
2016,2.6,20081
2016,2.6,20083
2016,3.5,20085
2016,3.9,20087
2016,4.3,20089
2016,3.3,20091
2016,3.2,20093
2016,4.4,20095
2016,2.8,20097
2016,5.4,20099
2016,3.1,20101
2016,4.3,20103
2016,3.4,20105
2016,6.4,20107
2016,2.6,20109
2016,4.1,20111
2016,3.2,20113
2016,3.9,20115
2016,3,20117
2016,2.7,20119
2016,4.2,20121
2016,3.3,20123
2016,6.1,20125
2016,3.8,20127
2016,3.9,20129
2016,2.7,20131
2016,7.2,20133
2016,3.4,20135
2016,2.4,20137
2016,4.4,20139
2016,3.4,20141
2016,3.8,20143
2016,3.3,20145
2016,3.2,20147
2016,3.5,20149
2016,4.1,20151
2016,2.4,20153
2016,4.4,20155
2016,2.8,20157
2016,4,20159
2016,3.4,20161
2016,4.7,20163
2016,4,20165
2016,4.2,20167
2016,3.7,20169
2016,2.5,20171
2016,4.7,20173
2016,4.4,20175
2016,4,20177
2016,2.4,20179
2016,3.3,20181
2016,3.2,20183
2016,3.7,20185
2016,2.8,20187
2016,4,20189
2016,4.2,20191
2016,2.7,20193
2016,4,20195
2016,3.6,20197
2016,2.7,20199
2016,3.3,20201
2016,2.3,20203
2016,6,20205
2016,5.8,20207
2016,5.6,20209
2016,5.1,21000
2016,6.6,21001
2016,4.3,21003
2016,4.1,21005
2016,9,21007
2016,4.7,21009
2016,7.4,21011
2016,9.2,21013
2016,3.8,21015
2016,4.8,21017
2016,8.2,21019
2016,5,21021
2016,6.1,21023
2016,9.9,21025
2016,6.3,21027
2016,4.2,21029
2016,5.5,21031
2016,5.5,21033
2016,4.6,21035
2016,3.8,21037
2016,6.5,21039
2016,5,21041
2016,10.6,21043
2016,4.9,21045
2016,6.2,21047
2016,4.8,21049
2016,10.2,21051
2016,7.6,21053
2016,5.3,21055
2016,5.7,21057
2016,4.5,21059
2016,6.2,21061
2016,11.6,21063
2016,5.9,21065
2016,3.6,21067
2016,6.3,21069
2016,11.4,21071
2016,4.1,21073
2016,7,21075
2016,4.9,21077
2016,4.9,21079
2016,4.9,21081
2016,6.3,21083
2016,6.8,21085
2016,4.5,21087
2016,8.7,21089
2016,5.4,21091
2016,4.5,21093
2016,13.2,21095
2016,4.7,21097
2016,4.8,21099
2016,4.8,21101
2016,4.1,21103
2016,6,21105
2016,5.7,21107
2016,8,21109
2016,4.4,21111
2016,3.9,21113
2016,10.4,21115
2016,4.1,21117
2016,11.6,21119
2016,8,21121
2016,4.6,21123
2016,6.2,21125
2016,11,21127
2016,9.8,21129
2016,13.6,21131
2016,12.5,21133
2016,9.9,21135
2016,6.1,21137
2016,7.2,21139
2016,4.4,21141
2016,5.9,21143
2016,5.8,21145
2016,8.1,21147
2016,4.8,21149
2016,4.2,21151
2016,19.9,21153
2016,4.3,21155
2016,5.8,21157
2016,10.4,21159
2016,6.4,21161
2016,5.2,21163
2016,8.7,21165
2016,4.9,21167
2016,4.6,21169
2016,4.2,21171
2016,6.5,21173
2016,8.1,21175
2016,7.4,21177
2016,4.6,21179
2016,5.8,21181
2016,6.7,21183
2016,3.4,21185
2016,4.3,21187
2016,9.9,21189
2016,4.8,21191
2016,10.9,21193
2016,10.9,21195
2016,7.2,21197
2016,5.5,21199
2016,6.2,21201
2016,6.1,21203
2016,6,21205
2016,8.5,21207
2016,3.8,21209
2016,3.6,21211
2016,4.5,21213
2016,3.8,21215
2016,5,21217
2016,4.5,21219
2016,5.6,21221
2016,5.4,21223
2016,6.8,21225
2016,3.9,21227
2016,4.3,21229
2016,7.7,21231
2016,6.1,21233
2016,6.6,21235
2016,10.2,21237
2016,3.2,21239
2016,6.1,22000
2016,7.4,22001
2016,6.4,22003
2016,4.9,22005
2016,8.4,22007
2016,7.1,22009
2016,6.1,22011
2016,7.6,22013
2016,5.3,22015
2016,6.6,22017
2016,4.8,22019
2016,7.6,22021
2016,4.4,22023
2016,9.3,22025
2016,6.7,22027
2016,8.3,22029
2016,7.3,22031
2016,5.2,22033
2016,11.6,22035
2016,5.8,22037
2016,7.4,22039
2016,9.1,22041
2016,7,22043
2016,9.4,22045
2016,6.9,22047
2016,5.6,22049
2016,5.3,22051
2016,6,22053
2016,6.1,22055
2016,6.3,22057
2016,6.6,22059
2016,6.2,22061
2016,5.1,22063
2016,9,22065
2016,9.7,22067
2016,6.7,22069
2016,5.9,22071
2016,6.1,22073
2016,5.4,22075
2016,6.5,22077
2016,6.2,22079
2016,6,22081
2016,7.4,22083
2016,6.9,22085
2016,6.1,22087
2016,5.3,22089
2016,7.7,22091
2016,7.5,22093
2016,6.8,22095
2016,8.1,22097
2016,7.8,22099
2016,9.4,22101
2016,5,22103
2016,6.7,22105
2016,9.8,22107
2016,7,22109
2016,6.6,22111
2016,7.6,22113
2016,7.2,22115
2016,7,22117
2016,8.5,22119
2016,5.3,22121
2016,12,22123
2016,5.2,22125
2016,7.8,22127
2016,3.8,23000
2016,3.6,23001
2016,5.4,23003
2016,2.9,23005
2016,4.5,23007
2016,4.5,23009
2016,3.6,23011
2016,3.5,23013
2016,3.7,23015
2016,4.6,23017
2016,4.3,23019
2016,5,23021
2016,3,23023
2016,5.6,23025
2016,4.2,23027
2016,5.5,23029
2016,3.4,23031
2016,4.5,24000
2016,6.3,24001
2016,3.8,24003
2016,4.7,24005
2016,3.9,24009
2016,4.8,24011
2016,3.6,24013
2016,5.2,24015
2016,4.3,24017
2016,6.2,24019
2016,3.9,24021
2016,5.7,24023
2016,4.2,24025
2016,3.3,24027
2016,4.9,24029
2016,3.5,24031
2016,4.5,24033
2016,3.9,24035
2016,4.3,24037
2016,7.3,24039
2016,4.2,24041
2016,5.1,24043
2016,6.2,24045
2016,9.3,24047
2016,6.6,24510
2016,3.9,25000
2016,4.9,25001
2016,4.5,25003
2016,4.9,25005
2016,5.2,25007
2016,4,25009
2016,3.5,25011
2016,5.2,25013
2016,3.6,25015
2016,3.2,25017
2016,4.4,25019
2016,3.4,25021
2016,4.1,25023
2016,3.5,25025
2016,4.1,25027
2016,5,26000
2016,7.7,26001
2016,8.2,26003
2016,3.9,26005
2016,6,26007
2016,7.1,26009
2016,8.3,26011
2016,8.2,26013
2016,4,26015
2016,5.5,26017
2016,6.6,26019
2016,5,26021
2016,4.8,26023
2016,4.8,26025
2016,4.7,26027
2016,5.5,26029
2016,9.4,26031
2016,7.7,26033
2016,7.3,26035
2016,3.7,26037
2016,7.6,26039
2016,6.6,26041
2016,5.2,26043
2016,4.1,26045
2016,6.5,26047
2016,5.6,26049
2016,7,26051
2016,6.1,26053
2016,4.3,26055
2016,5.2,26057
2016,5.1,26059
2016,6.1,26061
2016,5.2,26063
2016,4.3,26065
2016,4.2,26067
2016,7.3,26069
2016,6.5,26071
2016,4.7,26073
2016,4.8,26075
2016,4.1,26077
2016,7.2,26079
2016,3.5,26081
2016,8.6,26083
2016,7.5,26085
2016,6.4,26087
2016,4.9,26089
2016,4.6,26091
2016,4.1,26093
2016,6.7,26095
2016,9.9,26097
2016,5.2,26099
2016,6.6,26101
2016,5.7,26103
2016,5.8,26105
2016,5.6,26107
2016,5.2,26109
2016,4.7,26111
2016,6,26113
2016,4.3,26115
2016,5.3,26117
2016,10.2,26119
2016,5.5,26121
2016,4.9,26123
2016,4.1,26125
2016,7.3,26127
2016,7.8,26129
2016,8.5,26131
2016,5.7,26133
2016,7.3,26135
2016,6,26137
2016,3.4,26139
2016,9.6,26141
2016,8.5,26143
2016,5.3,26145
2016,6.1,26147
2016,4.1,26149
2016,6.2,26151
2016,9.1,26153
2016,5.3,26155
2016,6.3,26157
2016,5.8,26159
2016,3.7,26161
2016,6.3,26163
2016,5.9,26165
2016,3.9,27000
2016,7,27001
2016,3.7,27003
2016,4.6,27005
2016,5.2,27007
2016,4.4,27009
2016,4.8,27011
2016,3.2,27013
2016,4.2,27015
2016,5.3,27017
2016,3.3,27019
2016,6.8,27021
2016,4.5,27023
2016,4.3,27025
2016,3.4,27027
2016,9.6,27029
2016,4.5,27031
2016,7.2,27033
2016,5.1,27035
2016,3.4,27037
2016,3.7,27039
2016,3.5,27041
2016,4.4,27043
2016,4,27045
2016,3.8,27047
2016,3.7,27049
2016,4.7,27051
2016,3.3,27053
2016,3.9,27055
2016,6.5,27057
2016,4.7,27059
2016,8.5,27061
2016,4.5,27063
2016,6.5,27065
2016,3.8,27067
2016,4.6,27069
2016,8.5,27071
2016,4.3,27073
2016,6.3,27075
2016,4.8,27077
2016,4.9,27079
2016,3.7,27081
2016,3.6,27083
2016,4.4,27085
2016,5.8,27087
2016,7.3,27089
2016,4.1,27091
2016,4.5,27093
2016,5.9,27095
2016,5.6,27097
2016,3.2,27099
2016,4.7,27101
2016,2.8,27103
2016,3.8,27105
2016,4.8,27107
2016,3,27109
2016,4.3,27111
2016,5.7,27113
2016,5.8,27115
2016,3.8,27117
2016,4.3,27119
2016,3.5,27121
2016,3.6,27123
2016,7.3,27125
2016,4.1,27127
2016,5.2,27129
2016,3.5,27131
2016,2.3,27133
2016,5.1,27135
2016,5.7,27137
2016,3.2,27139
2016,4.1,27141
2016,4.3,27143
2016,3.8,27145
2016,3.6,27147
2016,3,27149
2016,5.4,27151
2016,4.7,27153
2016,3.9,27155
2016,3.7,27157
2016,5.9,27159
2016,4.3,27161
2016,3.3,27163
2016,4.9,27165
2016,3.2,27167
2016,3.5,27169
2016,3.8,27171
2016,3.8,27173
2016,5.8,28000
2016,8.2,28001
2016,5.2,28003
2016,7.3,28005
2016,6.7,28007
2016,6.7,28009
2016,7.2,28011
2016,5.3,28013
2016,7.2,28015
2016,6.5,28017
2016,5.6,28019
2016,11.3,28021
2016,6.7,28023
2016,8.1,28025
2016,8.7,28027
2016,6.5,28029
2016,5.4,28031
2016,4.2,28033
2016,5.7,28035
2016,7.1,28037
2016,7.4,28039
2016,7.3,28041
2016,5.1,28043
2016,6.1,28045
2016,5.5,28047
2016,5.4,28049
2016,11,28051
2016,11.4,28053
2016,14,28055
2016,5,28057
2016,6.5,28059
2016,7.6,28061
2016,14.9,28063
2016,8.2,28065
2016,6.1,28067
2016,8.7,28069
2016,4.9,28071
2016,4.5,28073
2016,5.8,28075
2016,7.1,28077
2016,6,28079
2016,4.8,28081
2016,9,28083
2016,5.7,28085
2016,6.1,28087
2016,4.3,28089
2016,6.5,28091
2016,6,28093
2016,6.3,28095
2016,6.4,28097
2016,5.7,28099
2016,5.9,28101
2016,8.2,28103
2016,5.4,28105
2016,7.3,28107
2016,5.9,28109
2016,7.1,28111
2016,6.8,28113
2016,4.7,28115
2016,5.4,28117
2016,9.7,28119
2016,3.9,28121
2016,4.6,28123
2016,8.7,28125
2016,5.4,28127
2016,5.2,28129
2016,6.7,28131
2016,9.3,28133
2016,6.8,28135
2016,5.8,28137
2016,5.5,28139
2016,5.5,28141
2016,7.1,28143
2016,4.4,28145
2016,7.7,28147
2016,6.3,28149
2016,9,28151
2016,7.3,28153
2016,6.2,28155
2016,10.1,28157
2016,7.1,28159
2016,6.2,28161
2016,7.3,28163
2016,4.6,29000
2016,5.7,29001
2016,3.7,29003
2016,4.6,29005
2016,4.3,29007
2016,4.5,29009
2016,5.2,29011
2016,5.3,29013
2016,6.1,29015
2016,5.2,29017
2016,3.3,29019
2016,4.1,29021
2016,5.7,29023
2016,4.7,29025
2016,4.1,29027
2016,5.8,29029
2016,4.3,29031
2016,5.4,29033
2016,7.1,29035
2016,4.2,29037
2016,5,29039
2016,4.4,29041
2016,3.9,29043
2016,7.3,29045
2016,3.9,29047
2016,4.2,29049
2016,3.6,29051
2016,4.9,29053
2016,5.3,29055
2016,4.5,29057
2016,5.5,29059
2016,3.9,29061
2016,4.4,29063
2016,5.4,29065
2016,6.1,29067
2016,8.2,29069
2016,4.4,29071
2016,4.3,29073
2016,3.7,29075
2016,3.8,29077
2016,4.6,29079
2016,4.2,29081
2016,5,29083
2016,5.6,29085
2016,3.2,29087
2016,4.4,29089
2016,6.3,29091
2016,7.2,29093
2016,5.1,29095
2016,4.2,29097
2016,4.3,29099
2016,4.9,29101
2016,3.6,29103
2016,5.5,29105
2016,4.3,29107
2016,4.4,29109
2016,4.5,29111
2016,4.5,29113
2016,6.7,29115
2016,3.9,29117
2016,4.3,29119
2016,4.8,29121
2016,5.5,29123
2016,5,29125
2016,4.3,29127
2016,4.6,29129
2016,5.2,29131
2016,6.6,29133
2016,4.3,29135
2016,4.8,29137
2016,4.6,29139
2016,5.9,29141
2016,9.3,29143
2016,4.4,29145
2016,4.7,29147
2016,6,29149
2016,3.4,29151
2016,7.3,29153
2016,8.9,29155
2016,3.6,29157
2016,4.9,29159
2016,4.8,29161
2016,4.5,29163
2016,3.6,29165
2016,4.9,29167
2016,5.4,29169
2016,4.6,29171
2016,4,29173
2016,5.3,29175
2016,4.9,29177
2016,6.5,29179
2016,7.1,29181
2016,3.5,29183
2016,6.3,29185
2016,4.7,29186
2016,5.5,29187
2016,4.2,29189
2016,4.7,29195
2016,6.3,29197
2016,4.1,29199
2016,5.7,29201
2016,7.4,29203
2016,4.2,29205
2016,6.4,29207
2016,7,29209
2016,5.8,29211
2016,7.4,29213
2016,6.3,29215
2016,4.9,29217
2016,4.2,29219
2016,6.3,29221
2016,5.3,29223
2016,4.9,29225
2016,3,29227
2016,5.9,29229
2016,5.5,29510
2016,4.1,30000
2016,3.3,30001
2016,7.2,30003
2016,4.6,30005
2016,4.9,30007
2016,3.9,30009
2016,2.7,30011
2016,4,30013
2016,3.7,30015
2016,3.5,30017
2016,2.6,30019
2016,3.8,30021
2016,3.8,30023
2016,3.6,30025
2016,3.9,30027
2016,5.6,30029
2016,2.8,30031
2016,2.9,30033
2016,8.5,30035
2016,4.5,30037
2016,5.9,30039
2016,4.3,30041
2016,4.6,30043
2016,3.4,30045
2016,4.7,30047
2016,3.3,30049
2016,3.1,30051
2016,9,30053
2016,1.9,30055
2016,3.8,30057
2016,4,30059
2016,7.6,30061
2016,3.7,30063
2016,5.1,30065
2016,4.3,30067
2016,4.7,30069
2016,5.3,30071
2016,4.2,30073
2016,2.3,30075
2016,5,30077
2016,3.4,30079
2016,4.8,30081
2016,5,30083
2016,5.3,30085
2016,5.5,30087
2016,7.7,30089
2016,3.3,30091
2016,4.3,30093
2016,4,30095
2016,3.1,30097
2016,3.6,30099
2016,3.5,30101
2016,4.2,30103
2016,3.4,30105
2016,5,30107
2016,3.9,30109
2016,3.6,30111
2016,3.1,31000
2016,3.1,31001
2016,2.6,31003
2016,5.7,31005
2016,3.4,31007
2016,4.2,31009
2016,2.6,31011
2016,3.6,31013
2016,3,31015
2016,3.6,31017
2016,2.5,31019
2016,3.7,31021
2016,3.2,31023
2016,3.4,31025
2016,2.5,31027
2016,2.1,31029
2016,2.2,31031
2016,2.8,31033
2016,3.1,31035
2016,2.8,31037
2016,2.9,31039
2016,2.3,31041
2016,4.1,31043
2016,3,31045
2016,3,31047
2016,2.5,31049
2016,3.3,31051
2016,3.1,31053
2016,3.3,31055
2016,2.2,31057
2016,2.8,31059
2016,3,31061
2016,2.8,31063
2016,2.8,31065
2016,3.3,31067
2016,3.3,31069
2016,2.5,31071
2016,2.6,31073
2016,2.2,31075
2016,3.1,31077
2016,3.7,31079
2016,2.8,31081
2016,2.5,31083
2016,2.4,31085
2016,3.6,31087
2016,2.5,31089
2016,3.6,31091
2016,3.3,31093
2016,2.4,31095
2016,3.2,31097
2016,2.4,31099
2016,2.9,31101
2016,2.1,31103
2016,4.1,31105
2016,3.1,31107
2016,2.8,31109
2016,3.1,31111
2016,2.9,31113
2016,3.5,31115
2016,2.4,31117
2016,2.7,31119
2016,3.6,31121
2016,3.2,31123
2016,2.8,31125
2016,3.6,31127
2016,2.9,31129
2016,3.4,31131
2016,2.2,31133
2016,2.1,31135
2016,2.5,31137
2016,2.6,31139
2016,3.5,31141
2016,2.6,31143
2016,2.8,31145
2016,3.2,31147
2016,2.6,31149
2016,3.1,31151
2016,2.9,31153
2016,3.1,31155
2016,3.5,31157
2016,2.9,31159
2016,2.9,31161
2016,3.2,31163
2016,2.7,31165
2016,2.6,31167
2016,2.4,31169
2016,3.3,31171
2016,4.8,31173
2016,2.8,31175
2016,3.2,31177
2016,2.7,31179
2016,3.2,31181
2016,2.1,31183
2016,2.7,31185
2016,5.7,32000
2016,5.5,32001
2016,5.8,32003
2016,5.6,32005
2016,4.5,32007
2016,4.7,32009
2016,4.6,32011
2016,5.5,32013
2016,6.2,32015
2016,5.3,32017
2016,7.5,32019
2016,6.4,32021
2016,7.3,32023
2016,5.9,32027
2016,6.3,32029
2016,5,32031
2016,4.6,32033
2016,6.1,32510
2016,2.9,33000
2016,2.8,33001
2016,2.9,33003
2016,2.7,33005
2016,3.8,33007
2016,2.4,33009
2016,3,33011
2016,2.6,33013
2016,3,33015
2016,2.5,33017
2016,2.3,33019
2016,5,34000
2016,7.4,34001
2016,4.2,34003
2016,4.5,34005
2016,5.5,34007
2016,9.8,34009
2016,7.5,34011
2016,6,34013
2016,5.1,34015
2016,4.7,34017
2016,3.8,34019
2016,4.3,34021
2016,4.4,34023
2016,4.5,34025
2016,3.9,34027
2016,5.2,34029
2016,6.2,34031
2016,6.4,34033
2016,4.1,34035
2016,4.7,34037
2016,5.2,34039
2016,4.6,34041
2016,6.6,35000
2016,5.7,35001
2016,8,35003
2016,6.6,35005
2016,8.1,35006
2016,5.9,35007
2016,5,35009
2016,4.7,35011
2016,7.1,35013
2016,6.4,35015
2016,6.4,35017
2016,6.4,35019
2016,6.9,35021
2016,5.4,35023
2016,9.1,35025
2016,5.9,35027
2016,4.2,35028
2016,14.4,35029
2016,9.3,35031
2016,8.6,35033
2016,6,35035
2016,6.7,35037
2016,7.4,35039
2016,5.6,35041
2016,6.5,35043
2016,8.7,35045
2016,7.6,35047
2016,5.2,35049
2016,8.3,35051
2016,7.2,35053
2016,8.3,35055
2016,9,35057
2016,4,35059
2016,7.1,35061
2016,4.9,36000
2016,4.1,36001
2016,6.3,36003
2016,7.1,36005
2016,5.4,36007
2016,6,36009
2016,5.1,36011
2016,5.8,36013
2016,5.7,36015
2016,5.1,36017
2016,5.4,36019
2016,3.7,36021
2016,5.7,36023
2016,5.5,36025
2016,4.2,36027
2016,4.9,36029
2016,5.3,36031
2016,5.7,36033
2016,5.7,36035
2016,4.6,36037
2016,5,36039
2016,6.5,36041
2016,5.5,36043
2016,6.2,36045
2016,5.3,36047
2016,6.7,36049
2016,4.9,36051
2016,5.3,36053
2016,4.7,36055
2016,5.7,36057
2016,3.9,36059
2016,4.6,36061
2016,5.8,36063
2016,4.8,36065
2016,4.5,36067
2016,4.3,36069
2016,4.3,36071
2016,5.7,36073
2016,6.5,36075
2016,4.9,36077
2016,4,36079
2016,4.5,36081
2016,4.3,36083
2016,5.2,36085
2016,4.2,36087
2016,6.6,36089
2016,3.8,36091
2016,4.3,36093
2016,5.4,36095
2016,6,36097
2016,4.8,36099
2016,5.8,36101
2016,4.4,36103
2016,4.8,36105
2016,5.1,36107
2016,4.2,36109
2016,4.4,36111
2016,5.3,36113
2016,4.6,36115
2016,5,36117
2016,4.3,36119
2016,5.3,36121
2016,4.4,36123
2016,5.1,37000
2016,4.7,37001
2016,4.2,37003
2016,5.5,37005
2016,5.8,37007
2016,4.8,37009
2016,5,37011
2016,5.7,37013
2016,6.6,37015
2016,6.9,37017
2016,6.4,37019
2016,3.9,37021
2016,4.9,37023
2016,4.6,37025
2016,5.2,37027
2016,5.2,37029
2016,5.2,37031
2016,5.4,37033
2016,4.7,37035
2016,4.2,37037
2016,5.7,37039
2016,6.4,37041
2016,5.5,37043
2016,5.5,37045
2016,6.4,37047
2016,5.2,37049
2016,6.4,37051
2016,5.1,37053
2016,6.7,37055
2016,4.8,37057
2016,4.5,37059
2016,5.3,37061
2016,4.5,37063
2016,8.7,37065
2016,4.9,37067
2016,5.2,37069
2016,5.3,37071
2016,5.1,37073
2016,8.8,37075
2016,4.3,37077
2016,5.3,37079
2016,5.2,37081
2016,7.9,37083
2016,5.8,37085
2016,4.5,37087
2016,4.3,37089
2016,6.6,37091
2016,6.6,37093
2016,9.5,37095
2016,4.8,37097
2016,5.4,37099
2016,4.7,37101
2016,5.3,37103
2016,5.9,37105
2016,5.9,37107
2016,4.7,37109
2016,4.8,37111
2016,5.4,37113
2016,4.9,37115
2016,6.7,37117
2016,4.7,37119
2016,6.1,37121
2016,5.2,37123
2016,5,37125
2016,6.6,37127
2016,4.7,37129
2016,7.3,37131
2016,5.5,37133
2016,4.2,37135
2016,5.3,37137
2016,6.3,37139
2016,5.3,37141
2016,6.4,37143
2016,5.5,37145
2016,5.6,37147
2016,4.6,37149
2016,4.9,37151
2016,6.9,37153
2016,7.9,37155
2016,5.6,37157
2016,5.6,37159
2016,6.7,37161
2016,5.5,37163
2016,9.1,37165
2016,4.6,37167
2016,4.8,37169
2016,4.8,37171
2016,6.1,37173
2016,4.9,37175
2016,8.4,37177
2016,4.4,37179
2016,7.1,37181
2016,4.3,37183
2016,7.3,37185
2016,7.4,37187
2016,4.5,37189
2016,5.8,37191
2016,4.8,37193
2016,8.1,37195
2016,4.4,37197
2016,5.1,37199
2016,3.1,38000
2016,2.6,38001
2016,3.2,38003
2016,4,38005
2016,3,38007
2016,4.6,38009
2016,2.1,38011
2016,4.5,38013
2016,2.6,38015
2016,2.2,38017
2016,2.6,38019
2016,1.9,38021
2016,2.6,38023
2016,3.1,38025
2016,4.3,38027
2016,4.4,38029
2016,3,38031
2016,2.7,38033
2016,2.4,38035
2016,3,38037
2016,2.8,38039
2016,3,38041
2016,3.8,38043
2016,2.4,38045
2016,3.5,38047
2016,4.9,38049
2016,3.1,38051
2016,3.8,38053
2016,3.5,38055
2016,4.4,38057
2016,3.3,38059
2016,3,38061
2016,3.4,38063
2016,5.5,38065
2016,5,38067
2016,4,38069
2016,2.8,38071
2016,2.3,38073
2016,3.8,38075
2016,2.7,38077
2016,10.8,38079
2016,1.9,38081
2016,5.7,38083
2016,4.4,38085
2016,2.5,38087
2016,3.9,38089
2016,2.1,38091
2016,2.5,38093
2016,2.3,38095
2016,2.8,38097
2016,3.8,38099
2016,4.1,38101
2016,3.9,38103
2016,4.4,38105
2016,5,39000
2016,7.6,39001
2016,5,39003
2016,5.1,39005
2016,6.1,39007
2016,6.4,39009
2016,3.8,39011
2016,7.5,39013
2016,5.8,39015
2016,4.5,39017
2016,6.9,39019
2016,4.5,39021
2016,5.3,39023
2016,4.5,39025
2016,5.9,39027
2016,6.7,39029
2016,7.1,39031
2016,6.1,39033
2016,5.4,39035
2016,4.1,39037
2016,5,39039
2016,3.6,39041
2016,5.5,39043
2016,4.3,39045
2016,4.5,39047
2016,4.1,39049
2016,4.7,39051
2016,6.9,39053
2016,4.4,39055
2016,4.4,39057
2016,7.1,39059
2016,4.5,39061
2016,3.7,39063
2016,5,39065
2016,7.7,39067
2016,5.4,39069
2016,6.4,39071
2016,5.6,39073
2016,3.6,39075
2016,6.5,39077
2016,7.9,39079
2016,8.4,39081
2016,4.7,39083
2016,4.8,39085
2016,6.5,39087
2016,4.4,39089
2016,4.2,39091
2016,5.9,39093
2016,5.2,39095
2016,4,39097
2016,6.4,39099
2016,5.1,39101
2016,4.3,39103
2016,8.6,39105
2016,3.3,39107
2016,4.4,39109
2016,11.2,39111
2016,5,39113
2016,8.3,39115
2016,5.1,39117
2016,6.1,39119
2016,8.8,39121
2016,6.5,39123
2016,4.6,39125
2016,6.4,39127
2016,4.9,39129
2016,7.6,39131
2016,5.1,39133
2016,4.8,39135
2016,3.7,39137
2016,5.6,39139
2016,5.5,39141
2016,4.7,39143
2016,7.8,39145
2016,4.9,39147
2016,4.2,39149
2016,5.5,39151
2016,5.1,39153
2016,6.8,39155
2016,5.8,39157
2016,3.8,39159
2016,4.1,39161
2016,7.1,39163
2016,4.2,39165
2016,7,39167
2016,4,39169
2016,4.5,39171
2016,4.2,39173
2016,3.7,39175
2016,4.8,40000
2016,5.8,40001
2016,3.3,40003
2016,6.6,40005
2016,3.1,40007
2016,7.2,40009
2016,3.7,40011
2016,4.3,40013
2016,5.3,40015
2016,4,40017
2016,5.2,40019
2016,5.5,40021
2016,7.6,40023
2016,2.5,40025
2016,3.8,40027
2016,7.3,40029
2016,4.6,40031
2016,4.8,40033
2016,4.8,40035
2016,5.8,40037
2016,4.5,40039
2016,4.9,40041
2016,4,40043
2016,3.8,40045
2016,4.4,40047
2016,5.3,40049
2016,5,40051
2016,3.2,40053
2016,7.4,40055
2016,3.8,40057
2016,3.8,40059
2016,8.3,40061
2016,7.2,40063
2016,4.4,40065
2016,7.1,40067
2016,5.8,40069
2016,6.3,40071
2016,3.3,40073
2016,5.3,40075
2016,8.6,40077
2016,6.9,40079
2016,5.3,40081
2016,4,40083
2016,3.1,40085
2016,4.1,40087
2016,7.1,40089
2016,8.9,40091
2016,4.1,40093
2016,5,40095
2016,5.1,40097
2016,4.5,40099
2016,5.4,40101
2016,3.5,40103
2016,6.1,40105
2016,6.1,40107
2016,4.3,40109
2016,7.2,40111
2016,5.7,40113
2016,5,40115
2016,6.6,40117
2016,3.7,40119
2016,6.1,40121
2016,4.1,40123
2016,4.6,40125
2016,7.3,40127
2016,5.1,40129
2016,5,40131
2016,6.9,40133
2016,6.2,40135
2016,9.5,40137
2016,3.4,40139
2016,4.4,40141
2016,4.7,40143
2016,4.8,40145
2016,4.9,40147
2016,6.9,40149
2016,3.2,40151
2016,6.2,40153
2016,4.8,41000
2016,6.3,41001
2016,3.9,41003
2016,4.4,41005
2016,4.7,41007
2016,6.1,41009
2016,6.4,41011
2016,6.9,41013
2016,6.8,41015
2016,4.9,41017
2016,6.3,41019
2016,5.9,41021
2016,7.7,41023
2016,6.3,41025
2016,4.1,41027
2016,5.7,41029
2016,6.6,41031
2016,6.5,41033
2016,6.8,41035
2016,6.4,41037
2016,5.1,41039
2016,5.6,41041
2016,5.7,41043
2016,5.5,41045
2016,5.1,41047
2016,4.9,41049
2016,4.2,41051
2016,5,41053
2016,4.6,41055
2016,4.9,41057
2016,5.3,41059
2016,5.9,41061
2016,6.8,41063
2016,4.8,41065
2016,4.1,41067
2016,4.2,41069
2016,4.6,41071
2016,5.4,42000
2016,4,42001
2016,5.2,42003
2016,7.5,42005
2016,6.2,42007
2016,5.8,42009
2016,5,42011
2016,5.3,42013
2016,6.5,42015
2016,4.6,42017
2016,5,42019
2016,6.8,42021
2016,7.4,42023
2016,6,42025
2016,4.2,42027
2016,3.9,42029
2016,6.1,42031
2016,7.3,42033
2016,7.1,42035
2016,5.5,42037
2016,6,42039
2016,4.1,42041
2016,4.8,42043
2016,4.9,42045
2016,5.5,42047
2016,6.5,42049
2016,8.1,42051
2016,7.8,42053
2016,5.1,42055
2016,6.3,42057
2016,7.7,42059
2016,7,42061
2016,7.3,42063
2016,6.8,42065
2016,5.3,42067
2016,5.6,42069
2016,4.1,42071
2016,6.7,42073
2016,4.5,42075
2016,5.3,42077
2016,6.3,42079
2016,6.6,42081
2016,6.6,42083
2016,6,42085
2016,5.7,42087
2016,6.2,42089
2016,4.1,42091
2016,4.3,42093
2016,5.2,42095
2016,6.2,42097
2016,4.6,42099
2016,6.7,42101
2016,6.4,42103
2016,7.8,42105
2016,6.2,42107
2016,4.7,42109
2016,7.2,42111
2016,7.2,42113
2016,5.7,42115
2016,7.1,42117
2016,4.8,42119
2016,7.2,42121
2016,5.5,42123
2016,6.1,42125
2016,5.7,42127
2016,5.8,42129
2016,6.2,42131
2016,4.6,42133
2016,5.2,44000
2016,4.6,44001
2016,4.7,44003
2016,4.7,44005
2016,5.5,44007
2016,4.7,44009
2016,5,45000
2016,5.5,45001
2016,5,45003
2016,8.6,45005
2016,4.6,45007
2016,9.1,45009
2016,7.4,45011
2016,4.8,45013
2016,4.6,45015
2016,6.2,45017
2016,4.1,45019
2016,6,45021
2016,7.2,45023
2016,5,45025
2016,6.7,45027
2016,5.6,45029
2016,6.3,45031
2016,6.8,45033
2016,4.6,45035
2016,5.7,45037
2016,7.2,45039
2016,5.3,45041
2016,6.8,45043
2016,4.3,45045
2016,5.2,45047
2016,5.9,45049
2016,5.9,45051
2016,4.4,45053
2016,5.2,45055
2016,5.3,45057
2016,5.2,45059
2016,7.1,45061
2016,4.1,45063
2016,5.6,45065
2016,8.8,45067
2016,8.4,45069
2016,4.5,45071
2016,5.2,45073
2016,8.9,45075
2016,5,45077
2016,4.8,45079
2016,4.6,45081
2016,4.7,45083
2016,5.9,45085
2016,6.2,45087
2016,7.8,45089
2016,4.6,45091
2016,3,46000
2016,2.2,46003
2016,2.6,46005
2016,3.9,46007
2016,2.7,46009
2016,2.7,46011
2016,2.7,46013
2016,2.5,46015
2016,8.3,46017
2016,3.4,46019
2016,2.9,46021
2016,3.2,46023
2016,3.9,46025
2016,3,46027
2016,3.1,46029
2016,4.5,46031
2016,4,46033
2016,2.4,46035
2016,4.2,46037
2016,4.9,46039
2016,9,46041
2016,2.5,46043
2016,2.3,46045
2016,4.4,46047
2016,2.6,46049
2016,3.2,46051
2016,3,46053
2016,2.4,46055
2016,3.3,46057
2016,2.1,46059
2016,3.4,46061
2016,2.9,46063
2016,2.4,46065
2016,2.5,46067
2016,2.7,46069
2016,4.1,46071
2016,2.4,46073
2016,2.3,46075
2016,2.6,46077
2016,3.4,46079
2016,3.3,46081
2016,2.2,46083
2016,4.7,46085
2016,2.5,46087
2016,3.4,46089
2016,3.9,46091
2016,3.1,46093
2016,4.2,46095
2016,2.7,46097
2016,2.6,46099
2016,3.6,46101
2016,10.7,46102
2016,3.1,46103
2016,2.9,46105
2016,2.7,46107
2016,4.1,46109
2016,3,46111
2016,3.1,46115
2016,2.4,46117
2016,2.3,46119
2016,6.4,46121
2016,2.2,46123
2016,2.8,46125
2016,3.1,46127
2016,5.1,46129
2016,2.6,46135
2016,4.5,46137
2016,4.7,47000
2016,4.8,47001
2016,5,47003
2016,7.1,47005
2016,6.9,47007
2016,4.4,47009
2016,4.4,47011
2016,6.9,47013
2016,4.6,47015
2016,6.7,47017
2016,5.6,47019
2016,4,47021
2016,5,47023
2016,6.2,47025
2016,6.5,47027
2016,6.3,47029
2016,4.7,47031
2016,5.2,47033
2016,5.9,47035
2016,3.6,47037
2016,6.9,47039
2016,5.5,47041
2016,4.3,47043
2016,6.2,47045
2016,5,47047
2016,6.2,47049
2016,4.8,47051
2016,5.8,47053
2016,4,47055
2016,5.4,47057
2016,5.4,47059
2016,6.5,47061
2016,5.1,47063
2016,4.6,47065
2016,7.9,47067
2016,6.1,47069
2016,6,47071
2016,5.4,47073
2016,6.5,47075
2016,6.8,47077
2016,5.9,47079
2016,4.6,47081
2016,7.5,47083
2016,6,47085
2016,7,47087
2016,5.3,47089
2016,4.8,47091
2016,4,47093
2016,7.8,47095
2016,7.7,47097
2016,5.8,47099
2016,5.9,47101
2016,4.1,47103
2016,4.7,47105
2016,5.4,47107
2016,7,47109
2016,4.4,47111
2016,4.9,47113
2016,6.3,47115
2016,4.6,47117
2016,4,47119
2016,6.8,47121
2016,5.3,47123
2016,5.1,47125
2016,3.8,47127
2016,6.4,47129
2016,7,47131
2016,5.3,47133
2016,6.3,47135
2016,6.6,47137
2016,5.7,47139
2016,4.9,47141
2016,7.1,47143
2016,5.5,47145
2016,4.1,47147
2016,3.7,47149
2016,7.4,47151
2016,5.8,47153
2016,4.9,47155
2016,5.3,47157
2016,4.6,47159
2016,6.8,47161
2016,5.2,47163
2016,3.9,47165
2016,5.7,47167
2016,4.8,47169
2016,7.1,47171
2016,5.8,47173
2016,6.2,47175
2016,4.8,47177
2016,4.8,47179
2016,6.6,47181
2016,5.8,47183
2016,5,47185
2016,3.4,47187
2016,3.8,47189
2016,4.6,48000
2016,4.3,48001
2016,4.7,48003
2016,5.9,48005
2016,5.6,48007
2016,4.3,48009
2016,2.8,48011
2016,5.3,48013
2016,5.3,48015
2016,4.4,48017
2016,4.1,48019
2016,3.7,48021
2016,3.6,48023
2016,7.5,48025
2016,4.5,48027
2016,3.7,48029
2016,3.1,48031
2016,3.6,48033
2016,4.3,48035
2016,4.7,48037
2016,5.2,48039
2016,3.5,48041
2016,3.8,48043
2016,4.4,48045
2016,11.8,48047
2016,4.3,48049
2016,4.6,48051
2016,3.5,48053
2016,4.3,48055
2016,5.6,48057
2016,4.3,48059
2016,7.2,48061
2016,6.8,48063
2016,3.3,48065
2016,7.2,48067
2016,3.1,48069
2016,6.1,48071
2016,5.1,48073
2016,3,48075
2016,4.4,48077
2016,5.1,48079
2016,4.2,48081
2016,5.8,48083
2016,3.5,48085
2016,3.5,48087
2016,4.7,48089
2016,3.6,48091
2016,4.3,48093
2016,3.4,48095
2016,4,48097
2016,4.7,48099
2016,5.1,48101
2016,8.6,48103
2016,7.5,48105
2016,4.4,48107
2016,4.1,48109
2016,2.2,48111
2016,4,48113
2016,5,48115
2016,3.1,48117
2016,3.8,48119
2016,3.4,48121
2016,5.5,48123
2016,4.9,48125
2016,7.1,48127
2016,4,48129
2016,10.9,48131
2016,5.4,48133
2016,6.3,48135
2016,4.6,48137
2016,3.7,48139
2016,4.9,48141
2016,4,48143
2016,4.4,48145
2016,3.8,48147
2016,3.6,48149
2016,4.3,48151
2016,5,48153
2016,3.7,48155
2016,5,48157
2016,4.9,48159
2016,6.7,48161
2016,4.9,48163
2016,3.7,48165
2016,5.3,48167
2016,3.9,48169
2016,2.8,48171
2016,3.9,48173
2016,5.8,48175
2016,4.2,48177
2016,6.9,48179
2016,3.8,48181
2016,6.1,48183
2016,6.6,48185
2016,3.6,48187
2016,5.6,48189
2016,6.7,48191
2016,4.9,48193
2016,3.1,48195
2016,3.9,48197
2016,6.1,48199
2016,5.3,48201
2016,6,48203
2016,2,48205
2016,4.2,48207
2016,3.3,48209
2016,3.7,48211
2016,4.7,48213
2016,7.8,48215
2016,4.4,48217
2016,4.6,48219
2016,4.7,48221
2016,4,48223
2016,4.6,48225
2016,5.5,48227
2016,6,48229
2016,4.3,48231
2016,5.6,48233
2016,3.2,48235
2016,4.9,48237
2016,4.7,48239
2016,7.7,48241
2016,2.9,48243
2016,7,48245
2016,9.5,48247
2016,10.5,48249
2016,4.3,48251
2016,5.8,48253
2016,4.9,48255
2016,3.8,48257
2016,3.2,48259
2016,4.6,48261
2016,3,48263
2016,3.6,48265
2016,3.8,48267
2016,3.9,48269
2016,5.8,48271
2016,6.7,48273
2016,4.2,48275
2016,4.6,48277
2016,6.5,48279
2016,4.1,48281
2016,5.1,48283
2016,4.2,48285
2016,3.8,48287
2016,6.5,48289
2016,7.5,48291
2016,5.6,48293
2016,4.4,48295
2016,5.9,48297
2016,4.2,48299
2016,4.7,48301
2016,3.4,48303
2016,4,48305
2016,4.5,48307
2016,3.9,48309
2016,2.1,48311
2016,5.1,48313
2016,7,48315
2016,4.4,48317
2016,3.6,48319
2016,7.3,48321
2016,11.2,48323
2016,4.4,48325
2016,4.4,48327
2016,4.4,48329
2016,5.1,48331
2016,4.2,48333
2016,7,48335
2016,4.9,48337
2016,4.9,48339
2016,3,48341
2016,10.9,48343
2016,3.5,48345
2016,4.7,48347
2016,4.2,48349
2016,7.9,48351
2016,4.8,48353
2016,5.6,48355
2016,5.2,48357
2016,3,48359
2016,6.7,48361
2016,5.5,48363
2016,7.2,48365
2016,4.1,48367
2016,2.5,48369
2016,5.9,48371
2016,6.3,48373
2016,3.3,48375
2016,10.7,48377
2016,4,48379
2016,2.9,48381
2016,6.2,48383
2016,5.7,48385
2016,5.8,48387
2016,5.3,48389
2016,6.6,48391
2016,4.5,48393
2016,5.1,48395
2016,3.5,48397
2016,3.9,48399
2016,5.8,48401
2016,9.4,48403
2016,8.9,48405
2016,6.3,48407
2016,7.4,48409
2016,3.4,48411
2016,5.2,48413
2016,5.9,48415
2016,3.8,48417
2016,6,48419
2016,2.9,48421
2016,4.5,48423
2016,4.8,48425
2016,13.3,48427
2016,5.3,48429
2016,3.9,48431
2016,4.4,48433
2016,7.9,48435
2016,4.2,48437
2016,4,48439
2016,3.7,48441
2016,3.9,48443
2016,4.8,48445
2016,3.5,48447
2016,6.2,48449
2016,4.5,48451
2016,3.2,48453
2016,6.1,48455
2016,7.3,48457
2016,6.4,48459
2016,5.3,48461
2016,5.3,48463
2016,6.2,48465
2016,4.3,48467
2016,5.4,48469
2016,5.2,48471
2016,5.6,48473
2016,5.7,48475
2016,5.1,48477
2016,4.9,48479
2016,5,48481
2016,4.7,48483
2016,4.3,48485
2016,4.7,48487
2016,12.2,48489
2016,3.4,48491
2016,3.9,48493
2016,7.7,48495
2016,4.7,48497
2016,5.3,48499
2016,4.8,48501
2016,4.4,48503
2016,10.7,48505
2016,13.9,48507
2016,3.4,49000
2016,4.9,49001
2016,3.5,49003
2016,3.1,49005
2016,6,49007
2016,5.2,49009
2016,3.2,49011
2016,8.9,49013
2016,6.3,49015
2016,8.3,49017
2016,5.9,49019
2016,4.4,49021
2016,3.6,49023
2016,3.8,49025
2016,3.3,49027
2016,3,49029
2016,5.9,49031
2016,3.2,49033
2016,3.2,49035
2016,8.1,49037
2016,4,49039
2016,4.4,49041
2016,3.2,49043
2016,3.8,49045
2016,9.3,49047
2016,3.1,49049
2016,3.4,49051
2016,3.7,49053
2016,7.8,49055
2016,3.8,49057
2016,3.2,50000
2016,3,50001
2016,3.8,50003
2016,4.1,50005
2016,2.5,50007
2016,5,50009
2016,3.1,50011
2016,3.7,50013
2016,4.2,50015
2016,3.1,50017
2016,5.2,50019
2016,3.8,50021
2016,3.2,50023
2016,3.3,50025
2016,2.9,50027
2016,4.1,51000
2016,4.9,51001
2016,3.6,51003
2016,5.1,51005
2016,4.3,51007
2016,4.4,51009
2016,4.7,51011
2016,2.6,51013
2016,3.7,51015
2016,3.7,51017
2016,4.1,51019
2016,5.3,51021
2016,3.7,51023
2016,6,51025
2016,10.8,51027
2016,5.5,51029
2016,4.5,51031
2016,4.5,51033
2016,5.2,51035
2016,4.6,51036
2016,5.1,51037
2016,3.9,51041
2016,3.6,51043
2016,4.8,51045
2016,3.9,51047
2016,4.7,51049
2016,10,51051
2016,4.9,51053
2016,4.9,51057
2016,3.3,51059
2016,3.5,51061
2016,4.1,51063
2016,3.4,51065
2016,4.3,51067
2016,3.5,51069
2016,5.4,51071
2016,3.7,51073
2016,3.8,51075
2016,5.2,51077
2016,3.3,51079
2016,5.1,51081
2016,5.9,51083
2016,3.5,51085
2016,3.9,51087
2016,5.6,51089
2016,3.2,51091
2016,4.4,51093
2016,3.9,51095
2016,4.2,51097
2016,4.3,51099
2016,3.8,51101
2016,5.7,51103
2016,6.9,51105
2016,3.2,51107
2016,3.9,51109
2016,4.7,51111
2016,3.2,51113
2016,4,51115
2016,5.7,51117
2016,3.9,51119
2016,4.2,51121
2016,3.6,51125
2016,3.4,51127
2016,5.9,51131
2016,5.5,51133
2016,4,51135
2016,4.1,51137
2016,5.6,51139
2016,4.9,51141
2016,4.8,51143
2016,3.6,51145
2016,5.4,51147
2016,4.9,51149
2016,3.7,51153
2016,6,51155
2016,3.6,51157
2016,3.7,51159
2016,3.6,51161
2016,4.4,51163
2016,3.6,51165
2016,6.5,51167
2016,4.9,51169
2016,3.8,51171
2016,5.9,51173
2016,4,51175
2016,4.1,51177
2016,4,51179
2016,5.3,51181
2016,6.3,51183
2016,7.6,51185
2016,4.1,51187
2016,4.6,51191
2016,4.6,51193
2016,8.6,51195
2016,5.8,51197
2016,3.9,51199
2016,2.9,51510
2016,5.1,51520
2016,5.1,51530
2016,3.4,51540
2016,4.3,51550
2016,4.5,51570
2016,5.9,51580
2016,6.1,51590
2016,6.5,51595
2016,3.1,51600
2016,2.8,51610
2016,6.1,51620
2016,4.8,51630
2016,5,51640
2016,5.8,51650
2016,4.9,51660
2016,6.6,51670
2016,6.2,51678
2016,5.3,51680
2016,3.6,51683
2016,3.7,51685
2016,7.1,51690
2016,5.2,51700
2016,5.3,51710
2016,6.9,51720
2016,7.9,51730
2016,3.5,51735
2016,6.2,51740
2016,5.5,51750
2016,4.7,51760
2016,4.3,51770
2016,4,51775
2016,3.9,51790
2016,4.7,51800
2016,4,51810
2016,4.2,51820
2016,5.6,51830
2016,4,51840
2016,5.3,53000
2016,6.5,53001
2016,5,53003
2016,6.3,53005
2016,5.7,53007
2016,7.6,53009
2016,6.1,53011
2016,6.5,53013
2016,7.2,53015
2016,6.9,53017
2016,10.4,53019
2016,7.5,53021
2016,5.9,53023
2016,7.2,53025
2016,8.3,53027
2016,5.9,53029
2016,7.1,53031
2016,3.8,53033
2016,5.6,53035
2016,6,53037
2016,6.8,53039
2016,7.8,53041
2016,5.6,53043
2016,7.6,53045
2016,6.7,53047
2016,8.1,53049
2016,8.9,53051
2016,6,53053
2016,4.7,53055
2016,6.5,53057
2016,6.9,53059
2016,4.2,53061
2016,6.1,53063
2016,8.3,53065
2016,5.6,53067
2016,8.6,53069
2016,5.4,53071
2016,5.8,53073
2016,5,53075
2016,7.6,53077
2016,6.1,54000
2016,6.8,54001
2016,4,54003
2016,9.1,54005
2016,8.8,54007
2016,7.1,54009
2016,4.8,54011
2016,12.9,54013
2016,10.4,54015
2016,5.2,54017
2016,7.9,54019
2016,8.3,54021
2016,5.9,54023
2016,5.4,54025
2016,4.4,54027
2016,7,54029
2016,5.7,54031
2016,5.8,54033
2016,6.5,54035
2016,3.4,54037
2016,5.5,54039
2016,8.5,54041
2016,8.5,54043
2016,10.2,54045
2016,12.2,54047
2016,6.5,54049
2016,8,54051
2016,7.1,54053
2016,6.7,54055
2016,6,54057
2016,12.6,54059
2016,4.3,54061
2016,4.6,54063
2016,4.4,54065
2016,8.8,54067
2016,5.6,54069
2016,3.9,54071
2016,8.2,54073
2016,6.7,54075
2016,5.8,54077
2016,4.9,54079
2016,7,54081
2016,6,54083
2016,6.6,54085
2016,10.3,54087
2016,6.1,54089
2016,5.6,54091
2016,5.4,54093
2016,8.9,54095
2016,7.5,54097
2016,6.6,54099
2016,8.3,54101
2016,9.3,54103
2016,8.8,54105
2016,5.7,54107
2016,10.2,54109
2016,4,55000
2016,6,55001
2016,5.4,55003
2016,4.5,55005
2016,6.9,55007
2016,3.6,55009
2016,4.5,55011
2016,6,55013
2016,3.2,55015
2016,4.3,55017
2016,3.9,55019
2016,3.6,55021
2016,4.9,55023
2016,2.8,55025
2016,3.6,55027
2016,5,55029
2016,5.2,55031
2016,4.1,55033
2016,3.4,55035
2016,5.9,55037
2016,3.5,55039
2016,6.2,55041
2016,3.9,55043
2016,3.3,55045
2016,4.9,55047
2016,3.5,55049
2016,7.4,55051
2016,4.4,55053
2016,3.9,55055
2016,4.4,55057
2016,4.6,55059
2016,3.7,55061
2016,3.6,55063
2016,3.2,55065
2016,5.2,55067
2016,4.4,55069
2016,4.3,55071
2016,3.6,55073
2016,5.5,55075
2016,5.1,55077
2016,7.6,55078
2016,5,55079
2016,3.8,55081
2016,4.4,55083
2016,4.9,55085
2016,3.5,55087
2016,3.3,55089
2016,3.8,55091
2016,4,55093
2016,4.6,55095
2016,3.8,55097
2016,4.3,55099
2016,4.9,55101
2016,3.8,55103
2016,4.4,55105
2016,5.1,55107
2016,3.8,55109
2016,3.6,55111
2016,6.2,55113
2016,4.1,55115
2016,3.4,55117
2016,4.1,55119
2016,3.7,55121
2016,3.6,55123
2016,5.7,55125
2016,4,55127
2016,5,55129
2016,3.3,55131
2016,3.4,55133
2016,3.9,55135
2016,5,55137
2016,3.6,55139
2016,4.7,55141
2016,5.3,56000
2016,3.2,56001
2016,5,56003
2016,7.2,56005
2016,4.7,56007
2016,6.2,56009
2016,4.6,56011
2016,7.2,56013
2016,3.5,56015
2016,4.8,56017
2016,5.4,56019
2016,4.2,56021
2016,4.7,56023
2016,7.2,56025
2016,3.3,56027
2016,4.7,56029
2016,4.8,56031
2016,4.7,56033
2016,6.5,56035
2016,6.1,56037
2016,3.5,56039
2016,5.8,56041
2016,4.8,56043
2016,5,56045
2016,11.8,72000
2016,16.8,72001
2016,14,72003
2016,14.9,72005
2016,14.3,72007
2016,14.9,72009
2016,12.9,72011
2016,13.2,72013
2016,18.5,72015
2016,14.1,72017
2016,12.8,72019
2016,9,72021
2016,12.4,72023
2016,10.3,72025
2016,12.4,72027
2016,11.5,72029
2016,8.6,72031
2016,10,72033
2016,10.7,72035
2016,13.1,72037
2016,16.1,72039
2016,10.2,72041
2016,18.1,72043
2016,13.5,72045
2016,12.3,72047
2016,3.3,72049
2016,8.1,72051
2016,13.8,72053
2016,14.5,72054
2016,18.1,72055
2016,16.4,72057
2016,18.7,72059
2016,6,72061
2016,8.5,72063
2016,15.5,72065
2016,12.2,72067
2016,14.1,72069
2016,14.1,72071
2016,12.9,72073
2016,14.5,72075
2016,13.2,72077
2016,18.7,72079
2016,19.3,72081
2016,14.9,72083
2016,13.5,72085
2016,11.3,72087
2016,14.2,72089
2016,11.6,72091
2016,15.2,72093
2016,18.3,72095
2016,13.7,72097
2016,15.6,72099
2016,13.4,72101
2016,12.3,72103
2016,13,72105
2016,15.5,72107
2016,20.6,72109
2016,16.7,72111
2016,13.4,72113
2016,16,72115
2016,15.6,72117
2016,10.5,72119
2016,15.9,72121
2016,21.7,72123
2016,15.3,72125
2016,7.9,72127
2016,12.5,72129
2016,18.9,72131
2016,16.7,72133
2016,8.3,72135
2016,9,72137
2016,7.2,72139
2016,15.5,72141
2016,11.5,72143
2016,13.9,72145
2016,10.6,72147
2016,20.2,72149
2016,16.9,72151
2016,18.8,72153
2007,4.622497900,0
2007,4,1000
2007,3.3,1001
2007,3.1,1003
2007,6.3,1005
2007,4.1,1007
2007,3.2,1009
2007,9.4,1011
2007,6.2,1013
2007,3.9,1015
2007,6.5,1017
2007,4.2,1019
2007,3.4,1021
2007,5.9,1023
2007,6.1,1025
2007,5.5,1027
2007,3.7,1029
2007,3.8,1031
2007,4.6,1033
2007,6.4,1035
2007,5.8,1037
2007,3.9,1039
2007,4.3,1041
2007,3.4,1043
2007,4,1045
2007,8.3,1047
2007,4.3,1049
2007,3.3,1051
2007,5.3,1053
2007,4.5,1055
2007,4.7,1057
2007,4.6,1059
2007,3.5,1061
2007,6.4,1063
2007,5.4,1065
2007,5.4,1067
2007,3.3,1069
2007,4.5,1071
2007,3.9,1073
2007,6.3,1075
2007,4.3,1077
2007,4.1,1079
2007,3.6,1081
2007,3.3,1083
2007,7.5,1085
2007,5.4,1087
2007,3.1,1089
2007,5.3,1091
2007,5.2,1093
2007,3.4,1095
2007,4,1097
2007,6.4,1099
2007,4.1,1101
2007,3.5,1103
2007,8.4,1105
2007,5,1107
2007,4,1109
2007,5.1,1111
2007,6.1,1113
2007,3.4,1115
2007,2.6,1117
2007,6.5,1119
2007,5.2,1121
2007,5.3,1123
2007,3.3,1125
2007,4.3,1127
2007,5.9,1129
2007,9.7,1131
2007,5.6,1133
2007,6.3,2000
2007,8,2013
2007,5.4,2016
2007,5.1,2020
2007,12.8,2050
2007,4.7,2060
2007,6.2,2068
2007,9.1,2070
2007,5.6,2090
2007,7.4,2100
2007,,2105
2007,4.5,2110
2007,7.9,2122
2007,5.7,2130
2007,6.3,2150
2007,20.4,2158
2007,5.5,2164
2007,7.2,2170
2007,11.1,2180
2007,5.4,2185
2007,10.8,2188
2007,,2195
2007,,2198
2007,13.6,2201
2007,5.1,2220
2007,,2230
2007,12.5,2232
2007,8.7,2240
2007,8.4,2261
2007,,2275
2007,9.6,2280
2007,6.8,2282
2007,13.8,2290
2007,3.9,4000
2007,8.8,4001
2007,4.1,4003
2007,3.7,4005
2007,4.3,4007
2007,4.3,4009
2007,3.3,4011
2007,5.1,4012
2007,3.3,4013
2007,4.7,4015
2007,6.4,4017
2007,3.7,4019
2007,4.6,4021
2007,7.4,4023
2007,3.7,4025
2007,14.1,4027
2007,5.3,5000
2007,8.7,5001
2007,8.1,5003
2007,5.4,5005
2007,3.7,5007
2007,5.1,5009
2007,6.1,5011
2007,6.7,5013
2007,4.3,5015
2007,8.2,5017
2007,5.6,5019
2007,9.3,5021
2007,6.1,5023
2007,5.7,5025
2007,6.5,5027
2007,4.9,5029
2007,5,5031
2007,4.9,5033
2007,6.5,5035
2007,7.4,5037
2007,7,5039
2007,9.9,5041
2007,7.4,5043
2007,4.4,5045
2007,4.5,5047
2007,5,5049
2007,5.5,5051
2007,4.9,5053
2007,6.5,5055
2007,5.9,5057
2007,5.3,5059
2007,5.4,5061
2007,6.2,5063
2007,5.9,5065
2007,7.5,5067
2007,7.5,5069
2007,4.8,5071
2007,7.5,5073
2007,6.8,5075
2007,9.4,5077
2007,7.8,5079
2007,4.2,5081
2007,5,5083
2007,4.4,5085
2007,4.1,5087
2007,5.4,5089
2007,4.5,5091
2007,7.3,5093
2007,6.7,5095
2007,5.3,5097
2007,5.7,5099
2007,5.1,5101
2007,7.3,5103
2007,4.8,5105
2007,7.3,5107
2007,5.6,5109
2007,7.2,5111
2007,4.9,5113
2007,4.8,5115
2007,5.7,5117
2007,4.7,5119
2007,9.3,5121
2007,9.6,5123
2007,4.2,5125
2007,4.6,5127
2007,4.9,5129
2007,5.1,5131
2007,4.1,5133
2007,6.7,5135
2007,5.7,5137
2007,6.8,5139
2007,5.9,5141
2007,3.9,5143
2007,6.6,5145
2007,8.7,5147
2007,4.3,5149
2007,5.4,6000
2007,4.7,6001
2007,7.9,6003
2007,5.8,6005
2007,6.7,6007
2007,6.4,6009
2007,11.8,6011
2007,4.7,6013
2007,7.5,6015
2007,5.2,6017
2007,8.6,6019
2007,8.8,6021
2007,5.9,6023
2007,18.1,6025
2007,4.9,6027
2007,8.2,6029
2007,8.7,6031
2007,8.4,6033
2007,8.2,6035
2007,5.1,6037
2007,7.5,6039
2007,3.7,6041
2007,6,6043
2007,5.5,6045
2007,10.1,6047
2007,8.1,6049
2007,4.8,6051
2007,7.1,6053
2007,4,6055
2007,4.8,6057
2007,3.9,6059
2007,4.8,6061
2007,8.5,6063
2007,6,6065
2007,5.4,6067
2007,7.2,6069
2007,5.6,6071
2007,4.6,6073
2007,4.2,6075
2007,8.1,6077
2007,4.3,6079
2007,3.8,6081
2007,4.4,6083
2007,4.7,6085
2007,5.9,6087
2007,7.5,6089
2007,8,6091
2007,8.5,6093
2007,5.3,6095
2007,4.3,6097
2007,8.7,6099
2007,9.7,6101
2007,7.2,6103
2007,10.4,6105
2007,9.2,6107
2007,6.2,6109
2007,4.9,6111
2007,5.7,6113
2007,9.3,6115
2007,3.7,8000
2007,4.2,8001
2007,4,8003
2007,3.7,8005
2007,3.8,8007
2007,2.5,8009
2007,4.8,8011
2007,3.3,8013
2007,3.5,8014
2007,3.6,8015
2007,2.5,8017
2007,3.7,8019
2007,5.5,8021
2007,7.1,8023
2007,6.3,8025
2007,4,8027
2007,3.3,8029
2007,4.1,8031
2007,5,8033
2007,3.1,8035
2007,2.8,8037
2007,3.7,8039
2007,4.2,8041
2007,4.7,8043
2007,2.5,8045
2007,3.5,8047
2007,2.6,8049
2007,2.8,8051
2007,2.8,8053
2007,4.7,8055
2007,2.5,8057
2007,3.6,8059
2007,2.6,8061
2007,2.7,8063
2007,3.6,8065
2007,2.8,8067
2007,3.4,8069
2007,3.6,8071
2007,3.1,8073
2007,3.1,8075
2007,3.2,8077
2007,4.2,8079
2007,3.1,8081
2007,3.9,8083
2007,3.6,8085
2007,3.3,8087
2007,5,8089
2007,2.9,8091
2007,3.6,8093
2007,2.7,8095
2007,2.7,8097
2007,3.4,8099
2007,4.7,8101
2007,2.1,8103
2007,4,8105
2007,2.6,8107
2007,5.2,8109
2007,4.1,8111
2007,3.1,8113
2007,2.2,8115
2007,2.7,8117
2007,3.9,8119
2007,2.7,8121
2007,4.1,8123
2007,2.1,8125
2007,4.5,9000
2007,3.9,9001
2007,4.9,9003
2007,4.2,9005
2007,3.9,9007
2007,4.9,9009
2007,4.2,9011
2007,3.8,9013
2007,5.2,9015
2007,3.4,10000
2007,3.4,10001
2007,3.5,10003
2007,3.4,10005
2007,5.5,11000
2007,5.5,11001
2007,4,12000
2007,3,12001
2007,3.7,12003
2007,3.7,12005
2007,3.4,12007
2007,4.4,12009
2007,3.6,12011
2007,3.7,12013
2007,5.2,12015
2007,5.1,12017
2007,3.5,12019
2007,4.4,12021
2007,3.7,12023
2007,4.9,12027
2007,4.4,12029
2007,4.2,12031
2007,4,12033
2007,6.6,12035
2007,3.2,12037
2007,4.4,12039
2007,3.9,12041
2007,4.8,12043
2007,3.9,12045
2007,4.7,12047
2007,4.6,12049
2007,7.5,12051
2007,5.9,12053
2007,4.9,12055
2007,4.2,12057
2007,3.6,12059
2007,5.7,12061
2007,4,12063
2007,3.4,12065
2007,3,12067
2007,4.2,12069
2007,4.7,12071
2007,3.1,12073
2007,4.3,12075
2007,2.8,12077
2007,6.2,12079
2007,4.2,12081
2007,4.7,12083
2007,4.4,12085
2007,3.1,12086
2007,2.7,12087
2007,3.4,12089
2007,3.1,12091
2007,5.3,12093
2007,3.8,12095
2007,4.3,12097
2007,4.4,12099
2007,5,12101
2007,4.2,12103
2007,4.6,12105
2007,4.8,12107
2007,3.3,12109
2007,5.8,12111
2007,3.7,12113
2007,4.6,12115
2007,3.7,12117
2007,3.6,12119
2007,3.7,12121
2007,4.3,12123
2007,3.2,12125
2007,4.2,12127
2007,3,12129
2007,2.8,12131
2007,4.1,12133
2007,4.5,13000
2007,5.3,13001
2007,5.7,13003
2007,4.8,13005
2007,5,13007
2007,5.6,13009
2007,3,13011
2007,4.2,13013
2007,4.9,13015
2007,6.9,13017
2007,4.3,13019
2007,5.2,13021
2007,5.2,13023
2007,4.5,13025
2007,4.3,13027
2007,3.4,13029
2007,4.3,13031
2007,7.7,13033
2007,5.2,13035
2007,6.6,13037
2007,4,13039
2007,4.4,13043
2007,4.8,13045
2007,3.6,13047
2007,4.7,13049
2007,4,13051
2007,9.4,13053
2007,5.9,13055
2007,3.6,13057
2007,3.9,13059
2007,5.6,13061
2007,5.7,13063
2007,5.3,13065
2007,4,13067
2007,5.9,13069
2007,4.5,13071
2007,3.8,13073
2007,5.6,13075
2007,4,13077
2007,4.7,13079
2007,5.8,13081
2007,4.2,13083
2007,3.7,13085
2007,6,13087
2007,4.8,13089
2007,5,13091
2007,5.3,13093
2007,5.6,13095
2007,4.6,13097
2007,5.6,13099
2007,3.1,13101
2007,3.3,13103
2007,5.7,13105
2007,5.2,13107
2007,4.3,13109
2007,3.7,13111
2007,3.8,13113
2007,4.7,13115
2007,3.3,13117
2007,4.9,13119
2007,4.8,13121
2007,3.6,13123
2007,5.1,13125
2007,3.6,13127
2007,4.7,13129
2007,4,13131
2007,5.3,13133
2007,4,13135
2007,4,13137
2007,3.6,13139
2007,8.4,13141
2007,4.7,13143
2007,3.6,13145
2007,6.5,13147
2007,5,13149
2007,4.3,13151
2007,3.9,13153
2007,6,13155
2007,4.1,13157
2007,4.8,13159
2007,6.8,13161
2007,7.1,13163
2007,8.9,13165
2007,5.8,13167
2007,4.2,13169
2007,5,13171
2007,3.7,13173
2007,5,13175
2007,3.6,13177
2007,5.2,13179
2007,5.8,13181
2007,3.7,13183
2007,3.8,13185
2007,4.1,13187
2007,6.3,13189
2007,4.1,13191
2007,7.3,13193
2007,3.7,13195
2007,4.7,13197
2007,5.9,13199
2007,4.4,13201
2007,5.1,13205
2007,4.1,13207
2007,4.6,13209
2007,4.3,13211
2007,4.5,13213
2007,5.2,13215
2007,5.2,13217
2007,3,13219
2007,3.8,13221
2007,4.1,13223
2007,5.4,13225
2007,3.7,13227
2007,3.9,13229
2007,4.2,13231
2007,4.4,13233
2007,4,13235
2007,4.4,13237
2007,5.4,13239
2007,5.8,13241
2007,6.4,13243
2007,6.1,13245
2007,5,13247
2007,5.9,13249
2007,4.8,13251
2007,5.4,13253
2007,5.6,13255
2007,4.8,13257
2007,6.3,13259
2007,7.1,13261
2007,6.4,13263
2007,7.9,13265
2007,4.8,13267
2007,5.9,13269
2007,7.7,13271
2007,6,13273
2007,4.1,13275
2007,5.3,13277
2007,4.7,13279
2007,3.7,13281
2007,5.8,13283
2007,5.7,13285
2007,6.6,13287
2007,5.6,13289
2007,3.6,13291
2007,6.4,13293
2007,4.4,13295
2007,4.6,13297
2007,4.9,13299
2007,7.5,13301
2007,5.6,13303
2007,5.4,13305
2007,4.5,13307
2007,5.1,13309
2007,3.6,13311
2007,4.6,13313
2007,5.8,13315
2007,6.6,13317
2007,5.4,13319
2007,5.3,13321
2007,2.8,15000
2007,3.6,15001
2007,2.6,15003
2007,2.7,15007
2007,2.9,15009
2007,3.1,16000
2007,2.7,16001
2007,5.8,16003
2007,3,16005
2007,2.3,16007
2007,6.2,16009
2007,2.7,16011
2007,2.3,16013
2007,3.4,16015
2007,3.9,16017
2007,2.2,16019
2007,6.2,16021
2007,2.5,16023
2007,2.6,16025
2007,3.7,16027
2007,2.9,16029
2007,3.2,16031
2007,2.3,16033
2007,7.5,16035
2007,3.4,16037
2007,3.9,16039
2007,2.2,16041
2007,3.3,16043
2007,3.8,16045
2007,2.2,16047
2007,5.1,16049
2007,2.5,16051
2007,2.9,16053
2007,3.4,16055
2007,2.8,16057
2007,4.6,16059
2007,2.6,16061
2007,3.5,16063
2007,2.2,16065
2007,3.9,16067
2007,3,16069
2007,1.8,16071
2007,1.9,16073
2007,4.2,16075
2007,4,16077
2007,5.3,16079
2007,1.7,16081
2007,2.8,16083
2007,4.2,16085
2007,4.2,16087
2007,5,17000
2007,3.9,17001
2007,8.2,17003
2007,5.1,17005
2007,6.5,17007
2007,2.7,17009
2007,4.8,17011
2007,6.6,17013
2007,5,17015
2007,4.3,17017
2007,4.2,17019
2007,5,17021
2007,5.5,17023
2007,5.5,17025
2007,4.7,17027
2007,4.3,17029
2007,5.3,17031
2007,5.4,17033
2007,5,17035
2007,4.3,17037
2007,4.8,17039
2007,4.2,17041
2007,3.9,17043
2007,5.1,17045
2007,4.9,17047
2007,4,17049
2007,6.2,17051
2007,4.9,17053
2007,7.8,17055
2007,5.3,17057
2007,6.2,17059
2007,5,17061
2007,5.7,17063
2007,5.6,17065
2007,5.4,17067
2007,8.1,17069
2007,5.3,17071
2007,4.8,17073
2007,5,17075
2007,4.6,17077
2007,5.1,17079
2007,4.9,17081
2007,5.4,17083
2007,4,17085
2007,6.3,17087
2007,4.5,17089
2007,6.3,17091
2007,4.3,17093
2007,5,17095
2007,4.8,17097
2007,5.9,17099
2007,4.8,17101
2007,5,17103
2007,4.4,17105
2007,4.8,17107
2007,4.2,17109
2007,4.3,17111
2007,3.7,17113
2007,5.6,17115
2007,5.9,17117
2007,5.3,17119
2007,6.3,17121
2007,4.3,17123
2007,6.5,17125
2007,5.6,17127
2007,4.4,17129
2007,5.4,17131
2007,4.2,17133
2007,6.5,17135
2007,4.9,17137
2007,3.6,17139
2007,5.5,17141
2007,4.6,17143
2007,8.2,17145
2007,3.8,17147
2007,4.5,17149
2007,6.9,17151
2007,7.1,17153
2007,5.7,17155
2007,5.2,17157
2007,4.7,17159
2007,4.5,17161
2007,6.1,17163
2007,6.4,17165
2007,4.4,17167
2007,4,17169
2007,5.1,17171
2007,4.8,17173
2007,5.1,17175
2007,5.1,17177
2007,4.2,17179
2007,6.8,17181
2007,6.1,17183
2007,5.4,17185
2007,4.4,17187
2007,4.5,17189
2007,4.7,17191
2007,5.1,17193
2007,5.3,17195
2007,4.8,17197
2007,6.4,17199
2007,5.9,17201
2007,3.4,17203
2007,4.6,18000
2007,4.3,18001
2007,4.8,18003
2007,3.6,18005
2007,4.4,18007
2007,5.8,18009
2007,3.5,18011
2007,4.4,18013
2007,4.1,18015
2007,4.9,18017
2007,4.3,18019
2007,5.8,18021
2007,4.5,18023
2007,6.1,18025
2007,3.1,18027
2007,5,18029
2007,4.5,18031
2007,5.5,18033
2007,5.3,18035
2007,3.1,18037
2007,4.6,18039
2007,7.2,18041
2007,4.1,18043
2007,4.2,18045
2007,5.5,18047
2007,4.8,18049
2007,4.6,18051
2007,6.2,18053
2007,5.1,18055
2007,2.9,18057
2007,3.8,18059
2007,4.5,18061
2007,3.3,18063
2007,5.8,18065
2007,5.5,18067
2007,4.7,18069
2007,3.9,18071
2007,4.7,18073
2007,4.3,18075
2007,4.9,18077
2007,5.1,18079
2007,3.5,18081
2007,4,18083
2007,4.4,18085
2007,4.9,18087
2007,5.2,18089
2007,5.1,18091
2007,6.5,18093
2007,6.3,18095
2007,4.5,18097
2007,4.8,18099
2007,3.9,18101
2007,5.7,18103
2007,3.7,18105
2007,3.9,18107
2007,4.2,18109
2007,5.3,18111
2007,5.4,18113
2007,4.9,18115
2007,5.1,18117
2007,4.9,18119
2007,5,18121
2007,4.4,18123
2007,4.3,18125
2007,3.8,18127
2007,4.3,18129
2007,4.1,18131
2007,5.3,18133
2007,5.6,18135
2007,4.5,18137
2007,4.5,18139
2007,4.9,18141
2007,5.2,18143
2007,4.3,18145
2007,4.2,18147
2007,5.9,18149
2007,6,18151
2007,5.5,18153
2007,3.9,18155
2007,3.9,18157
2007,4.7,18159
2007,4.7,18161
2007,4.7,18163
2007,5.6,18165
2007,5.3,18167
2007,4.8,18169
2007,3.2,18171
2007,3.9,18173
2007,5.2,18175
2007,5.4,18177
2007,4.2,18179
2007,4.4,18181
2007,4.5,18183
2007,3.7,19000
2007,3.5,19001
2007,4.1,19003
2007,4.8,19005
2007,6.8,19007
2007,3.9,19009
2007,3.9,19011
2007,3.7,19013
2007,3.3,19015
2007,3.1,19017
2007,4.2,19019
2007,3.2,19021
2007,4,19023
2007,3.3,19025
2007,2.6,19027
2007,4.1,19029
2007,3.2,19031
2007,3.9,19033
2007,3.6,19035
2007,4.2,19037
2007,4.1,19039
2007,3.1,19041
2007,4.8,19043
2007,3.7,19045
2007,3.3,19047
2007,2.9,19049
2007,4.5,19051
2007,4.1,19053
2007,3.5,19055
2007,4.4,19057
2007,3.9,19059
2007,4,19061
2007,3.7,19063
2007,4.4,19065
2007,4.5,19067
2007,3.5,19069
2007,4,19071
2007,3.5,19073
2007,3.2,19075
2007,3.8,19077
2007,3.2,19079
2007,3.8,19081
2007,3.8,19083
2007,4.2,19085
2007,4.7,19087
2007,3.6,19089
2007,3.1,19091
2007,3.3,19093
2007,3.7,19095
2007,4.7,19097
2007,6.3,19099
2007,4.1,19101
2007,2.7,19103
2007,4.1,19105
2007,4.2,19107
2007,3.6,19109
2007,5.7,19111
2007,3.7,19113
2007,3.7,19115
2007,3.9,19117
2007,2.4,19119
2007,4.1,19121
2007,3.6,19123
2007,3.6,19125
2007,4,19127
2007,3.7,19129
2007,3.3,19131
2007,5.5,19133
2007,4.1,19135
2007,6.2,19137
2007,3.4,19139
2007,3,19141
2007,3.3,19143
2007,4.6,19145
2007,3.4,19147
2007,3,19149
2007,3.2,19151
2007,3.5,19153
2007,4.2,19155
2007,3.9,19157
2007,4.2,19159
2007,3.4,19161
2007,3.7,19163
2007,3.2,19165
2007,2.5,19167
2007,2.8,19169
2007,4.3,19171
2007,4.1,19173
2007,4.1,19175
2007,4.3,19177
2007,4.3,19179
2007,3.3,19181
2007,3.4,19183
2007,4.5,19185
2007,4,19187
2007,3.5,19189
2007,3.6,19191
2007,3.9,19193
2007,3.7,19195
2007,3.9,19197
2007,4.2,20000
2007,4,20001
2007,4.7,20003
2007,4.6,20005
2007,3.2,20007
2007,3.5,20009
2007,4.4,20011
2007,4.1,20013
2007,4.1,20015
2007,4,20017
2007,4.7,20019
2007,4.9,20021
2007,3.5,20023
2007,3.1,20025
2007,3.4,20027
2007,3.6,20029
2007,4.5,20031
2007,3.1,20033
2007,4,20035
2007,4.9,20037
2007,3.1,20039
2007,3.9,20041
2007,4.8,20043
2007,3.9,20045
2007,3.4,20047
2007,5.8,20049
2007,2.8,20051
2007,3.4,20053
2007,3.4,20055
2007,3.2,20057
2007,5.1,20059
2007,4.4,20061
2007,3,20063
2007,3.1,20065
2007,2.8,20067
2007,2.7,20069
2007,3.3,20071
2007,4.6,20073
2007,3.4,20075
2007,3,20077
2007,3.7,20079
2007,2.9,20081
2007,4,20083
2007,5.5,20085
2007,5,20087
2007,2.9,20089
2007,4.1,20091
2007,3.2,20093
2007,3.4,20095
2007,4.7,20097
2007,4.9,20099
2007,3.6,20101
2007,5.4,20103
2007,3.9,20105
2007,6.4,20107
2007,2.8,20109
2007,4.1,20111
2007,3.5,20113
2007,3.7,20115
2007,3.2,20117
2007,2.9,20119
2007,4.7,20121
2007,3.5,20123
2007,4.9,20125
2007,4.9,20127
2007,2.7,20129
2007,3.1,20131
2007,4.1,20133
2007,2.9,20135
2007,3.2,20137
2007,5.5,20139
2007,3.8,20141
2007,3.8,20143
2007,3.1,20145
2007,3,20147
2007,3.3,20149
2007,3.1,20151
2007,3.6,20153
2007,4.2,20155
2007,3.2,20157
2007,3.9,20159
2007,3.1,20161
2007,3.7,20163
2007,3.7,20165
2007,3.6,20167
2007,3.6,20169
2007,2.8,20171
2007,4.2,20173
2007,3.4,20175
2007,4.6,20177
2007,2.8,20179
2007,2.9,20181
2007,3.2,20183
2007,3.7,20185
2007,2.9,20187
2007,3.3,20189
2007,4.4,20191
2007,3,20193
2007,3.3,20195
2007,4,20197
2007,2.9,20199
2007,3.4,20201
2007,3,20203
2007,3.7,20205
2007,5.2,20207
2007,7.6,20209
2007,5.4,21000
2007,5.8,21001
2007,5.8,21003
2007,5,21005
2007,5.5,21007
2007,5.2,21009
2007,7.5,21011
2007,8,21013
2007,4.4,21015
2007,4.9,21017
2007,5.2,21019
2007,6,21021
2007,6,21023
2007,7,21025
2007,6,21027
2007,5.6,21029
2007,6.3,21031
2007,5.3,21033
2007,5.4,21035
2007,5,21037
2007,6.1,21039
2007,5.4,21041
2007,7.1,21043
2007,5.5,21045
2007,6.3,21047
2007,4.9,21049
2007,10.6,21051
2007,5.2,21053
2007,6.1,21055
2007,6.9,21057
2007,4.8,21059
2007,6.3,21061
2007,7.5,21063
2007,6.4,21065
2007,4,21067
2007,6.4,21069
2007,6.5,21071
2007,4.5,21073
2007,7.5,21075
2007,5.4,21077
2007,5.6,21079
2007,5.5,21081
2007,6.3,21083
2007,8.1,21085
2007,6.1,21087
2007,5.4,21089
2007,5.1,21091
2007,5.1,21093
2007,9,21095
2007,4.9,21097
2007,5.3,21099
2007,5,21101
2007,5.3,21103
2007,6.8,21105
2007,5.9,21107
2007,13.6,21109
2007,5.3,21111
2007,4.4,21113
2007,6.1,21115
2007,4.8,21117
2007,6.9,21119
2007,6.7,21121
2007,5.1,21123
2007,5.3,21125
2007,7.8,21127
2007,6.6,21129
2007,8.7,21131
2007,7.4,21133
2007,7.6,21135
2007,6.5,21137
2007,5.4,21139
2007,5.3,21141
2007,6.4,21143
2007,4.9,21145
2007,9,21147
2007,5.8,21149
2007,4.7,21151
2007,10.4,21153
2007,5.1,21155
2007,5.8,21157
2007,7.8,21159
2007,4.6,21161
2007,6,21163
2007,8.5,21165
2007,5.2,21167
2007,5.6,21169
2007,6.8,21171
2007,5.8,21173
2007,8.7,21175
2007,7.9,21177
2007,5.8,21179
2007,6.3,21181
2007,5.2,21183
2007,4.8,21185
2007,5,21187
2007,9.2,21189
2007,5.8,21191
2007,7,21193
2007,5.9,21195
2007,6.6,21197
2007,5.9,21199
2007,4.8,21201
2007,6.6,21203
2007,5.3,21205
2007,6.1,21207
2007,4.4,21209
2007,4.7,21211
2007,5.1,21213
2007,6,21215
2007,5.3,21217
2007,6.5,21219
2007,5.8,21221
2007,6.2,21223
2007,5.5,21225
2007,4.3,21227
2007,5.6,21229
2007,6.5,21231
2007,5.8,21233
2007,6.4,21235
2007,9.7,21237
2007,3.9,21239
2007,4.3,22000
2007,3.8,22001
2007,5.7,22003
2007,4,22005
2007,4.7,22007
2007,5.2,22009
2007,4.9,22011
2007,5.5,22013
2007,4.1,22015
2007,5.2,22017
2007,4.1,22019
2007,4.8,22021
2007,3.7,22023
2007,5.8,22025
2007,5.5,22027
2007,6.1,22029
2007,5.8,22031
2007,4.1,22033
2007,9.7,22035
2007,4.8,22037
2007,5.1,22039
2007,6.7,22041
2007,4.7,22043
2007,3.7,22045
2007,5.9,22047
2007,4.4,22049
2007,3.6,22051
2007,3.5,22053
2007,3,22055
2007,2.9,22057
2007,3.8,22059
2007,4.9,22061
2007,3.9,22063
2007,6.7,22065
2007,8.1,22067
2007,5.1,22069
2007,5.1,22071
2007,5,22073
2007,3.9,22075
2007,4.7,22077
2007,4.2,22079
2007,6.6,22081
2007,6.3,22083
2007,4.5,22085
2007,4.3,22087
2007,3.8,22089
2007,7.5,22091
2007,6.9,22093
2007,5,22095
2007,4.6,22097
2007,3.7,22099
2007,4.3,22101
2007,3.2,22103
2007,4.6,22105
2007,7.5,22107
2007,3,22109
2007,5.1,22111
2007,3.9,22113
2007,4.6,22115
2007,5.8,22117
2007,5.2,22119
2007,4.1,22121
2007,9.5,22123
2007,5.6,22125
2007,5,22127
2007,4.7,23000
2007,4.6,23001
2007,6.3,23003
2007,3.4,23005
2007,6.1,23007
2007,5.5,23009
2007,4.6,23011
2007,4.3,23013
2007,4.2,23015
2007,5.9,23017
2007,5.1,23019
2007,7.5,23021
2007,3.9,23023
2007,6.9,23025
2007,5.4,23027
2007,7.7,23029
2007,4,23031
2007,3.5,24000
2007,5.1,24001
2007,3,24003
2007,3.5,24005
2007,2.8,24009
2007,4.1,24011
2007,2.9,24013
2007,3.8,24015
2007,2.9,24017
2007,5.8,24019
2007,2.9,24021
2007,4.4,24023
2007,3.3,24025
2007,2.5,24027
2007,3.5,24029
2007,2.6,24031
2007,3.6,24033
2007,3.1,24035
2007,2.9,24037
2007,5.3,24039
2007,3.4,24041
2007,4.3,24043
2007,3.9,24045
2007,5.8,24047
2007,5.5,24510
2007,4.6,25000
2007,4.9,25001
2007,4.5,25003
2007,5.9,25005
2007,3.6,25007
2007,4.9,25009
2007,4.3,25011
2007,5.7,25013
2007,3.9,25015
2007,3.8,25017
2007,2.4,25019
2007,4,25021
2007,4.9,25023
2007,4.6,25025
2007,5.1,25027
2007,7,26000
2007,10.3,26001
2007,8.4,26003
2007,6.4,26005
2007,8.4,26007
2007,8.1,26009
2007,9.9,26011
2007,12.8,26013
2007,5.5,26015
2007,6.9,26017
2007,8,26019
2007,6.9,26021
2007,7.4,26023
2007,7,26025
2007,5.7,26027
2007,8.8,26029
2007,10.4,26031
2007,8.9,26033
2007,10.7,26035
2007,5.5,26037
2007,8,26039
2007,7.7,26041
2007,6.1,26043
2007,5.3,26045
2007,9.1,26047
2007,8.4,26049
2007,10.1,26051
2007,7.8,26053
2007,6.6,26055
2007,8.7,26057
2007,8.8,26059
2007,7.2,26061
2007,8,26063
2007,6.2,26065
2007,7.6,26067
2007,10,26069
2007,7.4,26071
2007,5.3,26073
2007,7.7,26075
2007,5.4,26077
2007,8.1,26079
2007,5.9,26081
2007,11,26083
2007,10.5,26085
2007,8,26087
2007,5.5,26089
2007,8,26091
2007,5.3,26093
2007,9.1,26095
2007,10.1,26097
2007,7,26099
2007,8.5,26101
2007,6.3,26103
2007,7.8,26105
2007,7.6,26107
2007,5.8,26109
2007,5.6,26111
2007,8.6,26113
2007,6.8,26115
2007,11.7,26117
2007,13.2,26119
2007,7.3,26121
2007,8,26123
2007,5.8,26125
2007,8.4,26127
2007,8.5,26129
2007,8.4,26131
2007,8.1,26133
2007,10.6,26135
2007,9.3,26137
2007,5.7,26139
2007,12.7,26141
2007,9.8,26143
2007,7.2,26145
2007,8.4,26147
2007,6.4,26149
2007,9.1,26151
2007,10.9,26153
2007,8.3,26155
2007,8.5,26157
2007,7,26159
2007,4.9,26161
2007,8.3,26163
2007,8.7,26165
2007,4.6,27000
2007,6.8,27001
2007,4.5,27003
2007,5.7,27005
2007,6,27007
2007,5,27009
2007,4.7,27011
2007,3.7,27013
2007,4.8,27015
2007,5.7,27017
2007,3.9,27019
2007,7.1,27021
2007,4.3,27023
2007,5.8,27025
2007,3.4,27027
2007,10.3,27029
2007,4.8,27031
2007,4,27033
2007,5.6,27035
2007,4.1,27037
2007,4.3,27039
2007,4.4,27041
2007,5.2,27043
2007,5.1,27045
2007,4.9,27047
2007,4.9,27049
2007,5.9,27051
2007,4.1,27053
2007,5.1,27055
2007,6.4,27057
2007,6,27059
2007,7.2,27061
2007,3.9,27063
2007,8.3,27065
2007,4.3,27067
2007,5.7,27069
2007,7,27071
2007,4.1,27073
2007,4.5,27075
2007,5,27077
2007,6.1,27079
2007,4.5,27081
2007,3.8,27083
2007,5,27085
2007,6.7,27087
2007,8,27089
2007,4.4,27091
2007,5.9,27093
2007,7.6,27095
2007,6.2,27097
2007,4,27099
2007,4.3,27101
2007,3.6,27103
2007,3.5,27105
2007,5.1,27107
2007,3.8,27109
2007,5.3,27111
2007,6.9,27113
2007,7.6,27115
2007,3.7,27117
2007,4.6,27119
2007,4.4,27121
2007,4.4,27123
2007,8.1,27125
2007,4.7,27127
2007,5.2,27129
2007,5,27131
2007,3.2,27133
2007,6.3,27135
2007,5.6,27137
2007,4,27139
2007,5,27141
2007,5,27143
2007,4.6,27145
2007,4.3,27147
2007,3.7,27149
2007,5.2,27151
2007,5.4,27153
2007,5.2,27155
2007,4.4,27157
2007,7.4,27159
2007,4.7,27161
2007,4,27163
2007,5,27165
2007,3.8,27167
2007,4.2,27169
2007,5.1,27171
2007,4.3,27173
2007,6.1,28000
2007,6.4,28001
2007,6.9,28003
2007,6.3,28005
2007,7.5,28007
2007,9.3,28009
2007,8,28011
2007,8.1,28013
2007,6.3,28015
2007,10,28017
2007,7.5,28019
2007,10.9,28021
2007,7.3,28023
2007,14.8,28025
2007,8.9,28027
2007,7.4,28029
2007,5.3,28031
2007,3.9,28033
2007,5,28035
2007,6.9,28037
2007,7.1,28039
2007,7.5,28041
2007,7.2,28043
2007,5.2,28045
2007,5.3,28047
2007,5.5,28049
2007,10.7,28051
2007,8.8,28053
2007,7.6,28055
2007,7.1,28057
2007,5.4,28059
2007,6,28061
2007,13.1,28063
2007,7,28065
2007,4.6,28067
2007,7.8,28069
2007,4.7,28071
2007,4.2,28073
2007,6.3,28075
2007,7.5,28077
2007,6.3,28079
2007,6.1,28081
2007,7.9,28083
2007,6.4,28085
2007,7.4,28087
2007,4.7,28089
2007,6.3,28091
2007,7.4,28093
2007,9.2,28095
2007,9.1,28097
2007,5,28099
2007,5.6,28101
2007,12.4,28103
2007,6.5,28105
2007,7.9,28107
2007,5.9,28109
2007,6.7,28111
2007,6.6,28113
2007,6.4,28115
2007,7.5,28117
2007,8.2,28119
2007,3.9,28121
2007,4.9,28123
2007,8.2,28125
2007,5.5,28127
2007,5.4,28129
2007,5.6,28131
2007,9.5,28133
2007,7.7,28135
2007,6,28137
2007,7,28139
2007,7.9,28141
2007,7.9,28143
2007,6.1,28145
2007,6.3,28147
2007,6.1,28149
2007,8.4,28151
2007,6.4,28153
2007,8.1,28155
2007,8.4,28157
2007,6.6,28159
2007,7.7,28161
2007,7.6,28163
2007,5.1,29000
2007,4.8,29001
2007,3.9,29003
2007,4.4,29005
2007,4.9,29007
2007,4.9,29009
2007,8.7,29011
2007,6.1,29013
2007,5.9,29015
2007,5.4,29017
2007,3.7,29019
2007,4.5,29021
2007,6.6,29023
2007,5.5,29025
2007,4.4,29027
2007,4.9,29029
2007,4.3,29031
2007,5.1,29033
2007,6.3,29035
2007,5,29037
2007,5.7,29039
2007,5.6,29041
2007,3.9,29043
2007,5.5,29045
2007,4.3,29047
2007,5.2,29049
2007,3.9,29051
2007,4.5,29053
2007,7,29055
2007,5.3,29057
2007,5.3,29059
2007,4.5,29061
2007,5.2,29063
2007,6.7,29065
2007,5.9,29067
2007,8,29069
2007,5.6,29071
2007,5.5,29073
2007,4.1,29075
2007,4,29077
2007,4.8,29079
2007,4.6,29081
2007,5.6,29083
2007,7.5,29085
2007,5,29087
2007,4.5,29089
2007,4.7,29091
2007,5.3,29093
2007,5.9,29095
2007,4.5,29097
2007,5.2,29099
2007,4.6,29101
2007,3.8,29103
2007,5.6,29105
2007,5.2,29107
2007,4,29109
2007,4,29111
2007,5.7,29113
2007,6.4,29115
2007,4.4,29117
2007,4.1,29119
2007,5,29121
2007,5.7,29123
2007,5.2,29125
2007,5.3,29127
2007,4.1,29129
2007,5.3,29131
2007,6.6,29133
2007,4.6,29135
2007,5.7,29137
2007,5.5,29139
2007,6.2,29141
2007,6.9,29143
2007,4.7,29145
2007,3.7,29147
2007,5.2,29149
2007,4.7,29151
2007,5.2,29153
2007,6.6,29155
2007,3.9,29157
2007,5.2,29159
2007,4.9,29161
2007,5,29163
2007,3.9,29165
2007,4.8,29167
2007,5.2,29169
2007,5.5,29171
2007,4.9,29173
2007,5.4,29175
2007,5.3,29177
2007,6.9,29179
2007,6.7,29181
2007,4.1,29183
2007,6.5,29185
2007,4.7,29186
2007,5.8,29187
2007,5,29189
2007,5.1,29195
2007,5.7,29197
2007,4.8,29199
2007,5.8,29201
2007,6.9,29203
2007,5,29205
2007,6.4,29207
2007,6.4,29209
2007,6.2,29211
2007,6.8,29213
2007,5.7,29215
2007,4.9,29217
2007,5.4,29219
2007,8.3,29221
2007,6.9,29223
2007,4.8,29225
2007,4.6,29227
2007,6,29229
2007,7.1,29510
2007,3.6,30000
2007,2.8,30001
2007,6.7,30003
2007,3.8,30005
2007,3.2,30007
2007,2.9,30009
2007,3.1,30011
2007,3.5,30013
2007,3.1,30015
2007,3.4,30017
2007,2.7,30019
2007,2.8,30021
2007,4.8,30023
2007,2,30025
2007,4,30027
2007,4,30029
2007,2.6,30031
2007,3,30033
2007,8,30035
2007,3.9,30037
2007,4.8,30039
2007,4.1,30041
2007,3.1,30043
2007,3.7,30045
2007,5.5,30047
2007,3,30049
2007,2.9,30051
2007,7.5,30053
2007,2.2,30055
2007,2.9,30057
2007,5.7,30059
2007,4.7,30061
2007,3.4,30063
2007,5.4,30065
2007,3.5,30067
2007,5.1,30069
2007,4.2,30071
2007,4,30073
2007,3.2,30075
2007,5.3,30077
2007,3.5,30079
2007,4.5,30081
2007,2.4,30083
2007,6.3,30085
2007,5.2,30087
2007,6.6,30089
2007,2.7,30091
2007,3.6,30093
2007,3.1,30095
2007,1.8,30097
2007,3.1,30099
2007,2.5,30101
2007,3.2,30103
2007,3.5,30105
2007,3.4,30107
2007,2.7,30109
2007,2.7,30111
2007,3,31000
2007,2.7,31001
2007,2.8,31003
2007,3.8,31005
2007,2,31007
2007,3.8,31009
2007,2.4,31011
2007,3.2,31013
2007,3,31015
2007,2.6,31017
2007,2.2,31019
2007,4,31021
2007,2.5,31023
2007,3.3,31025
2007,2.4,31027
2007,2.5,31029
2007,2.2,31031
2007,2.4,31033
2007,2.8,31035
2007,2.2,31037
2007,2.7,31039
2007,2.1,31041
2007,4,31043
2007,2.7,31045
2007,3,31047
2007,2.9,31049
2007,3.1,31051
2007,3.2,31053
2007,3.4,31055
2007,2.6,31057
2007,2.5,31059
2007,2.8,31061
2007,2.3,31063
2007,3,31065
2007,3.6,31067
2007,2.7,31069
2007,2.5,31071
2007,3.2,31073
2007,2.6,31075
2007,2.7,31077
2007,2.8,31079
2007,2.2,31081
2007,2.6,31083
2007,3.5,31085
2007,2.7,31087
2007,2.6,31089
2007,2.8,31091
2007,2.8,31093
2007,2.7,31095
2007,2.9,31097
2007,2.2,31099
2007,2.5,31101
2007,3.7,31103
2007,2.8,31105
2007,2.9,31107
2007,2.8,31109
2007,2.6,31111
2007,2.8,31113
2007,4.2,31115
2007,2,31117
2007,3.2,31119
2007,2.9,31121
2007,2.6,31123
2007,2.5,31125
2007,3.8,31127
2007,2.6,31129
2007,3,31131
2007,3,31133
2007,2.4,31135
2007,2.3,31137
2007,3,31139
2007,2.4,31141
2007,2.8,31143
2007,2.5,31145
2007,4.1,31147
2007,2.6,31149
2007,2.7,31151
2007,2.9,31153
2007,3.1,31155
2007,3,31157
2007,2.7,31159
2007,2.7,31161
2007,2.7,31163
2007,2.8,31165
2007,3,31167
2007,2.7,31169
2007,3.7,31171
2007,6.5,31173
2007,2.4,31175
2007,2.8,31177
2007,2.5,31179
2007,3.3,31181
2007,2.9,31183
2007,2.7,31185
2007,4.5,32000
2007,4.3,32001
2007,4.5,32003
2007,4.8,32005
2007,3.3,32007
2007,3.2,32009
2007,4.2,32011
2007,3.6,32013
2007,3.2,32015
2007,4.2,32017
2007,6.4,32019
2007,6.2,32021
2007,6.5,32023
2007,5,32027
2007,4.9,32029
2007,4.3,32031
2007,3.6,32033
2007,4.8,32510
2007,3.5,33000
2007,3.6,33001
2007,3.4,33003
2007,3.5,33005
2007,4.6,33007
2007,3,33009
2007,3.5,33011
2007,3.3,33013
2007,3.8,33015
2007,3.3,33017
2007,3,33019
2007,4.3,34000
2007,5.9,34001
2007,3.4,34003
2007,3.8,34005
2007,4.8,34007
2007,6.6,34009
2007,6.5,34011
2007,5.3,34013
2007,4.3,34015
2007,5,34017
2007,2.8,34019
2007,3.8,34021
2007,3.9,34023
2007,3.7,34025
2007,3,34027
2007,4.6,34029
2007,5.3,34031
2007,5,34033
2007,3.1,34035
2007,3.9,34037
2007,4.5,34039
2007,3.8,34041
2007,3.8,35000
2007,3.6,35001
2007,4.9,35003
2007,3.9,35005
2007,4.2,35006
2007,3.5,35007
2007,2.8,35009
2007,3.9,35011
2007,4.2,35013
2007,3,35015
2007,3.8,35017
2007,5.9,35019
2007,2.8,35021
2007,3,35023
2007,2.5,35025
2007,3.1,35027
2007,2.2,35028
2007,10.1,35029
2007,4.6,35031
2007,7.9,35033
2007,3.8,35035
2007,4.5,35037
2007,4.8,35039
2007,2.8,35041
2007,4.3,35043
2007,3.4,35045
2007,4.2,35047
2007,3,35049
2007,3.5,35051
2007,3.2,35053
2007,4.9,35055
2007,4.6,35057
2007,2.7,35059
2007,3.9,35061
2007,4.6,36000
2007,3.9,36001
2007,5.5,36003
2007,6.8,36005
2007,4.4,36007
2007,5.1,36009
2007,4.4,36011
2007,4.5,36013
2007,4.6,36015
2007,4.9,36017
2007,5.6,36019
2007,3.9,36021
2007,5.2,36023
2007,4.3,36025
2007,3.9,36027
2007,4.7,36029
2007,5.7,36031
2007,5.5,36033
2007,5.4,36035
2007,4.5,36037
2007,4.8,36039
2007,4.7,36041
2007,4.9,36043
2007,5.5,36045
2007,5.4,36047
2007,5.4,36049
2007,4.9,36051
2007,4.7,36053
2007,4.4,36055
2007,5.8,36057
2007,3.7,36059
2007,4.3,36061
2007,5.3,36063
2007,4.3,36065
2007,4.1,36067
2007,4.2,36069
2007,4.3,36071
2007,5.8,36073
2007,5.6,36075
2007,4.5,36077
2007,3.4,36079
2007,4.5,36081
2007,4.3,36083
2007,4.6,36085
2007,3.9,36087
2007,5.8,36089
2007,3.7,36091
2007,4.1,36093
2007,5.8,36095
2007,5,36097
2007,4.4,36099
2007,5.2,36101
2007,3.9,36103
2007,5.2,36105
2007,4.7,36107
2007,3.4,36109
2007,4.3,36111
2007,4.5,36113
2007,4.1,36115
2007,4.7,36117
2007,3.7,36119
2007,4.9,36121
2007,4.2,36123
2007,4.7,37000
2007,5.1,37001
2007,5.2,37003
2007,5.2,37005
2007,7.3,37007
2007,5,37009
2007,4.7,37011
2007,5.6,37013
2007,5.6,37015
2007,6.2,37017
2007,4.5,37019
2007,3.5,37021
2007,6,37023
2007,4.4,37025
2007,7.1,37027
2007,4,37029
2007,4,37031
2007,6.7,37033
2007,5.5,37035
2007,3.8,37037
2007,6.2,37039
2007,6.1,37041
2007,4,37043
2007,6,37045
2007,5.4,37047
2007,4.3,37049
2007,5.3,37051
2007,3.2,37053
2007,4.9,37055
2007,5.6,37057
2007,4.9,37059
2007,4.4,37061
2007,3.8,37063
2007,7.5,37065
2007,4.4,37067
2007,4.4,37069
2007,5.7,37071
2007,4.3,37073
2007,7.1,37075
2007,5.1,37077
2007,5.4,37079
2007,4.7,37081
2007,6.4,37083
2007,4.8,37085
2007,4,37087
2007,3.5,37089
2007,5.2,37091
2007,5.1,37093
2007,5.7,37095
2007,4.6,37097
2007,3.7,37099
2007,4.1,37101
2007,4.4,37103
2007,5.6,37105
2007,5.3,37107
2007,4.9,37109
2007,5.6,37111
2007,4.1,37113
2007,3.9,37115
2007,5.3,37117
2007,4.5,37119
2007,7.1,37121
2007,6.3,37123
2007,4.6,37125
2007,5.3,37127
2007,3.8,37129
2007,6,37131
2007,4.5,37133
2007,3.2,37135
2007,4.3,37137
2007,5,37139
2007,4.2,37141
2007,5.2,37143
2007,6.7,37145
2007,5.1,37147
2007,3.4,37149
2007,4.7,37151
2007,7.4,37153
2007,6.2,37155
2007,6.2,37157
2007,6,37159
2007,6.4,37161
2007,4,37163
2007,10,37165
2007,4.9,37167
2007,4.4,37169
2007,5.3,37171
2007,6.3,37173
2007,3.7,37175
2007,5.6,37177
2007,3.9,37179
2007,6.6,37181
2007,3.5,37183
2007,6.2,37185
2007,6.4,37187
2007,3.4,37189
2007,4.5,37191
2007,5.4,37193
2007,6.3,37195
2007,4.3,37197
2007,5.8,37199
2007,3.1,38000
2007,2.5,38001
2007,3.1,38003
2007,6.6,38005
2007,2.6,38007
2007,3.6,38009
2007,2,38011
2007,2.6,38013
2007,2.7,38015
2007,2.6,38017
2007,3,38019
2007,2.7,38021
2007,3.3,38023
2007,3.8,38025
2007,5.5,38027
2007,5.2,38029
2007,3.4,38031
2007,2.7,38033
2007,2.9,38035
2007,3.6,38037
2007,2.7,38039
2007,4,38041
2007,4.8,38043
2007,3.2,38045
2007,3.6,38047
2007,5,38049
2007,2.8,38051
2007,3.1,38053
2007,4.6,38055
2007,4.1,38057
2007,3.4,38059
2007,5.8,38061
2007,4.1,38063
2007,4.2,38065
2007,5.6,38067
2007,4.5,38069
2007,4,38071
2007,3.1,38073
2007,3,38075
2007,3.3,38077
2007,9.1,38079
2007,3.6,38081
2007,5,38083
2007,6.3,38085
2007,1.6,38087
2007,2.5,38089
2007,2.3,38091
2007,2.9,38093
2007,3.9,38095
2007,3.3,38097
2007,4.2,38099
2007,3,38101
2007,4.6,38103
2007,1.9,38105
2007,5.6,39000
2007,7.7,39001
2007,6.3,39003
2007,6,39005
2007,7,39007
2007,6.1,39009
2007,4.4,39011
2007,5.6,39013
2007,6.5,39015
2007,5.1,39017
2007,6.2,39019
2007,5.9,39021
2007,6.2,39023
2007,5.1,39025
2007,4.8,39027
2007,6.2,39029
2007,6.8,39031
2007,7,39033
2007,5.7,39035
2007,5.6,39037
2007,5.6,39039
2007,4,39041
2007,6,39043
2007,5,39045
2007,4.8,39047
2007,4.7,39049
2007,6.3,39051
2007,6.2,39053
2007,4.5,39055
2007,5.2,39057
2007,6.4,39059
2007,5.1,39061
2007,4.5,39063
2007,6,39065
2007,6.2,39067
2007,6.3,39069
2007,5.9,39071
2007,6.4,39073
2007,4,39075
2007,8.1,39077
2007,7.9,39079
2007,6.4,39081
2007,5.4,39083
2007,4.8,39085
2007,5.2,39087
2007,5.3,39089
2007,5,39091
2007,5.7,39093
2007,6.8,39095
2007,5.2,39097
2007,6.2,39099
2007,5.5,39101
2007,4.8,39103
2007,8.9,39105
2007,3.8,39107
2007,5.4,39109
2007,8.2,39111
2007,6.2,39113
2007,9.3,39115
2007,5.8,39117
2007,7.8,39119
2007,7.4,39121
2007,7.2,39123
2007,5,39125
2007,7.3,39127
2007,6.1,39129
2007,9.5,39131
2007,5.3,39133
2007,5.8,39135
2007,4.8,39137
2007,6.5,39139
2007,6.9,39141
2007,6.1,39143
2007,7.4,39145
2007,5.7,39147
2007,4.8,39149
2007,5.8,39151
2007,5.4,39153
2007,6.2,39155
2007,5.4,39157
2007,4.3,39159
2007,5.5,39161
2007,7.9,39163
2007,4.6,39165
2007,5.2,39167
2007,4.8,39169
2007,6,39171
2007,5.3,39173
2007,6.5,39175
2007,4.1,40000
2007,4.7,40001
2007,4.4,40003
2007,5.4,40005
2007,2.7,40007
2007,2.4,40009
2007,4.2,40011
2007,3.5,40013
2007,5,40015
2007,3.8,40017
2007,3.4,40019
2007,4.1,40021
2007,5.3,40023
2007,3.8,40025
2007,3.7,40027
2007,6.2,40029
2007,4.3,40031
2007,2.7,40033
2007,4.6,40035
2007,4.4,40037
2007,3,40039
2007,4.6,40041
2007,3.1,40043
2007,2.5,40045
2007,2.9,40047
2007,3.3,40049
2007,4.4,40051
2007,3.2,40053
2007,4.9,40055
2007,3.4,40057
2007,2.8,40059
2007,4.1,40061
2007,6.1,40063
2007,3.4,40065
2007,4.9,40067
2007,4.3,40069
2007,4.2,40071
2007,2.6,40073
2007,4.4,40075
2007,5,40077
2007,5.5,40079
2007,4.2,40081
2007,3.9,40083
2007,3.1,40085
2007,3.8,40087
2007,6.4,40089
2007,5.4,40091
2007,2.8,40093
2007,4.3,40095
2007,4.3,40097
2007,2.9,40099
2007,5.5,40101
2007,3.4,40103
2007,5,40105
2007,5,40107
2007,4.4,40109
2007,5.5,40111
2007,4.2,40113
2007,4.9,40115
2007,4.5,40117
2007,3.7,40119
2007,3.9,40121
2007,3.6,40123
2007,4.2,40125
2007,4.9,40127
2007,2.7,40129
2007,3.8,40131
2007,5.5,40133
2007,5.8,40135
2007,3.6,40137
2007,3.1,40139
2007,4.7,40141
2007,3.9,40143
2007,3.8,40145
2007,3.5,40147
2007,3,40149
2007,5.9,40151
2007,2.6,40153
2007,5.2,41000
2007,5.8,41001
2007,4.1,41003
2007,4.6,41005
2007,4.7,41007
2007,5.7,41009
2007,6.6,41011
2007,6.2,41013
2007,6.5,41015
2007,5,41017
2007,7.7,41019
2007,4.5,41021
2007,8,41023
2007,7.3,41025
2007,4.5,41027
2007,5.6,41029
2007,6.7,41031
2007,7,41033
2007,6.9,41035
2007,7.3,41037
2007,5.2,41039
2007,5.5,41041
2007,6.3,41043
2007,5.6,41045
2007,5.4,41047
2007,5.4,41049
2007,4.9,41051
2007,4.9,41053
2007,4.8,41055
2007,4.9,41057
2007,5.8,41059
2007,5.5,41061
2007,6.1,41063
2007,4.9,41065
2007,4.3,41067
2007,5.6,41069
2007,5,41071
2007,4.4,42000
2007,3.3,42001
2007,4.1,42003
2007,5,42005
2007,4.5,42007
2007,5.6,42009
2007,4.2,42011
2007,4.2,42013
2007,4.7,42015
2007,3.8,42017
2007,4,42019
2007,5.3,42021
2007,6,42023
2007,5.4,42025
2007,3.5,42027
2007,3.1,42029
2007,4.8,42031
2007,5.5,42033
2007,5.2,42035
2007,5,42037
2007,4.9,42039
2007,3.3,42041
2007,3.9,42043
2007,4.1,42045
2007,4.7,42047
2007,4.8,42049
2007,5.7,42051
2007,6.6,42053
2007,3.4,42055
2007,5.6,42057
2007,5,42059
2007,5.2,42061
2007,4.7,42063
2007,4.6,42065
2007,4.2,42067
2007,4.8,42069
2007,3.4,42071
2007,5.2,42073
2007,3.5,42075
2007,4.4,42077
2007,5,42079
2007,4.9,42081
2007,5,42083
2007,5.5,42085
2007,5.2,42087
2007,4.9,42089
2007,3.5,42091
2007,3.9,42093
2007,4.4,42095
2007,5.1,42097
2007,4.1,42099
2007,6.1,42101
2007,5.4,42103
2007,7.2,42105
2007,5,42107
2007,4.6,42109
2007,5.5,42111
2007,4.6,42113
2007,4.3,42115
2007,5.5,42117
2007,5.3,42119
2007,4.9,42121
2007,4.6,42123
2007,4.6,42125
2007,4.2,42127
2007,4.6,42129
2007,5.3,42131
2007,3.8,42133
2007,5.2,44000
2007,4.5,44001
2007,5,44003
2007,4.5,44005
2007,5.6,44007
2007,4.3,44009
2007,5.7,45000
2007,8.1,45001
2007,5.4,45003
2007,10.3,45005
2007,5.8,45007
2007,9.1,45009
2007,9.3,45011
2007,4.4,45013
2007,4.8,45015
2007,6.3,45017
2007,4.4,45019
2007,6.8,45021
2007,10.9,45023
2007,7.7,45025
2007,8.4,45027
2007,6.1,45029
2007,6.5,45031
2007,9.1,45033
2007,4.4,45035
2007,6.3,45037
2007,8.5,45039
2007,6.1,45041
2007,6.2,45043
2007,4.7,45045
2007,6.9,45047
2007,6.7,45049
2007,5,45051
2007,4.6,45053
2007,5.4,45055
2007,9.6,45057
2007,7.2,45059
2007,8.1,45061
2007,4.1,45063
2007,10,45065
2007,11.5,45067
2007,11.9,45069
2007,5.6,45071
2007,6.9,45073
2007,8.1,45075
2007,5.1,45077
2007,5.2,45079
2007,5.3,45081
2007,5.6,45083
2007,7,45085
2007,9,45087
2007,9,45089
2007,5.4,45091
2007,2.8,46000
2007,2.9,46003
2007,2.4,46005
2007,4,46007
2007,3.8,46009
2007,2.2,46011
2007,2.3,46013
2007,2.6,46015
2007,11,46017
2007,2.7,46019
2007,3.1,46021
2007,3.3,46023
2007,3.6,46025
2007,2.5,46027
2007,2.6,46029
2007,5.6,46031
2007,2.8,46033
2007,2.4,46035
2007,4.8,46037
2007,3.5,46039
2007,9.6,46041
2007,2.5,46043
2007,2.5,46045
2007,3.2,46047
2007,3.1,46049
2007,3.4,46051
2007,3.2,46053
2007,2.5,46055
2007,2.8,46057
2007,2.7,46059
2007,3,46061
2007,2.5,46063
2007,2.3,46065
2007,3,46067
2007,3.3,46069
2007,5.3,46071
2007,2.4,46073
2007,2.1,46075
2007,2.8,46077
2007,2.9,46079
2007,2.5,46081
2007,2.3,46083
2007,4.3,46085
2007,2.7,46087
2007,4.2,46089
2007,4.2,46091
2007,2.8,46093
2007,4.4,46095
2007,3.5,46097
2007,2.5,46099
2007,3.7,46101
2007,7.8,46102
2007,2.7,46103
2007,2.9,46105
2007,2.9,46107
2007,4,46109
2007,2.4,46111
2007,3.2,46115
2007,2.3,46117
2007,2.2,46119
2007,5.7,46121
2007,2.9,46123
2007,3,46125
2007,3,46127
2007,3.9,46129
2007,2.6,46135
2007,5.9,46137
2007,4.7,47000
2007,4.2,47001
2007,4.8,47003
2007,6.1,47005
2007,5.8,47007
2007,3.9,47009
2007,4.5,47011
2007,5.3,47013
2007,4.8,47015
2007,6.3,47017
2007,4.9,47019
2007,3.8,47021
2007,5.3,47023
2007,5.4,47025
2007,7.9,47027
2007,6.3,47029
2007,4.5,47031
2007,6.1,47033
2007,5.5,47035
2007,3.8,47037
2007,5.6,47039
2007,4.4,47041
2007,4.2,47043
2007,5,47045
2007,6.1,47047
2007,6.3,47049
2007,4.9,47051
2007,6.9,47053
2007,6.2,47055
2007,5.3,47057
2007,6.9,47059
2007,5.9,47061
2007,4.7,47063
2007,3.9,47065
2007,5.6,47067
2007,6.5,47069
2007,5.4,47071
2007,4.6,47073
2007,7,47075
2007,6.5,47077
2007,6.2,47079
2007,5.4,47081
2007,5.4,47083
2007,5.5,47085
2007,6.8,47087
2007,5.1,47089
2007,5.6,47091
2007,3.4,47093
2007,5.8,47095
2007,6.6,47097
2007,8.1,47099
2007,7.3,47101
2007,3.6,47103
2007,3.9,47105
2007,5.5,47107
2007,6,47109
2007,6,47111
2007,4.9,47113
2007,5.9,47115
2007,7.5,47117
2007,7.8,47119
2007,6.2,47121
2007,5.9,47123
2007,4.7,47125
2007,4.1,47127
2007,5.8,47129
2007,5.5,47131
2007,7.2,47133
2007,7.6,47135
2007,8.1,47137
2007,5,47139
2007,4.5,47141
2007,5.8,47143
2007,4.4,47145
2007,4.4,47147
2007,3.7,47149
2007,7,47151
2007,4.8,47153
2007,5,47155
2007,5.1,47157
2007,5.3,47159
2007,6.1,47161
2007,4,47163
2007,4.1,47165
2007,5.1,47167
2007,5.7,47169
2007,5.2,47171
2007,4.4,47173
2007,5.9,47175
2007,6.4,47177
2007,4,47179
2007,7.4,47181
2007,6.5,47183
2007,6,47185
2007,3.7,47187
2007,4,47189
2007,4.3,48000
2007,5,48001
2007,3.2,48003
2007,4.3,48005
2007,4,48007
2007,3.2,48009
2007,3.4,48011
2007,4.1,48013
2007,3.7,48015
2007,4.3,48017
2007,3.8,48019
2007,4.1,48021
2007,3.8,48023
2007,5.9,48025
2007,4.4,48027
2007,4.1,48029
2007,3.3,48031
2007,4,48033
2007,4.2,48035
2007,4.7,48037
2007,4.4,48039
2007,3.6,48041
2007,3.3,48043
2007,4.2,48045
2007,5.3,48047
2007,4.1,48049
2007,3.8,48051
2007,3.4,48053
2007,4.4,48055
2007,4.4,48057
2007,3.4,48059
2007,5.9,48061
2007,4.5,48063
2007,3.1,48065
2007,5.3,48067
2007,3.7,48069
2007,4.6,48071
2007,4.8,48073
2007,4.8,48075
2007,3.5,48077
2007,4.9,48079
2007,5.5,48081
2007,3.5,48083
2007,3.8,48085
2007,3.3,48087
2007,3.6,48089
2007,3.6,48091
2007,3.8,48093
2007,4.9,48095
2007,3.5,48097
2007,5.9,48099
2007,4,48101
2007,4,48103
2007,2.9,48105
2007,4.7,48107
2007,2.7,48109
2007,2.8,48111
2007,4.6,48113
2007,5.2,48115
2007,3.5,48117
2007,4.7,48119
2007,3.8,48121
2007,3.9,48123
2007,3.8,48125
2007,6.2,48127
2007,4.3,48129
2007,4.9,48131
2007,4.3,48133
2007,3.3,48135
2007,3.9,48137
2007,4.3,48139
2007,5.8,48141
2007,3.6,48143
2007,5.2,48145
2007,5.1,48147
2007,3.2,48149
2007,3.9,48151
2007,5.1,48153
2007,3.6,48155
2007,4,48157
2007,3.8,48159
2007,3.6,48161
2007,4.8,48163
2007,3.7,48165
2007,4.6,48167
2007,3.4,48169
2007,2.8,48171
2007,3.5,48173
2007,3.8,48175
2007,3.8,48177
2007,3.4,48179
2007,4.6,48181
2007,3.8,48183
2007,4.6,48185
2007,3.7,48187
2007,4.6,48189
2007,5.3,48191
2007,3.5,48193
2007,3,48195
2007,3.6,48197
2007,4.6,48199
2007,4.2,48201
2007,4.4,48203
2007,3.2,48205
2007,3.5,48207
2007,3.7,48209
2007,2,48211
2007,4.4,48213
2007,6.5,48215
2007,4.6,48217
2007,3.6,48219
2007,4.1,48221
2007,3.8,48223
2007,5.8,48225
2007,4,48227
2007,5,48229
2007,4.6,48231
2007,3.9,48233
2007,2.9,48235
2007,3,48237
2007,3.7,48239
2007,5.6,48241
2007,3.3,48243
2007,5.4,48245
2007,3.7,48247
2007,3.9,48249
2007,4.1,48251
2007,4.7,48253
2007,5.5,48255
2007,4.6,48257
2007,3.4,48259
2007,3,48261
2007,3.3,48263
2007,3.4,48265
2007,3.3,48267
2007,4.6,48269
2007,4.7,48271
2007,4.1,48273
2007,3.7,48275
2007,4.6,48277
2007,4,48279
2007,3.7,48281
2007,4.8,48283
2007,3.1,48285
2007,3.4,48287
2007,4.1,48289
2007,5.2,48291
2007,4.2,48293
2007,2.6,48295
2007,3.8,48297
2007,4,48299
2007,7.3,48301
2007,3.6,48303
2007,4.9,48305
2007,3.8,48307
2007,4.2,48309
2007,5.1,48311
2007,4.6,48313
2007,4.5,48315
2007,3.6,48317
2007,2.7,48319
2007,5.9,48321
2007,11.3,48323
2007,4.1,48325
2007,3.5,48327
2007,2.8,48329
2007,4.1,48331
2007,3.6,48333
2007,5.1,48335
2007,3.5,48337
2007,3.8,48339
2007,2.9,48341
2007,5.2,48343
2007,4,48345
2007,4.1,48347
2007,4.9,48349
2007,6.4,48351
2007,3.6,48353
2007,4.2,48355
2007,2.6,48357
2007,3.9,48359
2007,5.2,48361
2007,3.6,48363
2007,3.8,48365
2007,4,48367
2007,3.1,48369
2007,4.2,48371
2007,5.8,48373
2007,3.8,48375
2007,8.9,48377
2007,4.2,48379
2007,2.9,48381
2007,2,48383
2007,3.9,48385
2007,4.9,48387
2007,5.2,48389
2007,3.7,48391
2007,2.3,48393
2007,5,48395
2007,3.9,48397
2007,4.3,48399
2007,4.1,48401
2007,8,48403
2007,5.4,48405
2007,5.1,48407
2007,4.8,48409
2007,4.6,48411
2007,3.5,48413
2007,3.8,48415
2007,2.6,48417
2007,4.2,48419
2007,3.4,48421
2007,4.1,48423
2007,4.4,48425
2007,10.5,48427
2007,3.5,48429
2007,2.8,48431
2007,3.2,48433
2007,2.1,48435
2007,4.2,48437
2007,4.2,48439
2007,3.4,48441
2007,5,48443
2007,4.6,48445
2007,3.7,48447
2007,3.7,48449
2007,3.7,48451
2007,3.6,48453
2007,4.7,48455
2007,5.4,48457
2007,4,48459
2007,3,48461
2007,5.2,48463
2007,5.4,48465
2007,3.9,48467
2007,3.4,48469
2007,4.7,48471
2007,4.5,48473
2007,3.7,48475
2007,3.6,48477
2007,4.7,48479
2007,4.1,48481
2007,2.5,48483
2007,4.2,48485
2007,3.4,48487
2007,8.1,48489
2007,3.7,48491
2007,4,48493
2007,3.1,48495
2007,4.1,48497
2007,4.5,48499
2007,3.2,48501
2007,3.2,48503
2007,5.3,48505
2007,10.5,48507
2007,2.6,49000
2007,2.5,49001
2007,2.7,49003
2007,2,49005
2007,3.7,49007
2007,3.5,49009
2007,2.5,49011
2007,2.2,49013
2007,3.4,49015
2007,4.6,49017
2007,4.6,49019
2007,2.9,49021
2007,3.1,49023
2007,3.2,49025
2007,2.5,49027
2007,2.6,49029
2007,2.3,49031
2007,2,49033
2007,2.5,49035
2007,5.2,49037
2007,3.1,49039
2007,2.7,49041
2007,2.5,49043
2007,2.8,49045
2007,2.1,49047
2007,2.4,49049
2007,2.5,49051
2007,2.7,49053
2007,4.1,49055
2007,3.1,49057
2007,4,50000
2007,3.9,50001
2007,4,50003
2007,4.5,50005
2007,3.4,50007
2007,5.3,50009
2007,4.3,50011
2007,5.5,50013
2007,4.7,50015
2007,3.7,50017
2007,6.1,50019
2007,4.4,50021
2007,4.1,50023
2007,4.1,50025
2007,3.4,50027
2007,3,51000
2007,4.1,51001
2007,2.2,51003
2007,4.4,51005
2007,2.8,51007
2007,3.5,51009
2007,3.9,51011
2007,1.9,51013
2007,2.6,51015
2007,3.2,51017
2007,3,51019
2007,3.8,51021
2007,2.6,51023
2007,4.8,51025
2007,4.9,51027
2007,3.5,51029
2007,3.4,51031
2007,3.7,51033
2007,5.6,51035
2007,3.9,51036
2007,5.3,51037
2007,2.6,51041
2007,2.7,51043
2007,3.7,51045
2007,3.6,51047
2007,3.2,51049
2007,5.2,51051
2007,3.4,51053
2007,3.7,51057
2007,2.2,51059
2007,2.5,51061
2007,3.5,51063
2007,2.4,51065
2007,3.3,51067
2007,3,51069
2007,4.5,51071
2007,2.5,51073
2007,2.4,51075
2007,5.1,51077
2007,2.1,51079
2007,4.5,51081
2007,6.4,51083
2007,2.5,51085
2007,2.8,51087
2007,5.5,51089
2007,3.4,51091
2007,2.9,51093
2007,2.5,51095
2007,3.5,51097
2007,3.5,51099
2007,2.7,51101
2007,4.4,51103
2007,4.2,51105
2007,2.1,51107
2007,2.9,51109
2007,4.5,51111
2007,2.7,51113
2007,2.6,51115
2007,5.1,51117
2007,3,51119
2007,3.2,51121
2007,2.7,51125
2007,2.7,51127
2007,4.1,51131
2007,4.3,51133
2007,3.9,51135
2007,3.2,51137
2007,5.1,51139
2007,4.1,51141
2007,5.7,51143
2007,2.4,51145
2007,4.6,51147
2007,3.2,51149
2007,2.5,51153
2007,5.5,51155
2007,2.5,51157
2007,4.3,51159
2007,2.5,51161
2007,2.9,51163
2007,2.5,51165
2007,5.2,51167
2007,4.6,51169
2007,3.2,51171
2007,5.4,51173
2007,3.6,51175
2007,2.5,51177
2007,2.6,51179
2007,3.4,51181
2007,4.5,51183
2007,4.5,51185
2007,3,51187
2007,4.5,51191
2007,4.2,51193
2007,3.9,51195
2007,4.5,51197
2007,2.5,51199
2007,2.2,51510
2007,5.1,51520
2007,3.6,51530
2007,3.1,51540
2007,3,51550
2007,3.2,51570
2007,5.9,51580
2007,7.4,51590
2007,6.1,51595
2007,2.5,51600
2007,3.1,51610
2007,4.6,51620
2007,4.5,51630
2007,5.6,51640
2007,3.6,51650
2007,2.9,51660
2007,4.7,51670
2007,4.6,51678
2007,3.7,51680
2007,2.9,51683
2007,2.5,51685
2007,8.2,51690
2007,3.6,51700
2007,4.1,51710
2007,4.1,51720
2007,6.3,51730
2007,2.3,51735
2007,4.2,51740
2007,4,51750
2007,4.4,51760
2007,3.8,51770
2007,3,51775
2007,3.1,51790
2007,3.3,51800
2007,2.7,51810
2007,3.4,51820
2007,5.6,51830
2007,3.2,51840
2007,4.7,53000
2007,6.6,53001
2007,5.2,53003
2007,5.5,53005
2007,5.5,53007
2007,6.6,53009
2007,6.3,53011
2007,7.4,53013
2007,7,53015
2007,5.3,53017
2007,8.9,53019
2007,6.9,53021
2007,5.4,53023
2007,6.5,53025
2007,7.9,53027
2007,5.5,53029
2007,5.3,53031
2007,3.2,53033
2007,4.9,53035
2007,5.4,53037
2007,7.5,53039
2007,7.8,53041
2007,5.8,53043
2007,6.5,53045
2007,7,53047
2007,7.6,53049
2007,7.9,53051
2007,5.3,53053
2007,3.8,53055
2007,5.3,53057
2007,7.5,53059
2007,3.5,53061
2007,5.3,53063
2007,8,53065
2007,4.9,53067
2007,7.4,53069
2007,5.4,53071
2007,4.7,53073
2007,4.3,53075
2007,7,53077
2007,4.6,54000
2007,5.5,54001
2007,4.1,54003
2007,4.7,54005
2007,5.5,54007
2007,5.9,54009
2007,4.1,54011
2007,7,54013
2007,7,54015
2007,4.9,54017
2007,5.4,54019
2007,4.1,54021
2007,5.2,54023
2007,6.1,54025
2007,3.6,54027
2007,5.8,54029
2007,4.2,54031
2007,4.3,54033
2007,4.9,54035
2007,3.2,54037
2007,4,54039
2007,5.1,54041
2007,5.4,54043
2007,5.2,54045
2007,7.4,54047
2007,4.2,54049
2007,5.3,54051
2007,6.9,54053
2007,4.2,54055
2007,4.7,54057
2007,5.7,54059
2007,3.1,54061
2007,4.7,54063
2007,4.7,54065
2007,5,54067
2007,4.2,54069
2007,3.7,54071
2007,5.7,54073
2007,7.3,54075
2007,4.3,54077
2007,3.7,54079
2007,4.4,54081
2007,5.1,54083
2007,5.1,54085
2007,6.4,54087
2007,6,54089
2007,4.9,54091
2007,6.1,54093
2007,6.2,54095
2007,4.4,54097
2007,4.7,54099
2007,5.7,54101
2007,6.9,54103
2007,5.9,54105
2007,4.7,54107
2007,6.1,54109
2007,4.9,55000
2007,6.6,55001
2007,6,55003
2007,5.9,55005
2007,6.6,55007
2007,4.6,55009
2007,4.4,55011
2007,6.9,55013
2007,4.8,55015
2007,5.4,55017
2007,5.7,55019
2007,5,55021
2007,5.4,55023
2007,3.5,55025
2007,5.1,55027
2007,5.4,55029
2007,5,55031
2007,4.5,55033
2007,4.2,55035
2007,6,55037
2007,4.7,55039
2007,7.1,55041
2007,4.8,55043
2007,4.7,55045
2007,5.4,55047
2007,4.5,55049
2007,8,55051
2007,5.6,55053
2007,4.9,55055
2007,6,55057
2007,5.1,55059
2007,4.6,55061
2007,3.9,55063
2007,4.1,55065
2007,6.2,55067
2007,5.7,55069
2007,5.5,55071
2007,4.4,55073
2007,6.2,55075
2007,6.1,55077
2007,10.4,55078
2007,5.8,55079
2007,4.6,55081
2007,6.2,55083
2007,6.2,55085
2007,4.6,55087
2007,3.8,55089
2007,5.1,55091
2007,4.4,55093
2007,6.2,55095
2007,4.5,55097
2007,5.1,55099
2007,5.9,55101
2007,5.2,55103
2007,5.6,55105
2007,7.3,55107
2007,4.9,55109
2007,4.7,55111
2007,6.8,55113
2007,5.3,55115
2007,4.2,55117
2007,5.7,55119
2007,4.5,55121
2007,5.2,55123
2007,6.4,55125
2007,4.6,55127
2007,6.8,55129
2007,4.3,55131
2007,4,55133
2007,5.3,55135
2007,5.8,55137
2007,4.6,55139
2007,5.3,55141
2007,2.8,56000
2007,2.4,56001
2007,4,56003
2007,2,56005
2007,2.9,56007
2007,2.8,56009
2007,2.7,56011
2007,3.8,56013
2007,3.2,56015
2007,3.3,56017
2007,3.3,56019
2007,3.5,56021
2007,2.5,56023
2007,2.6,56025
2007,3,56027
2007,3.1,56029
2007,4,56031
2007,2.8,56033
2007,1.5,56035
2007,2.2,56037
2007,2.2,56039
2007,2.7,56041
2007,3.5,56043
2007,3.2,56045
2007,11.2,72000
2007,14.1,72001
2007,12.7,72003
2007,12.9,72005
2007,12.4,72007
2007,13.7,72009
2007,12.9,72011
2007,12.1,72013
2007,15.6,72015
2007,14.9,72017
2007,12.8,72019
2007,9,72021
2007,9.4,72023
2007,11.1,72025
2007,10.6,72027
2007,13.4,72029
2007,8.6,72031
2007,12.2,72033
2007,12.9,72035
2007,13.6,72037
2007,16.1,72039
2007,12.6,72041
2007,13.4,72043
2007,14.5,72045
2007,12.8,72047
2007,6.8,72049
2007,9.9,72051
2007,13.4,72053
2007,13.4,72054
2007,15.4,72055
2007,13.7,72057
2007,14.6,72059
2007,6.7,72061
2007,10.9,72063
2007,12.3,72065
2007,10.7,72067
2007,14.9,72069
2007,12.3,72071
2007,14.5,72073
2007,12,72075
2007,13.4,72077
2007,13.2,72079
2007,11.7,72081
2007,11,72083
2007,13.5,72085
2007,13.6,72087
2007,15.2,72089
2007,13.8,72091
2007,14.2,72093
2007,19.5,72095
2007,12.6,72097
2007,11.8,72099
2007,14.8,72101
2007,16.1,72103
2007,11.7,72105
2007,14.9,72107
2007,16.5,72109
2007,14.5,72111
2007,11.2,72113
2007,12.1,72115
2007,12.5,72117
2007,11.4,72119
2007,14,72121
2007,14.9,72123
2007,13,72125
2007,8.1,72127
2007,12.4,72129
2007,12.8,72131
2007,14.2,72133
2007,8.3,72135
2007,8.9,72137
2007,7.5,72139
2007,14.8,72141
2007,11.3,72143
2007,12.6,72145
2007,10.9,72147
2007,13.3,72149
2007,18.2,72151
2007,13.1,72153
2009,9.251336793,0
2009,11,1000
2009,9.7,1001
2009,9.8,1003
2009,14.3,1005
2009,13.3,1007
2009,10,1009
2009,15.6,1011
2009,16.4,1013
2009,11.1,1015
2009,19.6,1017
2009,11.7,1019
2009,10.6,1021
2009,13.5,1023
2009,16.5,1025
2009,16.7,1027
2009,10.2,1029
2009,8.5,1031
2009,11.6,1033
2009,19.9,1035
2009,16,1037
2009,10.8,1039
2009,10.4,1041
2009,10.3,1043
2009,9.6,1045
2009,21.1,1047
2009,14.3,1049
2009,9.5,1051
2009,13.5,1053
2009,11.5,1055
2009,14,1057
2009,13.4,1059
2009,10.8,1061
2009,15.3,1063
2009,14.3,1065
2009,11.2,1067
2009,9.3,1069
2009,12.8,1071
2009,10.8,1073
2009,16,1075
2009,10.7,1077
2009,13.6,1079
2009,9.4,1081
2009,9.8,1083
2009,19.3,1085
2009,12.2,1087
2009,8,1089
2009,14.2,1091
2009,16.6,1093
2009,10.2,1095
2009,11.3,1097
2009,19.5,1099
2009,10.5,1101
2009,10.8,1103
2009,19.9,1105
2009,13.7,1107
2009,9.5,1109
2009,14.9,1111
2009,12.3,1113
2009,10.9,1115
2009,7.8,1117
2009,14.9,1119
2009,14.4,1121
2009,13.6,1123
2009,10.2,1125
2009,11.6,1127
2009,15.1,1129
2009,26,1131
2009,17.7,1133
2009,7.7,2000
2009,9.9,2013
2009,7,2016
2009,6.5,2020
2009,14.1,2050
2009,4.8,2060
2009,8.3,2068
2009,10.2,2070
2009,7.1,2090
2009,9,2100
2009,,2105
2009,5.9,2110
2009,9.8,2122
2009,7.1,2130
2009,7.1,2150
2009,20.8,2158
2009,8.1,2164
2009,8.9,2170
2009,11.7,2180
2009,4.7,2185
2009,11.9,2188
2009,,2195
2009,,2198
2009,15.2,2201
2009,6.2,2220
2009,,2230
2009,14.7,2232
2009,9.6,2240
2009,8.5,2261
2009,,2275
2009,10.4,2280
2009,11.5,2282
2009,14.1,2290
2009,9.9,4000
2009,15.8,4001
2009,8,4003
2009,8.5,4005
2009,11.4,4007
2009,15,4009
2009,18.9,4011
2009,9.9,4012
2009,9.1,4013
2009,11.4,4015
2009,15.3,4017
2009,9.1,4019
2009,12.3,4021
2009,15.8,4023
2009,10.5,4025
2009,23,4027
2009,7.8,5000
2009,15.7,5001
2009,10.5,5003
2009,9.3,5005
2009,6.4,5007
2009,7.5,5009
2009,9.8,5011
2009,8.4,5013
2009,6.1,5015
2009,11.1,5017
2009,8.1,5019
2009,11.3,5021
2009,7.5,5023
2009,8.1,5025
2009,9.7,5027
2009,7.5,5029
2009,7,5031
2009,7.8,5033
2009,10.9,5035
2009,8.4,5037
2009,10.2,5039
2009,11.3,5041
2009,11,5043
2009,6.9,5045
2009,7.3,5047
2009,7.5,5049
2009,7.6,5051
2009,7.1,5053
2009,10.1,5055
2009,8.3,5057
2009,8.6,5059
2009,8,5061
2009,8.8,5063
2009,9.2,5065
2009,10.9,5067
2009,9.8,5069
2009,7.2,5071
2009,9.5,5073
2009,9.2,5075
2009,9.2,5077
2009,9.9,5079
2009,6,5081
2009,9.2,5083
2009,6.3,5085
2009,6.8,5087
2009,11.8,5089
2009,5.6,5091
2009,13.9,5093
2009,8.1,5095
2009,7.1,5097
2009,9.3,5099
2009,8,5101
2009,8,5103
2009,7.9,5105
2009,9.5,5107
2009,7.7,5109
2009,8.9,5111
2009,7.6,5113
2009,7.5,5115
2009,7.9,5117
2009,6.7,5119
2009,9.2,5121
2009,10.4,5123
2009,6.6,5125
2009,6.8,5127
2009,7.7,5129
2009,7.6,5131
2009,5.9,5133
2009,9.2,5135
2009,8.8,5137
2009,10.3,5139
2009,10.5,5141
2009,6.3,5143
2009,8.2,5145
2009,11,5147
2009,8.2,5149
2009,11.2,6000
2009,10.3,6001
2009,14.1,6003
2009,11.4,6005
2009,12.3,6007
2009,13.6,6009
2009,17.6,6011
2009,10,6013
2009,11.8,6015
2009,10.9,6017
2009,14.7,6019
2009,14.1,6021
2009,10.7,6023
2009,27.4,6025
2009,9,6027
2009,14.1,6029
2009,14.2,6031
2009,15,6033
2009,12.3,6035
2009,11.6,6037
2009,13.4,6039
2009,7.5,6041
2009,10.3,6043
2009,10,6045
2009,16.6,6047
2009,12.1,6049
2009,8.8,6051
2009,11.5,6053
2009,8.4,6055
2009,10.3,6057
2009,8.7,6059
2009,10.2,6061
2009,15.4,6063
2009,13.1,6065
2009,11,6067
2009,14,6069
2009,12.7,6071
2009,9.4,6073
2009,8.7,6075
2009,14.9,6077
2009,8.8,6079
2009,8.2,6081
2009,8.2,6083
2009,10.6,6085
2009,11.1,6087
2009,14.3,6089
2009,14.9,6091
2009,14.2,6093
2009,10.4,6095
2009,9.4,6097
2009,15.5,6099
2009,16.5,6101
2009,13.6,6103
2009,16.8,6105
2009,14.9,6107
2009,12.2,6109
2009,9.6,6111
2009,11,6113
2009,16.8,6115
2009,7.3,8000
2009,8.5,8001
2009,6.3,8003
2009,7.3,8005
2009,7.5,8007
2009,3.7,8009
2009,6.5,8011
2009,6.1,8013
2009,6.9,8014
2009,6.3,8015
2009,2.6,8017
2009,7.2,8019
2009,7.4,8021
2009,9.1,8023
2009,8.6,8025
2009,6.2,8027
2009,7.1,8029
2009,8.1,8031
2009,13.1,8033
2009,6.2,8035
2009,7,8037
2009,7,8039
2009,7.9,8041
2009,8.5,8043
2009,7,8045
2009,6,8047
2009,6.7,8049
2009,5.4,8051
2009,3.2,8053
2009,8.7,8055
2009,4.1,8057
2009,7.1,8059
2009,4.2,8061
2009,3.9,8063
2009,8.6,8065
2009,5.4,8067
2009,6.3,8069
2009,8.1,8071
2009,4.1,8073
2009,5,8075
2009,8.4,8077
2009,6.7,8079
2009,6.2,8081
2009,7.3,8083
2009,8.1,8085
2009,5.4,8087
2009,6.8,8089
2009,5.6,8091
2009,7,8093
2009,3.6,8095
2009,6,8097
2009,5.8,8099
2009,8.2,8101
2009,4.9,8103
2009,6.1,8105
2009,6.5,8107
2009,8,8109
2009,7.4,8111
2009,5.9,8113
2009,3.7,8115
2009,6.1,8117
2009,7.5,8119
2009,4,8121
2009,8.2,8123
2009,3.3,8125
2009,7.9,9000
2009,7.5,9001
2009,8.3,9003
2009,7.9,9005
2009,6.7,9007
2009,8.6,9009
2009,7.5,9011
2009,6.6,9013
2009,8.8,9015
2009,8.3,10000
2009,8.1,10001
2009,8.3,10003
2009,8.2,10005
2009,9.3,11000
2009,9.3,11001
2009,10.4,12000
2009,7.1,12001
2009,10.1,12003
2009,9.1,12005
2009,8.1,12007
2009,10.4,12009
2009,9.1,12011
2009,8.5,12013
2009,11.9,12015
2009,12.1,12017
2009,9.3,12019
2009,11.1,12021
2009,9.3,12023
2009,10.1,12027
2009,11.4,12029
2009,10.5,12031
2009,9.9,12033
2009,14.7,12035
2009,7.4,12037
2009,10,12039
2009,9.3,12041
2009,9.3,12043
2009,9.6,12045
2009,11.2,12047
2009,10.5,12049
2009,14.2,12051
2009,13.3,12053
2009,10.8,12055
2009,10.6,12057
2009,8,12059
2009,12.9,12061
2009,7.4,12063
2009,8.1,12065
2009,7.5,12067
2009,11.1,12069
2009,12.3,12071
2009,7.1,12073
2009,11.5,12075
2009,5.8,12077
2009,10.7,12079
2009,11.6,12081
2009,12.8,12083
2009,11,12085
2009,10.4,12086
2009,6.8,12087
2009,9.6,12089
2009,7.2,12091
2009,11.9,12093
2009,10.4,12095
2009,11.2,12097
2009,10.7,12099
2009,11.9,12101
2009,10.8,12103
2009,11.3,12105
2009,11.8,12107
2009,8.4,12109
2009,13.4,12111
2009,9.1,12113
2009,11.3,12115
2009,9.8,12117
2009,9.1,12119
2009,9.7,12121
2009,10.8,12123
2009,7.5,12125
2009,10.8,12127
2009,7,12129
2009,7.6,12131
2009,10.1,12133
2009,9.9,13000
2009,10.1,13001
2009,15,13003
2009,9.4,13005
2009,9.3,13007
2009,12.4,13009
2009,7.6,13011
2009,10.6,13013
2009,12.1,13015
2009,15.6,13017
2009,13,13019
2009,9.7,13021
2009,10,13023
2009,10.9,13025
2009,8.6,13027
2009,7.8,13029
2009,9.4,13031
2009,11.9,13033
2009,12,13035
2009,11.2,13037
2009,8.9,13039
2009,9.3,13043
2009,11,13045
2009,8.4,13047
2009,10.9,13049
2009,8.6,13051
2009,14.8,13053
2009,13.3,13055
2009,8.9,13057
2009,7.6,13059
2009,8.6,13061
2009,11.8,13063
2009,11,13065
2009,9.1,13067
2009,15.4,13069
2009,9.1,13071
2009,6.9,13073
2009,12.8,13075
2009,9.8,13077
2009,10,13079
2009,12.2,13081
2009,10.5,13083
2009,10,13085
2009,12.7,13087
2009,10,13089
2009,10.7,13091
2009,9.9,13093
2009,10.5,13095
2009,10.8,13097
2009,10.5,13099
2009,7.2,13101
2009,8.2,13103
2009,12.2,13105
2009,10.7,13107
2009,8.8,13109
2009,10.5,13111
2009,8.4,13113
2009,10.5,13115
2009,8.2,13117
2009,11.9,13119
2009,10.1,13121
2009,10.4,13123
2009,11.4,13125
2009,8.5,13127
2009,13,13129
2009,9.7,13131
2009,11.3,13133
2009,9,13135
2009,10,13137
2009,9.4,13139
2009,19.6,13141
2009,12,13143
2009,7.3,13145
2009,13.5,13147
2009,13,13149
2009,9.7,13151
2009,7.2,13153
2009,15.1,13155
2009,11.1,13157
2009,12.5,13159
2009,13.8,13161
2009,14.5,13163
2009,19.5,13165
2009,12.5,13167
2009,8.6,13169
2009,13.6,13171
2009,9.1,13173
2009,11.2,13175
2009,7.2,13177
2009,8.5,13179
2009,10.9,13181
2009,6.5,13183
2009,8.5,13185
2009,11.7,13187
2009,11.4,13189
2009,10.1,13191
2009,12.4,13193
2009,8.7,13195
2009,9.9,13197
2009,13.8,13199
2009,8.7,13201
2009,10,13205
2009,9.1,13207
2009,9,13209
2009,10,13211
2009,13,13213
2009,9.1,13215
2009,12.2,13217
2009,6.2,13219
2009,8.5,13221
2009,10.1,13223
2009,10.3,13225
2009,10.6,13227
2009,9.4,13229
2009,11,13231
2009,10.8,13233
2009,7.8,13235
2009,11,13237
2009,11.9,13239
2009,10.4,13241
2009,12.2,13243
2009,10.1,13245
2009,11.1,13247
2009,12.7,13249
2009,14.2,13251
2009,10.8,13253
2009,14.2,13255
2009,10.6,13257
2009,10.6,13259
2009,13,13261
2009,9.4,13263
2009,14.5,13265
2009,9,13267
2009,11.9,13269
2009,13.9,13271
2009,10.4,13273
2009,9.2,13275
2009,11,13277
2009,9.9,13279
2009,8.7,13281
2009,11.4,13283
2009,12.9,13285
2009,14.1,13287
2009,11.1,13289
2009,9.5,13291
2009,12.9,13293
2009,10.9,13295
2009,10.4,13297
2009,10.9,13299
2009,18.1,13301
2009,13.7,13303
2009,11.8,13305
2009,10,13307
2009,9.6,13309
2009,9.8,13311
2009,12.8,13313
2009,12,13315
2009,11.9,13317
2009,11.1,13319
2009,10.1,13321
2009,7.2,15000
2009,10.2,15001
2009,6,15003
2009,9.8,15007
2009,9.1,15009
2009,8.8,16000
2009,8.9,16001
2009,16.3,16003
2009,7.8,16005
2009,5.9,16007
2009,15,16009
2009,6.6,16011
2009,8.4,16013
2009,9,16015
2009,11.1,16017
2009,6.4,16019
2009,13.6,16021
2009,5.7,16023
2009,10.5,16025
2009,11.3,16027
2009,6.7,16029
2009,6,16031
2009,6,16033
2009,14.8,16035
2009,6.1,16037
2009,8.5,16039
2009,5.5,16041
2009,8.9,16043
2009,11.7,16045
2009,6.2,16047
2009,11.1,16049
2009,7,16051
2009,7.1,16053
2009,10.1,16055
2009,6.8,16057
2009,9,16059
2009,6.1,16061
2009,12,16063
2009,6.1,16065
2009,6.7,16067
2009,6.8,16069
2009,6.3,16071
2009,4.5,16073
2009,9.9,16075
2009,8.1,16077
2009,14.1,16079
2009,6.9,16081
2009,7,16083
2009,14.4,16085
2009,9.9,16087
2009,10.2,17000
2009,7.3,17001
2009,12.3,17003
2009,9.9,17005
2009,15.4,17007
2009,4.5,17009
2009,10.5,17011
2009,10,17013
2009,10.9,17015
2009,6.9,17017
2009,8.3,17019
2009,10,17021
2009,13.1,17023
2009,12.6,17025
2009,8.5,17027
2009,9.1,17029
2009,10.5,17031
2009,9.9,17033
2009,9.8,17035
2009,10,17037
2009,8.5,17039
2009,8.7,17041
2009,8.6,17043
2009,10.3,17045
2009,9.1,17047
2009,8,17049
2009,11,17051
2009,10,17053
2009,13,17055
2009,11.4,17057
2009,10,17059
2009,8.4,17061
2009,12.2,17063
2009,9.4,17065
2009,11.1,17067
2009,11,17069
2009,9.6,17071
2009,9.2,17073
2009,9.6,17075
2009,7.3,17077
2009,9.2,17079
2009,9.6,17081
2009,9.4,17083
2009,9,17085
2009,10.5,17087
2009,10.5,17089
2009,12.2,17091
2009,10.1,17093
2009,9.6,17095
2009,9.8,17097
2009,12.2,17099
2009,10,17101
2009,10.5,17103
2009,10.3,17105
2009,9.3,17107
2009,8.6,17109
2009,9.8,17111
2009,7.2,17113
2009,11.5,17115
2009,10.6,17117
2009,10.2,17119
2009,11.9,17121
2009,10.5,17123
2009,12.3,17125
2009,9,17127
2009,7.4,17129
2009,10.3,17131
2009,7.8,17133
2009,11.9,17135
2009,8.1,17137
2009,8.7,17139
2009,12.5,17141
2009,11,17143
2009,12,17145
2009,8,17147
2009,8.1,17149
2009,10.4,17151
2009,11.1,17153
2009,13.6,17155
2009,9.2,17157
2009,10.1,17159
2009,9.2,17161
2009,10.9,17163
2009,9.9,17165
2009,7.5,17167
2009,6.7,17169
2009,7.8,17171
2009,9.8,17173
2009,10.4,17175
2009,11.4,17177
2009,10.5,17179
2009,11.2,17181
2009,11.5,17183
2009,10.4,17185
2009,7.5,17187
2009,8.1,17189
2009,10,17191
2009,8.6,17193
2009,10.4,17195
2009,10.3,17197
2009,9.2,17199
2009,15,17201
2009,8.2,17203
2009,10.3,18000
2009,14.6,18001
2009,10.5,18003
2009,9.6,18005
2009,10,18007
2009,14,18009
2009,7.7,18011
2009,9.9,18013
2009,10.6,18015
2009,12,18017
2009,8.7,18019
2009,11.2,18021
2009,10.8,18023
2009,12.3,18025
2009,5.9,18027
2009,9.8,18029
2009,12.4,18031
2009,13.7,18033
2009,10.7,18035
2009,7.5,18037
2009,17.9,18039
2009,15.2,18041
2009,8.5,18043
2009,12.7,18045
2009,10.5,18047
2009,12.7,18049
2009,8.7,18051
2009,11.7,18053
2009,8.5,18055
2009,6.6,18057
2009,8.5,18059
2009,9.2,18061
2009,7.6,18063
2009,12.7,18065
2009,14.8,18067
2009,12.8,18069
2009,11.1,18071
2009,10.2,18073
2009,11.3,18075
2009,10.9,18077
2009,13.6,18079
2009,8.3,18081
2009,7.4,18083
2009,12.4,18085
2009,17.4,18087
2009,10.6,18089
2009,11.9,18091
2009,13.2,18093
2009,10.9,18095
2009,9.3,18097
2009,13.5,18099
2009,7.3,18101
2009,14.5,18103
2009,6.5,18105
2009,10.1,18107
2009,9.2,18109
2009,11.2,18111
2009,17.2,18113
2009,10.8,18115
2009,10.7,18117
2009,9.4,18119
2009,10,18121
2009,10.2,18123
2009,9.6,18125
2009,9.3,18127
2009,8.2,18129
2009,10.4,18131
2009,10.9,18133
2009,12,18135
2009,10.8,18137
2009,10.5,18139
2009,11.5,18141
2009,12.9,18143
2009,10.4,18145
2009,9.2,18147
2009,14.2,18149
2009,14.5,18151
2009,9.9,18153
2009,7.9,18155
2009,9.1,18157
2009,13,18159
2009,10.2,18161
2009,8.2,18163
2009,12.1,18165
2009,10.1,18167
2009,13.1,18169
2009,10.5,18171
2009,7.7,18173
2009,11.9,18175
2009,12.3,18177
2009,10.7,18179
2009,11.1,18181
2009,12.6,18183
2009,6.4,19000
2009,5.8,19001
2009,6.1,19003
2009,10.2,19005
2009,8.7,19007
2009,5.8,19009
2009,6.3,19011
2009,6.1,19013
2009,5.9,19015
2009,5.4,19017
2009,6.6,19019
2009,5.2,19021
2009,6.6,19023
2009,5.2,19025
2009,4.2,19027
2009,6.8,19029
2009,5.6,19031
2009,6.9,19033
2009,4.6,19035
2009,8.9,19037
2009,7.6,19039
2009,6.8,19041
2009,8.6,19043
2009,7.3,19045
2009,4.6,19047
2009,4.9,19049
2009,9.1,19051
2009,6.7,19053
2009,6.7,19055
2009,8,19057
2009,7.1,19059
2009,6.6,19061
2009,8.3,19063
2009,8.6,19065
2009,8.8,19067
2009,7.4,19069
2009,6.9,19071
2009,5.9,19073
2009,5.8,19075
2009,6.3,19077
2009,7.6,19079
2009,10,19081
2009,6.6,19083
2009,5,19085
2009,9.3,19087
2009,8.8,19089
2009,5.9,19091
2009,5.4,19093
2009,7.1,19095
2009,8.4,19097
2009,8.6,19099
2009,8.6,19101
2009,4.5,19103
2009,7.2,19105
2009,8,19107
2009,5.9,19109
2009,10.2,19111
2009,6.1,19113
2009,8.3,19115
2009,6.4,19117
2009,4.3,19119
2009,6.7,19121
2009,8.3,19123
2009,6.7,19125
2009,7.3,19127
2009,4.6,19129
2009,5.9,19131
2009,7.5,19133
2009,7.6,19135
2009,8.9,19137
2009,8.7,19139
2009,5.3,19141
2009,6.2,19143
2009,8.6,19145
2009,7.1,19147
2009,4.7,19149
2009,5.7,19151
2009,6.1,19153
2009,5.1,19155
2009,6.8,19157
2009,5.5,19159
2009,5.1,19161
2009,7.1,19163
2009,4,19165
2009,4.4,19167
2009,4.7,19169
2009,7.2,19171
2009,6.9,19173
2009,6.6,19175
2009,8.8,19177
2009,8.7,19179
2009,5.9,19181
2009,5.6,19183
2009,6.3,19185
2009,7.4,19187
2009,9.4,19189
2009,6.3,19191
2009,5.7,19193
2009,7.2,19195
2009,7.4,19197
2009,6.9,20000
2009,7.8,20001
2009,7.6,20003
2009,9.2,20005
2009,4.5,20007
2009,5.6,20009
2009,7,20011
2009,5.6,20013
2009,7.3,20015
2009,5.3,20017
2009,8.8,20019
2009,8.4,20021
2009,3.5,20023
2009,3.7,20025
2009,4.5,20027
2009,4.4,20029
2009,5.8,20031
2009,3.5,20033
2009,6.9,20035
2009,8.5,20037
2009,3.7,20039
2009,5.2,20041
2009,10.4,20043
2009,5.7,20045
2009,4.2,20047
2009,8.2,20049
2009,3.9,20051
2009,4.2,20053
2009,4.4,20055
2009,3.5,20057
2009,9.2,20059
2009,7.4,20061
2009,3,20063
2009,4.4,20065
2009,3.9,20067
2009,3,20069
2009,3.8,20071
2009,6.6,20073
2009,3.9,20075
2009,5.1,20077
2009,7,20079
2009,3.3,20081
2009,4,20083
2009,7,20085
2009,7.6,20087
2009,4.2,20089
2009,6.5,20091
2009,4.4,20093
2009,5.6,20095
2009,3.5,20097
2009,8.6,20099
2009,3.3,20101
2009,8,20103
2009,5.5,20105
2009,11.2,20107
2009,3.3,20109
2009,6.1,20111
2009,4.9,20113
2009,5.5,20115
2009,5.6,20117
2009,3.8,20119
2009,8.2,20121
2009,4.6,20123
2009,9.8,20125
2009,7,20127
2009,4.2,20129
2009,4.1,20131
2009,8.4,20133
2009,3.9,20135
2009,4.4,20137
2009,7.8,20139
2009,4.4,20141
2009,5.6,20143
2009,3.8,20145
2009,6.2,20147
2009,5.7,20149
2009,5,20151
2009,3.9,20153
2009,5.8,20155
2009,4.2,20157
2009,5,20159
2009,4.4,20161
2009,6.7,20163
2009,5.7,20165
2009,4.9,20167
2009,5.5,20169
2009,3,20171
2009,8.4,20173
2009,4.9,20175
2009,6.5,20177
2009,2.8,20179
2009,4,20181
2009,4.7,20183
2009,5.2,20185
2009,3.3,20187
2009,4.8,20189
2009,8.7,20191
2009,3.7,20193
2009,3.7,20195
2009,7.2,20197
2009,6,20199
2009,4.8,20201
2009,3.4,20203
2009,10.8,20205
2009,8.5,20207
2009,10.7,20209
2009,10.3,21000
2009,10.8,21001
2009,14.4,21003
2009,10.4,21005
2009,10,21007
2009,12.3,21009
2009,15.4,21011
2009,12,21013
2009,9,21015
2009,9.6,21017
2009,8.4,21019
2009,11.3,21021
2009,11.2,21023
2009,10.2,21025
2009,11.8,21027
2009,10.8,21029
2009,14.3,21031
2009,10,21033
2009,8.3,21035
2009,10,21037
2009,8.8,21039
2009,13,21041
2009,12.5,21043
2009,10.6,21045
2009,12.3,21047
2009,11,21049
2009,13.7,21051
2009,9.4,21053
2009,10.6,21055
2009,12.8,21057
2009,9.3,21059
2009,13.6,21061
2009,13.4,21063
2009,12.5,21065
2009,7.8,21067
2009,12.3,21069
2009,10.9,21071
2009,8.9,21073
2009,12.7,21075
2009,12.1,21077
2009,11.8,21079
2009,11.5,21081
2009,9.9,21083
2009,14.7,21085
2009,11.8,21087
2009,9.3,21089
2009,11.7,21091
2009,10.3,21093
2009,10.9,21095
2009,11.4,21097
2009,10.3,21099
2009,10.6,21101
2009,10.5,21103
2009,8.8,21105
2009,9.2,21107
2009,16.4,21109
2009,10.1,21111
2009,9.1,21113
2009,10.3,21115
2009,9.9,21117
2009,10.6,21119
2009,11.6,21121
2009,11.8,21123
2009,10.2,21125
2009,11.8,21127
2009,11.7,21129
2009,12.4,21131
2009,10.7,21133
2009,15.2,21135
2009,12.6,21137
2009,9.9,21139
2009,10.9,21141
2009,12.3,21143
2009,8.8,21145
2009,14,21147
2009,10.5,21149
2009,9.1,21151
2009,18.4,21153
2009,13.2,21155
2009,10.6,21157
2009,11.3,21159
2009,10.8,21161
2009,12.9,21163
2009,16.4,21165
2009,11.3,21167
2009,15.6,21169
2009,13.9,21171
2009,12.4,21173
2009,13.6,21175
2009,10.8,21177
2009,12.4,21179
2009,12.2,21181
2009,9.7,21183
2009,8.3,21185
2009,9.8,21187
2009,10.5,21189
2009,12.3,21191
2009,10.7,21193
2009,9.6,21195
2009,15.5,21197
2009,10.3,21199
2009,9.9,21201
2009,13.2,21203
2009,9.1,21205
2009,12,21207
2009,9.6,21209
2009,9.4,21211
2009,12.9,21213
2009,10.3,21215
2009,10.4,21217
2009,11.9,21219
2009,15.4,21221
2009,11.7,21223
2009,11.4,21225
2009,9.9,21227
2009,13,21229
2009,13.8,21231
2009,9.6,21233
2009,11.3,21235
2009,13.4,21237
2009,8.2,21239
2009,6.8,22000
2009,6.5,22001
2009,9.4,22003
2009,5.9,22005
2009,8,22007
2009,7.5,22009
2009,7.9,22011
2009,9.6,22013
2009,6,22015
2009,7.7,22017
2009,6.3,22019
2009,9.5,22021
2009,5.9,22023
2009,10.2,22025
2009,9.4,22027
2009,11.1,22029
2009,8.5,22031
2009,6.2,22033
2009,13,22035
2009,7.2,22037
2009,7.9,22039
2009,10.8,22041
2009,7.8,22043
2009,6.9,22045
2009,9.5,22047
2009,7.7,22049
2009,6.3,22051
2009,5.8,22053
2009,5.1,22055
2009,4.6,22057
2009,6.8,22059
2009,7.4,22061
2009,6.1,22063
2009,9.4,22065
2009,14.5,22067
2009,8.1,22069
2009,7.9,22071
2009,7,22073
2009,6.5,22075
2009,6.9,22077
2009,6.4,22079
2009,9.5,22081
2009,9.7,22083
2009,8.1,22085
2009,6.2,22087
2009,6.5,22089
2009,10.8,22091
2009,9.3,22093
2009,8.6,22095
2009,7.4,22097
2009,6.6,22099
2009,7.6,22101
2009,5.4,22103
2009,7.6,22105
2009,12,22107
2009,4.8,22109
2009,10.6,22111
2009,6.6,22113
2009,6.7,22115
2009,8.8,22117
2009,8.7,22119
2009,6.7,22121
2009,16.3,22123
2009,7.5,22125
2009,8.4,22127
2009,8.1,23000
2009,8.4,23001
2009,9.7,23003
2009,6.5,23005
2009,10.4,23007
2009,8.7,23009
2009,7.6,23011
2009,7.9,23013
2009,7.6,23015
2009,10.7,23017
2009,8.2,23019
2009,12.2,23021
2009,7.1,23023
2009,10.9,23025
2009,8.9,23027
2009,11,23029
2009,7.7,23031
2009,7,24000
2009,8.5,24001
2009,6.4,24003
2009,7.4,24005
2009,5.9,24009
2009,9,24011
2009,6.4,24013
2009,9.1,24015
2009,5.9,24017
2009,10.7,24019
2009,6.3,24021
2009,7.8,24023
2009,7.1,24025
2009,5.2,24027
2009,7.6,24029
2009,5.3,24031
2009,6.9,24033
2009,6.7,24035
2009,5.6,24037
2009,9.5,24039
2009,7.2,24041
2009,9.7,24043
2009,8.3,24045
2009,10.9,24047
2009,10.2,24510
2009,8.1,25000
2009,8.4,25001
2009,7.7,25003
2009,10.7,25005
2009,6.4,25007
2009,8.7,25009
2009,7.6,25011
2009,9.3,25013
2009,6.4,25015
2009,6.9,25017
2009,6.7,25019
2009,7.3,25021
2009,8.5,25023
2009,7.7,25025
2009,8.9,25027
2009,13.7,26000
2009,18.8,26001
2009,13.7,26003
2009,12.9,26005
2009,13.8,26007
2009,15.2,26009
2009,16.6,26011
2009,24.2,26013
2009,10.4,26015
2009,11.9,26017
2009,13.8,26019
2009,12.7,26021
2009,14.1,26023
2009,11.8,26025
2009,11.4,26027
2009,14.8,26029
2009,13.8,26031
2009,12.7,26033
2009,16.6,26035
2009,9.4,26037
2009,13.5,26039
2009,12.3,26041
2009,11.6,26043
2009,10.4,26045
2009,14.3,26047
2009,14.9,26049
2009,16.5,26051
2009,12.9,26053
2009,11.8,26055
2009,14,26057
2009,17.4,26059
2009,10.8,26061
2009,14.6,26063
2009,11.4,26065
2009,14.1,26067
2009,17.7,26069
2009,12.1,26071
2009,8.9,26073
2009,13.6,26075
2009,10.2,26077
2009,14.4,26079
2009,11,26081
2009,14.2,26083
2009,16.7,26085
2009,17.4,26087
2009,9.3,26089
2009,15.5,26091
2009,11.9,26093
2009,13.3,26095
2009,14,26097
2009,15.8,26099
2009,13,26101
2009,10.4,26103
2009,13.3,26105
2009,12.9,26107
2009,11.9,26109
2009,9.7,26111
2009,15.6,26113
2009,14.6,26115
2009,16.6,26117
2009,20.7,26119
2009,14.9,26121
2009,13.9,26123
2009,13,26125
2009,16.1,26127
2009,13.5,26129
2009,15.8,26131
2009,15.3,26133
2009,21.3,26135
2009,14.7,26137
2009,12.5,26139
2009,18.7,26141
2009,15.1,26143
2009,12.5,26145
2009,17.7,26147
2009,14.7,26149
2009,17.5,26151
2009,14.6,26153
2009,14.9,26155
2009,15.9,26157
2009,12.8,26159
2009,8.6,26161
2009,16.2,26163
2009,17.6,26165
2009,7.8,27000
2009,10.3,27001
2009,8.4,27003
2009,8.6,27005
2009,8.6,27007
2009,8.5,27009
2009,5.7,27011
2009,6.4,27013
2009,7.3,27015
2009,8.5,27017
2009,7.2,27019
2009,10.6,27021
2009,7.7,27023
2009,9.9,27025
2009,4.8,27027
2009,14.7,27029
2009,7,27031
2009,6.3,27033
2009,9.6,27035
2009,7.2,27037
2009,7.4,27039
2009,6.6,27041
2009,9.2,27043
2009,8.1,27045
2009,8.4,27047
2009,7.6,27049
2009,8.3,27051
2009,7.3,27053
2009,7.9,27055
2009,9.9,27057
2009,10,27059
2009,10.8,27061
2009,5.4,27063
2009,13,27065
2009,6.7,27067
2009,7.2,27069
2009,9.4,27071
2009,6.1,27073
2009,9.1,27075
2009,7.6,27077
2009,10.6,27079
2009,5.8,27081
2009,5.8,27083
2009,9.5,27085
2009,7.8,27087
2009,9.8,27089
2009,7.5,27091
2009,9.5,27093
2009,12.5,27095
2009,11,27097
2009,6.2,27099
2009,5.7,27101
2009,6.3,27103
2009,5.2,27105
2009,6.4,27107
2009,6.1,27109
2009,8,27111
2009,8.8,27113
2009,11.2,27115
2009,6.3,27117
2009,5.9,27119
2009,7.1,27121
2009,7.6,27123
2009,10.1,27125
2009,6.7,27127
2009,7.8,27129
2009,8.5,27131
2009,5.3,27133
2009,7.6,27135
2009,9.1,27137
2009,7.3,27139
2009,9.1,27141
2009,7.9,27143
2009,7.8,27145
2009,8.6,27147
2009,5.3,27149
2009,7.2,27151
2009,8.9,27153
2009,6.6,27155
2009,7.6,27157
2009,10.9,27159
2009,8.2,27161
2009,7.2,27163
2009,8.8,27165
2009,5.4,27167
2009,7.7,27169
2009,8.9,27171
2009,6.4,27173
2009,9.5,28000
2009,9.1,28001
2009,11.9,28003
2009,10.6,28005
2009,13.3,28007
2009,14.2,28009
2009,10.6,28011
2009,11.1,28013
2009,10.7,28015
2009,13.3,28017
2009,12.2,28019
2009,15.6,28021
2009,11.1,28023
2009,17.7,28025
2009,12.1,28027
2009,10.2,28029
2009,8.2,28031
2009,7.1,28033
2009,7.8,28035
2009,11.1,28037
2009,10,28039
2009,11.6,28041
2009,12.3,28043
2009,8,28045
2009,7.7,28047
2009,8.2,28049
2009,19.2,28051
2009,12.6,28053
2009,11.5,28055
2009,11.5,28057
2009,8.3,28059
2009,10.6,28061
2009,16.7,28063
2009,10.4,28065
2009,7.4,28067
2009,12.6,28069
2009,8,28071
2009,6.7,28073
2009,9.5,28075
2009,11.1,28077
2009,9.2,28079
2009,10.5,28081
2009,12.5,28083
2009,10.3,28085
2009,10.6,28087
2009,6.9,28089
2009,10.2,28091
2009,11.8,28093
2009,13.8,28095
2009,13.9,28097
2009,9.3,28099
2009,9.2,28101
2009,18.6,28103
2009,8.8,28105
2009,12.2,28107
2009,9,28109
2009,10.7,28111
2009,10.1,28113
2009,10.2,28115
2009,12.9,28117
2009,12.4,28119
2009,6,28121
2009,7,28123
2009,10.8,28125
2009,8.6,28127
2009,9.1,28129
2009,7.9,28131
2009,12.7,28133
2009,11.2,28135
2009,10.7,28137
2009,14.7,28139
2009,12.5,28141
2009,14.5,28143
2009,10.4,28145
2009,11.3,28147
2009,9.8,28149
2009,13.6,28151
2009,10.8,28153
2009,13.7,28155
2009,10.8,28157
2009,16.8,28159
2009,14.1,28161
2009,11.7,28163
2009,9.3,29000
2009,6.6,29001
2009,7.7,29003
2009,7.3,29005
2009,9.3,29007
2009,8.2,29009
2009,10.7,29011
2009,10.7,29013
2009,9.9,29015
2009,10.3,29017
2009,6.3,29019
2009,8.5,29021
2009,8.1,29023
2009,9.7,29025
2009,8.1,29027
2009,9.7,29029
2009,7.3,29031
2009,10.4,29033
2009,9.8,29035
2009,9.6,29037
2009,9.1,29039
2009,9.8,29041
2009,8.2,29043
2009,12,29045
2009,8.4,29047
2009,9.8,29049
2009,6.8,29051
2009,8.9,29053
2009,11,29055
2009,8.9,29057
2009,11.6,29059
2009,8.9,29061
2009,9.5,29063
2009,9.5,29065
2009,8.9,29067
2009,10.7,29069
2009,12,29071
2009,11.6,29073
2009,6.3,29075
2009,8.4,29077
2009,7.7,29079
2009,7.7,29081
2009,9.5,29083
2009,13.4,29085
2009,7.1,29087
2009,8.4,29089
2009,9.7,29091
2009,8.8,29093
2009,10.2,29095
2009,8.2,29097
2009,10.6,29099
2009,8.5,29101
2009,6,29103
2009,12.5,29105
2009,9.7,29107
2009,8.3,29109
2009,8.3,29111
2009,11.8,29113
2009,9.5,29115
2009,7.7,29117
2009,7.8,29119
2009,8.4,29121
2009,10.3,29123
2009,8.1,29125
2009,9.4,29127
2009,7.3,29129
2009,11.7,29131
2009,8.7,29133
2009,8.2,29135
2009,12.9,29137
2009,11.8,29139
2009,12.6,29141
2009,9.3,29143
2009,8.1,29145
2009,6.4,29147
2009,9.2,29149
2009,6.8,29151
2009,8.1,29153
2009,11.8,29155
2009,7.1,29157
2009,8.7,29159
2009,7.3,29161
2009,9.1,29163
2009,7.7,29165
2009,10,29167
2009,7.1,29169
2009,7.3,29171
2009,8.8,29173
2009,10.6,29175
2009,10,29177
2009,13.1,29179
2009,9.4,29181
2009,8.5,29183
2009,9.8,29185
2009,9.4,29186
2009,11,29187
2009,9,29189
2009,7.8,29195
2009,8,29197
2009,7.9,29199
2009,8.9,29201
2009,12.2,29203
2009,8.8,29205
2009,9.5,29207
2009,12.1,29209
2009,6.8,29211
2009,12,29213
2009,9.2,29215
2009,7.8,29217
2009,11.3,29219
2009,14.2,29221
2009,9.1,29223
2009,9.7,29225
2009,7.5,29227
2009,10.2,29229
2009,11.7,29510
2009,6.8,30000
2009,5,30001
2009,9.5,30003
2009,5.1,30005
2009,7.7,30007
2009,5.7,30009
2009,3.8,30011
2009,5.4,30013
2009,4,30015
2009,4.9,30017
2009,4.1,30019
2009,4.7,30021
2009,7.6,30023
2009,3.2,30025
2009,5.5,30027
2009,11.8,30029
2009,7,30031
2009,3.7,30033
2009,9.3,30035
2009,5.2,30037
2009,10.4,30039
2009,5.5,30041
2009,6.4,30043
2009,5.3,30045
2009,9.2,30047
2009,5,30049
2009,4.3,30051
2009,14.8,30053
2009,3.2,30055
2009,6.3,30057
2009,8.5,30059
2009,10.5,30061
2009,6.3,30063
2009,6.6,30065
2009,8,30067
2009,5.5,30069
2009,5.6,30071
2009,6.3,30073
2009,4,30075
2009,9.1,30077
2009,4.1,30079
2009,9.2,30081
2009,4.7,30083
2009,7.8,30085
2009,6.7,30087
2009,15.6,30089
2009,4.3,30091
2009,6.3,30093
2009,6.2,30095
2009,4.6,30097
2009,5,30099
2009,4.3,30101
2009,5.2,30103
2009,5.2,30105
2009,5.7,30107
2009,4.7,30109
2009,4.9,30111
2009,4.6,31000
2009,5.1,31001
2009,3.7,31003
2009,5.8,31005
2009,3.4,31007
2009,5.4,31009
2009,3.4,31011
2009,6.6,31013
2009,3.9,31015
2009,3.1,31017
2009,3.6,31019
2009,5.6,31021
2009,4.2,31023
2009,5.2,31025
2009,3.6,31027
2009,2.9,31029
2009,2.6,31031
2009,4.4,31033
2009,4.4,31035
2009,3.7,31037
2009,3.8,31039
2009,3.3,31041
2009,6,31043
2009,4.4,31045
2009,4.6,31047
2009,3.9,31049
2009,4.7,31051
2009,5,31053
2009,5.2,31055
2009,3.9,31057
2009,4.1,31059
2009,3.9,31061
2009,3.1,31063
2009,3.7,31065
2009,6.2,31067
2009,4.3,31069
2009,2.9,31071
2009,3.9,31073
2009,3.5,31075
2009,3.5,31077
2009,4.2,31079
2009,3.3,31081
2009,3.7,31083
2009,4.1,31085
2009,5.5,31087
2009,3.1,31089
2009,5.1,31091
2009,3.7,31093
2009,4.8,31095
2009,4.2,31097
2009,3.9,31099
2009,4.5,31101
2009,4.8,31103
2009,4.8,31105
2009,3.6,31107
2009,4.3,31109
2009,4,31111
2009,3.1,31113
2009,5.1,31115
2009,3.8,31117
2009,4.3,31119
2009,4.2,31121
2009,4.2,31123
2009,3.3,31125
2009,5.2,31127
2009,4.5,31129
2009,5,31131
2009,3.7,31133
2009,3,31135
2009,3.5,31137
2009,4,31139
2009,4.1,31141
2009,3.7,31143
2009,4.5,31145
2009,6,31147
2009,3,31149
2009,4.6,31151
2009,4.6,31153
2009,5,31155
2009,5.1,31157
2009,4.1,31159
2009,3.9,31161
2009,3.2,31163
2009,3.4,31165
2009,4.1,31167
2009,4.3,31169
2009,4.5,31171
2009,10.5,31173
2009,3.3,31175
2009,4.6,31177
2009,3.9,31179
2009,3.9,31181
2009,3.7,31183
2009,4.9,31185
2009,11.3,32000
2009,8.6,32001
2009,11.5,32003
2009,11.5,32005
2009,6.3,32007
2009,7,32009
2009,6.6,32011
2009,7.3,32013
2009,5.8,32015
2009,8.9,32017
2009,15.4,32019
2009,8.6,32021
2009,13.9,32023
2009,9.7,32027
2009,11.8,32029
2009,11.1,32031
2009,6.9,32033
2009,11.1,32510
2009,6.2,33000
2009,6.7,33001
2009,5.6,33003
2009,5.7,33005
2009,7.9,33007
2009,5.1,33009
2009,6.5,33011
2009,5.6,33013
2009,6.6,33015
2009,6.2,33017
2009,5.8,33019
2009,9.1,34000
2009,11.9,34001
2009,7.8,34003
2009,8.4,34005
2009,9.9,34007
2009,11.2,34009
2009,12.5,34011
2009,10.3,34013
2009,9.2,34015
2009,10.5,34017
2009,6.7,34019
2009,7.6,34021
2009,8.5,34023
2009,8.3,34025
2009,7.1,34027
2009,9.5,34029
2009,11,34031
2009,10.6,34033
2009,7.3,34035
2009,8.6,34037
2009,9.3,34039
2009,8.7,34041
2009,7.5,35000
2009,7.5,35001
2009,9.2,35003
2009,7,35005
2009,6.8,35006
2009,7.6,35007
2009,4.5,35009
2009,5.2,35011
2009,7.3,35013
2009,5.9,35015
2009,12.8,35017
2009,7.9,35019
2009,4.9,35021
2009,8.2,35023
2009,7.9,35025
2009,5.8,35027
2009,3.3,35028
2009,17.5,35029
2009,8.3,35031
2009,12.8,35033
2009,6.7,35035
2009,6.8,35037
2009,7.6,35039
2009,4.8,35041
2009,8.5,35043
2009,7.9,35045
2009,7.3,35047
2009,6.6,35049
2009,5.8,35051
2009,5.3,35053
2009,8.9,35055
2009,9.4,35057
2009,5.6,35059
2009,8.5,35061
2009,8.3,36000
2009,6.8,36001
2009,8.7,36003
2009,12,36005
2009,8.2,36007
2009,8.6,36009
2009,8.3,36011
2009,8.3,36013
2009,8.9,36015
2009,8.9,36017
2009,9.3,36019
2009,7.4,36021
2009,9.1,36023
2009,8.5,36025
2009,7.7,36027
2009,8.1,36029
2009,9.1,36031
2009,8.5,36033
2009,9.6,36035
2009,7.6,36037
2009,8.3,36039
2009,7.5,36041
2009,8,36043
2009,8.8,36045
2009,9.9,36047
2009,8.8,36049
2009,8.4,36051
2009,8.1,36053
2009,7.8,36055
2009,9.5,36057
2009,6.9,36059
2009,8.4,36061
2009,9.3,36063
2009,7.4,36065
2009,7.6,36067
2009,7.3,36069
2009,7.8,36071
2009,9.3,36073
2009,9.8,36075
2009,7.5,36077
2009,6.7,36079
2009,8.4,36081
2009,7.4,36083
2009,8.2,36085
2009,6.9,36087
2009,9.8,36089
2009,6.3,36091
2009,7.3,36093
2009,8.9,36095
2009,8.3,36097
2009,7.6,36099
2009,9.6,36101
2009,7.3,36103
2009,8.7,36105
2009,8.1,36107
2009,5.9,36109
2009,7.7,36111
2009,7.9,36113
2009,7.4,36115
2009,8.3,36117
2009,7.1,36119
2009,9,36121
2009,6.7,36123
2009,10.6,37000
2009,11.7,37001
2009,13.9,37003
2009,11.8,37005
2009,14.8,37007
2009,12,37009
2009,9.2,37011
2009,11.4,37013
2009,10.9,37015
2009,12.2,37017
2009,10.7,37019
2009,8.3,37021
2009,14.1,37023
2009,11,37025
2009,15,37027
2009,8.4,37029
2009,8.7,37031
2009,12.5,37033
2009,14,37035
2009,7.9,37037
2009,15.3,37039
2009,11.8,37041
2009,11.7,37043
2009,15.1,37045
2009,12.9,37047
2009,10.4,37049
2009,8.9,37051
2009,6.9,37053
2009,10.1,37055
2009,12.8,37057
2009,11.3,37059
2009,9.4,37061
2009,7.8,37063
2009,15.8,37065
2009,9.5,37067
2009,10.3,37069
2009,13.8,37071
2009,7.4,37073
2009,17.1,37075
2009,10.5,37077
2009,10.4,37079
2009,10.6,37081
2009,13.6,37083
2009,11.4,37085
2009,9.6,37087
2009,8.8,37089
2009,9.6,37091
2009,8,37093
2009,8.7,37095
2009,12.7,37097
2009,8.9,37099
2009,9.9,37101
2009,10.8,37103
2009,14.2,37105
2009,11.8,37107
2009,13.9,37109
2009,15.2,37111
2009,11,37113
2009,9.4,37115
2009,10.7,37117
2009,10.6,37119
2009,12.4,37121
2009,13.5,37123
2009,10.1,37125
2009,12,37127
2009,9.3,37129
2009,11.3,37131
2009,8.5,37133
2009,6.5,37135
2009,10,37137
2009,9.9,37139
2009,10.9,37141
2009,10.6,37143
2009,11.3,37145
2009,10.1,37147
2009,9.1,37149
2009,11.2,37151
2009,14,37153
2009,11.9,37155
2009,12.6,37157
2009,12.7,37159
2009,16.3,37161
2009,8.8,37163
2009,16.8,37165
2009,12.1,37167
2009,10.6,37169
2009,12.4,37171
2009,11.9,37173
2009,9.3,37175
2009,10.8,37177
2009,10,37179
2009,13.7,37181
2009,8.3,37183
2009,13.2,37185
2009,11.8,37187
2009,7.9,37189
2009,8.8,37191
2009,12.7,37193
2009,12.6,37195
2009,10.4,37197
2009,11.9,37199
2009,4.1,38000
2009,3.2,38001
2009,4.3,38003
2009,6,38005
2009,2.5,38007
2009,3.8,38009
2009,3,38011
2009,3.2,38013
2009,3.5,38015
2009,4.1,38017
2009,3.4,38019
2009,5.2,38021
2009,3.6,38023
2009,4.2,38025
2009,5.3,38027
2009,6.7,38029
2009,3.6,38031
2009,3.5,38033
2009,4,38035
2009,4.2,38037
2009,3.3,38039
2009,3.7,38041
2009,4.7,38043
2009,4.2,38045
2009,3.6,38047
2009,5.2,38049
2009,3.9,38051
2009,3.3,38053
2009,4.7,38055
2009,4.3,38057
2009,4.3,38059
2009,3.9,38061
2009,4.1,38063
2009,4,38065
2009,5.9,38067
2009,5.3,38069
2009,4.2,38071
2009,7.9,38073
2009,3.9,38075
2009,5.1,38077
2009,11.5,38079
2009,10.6,38081
2009,5.2,38083
2009,5,38085
2009,2.1,38087
2009,3.2,38089
2009,2.9,38091
2009,3.5,38093
2009,3.1,38095
2009,4,38097
2009,4.9,38099
2009,3.7,38101
2009,5.2,38103
2009,2.5,38105
2009,10.3,39000
2009,14.7,39001
2009,11.3,39003
2009,12.5,39005
2009,13.6,39007
2009,8.8,39009
2009,10.7,39011
2009,9.2,39013
2009,12.8,39015
2009,9.6,39017
2009,13.7,39019
2009,11.9,39021
2009,10.6,39023
2009,9.8,39025
2009,14.8,39027
2009,13.4,39029
2009,13.5,39031
2009,14.8,39033
2009,8.7,39035
2009,11.4,39037
2009,14.1,39039
2009,7.1,39041
2009,11.8,39043
2009,8.7,39045
2009,11.2,39047
2009,8.5,39049
2009,13.9,39051
2009,9.5,39053
2009,6.9,39055
2009,9.8,39057
2009,12.2,39059
2009,9.1,39061
2009,10.4,39063
2009,12.3,39065
2009,11.7,39067
2009,13.6,39069
2009,15.5,39071
2009,11.3,39073
2009,7.9,39075
2009,15.8,39077
2009,11.3,39079
2009,12.3,39081
2009,9.8,39083
2009,8,39085
2009,8.3,39087
2009,9.6,39089
2009,12,39091
2009,9.6,39093
2009,12.4,39095
2009,9.5,39097
2009,12.6,39099
2009,11.5,39101
2009,7.7,39103
2009,14.9,39105
2009,9,39107
2009,11.8,39109
2009,12.7,39111
2009,11.6,39113
2009,14.6,39115
2009,11.2,39117
2009,12.7,39119
2009,14.5,39121
2009,14.3,39123
2009,13.9,39125
2009,13.5,39127
2009,11.1,39129
2009,15.3,39131
2009,10.2,39133
2009,12.3,39135
2009,10.7,39137
2009,12.9,39139
2009,12.2,39141
2009,12.2,39143
2009,12.5,39145
2009,12.7,39147
2009,13.8,39149
2009,11.4,39151
2009,10,39153
2009,13.9,39155
2009,11.3,39157
2009,8.6,39159
2009,14.9,39161
2009,13.2,39163
2009,8.9,39165
2009,9.6,39167
2009,10.1,39169
2009,15.9,39171
2009,11.5,39173
2009,14.1,39175
2009,6.4,40000
2009,8,40001
2009,4.8,40003
2009,8.2,40005
2009,3.5,40007
2009,5.9,40009
2009,5.6,40011
2009,5.2,40013
2009,6.2,40015
2009,5.5,40017
2009,5.5,40019
2009,5.4,40021
2009,7,40023
2009,3.7,40025
2009,5.3,40027
2009,8.5,40029
2009,5.2,40031
2009,4.4,40033
2009,5.6,40035
2009,8,40037
2009,4.6,40039
2009,6.5,40041
2009,4.3,40043
2009,4.6,40045
2009,4.4,40047
2009,5.7,40049
2009,7.1,40051
2009,3.8,40053
2009,7.7,40055
2009,5.4,40057
2009,3.9,40059
2009,7.7,40061
2009,10.2,40063
2009,5,40065
2009,8.3,40067
2009,7.4,40069
2009,7.4,40071
2009,4.4,40073
2009,6.2,40075
2009,10.7,40077
2009,9.8,40079
2009,7.1,40081
2009,5.6,40083
2009,5.2,40085
2009,5.7,40087
2009,10.4,40089
2009,7.9,40091
2009,4.5,40093
2009,8.1,40095
2009,8.5,40097
2009,4.2,40099
2009,7.5,40101
2009,7.7,40103
2009,8.7,40105
2009,8.1,40107
2009,6.1,40109
2009,9.1,40111
2009,7.5,40113
2009,6.2,40115
2009,8.5,40117
2009,6.1,40119
2009,6.2,40121
2009,5.4,40123
2009,6.3,40125
2009,8.3,40127
2009,4.5,40129
2009,6.9,40131
2009,8.6,40133
2009,9.5,40135
2009,7.4,40137
2009,5.2,40139
2009,7,40141
2009,6.5,40143
2009,6.5,40145
2009,5.5,40147
2009,5.6,40149
2009,4.2,40151
2009,6.2,40153
2009,11.3,41000
2009,10.4,41001
2009,8,41003
2009,10.4,41005
2009,9.1,41007
2009,13.3,41009
2009,13,41011
2009,18.2,41013
2009,13.2,41015
2009,14.9,41017
2009,15.7,41019
2009,6.9,41021
2009,13.7,41023
2009,16.3,41025
2009,8.2,41027
2009,12.8,41029
2009,15,41031
2009,14.5,41033
2009,14.1,41035
2009,12.6,41037
2009,12.3,41039
2009,10.6,41041
2009,14,41043
2009,10.9,41045
2009,11.1,41047
2009,9.4,41049
2009,10.6,41051
2009,9.5,41053
2009,9.1,41055
2009,9.6,41057
2009,9.8,41059
2009,11.6,41061
2009,12,41063
2009,9.1,41065
2009,9.5,41067
2009,9.1,41069
2009,11.6,41071
2009,8,42000
2009,7.4,42001
2009,6.8,42003
2009,9.1,42005
2009,8.1,42007
2009,10.9,42009
2009,8.7,42011
2009,7.1,42013
2009,8.4,42015
2009,7.3,42017
2009,7,42019
2009,8.5,42021
2009,17.1,42023
2009,10.1,42025
2009,5.8,42027
2009,6.2,42029
2009,9.5,42031
2009,10,42033
2009,8.8,42035
2009,8.6,42037
2009,9.9,42039
2009,6.6,42041
2009,7.5,42043
2009,7.6,42045
2009,12.6,42047
2009,8.9,42049
2009,9.2,42051
2009,10.9,42053
2009,8.1,42055
2009,13.4,42057
2009,7.4,42059
2009,10.5,42061
2009,7.5,42063
2009,9.4,42065
2009,7.9,42067
2009,8.2,42069
2009,7.2,42071
2009,9.3,42073
2009,6.7,42075
2009,8.7,42077
2009,9,42079
2009,8.8,42081
2009,10.3,42083
2009,11.2,42085
2009,9.9,42087
2009,9.1,42089
2009,6.8,42091
2009,6.6,42093
2009,8.4,42095
2009,9.7,42097
2009,7.9,42099
2009,9.7,42101
2009,9.1,42103
2009,11.1,42105
2009,9.9,42107
2009,9,42109
2009,8.5,42111
2009,8.4,42113
2009,8.5,42115
2009,9.7,42117
2009,9,42119
2009,8.7,42121
2009,7.8,42123
2009,7.6,42125
2009,7.4,42127
2009,7.8,42129
2009,8.5,42131
2009,8.1,42133
2009,11,44000
2009,10.1,44001
2009,10.4,44003
2009,9.8,44005
2009,11.9,44007
2009,8.9,44009
2009,11.2,45000
2009,14.2,45001
2009,9.2,45003
2009,20.6,45005
2009,12,45007
2009,15.6,45009
2009,17.1,45011
2009,8.7,45013
2009,10.3,45015
2009,12.2,45017
2009,8.8,45019
2009,15.8,45021
2009,19.8,45023
2009,16.5,45025
2009,15,45027
2009,13.1,45029
2009,13,45031
2009,15.3,45033
2009,9.7,45035
2009,10.2,45037
2009,13.2,45039
2009,11.1,45041
2009,11.9,45043
2009,9.8,45045
2009,12.5,45047
2009,14.8,45049
2009,11.7,45051
2009,10.3,45053
2009,10.6,45055
2009,17.4,45057
2009,11.7,45059
2009,14.3,45061
2009,8,45063
2009,16.1,45065
2009,20.4,45067
2009,19.1,45069
2009,11.4,45071
2009,13.3,45073
2009,15.3,45075
2009,10.5,45077
2009,9.2,45079
2009,9.5,45081
2009,11.9,45083
2009,12.3,45085
2009,19.2,45087
2009,14.5,45089
2009,13.5,45091
2009,4.9,46000
2009,4.4,46003
2009,3.7,46005
2009,5.4,46007
2009,5.4,46009
2009,3.8,46011
2009,3.6,46013
2009,3.5,46015
2009,15.1,46017
2009,5.1,46019
2009,4.2,46021
2009,4.9,46023
2009,5.7,46025
2009,4,46027
2009,6.2,46029
2009,6.6,46031
2009,4.2,46033
2009,4.8,46035
2009,7,46037
2009,6,46039
2009,11,46041
2009,4.2,46043
2009,3.5,46045
2009,6,46047
2009,3.5,46049
2009,4.7,46051
2009,4.1,46053
2009,3.7,46055
2009,5.4,46057
2009,3.1,46059
2009,4.5,46061
2009,3.1,46063
2009,3.2,46065
2009,4.2,46067
2009,3.9,46069
2009,6.9,46071
2009,3.1,46073
2009,3.2,46075
2009,5.3,46077
2009,6.4,46079
2009,4.4,46081
2009,4.3,46083
2009,6,46085
2009,5.4,46087
2009,5.3,46089
2009,6.6,46091
2009,5,46093
2009,7.1,46095
2009,5.3,46097
2009,5,46099
2009,6.7,46101
2009,10.9,46102
2009,4.9,46103
2009,4.2,46105
2009,3.7,46107
2009,6,46109
2009,4,46111
2009,4.2,46115
2009,3.2,46117
2009,3,46119
2009,7.2,46121
2009,3.5,46123
2009,5.2,46125
2009,6,46127
2009,5.1,46129
2009,5.6,46135
2009,7.1,46137
2009,10.5,47000
2009,9.9,47001
2009,12.2,47003
2009,13.9,47005
2009,14,47007
2009,9.9,47009
2009,9.5,47011
2009,13.2,47013
2009,12,47015
2009,16,47017
2009,10.3,47019
2009,9.4,47021
2009,11.3,47023
2009,12.1,47025
2009,14.7,47027
2009,14,47029
2009,10.8,47031
2009,13.1,47033
2009,11.4,47035
2009,8.9,47037
2009,13.4,47039
2009,10.9,47041
2009,11.1,47043
2009,13.9,47045
2009,11.1,47047
2009,13.4,47049
2009,10.9,47051
2009,14.7,47053
2009,14.9,47055
2009,14,47057
2009,15.8,47059
2009,14.1,47061
2009,12.7,47063
2009,9,47065
2009,14.8,47067
2009,12.7,47069
2009,12.5,47071
2009,11.3,47073
2009,15.9,47075
2009,18.1,47077
2009,13.4,47079
2009,13,47081
2009,12.1,47083
2009,12.8,47085
2009,13.7,47087
2009,12.6,47089
2009,12.8,47091
2009,8.1,47093
2009,11,47095
2009,18.8,47097
2009,15.4,47099
2009,15.7,47101
2009,7.2,47103
2009,9.7,47105
2009,14,47107
2009,14,47109
2009,12.3,47111
2009,10.6,47113
2009,12.3,47115
2009,17.4,47117
2009,13.8,47119
2009,14.6,47121
2009,17.5,47123
2009,8.9,47125
2009,9.5,47127
2009,11.3,47129
2009,10.3,47131
2009,13.4,47133
2009,23.1,47135
2009,15,47137
2009,12.6,47139
2009,9.7,47141
2009,13.5,47143
2009,9.1,47145
2009,10.2,47147
2009,9.7,47149
2009,18.3,47151
2009,12.3,47153
2009,10.9,47155
2009,10.1,47157
2009,13.6,47159
2009,11.9,47161
2009,8.8,47163
2009,9.8,47165
2009,12.4,47167
2009,12.1,47169
2009,11.6,47171
2009,10.8,47173
2009,14.9,47175
2009,14.4,47177
2009,8.7,47179
2009,13.4,47181
2009,12.5,47183
2009,14.2,47185
2009,7.5,47187
2009,9,47189
2009,7.6,48000
2009,8.7,48001
2009,7,48003
2009,8.2,48005
2009,6.8,48007
2009,5.9,48009
2009,4.5,48011
2009,7.4,48013
2009,7.3,48015
2009,5.6,48017
2009,6.5,48019
2009,7.9,48021
2009,5.6,48023
2009,9,48025
2009,6.7,48027
2009,6.7,48029
2009,5.2,48031
2009,5.4,48033
2009,7.8,48035
2009,6.6,48037
2009,8.1,48039
2009,5.5,48041
2009,5.1,48043
2009,5,48045
2009,9.3,48047
2009,6.8,48049
2009,6.9,48051
2009,6.1,48053
2009,8.3,48055
2009,8.5,48057
2009,5.8,48059
2009,9.7,48061
2009,8.9,48063
2009,5.8,48065
2009,11.3,48067
2009,4.8,48069
2009,9.1,48071
2009,8.8,48073
2009,6.1,48075
2009,6.9,48077
2009,6.4,48079
2009,8.1,48081
2009,6.9,48083
2009,7.3,48085
2009,5.4,48087
2009,6.4,48089
2009,6.1,48091
2009,6,48093
2009,7.1,48095
2009,6.5,48097
2009,8.2,48099
2009,5.5,48101
2009,8.7,48103
2009,8.5,48105
2009,6.9,48107
2009,4,48109
2009,4.2,48111
2009,8.2,48113
2009,8,48115
2009,5.2,48117
2009,8.7,48119
2009,7.1,48121
2009,7.5,48123
2009,7.2,48125
2009,10,48127
2009,5.8,48129
2009,10.9,48131
2009,7.5,48133
2009,8.1,48135
2009,7.1,48137
2009,8,48139
2009,8.8,48141
2009,6.3,48143
2009,8.7,48145
2009,8.6,48147
2009,5.5,48149
2009,6,48151
2009,6.5,48153
2009,5.7,48155
2009,7.1,48157
2009,6.8,48159
2009,6.3,48161
2009,7.5,48163
2009,6.3,48165
2009,8.2,48167
2009,5.2,48169
2009,4.4,48171
2009,4.6,48173
2009,6.9,48175
2009,5.5,48177
2009,8.1,48179
2009,8,48181
2009,7.1,48183
2009,8.6,48185
2009,6.4,48187
2009,6,48189
2009,8.2,48191
2009,5.6,48193
2009,5.2,48195
2009,7.3,48197
2009,8.5,48199
2009,7.6,48201
2009,8.2,48203
2009,4.1,48205
2009,5.1,48207
2009,6.6,48209
2009,3.4,48211
2009,8.1,48213
2009,10.5,48215
2009,7.8,48217
2009,6.7,48219
2009,7.2,48221
2009,6.1,48223
2009,9.1,48225
2009,7.3,48227
2009,5.4,48229
2009,8.2,48231
2009,6.8,48233
2009,5.2,48235
2009,6.2,48237
2009,7.4,48239
2009,10.1,48241
2009,4.8,48243
2009,9.5,48245
2009,7.7,48247
2009,9,48249
2009,8.2,48251
2009,7.7,48253
2009,9,48255
2009,8.2,48257
2009,5.7,48259
2009,6,48261
2009,5.2,48263
2009,5.8,48265
2009,5.2,48267
2009,5.1,48269
2009,7.7,48271
2009,6.7,48273
2009,5.8,48275
2009,7.7,48277
2009,7.1,48279
2009,5.8,48281
2009,9.2,48283
2009,5.7,48285
2009,6.7,48287
2009,7,48289
2009,10.1,48291
2009,6.3,48293
2009,6.8,48295
2009,7,48297
2009,6.9,48299
2009,9.3,48301
2009,5.4,48303
2009,6,48305
2009,7.9,48307
2009,6.7,48309
2009,6.9,48311
2009,7.4,48313
2009,10.3,48315
2009,4.8,48317
2009,5,48319
2009,10,48321
2009,14.3,48323
2009,6.7,48325
2009,6.6,48327
2009,5.6,48329
2009,10.9,48331
2009,5.3,48333
2009,8.3,48335
2009,7.1,48337
2009,6.9,48339
2009,4.6,48341
2009,14.9,48343
2009,5.4,48345
2009,6.5,48347
2009,7.8,48349
2009,11.5,48351
2009,6.3,48353
2009,6.7,48355
2009,5.9,48357
2009,5.6,48359
2009,9.8,48361
2009,7.8,48363
2009,7.3,48365
2009,7.6,48367
2009,4.4,48369
2009,8.6,48371
2009,9.1,48373
2009,6,48375
2009,16.2,48377
2009,8,48379
2009,4.6,48381
2009,6,48383
2009,5.5,48385
2009,9.2,48387
2009,11.4,48389
2009,6.4,48391
2009,4.8,48393
2009,7.8,48395
2009,7.2,48397
2009,7.5,48399
2009,7.8,48401
2009,15,48403
2009,10.1,48405
2009,9.3,48407
2009,8.6,48409
2009,7.1,48411
2009,9.3,48413
2009,6.7,48415
2009,4,48417
2009,7.3,48419
2009,4.4,48421
2009,7.6,48423
2009,7.1,48425
2009,16.4,48427
2009,6.8,48429
2009,4.2,48431
2009,4.2,48433
2009,7.1,48435
2009,5.7,48437
2009,7.7,48439
2009,5.6,48441
2009,9.2,48443
2009,6.9,48445
2009,4.8,48447
2009,7.2,48449
2009,6.3,48451
2009,6.7,48453
2009,8.5,48455
2009,9.7,48457
2009,7.6,48459
2009,5.4,48461
2009,7.9,48463
2009,9.2,48465
2009,6.9,48467
2009,6.9,48469
2009,7,48471
2009,8.2,48473
2009,8.8,48475
2009,6,48477
2009,8.5,48479
2009,7,48481
2009,5.7,48483
2009,7.5,48485
2009,4.7,48487
2009,11.9,48489
2009,7.3,48491
2009,6.5,48493
2009,9.3,48495
2009,8.7,48497
2009,8,48499
2009,7.6,48501
2009,6.4,48503
2009,10.9,48505
2009,14.5,48507
2009,7.3,49000
2009,6.1,49001
2009,8.1,49003
2009,5.5,49005
2009,7.9,49007
2009,5.8,49009
2009,6.6,49011
2009,8.5,49013
2009,7.1,49015
2009,10.4,49017
2009,9.8,49019
2009,8.8,49021
2009,10,49023
2009,7.6,49025
2009,5.6,49027
2009,6.3,49029
2009,6.6,49031
2009,5.1,49033
2009,7.1,49035
2009,11.8,49037
2009,8.4,49039
2009,7.9,49041
2009,7,49043
2009,7.9,49045
2009,8.3,49047
2009,7,49049
2009,8.4,49051
2009,9.8,49053
2009,8.1,49055
2009,8.4,49057
2009,6.6,50000
2009,6.1,50001
2009,7.6,50003
2009,7.8,50005
2009,5.6,50007
2009,8.9,50009
2009,6.5,50011
2009,7.8,50013
2009,7.6,50015
2009,6.2,50017
2009,9.2,50019
2009,7.9,50021
2009,6.3,50023
2009,6.3,50025
2009,5.8,50027
2009,6.7,51000
2009,6.5,51001
2009,5.1,51003
2009,9.1,51005
2009,7.7,51007
2009,7.7,51009
2009,7.9,51011
2009,4.3,51013
2009,6.4,51015
2009,6.2,51017
2009,6.8,51019
2009,7.4,51021
2009,6.3,51023
2009,11.2,51025
2009,8.5,51027
2009,8.1,51029
2009,7.2,51031
2009,8.4,51033
2009,10.8,51035
2009,9,51036
2009,9.2,51037
2009,6.6,51041
2009,6.3,51043
2009,7.4,51045
2009,7.9,51047
2009,7.3,51049
2009,8.7,51051
2009,8,51053
2009,8.1,51057
2009,4.8,51059
2009,5.5,51061
2009,7.6,51063
2009,5.7,51065
2009,8.2,51067
2009,7.5,51069
2009,9.1,51071
2009,6,51073
2009,6.5,51075
2009,10.7,51077
2009,5.8,51079
2009,9,51081
2009,11.3,51083
2009,6.5,51085
2009,6.9,51087
2009,13.7,51089
2009,7.5,51091
2009,6.2,51093
2009,5.4,51095
2009,8,51097
2009,7.6,51099
2009,7,51101
2009,9.3,51103
2009,7.2,51105
2009,4.7,51107
2009,7.8,51109
2009,9.3,51111
2009,6.1,51113
2009,5.5,51115
2009,10.9,51117
2009,6.7,51119
2009,7,51121
2009,6.4,51125
2009,7,51127
2009,7.7,51131
2009,8.7,51133
2009,8,51135
2009,7.7,51137
2009,11.8,51139
2009,11.1,51141
2009,10.6,51143
2009,6.3,51145
2009,8.9,51147
2009,6.9,51149
2009,5.4,51153
2009,10.9,51155
2009,5.8,51157
2009,7.7,51159
2009,5.9,51161
2009,6.5,51163
2009,5.9,51165
2009,10.5,51167
2009,9.6,51169
2009,8.2,51171
2009,11.1,51173
2009,8,51175
2009,5.6,51177
2009,5.5,51179
2009,7.5,51181
2009,10.1,51183
2009,7.5,51185
2009,7.5,51187
2009,8.5,51191
2009,7.6,51193
2009,6.6,51195
2009,10.5,51197
2009,5.3,51199
2009,4.8,51510
2009,10,51520
2009,8.5,51530
2009,6.5,51540
2009,6.4,51550
2009,7.9,51570
2009,10.1,51580
2009,13.5,51590
2009,12.1,51595
2009,5.5,51600
2009,6.9,51610
2009,10.1,51620
2009,9.4,51630
2009,9.7,51640
2009,7.8,51650
2009,6.7,51660
2009,10.4,51670
2009,9.7,51678
2009,8,51680
2009,7.3,51683
2009,6,51685
2009,19.3,51690
2009,7.4,51700
2009,8.5,51710
2009,6.4,51720
2009,13.3,51730
2009,5.2,51735
2009,8.5,51740
2009,8.9,51750
2009,9.6,51760
2009,8.6,51770
2009,6.4,51775
2009,7.2,51790
2009,6.7,51800
2009,6,51810
2009,8.5,51820
2009,14.8,51830
2009,8.1,51840
2009,9.2,53000
2009,9,53001
2009,9.6,53003
2009,7.2,53005
2009,8.1,53007
2009,10.1,53009
2009,13.3,53011
2009,11,53013
2009,13.5,53015
2009,8,53017
2009,13.3,53019
2009,8.4,53021
2009,7.3,53023
2009,9.9,53025
2009,13.2,53027
2009,9,53029
2009,8.9,53031
2009,8,53033
2009,7.8,53035
2009,9.1,53037
2009,10.4,53039
2009,13.3,53041
2009,8.5,53043
2009,10.8,53045
2009,9.6,53047
2009,12.8,53049
2009,14.6,53051
2009,9.7,53053
2009,6.7,53055
2009,10.2,53057
2009,13.1,53059
2009,9.4,53061
2009,9.3,53063
2009,13,53065
2009,7.9,53067
2009,14.5,53069
2009,6.8,53071
2009,8.5,53073
2009,5.7,53075
2009,9,53077
2009,7.7,54000
2009,8.7,54001
2009,8.5,54003
2009,7.8,54005
2009,8.2,54007
2009,11,54009
2009,6.7,54011
2009,12.8,54013
2009,11.2,54015
2009,7.8,54017
2009,8.4,54019
2009,6.6,54021
2009,9.9,54023
2009,9.3,54025
2009,8.2,54027
2009,11.2,54029
2009,8.9,54031
2009,6.5,54033
2009,11.4,54035
2009,6.6,54037
2009,6.2,54039
2009,7.3,54041
2009,9.6,54043
2009,8.1,54045
2009,11.5,54047
2009,5.9,54049
2009,8.8,54051
2009,11.7,54053
2009,6.5,54055
2009,7.3,54057
2009,8.9,54059
2009,4.4,54061
2009,7.2,54063
2009,8.8,54065
2009,8.6,54067
2009,7.6,54069
2009,7.6,54071
2009,10.2,54073
2009,11.9,54075
2009,7,54077
2009,6.1,54079
2009,7.2,54081
2009,8.9,54083
2009,9.3,54085
2009,12,54087
2009,7.9,54089
2009,7.1,54091
2009,11.3,54093
2009,10.5,54095
2009,8.4,54097
2009,7.9,54099
2009,10.4,54101
2009,11.7,54103
2009,12.1,54105
2009,8.5,54107
2009,10,54109
2009,8.6,55000
2009,10.5,55001
2009,10,55003
2009,9,55005
2009,9.1,55007
2009,7.7,55009
2009,6.9,55011
2009,10.8,55013
2009,7.6,55015
2009,8.4,55017
2009,9.4,55019
2009,8.3,55021
2009,9.8,55023
2009,5.8,55025
2009,9.6,55027
2009,8.8,55029
2009,8.2,55031
2009,7.2,55033
2009,6.8,55035
2009,10.4,55037
2009,9,55039
2009,10.2,55041
2009,7.5,55043
2009,8.9,55045
2009,9.6,55047
2009,7.7,55049
2009,12.1,55051
2009,8.9,55053
2009,9.2,55055
2009,10,55057
2009,10.4,55059
2009,7.8,55061
2009,6.7,55063
2009,7.2,55065
2009,10.1,55067
2009,11.2,55069
2009,9.9,55071
2009,8.8,55073
2009,11.6,55075
2009,10.3,55077
2009,13.9,55078
2009,9.4,55079
2009,7.6,55081
2009,11.3,55083
2009,9.7,55085
2009,8.3,55087
2009,7.5,55089
2009,7.4,55091
2009,7.6,55093
2009,10.3,55095
2009,7.1,55097
2009,10.9,55099
2009,10.2,55101
2009,8.8,55103
2009,12.6,55105
2009,12.9,55107
2009,8,55109
2009,8.3,55111
2009,10,55113
2009,9.3,55115
2009,9.2,55117
2009,11.5,55119
2009,7.6,55121
2009,7.8,55123
2009,9.9,55125
2009,9.1,55127
2009,9.8,55129
2009,8.7,55131
2009,7.5,55133
2009,9.6,55135
2009,9.9,55137
2009,7.7,55139
2009,8.8,55141
2009,6.3,56000
2009,4.2,56001
2009,8.7,56003
2009,5.3,56005
2009,7.2,56007
2009,5.7,56009
2009,5.7,56011
2009,7.7,56013
2009,5.4,56015
2009,5.9,56017
2009,7.5,56019
2009,6.5,56021
2009,7.8,56023
2009,6.6,56025
2009,5,56027
2009,6.2,56029
2009,6,56031
2009,6.8,56033
2009,4.4,56035
2009,6.4,56037
2009,7,56039
2009,6.8,56041
2009,6.1,56043
2009,6.2,56045
2009,15.3,72000
2009,19.1,72001
2009,16.3,72003
2009,16,72005
2009,17.3,72007
2009,18.3,72009
2009,16.9,72011
2009,15.5,72013
2009,21.9,72015
2009,20.1,72017
2009,18,72019
2009,12.7,72021
2009,13.1,72023
2009,14.9,72025
2009,14.3,72027
2009,19.7,72029
2009,12.3,72031
2009,17.6,72033
2009,17.2,72035
2009,17.9,72037
2009,24.5,72039
2009,16.2,72041
2009,21.1,72043
2009,21.2,72045
2009,16.4,72047
2009,10.6,72049
2009,13.6,72051
2009,17.5,72053
2009,19,72054
2009,18.6,72055
2009,19.6,72057
2009,20.8,72059
2009,9.6,72061
2009,15.1,72063
2009,15.8,72065
2009,15.3,72067
2009,19.5,72069
2009,16.9,72071
2009,20.5,72073
2009,16.7,72075
2009,17.7,72077
2009,17.9,72079
2009,17.3,72081
2009,16.3,72083
2009,17.5,72085
2009,20,72087
2009,20.1,72089
2009,18.3,72091
2009,19,72093
2009,27.3,72095
2009,17.1,72097
2009,16,72099
2009,20.5,72101
2009,22.8,72103
2009,17.7,72105
2009,21.1,72107
2009,22.2,72109
2009,19.4,72111
2009,14.5,72113
2009,15.5,72115
2009,16.7,72117
2009,16.3,72119
2009,17.6,72121
2009,22.3,72123
2009,17.2,72125
2009,11.1,72127
2009,17.3,72129
2009,17.3,72131
2009,19,72133
2009,11.7,72135
2009,12.6,72137
2009,10.1,72139
2009,18.8,72141
2009,15.2,72143
2009,17.6,72145
2009,22.4,72147
2009,19.9,72149
2009,23.2,72151
2009,15.8,72153
2001,4.735239982,0
2001,5.1,1000
2001,4.1,1001
2001,4.3,1003
2001,7.4,1005
2001,6.8,1007
2001,3.6,1009
2001,9.9,1011
2001,7.5,1013
2001,5.5,1015
2001,5.4,1017
2001,4.5,1019
2001,4.8,1021
2001,7.1,1023
2001,9.7,1025
2001,6,1027
2001,5.2,1029
2001,6.2,1031
2001,6.8,1033
2001,7.3,1035
2001,6.8,1037
2001,6.3,1039
2001,6,1041
2001,4.6,1043
2001,5.5,1045
2001,9.2,1047
2001,4.8,1049
2001,4.2,1051
2001,6.1,1053
2001,6.6,1055
2001,6.3,1057
2001,7.6,1059
2001,6.4,1061
2001,7.1,1063
2001,7.2,1065
2001,5.4,1067
2001,4.3,1069
2001,6.5,1071
2001,4.3,1073
2001,8,1075
2001,6.5,1077
2001,5.9,1079
2001,4.1,1081
2001,4.4,1083
2001,7.2,1085
2001,5.8,1087
2001,3.8,1089
2001,5.9,1091
2001,8.7,1093
2001,5.5,1095
2001,5.6,1097
2001,7.2,1099
2001,4.5,1101
2001,5.1,1103
2001,11,1105
2001,8.4,1107
2001,5.3,1109
2001,6.3,1111
2001,5.5,1113
2001,4.2,1115
2001,2.9,1117
2001,8.4,1119
2001,6.5,1121
2001,5.9,1123
2001,4.2,1125
2001,6,1127
2001,8.9,1129
2001,10.1,1131
2001,9.4,1133
2001,6.4,2000
2001,8.4,2013
2001,6,2016
2001,5,2020
2001,10,2050
2001,5.5,2060
2001,6.6,2068
2001,8.2,2070
2001,6.1,2090
2001,10,2100
2001,,2105
2001,4.8,2110
2001,8.3,2122
2001,6.8,2130
2001,9,2150
2001,15.7,2158
2001,6.3,2164
2001,7.2,2170
2001,9.9,2180
2001,7.6,2185
2001,10,2188
2001,,2195
2001,,2198
2001,15.4,2201
2001,4.8,2220
2001,,2230
2001,11.8,2232
2001,13.1,2240
2001,8.8,2261
2001,,2275
2001,10.3,2280
2001,8.8,2282
2001,11.1,2290
2001,4.8,4000
2001,9.5,4001
2001,4.9,4003
2001,4.7,4005
2001,5.8,4007
2001,6.3,4009
2001,7.2,4011
2001,6.7,4012
2001,4.2,4013
2001,4.8,4015
2001,7.7,4017
2001,4.4,4019
2001,5.4,4021
2001,8.8,4023
2001,4.5,4025
2001,16.9,4027
2001,5,5000
2001,4.7,5001
2001,7.6,5003
2001,5.5,5005
2001,3,5007
2001,5.3,5009
2001,7.3,5011
2001,5.7,5013
2001,4.1,5015
2001,8.9,5017
2001,4.7,5019
2001,7.1,5021
2001,4.8,5023
2001,5.8,5025
2001,5.3,5027
2001,5,5029
2001,4.7,5031
2001,4.2,5033
2001,5.3,5035
2001,5.9,5037
2001,7,5039
2001,8.8,5041
2001,8.7,5043
2001,4.6,5045
2001,3.8,5047
2001,5.1,5049
2001,4.9,5051
2001,5.2,5053
2001,7.1,5055
2001,4.7,5057
2001,5.3,5059
2001,5.4,5061
2001,5.6,5063
2001,5.9,5065
2001,7.6,5067
2001,6.9,5069
2001,4.8,5071
2001,5.2,5073
2001,6.7,5075
2001,9.3,5077
2001,7.3,5079
2001,4.2,5081
2001,5.1,5083
2001,3.9,5085
2001,3.5,5087
2001,5.6,5089
2001,4.6,5091
2001,11.2,5093
2001,6.4,5095
2001,4.7,5097
2001,4.9,5099
2001,5.5,5101
2001,7.4,5103
2001,5.4,5105
2001,7.8,5107
2001,4.7,5109
2001,7.3,5111
2001,4.8,5113
2001,4.5,5115
2001,4.6,5117
2001,4.3,5119
2001,7.2,5121
2001,7.9,5123
2001,3.7,5125
2001,4.2,5127
2001,5.1,5129
2001,4,5131
2001,4.3,5133
2001,6.3,5135
2001,5.7,5137
2001,5.2,5139
2001,6.3,5141
2001,3.1,5143
2001,5.4,5145
2001,6.6,5147
2001,3.8,5149
2001,5.4,6000
2001,4.8,6001
2001,7.3,6003
2001,5.1,6005
2001,6.6,6007
2001,5.5,6009
2001,12.8,6011
2001,4,6013
2001,8,6015
2001,4.3,6017
2001,10.7,6019
2001,8.8,6021
2001,6,6023
2001,15.9,6025
2001,4.5,6027
2001,8.6,6029
2001,10.7,6031
2001,7,6033
2001,7.3,6035
2001,5.7,6037
2001,9.6,6039
2001,3.5,6041
2001,5.7,6043
2001,5.9,6045
2001,10.2,6047
2001,6.9,6049
2001,4.7,6051
2001,7.8,6053
2001,3.6,6055
2001,4.4,6057
2001,4,6059
2001,4,6061
2001,7.6,6063
2001,5.5,6065
2001,4.5,6067
2001,6.3,6069
2001,5.1,6071
2001,4.2,6073
2001,5.1,6075
2001,7.5,6077
2001,4,6079
2001,3.8,6081
2001,4.4,6083
2001,5.1,6085
2001,5.7,6087
2001,6.3,6089
2001,7.6,6091
2001,8.1,6093
2001,4.6,6095
2001,3.7,6097
2001,8.4,6099
2001,9.8,6101
2001,6.5,6103
2001,9.3,6105
2001,11.4,6107
2001,5.9,6109
2001,4.8,6111
2001,5.1,6113
2001,8.5,6115
2001,3.8,8000
2001,4,8001
2001,4.2,8003
2001,3.7,8005
2001,4,8007
2001,3,8009
2001,4.3,8011
2001,3.7,8013
2001,3.6,8014
2001,4,8015
2001,2.3,8017
2001,3.4,8019
2001,6.3,8021
2001,8.3,8023
2001,5.8,8025
2001,4.1,8027
2001,4.1,8029
2001,4.4,8031
2001,5.1,8033
2001,3.2,8035
2001,3.1,8037
2001,3.2,8039
2001,4.2,8041
2001,5,8043
2001,3.2,8045
2001,3.5,8047
2001,3,8049
2001,3.3,8051
2001,3.4,8053
2001,6.3,8055
2001,3.5,8057
2001,3.4,8059
2001,2.8,8061
2001,2.5,8063
2001,4,8065
2001,3.2,8067
2001,3.2,8069
2001,4.6,8071
2001,3,8073
2001,3.2,8075
2001,3.8,8077
2001,3.7,8079
2001,3.9,8081
2001,4.4,8083
2001,4.4,8085
2001,3.2,8087
2001,4.6,8089
2001,3,8091
2001,3.5,8093
2001,2.8,8095
2001,3.6,8097
2001,3.2,8099
2001,5.2,8101
2001,2.7,8103
2001,5.4,8105
2001,2.9,8107
2001,6,8109
2001,6.8,8111
2001,3.8,8113
2001,2.8,8115
2001,3,8117
2001,3.9,8119
2001,2.7,8121
2001,3.5,8123
2001,2.3,8125
2001,3.1,9000
2001,3,9001
2001,3.4,9003
2001,2.9,9005
2001,2.7,9007
2001,3.4,9009
2001,2.8,9011
2001,2.4,9013
2001,3.3,9015
2001,3.5,10000
2001,3.7,10001
2001,3.4,10003
2001,3.6,10005
2001,6.3,11000
2001,6.3,11001
2001,4.7,12000
2001,3.6,12001
2001,4.2,12003
2001,5.3,12005
2001,4.6,12007
2001,4.5,12009
2001,4.7,12011
2001,5.2,12013
2001,4.5,12015
2001,5.9,12017
2001,4,12019
2001,4.2,12021
2001,5.6,12023
2001,5.1,12027
2001,5.7,12029
2001,4.4,12031
2001,5.1,12033
2001,4.8,12035
2001,4.3,12037
2001,5,12039
2001,4.5,12041
2001,5.9,12043
2001,5.9,12045
2001,7.8,12047
2001,7.1,12049
2001,7.8,12051
2001,5.4,12053
2001,5.3,12055
2001,4.3,12057
2001,6.2,12059
2001,6,12061
2001,5.1,12063
2001,4.6,12065
2001,5.4,12067
2001,4.6,12069
2001,3.9,12071
2001,3.7,12073
2001,5.3,12075
2001,4.9,12077
2001,5.1,12079
2001,4.2,12081
2001,5.1,12083
2001,5.2,12085
2001,4.9,12086
2001,3.5,12087
2001,4.2,12089
2001,4.1,12091
2001,6.4,12093
2001,4.4,12095
2001,4.6,12097
2001,5.2,12099
2001,4.8,12101
2001,4.5,12103
2001,5.2,12105
2001,5.6,12107
2001,3.8,12109
2001,6.5,12111
2001,4.7,12113
2001,4,12115
2001,4.1,12117
2001,5.6,12119
2001,5.1,12121
2001,6.8,12123
2001,5.2,12125
2001,4.4,12127
2001,3.7,12129
2001,4,12131
2001,5.8,12133
2001,4,13000
2001,6.8,13001
2001,6.1,13003
2001,5.5,13005
2001,4.9,13007
2001,4.5,13009
2001,3.6,13011
2001,3.9,13013
2001,4.4,13015
2001,5.2,13017
2001,4.1,13019
2001,4.4,13021
2001,5.2,13023
2001,4.8,13025
2001,4.7,13027
2001,3.1,13029
2001,4.4,13031
2001,6.1,13033
2001,4.5,13035
2001,6.6,13037
2001,3.8,13039
2001,4.7,13043
2001,4.7,13045
2001,3,13047
2001,4.3,13049
2001,3.6,13051
2001,7.5,13053
2001,4.8,13055
2001,2.9,13057
2001,3.8,13059
2001,5.9,13061
2001,4,13063
2001,7.3,13065
2001,3.3,13067
2001,5.4,13069
2001,5.7,13071
2001,3,13073
2001,4.9,13075
2001,3.5,13077
2001,4.2,13079
2001,5.3,13081
2001,3.5,13083
2001,3.1,13085
2001,5.4,13087
2001,4.1,13089
2001,5.4,13091
2001,5.4,13093
2001,5.5,13095
2001,3.3,13097
2001,4.8,13099
2001,3.7,13101
2001,3.2,13103
2001,5.6,13105
2001,6,13107
2001,4.1,13109
2001,4.4,13111
2001,2.8,13113
2001,4.5,13115
2001,2.9,13117
2001,5.4,13119
2001,4.1,13121
2001,3.6,13123
2001,4.4,13125
2001,3.7,13127
2001,5.2,13129
2001,4.3,13131
2001,6.8,13133
2001,3.3,13135
2001,4.4,13137
2001,3.5,13139
2001,9.4,13141
2001,4.5,13143
2001,3.5,13145
2001,5.8,13147
2001,5,13149
2001,3,13151
2001,3.4,13153
2001,5.5,13155
2001,4.3,13157
2001,3.5,13159
2001,7.5,13161
2001,8.1,13163
2001,6.2,13165
2001,6.1,13167
2001,3.6,13169
2001,4.9,13171
2001,4.2,13173
2001,4.5,13175
2001,3.4,13177
2001,4.9,13179
2001,8.3,13181
2001,3.2,13183
2001,3.8,13185
2001,3.3,13187
2001,5.9,13189
2001,4.2,13191
2001,6.7,13193
2001,4,13195
2001,5.4,13197
2001,5.3,13199
2001,4.1,13201
2001,5.3,13205
2001,3.8,13207
2001,6.6,13209
2001,3.3,13211
2001,4.2,13213
2001,5,13215
2001,3.6,13217
2001,2.7,13219
2001,3.9,13221
2001,2.9,13223
2001,4.6,13225
2001,3.3,13227
2001,4.4,13229
2001,3.9,13231
2001,4.8,13233
2001,6.3,13235
2001,3.9,13237
2001,7.5,13239
2001,3.9,13241
2001,8.1,13243
2001,4.9,13245
2001,3.4,13247
2001,4.8,13249
2001,6.9,13251
2001,5.2,13253
2001,4.8,13255
2001,5.1,13257
2001,7.3,13259
2001,5.7,13261
2001,6.3,13263
2001,9,13265
2001,5.1,13267
2001,6.1,13269
2001,11.6,13271
2001,6.3,13273
2001,4.2,13275
2001,4.6,13277
2001,6.4,13279
2001,3.8,13281
2001,6.7,13283
2001,4.4,13285
2001,6.3,13287
2001,5.4,13289
2001,3.7,13291
2001,8.5,13293
2001,4.3,13295
2001,3.6,13297
2001,5.4,13299
2001,8.3,13301
2001,5.2,13303
2001,5.2,13305
2001,5,13307
2001,7.4,13309
2001,3.6,13311
2001,4.5,13313
2001,5.4,13315
2001,8.3,13317
2001,4.7,13319
2001,5.1,13321
2001,4.5,15000
2001,5.3,15001
2001,4.3,15003
2001,5.4,15007
2001,4.3,15009
2001,5.1,16000
2001,3.9,16001
2001,11.3,16003
2001,5,16005
2001,4.7,16007
2001,10.5,16009
2001,4.7,16011
2001,3.4,16013
2001,4.1,16015
2001,8,16017
2001,3.6,16019
2001,9.4,16021
2001,4.4,16023
2001,3.7,16025
2001,5.2,16027
2001,5.4,16029
2001,4.8,16031
2001,5.4,16033
2001,14.8,16035
2001,6.2,16037
2001,5.7,16039
2001,3.9,16041
2001,4.6,16043
2001,6.9,16045
2001,3.9,16047
2001,8.7,16049
2001,4,16051
2001,4.2,16053
2001,7.1,16055
2001,4.4,16057
2001,7.5,16059
2001,7.2,16061
2001,4.1,16063
2001,3.2,16065
2001,5.7,16067
2001,5.4,16069
2001,3.6,16071
2001,4.2,16073
2001,8,16075
2001,5.8,16077
2001,12.4,16079
2001,2.6,16081
2001,4.3,16083
2001,7.7,16085
2001,6.6,16087
2001,5.3,17000
2001,4.2,17001
2001,7.8,17003
2001,4.8,17005
2001,6.1,17007
2001,3.2,17009
2001,4.9,17011
2001,5.9,17013
2001,6.7,17015
2001,4.4,17017
2001,3.5,17019
2001,5.2,17021
2001,5.6,17023
2001,6.4,17025
2001,4.2,17027
2001,4.8,17029
2001,6.1,17031
2001,5.9,17033
2001,5.8,17035
2001,4.3,17037
2001,4.9,17039
2001,4.2,17041
2001,4.4,17043
2001,4.9,17045
2001,4.8,17047
2001,4.7,17049
2001,6.4,17051
2001,4.3,17053
2001,7.5,17055
2001,5.9,17057
2001,5.9,17059
2001,5.4,17061
2001,6,17063
2001,5.6,17065
2001,5.8,17067
2001,6.7,17069
2001,4.6,17071
2001,5,17073
2001,5.3,17075
2001,4.2,17077
2001,5.2,17079
2001,5.6,17081
2001,4.9,17083
2001,4.9,17085
2001,5.6,17087
2001,5.1,17089
2001,5,17091
2001,4.3,17093
2001,5.5,17095
2001,4.2,17097
2001,5.7,17099
2001,5.4,17101
2001,4.8,17103
2001,4.3,17105
2001,4.2,17107
2001,4.4,17109
2001,4.7,17111
2001,3.2,17113
2001,6,17115
2001,5.1,17117
2001,4.8,17119
2001,8.1,17121
2001,4.7,17123
2001,6.1,17125
2001,5.2,17127
2001,3.9,17129
2001,5.4,17131
2001,3.7,17133
2001,6.1,17135
2001,4.4,17137
2001,4.5,17139
2001,5,17141
2001,4.9,17143
2001,6.3,17145
2001,3.7,17147
2001,5.4,17149
2001,6.6,17151
2001,7.5,17153
2001,5.6,17155
2001,4.9,17157
2001,6,17159
2001,4.5,17161
2001,5.2,17163
2001,6.2,17165
2001,3.8,17167
2001,4.3,17169
2001,5,17171
2001,5.4,17173
2001,6.7,17175
2001,5.6,17177
2001,4.5,17179
2001,5.7,17181
2001,6.4,17183
2001,5.1,17185
2001,4.5,17187
2001,4,17189
2001,5.6,17191
2001,4.9,17193
2001,6,17195
2001,5,17197
2001,5.5,17199
2001,5.7,17201
2001,3.5,17203
2001,4.2,18000
2001,5,18001
2001,4.2,18003
2001,4.1,18005
2001,3.5,18007
2001,5.6,18009
2001,2.8,18011
2001,4,18013
2001,4.3,18015
2001,5,18017
2001,4.4,18019
2001,5.5,18021
2001,4.1,18023
2001,5.6,18025
2001,3.8,18027
2001,3.9,18029
2001,3.2,18031
2001,5,18033
2001,4.8,18035
2001,2.9,18037
2001,4.7,18039
2001,6.8,18041
2001,4.1,18043
2001,4.6,18045
2001,4.5,18047
2001,5.8,18049
2001,4,18051
2001,6,18053
2001,5.8,18055
2001,2.5,18057
2001,3,18059
2001,4.2,18061
2001,2.7,18063
2001,5.2,18065
2001,5.7,18067
2001,4.5,18069
2001,4.1,18071
2001,4.8,18073
2001,5.7,18075
2001,4.3,18077
2001,4.8,18079
2001,2.8,18081
2001,3.8,18083
2001,4.2,18085
2001,4.8,18087
2001,4.9,18089
2001,4.9,18091
2001,6.9,18093
2001,4.6,18095
2001,3.8,18097
2001,4.3,18099
2001,4.7,18101
2001,5.3,18103
2001,3.8,18105
2001,3.7,18107
2001,3.3,18109
2001,4.3,18111
2001,5.6,18113
2001,3.7,18115
2001,6.9,18117
2001,4.6,18119
2001,4.6,18121
2001,5.3,18123
2001,3.9,18125
2001,3.8,18127
2001,3.5,18129
2001,4.7,18131
2001,3.8,18133
2001,5.3,18135
2001,3.5,18137
2001,3.7,18139
2001,4.6,18141
2001,5,18143
2001,3.7,18145
2001,4.5,18147
2001,5.9,18149
2001,5.3,18151
2001,5.5,18153
2001,3.3,18155
2001,3.5,18157
2001,4.9,18159
2001,4.5,18161
2001,3.9,18163
2001,5.3,18165
2001,5.1,18167
2001,5.2,18169
2001,3.3,18171
2001,3.5,18173
2001,5.5,18175
2001,5.2,18177
2001,3.9,18179
2001,4.8,18181
2001,4.5,18183
2001,3.3,19000
2001,2.7,19001
2001,4.2,19003
2001,4,19005
2001,5.2,19007
2001,3.2,19009
2001,3.1,19011
2001,3.4,19013
2001,2.8,19015
2001,3.1,19017
2001,3.9,19019
2001,2.7,19021
2001,4.4,19023
2001,3.3,19025
2001,2.5,19027
2001,4,19029
2001,2.8,19031
2001,3.4,19033
2001,2.9,19035
2001,6.2,19037
2001,4.1,19039
2001,3.1,19041
2001,4.6,19043
2001,4.4,19045
2001,3.1,19047
2001,2.3,19049
2001,4.1,19051
2001,3.4,19053
2001,3.6,19055
2001,5,19057
2001,3.3,19059
2001,4.1,19061
2001,3.8,19063
2001,4.7,19065
2001,4.3,19067
2001,3.4,19069
2001,2.7,19071
2001,3.8,19073
2001,2.7,19075
2001,3,19077
2001,3.1,19079
2001,2.6,19081
2001,3.5,19083
2001,3.6,19085
2001,4,19087
2001,3.3,19089
2001,3.3,19091
2001,2.7,19093
2001,2.4,19095
2001,4.7,19097
2001,3.1,19099
2001,5,19101
2001,2.2,19103
2001,3.7,19105
2001,4,19107
2001,2.9,19109
2001,6.5,19111
2001,3.1,19113
2001,3.5,19115
2001,3.4,19117
2001,2.4,19119
2001,3.4,19121
2001,3.5,19123
2001,3.3,19125
2001,3.2,19127
2001,2.9,19129
2001,2.9,19131
2001,3.6,19133
2001,4.4,19135
2001,4.7,19137
2001,3.6,19139
2001,2.6,19141
2001,3.1,19143
2001,5,19145
2001,3.7,19147
2001,2.9,19149
2001,3.5,19151
2001,2.9,19153
2001,3.1,19155
2001,3.2,19157
2001,3.1,19159
2001,2.9,19161
2001,4,19163
2001,2.7,19165
2001,2.4,19167
2001,2.1,19169
2001,3.5,19171
2001,4.1,19173
2001,3.7,19175
2001,4.3,19177
2001,4.6,19179
2001,2.6,19181
2001,2.8,19183
2001,3.5,19185
2001,3.6,19187
2001,2.7,19189
2001,2.9,19191
2001,3.2,19193
2001,3.3,19195
2001,3.3,19197
2001,4.2,20000
2001,6,20001
2001,5.2,20003
2001,5.1,20005
2001,3.3,20007
2001,3.2,20009
2001,3.8,20011
2001,5.4,20013
2001,3.9,20015
2001,3.7,20017
2001,4.9,20019
2001,5.7,20021
2001,3,20023
2001,2.6,20025
2001,4.1,20027
2001,3.6,20029
2001,5.1,20031
2001,2.6,20033
2001,4.2,20035
2001,5,20037
2001,2.8,20039
2001,3.9,20041
2001,7.6,20043
2001,3.2,20045
2001,2.8,20047
2001,5.3,20049
2001,2.9,20051
2001,3.4,20053
2001,7,20055
2001,3.1,20057
2001,4.8,20059
2001,5.5,20061
2001,2.6,20063
2001,3.2,20065
2001,2.8,20067
2001,2.6,20069
2001,3.4,20071
2001,5.1,20073
2001,2.9,20075
2001,3.6,20077
2001,3.4,20079
2001,2.8,20081
2001,3.2,20083
2001,4.4,20085
2001,4.1,20087
2001,2.9,20089
2001,3.8,20091
2001,3.2,20093
2001,3.6,20095
2001,3.2,20097
2001,5.4,20099
2001,3.5,20101
2001,5.1,20103
2001,3.6,20105
2001,6,20107
2001,3.1,20109
2001,4.1,20111
2001,3.6,20113
2001,3.5,20115
2001,3.8,20117
2001,2.9,20119
2001,4.2,20121
2001,3.6,20123
2001,6.4,20125
2001,4.1,20127
2001,2.8,20129
2001,3.6,20131
2001,5.3,20133
2001,2.8,20135
2001,3.6,20137
2001,4.7,20139
2001,3.5,20141
2001,3.7,20143
2001,3,20145
2001,3,20147
2001,3.9,20149
2001,2.8,20151
2001,3.3,20153
2001,4.5,20155
2001,3.4,20157
2001,3.7,20159
2001,3.2,20161
2001,3.4,20163
2001,3.5,20165
2001,5,20167
2001,3.7,20169
2001,2.4,20171
2001,4.1,20173
2001,3.7,20175
2001,4.1,20177
2001,2.5,20179
2001,3.1,20181
2001,3.3,20183
2001,3.3,20185
2001,2.5,20187
2001,3.5,20189
2001,4.1,20191
2001,2.8,20193
2001,3,20195
2001,3.5,20197
2001,2.9,20199
2001,3.6,20201
2001,3.2,20203
2001,5.8,20205
2001,6.2,20207
2001,7.4,20209
2001,5.2,21000
2001,4.8,21001
2001,6,21003
2001,5,21005
2001,6.6,21007
2001,5,21009
2001,7.4,21011
2001,8.3,21013
2001,3.9,21015
2001,4.6,21017
2001,6.4,21019
2001,5.4,21021
2001,4.7,21023
2001,7.6,21025
2001,6.3,21027
2001,4.2,21029
2001,5.5,21031
2001,5.1,21033
2001,5.2,21035
2001,4.4,21037
2001,6.4,21039
2001,5.7,21041
2001,10.2,21043
2001,6.7,21045
2001,6.7,21047
2001,5.3,21049
2001,7.4,21051
2001,6.1,21053
2001,7.5,21055
2001,5.7,21057
2001,5,21059
2001,6,21061
2001,8.7,21063
2001,6.2,21065
2001,3.7,21067
2001,5,21069
2001,6.6,21071
2001,3.7,21073
2001,6.4,21075
2001,4.6,21077
2001,4.7,21079
2001,5,21081
2001,6.5,21083
2001,7.5,21085
2001,5.4,21087
2001,6.2,21089
2001,5.9,21091
2001,5.1,21093
2001,7.7,21095
2001,5.1,21097
2001,5.4,21099
2001,4.7,21101
2001,4.3,21103
2001,5.8,21105
2001,5.7,21107
2001,8.1,21109
2001,4.7,21111
2001,3.8,21113
2001,6.1,21115
2001,4.2,21117
2001,6.8,21119
2001,6.4,21121
2001,4.9,21123
2001,5,21125
2001,8.2,21127
2001,7.1,21129
2001,6.1,21131
2001,6.2,21133
2001,7.9,21135
2001,6,21137
2001,6.4,21139
2001,6.6,21141
2001,6.1,21143
2001,5.2,21145
2001,9.5,21147
2001,5.8,21149
2001,4.7,21151
2001,9.9,21153
2001,5.7,21155
2001,6.4,21157
2001,6.6,21159
2001,4.6,21161
2001,5.1,21163
2001,7.7,21165
2001,5.1,21167
2001,5.2,21169
2001,8.8,21171
2001,6.2,21173
2001,8.2,21175
2001,8.2,21177
2001,5.1,21179
2001,6.1,21181
2001,6,21183
2001,3.5,21185
2001,4.3,21187
2001,6.8,21189
2001,4.5,21191
2001,6.6,21193
2001,5.6,21195
2001,7,21197
2001,6.6,21199
2001,4.7,21201
2001,6.4,21203
2001,5.9,21205
2001,6.2,21207
2001,3.9,21209
2001,4.3,21211
2001,5.4,21213
2001,4.1,21215
2001,5.1,21217
2001,6.5,21219
2001,5.7,21221
2001,5.3,21223
2001,5.5,21225
2001,4.7,21227
2001,5.9,21229
2001,7.3,21231
2001,4.6,21233
2001,6,21235
2001,8.7,21237
2001,3.9,21239
2001,5.7,22000
2001,6,22001
2001,7.5,22003
2001,5.6,22005
2001,6.1,22007
2001,7.3,22009
2001,6.3,22011
2001,8.3,22013
2001,5.3,22015
2001,6,22017
2001,5.7,22019
2001,7.8,22021
2001,5.2,22023
2001,9.4,22025
2001,6.9,22027
2001,9.7,22029
2001,6.9,22031
2001,5.3,22033
2001,12,22035
2001,6.4,22037
2001,6.8,22039
2001,8.7,22041
2001,6.8,22043
2001,5.7,22045
2001,7.5,22047
2001,6.7,22049
2001,4.8,22051
2001,6,22053
2001,4.2,22055
2001,4.5,22057
2001,6.5,22059
2001,6.2,22061
2001,5.6,22063
2001,9.6,22065
2001,8.5,22067
2001,6.7,22069
2001,5.8,22071
2001,5.4,22073
2001,5.6,22075
2001,6.9,22077
2001,6,22079
2001,8,22081
2001,7.6,22083
2001,6.4,22085
2001,5.7,22087
2001,5.4,22089
2001,6.4,22091
2001,9.2,22093
2001,6.9,22095
2001,6.9,22097
2001,6.4,22099
2001,7.1,22101
2001,4.7,22103
2001,6.9,22105
2001,8.7,22107
2001,4.7,22109
2001,6,22111
2001,5.6,22113
2001,6.6,22115
2001,7.2,22117
2001,7.2,22119
2001,5.7,22121
2001,11,22123
2001,7.5,22125
2001,7.5,22127
2001,3.8,23000
2001,4,23001
2001,4.5,23003
2001,2.8,23005
2001,5.3,23007
2001,4.1,23009
2001,3.8,23011
2001,3.1,23013
2001,3.3,23015
2001,4.7,23017
2001,4.1,23019
2001,5.7,23021
2001,3.1,23023
2001,6,23025
2001,4.3,23027
2001,6.7,23029
2001,3.4,23031
2001,4,24000
2001,6.3,24001
2001,3.4,24003
2001,4.1,24005
2001,3.2,24009
2001,4.6,24011
2001,3.2,24013
2001,3.9,24015
2001,3.2,24017
2001,6.3,24019
2001,3.1,24021
2001,5.3,24023
2001,3.7,24025
2001,3,24027
2001,4.1,24029
2001,3.1,24031
2001,4.2,24033
2001,3.4,24035
2001,3.3,24037
2001,6.7,24039
2001,3.5,24041
2001,4.4,24043
2001,4.7,24045
2001,6.5,24047
2001,6.6,24510
2001,3.7,25000
2001,3.9,25001
2001,3.5,25003
2001,4.8,25005
2001,3,25007
2001,4.1,25009
2001,3.1,25011
2001,4.2,25013
2001,2.7,25015
2001,3.3,25017
2001,1.7,25019
2001,3.2,25021
2001,3.5,25023
2001,4.2,25025
2001,3.9,25027
2001,5.2,26000
2001,10.4,26001
2001,6.4,26003
2001,4.4,26005
2001,8,26007
2001,6.6,26009
2001,8,26011
2001,9.2,26013
2001,4.6,26015
2001,5.5,26017
2001,6.1,26019
2001,5.6,26021
2001,5.5,26023
2001,5.4,26025
2001,4.8,26027
2001,6.1,26029
2001,9.8,26031
2001,7.7,26033
2001,7.4,26035
2001,3.4,26037
2001,5.7,26039
2001,6.6,26041
2001,5.1,26043
2001,3.7,26045
2001,6.4,26047
2001,6.2,26049
2001,7.1,26051
2001,7.3,26053
2001,4.9,26055
2001,5.7,26057
2001,6.1,26059
2001,6.2,26061
2001,7.5,26063
2001,4,26065
2001,5.2,26067
2001,9.5,26069
2001,6.7,26071
2001,4,26073
2001,5.4,26075
2001,4.3,26077
2001,7.5,26079
2001,4.8,26081
2001,8.2,26083
2001,7.8,26085
2001,6.1,26087
2001,3.8,26089
2001,5.5,26091
2001,3.5,26093
2001,6.8,26095
2001,9,26097
2001,5,26099
2001,6.6,26101
2001,5.7,26103
2001,9.5,26105
2001,5.6,26107
2001,5.7,26109
2001,4.4,26111
2001,7.1,26113
2001,4.6,26115
2001,6.3,26117
2001,10.5,26119
2001,6.2,26121
2001,6.4,26123
2001,4.1,26125
2001,7.4,26127
2001,7.6,26129
2001,7.7,26131
2001,6.9,26133
2001,9,26135
2001,6.1,26137
2001,4.3,26139
2001,9.7,26141
2001,6.8,26143
2001,5.9,26145
2001,6,26147
2001,6.3,26149
2001,6.9,26151
2001,9.3,26153
2001,5.7,26155
2001,6.8,26157
2001,5.5,26159
2001,3,26161
2001,5.7,26163
2001,8.6,26165
2001,3.8,27000
2001,6.4,27001
2001,3.5,27003
2001,5.3,27005
2001,4.6,27007
2001,4.3,27009
2001,4.3,27011
2001,3,27013
2001,4.1,27015
2001,5.7,27017
2001,3.2,27019
2001,5.7,27021
2001,4.9,27023
2001,4.5,27025
2001,3.3,27027
2001,9.8,27029
2001,4.7,27031
2001,3.8,27033
2001,4.4,27035
2001,3.1,27037
2001,3.4,27039
2001,3.6,27041
2001,4.3,27043
2001,3.6,27045
2001,4.6,27047
2001,3.4,27049
2001,5.5,27051
2001,3.5,27053
2001,4.4,27055
2001,5.1,27057
2001,4.2,27059
2001,6.2,27061
2001,3.3,27063
2001,6.4,27065
2001,3.5,27067
2001,5.2,27069
2001,5.6,27071
2001,4,27073
2001,5.2,27075
2001,4.5,27077
2001,5,27079
2001,3.5,27081
2001,3.7,27083
2001,3.6,27085
2001,5.6,27087
2001,7,27089
2001,3.9,27091
2001,4.8,27093
2001,5.4,27095
2001,5.4,27097
2001,3.4,27099
2001,3.7,27101
2001,3,27103
2001,3.4,27105
2001,4.3,27107
2001,2.8,27109
2001,4.4,27111
2001,5.1,27113
2001,6.2,27115
2001,3.4,27117
2001,4.9,27119
2001,3.6,27121
2001,3.5,27123
2001,7.1,27125
2001,4,27127
2001,5,27129
2001,3.6,27131
2001,2.6,27133
2001,3.5,27135
2001,5.7,27137
2001,3.3,27139
2001,3.8,27141
2001,3.9,27143
2001,3.8,27145
2001,3.8,27147
2001,3.4,27149
2001,4.5,27151
2001,4.5,27153
2001,4.6,27155
2001,3.3,27157
2001,5.9,27159
2001,3.7,27161
2001,3,27163
2001,3.5,27165
2001,3.9,27167
2001,3.7,27169
2001,3.8,27171
2001,5.3,27173
2001,5.5,28000
2001,6.6,28001
2001,5.6,28003
2001,5.2,28005
2001,7.1,28007
2001,6.9,28009
2001,7,28011
2001,8.2,28013
2001,5.8,28015
2001,10.1,28017
2001,9.1,28019
2001,7.9,28021
2001,9.3,28023
2001,8.1,28025
2001,7.3,28027
2001,5.7,28029
2001,5.1,28031
2001,2.8,28033
2001,4.3,28035
2001,7.1,28037
2001,8.2,28039
2001,7.5,28041
2001,6.3,28043
2001,4.1,28045
2001,4.3,28047
2001,4.8,28049
2001,12.5,28051
2001,10.8,28053
2001,11.6,28055
2001,5.3,28057
2001,5.7,28059
2001,5.9,28061
2001,11.8,28063
2001,7.8,28065
2001,4.5,28067
2001,7.8,28069
2001,3.8,28071
2001,3.5,28073
2001,5.5,28075
2001,7.5,28077
2001,5.8,28079
2001,4.9,28081
2001,9,28083
2001,5.4,28085
2001,6.4,28087
2001,3.8,28089
2001,5.6,28091
2001,6.3,28093
2001,7.9,28095
2001,8.7,28097
2001,5.5,28099
2001,5.5,28101
2001,10,28103
2001,4.8,28105
2001,7.7,28107
2001,4.4,28109
2001,5.7,28111
2001,6.3,28113
2001,5.3,28115
2001,5.1,28117
2001,8.3,28119
2001,3.4,28121
2001,4.9,28123
2001,9.6,28125
2001,4.9,28127
2001,5,28129
2001,4.7,28131
2001,10.5,28133
2001,9,28135
2001,4.4,28137
2001,6.1,28139
2001,7.4,28141
2001,6,28143
2001,4.9,28145
2001,6.1,28147
2001,4.7,28149
2001,9.1,28151
2001,6.7,28153
2001,9,28155
2001,7.6,28157
2001,9.8,28159
2001,6.4,28161
2001,6.8,28163
2001,4.6,29000
2001,4.3,29001
2001,4.4,29003
2001,3.4,29005
2001,4.3,29007
2001,4.4,29009
2001,3.8,29011
2001,4.8,29013
2001,6.4,29015
2001,5.9,29017
2001,3,29019
2001,5.1,29021
2001,5.6,29023
2001,4.5,29025
2001,3.9,29027
2001,5.2,29029
2001,3.9,29031
2001,4.5,29033
2001,6.5,29035
2001,3.8,29037
2001,5,29039
2001,5.5,29041
2001,4.1,29043
2001,6.1,29045
2001,3.4,29047
2001,3.9,29049
2001,3.5,29051
2001,4.8,29053
2001,5.3,29055
2001,4.2,29057
2001,5.3,29059
2001,4.3,29061
2001,4.9,29063
2001,6.8,29065
2001,7.2,29067
2001,6.3,29069
2001,4.9,29071
2001,4.9,29073
2001,4.1,29075
2001,3.8,29077
2001,4.3,29079
2001,3.6,29081
2001,5.3,29083
2001,6.9,29085
2001,4.2,29087
2001,4.2,29089
2001,4.5,29091
2001,6.7,29093
2001,4.9,29095
2001,4.4,29097
2001,4.5,29099
2001,4.1,29101
2001,4.4,29103
2001,5.7,29105
2001,4.2,29107
2001,4.4,29109
2001,4.7,29111
2001,4.6,29113
2001,6.6,29115
2001,3.9,29117
2001,4.3,29119
2001,7.2,29121
2001,6.2,29123
2001,5,29125
2001,5,29127
2001,3.5,29129
2001,5.6,29131
2001,7.8,29133
2001,4.4,29135
2001,5.3,29137
2001,4.9,29139
2001,6,29141
2001,6.5,29143
2001,5.1,29145
2001,3,29147
2001,4.8,29149
2001,4.9,29151
2001,5.5,29153
2001,7.4,29155
2001,3.8,29157
2001,5.6,29159
2001,4.2,29161
2001,4.9,29163
2001,3.2,29165
2001,4.5,29167
2001,5.7,29169
2001,4,29171
2001,4.7,29173
2001,5.2,29175
2001,4.2,29177
2001,7.8,29179
2001,6.2,29181
2001,3.5,29183
2001,5.3,29185
2001,4.6,29186
2001,6.3,29187
2001,4.1,29189
2001,4.9,29195
2001,5.6,29197
2001,3.8,29199
2001,5.5,29201
2001,6.5,29203
2001,5.5,29205
2001,5.8,29207
2001,7.8,29209
2001,4.2,29211
2001,8.4,29213
2001,5.9,29215
2001,3.8,29217
2001,4.8,29219
2001,7.2,29221
2001,7.3,29223
2001,4.7,29225
2001,3.6,29227
2001,6.4,29229
2001,6.9,29510
2001,4.5,30000
2001,3.4,30001
2001,11.8,30003
2001,4.6,30005
2001,4.4,30007
2001,4.1,30009
2001,3.2,30011
2001,4.5,30013
2001,3.5,30015
2001,4,30017
2001,4.3,30019
2001,3.6,30021
2001,6.6,30023
2001,2.9,30025
2001,5.2,30027
2001,5.3,30029
2001,3.4,30031
2001,3.2,30033
2001,7.4,30035
2001,4.7,30037
2001,6.2,30039
2001,4.3,30041
2001,4.3,30043
2001,4.1,30045
2001,7.2,30047
2001,4,30049
2001,3.9,30051
2001,8.6,30053
2001,2.9,30055
2001,4.4,30057
2001,5.7,30059
2001,6.4,30061
2001,3.9,30063
2001,5.6,30065
2001,4.7,30067
2001,4.5,30069
2001,4.2,30071
2001,4.3,30073
2001,3.1,30075
2001,5.6,30077
2001,5.2,30079
2001,5,30081
2001,4.7,30083
2001,5.8,30085
2001,5.9,30087
2001,7.2,30089
2001,4,30091
2001,5.2,30093
2001,3.7,30095
2001,3,30097
2001,3.9,30099
2001,3.5,30101
2001,3.4,30103
2001,4.2,30105
2001,4.1,30107
2001,3.5,30109
2001,3.6,30111
2001,3.1,31000
2001,3.1,31001
2001,3.1,31003
2001,3.3,31005
2001,2.1,31007
2001,2.5,31009
2001,3.1,31011
2001,4.4,31013
2001,3.5,31015
2001,3.4,31017
2001,2.4,31019
2001,3.8,31021
2001,3.3,31023
2001,3.2,31025
2001,2.5,31027
2001,2.5,31029
2001,2.2,31031
2001,2.5,31033
2001,3.2,31035
2001,2.5,31037
2001,2.3,31039
2001,2.4,31041
2001,3.1,31043
2001,2.9,31045
2001,3.6,31047
2001,2.7,31049
2001,2.5,31051
2001,3.8,31053
2001,3.5,31055
2001,2.4,31057
2001,3,31059
2001,3,31061
2001,2.3,31063
2001,2.7,31065
2001,3.1,31067
2001,3.3,31069
2001,2.7,31071
2001,3,31073
2001,2.6,31075
2001,3,31077
2001,3.3,31079
2001,2.5,31081
2001,2.7,31083
2001,2.8,31085
2001,3.6,31087
2001,3.1,31089
2001,3.4,31091
2001,3,31093
2001,4.5,31095
2001,3,31097
2001,2.4,31099
2001,2.9,31101
2001,2.5,31103
2001,2.5,31105
2001,3.7,31107
2001,2.7,31109
2001,3.2,31111
2001,2.5,31113
2001,2.9,31115
2001,1.7,31117
2001,3.6,31119
2001,2.9,31121
2001,3.2,31123
2001,3.5,31125
2001,3.5,31127
2001,2.9,31129
2001,3.4,31131
2001,3.4,31133
2001,2.2,31135
2001,2.6,31137
2001,3,31139
2001,3.5,31141
2001,2.7,31143
2001,2.6,31145
2001,4.7,31147
2001,3.1,31149
2001,2.9,31151
2001,2.6,31153
2001,3.2,31155
2001,4.1,31157
2001,2.8,31159
2001,2.7,31161
2001,2.7,31163
2001,2,31165
2001,2.7,31167
2001,3.3,31169
2001,5.4,31171
2001,6.1,31173
2001,3.1,31175
2001,2.8,31177
2001,2.7,31179
2001,2.8,31181
2001,2.3,31183
2001,2.7,31185
2001,5.2,32000
2001,6.2,32001
2001,5.4,32003
2001,4.6,32005
2001,4.8,32007
2001,7.4,32009
2001,4,32011
2001,5.5,32013
2001,6.8,32015
2001,5.4,32017
2001,5.7,32019
2001,7.4,32021
2001,7.7,32023
2001,4.8,32027
2001,3.7,32029
2001,4.3,32031
2001,4.5,32033
2001,5,32510
2001,3.4,33000
2001,3,33001
2001,3.1,33003
2001,3,33005
2001,5.3,33007
2001,2.7,33009
2001,3.5,33011
2001,2.8,33013
2001,4,33015
2001,3.3,33017
2001,2.7,33019
2001,4.3,34000
2001,4.7,34001
2001,3.7,34003
2001,3.5,34005
2001,4.3,34007
2001,6.6,34009
2001,6.5,34011
2001,5.3,34013
2001,3.9,34015
2001,5.5,34017
2001,2.8,34019
2001,3.7,34021
2001,4,34023
2001,3.8,34025
2001,3.2,34027
2001,4.1,34029
2001,5.4,34031
2001,4.4,34033
2001,3.2,34035
2001,3.6,34037
2001,4.6,34039
2001,3.5,34041
2001,4.9,35000
2001,4.2,35001
2001,6.1,35003
2001,5.6,35005
2001,6.1,35006
2001,5.2,35007
2001,4.3,35009
2001,5,35011
2001,6.1,35013
2001,5,35015
2001,6.3,35017
2001,7.9,35019
2001,4.3,35021
2001,6,35023
2001,4.3,35025
2001,4.2,35027
2001,2.6,35028
2001,16.6,35029
2001,6.2,35031
2001,9.8,35033
2001,5.4,35035
2001,5.4,35037
2001,6,35039
2001,3.9,35041
2001,4.6,35043
2001,5.4,35045
2001,6,35047
2001,3.6,35049
2001,4.7,35051
2001,5.2,35053
2001,6.6,35055
2001,4.5,35057
2001,3.5,35059
2001,4.8,35061
2001,4.8,36000
2001,3.3,36001
2001,4.7,36003
2001,7.3,36005
2001,4.2,36007
2001,5,36009
2001,4.3,36011
2001,4.6,36013
2001,4.9,36015
2001,4.5,36017
2001,4.5,36019
2001,3.5,36021
2001,4.7,36023
2001,4.1,36025
2001,3.4,36027
2001,4.7,36029
2001,4.5,36031
2001,6,36033
2001,4.5,36035
2001,4.3,36037
2001,4.5,36039
2001,4.8,36041
2001,4.5,36043
2001,6.3,36045
2001,6.4,36047
2001,6.1,36049
2001,4.4,36051
2001,4.5,36053
2001,4.1,36055
2001,5,36057
2001,3.7,36059
2001,5.6,36061
2001,5.5,36063
2001,4.6,36065
2001,4,36067
2001,4,36069
2001,3.7,36071
2001,5.1,36073
2001,5.3,36075
2001,4.2,36077
2001,3.2,36079
2001,5.3,36081
2001,3.8,36083
2001,5.1,36085
2001,3.5,36087
2001,6.1,36089
2001,3.3,36091
2001,3.4,36093
2001,4.2,36095
2001,5.4,36097
2001,4.3,36099
2001,4.9,36101
2001,3.8,36103
2001,4.5,36105
2001,4.1,36107
2001,3.4,36109
2001,3.8,36111
2001,4.4,36113
2001,4,36115
2001,4.6,36117
2001,3.8,36119
2001,4.9,36121
2001,3.8,36123
2001,5.5,37000
2001,5.5,37001
2001,5.8,37003
2001,8.5,37005
2001,8.4,37007
2001,7.9,37009
2001,5.4,37011
2001,8.5,37013
2001,7.8,37015
2001,8.6,37017
2001,5.5,37019
2001,4.2,37021
2001,6.5,37023
2001,4.8,37025
2001,6.4,37027
2001,3.9,37029
2001,5.3,37031
2001,6.6,37033
2001,6.3,37035
2001,4,37037
2001,8.7,37039
2001,5.4,37041
2001,4.9,37043
2001,9.1,37045
2001,8.2,37047
2001,5.6,37049
2001,6,37051
2001,3,37053
2001,5.6,37055
2001,6.1,37057
2001,5.2,37059
2001,6.1,37061
2001,4.3,37063
2001,8.2,37065
2001,4.6,37067
2001,4.9,37069
2001,7.5,37071
2001,4.3,37073
2001,8.9,37075
2001,6.3,37077
2001,6.7,37079
2001,5,37081
2001,9.6,37083
2001,6.1,37085
2001,5.6,37087
2001,4.3,37089
2001,7.1,37091
2001,6.6,37093
2001,7.2,37095
2001,5.7,37097
2001,4.3,37099
2001,4.2,37101
2001,5.6,37103
2001,6,37105
2001,7.9,37107
2001,6.6,37109
2001,7.2,37111
2001,4.6,37113
2001,5.5,37115
2001,6.9,37117
2001,4.3,37119
2001,9,37121
2001,6.7,37123
2001,4.8,37125
2001,6.3,37127
2001,4.9,37129
2001,8.4,37131
2001,5.4,37133
2001,3.4,37135
2001,5.5,37137
2001,5,37139
2001,5.6,37141
2001,5.4,37143
2001,6.8,37145
2001,5.8,37147
2001,4.2,37149
2001,5.5,37151
2001,8.2,37153
2001,9.7,37155
2001,6.8,37157
2001,6.5,37159
2001,7.4,37161
2001,6.1,37163
2001,9.2,37165
2001,7.1,37167
2001,5.2,37169
2001,6.2,37171
2001,7.9,37173
2001,5,37175
2001,8,37177
2001,4,37179
2001,9,37181
2001,3.9,37183
2001,8.5,37185
2001,7,37187
2001,3.6,37189
2001,5.6,37191
2001,6,37193
2001,7.3,37195
2001,5.1,37197
2001,9.7,37199
2001,2.9,38000
2001,2.7,38001
2001,2.9,38003
2001,5.9,38005
2001,2.2,38007
2001,3.3,38009
2001,2.2,38011
2001,3.1,38013
2001,2.4,38015
2001,2.1,38017
2001,3.2,38019
2001,2.5,38021
2001,2.8,38023
2001,3.3,38025
2001,4.2,38027
2001,4.5,38029
2001,2.9,38031
2001,2.5,38033
2001,2.8,38035
2001,3.1,38037
2001,2.4,38039
2001,2.8,38041
2001,5.2,38043
2001,3.1,38045
2001,2.9,38047
2001,4.9,38049
2001,2.9,38051
2001,2.8,38053
2001,4.9,38055
2001,4.1,38057
2001,3.2,38059
2001,4.2,38061
2001,3.7,38063
2001,3.8,38065
2001,4.3,38067
2001,4.3,38069
2001,3.2,38071
2001,2.4,38073
2001,2.4,38075
2001,3,38077
2001,8.4,38079
2001,3.2,38081
2001,5.4,38083
2001,5,38085
2001,2.3,38087
2001,2.7,38089
2001,2,38091
2001,2.6,38093
2001,2.9,38095
2001,3,38097
2001,3.3,38099
2001,3.2,38101
2001,3.9,38103
2001,2.4,38105
2001,4.3,39000
2001,7.4,39001
2001,5,39003
2001,4.5,39005
2001,6,39007
2001,4.9,39009
2001,4.3,39011
2001,5.6,39013
2001,5.9,39015
2001,4,39017
2001,4.8,39019
2001,4.5,39021
2001,5.1,39023
2001,4,39025
2001,3.7,39027
2001,5.4,39029
2001,5.4,39031
2001,5.7,39033
2001,3.6,39035
2001,4.3,39037
2001,4.8,39039
2001,2.8,39041
2001,4.7,39043
2001,3.5,39045
2001,4.1,39047
2001,3.4,39049
2001,4.5,39051
2001,6.3,39053
2001,2.8,39055
2001,3.9,39057
2001,5.6,39059
2001,4,39061
2001,3.7,39063
2001,4.8,39065
2001,4.9,39067
2001,4.8,39069
2001,5,39071
2001,5.6,39073
2001,2.9,39075
2001,6,39077
2001,6.6,39079
2001,5.9,39081
2001,4.2,39083
2001,3.3,39085
2001,6.3,39087
2001,3.9,39089
2001,3.8,39091
2001,4,39093
2001,5,39095
2001,3.7,39097
2001,5.8,39099
2001,4.6,39101
2001,3,39103
2001,6.9,39105
2001,4.5,39107
2001,4.3,39109
2001,6.3,39111
2001,4.6,39113
2001,8.3,39115
2001,5,39117
2001,5.7,39119
2001,5.7,39121
2001,5.6,39123
2001,4.6,39125
2001,5.7,39127
2001,4.4,39129
2001,7.5,39131
2001,4.3,39133
2001,4.4,39135
2001,4,39137
2001,5.2,39139
2001,5.4,39141
2001,4.6,39143
2001,6.8,39145
2001,5,39147
2001,4.1,39149
2001,4.3,39151
2001,4.6,39153
2001,6.2,39155
2001,4.5,39157
2001,3.1,39159
2001,5.4,39161
2001,7.5,39163
2001,3.7,39165
2001,4.8,39167
2001,3.9,39169
2001,5.1,39171
2001,3.9,39173
2001,4.2,39175
2001,3.7,40000
2001,4.1,40001
2001,3,40003
2001,4.4,40005
2001,2.6,40007
2001,3.2,40009
2001,4.3,40011
2001,3.3,40013
2001,4.5,40015
2001,3.1,40017
2001,3.8,40019
2001,3.4,40021
2001,5.2,40023
2001,2.8,40025
2001,3.1,40027
2001,5.3,40029
2001,3.9,40031
2001,3.5,40033
2001,3.9,40035
2001,3.6,40037
2001,3.1,40039
2001,4,40041
2001,2.8,40043
2001,2.7,40045
2001,3,40047
2001,3.7,40049
2001,3.3,40051
2001,2.8,40053
2001,4.3,40055
2001,3.4,40057
2001,2.9,40059
2001,4.2,40061
2001,5.5,40063
2001,3.2,40065
2001,4.2,40067
2001,4.8,40069
2001,4.1,40071
2001,2.4,40073
2001,3.3,40075
2001,4.9,40077
2001,5.2,40079
2001,3.8,40081
2001,2.9,40083
2001,3.9,40085
2001,3.6,40087
2001,5.3,40089
2001,5,40091
2001,2.8,40093
2001,4.1,40095
2001,4.2,40097
2001,4,40099
2001,4.3,40101
2001,3.9,40103
2001,4.3,40105
2001,4.2,40107
2001,3.9,40109
2001,4.7,40111
2001,3.4,40113
2001,5.6,40115
2001,3.9,40117
2001,2.8,40119
2001,4.4,40121
2001,3.9,40123
2001,4.4,40125
2001,6,40127
2001,2.4,40129
2001,3,40131
2001,4.7,40133
2001,4.9,40135
2001,3.6,40137
2001,2.7,40139
2001,4.1,40141
2001,3.3,40143
2001,3,40145
2001,3.1,40147
2001,2.9,40149
2001,2.7,40151
2001,2.9,40153
2001,6.4,41000
2001,8.5,41001
2001,4.5,41003
2001,5.2,41005
2001,5.8,41007
2001,7.7,41009
2001,8.4,41011
2001,8.5,41013
2001,7.2,41015
2001,6.5,41017
2001,8.4,41019
2001,6,41021
2001,9.3,41023
2001,12.4,41025
2001,7.6,41027
2001,6.6,41029
2001,6.8,41031
2001,8.4,41033
2001,8.6,41035
2001,9.3,41037
2001,6.8,41039
2001,7.2,41041
2001,7.7,41043
2001,8.3,41045
2001,6.4,41047
2001,7.7,41049
2001,6.3,41051
2001,5.7,41053
2001,10.1,41055
2001,6.2,41057
2001,7,41059
2001,6.3,41061
2001,9.2,41063
2001,8.7,41065
2001,5.5,41067
2001,8.2,41069
2001,6.1,41071
2001,4.8,42000
2001,3.9,42001
2001,4.4,42003
2001,6.5,42005
2001,5,42007
2001,7.1,42009
2001,4.8,42011
2001,5.6,42013
2001,5,42015
2001,4,42017
2001,4.6,42019
2001,6.6,42021
2001,8.6,42023
2001,5.7,42025
2001,3.8,42027
2001,3.4,42029
2001,5,42031
2001,6.9,42033
2001,6.4,42035
2001,5.8,42037
2001,6.3,42039
2001,3.8,42041
2001,4.3,42043
2001,4.2,42045
2001,7.2,42047
2001,5.5,42049
2001,6.2,42051
2001,12.7,42053
2001,4.6,42055
2001,6,42057
2001,5.7,42059
2001,7.7,42061
2001,5.3,42063
2001,6.5,42065
2001,4.7,42067
2001,5.5,42069
2001,3.4,42071
2001,5.6,42073
2001,3.6,42075
2001,4.4,42077
2001,5.6,42079
2001,5.4,42081
2001,5.6,42083
2001,5.3,42085
2001,6.3,42087
2001,4.8,42089
2001,3.7,42091
2001,4.2,42093
2001,4.4,42095
2001,5.4,42097
2001,4.4,42099
2001,6.1,42101
2001,4.8,42103
2001,4.9,42105
2001,6.5,42107
2001,4.2,42109
2001,5.9,42111
2001,5.4,42113
2001,5.7,42115
2001,6.3,42117
2001,4.6,42119
2001,5.3,42121
2001,4.7,42123
2001,5.1,42125
2001,4.9,42127
2001,5.1,42129
2001,5.2,42131
2001,4.3,42133
2001,4.6,44000
2001,3.7,44001
2001,4.2,44003
2001,3.9,44005
2001,5.1,44007
2001,3.6,44009
2001,5.2,45000
2001,6.6,45001
2001,5,45003
2001,6.1,45005
2001,5.4,45007
2001,6.6,45009
2001,7,45011
2001,3.9,45013
2001,4.4,45015
2001,5.9,45017
2001,4.2,45019
2001,7,45021
2001,7.7,45023
2001,7.5,45025
2001,7.6,45027
2001,5.1,45029
2001,6.3,45031
2001,9.2,45033
2001,4.1,45035
2001,4.8,45037
2001,8.4,45039
2001,5.5,45041
2001,7.4,45043
2001,3.8,45045
2001,6.9,45047
2001,6.2,45049
2001,4.9,45051
2001,4.4,45053
2001,5.2,45055
2001,5.5,45057
2001,6.5,45059
2001,7.1,45061
2001,3.6,45063
2001,9.7,45065
2001,12.3,45067
2001,9.6,45069
2001,6.3,45071
2001,5.4,45073
2001,8.6,45075
2001,5,45077
2001,4.2,45079
2001,5.2,45081
2001,5.4,45083
2001,6.6,45085
2001,8.9,45087
2001,10.2,45089
2001,4.8,45091
2001,3.1,46000
2001,2.7,46003
2001,3.3,46005
2001,4,46007
2001,3.5,46009
2001,2.7,46011
2001,3,46013
2001,2.6,46015
2001,8.6,46017
2001,3.2,46019
2001,4.8,46021
2001,3.2,46023
2001,5,46025
2001,2.8,46027
2001,3.5,46029
2001,6.1,46031
2001,3.3,46033
2001,2.5,46035
2001,5.2,46037
2001,4,46039
2001,9.3,46041
2001,2.6,46043
2001,2.9,46045
2001,3.9,46047
2001,2.8,46049
2001,3.7,46051
2001,3.5,46053
2001,2.2,46055
2001,3.5,46057
2001,2.6,46059
2001,2.6,46061
2001,2.6,46063
2001,2.3,46065
2001,3.2,46067
2001,2.7,46069
2001,4.6,46071
2001,3,46073
2001,2.1,46075
2001,3.1,46077
2001,2.9,46079
2001,3.2,46081
2001,2.2,46083
2001,4.4,46085
2001,3,46087
2001,3.4,46089
2001,5.4,46091
2001,2.9,46093
2001,4.1,46095
2001,4.7,46097
2001,2.5,46099
2001,4.4,46101
2001,7.9,46102
2001,2.9,46103
2001,2.9,46105
2001,3.4,46107
2001,4.7,46109
2001,3,46111
2001,3.6,46115
2001,2.4,46117
2001,2.4,46119
2001,5.1,46121
2001,3,46123
2001,2.8,46125
2001,3.1,46127
2001,3.6,46129
2001,3.2,46135
2001,8,46137
2001,4.6,47000
2001,4.6,47001
2001,5.1,47003
2001,7.1,47005
2001,4.8,47007
2001,4.2,47009
2001,4.1,47011
2001,6.1,47013
2001,4,47015
2001,7.3,47017
2001,4.9,47019
2001,3.3,47021
2001,4.5,47023
2001,5.3,47025
2001,6.8,47027
2001,7.4,47029
2001,4.4,47031
2001,5.6,47033
2001,6.4,47035
2001,3.5,47037
2001,6.9,47039
2001,5.2,47041
2001,4.3,47043
2001,6.5,47045
2001,5.3,47047
2001,8.6,47049
2001,4.1,47051
2001,7.6,47053
2001,6.1,47055
2001,5.8,47057
2001,7.4,47059
2001,5.6,47061
2001,5.8,47063
2001,3.6,47065
2001,7,47067
2001,6.9,47069
2001,6.2,47071
2001,5.2,47073
2001,7.2,47075
2001,6.7,47077
2001,6,47079
2001,5,47081
2001,7,47083
2001,6.3,47085
2001,5.7,47087
2001,5.2,47089
2001,7.7,47091
2001,3.2,47093
2001,6.5,47095
2001,7.8,47097
2001,9.1,47099
2001,6.6,47101
2001,4.3,47103
2001,4.1,47105
2001,6.7,47107
2001,5.8,47109
2001,5.6,47111
2001,5,47113
2001,5.1,47115
2001,5.2,47117
2001,4.1,47119
2001,6.6,47121
2001,7.1,47123
2001,4.4,47125
2001,3.6,47127
2001,6.1,47129
2001,4.5,47131
2001,6.1,47133
2001,7,47135
2001,8.8,47137
2001,4.8,47139
2001,4.6,47141
2001,5.5,47143
2001,4.6,47145
2001,4.2,47147
2001,3.6,47149
2001,6.7,47151
2001,4.7,47153
2001,5.4,47155
2001,4.3,47157
2001,4.8,47159
2001,5.3,47161
2001,4.2,47163
2001,4.4,47165
2001,4.6,47167
2001,5.5,47169
2001,6,47171
2001,4.2,47173
2001,6.2,47175
2001,6.5,47177
2001,4.7,47179
2001,9.1,47181
2001,5.8,47183
2001,5.8,47185
2001,2.8,47187
2001,3.7,47189
2001,5,48000
2001,5.9,48001
2001,4.2,48003
2001,5.4,48005
2001,6.4,48007
2001,3.2,48009
2001,3.3,48011
2001,4.6,48013
2001,3.9,48015
2001,4.7,48017
2001,4,48019
2001,4.6,48021
2001,4.9,48023
2001,6,48025
2001,4.8,48027
2001,4.6,48029
2001,3.7,48031
2001,3.2,48033
2001,5,48035
2001,5.1,48037
2001,5,48039
2001,3.8,48041
2001,4,48043
2001,4,48045
2001,5.9,48047
2001,4.7,48049
2001,3.9,48051
2001,4.2,48053
2001,5,48055
2001,6.9,48057
2001,4.3,48059
2001,7.8,48061
2001,5.4,48063
2001,3.5,48065
2001,6.4,48067
2001,4,48069
2001,4.5,48071
2001,5,48073
2001,4.9,48075
2001,3.4,48077
2001,5.5,48079
2001,4.5,48081
2001,4.9,48083
2001,4.1,48085
2001,3.7,48087
2001,4.2,48089
2001,4.3,48091
2001,4,48093
2001,5.1,48095
2001,4.8,48097
2001,6,48099
2001,4.8,48101
2001,4.9,48103
2001,3.5,48105
2001,4.9,48107
2001,4.7,48109
2001,3.1,48111
2001,5.3,48113
2001,5.3,48115
2001,4.5,48117
2001,5.3,48119
2001,3.5,48121
2001,4.5,48123
2001,4.9,48125
2001,7.7,48127
2001,4.3,48129
2001,6.4,48131
2001,4.9,48133
2001,4.9,48135
2001,4.5,48137
2001,4.3,48139
2001,7.2,48141
2001,3.8,48143
2001,5.5,48145
2001,6.5,48147
2001,3.6,48149
2001,3.9,48151
2001,5.5,48153
2001,3.8,48155
2001,3.9,48157
2001,4.2,48159
2001,4.4,48161
2001,6.5,48163
2001,4.5,48165
2001,5.2,48167
2001,3.7,48169
2001,3.4,48171
2001,3,48173
2001,4.2,48175
2001,3.6,48177
2001,4.4,48179
2001,5.3,48181
2001,5.4,48183
2001,5.5,48185
2001,3.8,48187
2001,4.6,48189
2001,5.3,48191
2001,3.8,48193
2001,2.9,48195
2001,3.8,48197
2001,6.2,48199
2001,4.7,48201
2001,5.4,48203
2001,3.2,48205
2001,3.9,48207
2001,3.9,48209
2001,2.7,48211
2001,4.6,48213
2001,9.5,48215
2001,5.6,48217
2001,3.9,48219
2001,4.6,48221
2001,4.5,48223
2001,5.2,48225
2001,5,48227
2001,5.3,48229
2001,4.9,48231
2001,4.2,48233
2001,3.2,48235
2001,4.3,48237
2001,4.4,48239
2001,8.5,48241
2001,3.7,48243
2001,7.1,48245
2001,4.8,48247
2001,5.5,48249
2001,4.4,48251
2001,5.1,48253
2001,5.5,48255
2001,5.1,48257
2001,3.8,48259
2001,3.4,48261
2001,3.2,48263
2001,4.3,48265
2001,3.2,48267
2001,2.9,48269
2001,6.8,48271
2001,5,48273
2001,4.3,48275
2001,6.2,48277
2001,5.3,48279
2001,4.3,48281
2001,6.8,48283
2001,3.3,48285
2001,4.1,48287
2001,5.1,48289
2001,6.1,48291
2001,4.7,48293
2001,3.3,48295
2001,4.5,48297
2001,4.7,48299
2001,6.3,48301
2001,3.6,48303
2001,4.8,48305
2001,5.8,48307
2001,4.7,48309
2001,3.9,48311
2001,5.2,48313
2001,6.5,48315
2001,4,48317
2001,2.9,48319
2001,7.6,48321
2001,17.5,48323
2001,4.5,48325
2001,4.5,48327
2001,3.7,48329
2001,4.5,48331
2001,3.6,48333
2001,5.7,48335
2001,4.6,48337
2001,3.9,48339
2001,3.3,48341
2001,6.9,48343
2001,3.5,48345
2001,4.7,48347
2001,5.4,48349
2001,9.9,48351
2001,5.1,48353
2001,5.3,48355
2001,3.1,48357
2001,3.1,48359
2001,7.9,48361
2001,4.7,48363
2001,5.5,48365
2001,3.9,48367
2001,3.6,48369
2001,5.1,48371
2001,6.2,48373
2001,5.4,48375
2001,15.3,48377
2001,5,48379
2001,2.6,48381
2001,3.3,48383
2001,5.6,48385
2001,8.2,48387
2001,7.3,48389
2001,4.5,48391
2001,2.5,48393
2001,4.9,48395
2001,4,48397
2001,4.5,48399
2001,5.1,48401
2001,10.3,48403
2001,5.6,48405
2001,5,48407
2001,5.9,48409
2001,4.4,48411
2001,3.2,48413
2001,5.2,48415
2001,3.2,48417
2001,5.4,48419
2001,2.8,48421
2001,4.9,48423
2001,4.4,48425
2001,15.7,48427
2001,4.1,48429
2001,3.6,48431
2001,4.3,48433
2001,3.3,48435
2001,4.2,48437
2001,4.4,48439
2001,4.4,48441
2001,5.1,48443
2001,5.3,48445
2001,3.1,48447
2001,4.5,48449
2001,3.9,48451
2001,4.4,48453
2001,5.8,48455
2001,7.2,48457
2001,5.2,48459
2001,4.1,48461
2001,6.4,48463
2001,6.2,48465
2001,4.5,48467
2001,4.2,48469
2001,5.3,48471
2001,4.5,48473
2001,5.6,48475
2001,3.6,48477
2001,6.5,48479
2001,4.6,48481
2001,3.8,48483
2001,4.5,48485
2001,3.7,48487
2001,10.9,48489
2001,4.1,48491
2001,4.2,48493
2001,5.5,48495
2001,4.1,48497
2001,5.5,48499
2001,4.3,48501
2001,4.9,48503
2001,7.2,48505
2001,13.2,48507
2001,4.4,49000
2001,3.9,49001
2001,4.6,49003
2001,3.4,49005
2001,6.4,49007
2001,4.9,49009
2001,4.1,49011
2001,5.3,49013
2001,6.7,49015
2001,8,49017
2001,6.9,49019
2001,4.5,49021
2001,4.9,49023
2001,4.3,49025
2001,4.1,49027
2001,3.9,49029
2001,5.8,49031
2001,3.2,49033
2001,4.4,49035
2001,8.4,49037
2001,5.4,49039
2001,4.6,49041
2001,4.7,49043
2001,4.8,49045
2001,4.5,49047
2001,4.1,49049
2001,4.5,49051
2001,4.1,49053
2001,5.1,49055
2001,5.2,49057
2001,3.3,50000
2001,3.1,50001
2001,3.8,50003
2001,4,50005
2001,2.8,50007
2001,4.3,50009
2001,3.6,50011
2001,4.1,50013
2001,3.6,50015
2001,2.8,50017
2001,5.2,50019
2001,3.5,50021
2001,3.3,50023
2001,3.2,50025
2001,2.9,50027
2001,3.2,51000
2001,3.4,51001
2001,2.2,51003
2001,4.2,51005
2001,2.6,51007
2001,3.7,51009
2001,4.3,51011
2001,2.4,51013
2001,2.8,51015
2001,3.8,51017
2001,3.3,51019
2001,5.7,51021
2001,2.7,51023
2001,5.4,51025
2001,6,51027
2001,3.4,51029
2001,4.3,51031
2001,3,51033
2001,6.9,51035
2001,4.9,51036
2001,4.3,51037
2001,2.6,51041
2001,2.2,51043
2001,2.9,51045
2001,2.6,51047
2001,2.8,51049
2001,7,51051
2001,3,51053
2001,3.3,51057
2001,2.5,51059
2001,2.2,51061
2001,4.3,51063
2001,2.5,51065
2001,4,51067
2001,2.8,51069
2001,5.7,51071
2001,2.5,51073
2001,2.5,51075
2001,7.6,51077
2001,2.3,51079
2001,4.6,51081
2001,7.3,51083
2001,2.5,51085
2001,2.9,51087
2001,5.9,51089
2001,3.2,51091
2001,2.7,51093
2001,2.5,51095
2001,3.3,51097
2001,2.5,51099
2001,2.9,51101
2001,6.2,51103
2001,5,51105
2001,2.5,51107
2001,3.1,51109
2001,4.5,51111
2001,2.2,51113
2001,3,51115
2001,5.9,51117
2001,2.7,51119
2001,3.3,51121
2001,3.3,51125
2001,3,51127
2001,3.7,51131
2001,5.1,51133
2001,4,51135
2001,2.7,51137
2001,3.4,51139
2001,5.3,51141
2001,5.9,51143
2001,2.5,51145
2001,4.2,51147
2001,3.5,51149
2001,2.5,51153
2001,7.1,51155
2001,2.4,51157
2001,4.2,51159
2001,2.5,51161
2001,3,51163
2001,2.4,51165
2001,6.4,51167
2001,4.6,51169
2001,2.4,51171
2001,6.4,51173
2001,3.2,51175
2001,2.1,51177
2001,2.2,51179
2001,3.3,51181
2001,4.7,51183
2001,4.9,51185
2001,2.8,51187
2001,5.1,51191
2001,4.1,51193
2001,4.7,51195
2001,6.8,51197
2001,2.5,51199
2001,2.7,51510
2001,4.2,51520
2001,3.4,51530
2001,3.6,51540
2001,2.9,51550
2001,3.2,51570
2001,4.8,51580
2001,7,51590
2001,4.2,51595
2001,1.6,51600
2001,2.7,51610
2001,4.4,51620
2001,3.6,51630
2001,6,51640
2001,3.5,51650
2001,2.8,51660
2001,4.7,51670
2001,4,51678
2001,4.2,51680
2001,3.2,51683
2001,1.8,51685
2001,7.8,51690
2001,3.6,51700
2001,4.3,51710
2001,4.6,51720
2001,5.5,51730
2001,2.4,51735
2001,4.4,51740
2001,4.2,51750
2001,4.2,51760
2001,3.5,51770
2001,2.9,51775
2001,2.9,51790
2001,3.1,51800
2001,2.9,51810
2001,3.7,51820
2001,5.7,51830
2001,3.2,51840
2001,6.3,53000
2001,9.1,53001
2001,5.8,53003
2001,6.1,53005
2001,8.6,53007
2001,8.3,53009
2001,7.2,53011
2001,9.7,53013
2001,9.9,53015
2001,7.7,53017
2001,11.9,53019
2001,8.4,53021
2001,5.4,53023
2001,9.4,53025
2001,9.7,53027
2001,6.4,53029
2001,6.7,53031
2001,4.8,53033
2001,6.3,53035
2001,7,53037
2001,11.8,53039
2001,9.1,53041
2001,6.1,53043
2001,8.1,53045
2001,10.5,53047
2001,8.9,53049
2001,9.5,53051
2001,6.9,53053
2001,5.1,53055
2001,7.5,53057
2001,11.6,53059
2001,5,53061
2001,7,53063
2001,9.7,53065
2001,6.1,53067
2001,8.7,53069
2001,6.9,53071
2001,6.9,53073
2001,4.6,53075
2001,10,53077
2001,5,54000
2001,6.5,54001
2001,3.8,54003
2001,5.1,54005
2001,6.4,54007
2001,4.9,54009
2001,4.7,54011
2001,10.1,54013
2001,7.2,54015
2001,5.4,54017
2001,6.1,54019
2001,5.4,54021
2001,4.4,54023
2001,5.8,54025
2001,3.7,54027
2001,4.3,54029
2001,3.6,54031
2001,5.2,54033
2001,5.4,54035
2001,3.2,54037
2001,4.6,54039
2001,5.4,54041
2001,6.6,54043
2001,5.6,54045
2001,7.8,54047
2001,5,54049
2001,5.8,54051
2001,7.2,54053
2001,4.9,54055
2001,5.3,54057
2001,6.3,54059
2001,3.8,54061
2001,4.4,54063
2001,4,54065
2001,5.6,54067
2001,4.3,54069
2001,4.7,54071
2001,5.7,54073
2001,6.6,54075
2001,5,54077
2001,4.2,54079
2001,4.9,54081
2001,5.7,54083
2001,6.5,54085
2001,9.7,54087
2001,6.5,54089
2001,5.3,54091
2001,5.7,54093
2001,5.8,54095
2001,5.2,54097
2001,5.4,54099
2001,6.7,54101
2001,8,54103
2001,6.4,54105
2001,4.7,54107
2001,6,54109
2001,4.5,55000
2001,5.2,55001
2001,6,55003
2001,4.9,55005
2001,5.8,55007
2001,4,55009
2001,4.6,55011
2001,5.3,55013
2001,4.1,55015
2001,5.6,55017
2001,5.9,55019
2001,4.4,55021
2001,5.2,55023
2001,2.8,55025
2001,5.1,55027
2001,4.8,55029
2001,5.1,55031
2001,4.2,55033
2001,4,55035
2001,4.8,55037
2001,4.2,55039
2001,6.3,55041
2001,4.6,55043
2001,4.2,55045
2001,5.4,55047
2001,3.6,55049
2001,7.9,55051
2001,5.9,55053
2001,4,55055
2001,6.5,55057
2001,5.2,55059
2001,3.9,55061
2001,3.8,55063
2001,4,55065
2001,6.2,55067
2001,5.1,55069
2001,5.2,55071
2001,4.2,55073
2001,6.1,55075
2001,6.6,55077
2001,11,55078
2001,5.5,55079
2001,4.7,55081
2001,5.4,55083
2001,5.6,55085
2001,4.1,55087
2001,3.5,55089
2001,4.4,55091
2001,3.4,55093
2001,5.3,55095
2001,4.3,55097
2001,5.6,55099
2001,5.7,55101
2001,4.3,55103
2001,5.6,55105
2001,6.1,55107
2001,3.9,55109
2001,3.7,55111
2001,5.9,55113
2001,4.9,55115
2001,3.9,55117
2001,5,55119
2001,5.1,55121
2001,4.7,55123
2001,5.5,55125
2001,4,55127
2001,6.1,55129
2001,3.9,55131
2001,3.7,55133
2001,4.7,55135
2001,5.4,55137
2001,3.8,55139
2001,4.9,55141
2001,3.8,56000
2001,3.4,56001
2001,4.7,56003
2001,2.7,56005
2001,4.4,56007
2001,3.8,56009
2001,3.5,56011
2001,5.1,56013
2001,4,56015
2001,4.1,56017
2001,3.9,56019
2001,4.1,56021
2001,3.9,56023
2001,3.7,56025
2001,4,56027
2001,4.2,56029
2001,4.2,56031
2001,3.9,56033
2001,2.6,56035
2001,3.9,56037
2001,2.6,56039
2001,3.7,56041
2001,4.3,56043
2001,4.2,56045
2001,11.4,72000
2001,13.5,72001
2001,15.4,72003
2001,14.7,72005
2001,11.9,72007
2001,11.9,72009
2001,15.8,72011
2001,12.4,72013
2001,15.6,72015
2001,15.1,72017
2001,11.3,72019
2001,8.4,72021
2001,10.7,72023
2001,10.3,72025
2001,12.6,72027
2001,13.6,72029
2001,8.7,72031
2001,10.7,72033
2001,11.8,72035
2001,12.2,72037
2001,15.7,72039
2001,10.9,72041
2001,13.2,72043
2001,14.4,72045
2001,11,72047
2001,7.3,72049
2001,8.9,72051
2001,14.2,72053
2001,15.1,72054
2001,18.3,72055
2001,14,72057
2001,16.6,72059
2001,6.3,72061
2001,10.9,72063
2001,12.2,72065
2001,11.1,72067
2001,14.3,72069
2001,15.8,72071
2001,14.2,72073
2001,14,72075
2001,13.3,72077
2001,14.4,72079
2001,13,72081
2001,16.3,72083
2001,15.1,72085
2001,12.6,72087
2001,17.2,72089
2001,14.4,72091
2001,16.4,72093
2001,17.5,72095
2001,14.5,72097
2001,14.8,72099
2001,14.9,72101
2001,14.9,72103
2001,10.4,72105
2001,16.5,72107
2001,15.6,72109
2001,15,72111
2001,12.4,72113
2001,13.5,72115
2001,15.5,72117
2001,12.7,72119
2001,13.3,72121
2001,14.3,72123
2001,15.1,72125
2001,8,72127
2001,11.3,72129
2001,15.5,72131
2001,11.9,72133
2001,7.7,72135
2001,8.2,72137
2001,7.3,72139
2001,13.6,72141
2001,11.1,72143
2001,12.4,72145
2001,13.9,72147
2001,13.5,72149
2001,18.6,72151
2001,13.5,72153
2008,5.788697231,0
2008,5.7,1000
2008,5.1,1001
2008,4.6,1003
2008,8.8,1005
2008,5.8,1007
2008,4.7,1009
2008,10.5,1011
2008,8.5,1013
2008,5.7,1015
2008,14.4,1017
2008,5.7,1019
2008,5.1,1021
2008,8.3,1023
2008,9,1025
2008,7.9,1027
2008,5.1,1029
2008,4.8,1031
2008,6.5,1033
2008,9.4,1035
2008,8.3,1037
2008,5.9,1039
2008,5.6,1041
2008,4.9,1043
2008,5.4,1045
2008,11.1,1047
2008,5.8,1049
2008,5.1,1051
2008,7.6,1053
2008,6,1055
2008,7.2,1057
2008,7.4,1059
2008,5.5,1061
2008,8.5,1063
2008,7.4,1065
2008,7.7,1067
2008,4.9,1069
2008,6.2,1071
2008,5.4,1073
2008,8,1075
2008,5.7,1077
2008,6.5,1079
2008,5.2,1081
2008,4.7,1083
2008,10.9,1085
2008,7.4,1087
2008,4.2,1089
2008,7.4,1091
2008,8,1093
2008,4.7,1095
2008,5.7,1097
2008,10.2,1099
2008,5.9,1101
2008,5.2,1103
2008,11.3,1105
2008,7.1,1107
2008,4.9,1109
2008,7.3,1111
2008,8,1113
2008,5,1115
2008,3.7,1117
2008,8.7,1119
2008,7.2,1121
2008,7.2,1123
2008,4.7,1125
2008,5.7,1127
2008,8.4,1129
2008,14,1131
2008,8.7,1133
2008,6.7,2000
2008,8.7,2013
2008,5.8,2016
2008,5.4,2020
2008,13.9,2050
2008,4.9,2060
2008,6.1,2068
2008,9.3,2070
2008,6.1,2090
2008,8.8,2100
2008,,2105
2008,4.8,2110
2008,8.2,2122
2008,5.9,2130
2008,6.8,2150
2008,20.6,2158
2008,6.9,2164
2008,7.6,2170
2008,10.4,2180
2008,4.2,2185
2008,11.6,2188
2008,,2195
2008,,2198
2008,13.8,2201
2008,5.8,2220
2008,,2230
2008,12.9,2232
2008,8.8,2240
2008,8.4,2261
2008,,2275
2008,10.7,2280
2008,7.5,2282
2008,14.1,2290
2008,6.2,4000
2008,11.6,4001
2008,5.9,4003
2008,5.6,4005
2008,6.5,4007
2008,7.1,4009
2008,5.3,4011
2008,7.7,4012
2008,5.4,4013
2008,7.7,4015
2008,10.1,4017
2008,5.8,4019
2008,7.4,4021
2008,11,4023
2008,6.2,4025
2008,18.4,4027
2008,5.5,5000
2008,9.8,5001
2008,7.6,5003
2008,6,5005
2008,4.1,5007
2008,5.5,5009
2008,7.2,5011
2008,6.2,5013
2008,4.5,5015
2008,8.3,5017
2008,5.9,5019
2008,8.1,5021
2008,5.6,5023
2008,5.9,5025
2008,7,5027
2008,5.5,5029
2008,4.9,5031
2008,4.9,5033
2008,7.9,5035
2008,6.8,5037
2008,7.2,5039
2008,8.8,5041
2008,7.9,5043
2008,4.8,5045
2008,4.5,5047
2008,5.2,5049
2008,5.6,5051
2008,5.2,5053
2008,6.6,5055
2008,5.8,5057
2008,6.6,5059
2008,5.5,5061
2008,7,5063
2008,6.7,5065
2008,7.8,5067
2008,7.7,5069
2008,4.7,5071
2008,7.1,5073
2008,7.1,5075
2008,8.5,5077
2008,8.1,5079
2008,3.9,5081
2008,6.5,5083
2008,4.5,5085
2008,4.4,5087
2008,6.3,5089
2008,4,5091
2008,7.7,5093
2008,6.4,5095
2008,5.7,5097
2008,6.8,5099
2008,5.7,5101
2008,6.4,5103
2008,5.6,5105
2008,7.2,5107
2008,6.1,5109
2008,6.4,5111
2008,5.2,5113
2008,4.9,5115
2008,5.7,5117
2008,4.8,5119
2008,8.2,5121
2008,9.4,5123
2008,4.5,5125
2008,4.8,5127
2008,5.4,5129
2008,5,5131
2008,4.1,5133
2008,7.5,5135
2008,6.6,5137
2008,6.4,5139
2008,6.6,5141
2008,4.2,5143
2008,6,5145
2008,8,5147
2008,4.5,5149
2008,7.3,6000
2008,6.2,6001
2008,10.5,6003
2008,7.7,6005
2008,8.5,6007
2008,8.7,6009
2008,13.8,6011
2008,6.2,6013
2008,8.8,6015
2008,7,6017
2008,10.6,6019
2008,10.5,6021
2008,7.3,6023
2008,22.6,6025
2008,6.6,6027
2008,9.8,6029
2008,10.6,6031
2008,10.7,6033
2008,9.6,6035
2008,7.6,6037
2008,9.5,6039
2008,4.7,6041
2008,7.5,6043
2008,6.9,6045
2008,12.6,6047
2008,9.7,6049
2008,5.9,6051
2008,8.5,6053
2008,5.1,6055
2008,6.6,6057
2008,5.3,6059
2008,6.5,6061
2008,10.6,6063
2008,8.6,6065
2008,7.2,6067
2008,9.7,6069
2008,8,6071
2008,6,6073
2008,5.3,6075
2008,10.4,6077
2008,5.8,6079
2008,4.9,6081
2008,5.5,6083
2008,6,6085
2008,7.4,6087
2008,10.1,6089
2008,10.6,6091
2008,10.2,6093
2008,6.9,6095
2008,5.8,6097
2008,11.1,6099
2008,12.4,6101
2008,9.2,6103
2008,12.8,6105
2008,10.8,6107
2008,8,6109
2008,6.3,6111
2008,7.4,6113
2008,11.9,6115
2008,4.8,8000
2008,5.4,8001
2008,5.2,8003
2008,4.9,8005
2008,5.1,8007
2008,3.4,8009
2008,6.2,8011
2008,4.1,8013
2008,4.5,8014
2008,4.5,8015
2008,2.7,8017
2008,4.6,8019
2008,7.3,8021
2008,7.7,8023
2008,7.4,8025
2008,5.1,8027
2008,4.4,8029
2008,5.4,8031
2008,7.2,8033
2008,4.2,8035
2008,3.6,8037
2008,4.8,8039
2008,5.7,8041
2008,6.3,8043
2008,3.1,8045
2008,4.2,8047
2008,3.7,8049
2008,3.6,8051
2008,3.3,8053
2008,6.4,8055
2008,3.2,8057
2008,4.7,8059
2008,3.7,8061
2008,3.4,8063
2008,4.6,8065
2008,3.6,8067
2008,4.2,8069
2008,4.5,8071
2008,3.7,8073
2008,3.9,8075
2008,3.9,8077
2008,5.5,8079
2008,3.8,8081
2008,5.2,8083
2008,5,8085
2008,4.2,8087
2008,5.9,8089
2008,3.7,8091
2008,4.8,8093
2008,3.4,8095
2008,3.3,8097
2008,4.5,8099
2008,6.1,8101
2008,2.6,8103
2008,5.7,8105
2008,3.4,8107
2008,7.2,8109
2008,5.6,8111
2008,3.9,8113
2008,3.2,8115
2008,3.7,8117
2008,5.5,8119
2008,3.2,8121
2008,5.2,8123
2008,2.7,8125
2008,5.7,9000
2008,5.2,9001
2008,6,9003
2008,5.3,9005
2008,4.8,9007
2008,6.2,9009
2008,5.4,9011
2008,4.8,9013
2008,6.6,9015
2008,4.9,10000
2008,4.9,10001
2008,4.9,10003
2008,5.1,10005
2008,6.5,11000
2008,6.5,11001
2008,6.3,12000
2008,4.4,12001
2008,5.8,12003
2008,5.7,12005
2008,5,12007
2008,6.7,12009
2008,5.6,12011
2008,5.5,12013
2008,8.3,12015
2008,8.3,12017
2008,5.5,12019
2008,7.1,12021
2008,5.7,12023
2008,6.9,12027
2008,7.6,12029
2008,6.4,12031
2008,6.2,12033
2008,9.9,12035
2008,4.9,12037
2008,6.3,12039
2008,5.8,12041
2008,7.1,12043
2008,6.5,12045
2008,7.3,12047
2008,6.9,12049
2008,11.1,12051
2008,8.8,12053
2008,7.4,12055
2008,6.5,12057
2008,5.2,12059
2008,8.2,12061
2008,5.3,12063
2008,5.2,12065
2008,4.7,12067
2008,6.6,12069
2008,8.3,12071
2008,4.7,12073
2008,7.3,12075
2008,4.4,12077
2008,7.2,12079
2008,7.2,12081
2008,8.1,12083
2008,7.1,12085
2008,4.8,12086
2008,4.2,12087
2008,5.6,12089
2008,4.7,12091
2008,8.4,12093
2008,6,12095
2008,6.5,12097
2008,6.8,12099
2008,7.7,12101
2008,6.6,12103
2008,6.9,12105
2008,7.6,12107
2008,5.2,12109
2008,8.9,12111
2008,5.8,12113
2008,7.4,12115
2008,5.8,12117
2008,5.8,12119
2008,6.1,12121
2008,6.7,12123
2008,5,12125
2008,6.8,12127
2008,4.6,12129
2008,4.6,12131
2008,6.5,12133
2008,6.2,13000
2008,7,13001
2008,8.3,13003
2008,6.2,13005
2008,6.4,13007
2008,7.8,13009
2008,4.5,13011
2008,6.3,13013
2008,7.1,13015
2008,10.8,13017
2008,7,13019
2008,6.5,13021
2008,7.3,13023
2008,6.4,13025
2008,5.7,13027
2008,4.9,13029
2008,6.1,13031
2008,8.7,13033
2008,7.5,13035
2008,8,13037
2008,5.6,13039
2008,6.3,13043
2008,6.7,13045
2008,5.1,13047
2008,6.7,13049
2008,5.6,13051
2008,12.2,13053
2008,9.8,13055
2008,5.3,13057
2008,5.1,13059
2008,7.2,13061
2008,7.6,13063
2008,7.2,13065
2008,5.6,13067
2008,8.3,13069
2008,6,13071
2008,4.8,13073
2008,7.7,13075
2008,5.7,13077
2008,6,13079
2008,7.7,13081
2008,5.7,13083
2008,5.9,13085
2008,7.6,13087
2008,6.4,13089
2008,6.7,13091
2008,6.7,13093
2008,7,13095
2008,6.4,13097
2008,6.6,13099
2008,4.3,13101
2008,4.8,13103
2008,8.3,13105
2008,7.4,13107
2008,6.3,13109
2008,6.2,13111
2008,5.2,13113
2008,6.5,13115
2008,4.8,13117
2008,7,13119
2008,6.4,13121
2008,5.9,13123
2008,6.8,13125
2008,5,13127
2008,7.4,13129
2008,6,13131
2008,6.8,13133
2008,5.6,13135
2008,5.7,13137
2008,5.4,13139
2008,13,13141
2008,6.6,13143
2008,4.7,13145
2008,8.8,13147
2008,7.6,13149
2008,6.1,13151
2008,5.2,13153
2008,9.9,13155
2008,6.2,13157
2008,8.3,13159
2008,9.8,13161
2008,9.8,13163
2008,15.7,13165
2008,8,13167
2008,5.8,13169
2008,7.4,13171
2008,5.8,13173
2008,7.1,13175
2008,4.5,13177
2008,6,13179
2008,7.1,13181
2008,4.4,13183
2008,5.4,13185
2008,7,13187
2008,7.8,13189
2008,5.9,13191
2008,8.4,13193
2008,5.2,13195
2008,6.2,13197
2008,8.5,13199
2008,4.9,13201
2008,6.8,13205
2008,5.6,13207
2008,7.3,13209
2008,6,13211
2008,7.4,13213
2008,6.2,13215
2008,7.5,13217
2008,4,13219
2008,5.2,13221
2008,5.9,13223
2008,7.1,13225
2008,5.9,13227
2008,5.4,13229
2008,6.6,13231
2008,6.3,13233
2008,5.3,13235
2008,7.1,13237
2008,8.6,13239
2008,6.4,13241
2008,8.4,13243
2008,7.2,13245
2008,6.9,13247
2008,6.6,13249
2008,7.8,13251
2008,7.3,13253
2008,8.5,13255
2008,6.2,13257
2008,7.8,13259
2008,7.7,13261
2008,6.6,13263
2008,8.1,13265
2008,6.6,13267
2008,7.5,13269
2008,10.7,13271
2008,6.6,13273
2008,5.8,13275
2008,7.1,13277
2008,7.2,13279
2008,5.9,13281
2008,8.5,13283
2008,8.1,13285
2008,8.1,13287
2008,6.9,13289
2008,5.8,13291
2008,8.3,13293
2008,6.6,13295
2008,6.4,13297
2008,6.6,13299
2008,10.2,13301
2008,7.9,13303
2008,7.7,13305
2008,5.2,13307
2008,7.1,13309
2008,5.5,13311
2008,7.6,13313
2008,8.2,13315
2008,8.3,13317
2008,6.9,13319
2008,6.7,13321
2008,4.3,15000
2008,6,15001
2008,3.8,15003
2008,4.8,15007
2008,4.9,15009
2008,5.1,16000
2008,4.9,16001
2008,10.6,16003
2008,4.7,16005
2008,3.3,16007
2008,10.1,16009
2008,4,16011
2008,3.9,16013
2008,6,16015
2008,6.6,16017
2008,3.6,16019
2008,8.8,16021
2008,4.3,16023
2008,4.4,16025
2008,6.5,16027
2008,3.7,16029
2008,3.9,16031
2008,3.5,16033
2008,11,16035
2008,4.6,16037
2008,5.7,16039
2008,3.4,16041
2008,5,16043
2008,7.1,16045
2008,3.5,16047
2008,7.6,16049
2008,3.8,16051
2008,4.3,16053
2008,5.8,16055
2008,4.2,16057
2008,6.9,16059
2008,3.9,16061
2008,5.6,16063
2008,3.6,16065
2008,4.6,16067
2008,4.6,16069
2008,3.5,16071
2008,3.1,16073
2008,6,16075
2008,5.3,16077
2008,8.4,16079
2008,2.9,16081
2008,4.1,16083
2008,9,16085
2008,5.8,16087
2008,6.3,17000
2008,4.8,17001
2008,9.5,17003
2008,6.6,17005
2008,9.3,17007
2008,3.8,17009
2008,6.1,17011
2008,7.2,17013
2008,6.5,17015
2008,5.3,17017
2008,5.5,17019
2008,6.5,17021
2008,7.9,17023
2008,7.2,17025
2008,6.1,17027
2008,6.1,17029
2008,6.4,17031
2008,6.5,17033
2008,7.1,17035
2008,5.8,17037
2008,5.9,17039
2008,5.8,17041
2008,5,17043
2008,6.9,17045
2008,6.3,17047
2008,5.5,17049
2008,7.8,17051
2008,6.1,17053
2008,9.2,17055
2008,6.5,17057
2008,8,17059
2008,6,17061
2008,7.2,17063
2008,6.8,17065
2008,6.8,17067
2008,9.2,17069
2008,7.2,17071
2008,6,17073
2008,6.6,17075
2008,5.6,17077
2008,6.5,17079
2008,6.2,17081
2008,6.3,17083
2008,5.5,17085
2008,8,17087
2008,6,17089
2008,8.3,17091
2008,5.8,17093
2008,6.4,17095
2008,6.4,17097
2008,7.7,17099
2008,7.3,17101
2008,6.8,17103
2008,5.8,17105
2008,6.6,17107
2008,5.4,17109
2008,5.8,17111
2008,4.9,17113
2008,6.8,17115
2008,7.4,17117
2008,6.4,17119
2008,8.2,17121
2008,5.4,17123
2008,7.8,17125
2008,7,17127
2008,5.5,17129
2008,6.7,17131
2008,5.2,17133
2008,8.5,17135
2008,6,17137
2008,5.1,17139
2008,7.7,17141
2008,5.7,17143
2008,9.5,17145
2008,4.9,17147
2008,5.8,17149
2008,8.3,17151
2008,9.2,17153
2008,7,17155
2008,6.5,17157
2008,6.4,17159
2008,5.5,17161
2008,7.5,17163
2008,8,17165
2008,5.6,17167
2008,5.1,17169
2008,5.9,17171
2008,6.5,17173
2008,6.3,17175
2008,6.7,17177
2008,5.2,17179
2008,8.5,17181
2008,7.7,17183
2008,7.2,17185
2008,5.6,17187
2008,5.9,17189
2008,6.3,17191
2008,6.3,17193
2008,6.7,17195
2008,6.1,17197
2008,6.9,17199
2008,8.4,17201
2008,4.2,17203
2008,5.9,18000
2008,7.6,18001
2008,6,18003
2008,4.6,18005
2008,5.2,18007
2008,7.6,18009
2008,4.3,18011
2008,5.7,18013
2008,5.9,18015
2008,6.3,18017
2008,5.3,18019
2008,7.1,18021
2008,5.5,18023
2008,7.5,18025
2008,3.8,18027
2008,5.9,18029
2008,6.3,18031
2008,7.3,18033
2008,6.7,18035
2008,3.8,18037
2008,8.6,18039
2008,11.4,18041
2008,5.1,18043
2008,5.3,18045
2008,6.6,18047
2008,6.6,18049
2008,5.2,18051
2008,7.6,18053
2008,6.2,18055
2008,3.8,18057
2008,4.8,18059
2008,5.9,18061
2008,4.3,18063
2008,7,18065
2008,7.8,18067
2008,6.7,18069
2008,5.3,18071
2008,5.8,18073
2008,5.8,18075
2008,6.1,18077
2008,7.2,18079
2008,4.7,18081
2008,5,18083
2008,6.5,18085
2008,8.6,18087
2008,6.2,18089
2008,6.2,18091
2008,8.3,18093
2008,6.9,18095
2008,5.6,18097
2008,7.3,18099
2008,4.9,18101
2008,7.9,18103
2008,4.5,18105
2008,4.9,18107
2008,5.8,18109
2008,6.3,18111
2008,8.5,18113
2008,6.2,18115
2008,6.4,18117
2008,6.4,18119
2008,6,18121
2008,5.2,18123
2008,5.6,18125
2008,4.8,18127
2008,4.9,18129
2008,5.6,18131
2008,6.7,18133
2008,6.9,18135
2008,6,18137
2008,6.2,18139
2008,6.6,18141
2008,6.5,18143
2008,5.9,18145
2008,5.1,18147
2008,7.8,18149
2008,7.5,18151
2008,6.7,18153
2008,5,18155
2008,4.7,18157
2008,7.2,18159
2008,6.2,18161
2008,5.2,18163
2008,7.2,18165
2008,6.4,18167
2008,7.5,18169
2008,4.1,18171
2008,4.6,18173
2008,6.6,18175
2008,7.1,18177
2008,5.6,18179
2008,5.8,18181
2008,6.4,18183
2008,4.2,19000
2008,4.1,19001
2008,4.3,19003
2008,6.5,19005
2008,5.5,19007
2008,4.5,19009
2008,4.2,19011
2008,4.1,19013
2008,3.6,19015
2008,3.6,19017
2008,4.1,19019
2008,3.6,19021
2008,4.7,19023
2008,3.5,19025
2008,2.9,19027
2008,4.6,19029
2008,3.7,19031
2008,4.8,19033
2008,3.5,19035
2008,4.9,19037
2008,4.7,19039
2008,3.5,19041
2008,5.5,19043
2008,4.3,19045
2008,3.3,19047
2008,3.3,19049
2008,5,19051
2008,3.8,19053
2008,4,19055
2008,5.9,19057
2008,4.4,19059
2008,4.4,19061
2008,4,19063
2008,5.4,19065
2008,5.9,19067
2008,4.5,19069
2008,4.5,19071
2008,3.9,19073
2008,3.6,19075
2008,4.4,19077
2008,3.9,19079
2008,6.4,19081
2008,4.3,19083
2008,4.2,19085
2008,5.4,19087
2008,4.7,19089
2008,3.7,19091
2008,3.9,19093
2008,4.2,19095
2008,5.2,19097
2008,7.7,19099
2008,4.5,19101
2008,3,19103
2008,4.5,19105
2008,4.6,19107
2008,4,19109
2008,6.6,19111
2008,4.1,19113
2008,4.8,19115
2008,4.1,19117
2008,2.7,19119
2008,4.8,19121
2008,4.6,19123
2008,4,19125
2008,5.2,19127
2008,3.7,19129
2008,4.1,19131
2008,5.4,19133
2008,4.5,19135
2008,5.8,19137
2008,4.4,19139
2008,3.3,19141
2008,3.9,19143
2008,4.8,19145
2008,4.3,19147
2008,3.4,19149
2008,3.2,19151
2008,4.1,19153
2008,4.3,19155
2008,4.6,19157
2008,4.6,19159
2008,3.7,19161
2008,4.3,19163
2008,3.1,19165
2008,2.8,19167
2008,3.2,19169
2008,5.4,19171
2008,4,19173
2008,4.6,19175
2008,4.9,19177
2008,5,19179
2008,3.8,19181
2008,4.1,19183
2008,4.2,19185
2008,4.4,19187
2008,6.5,19189
2008,4.4,19191
2008,3.9,19193
2008,5.2,19195
2008,4.5,19197
2008,4.6,20000
2008,4.6,20001
2008,4.8,20003
2008,4.6,20005
2008,3.3,20007
2008,3.3,20009
2008,4.9,20011
2008,4.4,20013
2008,4.4,20015
2008,4.2,20017
2008,4.6,20019
2008,5.2,20021
2008,3.2,20023
2008,3.2,20025
2008,3.4,20027
2008,3.7,20029
2008,4.7,20031
2008,3.2,20033
2008,4.5,20035
2008,5.3,20037
2008,3.1,20039
2008,4,20041
2008,5.6,20043
2008,4.2,20045
2008,2.8,20047
2008,5.7,20049
2008,3,20051
2008,3.3,20053
2008,3.5,20055
2008,3,20057
2008,5.6,20059
2008,4.7,20061
2008,2.8,20063
2008,3.4,20065
2008,2.9,20067
2008,2.6,20069
2008,3.8,20071
2008,5.3,20073
2008,3.4,20075
2008,3.2,20077
2008,3.9,20079
2008,2.7,20081
2008,3.4,20083
2008,5.8,20085
2008,5.3,20087
2008,3.2,20089
2008,4.6,20091
2008,3.4,20093
2008,3.3,20095
2008,3.4,20097
2008,5.3,20099
2008,3.7,20101
2008,5.8,20103
2008,3.7,20105
2008,6.7,20107
2008,2.8,20109
2008,5.9,20111
2008,3.6,20113
2008,3.7,20115
2008,3.7,20117
2008,3,20119
2008,5.1,20121
2008,3.3,20123
2008,5.6,20125
2008,4.8,20127
2008,2.8,20129
2008,3.1,20131
2008,4.9,20133
2008,3.1,20135
2008,3.2,20137
2008,6,20139
2008,3.4,20141
2008,3.7,20143
2008,3.2,20145
2008,4.3,20147
2008,3.6,20149
2008,3.5,20151
2008,3.5,20153
2008,4.1,20155
2008,3.1,20157
2008,3.8,20159
2008,3.5,20161
2008,4.6,20163
2008,3.9,20165
2008,3.7,20167
2008,3.8,20169
2008,2.7,20171
2008,4.5,20173
2008,3.1,20175
2008,5,20177
2008,2.6,20179
2008,3.1,20181
2008,4,20183
2008,3.7,20185
2008,3.3,20187
2008,3.4,20189
2008,4.6,20191
2008,3.1,20193
2008,3,20195
2008,4.5,20197
2008,4.8,20199
2008,3.6,20201
2008,3.2,20203
2008,5.6,20205
2008,5.7,20207
2008,8.1,20209
2008,6.4,21000
2008,6.8,21001
2008,7,21003
2008,6.4,21005
2008,6.2,21007
2008,6.1,21009
2008,8.9,21011
2008,8.9,21013
2008,5.4,21015
2008,5.8,21017
2008,5.9,21019
2008,6.7,21021
2008,7.2,21023
2008,7.3,21025
2008,7.5,21027
2008,7,21029
2008,7.9,21031
2008,6.5,21033
2008,5.8,21035
2008,6,21037
2008,6.5,21039
2008,7.5,21041
2008,8.2,21043
2008,6.3,21045
2008,8.3,21047
2008,6.3,21049
2008,10.4,21051
2008,6.5,21053
2008,6.5,21055
2008,7.8,21057
2008,5.7,21059
2008,7.5,21061
2008,8.3,21063
2008,7.8,21065
2008,4.8,21067
2008,7.2,21069
2008,6.7,21071
2008,5.8,21073
2008,7.6,21075
2008,7.1,21077
2008,6.5,21079
2008,7,21081
2008,6.9,21083
2008,9.9,21085
2008,7.7,21087
2008,6.2,21089
2008,5.8,21091
2008,6.2,21093
2008,8.9,21095
2008,6.3,21097
2008,6.6,21099
2008,6.1,21101
2008,6.2,21103
2008,7,21105
2008,7.3,21107
2008,11.3,21109
2008,6.3,21111
2008,5.5,21113
2008,6.9,21115
2008,5.9,21117
2008,6.8,21119
2008,7.6,21121
2008,6.5,21123
2008,6.6,21125
2008,8.6,21127
2008,7.4,21129
2008,8.3,21131
2008,6.9,21133
2008,9.5,21135
2008,7.5,21137
2008,6.1,21139
2008,6.3,21141
2008,7.6,21143
2008,5.8,21145
2008,9.6,21147
2008,7.1,21149
2008,5.5,21151
2008,10.7,21153
2008,6.4,21155
2008,6.3,21157
2008,7.6,21159
2008,6,21161
2008,7.7,21163
2008,9.9,21165
2008,6.3,21167
2008,7,21169
2008,8.3,21171
2008,7.4,21173
2008,9.7,21175
2008,8.5,21177
2008,7.3,21179
2008,7.3,21181
2008,6.4,21183
2008,5.6,21185
2008,6.5,21187
2008,8,21189
2008,7.7,21191
2008,6.8,21193
2008,5.8,21195
2008,8.6,21197
2008,6.7,21199
2008,6.1,21201
2008,7.3,21203
2008,6,21205
2008,7.3,21207
2008,5.4,21209
2008,5.7,21211
2008,6.4,21213
2008,7.3,21215
2008,6.1,21217
2008,7.1,21219
2008,7.7,21221
2008,7.3,21223
2008,6.5,21225
2008,5.4,21227
2008,7.2,21229
2008,8.3,21231
2008,6.3,21233
2008,7.3,21235
2008,9.8,21237
2008,4.8,21239
2008,4.9,22000
2008,4.2,22001
2008,6.2,22003
2008,4.4,22005
2008,5.8,22007
2008,6,22009
2008,5.5,22011
2008,6.5,22013
2008,4.5,22015
2008,5.7,22017
2008,4.5,22019
2008,5.2,22021
2008,4.4,22023
2008,6.8,22025
2008,6.3,22027
2008,7.4,22029
2008,7.2,22031
2008,4.7,22033
2008,10.5,22035
2008,5.4,22037
2008,5.4,22039
2008,7.6,22041
2008,5.3,22043
2008,4.3,22045
2008,6.9,22047
2008,4.9,22049
2008,4.5,22051
2008,4,22053
2008,3.4,22055
2008,3.5,22057
2008,4,22059
2008,5.5,22061
2008,4.4,22063
2008,7.9,22065
2008,9,22067
2008,6.1,22069
2008,6,22071
2008,5.2,22073
2008,4.7,22075
2008,5.3,22077
2008,4.6,22079
2008,7.8,22081
2008,6.6,22083
2008,5,22085
2008,4.5,22087
2008,4.7,22089
2008,8.9,22091
2008,7.5,22093
2008,6.1,22095
2008,5.3,22097
2008,4.2,22099
2008,4.9,22101
2008,4,22103
2008,5.7,22105
2008,8.5,22107
2008,3.8,22109
2008,5.5,22111
2008,4.4,22113
2008,4.9,22115
2008,6.5,22117
2008,6.3,22119
2008,4.9,22121
2008,10.4,22123
2008,5.8,22125
2008,5.7,22127
2008,5.5,23000
2008,5.5,23001
2008,7,23003
2008,4.2,23005
2008,7.1,23007
2008,6.1,23009
2008,5.3,23011
2008,5.3,23013
2008,5.2,23015
2008,6.9,23017
2008,5.8,23019
2008,8.4,23021
2008,4.8,23023
2008,7.9,23025
2008,6.2,23027
2008,8.5,23029
2008,4.9,23031
2008,4.2,24000
2008,5.7,24001
2008,3.7,24003
2008,4.4,24005
2008,3.4,24009
2008,5.3,24011
2008,3.7,24013
2008,5.1,24015
2008,3.6,24017
2008,6.7,24019
2008,3.6,24021
2008,4.8,24023
2008,4.1,24025
2008,3.1,24027
2008,4.8,24029
2008,3.2,24031
2008,4.3,24033
2008,4,24035
2008,3.6,24037
2008,6.4,24039
2008,4.2,24041
2008,5.5,24043
2008,5.2,24045
2008,7.2,24047
2008,6.5,24510
2008,5.5,25000
2008,6,25001
2008,5.3,25003
2008,7.3,25005
2008,4.3,25007
2008,5.9,25009
2008,5.2,25011
2008,6.7,25013
2008,4.5,25015
2008,4.5,25017
2008,3.4,25019
2008,4.9,25021
2008,5.9,25023
2008,5.4,25025
2008,6,25027
2008,8,26000
2008,11.4,26001
2008,9.3,26003
2008,7.3,26005
2008,8.8,26007
2008,9.3,26009
2008,10.3,26011
2008,13.4,26013
2008,6.4,26015
2008,7.5,26017
2008,8.9,26019
2008,7.8,26021
2008,8.3,26023
2008,7.4,26025
2008,6.7,26027
2008,9.6,26029
2008,11.1,26031
2008,9.5,26033
2008,11.4,26035
2008,5.8,26037
2008,9.2,26039
2008,8.3,26041
2008,6.7,26043
2008,6.1,26045
2008,9.7,26047
2008,10.1,26049
2008,10.6,26051
2008,8.4,26053
2008,7.3,26055
2008,9.2,26057
2008,10.2,26059
2008,7.7,26061
2008,8.8,26063
2008,6.9,26065
2008,8.3,26067
2008,10.7,26069
2008,8.2,26071
2008,5.9,26073
2008,8.2,26075
2008,6.1,26077
2008,8.6,26079
2008,6.6,26081
2008,10.7,26083
2008,11.1,26085
2008,9.4,26087
2008,6,26089
2008,9.7,26091
2008,6.3,26093
2008,9.1,26095
2008,11.5,26097
2008,8.1,26099
2008,8.7,26101
2008,6.8,26103
2008,8.3,26105
2008,8.4,26107
2008,6.2,26109
2008,6.1,26111
2008,10.2,26113
2008,8.5,26115
2008,11.3,26117
2008,13.7,26119
2008,8.4,26121
2008,8.8,26123
2008,6.6,26125
2008,10.2,26127
2008,9.1,26129
2008,9.1,26131
2008,9.3,26133
2008,12.6,26135
2008,9.9,26137
2008,6.8,26139
2008,13.4,26141
2008,10.9,26143
2008,8.3,26145
2008,9.7,26147
2008,8.5,26149
2008,10.9,26151
2008,11.1,26153
2008,9.6,26155
2008,10,26157
2008,8,26159
2008,5.6,26161
2008,9.3,26163
2008,10.8,26165
2008,5.4,27000
2008,8.1,27001
2008,5.5,27003
2008,6.8,27005
2008,6.9,27007
2008,6.1,27009
2008,5.5,27011
2008,4.4,27013
2008,6,27015
2008,6.7,27017
2008,4.9,27019
2008,8.6,27021
2008,5.2,27023
2008,6.8,27025
2008,3.7,27027
2008,11.4,27029
2008,5.6,27031
2008,5.3,27033
2008,6.9,27035
2008,4.9,27037
2008,5.2,27039
2008,5,27041
2008,6.2,27043
2008,6.1,27045
2008,5.7,27047
2008,5.7,27049
2008,7,27051
2008,4.9,27053
2008,5.8,27055
2008,7.6,27057
2008,6.9,27059
2008,7.9,27061
2008,4.2,27063
2008,10.3,27065
2008,5,27067
2008,5.7,27069
2008,7.7,27071
2008,4.8,27073
2008,5.3,27075
2008,6,27077
2008,7.4,27079
2008,5.1,27081
2008,4.4,27083
2008,6,27085
2008,7.2,27087
2008,7.9,27089
2008,4.9,27091
2008,6.6,27093
2008,9,27095
2008,7.6,27097
2008,4.6,27099
2008,5.1,27101
2008,4.3,27103
2008,4.2,27105
2008,5.6,27107
2008,4.4,27109
2008,6.1,27111
2008,7.1,27113
2008,8.6,27115
2008,4.4,27117
2008,5,27119
2008,5.3,27121
2008,5.3,27123
2008,7.9,27125
2008,5.4,27127
2008,5.8,27129
2008,5.9,27131
2008,3.9,27133
2008,4.9,27135
2008,6.3,27137
2008,5,27139
2008,6.2,27141
2008,6.3,27143
2008,5.6,27145
2008,5.1,27147
2008,4.7,27149
2008,6.1,27151
2008,6.5,27153
2008,5.5,27155
2008,5,27157
2008,8.2,27159
2008,5.4,27161
2008,5,27163
2008,6.5,27165
2008,4.4,27167
2008,4.8,27169
2008,6.1,27171
2008,5.1,27173
2008,6.6,28000
2008,6.5,28001
2008,7.6,28003
2008,7,28005
2008,8.9,28007
2008,11,28009
2008,8.4,28011
2008,8.8,28013
2008,7,28015
2008,10.7,28017
2008,7.9,28019
2008,10.7,28021
2008,7.6,28023
2008,12.8,28025
2008,9,28027
2008,7.1,28029
2008,5.9,28031
2008,4.6,28033
2008,5.6,28035
2008,7.5,28037
2008,7.4,28039
2008,9,28041
2008,7.3,28043
2008,5.5,28045
2008,5.4,28047
2008,5.9,28049
2008,12.9,28051
2008,9.6,28053
2008,8.6,28055
2008,8,28057
2008,5.7,28059
2008,7,28061
2008,13.1,28063
2008,6.8,28065
2008,5.2,28067
2008,8.1,28069
2008,5.2,28071
2008,4.6,28073
2008,6.7,28075
2008,7.7,28077
2008,6.7,28079
2008,6.9,28081
2008,8.8,28083
2008,7.2,28085
2008,7.6,28087
2008,5.1,28089
2008,6.9,28091
2008,8,28093
2008,9.6,28095
2008,8.6,28097
2008,5.3,28099
2008,6.5,28101
2008,13.5,28103
2008,6.2,28105
2008,8.3,28107
2008,6.6,28109
2008,8.1,28111
2008,6.9,28113
2008,7.7,28115
2008,8,28117
2008,8.8,28119
2008,4.1,28121
2008,5,28123
2008,8.5,28125
2008,5.8,28127
2008,6.4,28129
2008,5.8,28131
2008,10.2,28133
2008,8.3,28135
2008,6.7,28137
2008,9.9,28139
2008,8.8,28141
2008,10.5,28143
2008,6.9,28145
2008,7.1,28147
2008,6.3,28149
2008,9.4,28151
2008,7.4,28153
2008,9.2,28155
2008,7.9,28157
2008,7.4,28159
2008,8.5,28161
2008,8.7,28163
2008,6.1,29000
2008,5.3,29001
2008,4.8,29003
2008,4.8,29005
2008,6.2,29007
2008,5.5,29009
2008,9.3,29011
2008,7.2,29013
2008,6.9,29015
2008,6.7,29017
2008,4.4,29019
2008,5.2,29021
2008,6.2,29023
2008,6.7,29025
2008,5.4,29027
2008,6.3,29029
2008,5.2,29031
2008,7.1,29033
2008,7.2,29035
2008,6,29037
2008,6.5,29039
2008,6.2,29041
2008,5,29043
2008,6.1,29045
2008,5.2,29047
2008,5.9,29049
2008,4.5,29051
2008,5.7,29053
2008,8.1,29055
2008,6.3,29057
2008,7.6,29059
2008,5.4,29061
2008,6.3,29063
2008,7.7,29065
2008,6.8,29067
2008,7.9,29069
2008,7.5,29071
2008,7.6,29073
2008,4.5,29075
2008,5.1,29077
2008,5.6,29079
2008,4.9,29081
2008,6.7,29083
2008,9.7,29085
2008,5,29087
2008,6,29089
2008,5.7,29091
2008,5.7,29093
2008,6.9,29095
2008,5.2,29097
2008,6.9,29099
2008,5.3,29101
2008,4.7,29103
2008,7.6,29105
2008,6.1,29107
2008,4.8,29109
2008,4.8,29111
2008,7.8,29113
2008,7,29115
2008,5.2,29117
2008,4.9,29119
2008,6,29121
2008,6.1,29123
2008,6.3,29125
2008,5.6,29127
2008,4.8,29129
2008,6.7,29131
2008,7.3,29133
2008,5.5,29135
2008,7,29137
2008,7.2,29139
2008,7.5,29141
2008,7.1,29143
2008,5.5,29145
2008,4.2,29147
2008,5.9,29149
2008,6.2,29151
2008,6.1,29153
2008,7.4,29155
2008,4.6,29157
2008,6.2,29159
2008,5.9,29161
2008,5.7,29163
2008,4.8,29165
2008,6.1,29167
2008,5.7,29169
2008,5.4,29171
2008,5.3,29173
2008,6.1,29175
2008,6.4,29177
2008,7.3,29179
2008,6.7,29181
2008,5.5,29183
2008,7.1,29185
2008,5.9,29186
2008,7.1,29187
2008,6,29189
2008,5.7,29195
2008,6.4,29197
2008,6.6,29199
2008,6.6,29201
2008,7.9,29203
2008,5.3,29205
2008,7.5,29207
2008,7.8,29209
2008,5.8,29211
2008,7.7,29213
2008,6.9,29215
2008,5.6,29217
2008,7.5,29219
2008,10.2,29221
2008,6.8,29223
2008,5.7,29225
2008,5.5,29227
2008,7.2,29229
2008,7.8,29510
2008,5.1,30000
2008,4.1,30001
2008,8.3,30003
2008,4.5,30005
2008,5.6,30007
2008,4.3,30009
2008,3.3,30011
2008,4.7,30013
2008,3.6,30015
2008,4.2,30017
2008,3.7,30019
2008,3.7,30021
2008,6.7,30023
2008,2.6,30025
2008,4.8,30027
2008,6.7,30029
2008,4.2,30031
2008,3.5,30033
2008,9.2,30035
2008,5,30037
2008,6.7,30039
2008,5.1,30041
2008,4.6,30043
2008,4.4,30045
2008,7.5,30047
2008,4.2,30049
2008,4.2,30051
2008,10.8,30053
2008,2.8,30055
2008,4.2,30057
2008,7,30059
2008,7.2,30061
2008,5,30063
2008,5.9,30065
2008,5.3,30067
2008,5.6,30069
2008,5.1,30071
2008,5.5,30073
2008,3.6,30075
2008,7.7,30077
2008,4.2,30079
2008,6.6,30081
2008,3.2,30083
2008,7.4,30085
2008,6.3,30087
2008,10.4,30089
2008,3.2,30091
2008,4.9,30093
2008,4.4,30095
2008,2.7,30097
2008,4.2,30099
2008,3.3,30101
2008,4.2,30103
2008,4.3,30105
2008,4.1,30107
2008,3.6,30109
2008,3.8,30111
2008,3.3,31000
2008,3.1,31001
2008,3,31003
2008,3.7,31005
2008,2.5,31007
2008,4.9,31009
2008,2.6,31011
2008,3.7,31013
2008,3.2,31015
2008,2.7,31017
2008,2.5,31019
2008,4.2,31021
2008,2.9,31023
2008,3.7,31025
2008,2.5,31027
2008,2.7,31029
2008,2.4,31031
2008,2.8,31033
2008,3.2,31035
2008,2.6,31037
2008,2.9,31039
2008,2.4,31041
2008,4.2,31043
2008,2.9,31045
2008,4,31047
2008,2.9,31049
2008,3.2,31051
2008,3.5,31053
2008,3.7,31055
2008,2.9,31057
2008,3,31059
2008,3,31061
2008,2.8,31063
2008,2.9,31065
2008,4.7,31067
2008,3,31069
2008,2.6,31071
2008,3.2,31073
2008,2.9,31075
2008,2.9,31077
2008,3.1,31079
2008,2.4,31081
2008,3.1,31083
2008,3.8,31085
2008,3.4,31087
2008,2.7,31089
2008,4.3,31091
2008,3.1,31093
2008,3.9,31095
2008,3.2,31097
2008,2.7,31099
2008,2.9,31101
2008,4.8,31103
2008,3.4,31105
2008,3.2,31107
2008,3.1,31109
2008,3,31111
2008,2.2,31113
2008,3.8,31115
2008,2.3,31117
2008,3.3,31119
2008,3.1,31121
2008,3.1,31123
2008,3,31125
2008,4.6,31127
2008,2.9,31129
2008,3.5,31131
2008,3.4,31133
2008,2.4,31135
2008,2.4,31137
2008,3,31139
2008,3,31141
2008,2.8,31143
2008,2.9,31145
2008,4.4,31147
2008,2.8,31149
2008,3.4,31151
2008,3.2,31153
2008,3.6,31155
2008,3.7,31157
2008,3.2,31159
2008,2.7,31161
2008,2.7,31163
2008,3.4,31165
2008,2.8,31167
2008,3.2,31169
2008,4,31171
2008,6.7,31173
2008,2.8,31175
2008,3.1,31177
2008,2.9,31179
2008,3.4,31181
2008,2.3,31183
2008,3.7,31185
2008,6.7,32000
2008,6,32001
2008,6.6,32003
2008,7.4,32005
2008,4.3,32007
2008,4.9,32009
2008,5.2,32011
2008,4.9,32013
2008,4.4,32015
2008,5.6,32017
2008,9.8,32019
2008,7.5,32021
2008,9.7,32023
2008,7,32027
2008,6.9,32029
2008,6.8,32031
2008,4.7,32033
2008,7.1,32510
2008,3.9,33000
2008,4.1,33001
2008,3.6,33003
2008,3.7,33005
2008,5.2,33007
2008,3.1,33009
2008,3.9,33011
2008,3.6,33013
2008,4.2,33015
2008,3.6,33017
2008,3.4,33019
2008,5.3,34000
2008,6.8,34001
2008,4.4,34003
2008,4.9,34005
2008,5.9,34007
2008,7.9,34009
2008,7.9,34011
2008,6.4,34013
2008,5.3,34015
2008,6.2,34017
2008,3.7,34019
2008,4.7,34021
2008,4.9,34023
2008,4.8,34025
2008,3.9,34027
2008,5.8,34029
2008,6.6,34031
2008,6.1,34033
2008,4,34035
2008,4.9,34037
2008,5.6,34039
2008,4.9,34041
2008,4.5,35000
2008,4.4,35001
2008,5.3,35003
2008,4.3,35005
2008,4.6,35006
2008,4.4,35007
2008,3.2,35009
2008,4.1,35011
2008,4.7,35013
2008,3,35015
2008,5,35017
2008,6.1,35019
2008,3,35021
2008,4.3,35023
2008,2.9,35025
2008,3.5,35027
2008,3,35028
2008,12.1,35029
2008,5.5,35031
2008,8.6,35033
2008,4.4,35035
2008,4.9,35037
2008,5.5,35039
2008,3.1,35041
2008,5.2,35043
2008,3.9,35045
2008,4.9,35047
2008,3.8,35049
2008,4.1,35051
2008,3.6,35053
2008,5.5,35055
2008,5.6,35057
2008,2.9,35059
2008,5.1,35061
2008,5.4,36000
2008,4.9,36001
2008,6.4,36003
2008,7.6,36005
2008,5.6,36007
2008,6.1,36009
2008,5.5,36011
2008,5.5,36013
2008,5.6,36015
2008,6.4,36017
2008,6.5,36019
2008,4.8,36021
2008,6.4,36023
2008,6,36025
2008,5.1,36027
2008,5.7,36029
2008,6.7,36031
2008,6.9,36033
2008,6.7,36035
2008,5.6,36037
2008,5.9,36039
2008,6.2,36041
2008,6.1,36043
2008,6.8,36045
2008,6,36047
2008,6.7,36049
2008,5.9,36051
2008,5.7,36053
2008,5.5,36055
2008,7.1,36057
2008,4.7,36059
2008,4.9,36061
2008,6.7,36063
2008,5.4,36065
2008,5.2,36067
2008,5.2,36069
2008,5.4,36071
2008,6.9,36073
2008,7,36075
2008,5.7,36077
2008,4.4,36079
2008,5,36081
2008,5.2,36083
2008,5.1,36085
2008,4.8,36087
2008,7.1,36089
2008,4.6,36091
2008,5.1,36093
2008,6.9,36095
2008,5.8,36097
2008,5.5,36099
2008,6.1,36101
2008,5,36103
2008,6.5,36105
2008,5.3,36107
2008,4.1,36109
2008,5.5,36111
2008,5.6,36113
2008,5.3,36115
2008,5.9,36117
2008,4.8,36119
2008,6.2,36121
2008,4.9,36123
2008,6.1,37000
2008,6.4,37001
2008,7,37003
2008,7.4,37005
2008,8.8,37007
2008,6.7,37009
2008,5.7,37011
2008,7.1,37013
2008,7.6,37015
2008,7.7,37017
2008,6.3,37019
2008,4.7,37021
2008,8.1,37023
2008,5.7,37025
2008,7.7,37027
2008,5.4,37029
2008,5.3,37031
2008,8,37033
2008,7.1,37035
2008,4.9,37037
2008,9.1,37039
2008,8.6,37041
2008,6.4,37043
2008,8.2,37045
2008,7.7,37047
2008,5.9,37049
2008,6.1,37051
2008,4.3,37053
2008,6.3,37055
2008,7.1,37057
2008,6,37059
2008,5.8,37061
2008,4.7,37063
2008,10.1,37065
2008,5.6,37067
2008,6.2,37069
2008,7.5,37071
2008,5.3,37073
2008,10.6,37075
2008,6.7,37077
2008,6.5,37079
2008,6,37081
2008,8.9,37083
2008,6.6,37085
2008,5.6,37087
2008,4.7,37089
2008,6.6,37091
2008,5.7,37093
2008,6.9,37095
2008,6.4,37097
2008,5,37099
2008,5.7,37101
2008,6.4,37103
2008,7.5,37105
2008,7.2,37107
2008,7.2,37109
2008,8.1,37111
2008,5.9,37113
2008,5.6,37115
2008,6.4,37117
2008,5.9,37119
2008,8,37121
2008,8.1,37123
2008,6.1,37125
2008,7.4,37127
2008,5.1,37129
2008,7.7,37131
2008,5.6,37133
2008,4,37135
2008,5.9,37137
2008,6.8,37139
2008,6,37141
2008,6.7,37143
2008,7.2,37145
2008,6.4,37147
2008,4.8,37149
2008,6.3,37151
2008,9.2,37153
2008,7.9,37155
2008,7.4,37157
2008,6.8,37159
2008,8,37161
2008,5.3,37163
2008,10.9,37165
2008,6.5,37167
2008,5.8,37169
2008,7.7,37171
2008,7.8,37173
2008,5.1,37175
2008,7,37177
2008,5.5,37179
2008,8.8,37181
2008,4.6,37183
2008,8.4,37185
2008,7.6,37187
2008,4.7,37189
2008,5.7,37191
2008,7.5,37193
2008,7.7,37195
2008,5.6,37197
2008,7.6,37199
2008,3.2,38000
2008,2.4,38001
2008,2.9,38003
2008,6.4,38005
2008,2.1,38007
2008,3.2,38009
2008,2.1,38011
2008,2.4,38013
2008,2.8,38015
2008,2.7,38017
2008,3.1,38019
2008,3,38021
2008,3.2,38023
2008,3.2,38025
2008,5.6,38027
2008,4.9,38029
2008,3,38031
2008,2.8,38033
2008,3,38035
2008,4.1,38037
2008,2.4,38039
2008,3.5,38041
2008,4.1,38043
2008,3.3,38045
2008,3.6,38047
2008,5.1,38049
2008,2.9,38051
2008,2.4,38053
2008,4.5,38055
2008,4.6,38057
2008,3.5,38059
2008,4.2,38061
2008,3.3,38063
2008,4.5,38065
2008,5.2,38067
2008,4.3,38069
2008,3.8,38071
2008,3.6,38073
2008,2.6,38075
2008,3.9,38077
2008,9.5,38079
2008,4.6,38081
2008,4.2,38083
2008,5.3,38085
2008,1.3,38087
2008,2.4,38089
2008,2.1,38091
2008,2.9,38093
2008,3.2,38095
2008,3.3,38097
2008,4.3,38099
2008,3,38101
2008,4.4,38103
2008,1.7,38105
2008,6.4,39000
2008,9.3,39001
2008,7.4,39003
2008,7.5,39005
2008,8,39007
2008,6.7,39009
2008,5.4,39011
2008,6.1,39013
2008,7.6,39015
2008,5.9,39017
2008,7.6,39019
2008,7,39021
2008,6.7,39023
2008,5.9,39025
2008,6,39027
2008,7.2,39029
2008,8.6,39031
2008,8.7,39033
2008,6.2,39035
2008,6.4,39037
2008,7.5,39039
2008,4.6,39041
2008,7.3,39043
2008,5.7,39045
2008,5.7,39047
2008,5.5,39049
2008,8.2,39051
2008,6.6,39053
2008,5,39055
2008,6.2,39057
2008,8.6,39059
2008,5.7,39061
2008,5.9,39063
2008,7.2,39065
2008,7.2,39067
2008,8,39069
2008,7.4,39071
2008,7.6,39073
2008,4.9,39075
2008,9.8,39077
2008,8.5,39079
2008,7,39081
2008,6.4,39083
2008,5.3,39085
2008,5.5,39087
2008,6.2,39089
2008,6,39091
2008,6.4,39093
2008,8.2,39095
2008,6.2,39097
2008,7.1,39099
2008,7,39101
2008,5.3,39103
2008,10,39105
2008,4.9,39107
2008,6.4,39109
2008,8.5,39111
2008,7.5,39113
2008,10.2,39115
2008,7.1,39117
2008,8.7,39119
2008,8.6,39121
2008,8.8,39123
2008,7.1,39125
2008,8.5,39127
2008,7.1,39129
2008,10.2,39131
2008,6.3,39133
2008,6.9,39135
2008,5.8,39137
2008,7.4,39139
2008,7.9,39141
2008,7.2,39143
2008,8.3,39145
2008,7.1,39147
2008,6.2,39149
2008,6.8,39151
2008,6.1,39153
2008,7.5,39155
2008,6.3,39157
2008,5.2,39159
2008,8.5,39161
2008,9.2,39163
2008,5.5,39165
2008,5.5,39167
2008,5.7,39169
2008,7.7,39171
2008,6.8,39173
2008,7.9,39175
2008,3.7,40000
2008,4.9,40001
2008,3.1,40003
2008,4.6,40005
2008,2.1,40007
2008,2.3,40009
2008,3.6,40011
2008,3.5,40013
2008,4.1,40015
2008,3.4,40017
2008,3.2,40019
2008,3.8,40021
2008,5.1,40023
2008,3,40025
2008,3.4,40027
2008,4.9,40029
2008,3.8,40031
2008,2.8,40033
2008,3.8,40035
2008,4.3,40037
2008,2.7,40039
2008,4.2,40041
2008,2.4,40043
2008,2.2,40045
2008,2.6,40047
2008,3,40049
2008,4,40051
2008,2.5,40053
2008,4.4,40055
2008,3.4,40057
2008,2.3,40059
2008,3.7,40061
2008,5.4,40063
2008,3.2,40065
2008,4.3,40067
2008,4.3,40069
2008,3.5,40071
2008,2.3,40073
2008,3.8,40075
2008,4.3,40077
2008,5.2,40079
2008,4,40081
2008,3.6,40083
2008,2.9,40085
2008,3.6,40087
2008,6.6,40089
2008,4.8,40091
2008,2.4,40093
2008,4,40095
2008,4.2,40097
2008,2.7,40099
2008,4.7,40101
2008,3.3,40103
2008,4.3,40105
2008,4.2,40107
2008,3.9,40109
2008,5.3,40111
2008,4.2,40113
2008,4.2,40115
2008,4.5,40117
2008,3.9,40119
2008,3.2,40121
2008,3.2,40123
2008,3.9,40125
2008,4.8,40127
2008,2.3,40129
2008,3.5,40131
2008,4.5,40133
2008,5.9,40135
2008,3.5,40137
2008,2.7,40139
2008,4.1,40141
2008,3.6,40143
2008,3.6,40145
2008,3,40147
2008,2.7,40149
2008,2.8,40151
2008,2.2,40153
2008,6.5,41000
2008,7.1,41001
2008,4.7,41003
2008,5.7,41005
2008,5.3,41007
2008,7.1,41009
2008,8.3,41011
2008,9.9,41013
2008,8.1,41015
2008,8.2,41017
2008,9.9,41019
2008,4.3,41021
2008,10.6,41023
2008,9.5,41025
2008,5.4,41027
2008,7.9,41029
2008,10.1,41031
2008,9.2,41033
2008,9.2,41035
2008,8.6,41037
2008,6.7,41039
2008,6.6,41041
2008,7.8,41043
2008,7.5,41045
2008,6.6,41047
2008,6.4,41049
2008,5.9,41051
2008,5.6,41053
2008,5.9,41055
2008,5.5,41057
2008,6.6,41059
2008,8.1,41061
2008,7.6,41063
2008,6.1,41065
2008,5.3,41067
2008,6,41069
2008,6.5,41071
2008,5.3,42000
2008,4.3,42001
2008,4.8,42003
2008,5.9,42005
2008,5.5,42007
2008,6.8,42009
2008,5.3,42011
2008,5.2,42013
2008,5.3,42015
2008,4.7,42017
2008,4.6,42019
2008,6.1,42021
2008,9,42023
2008,6.7,42025
2008,4.3,42027
2008,3.9,42029
2008,6.2,42031
2008,6.7,42033
2008,6.2,42035
2008,5.9,42037
2008,5.6,42039
2008,4.2,42041
2008,4.7,42043
2008,5,42045
2008,6,42047
2008,5.6,42049
2008,6.5,42051
2008,7.7,42053
2008,4.3,42055
2008,7.2,42057
2008,5.8,42059
2008,6.6,42061
2008,5.3,42063
2008,5.5,42065
2008,5.3,42067
2008,5.8,42069
2008,4.3,42071
2008,6.2,42073
2008,4.2,42075
2008,5.6,42077
2008,6.2,42079
2008,5.9,42081
2008,6.1,42083
2008,6.7,42085
2008,6.6,42087
2008,6,42089
2008,4.3,42091
2008,4.8,42093
2008,5.5,42095
2008,6.5,42097
2008,5.2,42099
2008,7.1,42101
2008,6,42103
2008,7.1,42105
2008,6.2,42107
2008,6.1,42109
2008,6.3,42111
2008,5.7,42113
2008,5.7,42115
2008,6.1,42117
2008,6.3,42119
2008,5.7,42121
2008,5.2,42123
2008,5.2,42125
2008,5.2,42127
2008,5.3,42129
2008,6,42131
2008,4.7,42133
2008,7.8,44000
2008,6.8,44001
2008,7.4,44003
2008,6.8,44005
2008,8.4,44007
2008,6.6,44009
2008,6.8,45000
2008,8.1,45001
2008,5.9,45003
2008,16.5,45005
2008,6.8,45007
2008,11.3,45009
2008,10.9,45011
2008,5.3,45013
2008,6.1,45015
2008,7.6,45017
2008,5.3,45019
2008,9.1,45021
2008,11.8,45023
2008,9,45025
2008,9.8,45027
2008,8.2,45029
2008,8.5,45031
2008,10.3,45033
2008,5.7,45035
2008,6.7,45037
2008,10.6,45039
2008,7,45041
2008,7.4,45043
2008,5.5,45045
2008,7.6,45047
2008,9,45049
2008,7.1,45051
2008,6,45053
2008,6.6,45055
2008,11.5,45057
2008,7.4,45059
2008,9.3,45061
2008,4.9,45063
2008,10.8,45065
2008,13.7,45067
2008,12.5,45069
2008,7,45071
2008,7.3,45073
2008,10.1,45075
2008,6,45077
2008,6.1,45079
2008,6,45081
2008,6.8,45083
2008,8.3,45085
2008,10.8,45087
2008,10.4,45089
2008,7,45091
2008,3.1,46000
2008,3.1,46003
2008,2.5,46005
2008,4,46007
2008,3.4,46009
2008,2.4,46011
2008,2.5,46013
2008,2.7,46015
2008,10.2,46017
2008,2.8,46019
2008,2.9,46021
2008,3.5,46023
2008,3.9,46025
2008,2.8,46027
2008,3,46029
2008,5.1,46031
2008,2.8,46033
2008,2.6,46035
2008,4.4,46037
2008,3.8,46039
2008,9.2,46041
2008,2.7,46043
2008,2.8,46045
2008,3.4,46047
2008,3,46049
2008,3.6,46051
2008,3.4,46053
2008,2.6,46055
2008,3.3,46057
2008,2.6,46059
2008,3.1,46061
2008,2.7,46063
2008,2.4,46065
2008,3.1,46067
2008,2.8,46069
2008,5.8,46071
2008,2.4,46073
2008,2.5,46075
2008,3.3,46077
2008,3.2,46079
2008,2.9,46081
2008,2.5,46083
2008,4.5,46085
2008,3.5,46087
2008,4.2,46089
2008,4.4,46091
2008,3.1,46093
2008,4.4,46095
2008,3.4,46097
2008,2.8,46099
2008,4.3,46101
2008,8.4,46102
2008,2.9,46103
2008,3.1,46105
2008,3.1,46107
2008,4.2,46109
2008,2.7,46111
2008,3.3,46115
2008,2.5,46117
2008,2.2,46119
2008,6.4,46121
2008,3,46123
2008,3.3,46125
2008,3.4,46127
2008,4.3,46129
2008,2.8,46135
2008,5.9,46137
2008,6.6,47000
2008,5.8,47001
2008,6.8,47003
2008,8.7,47005
2008,8.4,47007
2008,6.2,47009
2008,6.4,47011
2008,7.8,47013
2008,7.4,47015
2008,9.1,47017
2008,6.6,47019
2008,5.5,47021
2008,7,47023
2008,7.5,47025
2008,10.6,47027
2008,8.8,47029
2008,6.3,47031
2008,8.9,47033
2008,7.8,47035
2008,5.4,47037
2008,8.5,47039
2008,6.7,47041
2008,6.9,47043
2008,7.5,47045
2008,7.4,47047
2008,9.4,47049
2008,6.7,47051
2008,9.5,47053
2008,8,47055
2008,8,47057
2008,9.3,47059
2008,8.4,47061
2008,7.1,47063
2008,5.7,47065
2008,8.3,47067
2008,8.6,47069
2008,7.6,47071
2008,6.7,47073
2008,10.5,47075
2008,10.2,47077
2008,8.7,47079
2008,8.4,47081
2008,8.1,47083
2008,8.5,47085
2008,8.6,47087
2008,7.1,47089
2008,8.7,47091
2008,5,47093
2008,7.7,47095
2008,12.4,47097
2008,9.8,47099
2008,10,47101
2008,4.9,47103
2008,5.7,47105
2008,8.7,47107
2008,9.1,47109
2008,8.3,47111
2008,6.7,47113
2008,7.7,47115
2008,9.2,47117
2008,8.1,47119
2008,8.9,47121
2008,9.9,47123
2008,6.3,47125
2008,5.6,47127
2008,7.6,47129
2008,7,47131
2008,9,47133
2008,16,47135
2008,10.7,47137
2008,8.1,47139
2008,6.4,47141
2008,8,47143
2008,5.9,47145
2008,6.2,47147
2008,5.8,47149
2008,11.5,47151
2008,7.6,47153
2008,7.1,47155
2008,6.9,47157
2008,8.2,47159
2008,8.5,47161
2008,5.3,47163
2008,6,47165
2008,7.9,47167
2008,8.4,47169
2008,7.4,47171
2008,6.3,47173
2008,8.3,47175
2008,8.5,47177
2008,5.6,47179
2008,10.1,47181
2008,8.2,47183
2008,8.4,47185
2008,4.6,47187
2008,5.7,47189
2008,4.8,48000
2008,5.6,48001
2008,3.3,48003
2008,4.7,48005
2008,4.4,48007
2008,3.6,48009
2008,3.5,48011
2008,4.7,48013
2008,4.2,48015
2008,4.1,48017
2008,4.4,48019
2008,4.9,48021
2008,3.7,48023
2008,6.1,48025
2008,4.8,48027
2008,4.6,48029
2008,3.6,48031
2008,3.3,48033
2008,4.5,48035
2008,4.9,48037
2008,5.1,48039
2008,3.9,48041
2008,3.7,48043
2008,4.3,48045
2008,5.3,48047
2008,4.4,48049
2008,4.4,48051
2008,3.9,48053
2008,5.2,48055
2008,4.7,48057
2008,3.6,48059
2008,6.6,48061
2008,4.8,48063
2008,3.3,48065
2008,6.1,48067
2008,3.6,48069
2008,5.7,48071
2008,5.8,48073
2008,5,48075
2008,3.9,48077
2008,4.7,48079
2008,7.7,48081
2008,4.1,48083
2008,4.5,48085
2008,3.9,48087
2008,3.9,48089
2008,4,48091
2008,3.8,48093
2008,5.1,48095
2008,3.5,48097
2008,6.2,48099
2008,4,48101
2008,4.1,48103
2008,2.9,48105
2008,4.9,48107
2008,2.9,48109
2008,3,48111
2008,5.3,48113
2008,5.3,48115
2008,3.8,48117
2008,5.3,48119
2008,4.4,48121
2008,4.1,48123
2008,5,48125
2008,6.5,48127
2008,4.3,48129
2008,5.3,48131
2008,4.4,48133
2008,3.4,48135
2008,3.7,48137
2008,5,48139
2008,6.1,48141
2008,3.7,48143
2008,5.8,48145
2008,5.8,48147
2008,3.4,48149
2008,3.8,48151
2008,4.7,48153
2008,4.1,48155
2008,4.4,48157
2008,4.2,48159
2008,4,48161
2008,5.3,48163
2008,3.8,48165
2008,5.6,48167
2008,3.8,48169
2008,3,48171
2008,3.8,48173
2008,3.7,48175
2008,3.9,48177
2008,3.4,48179
2008,5.1,48181
2008,3.9,48183
2008,5.1,48185
2008,4.2,48187
2008,4.4,48189
2008,5.5,48191
2008,3.5,48193
2008,3.2,48195
2008,3.5,48197
2008,5.2,48199
2008,4.7,48201
2008,4.6,48203
2008,3.3,48205
2008,3.2,48207
2008,4.3,48209
2008,1.9,48211
2008,5.2,48213
2008,7.1,48215
2008,4.9,48217
2008,3.7,48219
2008,4.2,48221
2008,4.1,48223
2008,6.4,48225
2008,4.5,48227
2008,3.9,48229
2008,5.3,48231
2008,4.1,48233
2008,3.5,48235
2008,3.1,48237
2008,4,48239
2008,6.3,48241
2008,3.6,48243
2008,6.6,48245
2008,3.8,48247
2008,4.2,48249
2008,4.6,48251
2008,4.9,48253
2008,5.8,48255
2008,5.2,48257
2008,3.8,48259
2008,3.4,48261
2008,4.1,48263
2008,3.9,48265
2008,3.7,48267
2008,4.5,48269
2008,5.2,48271
2008,4.2,48273
2008,3.8,48275
2008,5.3,48277
2008,4.4,48279
2008,4,48281
2008,5.3,48283
2008,3.4,48285
2008,3.9,48287
2008,4.3,48289
2008,5.9,48291
2008,4.3,48293
2008,2.8,48295
2008,4.2,48297
2008,4.2,48299
2008,7,48301
2008,3.7,48303
2008,4.6,48305
2008,3.9,48307
2008,4.5,48309
2008,5.4,48311
2008,5.2,48313
2008,5,48315
2008,3.5,48317
2008,3,48319
2008,6.7,48321
2008,10.6,48323
2008,5,48325
2008,4.3,48327
2008,2.8,48329
2008,5.4,48331
2008,3.9,48333
2008,5.4,48335
2008,3.5,48337
2008,4.2,48339
2008,3.1,48341
2008,6,48343
2008,4.3,48345
2008,4.3,48347
2008,5.4,48349
2008,7.3,48351
2008,3.8,48353
2008,4.5,48355
2008,2.7,48357
2008,4.4,48359
2008,6.4,48361
2008,4.1,48363
2008,3.8,48365
2008,4.4,48367
2008,3.3,48369
2008,4.4,48371
2008,6.1,48373
2008,4,48375
2008,10.3,48377
2008,5,48379
2008,3.1,48381
2008,2,48383
2008,3.7,48385
2008,6.4,48387
2008,5.7,48389
2008,3.8,48391
2008,2.5,48393
2008,4.9,48395
2008,4.5,48397
2008,4.7,48399
2008,4.3,48401
2008,8.9,48403
2008,6.1,48405
2008,5.7,48407
2008,5.3,48409
2008,5.4,48411
2008,3.3,48413
2008,4,48415
2008,2.6,48417
2008,4.7,48419
2008,3.7,48421
2008,4.8,48423
2008,4.5,48425
2008,11.3,48427
2008,3.6,48429
2008,2.8,48431
2008,3.3,48433
2008,2,48435
2008,4.4,48437
2008,4.8,48439
2008,3.7,48441
2008,6.7,48443
2008,4.1,48445
2008,3.4,48447
2008,4.3,48449
2008,4.1,48451
2008,4.2,48453
2008,5.4,48455
2008,5.9,48457
2008,4.2,48459
2008,3.1,48461
2008,5.7,48463
2008,5.8,48465
2008,4.3,48467
2008,3.8,48469
2008,5.2,48471
2008,5,48473
2008,3.9,48475
2008,3.9,48477
2008,5.3,48479
2008,4.3,48481
2008,2.4,48483
2008,4.8,48485
2008,3.5,48487
2008,8.8,48489
2008,4.5,48491
2008,4.6,48493
2008,3.7,48495
2008,4.3,48497
2008,5,48499
2008,3,48501
2008,3.4,48503
2008,5.5,48505
2008,10.6,48507
2008,3.6,49000
2008,3.5,49001
2008,4,49003
2008,2.8,49005
2008,4.3,49007
2008,4,49009
2008,3.4,49011
2008,2.7,49013
2008,3.8,49015
2008,6.1,49017
2008,5.9,49019
2008,4.4,49021
2008,5.5,49023
2008,4.2,49025
2008,3.3,49027
2008,3.3,49029
2008,2.9,49031
2008,2.7,49033
2008,3.4,49035
2008,6.4,49037
2008,4.2,49039
2008,4,49041
2008,3.3,49043
2008,3.8,49045
2008,2.3,49047
2008,3.5,49049
2008,3.7,49051
2008,4.7,49053
2008,5.5,49055
2008,4.2,49057
2008,4.7,50000
2008,4.4,50001
2008,4.8,50003
2008,5.2,50005
2008,4,50007
2008,6.2,50009
2008,4.9,50011
2008,6.1,50013
2008,5.4,50015
2008,4.4,50017
2008,6.9,50019
2008,5.5,50021
2008,4.7,50023
2008,4.6,50025
2008,3.8,50027
2008,3.9,51000
2008,5,51001
2008,3,51003
2008,5.4,51005
2008,4.5,51007
2008,4.1,51009
2008,4.5,51011
2008,2.5,51013
2008,3.6,51015
2008,4.1,51017
2008,3.7,51019
2008,4.7,51021
2008,3.3,51023
2008,6.6,51025
2008,5,51027
2008,4.9,51029
2008,4,51031
2008,4.8,51033
2008,6.6,51035
2008,5,51036
2008,5.9,51037
2008,3.7,51041
2008,3.4,51043
2008,4,51045
2008,4.8,51047
2008,4.8,51049
2008,5.7,51051
2008,4.5,51053
2008,5.2,51057
2008,2.8,51059
2008,3.3,51061
2008,4.4,51063
2008,3.3,51065
2008,4.8,51067
2008,4.2,51069
2008,5.4,51071
2008,3.5,51073
2008,3.3,51075
2008,6.5,51077
2008,3.3,51079
2008,5.5,51081
2008,6.8,51083
2008,3.4,51085
2008,3.6,51087
2008,8,51089
2008,5.1,51091
2008,3.7,51093
2008,3.2,51095
2008,4.6,51097
2008,5.1,51099
2008,3.7,51101
2008,5.7,51103
2008,5.3,51105
2008,2.8,51107
2008,4.2,51109
2008,5.9,51111
2008,3.7,51113
2008,3.6,51115
2008,6.5,51117
2008,3.8,51119
2008,4.1,51121
2008,3.6,51125
2008,3.6,51127
2008,5.4,51131
2008,5.7,51133
2008,5.5,51135
2008,4.6,51137
2008,6.9,51139
2008,6.5,51141
2008,6.6,51143
2008,3.4,51145
2008,5.5,51147
2008,4.3,51149
2008,3.3,51153
2008,6.4,51155
2008,3.5,51157
2008,5,51159
2008,3.2,51161
2008,4.1,51163
2008,3.3,51165
2008,5.8,51167
2008,5.4,51169
2008,4.7,51171
2008,6.1,51173
2008,4.8,51175
2008,3.4,51177
2008,3.4,51179
2008,4.5,51181
2008,5.8,51183
2008,4.4,51185
2008,4.4,51187
2008,4.9,51191
2008,5,51193
2008,4.6,51195
2008,5.3,51197
2008,3.3,51199
2008,2.8,51510
2008,5.8,51520
2008,5.1,51530
2008,3.9,51540
2008,3.9,51550
2008,4.4,51570
2008,6.8,51580
2008,9.2,51590
2008,7.4,51595
2008,3.2,51600
2008,4,51610
2008,6.3,51620
2008,6,51630
2008,6.1,51640
2008,4.7,51650
2008,4.2,51660
2008,6,51670
2008,6.4,51678
2008,4.8,51680
2008,4.2,51683
2008,3.7,51685
2008,11.9,51690
2008,4.6,51700
2008,5.3,51710
2008,5.2,51720
2008,7.3,51730
2008,3,51735
2008,5.2,51740
2008,5.3,51750
2008,5.8,51760
2008,4.5,51770
2008,3.6,51775
2008,4.3,51790
2008,4.1,51800
2008,3.6,51810
2008,4.9,51820
2008,8.6,51830
2008,4.5,51840
2008,5.4,53000
2008,6.6,53001
2008,6.7,53003
2008,5.4,53005
2008,5.9,53007
2008,7.6,53009
2008,7.5,53011
2008,7.5,53013
2008,8.7,53015
2008,5.7,53017
2008,9.4,53019
2008,6.6,53021
2008,4.9,53023
2008,6.8,53025
2008,8.2,53027
2008,5.8,53029
2008,5.9,53031
2008,3.9,53033
2008,5.3,53035
2008,6.3,53037
2008,8,53039
2008,8.7,53041
2008,5.8,53043
2008,7.5,53045
2008,6.9,53047
2008,8.1,53049
2008,9.1,53051
2008,6.1,53053
2008,4,53055
2008,6.1,53057
2008,9.1,53059
2008,4.6,53061
2008,6,53063
2008,8.5,53065
2008,5.4,53067
2008,7.7,53069
2008,5.2,53071
2008,5.3,53073
2008,4.3,53075
2008,7.3,53077
2008,4.3,54000
2008,4.9,54001
2008,4.7,54003
2008,3.9,54005
2008,5.2,54007
2008,5.7,54009
2008,3.9,54011
2008,6.8,54013
2008,6.3,54015
2008,4.9,54017
2008,4.6,54019
2008,3.8,54021
2008,5.3,54023
2008,5.5,54025
2008,4.3,54027
2008,5.8,54029
2008,4.6,54031
2008,3.9,54033
2008,5.1,54035
2008,3.8,54037
2008,3.5,54039
2008,4.2,54041
2008,4.7,54043
2008,4.2,54045
2008,5.9,54047
2008,3.6,54049
2008,5.1,54051
2008,7,54053
2008,4,54055
2008,4.6,54057
2008,4.2,54059
2008,2.8,54061
2008,4.5,54063
2008,5.3,54065
2008,4.6,54067
2008,4.2,54069
2008,4.3,54071
2008,5.9,54073
2008,7.1,54075
2008,3.9,54077
2008,3.3,54079
2008,4,54081
2008,5.4,54083
2008,5.5,54085
2008,6.4,54087
2008,5,54089
2008,4.4,54091
2008,6.4,54093
2008,6.3,54095
2008,4.2,54097
2008,4.7,54099
2008,5.5,54101
2008,7.2,54103
2008,6,54105
2008,4.7,54107
2008,4.7,54109
2008,4.9,55000
2008,7,55001
2008,6,55003
2008,5.7,55005
2008,6.7,55007
2008,4.6,55009
2008,4.3,55011
2008,7.2,55013
2008,4.3,55015
2008,5.3,55017
2008,5.6,55019
2008,5.1,55021
2008,6,55023
2008,3.4,55025
2008,5.1,55027
2008,5.4,55029
2008,5.3,55031
2008,4.4,55033
2008,4.1,55035
2008,5.9,55037
2008,4.8,55039
2008,7,55041
2008,4.8,55043
2008,4.7,55045
2008,5.6,55047
2008,4.7,55049
2008,7.9,55051
2008,5.7,55053
2008,4.9,55055
2008,6,55057
2008,5.5,55059
2008,4.5,55061
2008,3.9,55063
2008,4.2,55065
2008,6.1,55067
2008,5.7,55069
2008,5,55071
2008,4.6,55073
2008,6.1,55075
2008,6.4,55077
2008,10.7,55078
2008,5.7,55079
2008,4.7,55081
2008,6.3,55083
2008,6.1,55085
2008,4.7,55087
2008,3.9,55089
2008,4.8,55091
2008,4.4,55093
2008,5.9,55095
2008,4.5,55097
2008,5.1,55099
2008,5.8,55101
2008,4.7,55103
2008,6.3,55105
2008,7,55107
2008,4.5,55109
2008,4.9,55111
2008,7,55113
2008,5.2,55115
2008,4.5,55117
2008,6.6,55119
2008,4.6,55121
2008,4.9,55123
2008,6.4,55125
2008,4.8,55127
2008,6.7,55129
2008,4.4,55131
2008,4,55133
2008,5.4,55135
2008,5.9,55137
2008,4.4,55139
2008,5.4,55141
2008,3.1,56000
2008,2.5,56001
2008,4,56003
2008,2,56005
2008,3.2,56007
2008,2.8,56009
2008,2.9,56011
2008,4.1,56013
2008,3.5,56015
2008,3.3,56017
2008,3.3,56019
2008,3.9,56021
2008,3.5,56023
2008,2.8,56025
2008,3.4,56027
2008,3.5,56029
2008,4.1,56031
2008,3.1,56033
2008,1.6,56035
2008,2.4,56037
2008,2.9,56039
2008,2.9,56041
2008,3.5,56043
2008,3.2,56045
2008,11.8,72000
2008,14,72001
2008,13,72003
2008,12.3,72005
2008,13.3,72007
2008,14.6,72009
2008,12.5,72011
2008,12.1,72013
2008,16.8,72015
2008,15.4,72017
2008,14,72019
2008,9.9,72021
2008,9.7,72023
2008,11.6,72025
2008,11.1,72027
2008,15,72029
2008,9.3,72031
2008,12.8,72033
2008,14.3,72035
2008,14.4,72037
2008,18.7,72039
2008,12.8,72041
2008,15.9,72043
2008,16.8,72045
2008,13.4,72047
2008,6.6,72049
2008,10.1,72051
2008,13.9,72053
2008,10.3,72054
2008,14.8,72055
2008,15,72057
2008,15.6,72059
2008,7.3,72061
2008,10.8,72063
2008,12.6,72065
2008,11.4,72067
2008,15.5,72069
2008,12.4,72071
2008,14.4,72073
2008,12.5,72075
2008,13.7,72077
2008,13.7,72079
2008,13.3,72081
2008,10.9,72083
2008,14,72085
2008,15.5,72087
2008,15.6,72089
2008,14.3,72091
2008,13.5,72093
2008,19.3,72095
2008,13.1,72097
2008,12,72099
2008,15.9,72101
2008,17.2,72103
2008,13.1,72105
2008,16.8,72107
2008,17,72109
2008,14.9,72111
2008,11.7,72113
2008,12.5,72115
2008,12.9,72117
2008,13,72119
2008,14.5,72121
2008,16.9,72123
2008,13.5,72125
2008,8.7,72127
2008,12.8,72129
2008,13.2,72131
2008,13,72133
2008,9,72135
2008,9.9,72137
2008,7.9,72139
2008,14.2,72141
2008,12.8,72143
2008,13.2,72145
2008,12.5,72147
2008,13.8,72149
2008,18.1,72151
2008,13.1,72153
2002,5.788213262,0
2002,5.9,1000
2002,4.8,1001
2002,5,1003
2002,7.7,1005
2002,7,1007
2002,5.4,1009
2002,10.2,1011
2002,7.9,1013
2002,6,1015
2002,6.7,1017
2002,4.7,1019
2002,5.1,1021
2002,8.8,1023
2002,9.1,1025
2002,6.2,1027
2002,5,1029
2002,5.2,1031
2002,8.3,1033
2002,8.2,1035
2002,9.3,1037
2002,5.9,1039
2002,6.1,1041
2002,6,1043
2002,5.7,1045
2002,11.4,1047
2002,5.1,1049
2002,4.8,1051
2002,8.7,1053
2002,6.4,1055
2002,8.5,1057
2002,11.2,1059
2002,4.9,1061
2002,8.5,1063
2002,8.4,1065
2002,6,1067
2002,4.7,1069
2002,7,1071
2002,5.2,1073
2002,8.4,1075
2002,8.6,1077
2002,6.8,1079
2002,4.6,1081
2002,5.3,1083
2002,8.9,1085
2002,6.4,1087
2002,4.6,1089
2002,6.4,1091
2002,8.7,1093
2002,5.9,1095
2002,6.5,1097
2002,8.4,1099
2002,5.3,1101
2002,6.4,1103
2002,11.8,1105
2002,8.2,1107
2002,6,1109
2002,6.8,1111
2002,7,1113
2002,5.1,1115
2002,3.5,1117
2002,9,1119
2002,7.4,1121
2002,7.9,1123
2002,4.6,1125
2002,6.3,1127
2002,10.4,1129
2002,11.4,1131
2002,8.8,1133
2002,7.3,2000
2002,8.9,2013
2002,6.3,2016
2002,5.8,2020
2002,10.6,2050
2002,6.7,2060
2002,7.4,2068
2002,10.2,2070
2002,6.6,2090
2002,11.5,2100
2002,,2105
2002,5.5,2110
2002,9.6,2122
2002,8.4,2130
2002,9.1,2150
2002,17.5,2158
2002,7.6,2164
2002,8.3,2170
2002,10,2180
2002,8.7,2185
2002,11.5,2188
2002,,2195
2002,,2198
2002,15.6,2201
2002,5.9,2220
2002,,2230
2002,12.3,2232
2002,13.9,2240
2002,9.9,2261
2002,,2275
2002,11.3,2280
2002,9.1,2282
2002,13,2290
2002,6.1,4000
2002,11,4001
2002,5.9,4003
2002,5.5,4005
2002,7.5,4007
2002,7.7,4009
2002,7.5,4011
2002,6.9,4012
2002,5.6,4013
2002,5.6,4015
2002,8.5,4017
2002,5.7,4019
2002,7.3,4021
2002,10.1,4023
2002,5.4,4025
2002,17,4027
2002,5.5,5000
2002,6.2,5001
2002,7.8,5003
2002,6.4,5005
2002,3.2,5007
2002,5.7,5009
2002,7.5,5011
2002,6.4,5013
2002,4.4,5015
2002,9.9,5017
2002,6.1,5019
2002,7.5,5021
2002,4.9,5023
2002,6,5025
2002,6,5027
2002,5.8,5029
2002,5.3,5031
2002,4.8,5033
2002,6,5035
2002,6.2,5037
2002,8.2,5039
2002,8.9,5041
2002,8,5043
2002,5.1,5045
2002,4.9,5047
2002,7,5049
2002,5.9,5051
2002,5.3,5053
2002,6.8,5055
2002,4.7,5057
2002,6.5,5059
2002,5.5,5061
2002,5.7,5063
2002,7.3,5065
2002,7.8,5067
2002,7.8,5069
2002,5,5071
2002,5.1,5073
2002,7,5075
2002,9.2,5077
2002,7.6,5079
2002,4.4,5081
2002,5.6,5083
2002,4.4,5085
2002,3.6,5087
2002,6.4,5089
2002,4.8,5091
2002,11.9,5093
2002,7.3,5095
2002,5.6,5097
2002,5,5099
2002,5.6,5101
2002,6.9,5103
2002,6,5105
2002,8.4,5107
2002,5.6,5109
2002,7.5,5111
2002,8.8,5113
2002,5.2,5115
2002,5.2,5117
2002,5,5119
2002,7.5,5121
2002,8.1,5123
2002,4.4,5125
2002,4.5,5127
2002,4.9,5129
2002,4.5,5131
2002,4.4,5133
2002,7.6,5135
2002,6.6,5137
2002,5.7,5139
2002,6.6,5141
2002,3.4,5143
2002,6,5145
2002,7.1,5147
2002,4.6,5149
2002,6.7,6000
2002,6.7,6001
2002,7.5,6003
2002,5.7,6005
2002,7.3,6007
2002,6.5,6009
2002,13.8,6011
2002,5.7,6013
2002,8.7,6015
2002,5.2,6017
2002,11.4,6019
2002,9.5,6021
2002,6.7,6023
2002,14.9,6025
2002,5.4,6027
2002,9.7,6029
2002,11.6,6031
2002,8.3,6033
2002,7.7,6035
2002,6.7,6037
2002,10.5,6039
2002,4.8,6041
2002,6.4,6043
2002,6.6,6045
2002,10.9,6047
2002,7.8,6049
2002,5.1,6051
2002,8.9,6053
2002,4.5,6055
2002,5.3,6057
2002,4.9,6059
2002,4.9,6061
2002,8.3,6063
2002,6.4,6065
2002,5.6,6067
2002,8.8,6069
2002,6,6071
2002,5.1,6073
2002,6.9,6075
2002,8.8,6077
2002,4.6,6079
2002,5.6,6081
2002,5.1,6083
2002,8.3,6085
2002,7.3,6087
2002,7.1,6089
2002,8.6,6091
2002,8.9,6093
2002,5.8,6095
2002,5,6097
2002,9.6,6099
2002,10.9,6101
2002,7.1,6103
2002,10,6105
2002,11.9,6107
2002,6.6,6109
2002,5.7,6111
2002,6,6113
2002,9.8,6115
2002,5.5,8000
2002,6.1,8001
2002,4.9,8003
2002,5.6,8005
2002,5.3,8007
2002,3.3,8009
2002,6.5,8011
2002,5.6,8013
2002,5.6,8014
2002,5,8015
2002,3.1,8017
2002,5,8019
2002,6.9,8021
2002,9.3,8023
2002,7.1,8025
2002,4.2,8027
2002,5,8029
2002,6.6,8031
2002,7.9,8033
2002,5.2,8035
2002,4.2,8037
2002,5,8039
2002,6,8041
2002,6.6,8043
2002,4.4,8045
2002,5,8047
2002,3.6,8049
2002,4.1,8051
2002,3.7,8053
2002,7.1,8055
2002,4.6,8057
2002,5.3,8059
2002,4,8061
2002,3.2,8063
2002,5.8,8065
2002,3.9,8067
2002,4.6,8069
2002,5,8071
2002,3.8,8073
2002,3.7,8075
2002,4.8,8077
2002,4.4,8079
2002,4.8,8081
2002,5.4,8083
2002,5.3,8085
2002,4.1,8087
2002,5.8,8089
2002,4,8091
2002,5.1,8093
2002,3.1,8095
2002,4.5,8097
2002,3.9,8099
2002,6.9,8101
2002,3,8103
2002,5.8,8105
2002,3.7,8107
2002,6.7,8109
2002,7.2,8111
2002,4.9,8113
2002,3.4,8115
2002,4,8117
2002,5.8,8119
2002,3.3,8121
2002,5.1,8123
2002,2.5,8125
2002,4.3,9000
2002,4.1,9001
2002,4.7,9003
2002,4.1,9005
2002,3.7,9007
2002,4.7,9009
2002,3.9,9011
2002,3.4,9013
2002,4.6,9015
2002,4,10000
2002,4,10001
2002,4.1,10003
2002,3.7,10005
2002,6.4,11000
2002,6.4,11001
2002,5.6,12000
2002,4,12001
2002,4.8,12003
2002,5.8,12005
2002,4.5,12007
2002,5.9,12009
2002,6,12011
2002,5.3,12013
2002,5.8,12015
2002,6.8,12017
2002,5.1,12019
2002,5.2,12021
2002,5.5,12023
2002,6.3,12027
2002,5.3,12029
2002,5.7,12031
2002,5.5,12033
2002,6.1,12035
2002,5,12037
2002,5.7,12039
2002,5,12041
2002,6,12043
2002,5.6,12045
2002,6.3,12047
2002,7.4,12049
2002,8.6,12051
2002,7,12053
2002,6.3,12055
2002,5.5,12057
2002,5.9,12059
2002,7.4,12061
2002,4.8,12063
2002,4.7,12065
2002,5,12067
2002,5.9,12069
2002,5,12071
2002,4.5,12073
2002,5.9,12075
2002,4.6,12077
2002,5.3,12079
2002,5.2,12081
2002,6,12083
2002,5.9,12085
2002,5.1,12086
2002,4,12087
2002,5,12089
2002,4.4,12091
2002,7,12093
2002,5.8,12095
2002,6,12097
2002,6.3,12099
2002,6.1,12101
2002,5.8,12103
2002,5.9,12105
2002,6.7,12107
2002,4.5,12109
2002,7.4,12111
2002,5.3,12113
2002,5,12115
2002,5.7,12117
2002,6,12119
2002,5.2,12121
2002,6.8,12123
2002,3.9,12125
2002,5.7,12127
2002,4.4,12129
2002,4.6,12131
2002,6.3,12133
2002,5,13000
2002,7.7,13001
2002,5.9,13003
2002,6.3,13005
2002,5,13007
2002,4.9,13009
2002,4.2,13011
2002,4.9,13013
2002,5.6,13015
2002,5.7,13017
2002,4.1,13019
2002,5.1,13021
2002,5.7,13023
2002,5.4,13025
2002,4.6,13027
2002,3.6,13029
2002,4.3,13031
2002,6.8,13033
2002,5.6,13035
2002,7,13037
2002,4.5,13039
2002,4.6,13043
2002,5.3,13045
2002,3.4,13047
2002,4.9,13049
2002,4.3,13051
2002,8.7,13053
2002,4.2,13055
2002,4.1,13057
2002,4,13059
2002,4.7,13061
2002,5.9,13063
2002,5.7,13065
2002,4.6,13067
2002,5.4,13069
2002,5.2,13071
2002,3.6,13073
2002,4.7,13075
2002,4.5,13077
2002,4.8,13079
2002,6,13081
2002,4.6,13083
2002,4.5,13085
2002,6,13087
2002,5.7,13089
2002,5.7,13091
2002,5.7,13093
2002,6.1,13095
2002,4.7,13097
2002,5.4,13099
2002,3.4,13101
2002,3.8,13103
2002,5.9,13105
2002,5.5,13107
2002,4.6,13109
2002,5.4,13111
2002,3.6,13113
2002,5,13115
2002,4.1,13117
2002,5.4,13119
2002,5.6,13121
2002,4.3,13123
2002,5.4,13125
2002,4,13127
2002,5.1,13129
2002,4.3,13131
2002,9.2,13133
2002,4.7,13135
2002,4.3,13137
2002,4.3,13139
2002,8.5,13141
2002,4.8,13143
2002,3.7,13145
2002,5.9,13147
2002,5.5,13149
2002,4.2,13151
2002,3.8,13153
2002,5.7,13155
2002,5.2,13157
2002,4.8,13159
2002,8.3,13161
2002,9,13163
2002,6.8,13165
2002,6.5,13167
2002,4.2,13169
2002,6.3,13171
2002,4.3,13173
2002,5.3,13175
2002,3.7,13177
2002,5.8,13179
2002,7.4,13181
2002,4.2,13183
2002,3.8,13185
2002,4.2,13187
2002,7,13189
2002,5,13191
2002,7.7,13193
2002,4.2,13195
2002,4.8,13197
2002,6.1,13199
2002,4.5,13201
2002,5.8,13205
2002,4.6,13207
2002,6.9,13209
2002,4.2,13211
2002,4.4,13213
2002,5.5,13215
2002,5,13217
2002,3.1,13219
2002,4.2,13221
2002,4.1,13223
2002,5.2,13225
2002,4.2,13227
2002,4.8,13229
2002,5.2,13231
2002,5.4,13233
2002,5.7,13235
2002,4.6,13237
2002,6.3,13239
2002,4.2,13241
2002,8.9,13243
2002,5.6,13245
2002,4.9,13247
2002,4.8,13249
2002,5.6,13251
2002,5.8,13253
2002,6.2,13255
2002,5.1,13257
2002,6.2,13259
2002,6.2,13261
2002,5.7,13263
2002,11.5,13265
2002,5.4,13267
2002,6,13269
2002,10.3,13271
2002,7.4,13273
2002,4.5,13275
2002,4.5,13277
2002,7.3,13279
2002,3.9,13281
2002,7.6,13283
2002,5.5,13285
2002,6.7,13287
2002,6.3,13289
2002,4.5,13291
2002,9.1,13293
2002,4.4,13295
2002,4.4,13297
2002,5.4,13299
2002,10.7,13301
2002,5.9,13303
2002,5.5,13305
2002,5,13307
2002,6.6,13309
2002,4.1,13311
2002,4.4,13313
2002,6.1,13315
2002,8,13317
2002,5.6,13319
2002,5.1,13321
2002,4.2,15000
2002,4.8,15001
2002,4.1,15003
2002,4.6,15007
2002,4.1,15009
2002,5.6,16000
2002,4.7,16001
2002,12,16003
2002,5.9,16005
2002,5.1,16007
2002,11.2,16009
2002,4.6,16011
2002,4,16013
2002,4.9,16015
2002,8.1,16017
2002,3.8,16019
2002,8.9,16021
2002,4.8,16023
2002,3.3,16025
2002,6.2,16027
2002,6.7,16029
2002,5.3,16031
2002,6,16033
2002,13.5,16035
2002,6.6,16037
2002,6.6,16039
2002,4.5,16041
2002,4.6,16043
2002,7.4,16045
2002,3.9,16047
2002,8.6,16049
2002,4,16051
2002,4.4,16053
2002,7.2,16055
2002,4.6,16057
2002,7.6,16059
2002,6.2,16061
2002,5.2,16063
2002,3.1,16065
2002,6.4,16067
2002,5.3,16069
2002,4.1,16071
2002,4.5,16073
2002,8.4,16075
2002,6.4,16077
2002,12.3,16079
2002,3.4,16081
2002,4.3,16083
2002,8.4,16085
2002,7,16087
2002,6.5,17000
2002,4.5,17001
2002,9.1,17003
2002,5.5,17005
2002,7.4,17007
2002,3.5,17009
2002,5.8,17011
2002,6.2,17013
2002,6.9,17015
2002,4.8,17017
2002,4.1,17019
2002,5.9,17021
2002,6.6,17023
2002,6.4,17025
2002,4.7,17027
2002,5.6,17029
2002,7.6,17031
2002,6.3,17033
2002,6.3,17035
2002,5.2,17037
2002,6.4,17039
2002,4.8,17041
2002,5.7,17043
2002,5.8,17045
2002,4.9,17047
2002,5.3,17049
2002,6.8,17051
2002,4.6,17053
2002,7.8,17055
2002,6.7,17057
2002,7.1,17059
2002,5.8,17061
2002,7.5,17063
2002,6.1,17065
2002,5.7,17067
2002,7.7,17069
2002,6.3,17071
2002,5.4,17073
2002,5.8,17075
2002,4.8,17077
2002,5.5,17079
2002,5.7,17081
2002,5.4,17083
2002,4.8,17085
2002,5.7,17087
2002,6.2,17089
2002,6.4,17091
2002,5.6,17093
2002,6.9,17095
2002,5.3,17097
2002,7,17099
2002,5.3,17101
2002,5.4,17103
2002,5.1,17105
2002,5.5,17107
2002,4.8,17109
2002,5.8,17111
2002,3.6,17113
2002,7.6,17115
2002,5.7,17117
2002,5.4,17119
2002,8.4,17121
2002,6,17123
2002,7,17125
2002,6,17127
2002,4.3,17129
2002,6.6,17131
2002,4.1,17133
2002,6.9,17135
2002,5.1,17137
2002,5.2,17139
2002,6,17141
2002,5.7,17143
2002,7.1,17145
2002,4.7,17147
2002,5.6,17149
2002,7.1,17151
2002,7.6,17153
2002,7.8,17155
2002,5.4,17157
2002,5.7,17159
2002,5.3,17161
2002,6.2,17163
2002,6.7,17165
2002,4.5,17167
2002,4.4,17169
2002,5.6,17171
2002,5.9,17173
2002,7.3,17175
2002,6.2,17177
2002,5.2,17179
2002,6.9,17181
2002,7.3,17183
2002,5.3,17185
2002,5.5,17187
2002,4.6,17189
2002,5.5,17191
2002,5,17193
2002,6.5,17195
2002,6.5,17197
2002,5.6,17199
2002,7,17201
2002,4,17203
2002,5.2,18000
2002,4.6,18001
2002,5,18003
2002,4.8,18005
2002,5,18007
2002,6.3,18009
2002,3.8,18011
2002,5,18013
2002,4.8,18015
2002,5.8,18017
2002,5.3,18019
2002,6.1,18021
2002,4.7,18023
2002,7.1,18025
2002,4.3,18027
2002,5.2,18029
2002,3.8,18031
2002,5.4,18033
2002,5.9,18035
2002,3.8,18037
2002,4.8,18039
2002,7.6,18041
2002,4.9,18043
2002,6,18045
2002,5.7,18047
2002,6.1,18049
2002,4.4,18051
2002,6.5,18053
2002,6,18055
2002,3.3,18057
2002,4,18059
2002,4.7,18061
2002,3.8,18063
2002,6.2,18065
2002,5.8,18067
2002,5.2,18069
2002,4.9,18071
2002,5.7,18073
2002,6.1,18075
2002,5,18077
2002,6.4,18079
2002,3.9,18081
2002,4.4,18083
2002,4.7,18085
2002,4.7,18087
2002,6.5,18089
2002,6.9,18091
2002,7.6,18093
2002,5.8,18095
2002,5.2,18097
2002,5.1,18099
2002,5.3,18101
2002,6.2,18103
2002,4.4,18105
2002,4.2,18107
2002,4.7,18109
2002,5.5,18111
2002,5.7,18113
2002,4.3,18115
2002,7.8,18117
2002,5.8,18119
2002,5.5,18121
2002,5.2,18123
2002,5,18125
2002,5,18127
2002,4.4,18129
2002,5.8,18131
2002,5.1,18133
2002,5.9,18135
2002,4.3,18137
2002,4.5,18139
2002,5.4,18141
2002,6.1,18143
2002,4.8,18145
2002,4.7,18147
2002,7.4,18149
2002,6.5,18151
2002,6,18153
2002,4.8,18155
2002,4.3,18157
2002,5.1,18159
2002,5.2,18161
2002,4.6,18163
2002,6.3,18165
2002,5.9,18167
2002,5.3,18169
2002,5.1,18171
2002,4,18173
2002,5.6,18175
2002,6,18177
2002,4.2,18179
2002,7,18181
2002,5,18183
2002,4,19000
2002,3.7,19001
2002,4.7,19003
2002,4.6,19005
2002,5.2,19007
2002,3.9,19009
2002,4.3,19011
2002,4,19013
2002,3.2,19015
2002,3.4,19017
2002,4.5,19019
2002,3.2,19021
2002,4.5,19023
2002,3.6,19025
2002,2.9,19027
2002,4.5,19029
2002,3.6,19031
2002,4.1,19033
2002,4.1,19035
2002,5.4,19037
2002,5.3,19039
2002,3.8,19041
2002,5.7,19043
2002,5.3,19045
2002,3.8,19047
2002,2.9,19049
2002,4.8,19051
2002,4.3,19053
2002,5,19055
2002,6,19057
2002,3.7,19059
2002,4,19061
2002,4.5,19063
2002,4.8,19065
2002,4.8,19067
2002,4.2,19069
2002,2.7,19071
2002,3.8,19073
2002,3.2,19075
2002,3.5,19077
2002,3.3,19079
2002,2.9,19081
2002,4.2,19083
2002,3.7,19085
2002,5.1,19087
2002,4.1,19089
2002,3.6,19091
2002,3.3,19093
2002,3.4,19095
2002,5.2,19097
2002,4.1,19099
2002,5.7,19101
2002,2.7,19103
2002,4.6,19105
2002,4.5,19107
2002,3.6,19109
2002,7.5,19111
2002,4.5,19113
2002,4.6,19115
2002,4.5,19117
2002,3.3,19119
2002,4.1,19121
2002,4.5,19123
2002,4.3,19125
2002,4.1,19127
2002,2.7,19129
2002,3.6,19131
2002,4.3,19133
2002,4.9,19135
2002,5.4,19137
2002,4.1,19139
2002,3.2,19141
2002,3.1,19143
2002,4.8,19145
2002,3.6,19147
2002,3.4,19149
2002,4.5,19151
2002,3.7,19153
2002,3.3,19155
2002,4,19157
2002,3.7,19159
2002,3.5,19161
2002,4.6,19163
2002,3.4,19165
2002,2.8,19167
2002,2.6,19169
2002,4.3,19171
2002,3.9,19173
2002,5,19175
2002,5.5,19177
2002,5.5,19179
2002,3.2,19181
2002,3.3,19183
2002,4.2,19185
2002,4.2,19187
2002,3.1,19189
2002,3.7,19191
2002,3.8,19193
2002,4.1,19195
2002,4,19197
2002,5.1,20000
2002,5.3,20001
2002,5.3,20003
2002,5.4,20005
2002,3.5,20007
2002,4,20009
2002,4.8,20011
2002,5.4,20013
2002,5.6,20015
2002,4.4,20017
2002,5.4,20019
2002,6.9,20021
2002,3.2,20023
2002,3.2,20025
2002,4.2,20027
2002,3.8,20029
2002,6,20031
2002,2.7,20033
2002,6.6,20035
2002,5.1,20037
2002,2.9,20039
2002,4.2,20041
2002,9.5,20043
2002,3.8,20045
2002,3.4,20047
2002,5.8,20049
2002,3,20051
2002,4,20053
2002,3.8,20055
2002,3.1,20057
2002,5.4,20059
2002,6,20061
2002,3,20063
2002,3.3,20065
2002,3.3,20067
2002,3.1,20069
2002,3.1,20071
2002,5.9,20073
2002,3.3,20075
2002,3.8,20077
2002,4.2,20079
2002,2.9,20081
2002,3.6,20083
2002,5,20085
2002,4.7,20087
2002,2.9,20089
2002,4.7,20091
2002,3.3,20093
2002,4.8,20095
2002,3.8,20097
2002,6,20099
2002,4,20101
2002,5.8,20103
2002,4.3,20105
2002,6.2,20107
2002,3.6,20109
2002,4.3,20111
2002,3.4,20113
2002,3.9,20115
2002,3.9,20117
2002,3.1,20119
2002,4.6,20121
2002,3.6,20123
2002,6.6,20125
2002,3.9,20127
2002,3.1,20129
2002,3.5,20131
2002,4.9,20133
2002,3,20135
2002,3.6,20137
2002,5.1,20139
2002,3.2,20141
2002,4,20143
2002,3.3,20145
2002,3,20147
2002,4.2,20149
2002,3.1,20151
2002,3.6,20153
2002,4.6,20155
2002,3.8,20157
2002,4,20159
2002,3.5,20161
2002,3.6,20163
2002,3.7,20165
2002,4.5,20167
2002,4,20169
2002,2.6,20171
2002,5.9,20173
2002,4,20175
2002,4.6,20177
2002,3,20179
2002,3,20181
2002,3,20183
2002,4.3,20185
2002,2.9,20187
2002,3.5,20189
2002,7.1,20191
2002,3.2,20193
2002,3.3,20195
2002,3.8,20197
2002,2.7,20199
2002,3.6,20201
2002,3.2,20203
2002,4.7,20205
2002,6.2,20207
2002,9.4,20209
2002,5.7,21000
2002,5.4,21001
2002,6.3,21003
2002,4.9,21005
2002,7.1,21007
2002,4.7,21009
2002,7.4,21011
2002,8.6,21013
2002,4.1,21015
2002,5.4,21017
2002,6.3,21019
2002,6.3,21021
2002,5.1,21023
2002,7.9,21025
2002,6.7,21027
2002,5.2,21029
2002,8.1,21031
2002,5.1,21033
2002,7.1,21035
2002,4.3,21037
2002,6.7,21039
2002,7.2,21041
2002,9.2,21043
2002,6.6,21045
2002,5.9,21047
2002,5.6,21049
2002,10.5,21051
2002,8.6,21053
2002,5.7,21055
2002,5.6,21057
2002,5.5,21059
2002,7.1,21061
2002,8.5,21063
2002,6.4,21065
2002,4.2,21067
2002,5.5,21069
2002,7.1,21071
2002,4.3,21073
2002,6.9,21075
2002,5.7,21077
2002,5.5,21079
2002,5.4,21081
2002,7,21083
2002,8.1,21085
2002,5.3,21087
2002,6.1,21089
2002,6.1,21091
2002,5.8,21093
2002,8.8,21095
2002,5.5,21097
2002,5.3,21099
2002,5.3,21101
2002,4.4,21103
2002,6.7,21105
2002,5.6,21107
2002,7.7,21109
2002,5.6,21111
2002,4.2,21113
2002,6.2,21115
2002,4.3,21117
2002,6.8,21119
2002,7,21121
2002,5.4,21123
2002,5.9,21125
2002,7.9,21127
2002,7.5,21129
2002,8.5,21131
2002,8.3,21133
2002,7.7,21135
2002,6.9,21137
2002,6.5,21139
2002,6.6,21141
2002,6.7,21143
2002,6,21145
2002,9.5,21147
2002,6.4,21149
2002,5.2,21151
2002,11.3,21153
2002,5.1,21155
2002,7.5,21157
2002,7.1,21159
2002,5.2,21161
2002,5.8,21163
2002,8.1,21165
2002,5.5,21167
2002,5.1,21169
2002,6.6,21171
2002,6.5,21173
2002,9,21175
2002,8,21177
2002,5.9,21179
2002,6.9,21181
2002,7,21183
2002,4,21185
2002,4.7,21187
2002,6.7,21189
2002,4.9,21191
2002,7.9,21193
2002,6.8,21195
2002,7,21197
2002,7.1,21199
2002,5.1,21201
2002,5.7,21203
2002,5.7,21205
2002,7.7,21207
2002,4.8,21209
2002,4.7,21211
2002,5.8,21213
2002,4.2,21215
2002,5.3,21217
2002,5,21219
2002,6.5,21221
2002,4.9,21223
2002,5.2,21225
2002,5.1,21227
2002,5.8,21229
2002,6.5,21231
2002,5.1,21233
2002,7,21235
2002,8.2,21237
2002,4,21239
2002,6.1,22000
2002,6.3,22001
2002,8.1,22003
2002,6.5,22005
2002,6.4,22007
2002,7.3,22009
2002,6.6,22011
2002,8.7,22013
2002,6.1,22015
2002,6.9,22017
2002,5.8,22019
2002,8.1,22021
2002,5.4,22023
2002,9.7,22025
2002,7.1,22027
2002,10.1,22029
2002,8.6,22031
2002,5.5,22033
2002,12,22035
2002,6.8,22037
2002,7.3,22039
2002,10.3,22041
2002,6.9,22043
2002,6.8,22045
2002,8.2,22047
2002,6.5,22049
2002,5.2,22051
2002,5.8,22053
2002,4.6,22055
2002,4.7,22057
2002,7.8,22059
2002,6.6,22061
2002,6.3,22063
2002,10.4,22065
2002,8.7,22067
2002,7.1,22069
2002,6.3,22071
2002,5.3,22073
2002,6.3,22075
2002,7,22077
2002,6.1,22079
2002,8.3,22081
2002,8.3,22083
2002,7.8,22085
2002,6.1,22087
2002,5.7,22089
2002,6.6,22091
2002,9.2,22093
2002,7.2,22095
2002,7.2,22097
2002,6.8,22099
2002,7.6,22101
2002,5,22103
2002,7,22105
2002,8.7,22107
2002,4.9,22109
2002,6.3,22111
2002,6.8,22113
2002,6.7,22115
2002,7.4,22117
2002,8.1,22119
2002,6,22121
2002,11.2,22123
2002,7.5,22125
2002,7.6,22127
2002,4.3,23000
2002,4.4,23001
2002,5.2,23003
2002,3.2,23005
2002,5.1,23007
2002,4.3,23009
2002,4.3,23011
2002,3.3,23013
2002,3.6,23015
2002,5.5,23017
2002,4.6,23019
2002,6.9,23021
2002,3.5,23023
2002,7,23025
2002,4.8,23027
2002,7.8,23029
2002,4.2,23031
2002,4.4,24000
2002,6.2,24001
2002,3.9,24003
2002,4.6,24005
2002,3.5,24009
2002,4.6,24011
2002,3.6,24013
2002,4.5,24015
2002,3.5,24017
2002,6.5,24019
2002,3.4,24021
2002,5.4,24023
2002,4.2,24025
2002,3.4,24027
2002,4.4,24029
2002,3.5,24031
2002,4.8,24033
2002,3.6,24035
2002,3.6,24037
2002,6.7,24039
2002,3.8,24041
2002,4.9,24043
2002,4.8,24045
2002,6.3,24047
2002,7.1,24510
2002,5.3,25000
2002,4.7,25001
2002,4.5,25003
2002,6.1,25005
2002,3.8,25007
2002,5.9,25009
2002,4,25011
2002,5.7,25013
2002,3.6,25015
2002,5,25017
2002,1.9,25019
2002,4.6,25021
2002,4.9,25023
2002,5.9,25025
2002,5.6,25027
2002,6.3,26000
2002,10.8,26001
2002,7.2,26003
2002,5.7,26005
2002,8.6,26007
2002,7.2,26009
2002,9.1,26011
2002,9.8,26013
2002,5.5,26015
2002,6.7,26017
2002,7,26019
2002,6.3,26021
2002,6.1,26023
2002,6.1,26025
2002,4.9,26027
2002,7.3,26029
2002,10.5,26031
2002,8.1,26033
2002,8.2,26035
2002,4,26037
2002,7,26039
2002,7.5,26041
2002,6.1,26043
2002,4.2,26045
2002,7.2,26047
2002,7.5,26049
2002,8.3,26051
2002,7.9,26053
2002,5.7,26055
2002,6.2,26057
2002,6.3,26059
2002,6.9,26061
2002,8.8,26063
2002,4.7,26065
2002,6.4,26067
2002,10.2,26069
2002,7.2,26071
2002,4.4,26073
2002,6.7,26075
2002,4.8,26077
2002,7.8,26079
2002,6.2,26081
2002,9.1,26083
2002,8.6,26085
2002,7.5,26087
2002,4.9,26089
2002,6.3,26091
2002,4.5,26093
2002,7.5,26095
2002,9.5,26097
2002,6.1,26099
2002,7.7,26101
2002,7,26103
2002,11.3,26105
2002,6.2,26107
2002,6.3,26109
2002,5.5,26111
2002,7.4,26113
2002,5.3,26115
2002,7.6,26117
2002,10.8,26119
2002,8,26121
2002,8.1,26123
2002,5.2,26125
2002,8.7,26127
2002,8.4,26129
2002,7.6,26131
2002,7,26133
2002,11,26135
2002,7.5,26137
2002,5.5,26139
2002,10.5,26141
2002,7.9,26143
2002,7.2,26145
2002,7.3,26147
2002,6.5,26149
2002,8.2,26151
2002,10.1,26153
2002,6.6,26155
2002,8.1,26157
2002,6.3,26159
2002,3.7,26161
2002,7.2,26163
2002,7.9,26165
2002,4.5,27000
2002,6.5,27001
2002,4.4,27003
2002,5.4,27005
2002,4.8,27007
2002,5,27009
2002,4.2,27011
2002,3.6,27013
2002,4.6,27015
2002,6.2,27017
2002,4.1,27019
2002,6,27021
2002,4.7,27023
2002,5.3,27025
2002,3.5,27027
2002,10.4,27029
2002,4.8,27031
2002,4.2,27033
2002,5.2,27035
2002,3.9,27037
2002,3.9,27039
2002,3.7,27041
2002,4.3,27043
2002,4.2,27045
2002,4.9,27047
2002,4.5,27049
2002,6.2,27051
2002,4.4,27053
2002,4.8,27055
2002,5.2,27057
2002,5.2,27059
2002,6.2,27061
2002,3.6,27063
2002,7.4,27065
2002,4.1,27067
2002,5.9,27069
2002,6,27071
2002,3.7,27073
2002,4.8,27075
2002,4.6,27077
2002,5.9,27079
2002,3.7,27081
2002,3.9,27083
2002,4.3,27085
2002,5.9,27087
2002,7.7,27089
2002,4,27091
2002,5.1,27093
2002,6.4,27095
2002,5.7,27097
2002,4,27099
2002,3.8,27101
2002,3.6,27103
2002,3.3,27105
2002,4.8,27107
2002,3.8,27109
2002,5,27111
2002,5.8,27113
2002,6.4,27115
2002,3.2,27117
2002,5.6,27119
2002,3.9,27121
2002,4.4,27123
2002,8.4,27125
2002,4,27127
2002,4.9,27129
2002,4.5,27131
2002,3,27133
2002,5.3,27135
2002,5.6,27137
2002,4.1,27139
2002,4.7,27141
2002,4.4,27143
2002,4.4,27145
2002,4.5,27147
2002,3.7,27149
2002,4.9,27151
2002,4.9,27153
2002,4.4,27155
2002,3.8,27157
2002,6.1,27159
2002,4.6,27161
2002,3.8,27163
2002,4,27165
2002,3.9,27167
2002,4.1,27169
2002,4.9,27171
2002,4.7,27173
2002,6.6,28000
2002,7.3,28001
2002,7.9,28003
2002,6.8,28005
2002,7.3,28007
2002,11.1,28009
2002,9.9,28011
2002,7.7,28013
2002,7,28015
2002,9.7,28017
2002,12,28019
2002,9.7,28021
2002,13.7,28023
2002,9.3,28025
2002,8.8,28027
2002,7.1,28029
2002,5.9,28031
2002,3.7,28033
2002,5.6,28035
2002,8.4,28037
2002,9.2,28039
2002,9,28041
2002,6.7,28043
2002,5.4,28045
2002,5.4,28047
2002,5.7,28049
2002,11.8,28051
2002,10,28053
2002,11.6,28055
2002,6.1,28057
2002,6.8,28059
2002,8,28061
2002,12,28063
2002,7.7,28065
2002,5.5,28067
2002,9.5,28069
2002,4.9,28071
2002,4.4,28073
2002,6.5,28075
2002,7.1,28077
2002,6.2,28079
2002,6,28081
2002,9.7,28083
2002,7.1,28085
2002,8.2,28087
2002,4.8,28089
2002,5.9,28091
2002,8,28093
2002,8.2,28095
2002,11.2,28097
2002,6.5,28099
2002,6.7,28101
2002,9.5,28103
2002,5.7,28105
2002,8.3,28107
2002,5.4,28109
2002,7.2,28111
2002,7.5,28113
2002,5.7,28115
2002,6.2,28117
2002,8.4,28119
2002,4.2,28121
2002,6.2,28123
2002,10.1,28125
2002,5.6,28127
2002,5.3,28129
2002,5.6,28131
2002,10.5,28133
2002,9.4,28135
2002,5.5,28137
2002,7.5,28139
2002,9.8,28141
2002,7.1,28143
2002,6.5,28145
2002,7.5,28147
2002,6.2,28149
2002,10.4,28151
2002,8.9,28153
2002,16.1,28155
2002,8.9,28157
2002,9.8,28159
2002,7,28161
2002,7.3,28163
2002,5.4,29000
2002,4.4,29001
2002,4.9,29003
2002,3.9,29005
2002,5.5,29007
2002,4.8,29009
2002,4.4,29011
2002,5.9,29013
2002,6.6,29015
2002,6.4,29017
2002,3.5,29019
2002,5.8,29021
2002,5.5,29023
2002,5.4,29025
2002,4.5,29027
2002,5.8,29029
2002,4.2,29031
2002,5.4,29033
2002,6.7,29035
2002,4.6,29037
2002,6,29039
2002,6.3,29041
2002,4.8,29043
2002,6.4,29045
2002,4.3,29047
2002,5.2,29049
2002,3.9,29051
2002,4.7,29053
2002,5.9,29055
2002,4.9,29057
2002,5.9,29059
2002,4.9,29061
2002,6.1,29063
2002,6.3,29065
2002,8.6,29067
2002,7,29069
2002,5.5,29071
2002,5.7,29073
2002,5,29075
2002,4.5,29077
2002,5.2,29079
2002,5,29081
2002,5.8,29083
2002,7,29085
2002,4.6,29087
2002,4.5,29089
2002,5,29091
2002,8.1,29093
2002,6.1,29095
2002,5.3,29097
2002,5.2,29099
2002,4.6,29101
2002,4.5,29103
2002,5.8,29105
2002,5.1,29107
2002,4.9,29109
2002,5,29111
2002,5.4,29113
2002,7.1,29115
2002,4.4,29117
2002,5.1,29119
2002,5.6,29121
2002,7.1,29123
2002,5.4,29125
2002,5.4,29127
2002,4.9,29129
2002,6.5,29131
2002,7.7,29133
2002,5.1,29135
2002,5.6,29137
2002,5.3,29139
2002,6.7,29141
2002,8,29143
2002,5.9,29145
2002,3.5,29147
2002,5.5,29149
2002,5.3,29151
2002,6.2,29153
2002,8.5,29155
2002,4.1,29157
2002,6,29159
2002,4.3,29161
2002,5.2,29163
2002,4.3,29165
2002,5.1,29167
2002,5.4,29169
2002,4.7,29171
2002,5.3,29173
2002,5.3,29175
2002,4.9,29177
2002,8.2,29179
2002,6.4,29181
2002,4.2,29183
2002,6,29185
2002,5.2,29186
2002,6.9,29187
2002,4.9,29189
2002,5.8,29195
2002,5.7,29197
2002,4.5,29199
2002,5.6,29201
2002,6.8,29203
2002,5.5,29205
2002,6.1,29207
2002,8.6,29209
2002,5.1,29211
2002,9.1,29213
2002,6.5,29215
2002,5.1,29217
2002,5.3,29219
2002,8.5,29221
2002,7.8,29223
2002,5.6,29225
2002,4.4,29227
2002,6.8,29229
2002,8.1,29510
2002,4.4,30000
2002,3.7,30001
2002,10.5,30003
2002,4.8,30005
2002,4,30007
2002,3.7,30009
2002,3.2,30011
2002,4.2,30013
2002,3.4,30015
2002,3.7,30017
2002,4.3,30019
2002,3.4,30021
2002,5.9,30023
2002,3.2,30025
2002,4.6,30027
2002,5.1,30029
2002,3.4,30031
2002,3.5,30033
2002,6.7,30035
2002,4.8,30037
2002,5.7,30039
2002,4.1,30041
2002,4.2,30043
2002,4.8,30045
2002,6.6,30047
2002,3.9,30049
2002,4,30051
2002,8.9,30053
2002,2.6,30055
2002,4.4,30057
2002,5.5,30059
2002,6.7,30061
2002,3.8,30063
2002,6.1,30065
2002,4.5,30067
2002,5.6,30069
2002,4.4,30071
2002,4.4,30073
2002,3.6,30075
2002,6.1,30077
2002,5,30079
2002,5.1,30081
2002,4.9,30083
2002,5.7,30085
2002,5.7,30087
2002,7.1,30089
2002,4,30091
2002,5,30093
2002,4,30095
2002,3,30097
2002,3.8,30099
2002,3.5,30101
2002,4,30103
2002,4,30105
2002,5.1,30107
2002,3.8,30109
2002,3.5,30111
2002,3.6,31000
2002,3.6,31001
2002,3.1,31003
2002,4.5,31005
2002,2.8,31007
2002,3.5,31009
2002,3,31011
2002,4.7,31013
2002,3.5,31015
2002,3.5,31017
2002,2.5,31019
2002,4.8,31021
2002,4,31023
2002,3.6,31025
2002,2.6,31027
2002,2.5,31029
2002,2.8,31031
2002,3.2,31033
2002,3.7,31035
2002,2.9,31037
2002,2.6,31039
2002,2.6,31041
2002,4.3,31043
2002,2.9,31045
2002,3.9,31047
2002,2.6,31049
2002,3,31051
2002,4.4,31053
2002,4.3,31055
2002,3.7,31057
2002,3.5,31059
2002,3.5,31061
2002,2.4,31063
2002,3.2,31065
2002,3.7,31067
2002,3.4,31069
2002,2.9,31071
2002,3,31073
2002,2.7,31075
2002,3.5,31077
2002,3.9,31079
2002,3,31081
2002,3,31083
2002,3.1,31085
2002,3.2,31087
2002,2.9,31089
2002,3.4,31091
2002,3.6,31093
2002,4.5,31095
2002,2.9,31097
2002,2.7,31099
2002,3.2,31101
2002,3.8,31103
2002,2.6,31105
2002,3.4,31107
2002,3.2,31109
2002,3.3,31111
2002,2.5,31113
2002,3.6,31115
2002,1.6,31117
2002,3.9,31119
2002,3.7,31121
2002,4.1,31123
2002,4.4,31125
2002,4.3,31127
2002,3,31129
2002,3.8,31131
2002,3.7,31133
2002,2.5,31135
2002,2.9,31137
2002,3.6,31139
2002,4.3,31141
2002,3.2,31143
2002,3,31145
2002,5.8,31147
2002,2.7,31149
2002,3,31151
2002,3.1,31153
2002,3.6,31155
2002,4.4,31157
2002,3,31159
2002,2.7,31161
2002,2.9,31163
2002,2.5,31165
2002,3.1,31167
2002,3.4,31169
2002,4.1,31171
2002,7,31173
2002,2.8,31175
2002,2.9,31177
2002,2.8,31179
2002,3.5,31181
2002,2.2,31183
2002,3,31185
2002,5.6,32000
2002,5.1,32001
2002,5.9,32003
2002,5,32005
2002,4.6,32007
2002,7,32009
2002,4.7,32011
2002,5.5,32013
2002,6.1,32015
2002,4.8,32017
2002,5.7,32019
2002,5.9,32021
2002,7.3,32023
2002,4.8,32027
2002,3.9,32029
2002,4.9,32031
2002,4.1,32033
2002,5.7,32510
2002,4.5,33000
2002,3.9,33001
2002,3.6,33003
2002,3.5,33005
2002,6.6,33007
2002,2.9,33009
2002,4.8,33011
2002,3.4,33013
2002,5.5,33015
2002,4.3,33017
2002,3.2,33019
2002,5.8,34000
2002,6,34001
2002,5,34003
2002,4.8,34005
2002,5.8,34007
2002,7.9,34009
2002,7.5,34011
2002,7.2,34013
2002,5.2,34015
2002,7.6,34017
2002,4.1,34019
2002,5.3,34021
2002,5.6,34023
2002,5.3,34025
2002,4.6,34027
2002,5.4,34029
2002,7,34031
2002,5.8,34033
2002,4.7,34035
2002,4.9,34037
2002,6.3,34039
2002,4.9,34041
2002,5.5,35000
2002,4.9,35001
2002,6.2,35003
2002,6.5,35005
2002,6.4,35006
2002,5.4,35007
2002,4.8,35009
2002,5.1,35011
2002,6.2,35013
2002,5.9,35015
2002,9.9,35017
2002,7.7,35019
2002,4,35021
2002,4.5,35023
2002,5.4,35025
2002,4.1,35027
2002,2.4,35028
2002,15,35029
2002,6.2,35031
2002,10.3,35033
2002,5.7,35035
2002,5.5,35037
2002,6.5,35039
2002,4.2,35041
2002,6,35043
2002,6.2,35045
2002,6.2,35047
2002,3.9,35049
2002,5.4,35051
2002,5.1,35053
2002,6.6,35055
2002,5,35057
2002,3.6,35059
2002,5.6,35061
2002,6.1,36000
2002,3.9,36001
2002,5.4,36003
2002,9.7,36005
2002,5.8,36007
2002,5.6,36009
2002,4.8,36011
2002,5.5,36013
2002,6.4,36015
2002,5.5,36017
2002,5.3,36019
2002,4.2,36021
2002,5.9,36023
2002,4.7,36025
2002,4.2,36027
2002,5.4,36029
2002,5.1,36031
2002,6,36033
2002,4.9,36035
2002,5.3,36037
2002,4.9,36039
2002,5,36041
2002,5.3,36043
2002,6.7,36045
2002,8.6,36047
2002,6.2,36049
2002,5.7,36051
2002,5.2,36053
2002,5.3,36055
2002,5.7,36057
2002,4.6,36059
2002,7.6,36061
2002,6.3,36063
2002,5.3,36065
2002,4.9,36067
2002,5.1,36069
2002,4.3,36071
2002,6.3,36073
2002,6.4,36075
2002,4.7,36077
2002,3.9,36079
2002,7.1,36081
2002,4.5,36083
2002,6.9,36085
2002,4.3,36087
2002,6.6,36089
2002,3.8,36091
2002,4.1,36093
2002,5.6,36095
2002,6.9,36097
2002,5.4,36099
2002,7.1,36101
2002,4.6,36103
2002,5,36105
2002,5.5,36107
2002,4,36109
2002,4.4,36111
2002,4.9,36113
2002,4.6,36115
2002,6.2,36117
2002,4.5,36119
2002,5.7,36121
2002,4.8,36123
2002,6.6,37000
2002,7.2,37001
2002,7,37003
2002,9.1,37005
2002,9.2,37007
2002,8.4,37009
2002,6.6,37011
2002,9.1,37013
2002,8.1,37015
2002,9.7,37017
2002,6.9,37019
2002,5.1,37021
2002,7.8,37023
2002,5.5,37025
2002,8,37027
2002,4.5,37029
2002,5.9,37031
2002,8.1,37033
2002,8.4,37035
2002,5.3,37037
2002,10.3,37039
2002,6,37041
2002,5.8,37043
2002,10.1,37045
2002,8.9,37047
2002,6.1,37049
2002,6.8,37051
2002,3,37053
2002,5.5,37055
2002,6.6,37057
2002,5.8,37059
2002,7.4,37061
2002,5.9,37063
2002,10.9,37065
2002,5.7,37067
2002,6.5,37069
2002,7.7,37071
2002,4.4,37073
2002,9.8,37075
2002,7.3,37077
2002,7.3,37079
2002,6.3,37081
2002,10.3,37083
2002,7.4,37085
2002,6.4,37087
2002,5.2,37089
2002,7.2,37091
2002,7.7,37093
2002,7.4,37095
2002,6.6,37097
2002,4.9,37099
2002,5.6,37101
2002,6.8,37103
2002,7.6,37105
2002,8.5,37107
2002,7.1,37109
2002,8.2,37111
2002,5.4,37113
2002,6,37115
2002,6.5,37117
2002,5.8,37119
2002,10,37121
2002,8.1,37123
2002,6.4,37125
2002,7.9,37127
2002,6.3,37129
2002,9.3,37131
2002,6.5,37133
2002,4.3,37135
2002,5.7,37137
2002,5.5,37139
2002,7.7,37141
2002,5.6,37143
2002,7.6,37145
2002,6.6,37147
2002,5.2,37149
2002,6.4,37151
2002,10.6,37153
2002,9.7,37155
2002,8,37157
2002,6.3,37159
2002,9.3,37161
2002,6.8,37163
2002,9.8,37165
2002,7.2,37167
2002,6,37169
2002,7.8,37171
2002,8.5,37173
2002,7.3,37175
2002,8.4,37177
2002,5.3,37179
2002,10,37181
2002,5.7,37183
2002,9,37185
2002,8,37187
2002,4.5,37189
2002,6.4,37191
2002,8.4,37193
2002,7.6,37195
2002,5.9,37197
2002,9.3,37199
2002,3.7,38000
2002,3.5,38001
2002,3.4,38003
2002,5.9,38005
2002,2.8,38007
2002,4.5,38009
2002,2.5,38011
2002,3.7,38013
2002,3.1,38015
2002,2.8,38017
2002,3.9,38019
2002,3,38021
2002,3.6,38023
2002,4.1,38025
2002,5.3,38027
2002,5.7,38029
2002,3.5,38031
2002,2.8,38033
2002,3.6,38035
2002,3.8,38037
2002,3.4,38039
2002,3.9,38041
2002,5.8,38043
2002,3.5,38045
2002,3.6,38047
2002,6.3,38049
2002,3.2,38051
2002,3.9,38053
2002,5.6,38055
2002,4.7,38057
2002,3.9,38059
2002,5.5,38061
2002,4.4,38063
2002,4.6,38065
2002,6.2,38067
2002,4.9,38069
2002,3.9,38071
2002,2.9,38073
2002,3.1,38075
2002,3.6,38077
2002,12.1,38079
2002,3.5,38081
2002,6.3,38083
2002,5.4,38085
2002,2.2,38087
2002,3.5,38089
2002,2.3,38091
2002,3.4,38093
2002,3.8,38095
2002,4,38097
2002,4.4,38099
2002,3.9,38101
2002,4.7,38103
2002,3.2,38105
2002,5.7,39000
2002,9.8,39001
2002,6.5,39003
2002,6.3,39005
2002,7.5,39007
2002,6.2,39009
2002,5.9,39011
2002,7,39013
2002,7,39015
2002,5.4,39017
2002,6.8,39019
2002,6.3,39021
2002,7.1,39023
2002,5.5,39025
2002,5.1,39027
2002,7,39029
2002,6.6,39031
2002,7.3,39033
2002,5.2,39035
2002,6.3,39037
2002,5.9,39039
2002,4.2,39041
2002,5.8,39043
2002,5.2,39045
2002,5.7,39047
2002,5.1,39049
2002,6,39051
2002,7.3,39053
2002,3.8,39055
2002,5.2,39057
2002,6.7,39059
2002,5.5,39061
2002,4.6,39063
2002,6,39065
2002,6.9,39067
2002,6.1,39069
2002,6.1,39071
2002,6.3,39073
2002,3.9,39075
2002,7.3,39077
2002,7.9,39079
2002,6.9,39081
2002,5.5,39083
2002,4.6,39085
2002,6.7,39087
2002,5.2,39089
2002,5.5,39091
2002,5.2,39093
2002,7,39095
2002,5.2,39097
2002,7.2,39099
2002,5.8,39101
2002,4.2,39103
2002,9.1,39105
2002,5.2,39107
2002,5.7,39109
2002,7.9,39111
2002,6.1,39113
2002,9,39115
2002,5.5,39117
2002,6.8,39119
2002,7.4,39121
2002,7.4,39123
2002,5.6,39125
2002,7,39127
2002,6.2,39129
2002,9.5,39131
2002,5.5,39133
2002,6.2,39135
2002,4.7,39137
2002,6.8,39139
2002,6.8,39141
2002,6,39143
2002,8.2,39145
2002,6.9,39147
2002,5.4,39149
2002,6,39151
2002,6.1,39153
2002,7,39155
2002,5.8,39157
2002,4.3,39159
2002,5.9,39161
2002,8.7,39163
2002,4.7,39165
2002,5.9,39167
2002,5,39169
2002,6.4,39171
2002,5.4,39173
2002,5.6,39175
2002,4.7,40000
2002,4.8,40001
2002,3.4,40003
2002,4.9,40005
2002,3.4,40007
2002,4.1,40009
2002,4.6,40011
2002,3.7,40013
2002,4.7,40015
2002,4.2,40017
2002,4.7,40019
2002,3.9,40021
2002,6.2,40023
2002,3.7,40025
2002,3.6,40027
2002,6.4,40029
2002,4,40031
2002,4.2,40033
2002,5.1,40035
2002,5.3,40037
2002,3.4,40039
2002,4.8,40041
2002,3.7,40043
2002,3.4,40045
2002,3.5,40047
2002,4.7,40049
2002,4,40051
2002,3.4,40053
2002,5.1,40055
2002,4.2,40057
2002,3.2,40059
2002,5.4,40061
2002,7.1,40063
2002,3.6,40065
2002,5.9,40067
2002,4.6,40069
2002,5.6,40071
2002,3.2,40073
2002,3.7,40075
2002,7,40077
2002,6,40079
2002,4.8,40081
2002,3.4,40083
2002,4.3,40085
2002,4.3,40087
2002,6.6,40089
2002,6.2,40091
2002,3.2,40093
2002,4.7,40095
2002,6.8,40097
2002,4.9,40099
2002,5.2,40101
2002,4.5,40103
2002,5.6,40105
2002,5.6,40107
2002,4.7,40109
2002,5.8,40111
2002,5,40113
2002,6.9,40115
2002,5.5,40117
2002,3.4,40119
2002,6,40121
2002,4.7,40123
2002,4.9,40125
2002,6.9,40127
2002,3.2,40129
2002,4.4,40131
2002,6.8,40133
2002,6,40135
2002,4.8,40137
2002,3.2,40139
2002,4.1,40141
2002,4.8,40143
2002,4.2,40145
2002,4.3,40147
2002,3.5,40149
2002,8,40151
2002,4.1,40153
2002,7.5,41000
2002,9,41001
2002,5.3,41003
2002,6.9,41005
2002,6.9,41007
2002,9.4,41009
2002,8.8,41011
2002,9.2,41013
2002,8,41015
2002,7.7,41017
2002,8.8,41019
2002,6.5,41021
2002,9.4,41023
2002,9.6,41025
2002,8.2,41027
2002,7.4,41029
2002,6.8,41031
2002,8.7,41033
2002,8.9,41035
2002,8.8,41037
2002,7.1,41039
2002,8.1,41041
2002,9,41043
2002,8.9,41045
2002,7.2,41047
2002,7.5,41049
2002,8,41051
2002,6.3,41053
2002,10,41055
2002,6.7,41057
2002,7.7,41059
2002,6.5,41061
2002,8.5,41063
2002,9,41065
2002,6.9,41067
2002,7.7,41069
2002,7.3,41071
2002,5.6,42000
2002,4.2,42001
2002,5.4,42003
2002,6.7,42005
2002,6.1,42007
2002,7.6,42009
2002,6,42011
2002,6,42013
2002,5.3,42015
2002,4.8,42017
2002,5.4,42019
2002,7.1,42021
2002,8,42023
2002,6.9,42025
2002,4.3,42027
2002,4.1,42029
2002,5.2,42031
2002,7.3,42033
2002,7.7,42035
2002,6.3,42037
2002,7,42039
2002,4.2,42041
2002,4.9,42043
2002,5.1,42045
2002,6.7,42047
2002,6.7,42049
2002,7.1,42051
2002,13.8,42053
2002,4.7,42055
2002,6.6,42057
2002,6.3,42059
2002,8.4,42061
2002,6.1,42063
2002,6.2,42065
2002,5.1,42067
2002,6.1,42069
2002,3.9,42071
2002,6.3,42073
2002,4.2,42075
2002,5.7,42077
2002,6.5,42079
2002,6.2,42081
2002,6,42083
2002,5.7,42085
2002,7.5,42087
2002,5.8,42089
2002,4.6,42091
2002,5,42093
2002,5.3,42095
2002,6.6,42097
2002,5,42099
2002,7.4,42101
2002,5.6,42103
2002,5.7,42105
2002,7,42107
2002,4.8,42109
2002,6.8,42111
2002,5.9,42113
2002,6.3,42115
2002,6.5,42117
2002,5.6,42119
2002,5.8,42121
2002,5.8,42123
2002,6,42125
2002,5.1,42127
2002,5.9,42129
2002,6,42131
2002,4.9,42133
2002,5,44000
2002,4.3,44001
2002,4.7,44003
2002,4.4,44005
2002,5.5,44007
2002,4,44009
2002,5.8,45000
2002,7.7,45001
2002,4.9,45003
2002,7,45005
2002,6.2,45007
2002,6.7,45009
2002,7.8,45011
2002,4.1,45013
2002,4.4,45015
2002,6.2,45017
2002,4.5,45019
2002,8.1,45021
2002,9.8,45023
2002,7.7,45025
2002,7.6,45027
2002,5.9,45029
2002,6.8,45031
2002,7.9,45033
2002,4.2,45035
2002,4.9,45037
2002,8.3,45039
2002,6.4,45041
2002,8.1,45043
2002,4.7,45045
2002,8.8,45047
2002,7.2,45049
2002,5.1,45051
2002,5,45053
2002,5.9,45055
2002,6.4,45057
2002,7.5,45059
2002,7.3,45061
2002,3.9,45063
2002,10.7,45065
2002,10.8,45067
2002,9.8,45069
2002,7.2,45071
2002,6.6,45073
2002,8.6,45075
2002,5.8,45077
2002,4.6,45079
2002,5.7,45081
2002,6.6,45083
2002,7.1,45085
2002,10.3,45087
2002,10.6,45089
2002,6.3,45091
2002,3.2,46000
2002,3.6,46003
2002,3.8,46005
2002,4.1,46007
2002,3.3,46009
2002,2.8,46011
2002,3.1,46013
2002,2.5,46015
2002,7.9,46017
2002,3.1,46019
2002,3.4,46021
2002,3,46023
2002,5.3,46025
2002,3.1,46027
2002,3.7,46029
2002,5.5,46031
2002,3.3,46033
2002,2.7,46035
2002,5.2,46037
2002,3.9,46039
2002,7.9,46041
2002,2.7,46043
2002,3.3,46045
2002,3.8,46047
2002,2.8,46049
2002,3.6,46051
2002,3.4,46053
2002,2.2,46055
2002,3.4,46057
2002,2.9,46059
2002,2.6,46061
2002,2.5,46063
2002,2.3,46065
2002,3.5,46067
2002,2.9,46069
2002,4.8,46071
2002,3.1,46073
2002,1.8,46075
2002,3.2,46077
2002,3.2,46079
2002,2.8,46081
2002,2.2,46083
2002,4.3,46085
2002,3.2,46087
2002,3.2,46089
2002,5.9,46091
2002,2.9,46093
2002,4.5,46095
2002,5,46097
2002,2.7,46099
2002,4.5,46101
2002,7.3,46102
2002,3,46103
2002,3,46105
2002,3.2,46107
2002,4.9,46109
2002,2.7,46111
2002,3.5,46115
2002,2.3,46117
2002,2,46119
2002,5.5,46121
2002,3.9,46123
2002,2.8,46125
2002,3.8,46127
2002,3.8,46129
2002,3.1,46135
2002,6.3,46137
2002,5.2,47000
2002,4.7,47001
2002,5.4,47003
2002,7.3,47005
2002,5.7,47007
2002,4.2,47009
2002,4.8,47011
2002,6.5,47013
2002,4.6,47015
2002,9,47017
2002,6.4,47019
2002,3.9,47021
2002,6.2,47023
2002,5.5,47025
2002,7.1,47027
2002,7.5,47029
2002,4.9,47031
2002,7.1,47033
2002,6.1,47035
2002,4.3,47037
2002,8,47039
2002,5,47041
2002,4.8,47043
2002,6.9,47045
2002,6,47047
2002,7.5,47049
2002,4.8,47051
2002,7.7,47053
2002,7.5,47055
2002,7.4,47057
2002,6.6,47059
2002,6.5,47061
2002,5.8,47063
2002,4.3,47065
2002,7.7,47067
2002,7.4,47069
2002,7.4,47071
2002,5.6,47073
2002,8,47075
2002,8,47077
2002,6.5,47079
2002,5.9,47081
2002,7.3,47083
2002,6.5,47085
2002,6.8,47087
2002,6.3,47089
2002,8.4,47091
2002,3.6,47093
2002,6.7,47095
2002,8.2,47097
2002,8.6,47099
2002,7,47101
2002,4.5,47103
2002,4.8,47105
2002,7.5,47107
2002,6.4,47109
2002,5.5,47111
2002,5.8,47113
2002,6.2,47115
2002,5.2,47117
2002,4.7,47119
2002,7.9,47121
2002,7.9,47123
2002,5.1,47125
2002,3.5,47127
2002,9.3,47129
2002,4.9,47131
2002,6.3,47133
2002,7.2,47135
2002,9.5,47137
2002,5.8,47139
2002,5.4,47141
2002,5.7,47143
2002,5.4,47145
2002,4.9,47147
2002,4.1,47149
2002,10.6,47151
2002,4.9,47153
2002,5.9,47155
2002,5.2,47157
2002,5,47159
2002,6.4,47161
2002,5.1,47163
2002,4.5,47165
2002,5.5,47167
2002,5.1,47169
2002,6.8,47171
2002,4.6,47173
2002,6.9,47175
2002,6.5,47177
2002,5.3,47179
2002,8.8,47181
2002,6.2,47183
2002,6.6,47185
2002,3.4,47187
2002,4.2,47189
2002,6.4,48000
2002,7.5,48001
2002,5.5,48003
2002,6.6,48005
2002,7,48007
2002,4,48009
2002,4.5,48011
2002,6,48013
2002,5.3,48015
2002,5.4,48017
2002,5.1,48019
2002,6.3,48021
2002,6.1,48023
2002,7.2,48025
2002,5.8,48027
2002,5.8,48029
2002,4.8,48031
2002,3.9,48033
2002,6.3,48035
2002,6.1,48037
2002,6.4,48039
2002,4.3,48041
2002,4.8,48043
2002,5,48045
2002,7.6,48047
2002,5.9,48049
2002,5.2,48051
2002,5.3,48053
2002,6.7,48055
2002,7.7,48057
2002,5,48059
2002,9,48061
2002,6.6,48063
2002,4.6,48065
2002,8.1,48067
2002,4.8,48069
2002,5.2,48071
2002,5.8,48073
2002,5.9,48075
2002,4.7,48077
2002,6.9,48079
2002,5.5,48081
2002,6.6,48083
2002,6.1,48085
2002,4.3,48087
2002,5,48089
2002,5.7,48091
2002,4.6,48093
2002,6,48095
2002,5.8,48097
2002,6.9,48099
2002,5.2,48101
2002,7.4,48103
2002,4.5,48105
2002,5.5,48107
2002,6,48109
2002,3.7,48111
2002,7.4,48113
2002,7.1,48115
2002,5.9,48117
2002,6.3,48119
2002,5,48121
2002,5.7,48123
2002,5.4,48125
2002,9.2,48127
2002,4.9,48129
2002,9.2,48131
2002,5.9,48133
2002,6.6,48135
2002,5.1,48137
2002,5.8,48139
2002,8.2,48141
2002,4.6,48143
2002,6.1,48145
2002,7.8,48147
2002,4.5,48149
2002,5.6,48151
2002,6.6,48153
2002,5.6,48155
2002,5.2,48157
2002,4.8,48159
2002,5.7,48161
2002,7.7,48163
2002,4.9,48165
2002,6.5,48167
2002,5.4,48169
2002,4.1,48171
2002,3.8,48173
2002,5.2,48175
2002,5,48177
2002,6.1,48179
2002,6.6,48181
2002,7,48183
2002,7.7,48185
2002,5.3,48187
2002,5.6,48189
2002,6.2,48191
2002,4.4,48193
2002,3.6,48195
2002,5.5,48197
2002,7.3,48199
2002,6.1,48201
2002,6.6,48203
2002,3.7,48205
2002,5.2,48207
2002,5.5,48209
2002,3.2,48211
2002,5.8,48213
2002,10.5,48215
2002,6.7,48217
2002,5.1,48219
2002,5.8,48221
2002,5.4,48223
2002,6.6,48225
2002,6.3,48227
2002,7.7,48229
2002,6.3,48231
2002,6.6,48233
2002,3.5,48235
2002,4.8,48237
2002,5.9,48239
2002,9.3,48241
2002,4.5,48243
2002,7.8,48245
2002,6.2,48247
2002,7.1,48249
2002,6,48251
2002,6.2,48253
2002,6.9,48255
2002,7.4,48257
2002,4.9,48259
2002,4.7,48261
2002,4.1,48263
2002,5.1,48265
2002,4.1,48267
2002,2.8,48269
2002,8,48271
2002,6.3,48273
2002,5.1,48275
2002,6.9,48277
2002,5.5,48279
2002,5.2,48281
2002,8.4,48283
2002,4.2,48285
2002,5,48287
2002,6.8,48289
2002,8.2,48291
2002,5.7,48293
2002,4.3,48295
2002,5.4,48297
2002,5.7,48299
2002,6.3,48301
2002,4.4,48303
2002,4.9,48305
2002,5.6,48307
2002,5.7,48309
2002,4.4,48311
2002,6,48313
2002,7.4,48315
2002,4.7,48317
2002,3.5,48319
2002,9.2,48321
2002,19.6,48323
2002,5.3,48325
2002,5,48327
2002,4.8,48329
2002,6.1,48331
2002,4.4,48333
2002,7.3,48335
2002,6,48337
2002,5.1,48339
2002,4.1,48341
2002,9.5,48343
2002,4.1,48345
2002,5.5,48347
2002,6.8,48349
2002,11.7,48351
2002,5.5,48353
2002,6.1,48355
2002,4,48357
2002,4,48359
2002,8.6,48361
2002,6.1,48363
2002,6.8,48365
2002,5.3,48367
2002,4.1,48369
2002,6.4,48371
2002,7.8,48373
2002,6.4,48375
2002,15.7,48377
2002,6.7,48379
2002,3,48381
2002,4.2,48383
2002,6.7,48385
2002,8,48387
2002,14.1,48389
2002,5.1,48391
2002,3.3,48393
2002,5.6,48395
2002,5.6,48397
2002,4.9,48399
2002,6.6,48401
2002,12.8,48403
2002,7.1,48405
2002,6.3,48407
2002,6.8,48409
2002,4.9,48411
2002,4.8,48413
2002,6.2,48415
2002,4.1,48417
2002,6.8,48419
2002,3.4,48421
2002,5.6,48423
2002,5.7,48425
2002,16.6,48427
2002,6.5,48429
2002,3.8,48431
2002,4.2,48433
2002,3.8,48435
2002,4.8,48437
2002,6,48439
2002,4.9,48441
2002,5.9,48443
2002,5.8,48445
2002,4.2,48447
2002,5.5,48449
2002,4.8,48451
2002,6,48453
2002,7,48455
2002,9.1,48457
2002,6.3,48459
2002,5.5,48461
2002,7.4,48463
2002,7.1,48465
2002,5.8,48467
2002,5.6,48469
2002,5.8,48471
2002,5.9,48473
2002,7.6,48475
2002,4.6,48477
2002,7.3,48479
2002,5.8,48481
2002,4.6,48483
2002,5.9,48485
2002,4.7,48487
2002,12.6,48489
2002,5.6,48491
2002,5.2,48493
2002,8.7,48495
2002,5.4,48497
2002,6.4,48499
2002,5.4,48501
2002,5.9,48503
2002,8.7,48505
2002,14.4,48507
2002,5.8,49000
2002,4.7,49001
2002,5.6,49003
2002,4.2,49005
2002,7,49007
2002,4.9,49009
2002,5,49011
2002,6.7,49013
2002,7.1,49015
2002,9.4,49017
2002,7.5,49019
2002,5.3,49021
2002,7.5,49023
2002,5.3,49025
2002,4.6,49027
2002,5.4,49029
2002,6.3,49031
2002,4.1,49033
2002,5.9,49035
2002,8.6,49037
2002,6.6,49039
2002,5.7,49041
2002,6.5,49043
2002,6.3,49045
2002,6,49047
2002,5.8,49049
2002,6.3,49051
2002,5.3,49053
2002,6.4,49055
2002,6.2,49057
2002,4,50000
2002,3.6,50001
2002,4.7,50003
2002,4.9,50005
2002,3.5,50007
2002,5.5,50009
2002,4.2,50011
2002,4.9,50013
2002,4.2,50015
2002,3.7,50017
2002,6.1,50019
2002,4.1,50021
2002,4.2,50023
2002,3.4,50025
2002,3.5,50027
2002,4.2,51000
2002,4.2,51001
2002,3.1,51003
2002,5.3,51005
2002,3.9,51007
2002,5.5,51009
2002,5.7,51011
2002,3,51013
2002,3.5,51015
2002,4.4,51017
2002,4.7,51019
2002,5.3,51021
2002,3.7,51023
2002,6.4,51025
2002,7.1,51027
2002,3.9,51029
2002,5.7,51031
2002,4.3,51033
2002,6.6,51035
2002,5.2,51036
2002,7.5,51037
2002,3.4,51041
2002,3,51043
2002,4.1,51045
2002,3.8,51047
2002,3.7,51049
2002,7.9,51051
2002,4,51053
2002,4.4,51057
2002,3.4,51059
2002,3.1,51061
2002,4.4,51063
2002,3.2,51065
2002,5.2,51067
2002,3.5,51069
2002,6.1,51071
2002,3.2,51073
2002,3.4,51075
2002,8,51077
2002,3.5,51079
2002,4.6,51081
2002,10.3,51083
2002,3.3,51085
2002,3.7,51087
2002,10.1,51089
2002,3.9,51091
2002,3.5,51093
2002,3.3,51095
2002,4.4,51097
2002,3.1,51099
2002,3.6,51101
2002,6.4,51103
2002,5.7,51105
2002,3.7,51107
2002,4.4,51109
2002,5.6,51111
2002,4.3,51113
2002,4,51115
2002,10.2,51117
2002,3.3,51119
2002,4,51121
2002,3.6,51125
2002,3.6,51127
2002,5.1,51131
2002,6,51133
2002,4.4,51135
2002,4.5,51137
2002,6.2,51139
2002,8.4,51141
2002,7,51143
2002,3.2,51145
2002,5.9,51147
2002,3.9,51149
2002,3.4,51153
2002,6.3,51155
2002,3.4,51157
2002,5.7,51159
2002,3.3,51161
2002,3.5,51163
2002,3.5,51165
2002,6.4,51167
2002,5.3,51169
2002,3.1,51171
2002,8.1,51173
2002,4.2,51175
2002,2.9,51177
2002,3,51179
2002,4.5,51181
2002,5.8,51183
2002,5.8,51185
2002,4,51187
2002,6.1,51191
2002,4.8,51193
2002,5.9,51195
2002,6.3,51197
2002,3.1,51199
2002,3.4,51510
2002,5,51520
2002,4.6,51530
2002,3.9,51540
2002,3.7,51550
2002,4.3,51570
2002,6.3,51580
2002,8.6,51590
2002,5.1,51595
2002,2.2,51600
2002,3.4,51610
2002,4.8,51620
2002,5.5,51630
2002,8,51640
2002,4.9,51650
2002,3.7,51660
2002,6.2,51670
2002,5.6,51678
2002,5.9,51680
2002,4.3,51683
2002,2.8,51685
2002,12.6,51690
2002,4.6,51700
2002,5.2,51710
2002,4.9,51720
2002,7.5,51730
2002,2.8,51735
2002,5.3,51740
2002,5.2,51750
2002,5.7,51760
2002,5,51770
2002,3.9,51775
2002,3.9,51790
2002,4.3,51800
2002,3.6,51810
2002,4.8,51820
2002,7.3,51830
2002,4,51840
2002,7.4,53000
2002,9.2,53001
2002,7,53003
2002,6.3,53005
2002,8.8,53007
2002,8.8,53009
2002,9.3,53011
2002,10.3,53013
2002,10.8,53015
2002,7.6,53017
2002,10.7,53019
2002,8.7,53021
2002,6.4,53023
2002,9.6,53025
2002,9.6,53027
2002,7.4,53029
2002,7.9,53031
2002,6.1,53033
2002,6.8,53035
2002,7.3,53037
2002,11.5,53039
2002,9.4,53041
2002,7,53043
2002,8.5,53045
2002,10.2,53047
2002,9.3,53049
2002,9.8,53051
2002,8.1,53053
2002,5.9,53055
2002,8.4,53057
2002,10.1,53059
2002,7.1,53061
2002,7.8,53063
2002,10.1,53065
2002,6.5,53067
2002,10.2,53069
2002,7,53071
2002,7,53073
2002,4.9,53075
2002,9.8,53077
2002,5.9,54000
2002,7.3,54001
2002,4.7,54003
2002,7.6,54005
2002,7.6,54007
2002,5.9,54009
2002,5.3,54011
2002,10.9,54013
2002,10.2,54015
2002,6.6,54017
2002,7.3,54019
2002,6.8,54021
2002,6.4,54023
2002,6.7,54025
2002,4.7,54027
2002,5.3,54029
2002,4.1,54031
2002,5.9,54033
2002,6.4,54035
2002,3.9,54037
2002,5.3,54039
2002,6.6,54041
2002,8.3,54043
2002,7.5,54045
2002,9.7,54047
2002,6,54049
2002,6.7,54051
2002,8.4,54053
2002,5.6,54055
2002,6.6,54057
2002,8.6,54059
2002,4.4,54061
2002,5,54063
2002,4.4,54065
2002,7.2,54067
2002,5.2,54069
2002,4.6,54071
2002,7,54073
2002,6.9,54075
2002,6.2,54077
2002,5,54079
2002,5.8,54081
2002,6.7,54083
2002,7.1,54085
2002,9,54087
2002,7.3,54089
2002,5.8,54091
2002,7.8,54093
2002,6.8,54095
2002,6.4,54097
2002,6.3,54099
2002,6.7,54101
2002,8.1,54103
2002,8,54105
2002,5.6,54107
2002,6.7,54109
2002,5.4,55000
2002,5.8,55001
2002,7.4,55003
2002,5.4,55005
2002,6.4,55007
2002,5.1,55009
2002,5,55011
2002,5.9,55013
2002,5.1,55015
2002,6.5,55017
2002,6,55019
2002,5.2,55021
2002,5.6,55023
2002,3.4,55025
2002,5.6,55027
2002,5.2,55029
2002,6,55031
2002,4.8,55033
2002,4.6,55035
2002,6.3,55037
2002,5,55039
2002,7.1,55041
2002,4.9,55043
2002,5,55045
2002,6.5,55047
2002,4.2,55049
2002,9.1,55051
2002,6.1,55053
2002,4.8,55055
2002,7.4,55057
2002,6.1,55059
2002,5.1,55061
2002,4.4,55063
2002,5.2,55065
2002,6.7,55067
2002,6.1,55069
2002,6.1,55071
2002,4.8,55073
2002,6.8,55075
2002,7.4,55077
2002,12.5,55078
2002,6.7,55079
2002,4.9,55081
2002,6.3,55083
2002,6.6,55085
2002,5.4,55087
2002,4.4,55089
2002,5.1,55091
2002,4.3,55093
2002,6.2,55095
2002,5,55097
2002,5.3,55099
2002,6.5,55101
2002,4.6,55103
2002,6.2,55105
2002,6.7,55107
2002,5.6,55109
2002,4.5,55111
2002,6.3,55113
2002,5.4,55115
2002,4.9,55117
2002,5.3,55119
2002,5.5,55121
2002,5.4,55123
2002,6,55125
2002,4.9,55127
2002,6.9,55129
2002,4.9,55131
2002,4.7,55133
2002,5.4,55135
2002,6.3,55137
2002,4.9,55139
2002,5.8,55141
2002,4,56000
2002,3.3,56001
2002,5.3,56003
2002,3,56005
2002,4.5,56007
2002,4.2,56009
2002,3.6,56011
2002,5.2,56013
2002,4.2,56015
2002,4.6,56017
2002,3.9,56019
2002,4.2,56021
2002,4.6,56023
2002,4,56025
2002,4.5,56027
2002,4.4,56029
2002,4.7,56031
2002,4,56033
2002,2.9,56035
2002,4.1,56037
2002,3,56039
2002,4.2,56041
2002,5,56043
2002,4,56045
2002,12.3,72000
2002,14,72001
2002,15,72003
2002,15.3,72005
2002,13.3,72007
2002,14.3,72009
2002,16.2,72011
2002,13.5,72013
2002,17.1,72015
2002,15.7,72017
2002,13.2,72019
2002,9.2,72021
2002,11.2,72023
2002,11.4,72025
2002,16.2,72027
2002,14.4,72029
2002,9.5,72031
2002,11.8,72033
2002,13.3,72035
2002,14.5,72037
2002,18.3,72039
2002,12,72041
2002,13.6,72043
2002,16.6,72045
2002,11.5,72047
2002,6.6,72049
2002,9.7,72051
2002,15.7,72053
2002,16.1,72054
2002,18.5,72055
2002,16.5,72057
2002,17,72059
2002,6.8,72061
2002,11,72063
2002,14,72065
2002,11.5,72067
2002,14.6,72069
2002,15.3,72071
2002,13.2,72073
2002,14.1,72075
2002,13.2,72077
2002,14.5,72079
2002,15.2,72081
2002,15,72083
2002,14,72085
2002,14.2,72087
2002,18.7,72089
2002,15.5,72091
2002,14.5,72093
2002,19.4,72095
2002,15.4,72097
2002,15.5,72099
2002,15.2,72101
2002,16.7,72103
2002,11.5,72105
2002,16.7,72107
2002,17.6,72109
2002,16.7,72111
2002,12.7,72113
2002,18.5,72115
2002,14.9,72117
2002,13.1,72119
2002,14.8,72121
2002,17.5,72123
2002,14.7,72125
2002,8.7,72127
2002,12.1,72129
2002,17.7,72131
2002,13.5,72133
2002,8.5,72135
2002,9.2,72137
2002,8.1,72139
2002,16.1,72141
2002,11.3,72143
2002,12.9,72145
2002,17.8,72147
2002,15.8,72149
2002,19.9,72151
2002,14,72153
2003,5.983543986,0
2003,6,1000
2003,5.1,1001
2003,5,1003
2003,7.1,1005
2003,6,1007
2003,4.6,1009
2003,11,1011
2003,8.7,1013
2003,6,1015
2003,6.4,1017
2003,4.9,1019
2003,5,1021
2003,10,1023
2003,8.6,1025
2003,7.3,1027
2003,6.1,1029
2003,5.5,1031
2003,7.5,1033
2003,8.6,1035
2003,8.2,1037
2003,7,1039
2003,6.8,1041
2003,5.8,1043
2003,5.3,1045
2003,11.4,1047
2003,5.8,1049
2003,5.1,1051
2003,8.6,1053
2003,6.5,1055
2003,6.9,1057
2003,9.6,1059
2003,5.6,1061
2003,8.5,1063
2003,8.5,1065
2003,5.8,1067
2003,4.9,1069
2003,7,1071
2003,5.5,1073
2003,8.8,1075
2003,7.3,1077
2003,6.7,1079
2003,4.7,1081
2003,5.5,1083
2003,9.2,1085
2003,7,1087
2003,4.8,1089
2003,6.3,1091
2003,7.2,1093
2003,5.6,1095
2003,7,1097
2003,8.4,1099
2003,5.8,1101
2003,6.6,1103
2003,10.7,1105
2003,8.1,1107
2003,5.8,1109
2003,7.5,1111
2003,7.5,1113
2003,5.2,1115
2003,3.5,1117
2003,10.1,1119
2003,7.7,1121
2003,6.9,1123
2003,4.9,1125
2003,6.5,1127
2003,10.4,1129
2003,12.4,1131
2003,9.5,1133
2003,7.8,2000
2003,9.8,2013
2003,6.4,2016
2003,6.3,2020
2003,12.3,2050
2003,6.3,2060
2003,8.9,2068
2003,11.2,2070
2003,7,2090
2003,11.8,2100
2003,,2105
2003,5.8,2110
2003,10.2,2122
2003,8.1,2130
2003,9.8,2150
2003,18.1,2158
2003,8.2,2164
2003,8.8,2170
2003,10.9,2180
2003,10.3,2185
2003,13.3,2188
2003,,2195
2003,,2198
2003,14.6,2201
2003,6.2,2220
2003,,2230
2003,12,2232
2003,13,2240
2003,10.2,2261
2003,,2275
2003,12.3,2280
2003,11.3,2282
2003,13.6,2290
2003,5.7,4000
2003,11.8,4001
2003,5.7,4003
2003,5.7,4005
2003,7.3,4007
2003,7,4009
2003,7,4011
2003,7.1,4012
2003,5.2,4013
2003,4.9,4015
2003,8.6,4017
2003,5.3,4019
2003,7,4021
2003,9.5,4023
2003,5.1,4025
2003,16.9,4027
2003,5.9,5000
2003,5.6,5001
2003,9.5,5003
2003,6.7,5005
2003,3.6,5007
2003,5.8,5009
2003,7.3,5011
2003,7.9,5013
2003,4.9,5015
2003,10.6,5017
2003,6.4,5019
2003,8.1,5021
2003,5.7,5023
2003,6.2,5025
2003,6.8,5027
2003,6.3,5029
2003,5.6,5031
2003,5.4,5033
2003,6.8,5035
2003,7.5,5037
2003,8,5039
2003,9,5041
2003,8,5043
2003,5.5,5045
2003,4.9,5047
2003,6.3,5049
2003,6.4,5051
2003,5.6,5053
2003,6.8,5055
2003,5.4,5057
2003,6.7,5059
2003,6.1,5061
2003,6.5,5063
2003,7.9,5065
2003,9,5067
2003,8,5069
2003,5.5,5071
2003,6,5073
2003,8.5,5075
2003,11.7,5077
2003,8.2,5079
2003,4.9,5081
2003,5.7,5083
2003,4.9,5085
2003,4,5087
2003,6.5,5089
2003,5.1,5091
2003,12,5093
2003,7.6,5095
2003,5.6,5097
2003,5.1,5099
2003,5.8,5101
2003,8,5103
2003,6.9,5105
2003,8.8,5107
2003,5.5,5109
2003,7.4,5111
2003,7.7,5113
2003,5.8,5115
2003,5.3,5117
2003,5.3,5119
2003,9.6,5121
2003,9.4,5123
2003,4.9,5125
2003,4.9,5127
2003,5.6,5129
2003,5,5131
2003,4.7,5133
2003,8.7,5135
2003,7.6,5137
2003,8,5139
2003,7.2,5141
2003,3.9,5143
2003,6.4,5145
2003,9.7,5147
2003,5.3,5149
2003,6.8,6000
2003,6.8,6001
2003,8.3,6003
2003,6.1,6005
2003,7.5,6007
2003,7.3,6009
2003,14.3,6011
2003,6.1,6013
2003,8.5,6015
2003,5.5,6017
2003,11.7,6019
2003,10.2,6021
2003,6.8,6023
2003,15.5,6025
2003,5.7,6027
2003,10.3,6029
2003,11.9,6031
2003,9.1,6033
2003,7.6,6035
2003,7,6037
2003,10.3,6039
2003,4.9,6041
2003,6.9,6043
2003,6.8,6045
2003,11.4,6047
2003,8.7,6049
2003,5,6051
2003,8.9,6053
2003,4.8,6055
2003,5.5,6057
2003,4.7,6059
2003,5.1,6061
2003,9.8,6063
2003,6.5,6065
2003,5.8,6067
2003,9.9,6069
2003,6.2,6071
2003,5.2,6073
2003,6.7,6075
2003,9.1,6077
2003,4.7,6079
2003,5.8,6081
2003,5,6083
2003,8.3,6085
2003,7.7,6087
2003,7.5,6089
2003,9.3,6091
2003,9.5,6093
2003,6.3,6095
2003,5.4,6097
2003,9.8,6099
2003,11.1,6101
2003,7.6,6103
2003,10.4,6105
2003,12.2,6107
2003,7,6109
2003,5.7,6111
2003,6.3,6113
2003,10.7,6115
2003,6,8000
2003,7,8001
2003,5.7,8003
2003,6.1,8005
2003,5.7,8007
2003,3.7,8009
2003,7.6,8011
2003,5.6,8013
2003,6.2,8014
2003,5.6,8015
2003,3.4,8017
2003,5.5,8019
2003,6.9,8021
2003,10.1,8023
2003,8.5,8025
2003,5,8027
2003,5.8,8029
2003,7,8031
2003,8.1,8033
2003,5.1,8035
2003,4.7,8037
2003,5.4,8039
2003,6.1,8041
2003,7.4,8043
2003,4.9,8045
2003,5.8,8047
2003,4.1,8049
2003,4.7,8051
2003,4.1,8053
2003,8.4,8055
2003,5,8057
2003,5.7,8059
2003,5.1,8061
2003,4.3,8063
2003,6,8065
2003,4.4,8067
2003,5,8069
2003,5.9,8071
2003,4.4,8073
2003,4.2,8075
2003,5.4,8077
2003,4.9,8079
2003,5.7,8081
2003,5.7,8083
2003,5.8,8085
2003,4.7,8087
2003,6.4,8089
2003,4.4,8091
2003,5.4,8093
2003,3.8,8095
2003,5.1,8097
2003,4.9,8099
2003,7.3,8101
2003,3.9,8103
2003,5.9,8105
2003,4.4,8107
2003,6.7,8109
2003,6.4,8111
2003,5.5,8113
2003,4.3,8115
2003,4.7,8117
2003,6.1,8119
2003,3.5,8121
2003,5.7,8123
2003,3,8125
2003,5.4,9000
2003,4.9,9001
2003,6,9003
2003,5,9005
2003,4.8,9007
2003,5.8,9009
2003,4.8,9011
2003,4.4,9013
2003,6,9015
2003,4.3,10000
2003,4.3,10001
2003,4.4,10003
2003,3.7,10005
2003,6.8,11000
2003,6.8,11001
2003,5.2,12000
2003,3.7,12001
2003,4.8,12003
2003,5.3,12005
2003,4.1,12007
2003,5.3,12009
2003,5.5,12011
2003,4.9,12013
2003,5.5,12015
2003,6.3,12017
2003,4.6,12019
2003,5,12021
2003,4.8,12023
2003,5.8,12027
2003,5.2,12029
2003,5.5,12031
2003,5,12033
2003,5.8,12035
2003,4.5,12037
2003,5.3,12039
2003,4.5,12041
2003,5.6,12043
2003,4.8,12045
2003,5.6,12047
2003,6.8,12049
2003,8.6,12051
2003,6.5,12053
2003,5.7,12055
2003,5.2,12057
2003,4.9,12059
2003,7,12061
2003,4.3,12063
2003,4.4,12065
2003,4.2,12067
2003,5.3,12069
2003,4.7,12071
2003,4.2,12073
2003,5.5,12075
2003,3.8,12077
2003,5.1,12079
2003,4.8,12081
2003,5.5,12083
2003,5.5,12085
2003,4.6,12086
2003,3.4,12087
2003,4.9,12089
2003,3.8,12091
2003,6.8,12093
2003,5.3,12095
2003,5.5,12097
2003,5.9,12099
2003,5.8,12101
2003,5.4,12103
2003,5.7,12105
2003,5.7,12107
2003,4.3,12109
2003,6.8,12111
2003,4.7,12113
2003,4.7,12115
2003,5.2,12117
2003,5.3,12119
2003,4.7,12121
2003,6.8,12123
2003,3.8,12125
2003,5.3,12127
2003,4.2,12129
2003,3.8,12131
2003,5.4,12133
2003,4.8,13000
2003,6.7,13001
2003,6,13003
2003,5.4,13005
2003,4.9,13007
2003,4.7,13009
2003,3.9,13011
2003,4.7,13013
2003,5.3,13015
2003,6.7,13017
2003,3.4,13019
2003,4.8,13021
2003,5,13023
2003,5.4,13025
2003,3.4,13027
2003,3.6,13029
2003,4.2,13031
2003,8.3,13033
2003,5.2,13035
2003,6.5,13037
2003,5.4,13039
2003,4.4,13043
2003,5.2,13045
2003,3.3,13047
2003,5.4,13049
2003,4.3,13051
2003,8.2,13053
2003,4.4,13055
2003,4.1,13057
2003,3.8,13059
2003,4.4,13061
2003,5.9,13063
2003,5.9,13065
2003,4.4,13067
2003,7,13069
2003,5.3,13071
2003,3.5,13073
2003,5.3,13075
2003,4.5,13077
2003,4.7,13079
2003,5.7,13081
2003,4.3,13083
2003,3.9,13085
2003,5.7,13087
2003,5.5,13089
2003,5.3,13091
2003,6,13093
2003,5.7,13095
2003,4.7,13097
2003,5.7,13099
2003,3.1,13101
2003,3.9,13103
2003,5.7,13105
2003,5,13107
2003,4.2,13109
2003,6.3,13111
2003,3.7,13113
2003,4.7,13115
2003,3.8,13117
2003,5.3,13119
2003,5.4,13121
2003,4.3,13123
2003,5,13125
2003,4,13127
2003,4.7,13129
2003,4.5,13131
2003,6.4,13133
2003,4.4,13135
2003,4,13137
2003,4,13139
2003,7.4,13141
2003,4.9,13143
2003,3.7,13145
2003,5.1,13147
2003,6.2,13149
2003,4.3,13151
2003,3.7,13153
2003,6,13155
2003,4.5,13157
2003,5.1,13159
2003,7.6,13161
2003,8.2,13163
2003,6.2,13165
2003,7,13167
2003,4,13169
2003,5.3,13171
2003,3.5,13173
2003,6,13175
2003,3.4,13177
2003,5.2,13179
2003,7.4,13181
2003,3.7,13183
2003,3.5,13185
2003,4.1,13187
2003,6.3,13189
2003,4.4,13191
2003,7.8,13193
2003,4,13195
2003,5.6,13197
2003,6.4,13199
2003,4.9,13201
2003,5.6,13205
2003,4.1,13207
2003,5.8,13209
2003,4.2,13211
2003,4.1,13213
2003,5.3,13215
2003,5.3,13217
2003,2.9,13219
2003,4.1,13221
2003,4.1,13223
2003,5.8,13225
2003,4.4,13227
2003,4.3,13229
2003,5.2,13231
2003,4.7,13233
2003,4.4,13235
2003,4.5,13237
2003,5.1,13239
2003,3.7,13241
2003,7.5,13243
2003,5.5,13245
2003,4.9,13247
2003,5.6,13249
2003,5.5,13251
2003,5.4,13253
2003,6.3,13255
2003,5.9,13257
2003,7.3,13259
2003,5.6,13261
2003,5.9,13263
2003,7.6,13265
2003,5,13267
2003,6,13269
2003,8.5,13271
2003,5.3,13273
2003,4.3,13275
2003,4.4,13277
2003,6.1,13279
2003,3.7,13281
2003,6.9,13283
2003,5.4,13285
2003,6.4,13287
2003,5.3,13289
2003,4.2,13291
2003,6.3,13293
2003,4.3,13295
2003,4.3,13297
2003,5.2,13299
2003,9.9,13301
2003,6,13303
2003,5.2,13305
2003,5.2,13307
2003,6.2,13309
2003,3.8,13311
2003,4.2,13313
2003,6.5,13315
2003,7.6,13317
2003,5.5,13319
2003,4.9,13321
2003,4.1,15000
2003,4.9,15001
2003,4,15003
2003,4.2,15007
2003,4,15009
2003,5.6,16000
2003,4.9,16001
2003,12.4,16003
2003,5.3,16005
2003,5.7,16007
2003,11.1,16009
2003,4.7,16011
2003,4.4,16013
2003,5.6,16015
2003,7.8,16017
2003,3.7,16019
2003,9.1,16021
2003,6.5,16023
2003,5.3,16025
2003,6.4,16027
2003,6.8,16029
2003,6.2,16031
2003,5.8,16033
2003,12,16035
2003,6.4,16037
2003,6.4,16039
2003,4.4,16041
2003,5.2,16043
2003,6.4,16045
2003,4.2,16047
2003,9.1,16049
2003,3.9,16051
2003,4.7,16053
2003,6.8,16055
2003,4.7,16057
2003,7.7,16059
2003,4.5,16061
2003,5.8,16063
2003,3.1,16065
2003,7.6,16067
2003,5.5,16069
2003,4,16071
2003,2.9,16073
2003,8.9,16075
2003,7.1,16077
2003,12.6,16079
2003,3.7,16081
2003,4.5,16083
2003,8.3,16085
2003,8,16087
2003,6.8,17000
2003,5.3,17001
2003,10.6,17003
2003,6.2,17005
2003,8,17007
2003,4.3,17009
2003,7.2,17011
2003,7.2,17013
2003,8,17015
2003,5.7,17017
2003,4.5,17019
2003,6.7,17021
2003,7.1,17023
2003,7.1,17025
2003,5.7,17027
2003,5.8,17029
2003,7.5,17031
2003,7.3,17033
2003,6.8,17035
2003,5.7,17037
2003,6.5,17039
2003,5.3,17041
2003,5.6,17043
2003,6,17045
2003,5,17047
2003,5.9,17049
2003,7.8,17051
2003,5.2,17053
2003,8.8,17055
2003,7.8,17057
2003,8.7,17059
2003,6,17061
2003,8,17063
2003,7,17065
2003,7,17067
2003,8.8,17069
2003,7.3,17071
2003,6,17073
2003,6,17075
2003,5.4,17077
2003,6.8,17079
2003,6.2,17081
2003,5.8,17083
2003,5.6,17085
2003,6.8,17087
2003,6.7,17089
2003,7.3,17091
2003,5.8,17093
2003,7.7,17095
2003,5.8,17097
2003,7.8,17099
2003,6.1,17101
2003,6.2,17103
2003,5.8,17105
2003,6.7,17107
2003,5.8,17109
2003,6,17111
2003,4.1,17113
2003,7.7,17115
2003,6.6,17117
2003,6.2,17119
2003,9.2,17121
2003,5.7,17123
2003,8.1,17125
2003,6.3,17127
2003,4.8,17129
2003,7.1,17131
2003,4.6,17133
2003,8.7,17135
2003,5.8,17137
2003,5.5,17139
2003,6.9,17141
2003,6.5,17143
2003,7.9,17145
2003,5,17147
2003,6,17149
2003,8.2,17151
2003,9.5,17153
2003,7.3,17155
2003,6.1,17157
2003,7,17159
2003,6,17161
2003,7.1,17163
2003,7.6,17165
2003,5.4,17167
2003,5.6,17169
2003,6.2,17171
2003,6.4,17173
2003,7.6,17175
2003,7.1,17177
2003,5.8,17179
2003,7.9,17181
2003,8,17183
2003,6.1,17185
2003,6.3,17187
2003,5.3,17189
2003,6.3,17191
2003,5.6,17193
2003,7.1,17195
2003,6.7,17197
2003,6.8,17199
2003,8.1,17201
2003,4.7,17203
2003,5.3,18000
2003,4.3,18001
2003,5.3,18003
2003,4.8,18005
2003,5.4,18007
2003,7.4,18009
2003,4,18011
2003,5,18013
2003,6.1,18015
2003,6.2,18017
2003,4.9,18019
2003,5.8,18021
2003,5.3,18023
2003,6.8,18025
2003,4.1,18027
2003,5.2,18029
2003,4.6,18031
2003,5.7,18033
2003,6.3,18035
2003,3.6,18037
2003,4.7,18039
2003,8,18041
2003,4.6,18043
2003,5.7,18045
2003,5.8,18047
2003,6.1,18049
2003,4.6,18051
2003,7.5,18053
2003,6.3,18055
2003,3.3,18057
2003,4.1,18059
2003,4.9,18061
2003,4.1,18063
2003,6,18065
2003,6.8,18067
2003,5.4,18069
2003,4.7,18071
2003,5.7,18073
2003,7.4,18075
2003,4.8,18077
2003,6.4,18079
2003,4,18081
2003,4.4,18083
2003,4.4,18085
2003,4.5,18087
2003,6.1,18089
2003,6.8,18091
2003,7.1,18093
2003,6,18095
2003,5.4,18097
2003,5.4,18099
2003,5,18101
2003,7.3,18103
2003,4.2,18105
2003,4.3,18107
2003,4.8,18109
2003,5.3,18111
2003,6.2,18113
2003,4.9,18115
2003,7.9,18117
2003,5.6,18119
2003,5.8,18121
2003,5.4,18123
2003,5.3,18125
2003,5.1,18127
2003,4.3,18129
2003,5.6,18131
2003,5.5,18133
2003,6.9,18135
2003,4.6,18137
2003,4.9,18139
2003,5.3,18141
2003,6.5,18143
2003,4.8,18145
2003,5.2,18147
2003,7.3,18149
2003,6.5,18151
2003,6.8,18153
2003,4.4,18155
2003,4.7,18157
2003,5.4,18159
2003,5.1,18161
2003,4.7,18163
2003,6.5,18165
2003,6,18167
2003,5.7,18169
2003,4.9,18171
2003,4.2,18173
2003,5.7,18175
2003,6.6,18177
2003,4.7,18179
2003,7.4,18181
2003,5.6,18183
2003,4.5,19000
2003,4.1,19001
2003,5.1,19003
2003,5.6,19005
2003,5.4,19007
2003,4,19009
2003,4.8,19011
2003,4.6,19013
2003,3.5,19015
2003,3.9,19017
2003,4.6,19019
2003,3.6,19021
2003,5.1,19023
2003,4.2,19025
2003,2.9,19027
2003,5.1,19029
2003,3.8,19031
2003,4.3,19033
2003,4.2,19035
2003,6.1,19037
2003,8.1,19039
2003,4.2,19041
2003,6.2,19043
2003,5.5,19045
2003,3.9,19047
2003,3.3,19049
2003,4.9,19051
2003,5.8,19053
2003,5,19055
2003,6.7,19057
2003,4.7,19059
2003,4.3,19061
2003,5.4,19063
2003,5.1,19065
2003,5,19067
2003,4.6,19069
2003,3.4,19071
2003,3.9,19073
2003,3.8,19075
2003,4.1,19077
2003,4.4,19079
2003,3.7,19081
2003,5.2,19083
2003,4.7,19085
2003,6.7,19087
2003,4.4,19089
2003,4.2,19091
2003,3.9,19093
2003,3.8,19095
2003,6.1,19097
2003,5.1,19099
2003,5.5,19101
2003,3.1,19103
2003,5.2,19105
2003,4.6,19107
2003,4.5,19109
2003,7.7,19111
2003,4.9,19113
2003,4.7,19115
2003,5.3,19117
2003,3.6,19119
2003,4.5,19121
2003,4.9,19123
2003,4.6,19125
2003,5.3,19127
2003,3.8,19129
2003,3.7,19131
2003,5.2,19133
2003,5.7,19135
2003,5,19137
2003,4.3,19139
2003,3.9,19141
2003,3.8,19143
2003,4.8,19145
2003,3.9,19147
2003,3.8,19149
2003,5.7,19151
2003,4.2,19153
2003,4.7,19155
2003,4.7,19157
2003,4.7,19159
2003,4.1,19161
2003,4.8,19163
2003,3.7,19165
2003,3,19167
2003,2.9,19169
2003,8.1,19171
2003,4.5,19173
2003,5.7,19175
2003,5.7,19177
2003,5.6,19179
2003,3.7,19181
2003,3.8,19183
2003,4.6,19185
2003,4.7,19187
2003,3.8,19189
2003,4.3,19191
2003,4.7,19193
2003,4.1,19195
2003,4.6,19197
2003,5.5,20000
2003,4.8,20001
2003,5.5,20003
2003,5.5,20005
2003,3.6,20007
2003,4.4,20009
2003,4.7,20011
2003,4.5,20013
2003,6.2,20015
2003,4.2,20017
2003,5.2,20019
2003,7,20021
2003,3,20023
2003,3.3,20025
2003,4.4,20027
2003,3.6,20029
2003,5.9,20031
2003,2.9,20033
2003,6.7,20035
2003,5.6,20037
2003,3.2,20039
2003,4.6,20041
2003,7.2,20043
2003,3.9,20045
2003,3.7,20047
2003,6,20049
2003,3.1,20051
2003,4.2,20053
2003,3.7,20055
2003,3.4,20057
2003,5.6,20059
2003,6.1,20061
2003,2.9,20063
2003,3.3,20065
2003,3.6,20067
2003,3,20069
2003,3.7,20071
2003,5.8,20073
2003,3,20075
2003,4.3,20077
2003,5.1,20079
2003,2.9,20081
2003,4,20083
2003,6.1,20085
2003,5.1,20087
2003,2.9,20089
2003,5.1,20091
2003,3.9,20093
2003,5.3,20095
2003,3.2,20097
2003,6.6,20099
2003,3.9,20101
2003,6.1,20103
2003,5.1,20105
2003,6.7,20107
2003,3.2,20109
2003,4.4,20111
2003,3.7,20113
2003,4.6,20115
2003,3.7,20117
2003,3.1,20119
2003,5.1,20121
2003,3.9,20123
2003,6.7,20125
2003,4.2,20127
2003,3,20129
2003,3.3,20131
2003,4.8,20133
2003,3,20135
2003,4,20137
2003,5.8,20139
2003,3.9,20141
2003,4.4,20143
2003,3.8,20145
2003,3.4,20147
2003,4.1,20149
2003,3.3,20151
2003,3.6,20153
2003,5.2,20155
2003,4.7,20157
2003,4.2,20159
2003,3.5,20161
2003,5.5,20163
2003,4.3,20165
2003,4.2,20167
2003,4.6,20169
2003,2.9,20171
2003,6.8,20173
2003,3.8,20175
2003,5.2,20177
2003,2.7,20179
2003,3.1,20181
2003,3.5,20183
2003,4,20185
2003,2.9,20187
2003,3.4,20189
2003,7.7,20191
2003,3,20193
2003,3.4,20195
2003,4.2,20197
2003,2.7,20199
2003,3.8,20201
2003,3.5,20203
2003,5.3,20205
2003,6.4,20207
2003,10.8,20209
2003,6.1,21000
2003,5.9,21001
2003,6.8,21003
2003,4.6,21005
2003,7.8,21007
2003,5.2,21009
2003,7.8,21011
2003,8.6,21013
2003,4.8,21015
2003,5.7,21017
2003,6.9,21019
2003,8.5,21021
2003,6.1,21023
2003,8.6,21025
2003,6.9,21027
2003,5.6,21029
2003,9.6,21031
2003,5.9,21033
2003,7.6,21035
2003,5,21037
2003,7.9,21039
2003,6.8,21041
2003,8.9,21043
2003,6.7,21045
2003,6.6,21047
2003,5.7,21049
2003,10,21051
2003,9.2,21053
2003,6.9,21055
2003,7.3,21057
2003,6,21059
2003,7,21061
2003,8.2,21063
2003,7.4,21065
2003,4.6,21067
2003,5.9,21069
2003,8.1,21071
2003,4.6,21073
2003,11.1,21075
2003,5.7,21077
2003,5.7,21079
2003,5.9,21081
2003,7.4,21083
2003,9.2,21085
2003,6.3,21087
2003,6.9,21089
2003,7,21091
2003,5.5,21093
2003,9.7,21095
2003,5.7,21097
2003,6.2,21099
2003,5.5,21101
2003,5.3,21103
2003,8.8,21105
2003,6.6,21107
2003,7.6,21109
2003,6.1,21111
2003,4.6,21113
2003,6.8,21115
2003,4.8,21117
2003,6.5,21119
2003,7.6,21121
2003,5.1,21123
2003,6.6,21125
2003,8.8,21127
2003,8.9,21129
2003,9.6,21131
2003,10.1,21133
2003,7.8,21135
2003,7.8,21137
2003,6.9,21139
2003,6.2,21141
2003,8.4,21143
2003,6.3,21145
2003,9.6,21147
2003,7.5,21149
2003,5.2,21151
2003,11.8,21153
2003,5.6,21155
2003,7.5,21157
2003,8.2,21159
2003,5.8,21161
2003,6.3,21163
2003,9.1,21165
2003,6.2,21167
2003,5.4,21169
2003,7.1,21171
2003,6.5,21173
2003,9.5,21175
2003,8,21177
2003,6.1,21179
2003,6.6,21181
2003,7.5,21183
2003,4.4,21185
2003,4.9,21187
2003,8.5,21189
2003,6.2,21191
2003,8.9,21193
2003,7.8,21195
2003,9,21197
2003,6.8,21199
2003,5.9,21201
2003,5.6,21203
2003,5.3,21205
2003,7.4,21207
2003,5.4,21209
2003,5.1,21211
2003,5.6,21213
2003,4.5,21215
2003,5.7,21217
2003,4.4,21219
2003,5.9,21221
2003,5.6,21223
2003,6.2,21225
2003,5.4,21227
2003,5.7,21229
2003,6.6,21231
2003,6.6,21233
2003,7.3,21235
2003,9.6,21237
2003,4,21239
2003,6.4,22000
2003,6.8,22001
2003,8.7,22003
2003,6.8,22005
2003,6.8,22007
2003,8.6,22009
2003,7.3,22011
2003,8.8,22013
2003,6.4,22015
2003,7.2,22017
2003,6.4,22019
2003,9.9,22021
2003,5.5,22023
2003,9.8,22025
2003,7.6,22027
2003,11.5,22029
2003,8.6,22031
2003,5.9,22033
2003,13.3,22035
2003,7.5,22037
2003,8.1,22039
2003,9.9,22041
2003,7.9,22043
2003,6.5,22045
2003,9.2,22047
2003,8.7,22049
2003,5.2,22051
2003,5.9,22053
2003,4.9,22055
2003,4.9,22057
2003,8.9,22059
2003,6.9,22061
2003,6.9,22063
2003,11,22065
2003,10.1,22067
2003,7.6,22069
2003,6.3,22071
2003,6,22073
2003,6,22075
2003,7.6,22077
2003,6.5,22079
2003,9.6,22081
2003,8.8,22083
2003,7.4,22085
2003,6.2,22087
2003,5.6,22089
2003,7,22091
2003,10,22093
2003,7,22095
2003,7.6,22097
2003,6.1,22099
2003,7.5,22101
2003,4.8,22103
2003,7.2,22105
2003,9.2,22107
2003,5,22109
2003,7.4,22111
2003,6.7,22113
2003,6.6,22115
2003,7.9,22117
2003,8.4,22119
2003,7.1,22121
2003,13.5,22123
2003,7.8,22125
2003,8.6,22127
2003,5,23000
2003,5,23001
2003,6.1,23003
2003,3.5,23005
2003,5.9,23007
2003,5,23009
2003,5.1,23011
2003,4.2,23013
2003,4.2,23015
2003,5.8,23017
2003,5.9,23019
2003,7.9,23021
2003,3.9,23023
2003,7.7,23025
2003,5.6,23027
2003,8.7,23029
2003,4.6,23031
2003,4.4,24000
2003,6,24001
2003,3.8,24003
2003,4.7,24005
2003,3.5,24009
2003,5.1,24011
2003,3.6,24013
2003,5.1,24015
2003,3.4,24017
2003,6.8,24019
2003,3.5,24021
2003,5.2,24023
2003,4.3,24025
2003,3.3,24027
2003,4.9,24029
2003,3.3,24031
2003,4.7,24033
2003,3.8,24035
2003,3.5,24037
2003,6.5,24039
2003,4.3,24041
2003,4.9,24043
2003,4.8,24045
2003,6.5,24047
2003,7.3,24510
2003,5.7,25000
2003,5.2,25001
2003,5,25003
2003,6.5,25005
2003,4.2,25007
2003,6.3,25009
2003,4.5,25011
2003,6.5,25013
2003,4.2,25015
2003,5.2,25017
2003,2.5,25019
2003,5,25021
2003,5.5,25023
2003,6.5,25025
2003,6.1,25027
2003,7.2,26000
2003,12,26001
2003,7.9,26003
2003,6.6,26005
2003,9.2,26007
2003,8.6,26009
2003,9.8,26011
2003,10,26013
2003,6,26015
2003,7.6,26017
2003,8,26019
2003,7.4,26021
2003,6.9,26023
2003,7.2,26025
2003,5.1,26027
2003,8.2,26029
2003,10.2,26031
2003,8.9,26033
2003,9.3,26035
2003,4.7,26037
2003,7.7,26039
2003,8.4,26041
2003,6.8,26043
2003,4.9,26045
2003,7.7,26047
2003,8.3,26049
2003,9.5,26051
2003,8.5,26053
2003,6.3,26055
2003,7.2,26057
2003,7.7,26059
2003,7.1,26061
2003,9.5,26063
2003,5.7,26065
2003,7.1,26067
2003,10.3,26069
2003,7.4,26071
2003,5.2,26073
2003,8,26075
2003,5.5,26077
2003,8.2,26079
2003,7.3,26081
2003,10.4,26083
2003,10,26085
2003,8.2,26087
2003,5.7,26089
2003,7.3,26091
2003,5.1,26093
2003,7.8,26095
2003,9.5,26097
2003,6.8,26099
2003,8.8,26101
2003,6.6,26103
2003,11.2,26105
2003,6.8,26107
2003,6.2,26109
2003,6.4,26111
2003,8,26113
2003,6.1,26115
2003,8,26117
2003,11.9,26119
2003,9,26121
2003,8.8,26123
2003,5.6,26125
2003,9.5,26127
2003,9.3,26129
2003,7.9,26131
2003,8.1,26133
2003,11.5,26135
2003,8.3,26137
2003,6,26139
2003,11.3,26141
2003,8.7,26143
2003,9,26145
2003,8.5,26147
2003,7.3,26149
2003,9.7,26151
2003,11,26153
2003,7.5,26155
2003,9,26157
2003,7.1,26159
2003,4.1,26161
2003,8.7,26163
2003,9.1,26165
2003,4.9,27000
2003,7,27001
2003,4.8,27003
2003,6,27005
2003,5.5,27007
2003,5.4,27009
2003,4.7,27011
2003,3.9,27013
2003,5.4,27015
2003,6.4,27017
2003,4.3,27019
2003,7,27021
2003,5.2,27023
2003,5.8,27025
2003,3.6,27027
2003,11.2,27029
2003,4.9,27031
2003,4.6,27033
2003,5.8,27035
2003,4.3,27037
2003,4.4,27039
2003,3.9,27041
2003,5.2,27043
2003,5,27045
2003,5.4,27047
2003,4.8,27049
2003,6.2,27051
2003,4.7,27053
2003,5.3,27055
2003,6,27057
2003,5.7,27059
2003,7.5,27061
2003,4.2,27063
2003,8.1,27065
2003,4.4,27067
2003,7.5,27069
2003,6.5,27071
2003,4.4,27073
2003,4.7,27075
2003,4.6,27077
2003,6.3,27079
2003,4,27081
2003,4.3,27083
2003,4.6,27085
2003,5.3,27087
2003,8.3,27089
2003,4.7,27091
2003,5.7,27093
2003,7.4,27095
2003,6.2,27097
2003,4.5,27099
2003,4.4,27101
2003,3.8,27103
2003,3.8,27105
2003,5.4,27107
2003,4.3,27109
2003,5.5,27111
2003,6.1,27113
2003,6.9,27115
2003,3.9,27117
2003,5.1,27119
2003,4.1,27121
2003,4.8,27123
2003,7.9,27125
2003,4.5,27127
2003,5.4,27129
2003,4.8,27131
2003,3.5,27133
2003,7.3,27135
2003,6.2,27137
2003,4.3,27139
2003,5.1,27141
2003,4.9,27143
2003,4.8,27145
2003,4.9,27147
2003,3.9,27149
2003,5,27151
2003,5,27153
2003,4.6,27155
2003,4.4,27157
2003,6.6,27159
2003,4.7,27161
2003,4.2,27163
2003,4.9,27165
2003,3.9,27167
2003,4.7,27169
2003,5.1,27171
2003,5.6,27173
2003,6.3,28000
2003,8.5,28001
2003,7.4,28003
2003,8.6,28005
2003,7.8,28007
2003,10.7,28009
2003,8,28011
2003,7.4,28013
2003,6,28015
2003,8.7,28017
2003,10.9,28019
2003,10.6,28021
2003,9.3,28023
2003,9.7,28025
2003,8.3,28027
2003,6.3,28029
2003,5.5,28031
2003,3.7,28033
2003,5.3,28035
2003,8.6,28037
2003,10.1,28039
2003,9.3,28041
2003,6.1,28043
2003,5.1,28045
2003,4.9,28047
2003,5.5,28049
2003,11.3,28051
2003,8.5,28053
2003,10.8,28055
2003,6.3,28057
2003,6.2,28059
2003,7.4,28061
2003,13,28063
2003,7.7,28065
2003,5.4,28067
2003,9,28069
2003,5.6,28071
2003,4.2,28073
2003,6.9,28075
2003,6.7,28077
2003,5.8,28079
2003,6,28081
2003,10.3,28083
2003,6.2,28085
2003,7.3,28087
2003,4.5,28089
2003,6,28091
2003,8,28093
2003,8,28095
2003,9.1,28097
2003,5.3,28099
2003,5.6,28101
2003,9.5,28103
2003,5.7,28105
2003,8.9,28107
2003,5.3,28109
2003,7.3,28111
2003,6.5,28113
2003,5.7,28115
2003,6.3,28117
2003,8.4,28119
2003,4.1,28121
2003,5.4,28123
2003,9.1,28125
2003,5.5,28127
2003,4.8,28129
2003,5.6,28131
2003,9.3,28133
2003,8.9,28135
2003,6.1,28137
2003,8,28139
2003,9.3,28141
2003,10.9,28143
2003,6.6,28145
2003,7,28147
2003,6.1,28149
2003,9,28151
2003,8.1,28153
2003,11.4,28155
2003,9.4,28157
2003,8,28159
2003,8.4,28161
2003,7.8,28163
2003,5.6,29000
2003,4.9,29001
2003,5,29003
2003,4,29005
2003,6.1,29007
2003,5,29009
2003,4.9,29011
2003,6.2,29013
2003,6.6,29015
2003,5.9,29017
2003,3.5,29019
2003,5.8,29021
2003,5.7,29023
2003,5.8,29025
2003,4.6,29027
2003,5.7,29029
2003,4.2,29031
2003,5.5,29033
2003,6.6,29035
2003,5.2,29037
2003,6.6,29039
2003,5.8,29041
2003,4.9,29043
2003,7.2,29045
2003,4.7,29047
2003,5.4,29049
2003,3.9,29051
2003,4.7,29053
2003,6.5,29055
2003,4.8,29057
2003,6,29059
2003,5.5,29061
2003,6.2,29063
2003,6.4,29065
2003,7.3,29067
2003,7.5,29069
2003,5.7,29071
2003,6.2,29073
2003,4.5,29075
2003,4.5,29077
2003,6.1,29079
2003,5.2,29081
2003,7.3,29083
2003,8.2,29085
2003,5.4,29087
2003,4.2,29089
2003,5.4,29091
2003,7.5,29093
2003,6.5,29095
2003,5.3,29097
2003,5.3,29099
2003,4.7,29101
2003,4.5,29103
2003,8.3,29105
2003,5.3,29107
2003,4.9,29109
2003,5.6,29111
2003,5.7,29113
2003,7.4,29115
2003,5.2,29117
2003,4.9,29119
2003,5.2,29121
2003,6.4,29123
2003,5,29125
2003,5.7,29127
2003,5.8,29129
2003,6,29131
2003,7.3,29133
2003,4.5,29135
2003,5.9,29137
2003,6.1,29139
2003,6.2,29141
2003,9.7,29143
2003,6,29145
2003,3.5,29147
2003,5.5,29149
2003,5,29151
2003,5.9,29153
2003,9.8,29155
2003,4,29157
2003,5.8,29159
2003,4.4,29161
2003,5.3,29163
2003,4.4,29165
2003,5.3,29167
2003,5.4,29169
2003,5.9,29171
2003,5.9,29173
2003,5.4,29175
2003,5.6,29177
2003,8.6,29179
2003,6.6,29181
2003,4.4,29183
2003,7,29185
2003,5.2,29186
2003,6.7,29187
2003,5.3,29189
2003,5.3,29195
2003,6.3,29197
2003,4.4,29199
2003,5.7,29201
2003,7.7,29203
2003,5.6,29205
2003,6.1,29207
2003,8.3,29209
2003,10.2,29211
2003,8.8,29213
2003,7.2,29215
2003,4.9,29217
2003,5.7,29219
2003,8.3,29221
2003,7.6,29223
2003,4.9,29225
2003,3.9,29227
2003,6.3,29229
2003,8.6,29510
2003,4.7,30000
2003,3.8,30001
2003,11.6,30003
2003,4.7,30005
2003,4.7,30007
2003,3.9,30009
2003,3.1,30011
2003,4.5,30013
2003,3.4,30015
2003,3.9,30017
2003,4.5,30019
2003,3.4,30021
2003,6.5,30023
2003,3.1,30025
2003,5,30027
2003,5.9,30029
2003,3.6,30031
2003,3.5,30033
2003,7.9,30035
2003,6.3,30037
2003,5.7,30039
2003,4.3,30041
2003,4.3,30043
2003,4.3,30045
2003,6.2,30047
2003,3.9,30049
2003,4.1,30051
2003,12.2,30053
2003,3.4,30055
2003,4.8,30057
2003,5.7,30059
2003,7,30061
2003,4.1,30063
2003,6.1,30065
2003,4.9,30067
2003,6.4,30069
2003,4.5,30071
2003,5,30073
2003,4.2,30075
2003,6.1,30077
2003,4.8,30079
2003,5.8,30081
2003,4.5,30083
2003,6,30085
2003,5.5,30087
2003,7.3,30089
2003,4.2,30091
2003,5.2,30093
2003,3.9,30095
2003,2.6,30097
2003,4,30099
2003,3.6,30101
2003,3.7,30103
2003,4.1,30105
2003,4.7,30107
2003,4.2,30109
2003,3.7,30111
2003,3.9,31000
2003,4.1,31001
2003,3.3,31003
2003,5.2,31005
2003,2.5,31007
2003,3.4,31009
2003,3.2,31011
2003,4.7,31013
2003,3,31015
2003,3.9,31017
2003,2.8,31019
2003,5.1,31021
2003,4.3,31023
2003,4,31025
2003,3.1,31027
2003,2.7,31029
2003,2.7,31031
2003,3.3,31033
2003,3.8,31035
2003,3.1,31037
2003,2.7,31039
2003,2.9,31041
2003,4.7,31043
2003,3.3,31045
2003,4.1,31047
2003,3,31049
2003,3.6,31051
2003,4.7,31053
2003,4.6,31055
2003,3.2,31057
2003,3.7,31059
2003,3.2,31061
2003,2.8,31063
2003,3.4,31065
2003,4.2,31067
2003,3.8,31069
2003,3.5,31071
2003,3.3,31073
2003,2.8,31075
2003,3.5,31077
2003,4.4,31079
2003,3.7,31081
2003,3.2,31083
2003,3.7,31085
2003,3.9,31087
2003,3.1,31089
2003,3.3,31091
2003,4.2,31093
2003,4.3,31095
2003,3,31097
2003,2.7,31099
2003,3.4,31101
2003,3.3,31103
2003,2.8,31105
2003,3.5,31107
2003,3.6,31109
2003,3.5,31111
2003,2.8,31113
2003,3.9,31115
2003,2.9,31117
2003,4,31119
2003,4.1,31121
2003,3.9,31123
2003,5.2,31125
2003,4.3,31127
2003,3.1,31129
2003,4,31131
2003,4.1,31133
2003,2.6,31135
2003,3,31137
2003,3.5,31139
2003,4.7,31141
2003,3.6,31143
2003,3.4,31145
2003,5.7,31147
2003,3.8,31149
2003,3.3,31151
2003,3.2,31153
2003,3.8,31155
2003,5,31157
2003,3.2,31159
2003,2.6,31161
2003,3.2,31163
2003,3,31165
2003,3.2,31167
2003,3.1,31169
2003,4.3,31171
2003,7.5,31173
2003,3.4,31175
2003,3.1,31177
2003,2.9,31179
2003,3.6,31181
2003,2.8,31183
2003,3.3,31185
2003,5.1,32000
2003,4.6,32001
2003,5.2,32003
2003,4.9,32005
2003,4.5,32007
2003,4.3,32009
2003,5.4,32011
2003,4.8,32013
2003,5.1,32015
2003,5.2,32017
2003,5.5,32019
2003,5.7,32021
2003,7.3,32023
2003,4.9,32027
2003,3.4,32029
2003,4.5,32031
2003,4,32033
2003,5.6,32510
2003,4.3,33000
2003,3.9,33001
2003,3.5,33003
2003,3.5,33005
2003,5.2,33007
2003,3,33009
2003,4.6,33011
2003,3.5,33013
2003,5.2,33015
2003,4,33017
2003,3.5,33019
2003,5.8,34000
2003,6.2,34001
2003,5.1,34003
2003,4.8,34005
2003,6,34007
2003,8,34009
2003,7.9,34011
2003,7.2,34013
2003,5.4,34015
2003,7.4,34017
2003,4.3,34019
2003,5.2,34021
2003,5.5,34023
2003,5.4,34025
2003,4.6,34027
2003,5.8,34029
2003,7.3,34031
2003,6,34033
2003,4.6,34035
2003,5.2,34037
2003,6.3,34039
2003,5,34041
2003,5.9,35000
2003,5.2,35001
2003,7.5,35003
2003,7.3,35005
2003,6.2,35006
2003,6.2,35007
2003,4.4,35009
2003,8,35011
2003,6.5,35013
2003,5.9,35015
2003,10.2,35017
2003,7.8,35019
2003,5.5,35021
2003,5.1,35023
2003,5.2,35025
2003,4.3,35027
2003,2.7,35028
2003,15.9,35029
2003,6.9,35031
2003,10.7,35033
2003,6.1,35035
2003,6.6,35037
2003,6.7,35039
2003,4,35041
2003,6,35043
2003,6.7,35045
2003,6.3,35047
2003,4.3,35049
2003,5.5,35051
2003,5,35053
2003,7.3,35055
2003,5.6,35057
2003,3.8,35059
2003,6,35061
2003,6.4,36000
2003,4.2,36001
2003,6.5,36003
2003,10.6,36005
2003,5.8,36007
2003,5.8,36009
2003,5.2,36011
2003,5.7,36013
2003,6.4,36015
2003,5.8,36017
2003,6,36019
2003,4.3,36021
2003,5.8,36023
2003,4.8,36025
2003,4.1,36027
2003,5.7,36029
2003,5.2,36031
2003,6.6,36033
2003,5.7,36035
2003,5.5,36037
2003,5.1,36039
2003,5.4,36041
2003,5.7,36043
2003,6.8,36045
2003,9.1,36047
2003,6.4,36049
2003,6,36051
2003,5.5,36053
2003,5.5,36055
2003,6.4,36057
2003,4.6,36059
2003,7.5,36061
2003,6.6,36063
2003,5.4,36065
2003,5.1,36067
2003,5.2,36069
2003,4.7,36071
2003,6.9,36073
2003,7.3,36075
2003,4.8,36077
2003,4,36079
2003,7.4,36081
2003,4.6,36083
2003,7.5,36085
2003,4.6,36087
2003,7,36089
2003,3.9,36091
2003,4.5,36093
2003,5.3,36095
2003,6.4,36097
2003,5.4,36099
2003,7.3,36101
2003,4.8,36103
2003,5.2,36105
2003,5.6,36107
2003,3.9,36109
2003,4.5,36111
2003,5.1,36113
2003,4.5,36115
2003,5.9,36117
2003,4.5,36119
2003,6,36121
2003,4.8,36123
2003,6.4,37000
2003,7.1,37001
2003,7.1,37003
2003,9.2,37005
2003,9.5,37007
2003,6.7,37009
2003,5.8,37011
2003,8.5,37013
2003,7.3,37015
2003,8.3,37017
2003,6.4,37019
2003,4.7,37021
2003,7.7,37023
2003,7.3,37025
2003,8.4,37027
2003,4.1,37029
2003,5.3,37031
2003,8.7,37033
2003,7.9,37035
2003,5.1,37037
2003,8.1,37039
2003,5.2,37041
2003,4.8,37043
2003,8.6,37045
2003,7.8,37047
2003,5.7,37049
2003,6.2,37051
2003,3.2,37053
2003,5,37055
2003,7.1,37057
2003,6.1,37059
2003,6.7,37061
2003,5.5,37063
2003,9.8,37065
2003,5.5,37067
2003,6.2,37069
2003,7.2,37071
2003,4.1,37073
2003,8.3,37075
2003,7.7,37077
2003,6.6,37079
2003,6.1,37081
2003,8.5,37083
2003,6.5,37085
2003,5.3,37087
2003,4.9,37089
2003,6.1,37091
2003,7.4,37093
2003,7.4,37095
2003,6.4,37097
2003,4.8,37099
2003,5.3,37101
2003,5.6,37103
2003,7.2,37105
2003,7.4,37107
2003,6.9,37109
2003,7.2,37111
2003,4.9,37113
2003,5.2,37115
2003,7.1,37117
2003,5.7,37119
2003,7.8,37121
2003,8.8,37123
2003,6.4,37125
2003,7.1,37127
2003,5.6,37129
2003,7.9,37131
2003,6.4,37133
2003,4.2,37135
2003,5.5,37137
2003,5.1,37139
2003,6.6,37141
2003,5,37143
2003,7.6,37145
2003,6.4,37147
2003,4.7,37149
2003,6.2,37151
2003,9.7,37153
2003,8.5,37155
2003,8.8,37157
2003,7.5,37159
2003,8.5,37161
2003,5.7,37163
2003,11.3,37165
2003,7.2,37167
2003,6,37169
2003,7.6,37171
2003,7.9,37173
2003,8.7,37175
2003,8.8,37177
2003,5.2,37179
2003,10.7,37181
2003,5.3,37183
2003,8.2,37185
2003,8,37187
2003,4.4,37189
2003,6.1,37191
2003,7.3,37193
2003,8.1,37195
2003,6.1,37197
2003,7,37199
2003,3.7,38000
2003,3,38001
2003,3.5,38003
2003,5.5,38005
2003,3,38007
2003,4.8,38009
2003,2.3,38011
2003,3.3,38013
2003,3.1,38015
2003,2.9,38017
2003,3.8,38019
2003,3.2,38021
2003,3.4,38023
2003,3.8,38025
2003,5.2,38027
2003,5.8,38029
2003,3.6,38031
2003,2.4,38033
2003,3.4,38035
2003,4.1,38037
2003,3,38039
2003,4,38041
2003,6,38043
2003,3.6,38045
2003,3.6,38047
2003,6.7,38049
2003,3.2,38051
2003,3.9,38053
2003,5.9,38055
2003,4.8,38057
2003,3.9,38059
2003,5.4,38061
2003,4.2,38063
2003,4,38065
2003,6.9,38067
2003,5.4,38069
2003,4.2,38071
2003,3.1,38073
2003,3.1,38075
2003,3.7,38077
2003,10.9,38079
2003,2.9,38081
2003,5.4,38083
2003,5.3,38085
2003,2.9,38087
2003,3.4,38089
2003,2.4,38091
2003,3.7,38093
2003,4,38095
2003,3.7,38097
2003,4.3,38099
2003,4,38101
2003,4.9,38103
2003,3.2,38105
2003,6.2,39000
2003,10,39001
2003,6.9,39003
2003,7.1,39005
2003,8,39007
2003,6.7,39009
2003,5.3,39011
2003,7,39013
2003,7.4,39015
2003,5.5,39017
2003,8,39019
2003,6.8,39021
2003,7.5,39023
2003,5.7,39025
2003,5.8,39027
2003,7.7,39029
2003,7.5,39031
2003,7.9,39033
2003,5.7,39035
2003,6.7,39037
2003,6.4,39039
2003,4.4,39041
2003,6.3,39043
2003,5.6,39045
2003,5.8,39047
2003,5.5,39049
2003,6.8,39051
2003,8.6,39053
2003,4.5,39055
2003,5.7,39057
2003,7.8,39059
2003,5.6,39061
2003,5.4,39063
2003,6.4,39065
2003,7.8,39067
2003,6.8,39069
2003,6.6,39071
2003,7.4,39073
2003,4.2,39075
2003,8,39077
2003,8.6,39079
2003,7.5,39081
2003,6.5,39083
2003,5.2,39085
2003,6.8,39087
2003,6.2,39089
2003,5.5,39091
2003,5.7,39093
2003,7.7,39095
2003,5.8,39097
2003,7.7,39099
2003,6.4,39101
2003,4.7,39103
2003,11.5,39105
2003,4.7,39107
2003,6.1,39109
2003,8.5,39111
2003,6.7,39113
2003,10.3,39115
2003,6.4,39117
2003,7.7,39119
2003,8.9,39121
2003,8.4,39123
2003,6.5,39125
2003,8.2,39127
2003,6.8,39129
2003,10.5,39131
2003,6,39133
2003,6.3,39135
2003,6.6,39137
2003,7.4,39139
2003,7.9,39141
2003,6.7,39143
2003,9,39145
2003,6.7,39147
2003,5.7,39149
2003,7,39151
2003,6.4,39153
2003,7.8,39155
2003,6.4,39157
2003,4.9,39159
2003,6.3,39161
2003,9.5,39163
2003,5.1,39165
2003,6.4,39167
2003,5.3,39169
2003,7,39171
2003,5.9,39173
2003,5.6,39175
2003,5.5,40000
2003,7.8,40001
2003,3.9,40003
2003,7.1,40005
2003,3.8,40007
2003,3.7,40009
2003,4.8,40011
2003,4.6,40013
2003,5.3,40015
2003,4.7,40017
2003,4.8,40019
2003,5.3,40021
2003,7.7,40023
2003,3.6,40025
2003,4.1,40027
2003,12.1,40029
2003,4.3,40031
2003,4.5,40033
2003,5.6,40035
2003,6.6,40037
2003,3.6,40039
2003,5.7,40041
2003,3.6,40043
2003,2.9,40045
2003,4.1,40047
2003,4.9,40049
2003,4.8,40051
2003,3.7,40053
2003,6.7,40055
2003,4,40057
2003,3.5,40059
2003,6.5,40061
2003,9.3,40063
2003,3.7,40065
2003,6.3,40067
2003,5.2,40069
2003,6.7,40071
2003,3.3,40073
2003,4.8,40075
2003,6.6,40077
2003,6.5,40079
2003,5.3,40081
2003,4.3,40083
2003,4.9,40085
2003,4.7,40087
2003,8.9,40089
2003,7.5,40091
2003,3.5,40093
2003,4.9,40095
2003,7.4,40097
2003,5.1,40099
2003,7.1,40101
2003,4.3,40103
2003,6.1,40105
2003,8.2,40107
2003,5.4,40109
2003,7.7,40111
2003,6.1,40113
2003,7.3,40115
2003,6.7,40117
2003,4.1,40119
2003,6.3,40121
2003,5,40123
2003,5.7,40125
2003,7.3,40127
2003,2.7,40129
2003,5.6,40131
2003,8.8,40133
2003,6.6,40135
2003,5,40137
2003,3.4,40139
2003,4.5,40141
2003,5.8,40143
2003,5.4,40145
2003,5.2,40147
2003,3.7,40149
2003,9.4,40151
2003,4.4,40153
2003,8.1,41000
2003,9.5,41001
2003,5.8,41003
2003,7.5,41005
2003,7.5,41007
2003,10.4,41009
2003,9.2,41011
2003,9.6,41013
2003,8.4,41015
2003,7.8,41017
2003,9.8,41019
2003,6.8,41021
2003,10.4,41023
2003,10.9,41025
2003,8.5,41027
2003,7.7,41029
2003,7,41031
2003,9,41033
2003,9.8,41035
2003,9.6,41037
2003,8,41039
2003,9,41041
2003,10.1,41043
2003,9.8,41045
2003,8,41047
2003,8.1,41049
2003,8.4,41051
2003,6.8,41053
2003,10.8,41055
2003,7.4,41057
2003,8.2,41059
2003,7.3,41061
2003,9.8,41063
2003,9.7,41065
2003,7.4,41067
2003,7.8,41069
2003,8.1,41071
2003,5.7,42000
2003,4.2,42001
2003,5.5,42003
2003,6.8,42005
2003,6.2,42007
2003,8.3,42009
2003,5.9,42011
2003,5.4,42013
2003,5.3,42015
2003,4.7,42017
2003,5.6,42019
2003,7,42021
2003,7.4,42023
2003,7.3,42025
2003,4.3,42027
2003,4.1,42029
2003,5.7,42031
2003,7.2,42033
2003,7.2,42035
2003,6.7,42037
2003,6.8,42039
2003,4.1,42041
2003,4.9,42043
2003,5.1,42045
2003,6.5,42047
2003,6.6,42049
2003,7.7,42051
2003,14.3,42053
2003,4.3,42055
2003,6,42057
2003,6.7,42059
2003,7.7,42061
2003,6.1,42063
2003,6.2,42065
2003,5,42067
2003,5.9,42069
2003,4.1,42071
2003,6.2,42073
2003,4.3,42075
2003,5.7,42077
2003,6.5,42079
2003,6,42081
2003,6.1,42083
2003,6.2,42085
2003,6.7,42087
2003,5.9,42089
2003,4.5,42091
2003,4.7,42093
2003,5.5,42095
2003,6.8,42097
2003,5.1,42099
2003,7.5,42101
2003,5.8,42103
2003,7.4,42105
2003,7.1,42107
2003,4.9,42109
2003,6.7,42111
2003,6.1,42113
2003,6,42115
2003,6.2,42117
2003,5.5,42119
2003,6.1,42121
2003,6.2,42123
2003,6.1,42125
2003,5.1,42127
2003,6,42129
2003,6,42131
2003,4.9,42133
2003,5.3,44000
2003,4.6,44001
2003,5,44003
2003,4.7,44005
2003,5.9,44007
2003,4.1,44009
2003,6.9,45000
2003,9.1,45001
2003,5.4,45003
2003,8.8,45005
2003,7.4,45007
2003,7.9,45009
2003,9.7,45011
2003,4.9,45013
2003,5.6,45015
2003,7,45017
2003,5.4,45019
2003,8.9,45021
2003,11.2,45023
2003,10.2,45025
2003,8.9,45027
2003,7.4,45029
2003,8.4,45031
2003,9.6,45033
2003,5.2,45035
2003,5.1,45037
2003,10.8,45039
2003,8,45041
2003,10.1,45043
2003,5.7,45045
2003,9.6,45047
2003,9.6,45049
2003,5.9,45051
2003,6.1,45053
2003,6.5,45055
2003,9.2,45057
2003,7.7,45059
2003,8.6,45061
2003,4.7,45063
2003,12.9,45065
2003,13.2,45067
2003,13.3,45069
2003,7.6,45071
2003,7.7,45073
2003,10.2,45075
2003,7,45077
2003,5.8,45079
2003,6.5,45081
2003,7.4,45083
2003,7.7,45085
2003,11.5,45087
2003,13.1,45089
2003,7.6,45091
2003,3.5,46000
2003,3.7,46003
2003,4.2,46005
2003,3.8,46007
2003,3.5,46009
2003,3,46011
2003,3.2,46013
2003,2.7,46015
2003,7.8,46017
2003,3.4,46019
2003,4.8,46021
2003,3.5,46023
2003,5.3,46025
2003,3.1,46027
2003,4,46029
2003,6.2,46031
2003,3.8,46033
2003,3,46035
2003,6,46037
2003,4.1,46039
2003,8.4,46041
2003,2.7,46043
2003,3.3,46045
2003,4.7,46047
2003,3.2,46049
2003,4.1,46051
2003,3.2,46053
2003,2.4,46055
2003,3.9,46057
2003,3.1,46059
2003,3.2,46061
2003,2.9,46063
2003,2.7,46065
2003,3.7,46067
2003,3.2,46069
2003,5.5,46071
2003,3,46073
2003,1.8,46075
2003,3.7,46077
2003,3.7,46079
2003,3.3,46081
2003,2.5,46083
2003,4.2,46085
2003,3.3,46087
2003,4.9,46089
2003,5.1,46091
2003,3.4,46093
2003,5.1,46095
2003,4.8,46097
2003,3.1,46099
2003,5.1,46101
2003,9.4,46102
2003,3.3,46103
2003,3.2,46105
2003,3.2,46107
2003,5.4,46109
2003,2.9,46111
2003,3.4,46115
2003,2.8,46117
2003,2.2,46119
2003,5.6,46121
2003,3.4,46123
2003,3.3,46125
2003,4.3,46127
2003,5,46129
2003,3.4,46135
2003,6.5,46137
2003,5.6,47000
2003,5.2,47001
2003,6.8,47003
2003,9.6,47005
2003,7.5,47007
2003,4.5,47009
2003,5.2,47011
2003,7,47013
2003,5,47015
2003,9.3,47017
2003,6.3,47019
2003,4.2,47021
2003,6,47023
2003,5.8,47025
2003,8.8,47027
2003,8.5,47029
2003,5,47031
2003,9,47033
2003,6.6,47035
2003,4.6,47037
2003,8.2,47039
2003,5,47041
2003,5,47043
2003,6.9,47045
2003,6.1,47047
2003,7.9,47049
2003,5.1,47051
2003,8.6,47053
2003,9.1,47055
2003,7.2,47057
2003,7.5,47059
2003,6.2,47061
2003,6.1,47063
2003,4.5,47065
2003,6.9,47067
2003,8,47069
2003,9.2,47071
2003,6.6,47073
2003,9.3,47075
2003,8,47077
2003,8.4,47079
2003,6,47081
2003,7.6,47083
2003,6.7,47085
2003,8,47087
2003,6.2,47089
2003,8.7,47091
2003,3.9,47093
2003,7.1,47095
2003,10.7,47097
2003,9.3,47099
2003,8.1,47101
2003,5.3,47103
2003,4.8,47105
2003,7.4,47107
2003,6.9,47109
2003,7,47111
2003,6,47113
2003,5.8,47115
2003,9.9,47117
2003,6.1,47119
2003,7.9,47121
2003,7.8,47123
2003,5,47125
2003,3.8,47127
2003,8.1,47129
2003,7.1,47131
2003,6.3,47133
2003,6.9,47135
2003,8.8,47137
2003,6.1,47139
2003,5,47141
2003,6,47143
2003,5.4,47145
2003,5.2,47147
2003,4.4,47149
2003,9.7,47151
2003,5.2,47153
2003,5.9,47155
2003,6,47157
2003,8.2,47159
2003,6.8,47161
2003,5.7,47163
2003,4.7,47165
2003,6.4,47167
2003,5.8,47169
2003,6.7,47171
2003,5,47173
2003,7.5,47175
2003,5.8,47177
2003,5.2,47179
2003,9.9,47181
2003,8.2,47183
2003,7.8,47185
2003,3.6,47187
2003,4.6,47189
2003,6.7,48000
2003,7.9,48001
2003,5.5,48003
2003,6.6,48005
2003,7.4,48007
2003,4.2,48009
2003,4.7,48011
2003,6.7,48013
2003,6.2,48015
2003,5.7,48017
2003,5.4,48019
2003,6.7,48021
2003,6,48023
2003,8.1,48025
2003,6.2,48027
2003,6.2,48029
2003,4.9,48031
2003,4.4,48033
2003,6.7,48035
2003,6.5,48037
2003,7.3,48039
2003,4.8,48041
2003,4.8,48043
2003,6.2,48045
2003,8.2,48047
2003,5.8,48049
2003,6,48051
2003,5.6,48053
2003,7.3,48055
2003,7.5,48057
2003,5.3,48059
2003,9.5,48061
2003,6.8,48063
2003,4.7,48065
2003,8,48067
2003,5.1,48069
2003,6.1,48071
2003,5.9,48073
2003,5.9,48075
2003,4.7,48077
2003,8.1,48079
2003,5.8,48081
2003,6.4,48083
2003,6,48085
2003,4.9,48087
2003,5.5,48089
2003,5.8,48091
2003,5.2,48093
2003,6.4,48095
2003,5.7,48097
2003,7.3,48099
2003,6.2,48101
2003,7.3,48103
2003,4,48105
2003,6.5,48107
2003,5.5,48109
2003,4.1,48111
2003,7.4,48113
2003,7.5,48115
2003,5.8,48117
2003,6.6,48119
2003,5.2,48121
2003,5.7,48123
2003,6.1,48125
2003,9.4,48127
2003,5.5,48129
2003,8.3,48131
2003,6.4,48133
2003,6.6,48135
2003,4.3,48137
2003,6.3,48139
2003,8.8,48141
2003,4.8,48143
2003,7,48145
2003,7.4,48147
2003,4.7,48149
2003,5.6,48151
2003,7.1,48153
2003,7.4,48155
2003,6.1,48157
2003,5.1,48159
2003,6,48161
2003,7.8,48163
2003,4.9,48165
2003,7.1,48167
2003,5.9,48169
2003,4.3,48171
2003,4.2,48173
2003,5.6,48175
2003,5,48177
2003,6,48179
2003,7.1,48181
2003,7,48183
2003,8.1,48185
2003,5.3,48187
2003,6.1,48189
2003,6.6,48191
2003,4.9,48193
2003,4.1,48195
2003,6.4,48197
2003,7.7,48199
2003,6.8,48201
2003,6.6,48203
2003,4.1,48205
2003,5.5,48207
2003,5.8,48209
2003,2.9,48211
2003,6.2,48213
2003,10.3,48215
2003,7.6,48217
2003,5.3,48219
2003,6.3,48221
2003,6,48223
2003,7.1,48225
2003,6.4,48227
2003,7.8,48229
2003,6.8,48231
2003,6.6,48233
2003,4.3,48235
2003,5.1,48237
2003,5.8,48239
2003,9.6,48241
2003,4.1,48243
2003,8.6,48245
2003,6.1,48247
2003,7,48249
2003,6.5,48251
2003,6.5,48253
2003,7.3,48255
2003,7.7,48257
2003,5.2,48259
2003,3.9,48261
2003,4.9,48263
2003,5.2,48265
2003,4.6,48267
2003,3.8,48269
2003,7.7,48271
2003,6.1,48273
2003,5.5,48275
2003,7.2,48277
2003,5.8,48279
2003,5.5,48281
2003,7.7,48283
2003,4.2,48285
2003,5.4,48287
2003,7.5,48289
2003,9.2,48291
2003,6,48293
2003,4.6,48295
2003,5.6,48297
2003,6.2,48299
2003,10,48301
2003,4.8,48303
2003,5.5,48305
2003,5.2,48307
2003,6,48309
2003,5,48311
2003,6.5,48313
2003,7.5,48315
2003,4.5,48317
2003,3.7,48319
2003,10.1,48321
2003,17.5,48323
2003,5.9,48325
2003,5.5,48327
2003,4.9,48329
2003,6.5,48331
2003,4.3,48333
2003,7.4,48335
2003,6.1,48337
2003,5.6,48339
2003,4.7,48341
2003,8.8,48343
2003,4,48345
2003,5.9,48347
2003,7.7,48349
2003,12.4,48351
2003,5.9,48353
2003,6.5,48355
2003,3.8,48357
2003,4.7,48359
2003,9.3,48361
2003,6,48363
2003,6.9,48365
2003,5.6,48367
2003,4.1,48369
2003,6.1,48371
2003,8.1,48373
2003,6.6,48375
2003,15.6,48377
2003,7.4,48379
2003,3.2,48381
2003,3.9,48383
2003,6.3,48385
2003,7.4,48387
2003,11.3,48389
2003,4.8,48391
2003,3.7,48393
2003,6.2,48395
2003,5.8,48397
2003,5.6,48399
2003,6.7,48401
2003,13,48403
2003,7,48405
2003,6.8,48407
2003,7.2,48409
2003,5.3,48411
2003,4.1,48413
2003,6,48415
2003,3.9,48417
2003,7,48419
2003,3.6,48421
2003,5.9,48423
2003,6.3,48425
2003,15.9,48427
2003,7.2,48429
2003,3.4,48431
2003,4.4,48433
2003,3.4,48435
2003,5.2,48437
2003,6.3,48439
2003,5.2,48441
2003,7.2,48443
2003,6.6,48445
2003,4.6,48447
2003,5.7,48449
2003,5.1,48451
2003,6,48453
2003,7.2,48455
2003,9.3,48457
2003,6.5,48459
2003,5.4,48461
2003,7.6,48463
2003,7.8,48465
2003,6.1,48467
2003,5.8,48469
2003,6.6,48471
2003,6.6,48473
2003,7.4,48475
2003,5.2,48477
2003,7.3,48479
2003,6.2,48481
2003,4.2,48483
2003,6,48485
2003,4.9,48487
2003,11.8,48489
2003,5.7,48491
2003,5.7,48493
2003,7.4,48495
2003,5.8,48497
2003,6.7,48499
2003,5.4,48501
2003,6,48503
2003,8.8,48505
2003,13.8,48507
2003,5.6,49000
2003,5.2,49001
2003,5.5,49003
2003,3.9,49005
2003,7.7,49007
2003,5.4,49009
2003,5.1,49011
2003,6.7,49013
2003,8,49015
2003,9,49017
2003,7.5,49019
2003,5.2,49021
2003,7.1,49023
2003,5.7,49025
2003,5,49027
2003,5.2,49029
2003,5.5,49031
2003,4,49033
2003,5.7,49035
2003,9.1,49037
2003,6.8,49039
2003,5.8,49041
2003,6.2,49043
2003,6.3,49045
2003,5.7,49047
2003,5.3,49049
2003,6.1,49051
2003,5.3,49053
2003,6.9,49055
2003,6.4,49057
2003,4.3,50000
2003,3.9,50001
2003,4.8,50003
2003,5,50005
2003,3.8,50007
2003,4.9,50009
2003,4.7,50011
2003,5.5,50013
2003,4.8,50015
2003,3.8,50017
2003,6.2,50019
2003,4.7,50021
2003,4.4,50023
2003,3.9,50025
2003,3.7,50027
2003,4.1,51000
2003,4.4,51001
2003,3.4,51003
2003,4.6,51005
2003,3.9,51007
2003,5,51009
2003,5.6,51011
2003,2.7,51013
2003,3.4,51015
2003,4.6,51017
2003,4.2,51019
2003,5,51021
2003,3.6,51023
2003,7,51025
2003,7,51027
2003,4.4,51029
2003,5,51031
2003,4.3,51033
2003,5.6,51035
2003,5.1,51036
2003,6.5,51037
2003,3.5,51041
2003,3.1,51043
2003,4.1,51045
2003,4,51047
2003,4,51049
2003,8.5,51051
2003,4.1,51053
2003,5.4,51057
2003,3.1,51059
2003,3.1,51061
2003,4,51063
2003,3.4,51065
2003,4.5,51067
2003,3.6,51069
2003,5.4,51071
2003,3.2,51073
2003,3.4,51075
2003,6.3,51077
2003,4.1,51079
2003,5.3,51081
2003,10.2,51083
2003,3.3,51085
2003,3.7,51087
2003,10,51089
2003,4.2,51091
2003,3.6,51093
2003,3.3,51095
2003,4.5,51097
2003,3.2,51099
2003,3.6,51101
2003,5.5,51103
2003,6,51105
2003,3.2,51107
2003,4.2,51109
2003,5.6,51111
2003,3.9,51113
2003,3.2,51115
2003,9.4,51117
2003,3.5,51119
2003,3.8,51121
2003,3.7,51125
2003,3.7,51127
2003,4.9,51131
2003,5.6,51133
2003,4.4,51135
2003,4,51137
2003,7,51139
2003,7.7,51141
2003,6.5,51143
2003,3.2,51145
2003,5.7,51147
2003,4.2,51149
2003,3.4,51153
2003,6.1,51155
2003,3,51157
2003,6.3,51159
2003,3.4,51161
2003,3.7,51163
2003,3.2,51165
2003,6.2,51167
2003,5.5,51169
2003,3.9,51171
2003,7.6,51173
2003,4.4,51175
2003,3.1,51177
2003,3.1,51179
2003,4.6,51181
2003,6.9,51183
2003,5.4,51185
2003,4,51187
2003,5.4,51191
2003,4.8,51193
2003,5.8,51195
2003,5.3,51197
2003,3.2,51199
2003,3,51510
2003,6.2,51520
2003,4.5,51530
2003,4.2,51540
2003,3.9,51550
2003,4.5,51570
2003,5.5,51580
2003,9.5,51590
2003,7,51595
2003,2.7,51600
2003,3.3,51610
2003,4.9,51620
2003,5.2,51630
2003,6.4,51640
2003,4.9,51650
2003,3.9,51660
2003,6.3,51670
2003,5.5,51678
2003,5.6,51680
2003,3.4,51683
2003,2.7,51685
2003,10.6,51690
2003,4.8,51700
2003,5.3,51710
2003,5.4,51720
2003,8.6,51730
2003,3.2,51735
2003,5.4,51740
2003,5.2,51750
2003,5.8,51760
2003,5.2,51770
2003,3.9,51775
2003,3.8,51790
2003,4.3,51800
2003,3.7,51810
2003,4.5,51820
2003,8,51830
2003,3.7,51840
2003,7.4,53000
2003,8.8,53001
2003,7.5,53003
2003,6.9,53005
2003,8.5,53007
2003,8.7,53009
2003,9.6,53011
2003,9.6,53013
2003,10,53015
2003,7.7,53017
2003,13.6,53019
2003,8.9,53021
2003,6.9,53023
2003,9.4,53025
2003,9.5,53027
2003,7.6,53029
2003,7.5,53031
2003,6.1,53033
2003,6.8,53035
2003,7.7,53037
2003,11.9,53039
2003,9.5,53041
2003,7.1,53043
2003,8.7,53045
2003,9.5,53047
2003,9.3,53049
2003,10.5,53051
2003,8.2,53053
2003,5.8,53055
2003,8.2,53057
2003,10.2,53059
2003,7.1,53061
2003,7.6,53063
2003,9.7,53065
2003,6.5,53067
2003,9.9,53069
2003,7.1,53071
2003,6.8,53073
2003,4.9,53075
2003,9.7,53077
2003,6,54000
2003,7.2,54001
2003,4.6,54003
2003,6.3,54005
2003,7.4,54007
2003,6.3,54009
2003,5,54011
2003,11.5,54013
2003,9.2,54015
2003,5.9,54017
2003,7.4,54019
2003,6.4,54021
2003,7.6,54023
2003,6.3,54025
2003,5.1,54027
2003,5.9,54029
2003,4.5,54031
2003,5.9,54033
2003,8.2,54035
2003,3.8,54037
2003,5.4,54039
2003,7.1,54041
2003,7.5,54043
2003,7.5,54045
2003,11.8,54047
2003,5.7,54049
2003,6.5,54051
2003,9.6,54053
2003,6.3,54055
2003,6.4,54057
2003,9.2,54059
2003,4.3,54061
2003,4.9,54063
2003,4.6,54065
2003,7.3,54067
2003,5.4,54069
2003,4.6,54071
2003,7.6,54073
2003,6.7,54075
2003,6.3,54077
2003,5.1,54079
2003,6.5,54081
2003,6.4,54083
2003,7.9,54085
2003,8.8,54087
2003,7.1,54089
2003,5.8,54091
2003,7.4,54093
2003,7.4,54095
2003,6.4,54097
2003,5.8,54099
2003,6.6,54101
2003,8.2,54103
2003,9.4,54105
2003,6,54107
2003,7.8,54109
2003,5.7,55000
2003,5.9,55001
2003,7.2,55003
2003,6.1,55005
2003,6.6,55007
2003,5.3,55009
2003,5.2,55011
2003,5.5,55013
2003,5,55015
2003,6.4,55017
2003,6.2,55019
2003,5.6,55021
2003,6.3,55023
2003,3.7,55025
2003,6,55027
2003,7.5,55029
2003,6.3,55031
2003,5.1,55033
2003,4.8,55035
2003,6.5,55037
2003,5.4,55039
2003,7.2,55041
2003,5.2,55043
2003,5.4,55045
2003,7,55047
2003,4.4,55049
2003,9.5,55051
2003,5.9,55053
2003,5.2,55055
2003,7.4,55057
2003,6.3,55059
2003,5.9,55061
2003,4.6,55063
2003,5.1,55065
2003,7.5,55067
2003,6.5,55069
2003,7,55071
2003,4.9,55073
2003,7.3,55075
2003,8.1,55077
2003,11.1,55078
2003,7.1,55079
2003,5.1,55081
2003,7.1,55083
2003,7,55085
2003,5.7,55087
2003,4.7,55089
2003,4.9,55091
2003,4.5,55093
2003,6.9,55095
2003,5.1,55097
2003,5.6,55099
2003,7.1,55101
2003,4.7,55103
2003,6.2,55105
2003,6.6,55107
2003,5.9,55109
2003,4.8,55111
2003,7,55113
2003,5.6,55115
2003,5.1,55117
2003,5.7,55119
2003,5.8,55121
2003,5.3,55123
2003,7,55125
2003,4.9,55127
2003,7.4,55129
2003,5.3,55131
2003,4.9,55133
2003,5.8,55135
2003,6.6,55137
2003,5.3,55139
2003,5.9,55141
2003,4.3,56000
2003,3.3,56001
2003,4.9,56003
2003,3.5,56005
2003,5.3,56007
2003,4.4,56009
2003,4.2,56011
2003,5.5,56013
2003,4.4,56015
2003,4.1,56017
2003,4.4,56019
2003,4.4,56021
2003,4.4,56023
2003,4.3,56025
2003,4.6,56027
2003,4.4,56029
2003,5.1,56031
2003,4.4,56033
2003,3,56035
2003,3.9,56037
2003,3.5,56039
2003,4.4,56041
2003,4.4,56043
2003,4.5,56045
2003,12,72000
2003,14,72001
2003,14,72003
2003,14.7,72005
2003,12.9,72007
2003,13.8,72009
2003,15.5,72011
2003,12.9,72013
2003,17.9,72015
2003,15.3,72017
2003,12.6,72019
2003,9.1,72021
2003,10.8,72023
2003,11.2,72025
2003,14.1,72027
2003,14.3,72029
2003,9.3,72031
2003,11.7,72033
2003,13,72035
2003,14.6,72037
2003,16.2,72039
2003,12.2,72041
2003,14.4,72043
2003,14.5,72045
2003,12.5,72047
2003,5.8,72049
2003,10.4,72051
2003,14.9,72053
2003,15.1,72054
2003,18.3,72055
2003,16.3,72057
2003,17.4,72059
2003,6.8,72061
2003,10.9,72063
2003,13.6,72065
2003,11.7,72067
2003,15.4,72069
2003,14.9,72071
2003,13,72073
2003,13.8,72075
2003,13.2,72077
2003,13.7,72079
2003,13.8,72081
2003,13.7,72083
2003,14.1,72085
2003,14,72087
2003,18.3,72089
2003,15,72091
2003,13.2,72093
2003,20.2,72095
2003,14.8,72097
2003,14.5,72099
2003,14.6,72101
2003,15.9,72103
2003,11.7,72105
2003,15.1,72107
2003,18.6,72109
2003,16.7,72111
2003,12.4,72113
2003,13.3,72115
2003,13.8,72117
2003,13,72119
2003,14.2,72121
2003,17.1,72123
2003,14.2,72125
2003,8.6,72127
2003,11.9,72129
2003,15.4,72131
2003,12.9,72133
2003,8.5,72135
2003,9.3,72137
2003,8.2,72139
2003,15.6,72141
2003,11.9,72143
2003,13.3,72145
2003,16.1,72147
2003,15,72149
2003,19.6,72151
2003,14.4,72153
2005,5.101170787,0
2005,4.5,1000
2005,3.8,1001
2005,4,1003
2005,5.8,1005
2005,4.5,1007
2005,3.6,1009
2005,9.5,1011
2005,6.5,1013
2005,4.5,1015
2005,5.7,1017
2005,4.4,1019
2005,3.9,1021
2005,6.6,1023
2005,6.4,1025
2005,5,1027
2005,3.9,1029
2005,3.9,1031
2005,5.4,1033
2005,6.2,1035
2005,5,1037
2005,4.5,1039
2005,4.9,1041
2005,4,1043
2005,4.5,1045
2005,8.6,1047
2005,5.1,1049
2005,3.7,1051
2005,5.6,1053
2005,4.7,1055
2005,4.5,1057
2005,5.3,1059
2005,3.9,1061
2005,6.7,1063
2005,5.4,1065
2005,4.3,1067
2005,3.8,1069
2005,5,1071
2005,4.4,1073
2005,5.6,1075
2005,5.1,1077
2005,5.6,1079
2005,3.7,1081
2005,4.4,1083
2005,8,1085
2005,5.9,1087
2005,3.6,1089
2005,5.7,1091
2005,4.5,1093
2005,3.9,1095
2005,5,1097
2005,6.2,1099
2005,4.6,1101
2005,4.5,1103
2005,9.1,1105
2005,5.4,1107
2005,4.1,1109
2005,6.2,1111
2005,6,1113
2005,4,1115
2005,3.1,1117
2005,7.3,1119
2005,4.8,1121
2005,4.5,1123
2005,3.7,1125
2005,4.4,1127
2005,6.2,1129
2005,9.3,1131
2005,5.1,1133
2005,6.9,2000
2005,9.6,2013
2005,5.7,2016
2005,5.5,2020
2005,12.8,2050
2005,5.9,2060
2005,6.5,2068
2005,10.7,2070
2005,5.8,2090
2005,9,2100
2005,,2105
2005,5.3,2110
2005,8.8,2122
2005,6.7,2130
2005,8.3,2150
2005,20.9,2158
2005,7.3,2164
2005,7.6,2170
2005,12.4,2180
2005,9,2185
2005,11.9,2188
2005,,2195
2005,,2198
2005,13.1,2201
2005,5.6,2220
2005,,2230
2005,13.3,2232
2005,10.5,2240
2005,9.5,2261
2005,,2275
2005,10.1,2280
2005,10.6,2282
2005,11.7,2290
2005,4.7,4000
2005,10.5,4001
2005,4.8,4003
2005,4.9,4005
2005,5.9,4007
2005,6,4009
2005,4.8,4011
2005,6.8,4012
2005,4,4013
2005,4.3,4015
2005,8.1,4017
2005,4.5,4019
2005,5.6,4021
2005,8.6,4023
2005,4.4,4025
2005,15.9,4027
2005,5.2,5000
2005,7,5001
2005,8.3,5003
2005,5.6,5005
2005,3.2,5007
2005,5.1,5009
2005,7.9,5011
2005,6.9,5013
2005,4.5,5015
2005,10,5017
2005,6.1,5019
2005,8.4,5021
2005,4.9,5023
2005,5.9,5025
2005,6.3,5027
2005,5.1,5029
2005,4.8,5031
2005,4.4,5033
2005,6.5,5035
2005,7.6,5037
2005,7,5039
2005,8.7,5041
2005,8.5,5043
2005,4.4,5045
2005,4.3,5047
2005,5.3,5049
2005,5.7,5051
2005,4.9,5053
2005,5.8,5055
2005,5.8,5057
2005,5.3,5059
2005,5.6,5061
2005,6.1,5063
2005,6.4,5065
2005,8.3,5067
2005,7.6,5069
2005,4.9,5071
2005,7.4,5073
2005,7.5,5075
2005,10.5,5077
2005,7.6,5079
2005,4.7,5081
2005,4.9,5083
2005,4.5,5085
2005,3.7,5087
2005,5.2,5089
2005,4.8,5091
2005,8.6,5093
2005,6.7,5095
2005,4.9,5097
2005,5.8,5099
2005,5.1,5101
2005,7,5103
2005,5.1,5105
2005,9.1,5107
2005,4.8,5109
2005,6.6,5111
2005,5,5113
2005,4.5,5115
2005,6,5117
2005,4.8,5119
2005,7.8,5121
2005,8.5,5123
2005,4.3,5125
2005,4.5,5127
2005,5,5129
2005,4.3,5131
2005,4.2,5133
2005,7.2,5135
2005,6.5,5137
2005,6.9,5139
2005,6.2,5141
2005,3.4,5143
2005,6.3,5145
2005,9.2,5147
2005,4.2,5149
2005,5.4,6000
2005,5.1,6001
2005,8,6003
2005,5.6,6005
2005,6.7,6007
2005,6.2,6009
2005,12.7,6011
2005,4.8,6013
2005,7.4,6015
2005,4.8,6017
2005,9,6019
2005,8.4,6021
2005,6.1,6023
2005,16,6025
2005,4.9,6027
2005,8.4,6029
2005,9.4,6031
2005,7.9,6033
2005,8,6035
2005,5.4,6037
2005,7.9,6039
2005,3.9,6041
2005,6.4,6043
2005,5.7,6045
2005,10,6047
2005,7.9,6049
2005,4.8,6051
2005,7.3,6053
2005,4.4,6055
2005,4.8,6057
2005,3.7,6059
2005,4.3,6061
2005,8.4,6063
2005,5.4,6065
2005,4.9,6067
2005,8.1,6069
2005,5.2,6071
2005,4.3,6073
2005,5,6075
2005,7.9,6077
2005,4.3,6079
2005,4.2,6081
2005,4.3,6083
2005,5.3,6085
2005,6.3,6087
2005,7.2,6089
2005,8.3,6091
2005,9,6093
2005,5.3,6095
2005,4.4,6097
2005,8.4,6099
2005,9.6,6101
2005,6.9,6103
2005,10.2,6105
2005,9.4,6107
2005,6.4,6109
2005,4.7,6111
2005,5.5,6113
2005,9,6115
2005,5,8000
2005,5.7,8001
2005,5.5,8003
2005,5.1,8005
2005,5.1,8007
2005,3.8,8009
2005,6.3,8011
2005,4.4,8013
2005,4.8,8014
2005,5.3,8015
2005,3,8017
2005,4.7,8019
2005,7.8,8021
2005,10.1,8023
2005,7.9,8025
2005,4.7,8027
2005,5,8029
2005,5.7,8031
2005,7,8033
2005,4.1,8035
2005,3.8,8037
2005,4.5,8039
2005,5.3,8041
2005,6.1,8043
2005,3.7,8045
2005,4.8,8047
2005,4.1,8049
2005,3.9,8051
2005,2.8,8053
2005,7.7,8055
2005,4,8057
2005,4.9,8059
2005,4.1,8061
2005,3.4,8063
2005,4.9,8065
2005,3.8,8067
2005,4.4,8069
2005,5,8071
2005,4.1,8073
2005,4,8075
2005,4.9,8077
2005,5,8079
2005,4.4,8081
2005,5.2,8083
2005,4.7,8085
2005,4.3,8087
2005,6.4,8089
2005,3.4,8091
2005,4.7,8093
2005,3.5,8095
2005,4,8097
2005,4.7,8099
2005,6.8,8101
2005,3.5,8103
2005,5.8,8105
2005,3.7,8107
2005,7.5,8109
2005,7.3,8111
2005,4.2,8113
2005,3.1,8115
2005,3.8,8117
2005,4.9,8119
2005,3.8,8121
2005,5.5,8123
2005,3.1,8125
2005,4.9,9000
2005,4.4,9001
2005,5.3,9003
2005,4.6,9005
2005,4.3,9007
2005,5.3,9009
2005,4.5,9011
2005,4.2,9013
2005,5.5,9015
2005,4.1,10000
2005,3.6,10001
2005,4.4,10003
2005,3.7,10005
2005,6.4,11000
2005,6.4,11001
2005,3.7,12000
2005,2.9,12001
2005,3.2,12003
2005,3.6,12005
2005,3.2,12007
2005,3.6,12009
2005,3.7,12011
2005,3.8,12013
2005,4,12015
2005,4.3,12017
2005,3.4,12019
2005,3.5,12021
2005,3.4,12023
2005,4.6,12027
2005,3.8,12029
2005,4,12031
2005,3.9,12033
2005,4.4,12035
2005,3.6,12037
2005,3.9,12039
2005,3.2,12041
2005,4.9,12043
2005,3.3,12045
2005,4.1,12047
2005,4.8,12049
2005,7.4,12051
2005,4.9,12053
2005,4.2,12055
2005,3.8,12057
2005,3.6,12059
2005,4.8,12061
2005,3.5,12063
2005,3.2,12065
2005,3,12067
2005,3.8,12069
2005,3.2,12071
2005,3.2,12073
2005,3.8,12075
2005,2.8,12077
2005,4.7,12079
2005,3.5,12081
2005,3.8,12083
2005,4,12085
2005,3.2,12086
2005,2.7,12087
2005,3.3,12089
2005,2.8,12091
2005,4.8,12093
2005,3.6,12095
2005,3.8,12097
2005,4.3,12099
2005,4.4,12101
2005,3.9,12103
2005,4.1,12105
2005,4.3,12107
2005,3.1,12109
2005,4.8,12111
2005,3.6,12113
2005,3.4,12115
2005,3.4,12117
2005,3.4,12119
2005,3.6,12121
2005,4.1,12123
2005,3,12125
2005,3.7,12127
2005,2.8,12129
2005,2.8,12131
2005,3.7,12133
2005,5.3,13000
2005,6,13001
2005,5.4,13003
2005,5.3,13005
2005,5.2,13007
2005,5.5,13009
2005,3.9,13011
2005,4.8,13013
2005,5.8,13015
2005,5.6,13017
2005,4.2,13019
2005,5.8,13021
2005,7.5,13023
2005,5.4,13025
2005,4.3,13027
2005,4,13029
2005,4.7,13031
2005,7.6,13033
2005,6.1,13035
2005,7.2,13037
2005,4.7,13039
2005,4.8,13043
2005,5.5,13045
2005,4.4,13047
2005,5.3,13049
2005,4.6,13051
2005,10.6,13053
2005,5.5,13055
2005,4.2,13057
2005,4.5,13059
2005,5.4,13061
2005,6.9,13063
2005,6.2,13065
2005,4.8,13067
2005,5.8,13069
2005,5.2,13071
2005,4.6,13073
2005,6,13075
2005,4.9,13077
2005,5.9,13079
2005,6.6,13081
2005,4.8,13083
2005,4.3,13085
2005,6.2,13087
2005,6.1,13089
2005,5.8,13091
2005,6.3,13093
2005,6.3,13095
2005,5.7,13097
2005,5.6,13099
2005,3.4,13101
2005,4,13103
2005,6.8,13105
2005,5.6,13107
2005,5.1,13109
2005,5.1,13111
2005,4.6,13113
2005,5.2,13115
2005,3.8,13117
2005,5.7,13119
2005,5.8,13121
2005,4.7,13123
2005,6.6,13125
2005,4.5,13127
2005,4.9,13129
2005,4.6,13131
2005,7.3,13133
2005,4.7,13135
2005,4.4,13137
2005,4.5,13139
2005,8.2,13141
2005,5.4,13143
2005,4.2,13145
2005,7,13147
2005,5.8,13149
2005,5.3,13151
2005,4.8,13153
2005,5.8,13155
2005,4.7,13157
2005,5.1,13159
2005,7.1,13161
2005,8.5,13163
2005,6,13165
2005,6.1,13167
2005,4.9,13169
2005,6.1,13171
2005,4,13173
2005,5.5,13175
2005,4,13177
2005,5.9,13179
2005,7.1,13181
2005,4,13183
2005,4,13185
2005,4.8,13187
2005,7,13189
2005,5.4,13191
2005,8.8,13193
2005,4.4,13195
2005,5.3,13197
2005,7.2,13199
2005,3.8,13201
2005,5.6,13205
2005,5.1,13207
2005,5.8,13209
2005,4.6,13211
2005,4.6,13213
2005,6.2,13215
2005,6,13217
2005,3.5,13219
2005,4.6,13221
2005,4.7,13223
2005,6.7,13225
2005,4.2,13227
2005,4.8,13229
2005,5.7,13231
2005,5.1,13233
2005,5.7,13235
2005,5.4,13237
2005,6.2,13239
2005,4.7,13241
2005,7.6,13243
2005,6.8,13245
2005,5.8,13247
2005,6.8,13249
2005,5.5,13251
2005,5.7,13253
2005,7.3,13255
2005,5.9,13257
2005,9.3,13259
2005,6.9,13261
2005,7.1,13263
2005,7.4,13265
2005,6.4,13267
2005,7.8,13269
2005,7.6,13271
2005,6.9,13273
2005,4.5,13275
2005,5.2,13277
2005,6.3,13279
2005,3.9,13281
2005,7.5,13283
2005,6.8,13285
2005,6.6,13287
2005,6.9,13289
2005,4.3,13291
2005,6.8,13293
2005,5,13295
2005,4.8,13297
2005,5.6,13299
2005,10.2,13301
2005,6.6,13303
2005,6.2,13305
2005,6.4,13307
2005,6.4,13309
2005,4.5,13311
2005,4.8,13313
2005,6.8,13315
2005,6.9,13317
2005,5.9,13319
2005,5.5,13321
2005,2.9,15000
2005,3.4,15001
2005,2.8,15003
2005,2.8,15007
2005,2.7,15009
2005,4,16000
2005,3.3,16001
2005,8,16003
2005,3.9,16005
2005,4.1,16007
2005,7.7,16009
2005,3.7,16011
2005,2.8,16013
2005,4.5,16015
2005,5.1,16017
2005,3,16019
2005,8,16021
2005,4.3,16023
2005,3.9,16025
2005,4.4,16027
2005,5.3,16029
2005,4.6,16031
2005,4.9,16033
2005,9.3,16035
2005,5,16037
2005,4.6,16039
2005,3.2,16041
2005,3.9,16043
2005,4.8,16045
2005,3,16047
2005,6.7,16049
2005,3.3,16051
2005,3.7,16053
2005,4.5,16055
2005,3.5,16057
2005,6,16059
2005,3.5,16061
2005,4.5,16063
2005,2.7,16065
2005,5.7,16067
2005,4.4,16069
2005,2.6,16071
2005,2.5,16073
2005,7,16075
2005,4.7,16077
2005,7.8,16079
2005,3,16081
2005,3.7,16083
2005,4.8,16085
2005,5.3,16087
2005,5.7,17000
2005,3.7,17001
2005,8.6,17003
2005,5.4,17005
2005,6.6,17007
2005,3.8,17009
2005,4.9,17011
2005,6.1,17013
2005,5.6,17015
2005,4.7,17017
2005,4.1,17019
2005,5.8,17021
2005,5.5,17023
2005,6.1,17025
2005,4.7,17027
2005,4.7,17029
2005,6.4,17031
2005,5.8,17033
2005,5.2,17035
2005,5.1,17037
2005,5.4,17039
2005,4.6,17041
2005,4.7,17043
2005,5.3,17045
2005,4.7,17047
2005,5.4,17049
2005,6.5,17051
2005,4.8,17053
2005,7.1,17055
2005,6,17057
2005,6.3,17059
2005,5.4,17061
2005,7.1,17063
2005,5.5,17065
2005,5,17067
2005,7.9,17069
2005,5.8,17071
2005,4.5,17073
2005,4.7,17075
2005,4.6,17077
2005,6,17079
2005,5.1,17081
2005,5.3,17083
2005,4.2,17085
2005,6.1,17087
2005,5.5,17089
2005,6.4,17091
2005,5,17093
2005,7.3,17095
2005,4.6,17097
2005,6.1,17099
2005,5.1,17101
2005,5,17103
2005,4.9,17105
2005,5.5,17107
2005,4.6,17109
2005,5.1,17111
2005,4.1,17113
2005,6.1,17115
2005,5.7,17117
2005,5.5,17119
2005,6.3,17121
2005,4.4,17123
2005,6.6,17125
2005,5.4,17127
2005,4.4,17129
2005,5.5,17131
2005,4.2,17133
2005,6.9,17135
2005,5.5,17137
2005,4.1,17139
2005,5.3,17141
2005,4.9,17143
2005,6.7,17145
2005,4,17147
2005,4.8,17149
2005,6.2,17151
2005,7.9,17153
2005,5.5,17155
2005,5.4,17157
2005,5.6,17159
2005,4.6,17161
2005,6.3,17163
2005,5.9,17165
2005,4.5,17167
2005,4.7,17169
2005,6.2,17171
2005,5.2,17173
2005,5.5,17175
2005,5.2,17177
2005,4.6,17179
2005,6.8,17181
2005,6.3,17183
2005,5.7,17185
2005,5.5,17187
2005,4.4,17189
2005,5,17191
2005,4.9,17193
2005,5.7,17195
2005,5.8,17197
2005,5.3,17199
2005,6.3,17201
2005,3.7,17203
2005,5.5,18000
2005,4.8,18001
2005,5.3,18003
2005,4.8,18005
2005,5.3,18007
2005,7.1,18009
2005,4.1,18011
2005,5.7,18013
2005,5.2,18015
2005,5.8,18017
2005,5.2,18019
2005,7,18021
2005,5.7,18023
2005,7.7,18025
2005,4.1,18027
2005,5.7,18029
2005,5.1,18031
2005,6.3,18033
2005,6.9,18035
2005,3.9,18037
2005,4.6,18039
2005,8.1,18041
2005,5.2,18043
2005,5.4,18045
2005,6.4,18047
2005,5.4,18049
2005,5,18051
2005,8.5,18053
2005,6.7,18055
2005,3.5,18057
2005,4.3,18059
2005,6.3,18061
2005,4.1,18063
2005,6.8,18065
2005,6.6,18067
2005,5.6,18069
2005,4.9,18071
2005,5.7,18073
2005,5.4,18075
2005,5.4,18077
2005,6.7,18079
2005,4.4,18081
2005,5.2,18083
2005,4.3,18085
2005,4.9,18087
2005,6.2,18089
2005,6.1,18091
2005,7.8,18093
2005,6.6,18095
2005,5.6,18097
2005,5.3,18099
2005,5.5,18101
2005,6.2,18103
2005,4.8,18105
2005,4.7,18107
2005,5,18109
2005,5.4,18111
2005,6.2,18113
2005,5.3,18115
2005,7.4,18117
2005,6.3,18119
2005,6.5,18121
2005,5.9,18123
2005,5.6,18125
2005,4.8,18127
2005,4.9,18129
2005,5,18131
2005,6.7,18133
2005,7.4,18135
2005,5.3,18137
2005,4.7,18139
2005,5.3,18141
2005,6.2,18143
2005,5,18145
2005,5.7,18147
2005,7,18149
2005,6.3,18151
2005,7.5,18153
2005,4.8,18155
2005,4.9,18157
2005,5.7,18159
2005,5.6,18161
2005,5.2,18163
2005,7.4,18165
2005,6.8,18167
2005,6.6,18169
2005,4.5,18171
2005,4.7,18173
2005,6.2,18175
2005,7.1,18177
2005,4.8,18179
2005,5.8,18181
2005,5.1,18183
2005,4.3,19000
2005,4,19001
2005,5.2,19003
2005,5.2,19005
2005,5.2,19007
2005,4.6,19009
2005,4.7,19011
2005,4.3,19013
2005,3.5,19015
2005,3.7,19017
2005,4.6,19019
2005,3.8,19021
2005,4.8,19023
2005,4,19025
2005,3,19027
2005,4.6,19029
2005,3.8,19031
2005,4.4,19033
2005,4.7,19035
2005,5.3,19037
2005,5.2,19039
2005,4,19041
2005,6.5,19043
2005,4.7,19045
2005,3.8,19047
2005,3.4,19049
2005,5.3,19051
2005,4.9,19053
2005,4.4,19055
2005,5.4,19057
2005,4.3,19059
2005,4.3,19061
2005,4.4,19063
2005,5,19065
2005,5,19067
2005,4.7,19069
2005,4,19071
2005,4.6,19073
2005,3.8,19075
2005,4.2,19077
2005,3.9,19079
2005,4.5,19081
2005,4.7,19083
2005,4.7,19085
2005,4.9,19087
2005,4.4,19089
2005,3.7,19091
2005,4,19093
2005,4.4,19095
2005,5.3,19097
2005,5.9,19099
2005,4.6,19101
2005,3.1,19103
2005,4.8,19105
2005,4.7,19107
2005,4,19109
2005,6.6,19111
2005,4.3,19113
2005,4.4,19115
2005,5.2,19117
2005,2.9,19119
2005,4.5,19121
2005,4.3,19123
2005,3.9,19125
2005,4.8,19127
2005,4.1,19129
2005,4.2,19131
2005,5.7,19133
2005,5,19135
2005,4.3,19137
2005,3.9,19139
2005,3.8,19141
2005,4,19143
2005,3.8,19145
2005,4,19147
2005,3.5,19149
2005,4.1,19151
2005,4,19153
2005,4.9,19155
2005,4.6,19157
2005,4.6,19159
2005,3.9,19161
2005,4.4,19163
2005,3.7,19165
2005,2.9,19167
2005,3,19169
2005,5.5,19171
2005,3.8,19173
2005,4.9,19175
2005,5.1,19177
2005,5.5,19179
2005,3.7,19181
2005,3.7,19183
2005,4.6,19185
2005,4.3,19187
2005,4.6,19189
2005,4.2,19191
2005,4.8,19193
2005,4.6,19195
2005,4.2,19197
2005,5,20000
2005,5.4,20001
2005,5.9,20003
2005,5.5,20005
2005,3.7,20007
2005,4,20009
2005,5,20011
2005,4.8,20013
2005,5.5,20015
2005,4.1,20017
2005,5.3,20019
2005,6.4,20021
2005,4.5,20023
2005,3.5,20025
2005,4.1,20027
2005,3.8,20029
2005,5.6,20031
2005,2.9,20033
2005,5.5,20035
2005,5.7,20037
2005,3.4,20039
2005,4.5,20041
2005,6.3,20043
2005,4,20045
2005,3.4,20047
2005,5.5,20049
2005,3.4,20051
2005,3.9,20053
2005,4.1,20055
2005,3.6,20057
2005,5.7,20059
2005,5.9,20061
2005,3,20063
2005,3.5,20065
2005,3.6,20067
2005,3,20069
2005,4,20071
2005,5.3,20073
2005,3.3,20075
2005,3.7,20077
2005,4.5,20079
2005,3.1,20081
2005,3.9,20083
2005,5.8,20085
2005,5.2,20087
2005,3.2,20089
2005,4.6,20091
2005,4.2,20093
2005,4.2,20095
2005,3.5,20097
2005,6.5,20099
2005,3.6,20101
2005,6.1,20103
2005,4.3,20105
2005,7.2,20107
2005,3.5,20109
2005,4.6,20111
2005,3.8,20113
2005,4.2,20115
2005,3.7,20117
2005,3.6,20119
2005,5.1,20121
2005,3.8,20123
2005,5.8,20125
2005,5,20127
2005,3.5,20129
2005,3.7,20131
2005,5,20133
2005,3.2,20135
2005,3.6,20137
2005,6.2,20139
2005,3.8,20141
2005,4.5,20143
2005,3.8,20145
2005,3.7,20147
2005,4.1,20149
2005,3.5,20151
2005,4,20153
2005,5,20155
2005,4.1,20157
2005,4.6,20159
2005,3.7,20161
2005,4.2,20163
2005,4,20165
2005,4.6,20167
2005,4.4,20169
2005,3.4,20171
2005,5.5,20173
2005,3.9,20175
2005,5.5,20177
2005,2.8,20179
2005,3.4,20181
2005,3.6,20183
2005,3.9,20185
2005,3,20187
2005,4,20189
2005,5.9,20191
2005,3.1,20193
2005,3.3,20195
2005,4.5,20197
2005,3,20199
2005,3.8,20201
2005,3.5,20203
2005,4.4,20205
2005,6.4,20207
2005,8.7,20209
2005,5.9,21000
2005,5.6,21001
2005,6.5,21003
2005,4.8,21005
2005,6.8,21007
2005,5.4,21009
2005,8.2,21011
2005,7.4,21013
2005,4.8,21015
2005,5.4,21017
2005,5.9,21019
2005,6.6,21021
2005,6.3,21023
2005,7.4,21025
2005,7,21027
2005,5.7,21029
2005,7.1,21031
2005,5.9,21033
2005,5.6,21035
2005,5.4,21037
2005,7.3,21039
2005,5.6,21041
2005,8.3,21043
2005,6.1,21045
2005,7,21047
2005,5.5,21049
2005,8.5,21051
2005,6.4,21053
2005,6,21055
2005,7.9,21057
2005,5.8,21059
2005,7.1,21061
2005,9.6,21063
2005,7.1,21065
2005,4.5,21067
2005,6,21069
2005,7,21071
2005,4.6,21073
2005,7.4,21075
2005,5.9,21077
2005,6.2,21079
2005,5.5,21081
2005,10,21083
2005,8.6,21085
2005,6.2,21087
2005,6.4,21089
2005,6.2,21091
2005,5.8,21093
2005,7.8,21095
2005,5.9,21097
2005,6.5,21099
2005,5.4,21101
2005,5.7,21103
2005,7.8,21105
2005,5.9,21107
2005,7.5,21109
2005,5.9,21111
2005,4.7,21113
2005,6.7,21115
2005,5,21117
2005,6.9,21119
2005,6.4,21121
2005,6.3,21123
2005,5.6,21125
2005,8,21127
2005,7.6,21129
2005,8.1,21131
2005,7.2,21133
2005,9.4,21135
2005,6.9,21137
2005,5.8,21139
2005,6.4,21141
2005,7.3,21143
2005,5.8,21145
2005,8.7,21147
2005,7.2,21149
2005,4.9,21151
2005,11.7,21153
2005,5.7,21155
2005,6.5,21157
2005,7.7,21159
2005,6.3,21161
2005,7,21163
2005,8.1,21165
2005,5.8,21167
2005,5.6,21169
2005,6.4,21171
2005,6.9,21173
2005,9.6,21175
2005,8.6,21177
2005,6.3,21179
2005,9.5,21181
2005,6.5,21183
2005,4.8,21185
2005,5.8,21187
2005,7.7,21189
2005,5.7,21191
2005,7.1,21193
2005,6.2,21195
2005,7.7,21197
2005,6,21199
2005,7,21201
2005,7.1,21203
2005,5.8,21205
2005,6.6,21207
2005,4.9,21209
2005,5.2,21211
2005,5.6,21213
2005,5.3,21215
2005,5.3,21217
2005,6.5,21219
2005,6.6,21221
2005,6.4,21223
2005,6,21225
2005,4.9,21227
2005,6,21229
2005,6.1,21231
2005,5,21233
2005,6,21235
2005,10,21237
2005,4.2,21239
2005,7.2,22000
2005,6.1,22001
2005,9.7,22003
2005,6.5,22005
2005,9.9,22007
2005,8.3,22009
2005,7.5,22011
2005,7.4,22013
2005,5.4,22015
2005,6.1,22017
2005,7.5,22019
2005,7.3,22021
2005,5.8,22023
2005,8.4,22025
2005,6.4,22027
2005,10.7,22029
2005,6.9,22031
2005,6.9,22033
2005,13.3,22035
2005,6.8,22037
2005,7.2,22039
2005,9.1,22041
2005,6.3,22043
2005,6.7,22045
2005,9,22047
2005,6,22049
2005,,22051
2005,6.2,22053
2005,5.2,22055
2005,6,22057
2005,5.4,22059
2005,6.9,22061
2005,5.9,22063
2005,9.2,22065
2005,9.2,22067
2005,6.9,22069
2005,,22071
2005,6.1,22073
2005,,22075
2005,8.9,22077
2005,6.2,22079
2005,8.9,22081
2005,7.8,22083
2005,6.1,22085
2005,,22087
2005,,22089
2005,14.1,22091
2005,10.6,22093
2005,,22095
2005,7.2,22097
2005,6,22099
2005,8.8,22101
2005,,22103
2005,9.5,22105
2005,13.7,22107
2005,6.5,22109
2005,6.2,22111
2005,6,22113
2005,5.9,22115
2005,10.1,22117
2005,6.4,22119
2005,7,22121
2005,11,22123
2005,8.1,22125
2005,6.4,22127
2005,4.9,23000
2005,4.9,23001
2005,6.6,23003
2005,3.6,23005
2005,5.8,23007
2005,5.5,23009
2005,5,23011
2005,4.2,23013
2005,4.5,23015
2005,5.8,23017
2005,5.1,23019
2005,7.4,23021
2005,4.4,23023
2005,7.6,23025
2005,5.4,23027
2005,8.5,23029
2005,4.2,23031
2005,4.1,24000
2005,6.1,24001
2005,3.5,24003
2005,4.3,24005
2005,3.4,24009
2005,4.4,24011
2005,3.3,24013
2005,4.6,24015
2005,3.4,24017
2005,5.4,24019
2005,3.1,24021
2005,4.8,24023
2005,3.9,24025
2005,3.1,24027
2005,4.2,24029
2005,3.1,24031
2005,4.5,24033
2005,3.5,24035
2005,3.5,24037
2005,6,24039
2005,3.9,24041
2005,4.4,24043
2005,4.2,24045
2005,6.6,24047
2005,6.9,24510
2005,4.8,25000
2005,4.9,25001
2005,4.4,25003
2005,6,25005
2005,3.9,25007
2005,5.3,25009
2005,4.3,25011
2005,5.8,25013
2005,4,25015
2005,4.1,25017
2005,2.4,25019
2005,4.2,25021
2005,4.9,25023
2005,5.3,25025
2005,5.2,25027
2005,6.8,26000
2005,10.4,26001
2005,7.6,26003
2005,6.3,26005
2005,7.6,26007
2005,7.8,26009
2005,9.4,26011
2005,11.3,26013
2005,5.2,26015
2005,7.1,26017
2005,7.8,26019
2005,6.9,26021
2005,7.1,26023
2005,6.7,26025
2005,5.1,26027
2005,7.4,26029
2005,9.1,26031
2005,8.6,26033
2005,9.7,26035
2005,5.4,26037
2005,7.2,26039
2005,7.3,26041
2005,5.8,26043
2005,5.5,26045
2005,8,26047
2005,7.9,26049
2005,10.3,26051
2005,7.9,26053
2005,6,26055
2005,8.3,26057
2005,7.6,26059
2005,6.5,26061
2005,7.7,26063
2005,6.4,26065
2005,7.3,26067
2005,9.2,26069
2005,7.4,26071
2005,5,26073
2005,6.8,26075
2005,5.2,26077
2005,7.6,26079
2005,5.8,26081
2005,10.6,26083
2005,10.4,26085
2005,7.5,26087
2005,5.2,26089
2005,7.1,26091
2005,5.2,26093
2005,7.7,26095
2005,10.1,26097
2005,6.6,26099
2005,8,26101
2005,5.8,26103
2005,7.8,26105
2005,7.3,26107
2005,5.3,26109
2005,5.9,26111
2005,7.5,26113
2005,6.2,26115
2005,8.7,26117
2005,12.1,26119
2005,7,26121
2005,7.5,26123
2005,5.5,26125
2005,8.1,26127
2005,7.7,26129
2005,7.4,26131
2005,7.6,26133
2005,10.6,26135
2005,7.1,26137
2005,5.2,26139
2005,11.3,26141
2005,8.5,26143
2005,8,26145
2005,7.7,26147
2005,6.5,26149
2005,8.2,26151
2005,10.7,26153
2005,8,26155
2005,8.2,26157
2005,7,26159
2005,4.5,26161
2005,8.3,26163
2005,7.7,26165
2005,4.1,27000
2005,6,27001
2005,3.9,27003
2005,5.4,27005
2005,5.3,27007
2005,4.7,27009
2005,4.6,27011
2005,3.3,27013
2005,4.3,27015
2005,5.8,27017
2005,3.4,27019
2005,6.2,27021
2005,4.1,27023
2005,4.8,27025
2005,3.4,27027
2005,10.1,27029
2005,4.4,27031
2005,4.3,27033
2005,4.9,27035
2005,3.6,27037
2005,3.9,27039
2005,3.8,27041
2005,4.8,27043
2005,4.2,27045
2005,4.7,27047
2005,4.4,27049
2005,5.6,27051
2005,3.7,27053
2005,4.5,27055
2005,5.4,27057
2005,4.8,27059
2005,5.9,27061
2005,3.4,27063
2005,6.7,27065
2005,4.1,27067
2005,5.2,27069
2005,6.1,27071
2005,3.9,27073
2005,4.3,27075
2005,4.5,27077
2005,5.4,27079
2005,3.6,27081
2005,3.3,27083
2005,4.1,27085
2005,5.5,27087
2005,7.1,27089
2005,4.1,27091
2005,5.1,27093
2005,6.7,27095
2005,5.4,27097
2005,3.8,27099
2005,4.1,27101
2005,3.2,27103
2005,3.3,27105
2005,4.6,27107
2005,3.5,27109
2005,4.8,27111
2005,5.5,27113
2005,6.6,27115
2005,3.6,27117
2005,4.5,27119
2005,3.9,27121
2005,3.9,27123
2005,6.8,27125
2005,3.9,27127
2005,4.9,27129
2005,4.5,27131
2005,3,27133
2005,5,27135
2005,5,27137
2005,3.5,27139
2005,4.3,27141
2005,4.2,27143
2005,4.3,27145
2005,4.1,27147
2005,3.6,27149
2005,4.5,27151
2005,5.1,27153
2005,3.8,27155
2005,4.1,27157
2005,6.7,27159
2005,4.4,27161
2005,3.5,27163
2005,4.1,27165
2005,3.7,27167
2005,3.6,27169
2005,4.3,27171
2005,4.2,27173
2005,7.5,28000
2005,9.1,28001
2005,7,28003
2005,8.3,28005
2005,8.2,28007
2005,9.9,28009
2005,9.1,28011
2005,7.1,28013
2005,6.9,28015
2005,9.1,28017
2005,7.6,28019
2005,11.7,28021
2005,7.6,28023
2005,10.5,28025
2005,10.3,28027
2005,8,28029
2005,6.7,28031
2005,4.1,28033
2005,6.2,28035
2005,8.7,28037
2005,8.8,28039
2005,9.2,28041
2005,7.3,28043
2005,10.8,28045
2005,10.8,28047
2005,6.5,28049
2005,11.7,28051
2005,9.9,28053
2005,11.6,28055
2005,6.4,28057
2005,9.9,28059
2005,7.7,28061
2005,14.7,28063
2005,8.9,28065
2005,5.7,28067
2005,9.2,28069
2005,5.1,28071
2005,5.3,28073
2005,7,28075
2005,8.1,28077
2005,7.3,28079
2005,6.2,28081
2005,9.6,28083
2005,7.3,28085
2005,7.5,28087
2005,5.1,28089
2005,8.2,28091
2005,8.5,28093
2005,8,28095
2005,7.9,28097
2005,5.9,28099
2005,6.2,28101
2005,12.2,28103
2005,6,28105
2005,8.6,28107
2005,9.2,28109
2005,8.2,28111
2005,8.7,28113
2005,5.9,28115
2005,7.6,28117
2005,9.2,28119
2005,4.5,28121
2005,5.5,28123
2005,11,28125
2005,6,28127
2005,6,28129
2005,7.7,28131
2005,10.1,28133
2005,9,28135
2005,6.5,28137
2005,6.8,28139
2005,8.5,28141
2005,10.2,28143
2005,6.4,28145
2005,9,28147
2005,6.8,28149
2005,11,28151
2005,7.5,28153
2005,7.9,28155
2005,12.2,28157
2005,7.4,28159
2005,8.7,28161
2005,9.6,28163
2005,5.4,29000
2005,4.2,29001
2005,5.2,29003
2005,4.7,29005
2005,5.2,29007
2005,5,29009
2005,5,29011
2005,6.4,29013
2005,6.1,29015
2005,6.2,29017
2005,3.6,29019
2005,5.8,29021
2005,5.2,29023
2005,6,29025
2005,4.7,29027
2005,5.1,29029
2005,4.5,29031
2005,5.4,29033
2005,6.2,29035
2005,5.1,29037
2005,5.9,29039
2005,5.5,29041
2005,4.3,29043
2005,5.9,29045
2005,4.6,29047
2005,5.4,29049
2005,4.1,29051
2005,4.7,29053
2005,6,29055
2005,5.5,29057
2005,5.4,29059
2005,4.9,29061
2005,5.9,29063
2005,6.3,29065
2005,6.1,29067
2005,7.2,29069
2005,5.8,29071
2005,5.6,29073
2005,4.4,29075
2005,4.2,29077
2005,5.2,29079
2005,5.3,29081
2005,6.1,29083
2005,7.8,29085
2005,4.5,29087
2005,4.5,29089
2005,4.7,29091
2005,7,29093
2005,6.4,29095
2005,4.8,29097
2005,5.4,29099
2005,4.6,29101
2005,3.9,29103
2005,5.5,29105
2005,5.5,29107
2005,4.6,29109
2005,4.5,29111
2005,5.5,29113
2005,8,29115
2005,4.8,29117
2005,4.3,29119
2005,4.9,29121
2005,6.3,29123
2005,4.7,29125
2005,5.2,29127
2005,4.3,29129
2005,5.7,29131
2005,7.2,29133
2005,5.1,29135
2005,5.5,29137
2005,5.7,29139
2005,6.4,29141
2005,6.8,29143
2005,5,29145
2005,3.7,29147
2005,5.3,29149
2005,4.7,29151
2005,5.4,29153
2005,7.6,29155
2005,4,29157
2005,5.5,29159
2005,4.5,29161
2005,5.3,29163
2005,4.5,29165
2005,4.9,29167
2005,5.3,29169
2005,4.7,29171
2005,5.5,29173
2005,5.1,29175
2005,5.4,29177
2005,7.8,29179
2005,6,29181
2005,4.2,29183
2005,5.9,29185
2005,5.3,29186
2005,6.6,29187
2005,5.2,29189
2005,4.9,29195
2005,5.9,29197
2005,3.9,29199
2005,5.7,29201
2005,7.3,29203
2005,5.2,29205
2005,5.8,29207
2005,8,29209
2005,5.6,29211
2005,8.7,29213
2005,6.4,29215
2005,4.8,29217
2005,5.4,29219
2005,8.7,29221
2005,6.7,29223
2005,4.7,29225
2005,4,29227
2005,6.3,29229
2005,8.1,29510
2005,4.4,30000
2005,3.6,30001
2005,9.1,30003
2005,4.5,30005
2005,4.1,30007
2005,3.8,30009
2005,4,30011
2005,4.3,30013
2005,3.7,30015
2005,4,30017
2005,3.8,30019
2005,3.7,30021
2005,6.2,30023
2005,2.8,30025
2005,5.2,30027
2005,4.9,30029
2005,3.2,30031
2005,4.2,30033
2005,7.8,30035
2005,4.8,30037
2005,6,30039
2005,4.5,30041
2005,4.2,30043
2005,4.8,30045
2005,5.8,30047
2005,4,30049
2005,4.7,30051
2005,8.8,30053
2005,3.6,30055
2005,3.7,30057
2005,4.8,30059
2005,6.1,30061
2005,3.9,30063
2005,5.6,30065
2005,4.2,30067
2005,5.3,30069
2005,4.4,30071
2005,5.1,30073
2005,3.9,30075
2005,6.4,30077
2005,5.1,30079
2005,5.2,30081
2005,3.5,30083
2005,6.8,30085
2005,6,30087
2005,6.9,30089
2005,3.7,30091
2005,4.5,30093
2005,3.5,30095
2005,2.2,30097
2005,3.7,30099
2005,3.4,30101
2005,4.2,30103
2005,4.2,30105
2005,4.3,30107
2005,3.7,30109
2005,3.5,30111
2005,3.8,31000
2005,3.4,31001
2005,3.4,31003
2005,3.9,31005
2005,2.8,31007
2005,3.9,31009
2005,3.4,31011
2005,4,31013
2005,3.6,31015
2005,3.2,31017
2005,2.8,31019
2005,4.9,31021
2005,3.6,31023
2005,4.1,31025
2005,2.7,31027
2005,2.8,31029
2005,2.4,31031
2005,2.9,31033
2005,3.7,31035
2005,2.8,31037
2005,3,31039
2005,2.9,31041
2005,4.7,31043
2005,3.2,31045
2005,4.4,31047
2005,3.1,31049
2005,3.9,31051
2005,4.4,31053
2005,4.5,31055
2005,4.1,31057
2005,3.2,31059
2005,3.4,31061
2005,2.5,31063
2005,3.7,31065
2005,4.4,31067
2005,2.9,31069
2005,3,31071
2005,3.5,31073
2005,2.6,31075
2005,3.6,31077
2005,3.8,31079
2005,2.7,31081
2005,3.2,31083
2005,3.5,31085
2005,3.7,31087
2005,3.1,31089
2005,3.3,31091
2005,3.6,31093
2005,3.8,31095
2005,3.6,31097
2005,2.8,31099
2005,3.2,31101
2005,3.4,31103
2005,2.9,31105
2005,3.4,31107
2005,3.5,31109
2005,3.5,31111
2005,2.5,31113
2005,4.4,31115
2005,2.1,31117
2005,4,31119
2005,3.7,31121
2005,3.1,31123
2005,3.8,31125
2005,4.5,31127
2005,3.3,31129
2005,4,31131
2005,3.6,31133
2005,2.5,31135
2005,2.8,31137
2005,3.5,31139
2005,3.7,31141
2005,3.2,31143
2005,3.5,31145
2005,4.5,31147
2005,3,31149
2005,3.3,31151
2005,3.4,31153
2005,3.9,31155
2005,4.2,31157
2005,3.2,31159
2005,2.7,31161
2005,3.8,31163
2005,2.8,31165
2005,3.1,31167
2005,3,31169
2005,3.6,31171
2005,7.8,31173
2005,3.5,31175
2005,3.3,31177
2005,3,31179
2005,3.6,31181
2005,2.8,31183
2005,2.8,31185
2005,4.1,32000
2005,3.9,32001
2005,4.1,32003
2005,4.5,32005
2005,3.5,32007
2005,4.6,32009
2005,3.3,32011
2005,3.6,32013
2005,3.6,32015
2005,5,32017
2005,5.6,32019
2005,5.7,32021
2005,5.5,32023
2005,4.8,32027
2005,4.3,32029
2005,3.9,32031
2005,3.9,32033
2005,4.5,32510
2005,3.6,33000
2005,3.3,33001
2005,3.4,33003
2005,3.2,33005
2005,4.1,33007
2005,2.8,33009
2005,3.6,33011
2005,3.1,33013
2005,4.1,33015
2005,3.4,33017
2005,2.9,33019
2005,4.5,34000
2005,5.4,34001
2005,3.7,34003
2005,3.9,34005
2005,4.8,34007
2005,6.6,34009
2005,6.4,34011
2005,5.6,34013
2005,4.4,34015
2005,5.5,34017
2005,3.1,34019
2005,3.9,34021
2005,4.2,34023
2005,4.1,34025
2005,3.3,34027
2005,4.7,34029
2005,5.5,34031
2005,4.9,34033
2005,3.4,34035
2005,3.9,34037
2005,4.8,34039
2005,4,34041
2005,5.1,35000
2005,4.7,35001
2005,6.7,35003
2005,5.8,35005
2005,5.6,35006
2005,5.3,35007
2005,4.1,35009
2005,5.7,35011
2005,5.6,35013
2005,4.6,35015
2005,6,35017
2005,7.4,35019
2005,4.2,35021
2005,5,35023
2005,4.1,35025
2005,4.4,35027
2005,2.7,35028
2005,12.9,35029
2005,6.6,35031
2005,11.2,35033
2005,4.9,35035
2005,5.3,35037
2005,6,35039
2005,3.8,35041
2005,5.2,35043
2005,5.3,35045
2005,6.2,35047
2005,4.1,35049
2005,5.4,35051
2005,4.4,35053
2005,6.7,35055
2005,5.5,35057
2005,3.6,35059
2005,5.3,35061
2005,5,36000
2005,3.9,36001
2005,5.8,36003
2005,7.6,36005
2005,4.9,36007
2005,5.4,36009
2005,4.9,36011
2005,4.8,36013
2005,5.3,36015
2005,4.9,36017
2005,5.3,36019
2005,3.9,36021
2005,5.4,36023
2005,4.4,36025
2005,3.9,36027
2005,5.2,36029
2005,5.3,36031
2005,5.9,36033
2005,5.6,36035
2005,4.8,36037
2005,4.8,36039
2005,5.4,36041
2005,5.3,36043
2005,6.1,36045
2005,6.2,36047
2005,6,36049
2005,5,36051
2005,5.1,36053
2005,4.5,36055
2005,5.3,36057
2005,4,36059
2005,5.1,36061
2005,5.5,36063
2005,4.8,36065
2005,4.5,36067
2005,4.5,36069
2005,4.2,36071
2005,5.6,36073
2005,6.2,36075
2005,4.5,36077
2005,3.7,36079
2005,5.2,36081
2005,4.2,36083
2005,5.3,36085
2005,4,36087
2005,6.1,36089
2005,3.6,36091
2005,4.2,36093
2005,5,36095
2005,5.5,36097
2005,4.6,36099
2005,5.7,36101
2005,4.2,36103
2005,4.8,36105
2005,4.7,36107
2005,3.6,36109
2005,4.3,36111
2005,4.6,36113
2005,4.5,36115
2005,4.9,36117
2005,4,36119
2005,5.2,36121
2005,4.3,36123
2005,5.2,37000
2005,6,37001
2005,5.4,37003
2005,5.5,37005
2005,7.4,37007
2005,5.7,37009
2005,5.4,37011
2005,6.4,37013
2005,7.1,37015
2005,7.4,37017
2005,5,37019
2005,4.4,37021
2005,6.3,37023
2005,4.6,37025
2005,8.1,37027
2005,4.1,37029
2005,4.6,37031
2005,7.8,37033
2005,6.2,37035
2005,4,37037
2005,6,37039
2005,4.9,37041
2005,4.2,37043
2005,7,37045
2005,6.4,37047
2005,4.7,37049
2005,5.4,37051
2005,3,37053
2005,4.7,37055
2005,6,37057
2005,4.2,37059
2005,6,37061
2005,4.3,37063
2005,8.4,37065
2005,4.7,37067
2005,4.8,37069
2005,6.1,37071
2005,4.1,37073
2005,6.9,37075
2005,6,37077
2005,6.2,37079
2005,5.1,37081
2005,7.2,37083
2005,5.3,37085
2005,4.5,37087
2005,4.2,37089
2005,5.9,37091
2005,5.8,37093
2005,5.9,37095
2005,5,37097
2005,4.1,37099
2005,4.5,37101
2005,4.9,37103
2005,5.6,37105
2005,5.8,37107
2005,5.6,37109
2005,7.1,37111
2005,4.7,37113
2005,5.1,37115
2005,5.8,37117
2005,5,37119
2005,7.3,37121
2005,6.8,37123
2005,5.1,37125
2005,6,37127
2005,4.1,37129
2005,6.7,37131
2005,5.3,37133
2005,3.7,37135
2005,4.5,37137
2005,4.8,37139
2005,4.8,37141
2005,4.8,37143
2005,6.4,37145
2005,5.8,37147
2005,4.2,37149
2005,4.8,37151
2005,7.7,37153
2005,6.8,37155
2005,6.6,37157
2005,5.4,37159
2005,8.6,37161
2005,4.9,37163
2005,9.7,37165
2005,5.4,37167
2005,5,37169
2005,5.9,37171
2005,6.9,37173
2005,5.3,37175
2005,7.3,37177
2005,4.5,37179
2005,8.6,37181
2005,4.1,37183
2005,7.1,37185
2005,6.6,37187
2005,4,37189
2005,5.2,37191
2005,5.7,37193
2005,8,37195
2005,4.6,37197
2005,7.2,37199
2005,3.4,38000
2005,3.3,38001
2005,3.4,38003
2005,5.6,38005
2005,2.8,38007
2005,4,38009
2005,2.4,38011
2005,2.6,38013
2005,2.8,38015
2005,2.7,38017
2005,3.7,38019
2005,2.7,38021
2005,3.3,38023
2005,3.4,38025
2005,5.6,38027
2005,5.2,38029
2005,3,38031
2005,3.2,38033
2005,3.2,38035
2005,4,38037
2005,2.9,38039
2005,3.7,38041
2005,4.9,38043
2005,3.3,38045
2005,3.6,38047
2005,5.6,38049
2005,2.9,38051
2005,3.7,38053
2005,4.9,38055
2005,4.5,38057
2005,3.6,38059
2005,5.9,38061
2005,4.2,38063
2005,4.7,38065
2005,6.5,38067
2005,4.6,38069
2005,3.8,38071
2005,3.1,38073
2005,3.1,38075
2005,3.4,38077
2005,9.3,38079
2005,2.7,38081
2005,5.8,38083
2005,6.8,38085
2005,2.3,38087
2005,2.9,38089
2005,2.7,38091
2005,3.2,38093
2005,5,38095
2005,3.8,38097
2005,4.8,38099
2005,3.5,38101
2005,4.8,38103
2005,2.3,38105
2005,5.9,39000
2005,8.5,39001
2005,6.2,39003
2005,6.5,39005
2005,7.4,39007
2005,6.6,39009
2005,4.6,39011
2005,6.6,39013
2005,7,39015
2005,5.4,39017
2005,6.9,39019
2005,5.8,39021
2005,6.5,39023
2005,5.5,39025
2005,5.6,39027
2005,7.3,39029
2005,8.4,39031
2005,6.8,39033
2005,5.4,39035
2005,6,39037
2005,6.2,39039
2005,4.4,39041
2005,6.5,39043
2005,5.5,39045
2005,5.9,39047
2005,5.4,39049
2005,6.3,39051
2005,7.4,39053
2005,4.3,39055
2005,5.7,39057
2005,7.4,39059
2005,5.6,39061
2005,5.1,39063
2005,6,39065
2005,6.7,39067
2005,6.3,39069
2005,6.1,39071
2005,7.7,39073
2005,4.1,39075
2005,7.9,39077
2005,7.5,39079
2005,7.7,39081
2005,5.8,39083
2005,4.6,39085
2005,6.2,39087
2005,5.9,39089
2005,5.3,39091
2005,5.2,39093
2005,7,39095
2005,6,39097
2005,7.1,39099
2005,6.3,39101
2005,4.4,39103
2005,10.1,39105
2005,4.1,39107
2005,5.8,39109
2005,13.5,39111
2005,6.5,39113
2005,10.2,39115
2005,6.4,39117
2005,8.5,39119
2005,8.4,39121
2005,7.9,39123
2005,5.5,39125
2005,8.4,39127
2005,7.2,39129
2005,10.3,39131
2005,5.8,39133
2005,6,39135
2005,5.4,39137
2005,6.7,39139
2005,7.5,39141
2005,6.4,39143
2005,8.8,39145
2005,6.2,39147
2005,4.8,39149
2005,6.6,39151
2005,5.9,39153
2005,7,39155
2005,5.8,39157
2005,5.1,39159
2005,5.3,39161
2005,8.4,39163
2005,4.9,39165
2005,6.1,39167
2005,5.1,39169
2005,6.3,39171
2005,5.8,39173
2005,6,39175
2005,4.5,40000
2005,4.8,40001
2005,4.3,40003
2005,5.3,40005
2005,3.3,40007
2005,3.1,40009
2005,4.9,40011
2005,3.8,40013
2005,5.6,40015
2005,3.7,40017
2005,4.4,40019
2005,4.4,40021
2005,5.6,40023
2005,3.5,40025
2005,3.8,40027
2005,7,40029
2005,4.5,40031
2005,3.7,40033
2005,4.5,40035
2005,5.7,40037
2005,3.2,40039
2005,4.7,40041
2005,3.3,40043
2005,3,40045
2005,3.6,40047
2005,4.1,40049
2005,4.5,40051
2005,3.7,40053
2005,5.7,40055
2005,3.8,40057
2005,3,40059
2005,4.5,40061
2005,7.2,40063
2005,3.9,40065
2005,5.2,40067
2005,4.7,40069
2005,5.6,40071
2005,3.2,40073
2005,4.6,40075
2005,5.6,40077
2005,5.1,40079
2005,4.8,40081
2005,3.9,40083
2005,4.3,40085
2005,4.2,40087
2005,6.6,40089
2005,5.8,40091
2005,3.3,40093
2005,4.9,40095
2005,4.9,40097
2005,3.8,40099
2005,6,40101
2005,3.9,40103
2005,5.2,40105
2005,7.1,40107
2005,4.6,40109
2005,6.3,40111
2005,4.8,40113
2005,5,40115
2005,5,40117
2005,4,40119
2005,4.9,40121
2005,4.3,40123
2005,5.3,40125
2005,5,40127
2005,2.8,40129
2005,4,40131
2005,7,40133
2005,5.5,40135
2005,4,40137
2005,3.6,40139
2005,4.8,40141
2005,4.1,40143
2005,4.1,40145
2005,4.1,40147
2005,3.4,40149
2005,6.9,40151
2005,3.4,40153
2005,6.2,41000
2005,7.4,41001
2005,4.9,41003
2005,5.5,41005
2005,5.8,41007
2005,7.3,41009
2005,7.6,41011
2005,7,41013
2005,6.9,41015
2005,5.7,41017
2005,8.2,41019
2005,5.8,41021
2005,9.7,41023
2005,8.8,41025
2005,6.3,41027
2005,6.2,41029
2005,6,41031
2005,7.3,41033
2005,7.7,41035
2005,8.5,41037
2005,6.1,41039
2005,6.9,41041
2005,7.5,41043
2005,8.7,41045
2005,6.5,41047
2005,7.6,41049
2005,6.1,41051
2005,5.6,41053
2005,6.8,41055
2005,6.2,41057
2005,7.9,41059
2005,6.8,41061
2005,7.5,41063
2005,7.1,41065
2005,5.2,41067
2005,6.3,41069
2005,6.1,41071
2005,5,42000
2005,3.6,42001
2005,5,42003
2005,6.1,42005
2005,5.6,42007
2005,7.1,42009
2005,4.9,42011
2005,5.2,42013
2005,5,42015
2005,4.1,42017
2005,4.8,42019
2005,6.1,42021
2005,7,42023
2005,6,42025
2005,4,42027
2005,3.6,42029
2005,4.9,42031
2005,5.8,42033
2005,6.1,42035
2005,5.8,42037
2005,5.7,42039
2005,3.7,42041
2005,4.3,42043
2005,4.6,42045
2005,5,42047
2005,5.4,42049
2005,7,42051
2005,9,42053
2005,3.4,42055
2005,4.3,42057
2005,6.3,42059
2005,6,42061
2005,5.4,42063
2005,5.4,42065
2005,4.2,42067
2005,5.3,42069
2005,3.7,42071
2005,5.9,42073
2005,3.6,42075
2005,4.9,42077
2005,5.8,42079
2005,5.4,42081
2005,5.5,42083
2005,6.3,42085
2005,5.8,42087
2005,5.5,42089
2005,3.9,42091
2005,4.4,42093
2005,5,42095
2005,5.5,42097
2005,4.2,42099
2005,6.7,42101
2005,5.9,42103
2005,6.4,42105
2005,5.9,42107
2005,4.4,42109
2005,6,42111
2005,5.9,42113
2005,5,42115
2005,5.8,42117
2005,5.3,42119
2005,5.4,42121
2005,5,42123
2005,5.5,42125
2005,4.8,42127
2005,5.3,42129
2005,5.2,42131
2005,4.2,42133
2005,5,44000
2005,4.3,44001
2005,4.8,44003
2005,4.6,44005
2005,5.4,44007
2005,4.1,44009
2005,6.7,45000
2005,7.7,45001
2005,5.9,45003
2005,10.6,45005
2005,7.4,45007
2005,8.6,45009
2005,9,45011
2005,4.9,45013
2005,5.3,45015
2005,7.3,45017
2005,5.4,45019
2005,7.9,45021
2005,9.2,45023
2005,9.4,45025
2005,9.7,45027
2005,7.1,45029
2005,8.7,45031
2005,9.4,45033
2005,5.3,45035
2005,7.2,45037
2005,7.8,45039
2005,8.9,45041
2005,8.6,45043
2005,5.5,45045
2005,9.1,45047
2005,8.3,45049
2005,5.7,45051
2005,5.2,45053
2005,6.5,45055
2005,8.4,45057
2005,6.7,45059
2005,9.5,45061
2005,4.9,45063
2005,11.1,45065
2005,13.6,45067
2005,11.4,45069
2005,7,45071
2005,8.6,45073
2005,9.6,45075
2005,6.5,45077
2005,5.9,45079
2005,6.6,45081
2005,7.5,45083
2005,8.5,45085
2005,10.8,45087
2005,11.1,45089
2005,6.6,45091
2005,3.8,46000
2005,4.1,46003
2005,4.4,46005
2005,6.1,46007
2005,3.9,46009
2005,3.1,46011
2005,3.3,46013
2005,3.3,46015
2005,15.4,46017
2005,3.6,46019
2005,3.8,46021
2005,4.4,46023
2005,4.9,46025
2005,3.4,46027
2005,3.7,46029
2005,7.3,46031
2005,3.9,46033
2005,3.3,46035
2005,6,46037
2005,4.3,46039
2005,9.9,46041
2005,3.3,46043
2005,3.3,46045
2005,4.1,46047
2005,3.7,46049
2005,4.5,46051
2005,3.8,46053
2005,3.3,46055
2005,4,46057
2005,3.2,46059
2005,3.4,46061
2005,3.5,46063
2005,3.1,46065
2005,4,46067
2005,4.3,46069
2005,6.3,46071
2005,3.5,46073
2005,2.9,46075
2005,3.9,46077
2005,3.8,46079
2005,3.6,46081
2005,3,46083
2005,5.3,46085
2005,3.4,46087
2005,4.3,46089
2005,4.8,46091
2005,3.8,46093
2005,5.8,46095
2005,4.9,46097
2005,3.5,46099
2005,4.9,46101
2005,10.9,46102
2005,3.6,46103
2005,4,46105
2005,3.7,46107
2005,5.1,46109
2005,3.5,46111
2005,3.9,46115
2005,2.7,46117
2005,2.9,46119
2005,6,46121
2005,3.6,46123
2005,3.7,46125
2005,4,46127
2005,5.1,46129
2005,3.5,46135
2005,8,46137
2005,5.6,47000
2005,5.1,47001
2005,5.4,47003
2005,8.3,47005
2005,7.9,47007
2005,4.7,47009
2005,5.3,47011
2005,6,47013
2005,5.3,47015
2005,7.6,47017
2005,5.8,47019
2005,4.4,47021
2005,6,47023
2005,5.6,47025
2005,11.5,47027
2005,7.7,47029
2005,5.5,47031
2005,7.8,47033
2005,6.7,47035
2005,4.5,47037
2005,7.8,47039
2005,5.8,47041
2005,5,47043
2005,6.1,47045
2005,6.8,47047
2005,7.1,47049
2005,5.5,47051
2005,8.5,47053
2005,7.3,47055
2005,6,47057
2005,8.6,47059
2005,7.5,47061
2005,5.8,47063
2005,4.7,47065
2005,9,47067
2005,8.6,47069
2005,7.3,47071
2005,6.2,47073
2005,8.3,47075
2005,7.4,47077
2005,7.5,47079
2005,6.2,47081
2005,8.5,47083
2005,7.7,47085
2005,8.6,47087
2005,5.9,47089
2005,8.2,47091
2005,4.2,47093
2005,8.2,47095
2005,8.7,47097
2005,10,47099
2005,9.5,47101
2005,4.8,47103
2005,4.7,47105
2005,6.1,47107
2005,6,47109
2005,5.7,47111
2005,5.6,47113
2005,6.2,47115
2005,6.5,47117
2005,6,47119
2005,7.3,47121
2005,6.1,47123
2005,4.9,47125
2005,4.6,47127
2005,7.5,47129
2005,6,47131
2005,5.8,47133
2005,7.2,47135
2005,8.5,47137
2005,5.9,47139
2005,5,47141
2005,6.8,47143
2005,5.8,47145
2005,4.9,47147
2005,4.2,47149
2005,6.9,47151
2005,5.7,47153
2005,6.1,47155
2005,6.2,47157
2005,6,47159
2005,7.4,47161
2005,5.2,47163
2005,4.6,47165
2005,6.4,47167
2005,6.6,47169
2005,6.2,47171
2005,5.6,47173
2005,8.6,47175
2005,7.9,47177
2005,4.9,47179
2005,12.2,47181
2005,7,47183
2005,9.7,47185
2005,3.8,47187
2005,4.6,47189
2005,5.4,48000
2005,6.3,48001
2005,4,48003
2005,5.5,48005
2005,5.5,48007
2005,3.5,48009
2005,3.9,48011
2005,5.2,48013
2005,4.5,48015
2005,5.4,48017
2005,4.5,48019
2005,5.1,48021
2005,4.8,48023
2005,7.1,48025
2005,5,48027
2005,5.1,48029
2005,4.1,48031
2005,3.7,48033
2005,5.1,48035
2005,5.4,48037
2005,5.7,48039
2005,4.2,48041
2005,3.8,48043
2005,5.4,48045
2005,6.8,48047
2005,4.7,48049
2005,4.1,48051
2005,4.4,48053
2005,5.3,48055
2005,5.8,48057
2005,4.1,48059
2005,7.6,48061
2005,5.8,48063
2005,3.9,48065
2005,6.2,48067
2005,5.5,48069
2005,6.2,48071
2005,5.6,48073
2005,5.6,48075
2005,3.8,48077
2005,5.7,48079
2005,5.5,48081
2005,4.6,48083
2005,4.7,48085
2005,4.4,48087
2005,4.5,48089
2005,4.5,48091
2005,4.7,48093
2005,5.9,48095
2005,4.2,48097
2005,6.2,48099
2005,5.6,48101
2005,5.1,48103
2005,3.7,48105
2005,5.4,48107
2005,3.9,48109
2005,3.3,48111
2005,5.7,48113
2005,6.8,48115
2005,4.6,48117
2005,5.5,48119
2005,4.6,48121
2005,4.6,48123
2005,5.2,48125
2005,8.2,48127
2005,4.9,48129
2005,6.2,48131
2005,5.2,48133
2005,4.5,48135
2005,4,48137
2005,5.3,48139
2005,7,48141
2005,4.1,48143
2005,6.2,48145
2005,6.4,48147
2005,3.9,48149
2005,4.2,48151
2005,5.7,48153
2005,4.8,48155
2005,5.2,48157
2005,4.8,48159
2005,4.2,48161
2005,6,48163
2005,4.8,48165
2005,5.7,48167
2005,4.5,48169
2005,3.4,48171
2005,3.8,48173
2005,4.8,48175
2005,4.1,48177
2005,4.2,48179
2005,5.4,48181
2005,4.9,48183
2005,6.1,48185
2005,4.6,48187
2005,5.3,48189
2005,5.8,48191
2005,4.6,48193
2005,3.6,48195
2005,4.5,48197
2005,6.6,48199
2005,5.7,48201
2005,5.6,48203
2005,3.9,48205
2005,3.8,48207
2005,4.5,48209
2005,2.9,48211
2005,5.8,48213
2005,7.9,48215
2005,6.3,48217
2005,4.5,48219
2005,5.2,48221
2005,4.6,48223
2005,6.5,48225
2005,5.3,48227
2005,6.9,48229
2005,5.5,48231
2005,5.1,48233
2005,3.6,48235
2005,4.6,48237
2005,4.9,48239
2005,8,48241
2005,3.9,48243
2005,7.8,48245
2005,4.8,48247
2005,5.5,48249
2005,4.9,48251
2005,5.4,48253
2005,6.3,48255
2005,5.5,48257
2005,4.2,48259
2005,2.8,48261
2005,4.1,48263
2005,4.1,48265
2005,4.1,48267
2005,4.2,48269
2005,6,48271
2005,5.1,48273
2005,4.8,48275
2005,6.2,48277
2005,4.9,48279
2005,4.3,48281
2005,5.6,48283
2005,3.6,48285
2005,4.4,48287
2005,5.5,48289
2005,6.8,48291
2005,5.1,48293
2005,3.5,48295
2005,5,48297
2005,5.1,48299
2005,10.3,48301
2005,4.1,48303
2005,5.8,48305
2005,5,48307
2005,5,48309
2005,5.2,48311
2005,5.8,48313
2005,5.7,48315
2005,4.4,48317
2005,3,48319
2005,8.1,48321
2005,13.3,48323
2005,4.9,48325
2005,4.6,48327
2005,3.7,48329
2005,5.1,48331
2005,3.9,48333
2005,6.3,48335
2005,4.4,48337
2005,4.7,48339
2005,3.8,48341
2005,6.1,48343
2005,4,48345
2005,5.2,48347
2005,5.7,48349
2005,9.2,48351
2005,4.7,48353
2005,5.4,48355
2005,3.2,48357
2005,3.8,48359
2005,8,48361
2005,4.5,48363
2005,4.9,48365
2005,4.8,48367
2005,3.9,48369
2005,5.1,48371
2005,6.8,48373
2005,4.6,48375
2005,11,48377
2005,5.4,48379
2005,3.5,48381
2005,2.5,48383
2005,5,48385
2005,6.2,48387
2005,7.4,48389
2005,5,48391
2005,3.3,48393
2005,5,48395
2005,4.7,48397
2005,5.2,48399
2005,5.2,48401
2005,9.9,48403
2005,7,48405
2005,6.2,48407
2005,6.9,48409
2005,5,48411
2005,4,48413
2005,5,48415
2005,3,48417
2005,5.9,48419
2005,4.3,48421
2005,5,48423
2005,5.4,48425
2005,13,48427
2005,4.6,48429
2005,2.8,48431
2005,3.5,48433
2005,2.8,48435
2005,4.7,48437
2005,5.1,48439
2005,4.1,48441
2005,7,48443
2005,5.6,48445
2005,3.4,48447
2005,4.7,48449
2005,4.3,48451
2005,4.5,48453
2005,6.3,48455
2005,7.3,48457
2005,5,48459
2005,3.9,48461
2005,6.1,48463
2005,6.5,48465
2005,5,48467
2005,4.5,48469
2005,5.6,48471
2005,5.5,48473
2005,5.5,48475
2005,4.6,48477
2005,6,48479
2005,5.1,48481
2005,3.9,48483
2005,4.7,48485
2005,3.9,48487
2005,9.5,48489
2005,4.6,48491
2005,4.8,48493
2005,4.7,48495
2005,4.7,48497
2005,5.5,48499
2005,4.7,48501
2005,4.2,48503
2005,6.7,48505
2005,11.6,48507
2005,4.1,49000
2005,4.1,49001
2005,4.3,49003
2005,3.2,49005
2005,4.9,49007
2005,5.2,49009
2005,3.9,49011
2005,4.3,49013
2005,5.1,49015
2005,7.2,49017
2005,6.3,49019
2005,3.9,49021
2005,4.8,49023
2005,4.9,49025
2005,4,49027
2005,4.2,49029
2005,4,49031
2005,3.1,49033
2005,4,49035
2005,7.9,49037
2005,5.3,49039
2005,4.4,49041
2005,4,49043
2005,4.4,49045
2005,3.7,49047
2005,3.9,49049
2005,4.1,49051
2005,4,49053
2005,5.4,49055
2005,4.6,49057
2005,3.5,50000
2005,3.3,50001
2005,3.6,50003
2005,3.9,50005
2005,3.1,50007
2005,3.8,50009
2005,3.8,50011
2005,5,50013
2005,3.9,50015
2005,3.2,50017
2005,5.1,50019
2005,3.7,50021
2005,3.6,50023
2005,3.4,50025
2005,3,50027
2005,3.6,51000
2005,4.7,51001
2005,2.9,51003
2005,4.7,51005
2005,3.5,51007
2005,4.1,51009
2005,4.7,51011
2005,2.3,51013
2005,3.1,51015
2005,3.6,51017
2005,3.5,51019
2005,4,51021
2005,3,51023
2005,5.2,51025
2005,5.4,51027
2005,4.4,51029
2005,4,51031
2005,3.8,51033
2005,5.7,51035
2005,4.4,51036
2005,8.3,51037
2005,3.2,51041
2005,2.6,51043
2005,3.9,51045
2005,3.3,51047
2005,3.9,51049
2005,6.5,51051
2005,4.1,51053
2005,4.7,51057
2005,2.6,51059
2005,2.7,51061
2005,3.7,51063
2005,3.1,51065
2005,3.7,51067
2005,2.8,51069
2005,5.2,51071
2005,3.1,51073
2005,3,51075
2005,4.7,51077
2005,2.9,51079
2005,5.4,51081
2005,6.2,51083
2005,3,51085
2005,3.4,51087
2005,6.7,51089
2005,3.5,51091
2005,3.7,51093
2005,3.2,51095
2005,4,51097
2005,3.4,51099
2005,3.5,51101
2005,5.7,51103
2005,5.1,51105
2005,2.4,51107
2005,3.7,51109
2005,5.3,51111
2005,3.1,51113
2005,3,51115
2005,6.2,51117
2005,3.6,51119
2005,3.6,51121
2005,3.3,51125
2005,3.3,51127
2005,5.2,51131
2005,4.9,51133
2005,4.6,51135
2005,3.2,51137
2005,5.2,51139
2005,6.7,51141
2005,6.4,51143
2005,2.9,51145
2005,5.8,51147
2005,3.9,51149
2005,2.7,51153
2005,4.5,51155
2005,2.6,51157
2005,4.7,51159
2005,3,51161
2005,3.1,51163
2005,3,51165
2005,5.8,51167
2005,5.3,51169
2005,3.1,51171
2005,4.7,51173
2005,4.2,51175
2005,2.7,51177
2005,2.7,51179
2005,4.8,51181
2005,5.9,51183
2005,4.6,51185
2005,3.1,51187
2005,4.5,51191
2005,4.6,51193
2005,4.8,51195
2005,4.4,51197
2005,3.1,51199
2005,2.6,51510
2005,5.5,51520
2005,3.8,51530
2005,3.8,51540
2005,3.6,51550
2005,4.1,51570
2005,5.7,51580
2005,10.2,51590
2005,5.8,51595
2005,2.7,51600
2005,3.4,51610
2005,5.2,51620
2005,4.5,51630
2005,5.1,51640
2005,4.5,51650
2005,3.9,51660
2005,5.8,51670
2005,5.2,51678
2005,4.6,51680
2005,2.9,51683
2005,2.5,51685
2005,10.1,51690
2005,4.5,51700
2005,5.1,51710
2005,5.6,51720
2005,7.4,51730
2005,2.9,51735
2005,5.4,51740
2005,4.6,51750
2005,5.4,51760
2005,4.2,51770
2005,3.2,51775
2005,3.3,51790
2005,4,51800
2005,3.4,51810
2005,3.8,51820
2005,7.3,51830
2005,3.1,51840
2005,5.6,53000
2005,7.1,53001
2005,6.3,53003
2005,6,53005
2005,6.2,53007
2005,6.8,53009
2005,6.7,53011
2005,8.1,53013
2005,7.6,53015
2005,5.7,53017
2005,9.6,53019
2005,7.4,53021
2005,5.7,53023
2005,7.6,53025
2005,7.9,53027
2005,6.2,53029
2005,5.9,53031
2005,4.4,53033
2005,5.3,53035
2005,6.2,53037
2005,8.2,53039
2005,8,53041
2005,6.3,53043
2005,6.8,53045
2005,7.4,53047
2005,7.4,53049
2005,8.4,53051
2005,6.1,53053
2005,4.6,53055
2005,6.2,53057
2005,7.9,53059
2005,4.8,53061
2005,5.9,53063
2005,8,53065
2005,5.3,53067
2005,7.7,53069
2005,6.1,53071
2005,5.3,53073
2005,4.5,53075
2005,7.8,53077
2005,5.1,54000
2005,6.2,54001
2005,4,54003
2005,4.6,54005
2005,6,54007
2005,7.3,54009
2005,4.5,54011
2005,8.6,54013
2005,7.8,54015
2005,4.8,54017
2005,5.8,54019
2005,4.7,54021
2005,6.3,54023
2005,6.1,54025
2005,4.1,54027
2005,7.4,54029
2005,3.8,54031
2005,4.7,54033
2005,5.9,54035
2005,3.3,54037
2005,4.9,54039
2005,5,54041
2005,6.4,54043
2005,4.9,54045
2005,8.3,54047
2005,4.6,54049
2005,5.8,54051
2005,7.8,54053
2005,5.1,54055
2005,5.3,54057
2005,5.8,54059
2005,3.7,54061
2005,4.7,54063
2005,4.6,54065
2005,5.5,54067
2005,4.9,54069
2005,3.8,54071
2005,6.3,54073
2005,6.4,54075
2005,4.8,54077
2005,4.6,54079
2005,4.7,54081
2005,5.2,54083
2005,5.8,54085
2005,7.4,54087
2005,6.3,54089
2005,5.2,54091
2005,6.3,54093
2005,7.3,54095
2005,4.9,54097
2005,5.2,54099
2005,5.8,54101
2005,9.4,54103
2005,7.4,54105
2005,5.5,54107
2005,5.3,54109
2005,4.7,55000
2005,6.9,55001
2005,5.9,55003
2005,5.2,55005
2005,6.1,55007
2005,4.5,55009
2005,4,55011
2005,5.6,55013
2005,4.1,55015
2005,5.4,55017
2005,5.5,55019
2005,4.4,55021
2005,4.9,55023
2005,3.1,55025
2005,4.9,55027
2005,5.5,55029
2005,5.3,55031
2005,4.4,55033
2005,4.1,55035
2005,6.8,55037
2005,4.6,55039
2005,6.9,55041
2005,4.3,55043
2005,4.4,55045
2005,5.8,55047
2005,4.2,55049
2005,8.3,55051
2005,5.7,55053
2005,4.5,55055
2005,6,55057
2005,5.6,55059
2005,4.5,55061
2005,4,55063
2005,4.1,55065
2005,5.9,55067
2005,5.4,55069
2005,4.9,55071
2005,4.1,55073
2005,6,55075
2005,6.1,55077
2005,10,55078
2005,5.7,55079
2005,4.1,55081
2005,5.7,55083
2005,5.8,55085
2005,4.5,55087
2005,3.7,55089
2005,5.2,55091
2005,4.1,55093
2005,5.2,55095
2005,4.6,55097
2005,4.9,55099
2005,5.9,55101
2005,4.3,55103
2005,5.8,55105
2005,6.2,55107
2005,4.6,55109
2005,4.4,55111
2005,5.9,55113
2005,4.9,55115
2005,4,55117
2005,5.5,55119
2005,4.4,55121
2005,4.5,55123
2005,6,55125
2005,4.2,55127
2005,6.1,55129
2005,4.2,55131
2005,3.8,55133
2005,5.3,55135
2005,5.5,55137
2005,4.4,55139
2005,5.6,55141
2005,3.6,56000
2005,2.8,56001
2005,4.5,56003
2005,2.6,56005
2005,3.9,56007
2005,3.7,56009
2005,3.4,56011
2005,4.7,56013
2005,4.4,56015
2005,4,56017
2005,3.8,56019
2005,4.1,56021
2005,4,56023
2005,3.4,56025
2005,3.9,56027
2005,4,56029
2005,4.8,56031
2005,3.8,56033
2005,2.1,56035
2005,2.9,56037
2005,3,56039
2005,3.4,56041
2005,4.1,56043
2005,4,56045
2005,11.3,72000
2005,13.9,72001
2005,13.7,72003
2005,13.5,72005
2005,12,72007
2005,15,72009
2005,14.3,72011
2005,12.5,72013
2005,17.1,72015
2005,14.8,72017
2005,12.7,72019
2005,8.5,72021
2005,10,72023
2005,10.9,72025
2005,11.2,72027
2005,13.5,72029
2005,8.7,72031
2005,11,72033
2005,13.2,72035
2005,12.8,72037
2005,16.8,72039
2005,12.1,72041
2005,15.4,72043
2005,14.9,72045
2005,13.2,72047
2005,8.2,72049
2005,8.8,72051
2005,13.8,72053
2005,15.3,72054
2005,17.3,72055
2005,14.9,72057
2005,16.2,72059
2005,6.5,72061
2005,10.8,72063
2005,12.6,72065
2005,12,72067
2005,15.2,72069
2005,13,72071
2005,16.1,72073
2005,12,72075
2005,12.7,72077
2005,12.8,72079
2005,12.6,72081
2005,14,72083
2005,14.1,72085
2005,14.1,72087
2005,15.8,72089
2005,14,72091
2005,13.9,72093
2005,20.5,72095
2005,13.7,72097
2005,12.5,72099
2005,15.3,72101
2005,15.7,72103
2005,11.4,72105
2005,14.8,72107
2005,18,72109
2005,14.5,72111
2005,10.8,72113
2005,13,72115
2005,14.4,72117
2005,11.5,72119
2005,13.6,72121
2005,17.7,72123
2005,13.7,72125
2005,8,72127
2005,12.3,72129
2005,14,72131
2005,12.7,72133
2005,8,72135
2005,8.5,72137
2005,7.4,72139
2005,15.2,72141
2005,11.1,72143
2005,12.6,72145
2005,11,72147
2005,14.7,72149
2005,17.6,72151
2005,13.9,72153
2004,5.528005946,0
2004,5.7,1000
2004,4.8,1001
2004,5.2,1003
2004,7.2,1005
2004,5.5,1007
2004,4.2,1009
2004,11.6,1011
2004,9.5,1013
2004,5.5,1015
2004,7,1017
2004,4.8,1019
2004,4.7,1021
2004,8.6,1023
2004,8.9,1025
2004,6.4,1027
2004,5.3,1029
2004,5.4,1031
2004,7.1,1033
2004,8.5,1035
2004,7.1,1037
2004,6.7,1039
2004,6.9,1041
2004,5.2,1043
2004,5.4,1045
2004,10.1,1047
2004,5.8,1049
2004,4.9,1051
2004,7.6,1053
2004,6.4,1055
2004,6.9,1057
2004,7,1059
2004,4.9,1061
2004,8.8,1063
2004,7.6,1065
2004,5.6,1067
2004,4.7,1069
2004,6.9,1071
2004,5.3,1073
2004,8.2,1075
2004,6.4,1077
2004,6.4,1079
2004,4.5,1081
2004,5.2,1083
2004,9.3,1085
2004,7,1087
2004,4.7,1089
2004,6.2,1091
2004,6.4,1093
2004,4.9,1095
2004,6.6,1097
2004,7.5,1099
2004,5.8,1101
2004,6.1,1103
2004,10.2,1105
2004,7.6,1107
2004,5.4,1109
2004,6.8,1111
2004,6.6,1113
2004,5,1115
2004,3.4,1117
2004,9.6,1119
2004,6.8,1121
2004,6.2,1123
2004,4.8,1125
2004,6.1,1127
2004,9.6,1129
2004,12.1,1131
2004,7.3,1133
2004,7.5,2000
2004,8.6,2013
2004,6.5,2016
2004,5.9,2020
2004,12.7,2050
2004,6.3,2060
2004,7.9,2068
2004,10.9,2070
2004,6.5,2090
2004,9.9,2100
2004,,2105
2004,5.9,2110
2004,9.6,2122
2004,7.5,2130
2004,8.8,2150
2004,20.2,2158
2004,9.8,2164
2004,8.4,2170
2004,11.7,2180
2004,10.2,2185
2004,13.3,2188
2004,,2195
2004,,2198
2004,13.6,2201
2004,6.3,2220
2004,,2230
2004,13.3,2232
2004,12,2240
2004,10,2261
2004,,2275
2004,12.4,2280
2004,10.8,2282
2004,12,2290
2004,5,4000
2004,11.5,4001
2004,5,4003
2004,5.4,4005
2004,6.4,4007
2004,6.7,4009
2004,5.2,4011
2004,6.7,4012
2004,4.4,4013
2004,4.4,4015
2004,8.6,4017
2004,4.7,4019
2004,6,4021
2004,9.6,4023
2004,4.6,4025
2004,15.8,4027
2004,5.7,5000
2004,6,5001
2004,9.5,5003
2004,6.2,5005
2004,3.6,5007
2004,5.9,5009
2004,7.7,5011
2004,6.8,5013
2004,4.9,5015
2004,11,5017
2004,6.2,5019
2004,8.1,5021
2004,5.4,5023
2004,6.7,5025
2004,6.5,5027
2004,5.8,5029
2004,5.5,5031
2004,5.2,5033
2004,6.9,5035
2004,8.1,5037
2004,7.5,5039
2004,9.1,5041
2004,7.9,5043
2004,5,5045
2004,4.8,5047
2004,6.1,5049
2004,6.2,5051
2004,5.5,5053
2004,6.2,5055
2004,5.9,5057
2004,6.1,5059
2004,6,5061
2004,6.3,5063
2004,7,5065
2004,8.7,5067
2004,7.9,5069
2004,5.4,5071
2004,7.2,5073
2004,8.1,5075
2004,11.3,5077
2004,7.7,5079
2004,4.9,5081
2004,5.4,5083
2004,4.7,5085
2004,4.1,5087
2004,6,5089
2004,4.9,5091
2004,10,5093
2004,7.1,5095
2004,5.4,5097
2004,6,5099
2004,6.2,5101
2004,6.9,5103
2004,5.7,5105
2004,9.1,5107
2004,5.5,5109
2004,6.4,5111
2004,6,5113
2004,5.4,5115
2004,5.3,5117
2004,5.2,5119
2004,8.3,5121
2004,9.3,5123
2004,4.6,5125
2004,5.2,5127
2004,5.7,5129
2004,4.8,5131
2004,4.6,5133
2004,7.9,5135
2004,7.5,5137
2004,7.4,5139
2004,7,5141
2004,3.8,5143
2004,6.4,5145
2004,10,5147
2004,5.1,5149
2004,6.2,6000
2004,5.9,6001
2004,8.1,6003
2004,5.8,6005
2004,7.4,6007
2004,6.8,6009
2004,13.6,6011
2004,5.4,6013
2004,8,6015
2004,5.3,6017
2004,10.4,6019
2004,9.3,6021
2004,6.5,6023
2004,17,6025
2004,5.3,6027
2004,9.9,6029
2004,11,6031
2004,9,6033
2004,7.6,6035
2004,6.5,6037
2004,9.1,6039
2004,4.4,6041
2004,6.7,6043
2004,6.4,6045
2004,10.9,6047
2004,8.7,6049
2004,5,6051
2004,8.3,6053
2004,4.7,6055
2004,5.3,6057
2004,4.2,6059
2004,4.8,6061
2004,9.8,6063
2004,6,6065
2004,5.6,6067
2004,9.5,6069
2004,5.7,6071
2004,4.7,6073
2004,5.8,6075
2004,8.7,6077
2004,4.6,6079
2004,4.8,6081
2004,4.7,6083
2004,6.4,6085
2004,7,6087
2004,7.6,6089
2004,9.7,6091
2004,9.4,6093
2004,5.8,6095
2004,4.9,6097
2004,9.2,6099
2004,10.6,6101
2004,7.4,6103
2004,10.9,6105
2004,11.6,6107
2004,6.9,6109
2004,5.3,6111
2004,6.1,6113
2004,9.7,6115
2004,5.5,8000
2004,6.4,8001
2004,5.8,8003
2004,5.5,8005
2004,5.4,8007
2004,3.6,8009
2004,6.3,8011
2004,4.8,8013
2004,5.7,8014
2004,5.8,8015
2004,3,8017
2004,5.6,8019
2004,7.8,8021
2004,10.6,8023
2004,8,8025
2004,5.1,8027
2004,5.4,8029
2004,6.5,8031
2004,6.6,8033
2004,4.6,8035
2004,4.3,8037
2004,4.8,8039
2004,5.6,8041
2004,6.7,8043
2004,4.2,8045
2004,5.4,8047
2004,4.1,8049
2004,4.1,8051
2004,3.3,8053
2004,8.1,8055
2004,3.5,8057
2004,5.3,8059
2004,5.1,8061
2004,3.5,8063
2004,5.6,8065
2004,4.1,8067
2004,4.6,8069
2004,5.4,8071
2004,4.1,8073
2004,4.3,8075
2004,5.4,8077
2004,4.7,8079
2004,4.9,8081
2004,5.5,8083
2004,5.3,8085
2004,4.5,8087
2004,6,8089
2004,4,8091
2004,5.3,8093
2004,3.6,8095
2004,4.9,8097
2004,4.4,8099
2004,7.3,8101
2004,3.8,8103
2004,6,8105
2004,3.9,8107
2004,6.9,8109
2004,6.1,8111
2004,4.7,8113
2004,3.2,8115
2004,4.2,8117
2004,5.5,8119
2004,3.9,8121
2004,5.6,8123
2004,3.2,8125
2004,5,9000
2004,4.5,9001
2004,5.5,9003
2004,4.8,9005
2004,4.2,9007
2004,5.3,9009
2004,4.5,9011
2004,4.1,9013
2004,5.6,9015
2004,4,10000
2004,3.5,10001
2004,4.2,10003
2004,3.6,10005
2004,7.8,11000
2004,7.8,11001
2004,4.6,12000
2004,3.6,12001
2004,4.1,12003
2004,4.5,12005
2004,4,12007
2004,4.6,12009
2004,4.7,12011
2004,4.9,12013
2004,5.5,12015
2004,5.6,12017
2004,4.3,12019
2004,4.3,12021
2004,4.4,12023
2004,5.9,12027
2004,5.3,12029
2004,5.1,12031
2004,4.9,12033
2004,5.3,12035
2004,3.7,12037
2004,4.8,12039
2004,4,12041
2004,5.6,12043
2004,4,12045
2004,4.9,12047
2004,6.3,12049
2004,8.6,12051
2004,5.8,12053
2004,5.4,12055
2004,4.5,12057
2004,4.6,12059
2004,7,12061
2004,4.1,12063
2004,3.8,12065
2004,3.4,12067
2004,4.6,12069
2004,4.2,12071
2004,3.8,12073
2004,4.8,12075
2004,3.6,12077
2004,5.4,12079
2004,4.3,12081
2004,4.8,12083
2004,5.2,12085
2004,3.9,12086
2004,3.2,12087
2004,4.2,12089
2004,3.4,12091
2004,6.4,12093
2004,4.6,12095
2004,4.9,12097
2004,5.3,12099
2004,5.2,12101
2004,4.6,12103
2004,5.1,12105
2004,5.5,12107
2004,3.8,12109
2004,6.5,12111
2004,4.5,12113
2004,4.2,12115
2004,4.4,12117
2004,4.7,12119
2004,4.4,12121
2004,5.5,12123
2004,3.7,12125
2004,4.7,12127
2004,3.6,12129
2004,3.6,12131
2004,4.7,12133
2004,4.8,13000
2004,6.3,13001
2004,7.8,13003
2004,5.3,13005
2004,4.4,13007
2004,4.8,13009
2004,3.6,13011
2004,4.5,13013
2004,5.3,13015
2004,4.8,13017
2004,3.7,13019
2004,5.1,13021
2004,5.9,13023
2004,5,13025
2004,3.5,13027
2004,3.6,13029
2004,4.5,13031
2004,6.8,13033
2004,5.6,13035
2004,5.9,13037
2004,4.5,13039
2004,4.6,13043
2004,5,13045
2004,3.5,13047
2004,5,13049
2004,4.3,13051
2004,9,13053
2004,5,13055
2004,3.9,13057
2004,4.1,13059
2004,5.3,13061
2004,5.9,13063
2004,5.9,13065
2004,4.4,13067
2004,6.1,13069
2004,4.8,13071
2004,3.8,13073
2004,5.3,13075
2004,4.1,13077
2004,4.8,13079
2004,5.4,13081
2004,4.1,13083
2004,4,13085
2004,6.7,13087
2004,5.5,13089
2004,5,13091
2004,6,13093
2004,6,13095
2004,4.8,13097
2004,5,13099
2004,3.1,13101
2004,3.8,13103
2004,5.6,13105
2004,5.2,13107
2004,4.1,13109
2004,5,13111
2004,3.7,13113
2004,4.7,13115
2004,3.5,13117
2004,5.1,13119
2004,5.2,13121
2004,4.2,13123
2004,4.9,13125
2004,4.1,13127
2004,4.5,13129
2004,4.5,13131
2004,6.1,13133
2004,4.2,13135
2004,3.8,13137
2004,4,13139
2004,6.7,13141
2004,5.1,13143
2004,4.1,13145
2004,5.1,13147
2004,5.4,13149
2004,4.4,13151
2004,4,13153
2004,4.8,13155
2004,4.3,13157
2004,5,13159
2004,7.1,13161
2004,7.9,13163
2004,6.2,13165
2004,5.5,13167
2004,4.3,13169
2004,5.6,13171
2004,3.6,13173
2004,5.5,13175
2004,3.5,13177
2004,5.5,13179
2004,6.3,13181
2004,4,13183
2004,3.5,13185
2004,4.2,13187
2004,5.8,13189
2004,4.6,13191
2004,8,13193
2004,4.1,13195
2004,5.5,13197
2004,6.6,13199
2004,4.2,13201
2004,5.8,13205
2004,4.3,13207
2004,5.5,13209
2004,4.2,13211
2004,4,13213
2004,5.6,13215
2004,5.2,13217
2004,3.1,13219
2004,4.1,13221
2004,4.3,13223
2004,6.5,13225
2004,4,13227
2004,4.3,13229
2004,4.9,13231
2004,4.9,13233
2004,4.5,13235
2004,4.4,13237
2004,6.3,13239
2004,3.7,13241
2004,7.2,13243
2004,5.9,13245
2004,5,13247
2004,5.9,13249
2004,5.2,13251
2004,5.6,13253
2004,6.1,13255
2004,6.2,13257
2004,10.6,13259
2004,5.8,13261
2004,6.2,13263
2004,6.4,13265
2004,5.4,13267
2004,6.7,13269
2004,7.5,13271
2004,5.8,13273
2004,4.5,13275
2004,4.5,13277
2004,5.9,13279
2004,3.6,13281
2004,6.2,13283
2004,5.7,13285
2004,5.4,13287
2004,5.4,13289
2004,4.1,13291
2004,6,13293
2004,4.3,13295
2004,4.5,13297
2004,5.3,13299
2004,7,13301
2004,5.5,13303
2004,5.7,13305
2004,7.2,13307
2004,6,13309
2004,4.1,13311
2004,4.2,13313
2004,5.6,13315
2004,7.4,13317
2004,5.1,13319
2004,5.1,13321
2004,3.4,15000
2004,4.1,15001
2004,3.3,15003
2004,3.5,15007
2004,3.2,15009
2004,4.9,16000
2004,4.1,16001
2004,11.9,16003
2004,4.7,16005
2004,4.8,16007
2004,9,16009
2004,4.5,16011
2004,3.6,16013
2004,5.1,16015
2004,6.1,16017
2004,3.5,16019
2004,7.2,16021
2004,6.6,16023
2004,4.5,16025
2004,5.7,16027
2004,6.9,16029
2004,6,16031
2004,7.4,16033
2004,10.3,16035
2004,5.9,16037
2004,5.4,16039
2004,4,16041
2004,4.6,16043
2004,5.6,16045
2004,4,16047
2004,7.9,16049
2004,3.9,16051
2004,4.5,16053
2004,5.8,16055
2004,3.9,16057
2004,7.1,16059
2004,3.9,16061
2004,5.6,16063
2004,3.1,16065
2004,7.9,16067
2004,4.9,16069
2004,3.2,16071
2004,2.8,16073
2004,8.3,16075
2004,6.3,16077
2004,9.8,16079
2004,3.1,16081
2004,4.4,16083
2004,6.9,16085
2004,6.8,16087
2004,6.2,17000
2004,4.5,17001
2004,9.1,17003
2004,6,17005
2004,7.3,17007
2004,4,17009
2004,6,17011
2004,6.7,17013
2004,7.1,17015
2004,5,17017
2004,4.4,17019
2004,6.1,17021
2004,6.4,17023
2004,6.6,17025
2004,5.1,17027
2004,5.3,17029
2004,6.8,17031
2004,6,17033
2004,6.5,17035
2004,5.2,17037
2004,5.9,17039
2004,4.9,17041
2004,5.1,17043
2004,5.6,17045
2004,4.4,17047
2004,6.1,17049
2004,7.6,17051
2004,5.1,17053
2004,7.8,17055
2004,6.6,17057
2004,7.1,17059
2004,5.9,17061
2004,7.8,17063
2004,6,17065
2004,6.1,17067
2004,8.4,17069
2004,6.6,17071
2004,5.2,17073
2004,5.4,17075
2004,5.1,17077
2004,6.1,17079
2004,5.8,17081
2004,5.6,17083
2004,5.1,17085
2004,6.8,17087
2004,5.9,17089
2004,7.3,17091
2004,5.4,17093
2004,7.7,17095
2004,5.2,17097
2004,7.1,17099
2004,5.8,17101
2004,5.6,17103
2004,5.3,17105
2004,5.8,17107
2004,5,17109
2004,5.3,17111
2004,4.4,17113
2004,6.8,17115
2004,6.2,17117
2004,6,17119
2004,7.9,17121
2004,4.9,17123
2004,7.7,17125
2004,6,17127
2004,5,17129
2004,6.5,17131
2004,4.4,17133
2004,7.9,17135
2004,6.1,17137
2004,4.9,17139
2004,6.1,17141
2004,5.7,17143
2004,7.2,17145
2004,4.5,17147
2004,5.4,17149
2004,7.6,17151
2004,8.7,17153
2004,6.4,17155
2004,5.6,17157
2004,6.2,17159
2004,5.2,17161
2004,6.8,17163
2004,6.9,17165
2004,5.1,17167
2004,5.2,17169
2004,6.6,17171
2004,5.9,17173
2004,6.4,17175
2004,6.6,17177
2004,5.3,17179
2004,7.6,17181
2004,7.9,17183
2004,6.6,17185
2004,5.8,17187
2004,4.8,17189
2004,5.4,17191
2004,5,17193
2004,6.2,17195
2004,6.3,17197
2004,6.5,17199
2004,7.2,17201
2004,4.2,17203
2004,5.4,18000
2004,4.1,18001
2004,5.3,18003
2004,4.5,18005
2004,5.4,18007
2004,7.1,18009
2004,3.9,18011
2004,5.4,18013
2004,5.8,18015
2004,6.7,18017
2004,5.1,18019
2004,6.6,18021
2004,5.7,18023
2004,7,18025
2004,4,18027
2004,5.4,18029
2004,5.4,18031
2004,5.6,18033
2004,6.2,18035
2004,3.8,18037
2004,4.3,18039
2004,8,18041
2004,5,18043
2004,5.7,18045
2004,5.7,18047
2004,5.7,18049
2004,4.8,18051
2004,8.6,18053
2004,6,18055
2004,3.4,18057
2004,4,18059
2004,5.5,18061
2004,3.9,18063
2004,7.1,18065
2004,6.8,18067
2004,5.5,18069
2004,4.7,18071
2004,5.8,18073
2004,5.7,18075
2004,4.8,18077
2004,6,18079
2004,4.3,18081
2004,4.7,18083
2004,4.2,18085
2004,4.3,18087
2004,6.4,18089
2004,6.2,18091
2004,7.1,18093
2004,6.1,18095
2004,5.5,18097
2004,5.2,18099
2004,5.4,18101
2004,6.7,18103
2004,4.4,18105
2004,4.4,18107
2004,4.7,18109
2004,5.1,18111
2004,5.9,18113
2004,5.5,18115
2004,7.5,18117
2004,5.4,18119
2004,6.3,18121
2004,5.5,18123
2004,5.5,18125
2004,4.9,18127
2004,4.5,18129
2004,5.3,18131
2004,5.6,18133
2004,7,18135
2004,5.1,18137
2004,4.9,18139
2004,5.2,18141
2004,5.8,18143
2004,4.9,18145
2004,5.3,18147
2004,7,18149
2004,5.9,18151
2004,7.5,18153
2004,4.6,18155
2004,4.8,18157
2004,5.2,18159
2004,5.5,18161
2004,5,18163
2004,8.2,18165
2004,7.3,18167
2004,6.3,18169
2004,4.6,18171
2004,4.4,18173
2004,6.5,18175
2004,7.1,18177
2004,5,18179
2004,6.6,18181
2004,5.7,18183
2004,4.5,19000
2004,4.1,19001
2004,5,19003
2004,5.9,19005
2004,5.5,19007
2004,4.1,19009
2004,4.6,19011
2004,4.5,19013
2004,3.5,19015
2004,3.8,19017
2004,4.5,19019
2004,3.9,19021
2004,4.6,19023
2004,4.2,19025
2004,2.9,19027
2004,4.8,19029
2004,4,19031
2004,4.4,19033
2004,4.4,19035
2004,5.9,19037
2004,6.4,19039
2004,4,19041
2004,6.8,19043
2004,5.2,19045
2004,3.7,19047
2004,3.4,19049
2004,4.9,19051
2004,5.2,19053
2004,4.7,19055
2004,5.9,19057
2004,4,19059
2004,4.4,19061
2004,4.5,19063
2004,5.2,19065
2004,4.9,19067
2004,4.7,19069
2004,4,19071
2004,4.2,19073
2004,3.6,19075
2004,4.2,19077
2004,4.2,19079
2004,3.5,19081
2004,5.3,19083
2004,5,19085
2004,6,19087
2004,4.5,19089
2004,4.1,19091
2004,4.2,19093
2004,4.2,19095
2004,5.6,19097
2004,5.7,19099
2004,5.1,19101
2004,3.3,19103
2004,5,19105
2004,4.8,19107
2004,4.3,19109
2004,7,19111
2004,4.7,19113
2004,4.6,19115
2004,5.4,19117
2004,3.2,19119
2004,4.7,19121
2004,4.4,19123
2004,4.3,19125
2004,5.1,19127
2004,4.2,19129
2004,3.8,19131
2004,5.7,19133
2004,5.3,19135
2004,4.2,19137
2004,4.1,19139
2004,3.7,19141
2004,3.8,19143
2004,4.2,19145
2004,3.8,19147
2004,3.9,19149
2004,5.2,19151
2004,4.5,19153
2004,5,19155
2004,4.7,19157
2004,5.1,19159
2004,4,19161
2004,4.8,19163
2004,3.8,19165
2004,3,19167
2004,3,19169
2004,6.4,19171
2004,4.3,19173
2004,5.5,19175
2004,5.5,19177
2004,5.5,19179
2004,3.9,19181
2004,4.4,19183
2004,4.5,19185
2004,4.8,19187
2004,3.5,19189
2004,4.2,19191
2004,5,19193
2004,4.1,19195
2004,4.6,19197
2004,5.5,20000
2004,5.7,20001
2004,6.3,20003
2004,5.8,20005
2004,3.9,20007
2004,4.4,20009
2004,5.7,20011
2004,5,20013
2004,6.1,20015
2004,4.4,20017
2004,5.4,20019
2004,7,20021
2004,3.8,20023
2004,3.7,20025
2004,4.4,20027
2004,3.7,20029
2004,5.5,20031
2004,3.1,20033
2004,6,20035
2004,6.1,20037
2004,3.6,20039
2004,4.7,20041
2004,7.6,20043
2004,4.2,20045
2004,3.7,20047
2004,5.8,20049
2004,3.7,20051
2004,4.4,20053
2004,4.2,20055
2004,3.9,20057
2004,6.1,20059
2004,6.4,20061
2004,3.2,20063
2004,3.9,20065
2004,3.7,20067
2004,3,20069
2004,4.1,20071
2004,6.5,20073
2004,3.5,20075
2004,4.3,20077
2004,4.9,20079
2004,3.5,20081
2004,4.6,20083
2004,6.1,20085
2004,5.7,20087
2004,3.4,20089
2004,5,20091
2004,4.5,20093
2004,4.7,20095
2004,3.5,20097
2004,6.8,20099
2004,4.3,20101
2004,6.4,20103
2004,4.9,20105
2004,7.6,20107
2004,3.6,20109
2004,4.6,20111
2004,3.9,20113
2004,4.5,20115
2004,3.8,20117
2004,3.7,20119
2004,5.3,20121
2004,3.9,20123
2004,6.8,20125
2004,5.1,20127
2004,3.2,20129
2004,3.8,20131
2004,4.9,20133
2004,3.3,20135
2004,4.1,20137
2004,6.6,20139
2004,4.3,20141
2004,4.9,20143
2004,3.7,20145
2004,3.9,20147
2004,4.5,20149
2004,3.5,20151
2004,4.6,20153
2004,5.2,20155
2004,4.8,20157
2004,4.7,20159
2004,4,20161
2004,5.6,20163
2004,4.6,20165
2004,4.9,20167
2004,4.8,20169
2004,3.2,20171
2004,6.1,20173
2004,4.1,20175
2004,6,20177
2004,3.2,20179
2004,3.5,20181
2004,4,20183
2004,4.4,20185
2004,3.3,20187
2004,4.2,20189
2004,6.2,20191
2004,3.4,20193
2004,3.4,20195
2004,4.9,20197
2004,3.1,20199
2004,4.2,20201
2004,3.6,20203
2004,5.3,20205
2004,7.6,20207
2004,9.2,20209
2004,5.4,21000
2004,5.3,21001
2004,6.5,21003
2004,4.3,21005
2004,6.9,21007
2004,4.5,21009
2004,6.8,21011
2004,7,21013
2004,4.4,21015
2004,4.8,21017
2004,6.1,21019
2004,6.5,21021
2004,5.8,21023
2004,7.3,21025
2004,6.4,21027
2004,5,21029
2004,7.1,21031
2004,5.1,21033
2004,5.3,21035
2004,4.7,21037
2004,7.4,21039
2004,5.3,21041
2004,8.4,21043
2004,6.2,21045
2004,5.9,21047
2004,5.1,21049
2004,7.6,21051
2004,6.8,21053
2004,5.9,21055
2004,7,21057
2004,5.3,21059
2004,5.9,21061
2004,10.2,21063
2004,7.4,21065
2004,4.1,21067
2004,6,21069
2004,7,21071
2004,4.1,21073
2004,9,21075
2004,5.7,21077
2004,5.6,21079
2004,5.3,21081
2004,7.3,21083
2004,7.1,21085
2004,5.4,21087
2004,6.2,21089
2004,5.8,21091
2004,5.4,21093
2004,7.5,21095
2004,5.7,21097
2004,5.3,21099
2004,4.6,21101
2004,4.8,21103
2004,9,21105
2004,5.4,21107
2004,6.4,21109
2004,5.3,21111
2004,4.3,21113
2004,6.5,21115
2004,4.6,21117
2004,6.2,21119
2004,6.5,21121
2004,5,21123
2004,5.7,21125
2004,7.9,21127
2004,7.6,21129
2004,8.2,21131
2004,7.1,21133
2004,8.2,21135
2004,7.2,21137
2004,6.2,21139
2004,5.7,21141
2004,6.9,21143
2004,5.4,21145
2004,7.8,21147
2004,6.5,21149
2004,5,21151
2004,12.6,21153
2004,5,21155
2004,6.6,21157
2004,7.4,21159
2004,5.7,21161
2004,5.9,21163
2004,7,21165
2004,5.2,21167
2004,4.5,21169
2004,5.3,21171
2004,6.5,21173
2004,8.7,21175
2004,7.5,21177
2004,5.1,21179
2004,6.5,21181
2004,6.2,21183
2004,4,21185
2004,5.1,21187
2004,7.4,21189
2004,4.9,21191
2004,7.7,21193
2004,6.5,21195
2004,8.2,21197
2004,5.4,21199
2004,5.8,21201
2004,5.6,21203
2004,5,21205
2004,6,21207
2004,4.5,21209
2004,4.4,21211
2004,4.8,21213
2004,4.6,21215
2004,5.1,21217
2004,4.5,21219
2004,5,21221
2004,5.4,21223
2004,5.4,21225
2004,4.5,21227
2004,5.5,21229
2004,5.5,21231
2004,4.3,21233
2004,5.7,21235
2004,9.6,21237
2004,3.7,21239
2004,5.9,22000
2004,5.7,22001
2004,8.4,22003
2004,6.5,22005
2004,8.4,22007
2004,8.1,22009
2004,6.6,22011
2004,8.4,22013
2004,5.5,22015
2004,6.2,22017
2004,5.6,22019
2004,8.6,22021
2004,5.2,22023
2004,7.9,22025
2004,6.7,22027
2004,10.1,22029
2004,7.5,22031
2004,5.7,22033
2004,13.7,22035
2004,7.1,22037
2004,6.8,22039
2004,9.2,22041
2004,6.8,22043
2004,6.2,22045
2004,9,22047
2004,6.7,22049
2004,4.9,22051
2004,5.1,22053
2004,4.5,22055
2004,4.9,22057
2004,6.3,22059
2004,6.5,22061
2004,6.5,22063
2004,9.8,22065
2004,10.2,22067
2004,6.5,22069
2004,5.9,22071
2004,5.6,22073
2004,5.5,22075
2004,7.5,22077
2004,5.6,22079
2004,10,22081
2004,8.3,22083
2004,6.2,22085
2004,5.4,22087
2004,5.2,22089
2004,6.7,22091
2004,9.8,22093
2004,6.9,22095
2004,6.6,22097
2004,5.6,22099
2004,8.7,22101
2004,4.3,22103
2004,6.9,22105
2004,8.5,22107
2004,5.1,22109
2004,6.5,22111
2004,5.9,22113
2004,5.3,22115
2004,7.6,22117
2004,6.9,22119
2004,6.8,22121
2004,13,22123
2004,7,22125
2004,6.8,22127
2004,4.6,23000
2004,4.5,23001
2004,6.2,23003
2004,3.4,23005
2004,5.6,23007
2004,5.1,23009
2004,4.8,23011
2004,3.6,23013
2004,3.9,23015
2004,5.7,23017
2004,5.5,23019
2004,6.8,23021
2004,3.7,23023
2004,7.4,23025
2004,5.1,23027
2004,7.6,23029
2004,4,23031
2004,4.3,24000
2004,6.1,24001
2004,3.7,24003
2004,4.4,24005
2004,3.4,24009
2004,4.7,24011
2004,3.5,24013
2004,4.4,24015
2004,3.4,24017
2004,5.8,24019
2004,3.3,24021
2004,4.9,24023
2004,4,24025
2004,3.2,24027
2004,4.3,24029
2004,3.2,24031
2004,4.5,24033
2004,3.6,24035
2004,3.4,24037
2004,6.5,24039
2004,4.1,24041
2004,4.5,24043
2004,4.4,24045
2004,6.8,24047
2004,7.2,24510
2004,5.1,25000
2004,5,25001
2004,4.7,25003
2004,6.1,25005
2004,4,25007
2004,5.7,25009
2004,4.2,25011
2004,6.1,25013
2004,4.1,25015
2004,4.4,25017
2004,2.5,25019
2004,4.5,25021
2004,5.2,25023
2004,5.7,25025
2004,5.5,25027
2004,7,26000
2004,10.9,26001
2004,7.9,26003
2004,6.5,26005
2004,8.4,26007
2004,8,26009
2004,9.8,26011
2004,11.4,26013
2004,5.7,26015
2004,7.4,26017
2004,7.5,26019
2004,7.6,26021
2004,7,26023
2004,6.9,26025
2004,4.6,26027
2004,7.7,26029
2004,9.4,26031
2004,8.8,26033
2004,9.7,26035
2004,5.3,26037
2004,7.4,26039
2004,7.9,26041
2004,6.4,26043
2004,5.3,26045
2004,8,26047
2004,8.1,26049
2004,10.4,26051
2004,7.9,26053
2004,6.5,26055
2004,7.8,26057
2004,8.3,26059
2004,6.4,26061
2004,8.7,26063
2004,6.2,26065
2004,7.8,26067
2004,9.6,26069
2004,7.5,26071
2004,4.9,26073
2004,7.5,26075
2004,5.7,26077
2004,7.7,26079
2004,6.6,26081
2004,11.4,26083
2004,10.6,26085
2004,7.8,26087
2004,5.4,26089
2004,7.3,26091
2004,5,26093
2004,7.5,26095
2004,9.8,26097
2004,6.8,26099
2004,8.7,26101
2004,6.1,26103
2004,9.3,26105
2004,7.1,26107
2004,5.8,26109
2004,6.3,26111
2004,7.9,26113
2004,6.1,26115
2004,7.9,26117
2004,12.1,26119
2004,7.6,26121
2004,7.8,26123
2004,5.7,26125
2004,8.4,26127
2004,8.6,26129
2004,7.6,26131
2004,8.6,26133
2004,11,26135
2004,7.6,26137
2004,5.5,26139
2004,11.4,26141
2004,8.5,26143
2004,8.6,26145
2004,7.8,26147
2004,6.6,26149
2004,9.1,26151
2004,10.9,26153
2004,7.8,26155
2004,8.8,26157
2004,7.1,26159
2004,4.3,26161
2004,8.7,26163
2004,8.3,26165
2004,4.7,27000
2004,6.9,27001
2004,4.5,27003
2004,5.8,27005
2004,5.8,27007
2004,5.3,27009
2004,4.9,27011
2004,3.9,27013
2004,4.9,27015
2004,6.4,27017
2004,4,27019
2004,7.2,27021
2004,5,27023
2004,5.4,27025
2004,3.7,27027
2004,11,27029
2004,4.8,27031
2004,4.7,27033
2004,5.4,27035
2004,4.1,27037
2004,4.3,27039
2004,3.9,27041
2004,5.7,27043
2004,5,27045
2004,5.3,27047
2004,4.9,27049
2004,5.9,27051
2004,4.4,27053
2004,5.2,27055
2004,5.9,27057
2004,5.3,27059
2004,7.4,27061
2004,3.7,27063
2004,7.6,27065
2004,4.5,27067
2004,6.7,27069
2004,6.3,27071
2004,4.4,27073
2004,4.8,27075
2004,4.8,27077
2004,5.7,27079
2004,4.1,27081
2004,3.8,27083
2004,4.6,27085
2004,5.8,27087
2004,7.7,27089
2004,4.9,27091
2004,5.6,27093
2004,7.2,27095
2004,5.8,27097
2004,4.5,27099
2004,4.4,27101
2004,3.7,27103
2004,3.9,27105
2004,5,27107
2004,4,27109
2004,5.2,27111
2004,6.5,27113
2004,6.8,27115
2004,4.3,27117
2004,5.3,27119
2004,4.1,27121
2004,4.7,27123
2004,7.8,27125
2004,4.5,27127
2004,5.7,27129
2004,4.8,27131
2004,3.4,27133
2004,4.5,27135
2004,5.8,27137
2004,4,27139
2004,5,27141
2004,5,27143
2004,4.6,27145
2004,4.6,27147
2004,3.9,27149
2004,5.1,27151
2004,5.2,27153
2004,4.4,27155
2004,4.4,27157
2004,6.5,27159
2004,4.6,27161
2004,4.1,27163
2004,4.6,27165
2004,3.8,27167
2004,4.4,27169
2004,4.9,27171
2004,5.1,27173
2004,6.2,28000
2004,7.5,28001
2004,6.6,28003
2004,6.6,28005
2004,7.9,28007
2004,9.2,28009
2004,8.2,28011
2004,6.8,28013
2004,5.9,28015
2004,8.1,28017
2004,8.1,28019
2004,10.4,28021
2004,7.6,28023
2004,9.2,28025
2004,9,28027
2004,6.8,28029
2004,5.5,28031
2004,3.6,28033
2004,5.5,28035
2004,7.9,28037
2004,8.9,28039
2004,9.2,28041
2004,6.3,28043
2004,5,28045
2004,5,28047
2004,5.5,28049
2004,11,28051
2004,8.8,28053
2004,10.2,28055
2004,5.8,28057
2004,5.8,28059
2004,7.9,28061
2004,13.2,28063
2004,7.7,28065
2004,5.2,28067
2004,8.5,28069
2004,5.2,28071
2004,4.2,28073
2004,6.6,28075
2004,6.8,28077
2004,6.6,28079
2004,5.6,28081
2004,9.2,28083
2004,6.2,28085
2004,6.7,28087
2004,4.8,28089
2004,6.7,28091
2004,7.7,28093
2004,7.5,28095
2004,7.7,28097
2004,5.7,28099
2004,5.6,28101
2004,12,28103
2004,5.6,28105
2004,9.1,28107
2004,5.5,28109
2004,7.3,28111
2004,7.1,28113
2004,5.2,28115
2004,7.2,28117
2004,9.9,28119
2004,4,28121
2004,5.1,28123
2004,10.6,28125
2004,5.2,28127
2004,5.3,28129
2004,5.5,28131
2004,9,28133
2004,9.4,28135
2004,5.9,28137
2004,6.9,28139
2004,7.9,28141
2004,8.8,28143
2004,6.2,28145
2004,6.9,28147
2004,6,28149
2004,9.5,28151
2004,6.9,28153
2004,8.3,28155
2004,8.6,28157
2004,7.6,28159
2004,8.8,28161
2004,8.6,28163
2004,5.9,29000
2004,5,29001
2004,5.2,29003
2004,4.6,29005
2004,5.8,29007
2004,5.2,29009
2004,5.1,29011
2004,7.2,29013
2004,6.4,29015
2004,6,29017
2004,3.9,29019
2004,6.2,29021
2004,5.5,29023
2004,6,29025
2004,4.8,29027
2004,5.7,29029
2004,4.6,29031
2004,5.6,29033
2004,6.7,29035
2004,5.7,29037
2004,6.3,29039
2004,5.8,29041
2004,4.7,29043
2004,6.8,29045
2004,5,29047
2004,5.9,29049
2004,4,29051
2004,5.1,29053
2004,6.5,29055
2004,5.3,29057
2004,6,29059
2004,5.2,29061
2004,6.2,29063
2004,6.7,29065
2004,6,29067
2004,7.4,29069
2004,6,29071
2004,6.2,29073
2004,4.6,29075
2004,4.7,29077
2004,5.7,29079
2004,5.2,29081
2004,6.9,29083
2004,8.6,29085
2004,5,29087
2004,4.8,29089
2004,5.3,29091
2004,8.4,29093
2004,7,29095
2004,5.3,29097
2004,5.8,29099
2004,5,29101
2004,4.2,29103
2004,7.4,29105
2004,5.8,29107
2004,4.9,29109
2004,5,29111
2004,5.9,29113
2004,7.4,29115
2004,5.2,29117
2004,5.1,29119
2004,5.4,29121
2004,6.4,29123
2004,5.1,29125
2004,5.6,29127
2004,5.2,29129
2004,6.4,29131
2004,7.5,29133
2004,4.8,29135
2004,6,29137
2004,6.3,29139
2004,6.5,29141
2004,8.3,29143
2004,5.5,29145
2004,3.8,29147
2004,5.6,29149
2004,4.6,29151
2004,6.1,29153
2004,8.8,29155
2004,4.1,29157
2004,5.9,29159
2004,4.6,29161
2004,5.5,29163
2004,4.7,29165
2004,5.4,29167
2004,5.8,29169
2004,4.9,29171
2004,6,29173
2004,5.5,29175
2004,6.4,29177
2004,8.2,29179
2004,6.3,29181
2004,4.6,29183
2004,6.6,29185
2004,5.7,29186
2004,7.1,29187
2004,5.6,29189
2004,5.2,29195
2004,6.2,29197
2004,4.1,29199
2004,6.1,29201
2004,8.5,29203
2004,5.8,29205
2004,6,29207
2004,8.5,29209
2004,6.6,29211
2004,9.1,29213
2004,7,29215
2004,5.4,29217
2004,5.6,29219
2004,8.8,29221
2004,7.3,29223
2004,5.1,29225
2004,4.4,29227
2004,6.7,29229
2004,9,29510
2004,4.8,30000
2004,3.9,30001
2004,9.6,30003
2004,4.7,30005
2004,4.5,30007
2004,4.3,30009
2004,3.4,30011
2004,4.5,30013
2004,3.5,30015
2004,4.3,30017
2004,4.3,30019
2004,4.2,30021
2004,6.8,30023
2004,3.1,30025
2004,5.4,30027
2004,5.9,30029
2004,3.6,30031
2004,3.9,30033
2004,8.5,30035
2004,6.3,30037
2004,5.8,30039
2004,4.7,30041
2004,4.6,30043
2004,4.4,30045
2004,6.3,30047
2004,4.1,30049
2004,4.3,30051
2004,10.4,30053
2004,3,30055
2004,4.4,30057
2004,6.1,30059
2004,6.5,30061
2004,4.2,30063
2004,6.3,30065
2004,4.7,30067
2004,5.9,30069
2004,4.7,30071
2004,5.7,30073
2004,4.3,30075
2004,6.5,30077
2004,5.5,30079
2004,5.8,30081
2004,3.7,30083
2004,6.8,30085
2004,5.5,30087
2004,7.3,30089
2004,4.1,30091
2004,5.1,30093
2004,3.9,30095
2004,2.3,30097
2004,4.2,30099
2004,3.6,30101
2004,4.8,30103
2004,4.5,30105
2004,4.7,30107
2004,3.9,30109
2004,3.8,30111
2004,3.9,31000
2004,3.8,31001
2004,3.3,31003
2004,4.2,31005
2004,3.4,31007
2004,3.5,31009
2004,3.2,31011
2004,4,31013
2004,3.2,31015
2004,3.3,31017
2004,2.9,31019
2004,5.2,31021
2004,4.1,31023
2004,4.1,31025
2004,2.9,31027
2004,2.9,31029
2004,2.4,31031
2004,3.1,31033
2004,3.5,31035
2004,3.1,31037
2004,2.9,31039
2004,3.1,31041
2004,4.4,31043
2004,3.2,31045
2004,4.2,31047
2004,3,31049
2004,3.5,31051
2004,4.6,31053
2004,4.5,31055
2004,3.7,31057
2004,3.6,31059
2004,3.3,31061
2004,2.9,31063
2004,3.4,31065
2004,4.4,31067
2004,3.7,31069
2004,3.3,31071
2004,3.8,31073
2004,2.6,31075
2004,3.8,31077
2004,4.8,31079
2004,3.1,31081
2004,3.2,31083
2004,3.8,31085
2004,3.9,31087
2004,3,31089
2004,3.3,31091
2004,4.1,31093
2004,4.2,31095
2004,3.5,31097
2004,2.9,31099
2004,3.3,31101
2004,3.2,31103
2004,2.9,31105
2004,3.5,31107
2004,3.5,31109
2004,3.5,31111
2004,3,31113
2004,4,31115
2004,1.7,31117
2004,3.9,31119
2004,4.1,31121
2004,3.3,31123
2004,4.5,31125
2004,4.5,31127
2004,3.2,31129
2004,4.1,31131
2004,3.7,31133
2004,2.5,31135
2004,3.3,31137
2004,3.3,31139
2004,4.3,31141
2004,3.5,31143
2004,3.5,31145
2004,4.9,31147
2004,3.3,31149
2004,3.3,31151
2004,3.3,31153
2004,3.6,31155
2004,4.3,31157
2004,3,31159
2004,2.9,31161
2004,3.5,31163
2004,2.6,31165
2004,3.1,31167
2004,3.2,31169
2004,3.1,31171
2004,7.8,31173
2004,3.3,31175
2004,3.2,31177
2004,3,31179
2004,4.1,31181
2004,2.7,31183
2004,3.2,31185
2004,4.3,32000
2004,4.1,32001
2004,4.3,32003
2004,4.2,32005
2004,3.7,32007
2004,5.1,32009
2004,4,32011
2004,3.8,32013
2004,4.1,32015
2004,5.1,32017
2004,5.4,32019
2004,5.2,32021
2004,5.8,32023
2004,4.2,32027
2004,3.2,32029
2004,4,32031
2004,3.6,32033
2004,4.8,32510
2004,3.8,33000
2004,3.5,33001
2004,3.2,33003
2004,3.3,33005
2004,4.5,33007
2004,2.8,33009
2004,3.9,33011
2004,3.2,33013
2004,4.6,33015
2004,3.4,33017
2004,3.2,33019
2004,4.8,34000
2004,5.5,34001
2004,4.1,34003
2004,4.1,34005
2004,5.2,34007
2004,6.8,34009
2004,6.5,34011
2004,6.1,34013
2004,4.6,34015
2004,6,34017
2004,3.4,34019
2004,4.2,34021
2004,4.5,34023
2004,4.4,34025
2004,3.6,34027
2004,5,34029
2004,6.1,34031
2004,5.2,34033
2004,3.7,34035
2004,4.3,34037
2004,5.2,34039
2004,4.3,34041
2004,5.5,35000
2004,5,35001
2004,7.3,35003
2004,6.6,35005
2004,5.7,35006
2004,5.7,35007
2004,4.2,35009
2004,6.9,35011
2004,6.1,35013
2004,5.5,35015
2004,8.4,35017
2004,6.9,35019
2004,5.2,35021
2004,5.8,35023
2004,4.7,35025
2004,4.2,35027
2004,2.7,35028
2004,15.5,35029
2004,6.9,35031
2004,10.8,35033
2004,5.1,35035
2004,6.1,35037
2004,6.5,35039
2004,3.7,35041
2004,5.5,35043
2004,5.9,35045
2004,6.5,35047
2004,4.2,35049
2004,5.6,35051
2004,4.8,35053
2004,7.2,35055
2004,5.6,35057
2004,3.6,35059
2004,5.6,35061
2004,5.8,36000
2004,4.2,36001
2004,6.4,36003
2004,9.2,36005
2004,5.4,36007
2004,6,36009
2004,5.1,36011
2004,5.5,36013
2004,6,36015
2004,5.5,36017
2004,6,36019
2004,4.4,36021
2004,6.2,36023
2004,4.5,36025
2004,4.2,36027
2004,5.7,36029
2004,5.5,36031
2004,6.5,36033
2004,5.6,36035
2004,5.5,36037
2004,5.3,36039
2004,5.5,36041
2004,5.6,36043
2004,6.9,36045
2004,7.6,36047
2004,6.5,36049
2004,5.8,36051
2004,5.6,36053
2004,5.2,36055
2004,5.9,36057
2004,4.5,36059
2004,6.2,36061
2004,6.2,36063
2004,5.2,36065
2004,5.1,36067
2004,5,36069
2004,4.7,36071
2004,6.4,36073
2004,6.9,36075
2004,4.9,36077
2004,4,36079
2004,6.3,36081
2004,4.6,36083
2004,6.4,36085
2004,4.4,36087
2004,7,36089
2004,3.9,36091
2004,4.5,36093
2004,5.5,36095
2004,5.9,36097
2004,5.2,36099
2004,6.4,36101
2004,4.7,36103
2004,5.3,36105
2004,5.2,36107
2004,4,36109
2004,4.9,36111
2004,4.9,36113
2004,4.7,36115
2004,5.5,36117
2004,4.4,36119
2004,6.2,36121
2004,4.5,36123
2004,5.5,37000
2004,6.2,37001
2004,6,37003
2004,6.2,37005
2004,8.5,37007
2004,5.4,37009
2004,5,37011
2004,6.9,37013
2004,7.7,37015
2004,7.1,37017
2004,5.4,37019
2004,4.3,37021
2004,6.6,37023
2004,6.1,37025
2004,7.4,37027
2004,3.8,37029
2004,4.6,37031
2004,7.9,37033
2004,6.5,37035
2004,3.9,37037
2004,5.9,37039
2004,4.6,37041
2004,4.1,37043
2004,7.4,37045
2004,6.3,37047
2004,4.7,37049
2004,5.3,37051
2004,2.9,37053
2004,4.7,37055
2004,6.5,37057
2004,4.9,37059
2004,5.7,37061
2004,4.5,37063
2004,8.5,37065
2004,5,37067
2004,5.2,37069
2004,6.3,37071
2004,4,37073
2004,7.8,37075
2004,6.8,37077
2004,6.2,37079
2004,5.3,37081
2004,7.7,37083
2004,5.3,37085
2004,4.5,37087
2004,4.2,37089
2004,5.8,37091
2004,5.8,37093
2004,6.4,37095
2004,5.3,37097
2004,4.2,37099
2004,4.5,37101
2004,4.7,37103
2004,5.8,37105
2004,5.9,37107
2004,6,37109
2004,6.5,37111
2004,4.6,37113
2004,5.2,37115
2004,6.6,37117
2004,5.1,37119
2004,6.8,37121
2004,7.1,37123
2004,5.5,37125
2004,6.3,37127
2004,4.4,37129
2004,7,37131
2004,5.4,37133
2004,3.8,37135
2004,4.6,37137
2004,4.6,37139
2004,4.9,37141
2004,4.7,37143
2004,6.6,37145
2004,5.7,37147
2004,4.4,37149
2004,5,37151
2004,8,37153
2004,7.1,37155
2004,7.3,37157
2004,7.2,37159
2004,9,37161
2004,4.8,37163
2004,10.7,37165
2004,6.2,37167
2004,5.2,37169
2004,6,37171
2004,7.2,37173
2004,6.9,37175
2004,6.8,37177
2004,4.8,37179
2004,9.6,37181
2004,4.3,37183
2004,7.3,37185
2004,6.9,37187
2004,4.1,37189
2004,5.3,37191
2004,6,37193
2004,8.1,37195
2004,5.2,37197
2004,6.5,37199
2004,3.4,38000
2004,2.6,38001
2004,3.3,38003
2004,4.9,38005
2004,2.4,38007
2004,4,38009
2004,2.4,38011
2004,3.4,38013
2004,2.8,38015
2004,2.7,38017
2004,3.6,38019
2004,2.8,38021
2004,3.4,38023
2004,3.6,38025
2004,4.9,38027
2004,5.5,38029
2004,3.2,38031
2004,3.1,38033
2004,3.1,38035
2004,3.7,38037
2004,2.5,38039
2004,3.5,38041
2004,6,38043
2004,3.4,38045
2004,4.2,38047
2004,5.8,38049
2004,2.9,38051
2004,3.4,38053
2004,5.6,38055
2004,4.5,38057
2004,3.6,38059
2004,5.3,38061
2004,3.8,38063
2004,3.8,38065
2004,8.1,38067
2004,4.7,38069
2004,4,38071
2004,2.9,38073
2004,2.7,38075
2004,3.3,38077
2004,9.4,38079
2004,2.9,38081
2004,6.2,38083
2004,6.7,38085
2004,3.1,38087
2004,3.2,38089
2004,2.3,38091
2004,3.2,38093
2004,4.3,38095
2004,3.8,38097
2004,4.7,38099
2004,3.5,38101
2004,4.7,38103
2004,2.7,38105
2004,6.3,39000
2004,9.8,39001
2004,6.8,39003
2004,7.3,39005
2004,7.6,39007
2004,6.9,39009
2004,5.3,39011
2004,7.1,39013
2004,7.2,39015
2004,5.6,39017
2004,7.7,39019
2004,6.3,39021
2004,7,39023
2004,5.7,39025
2004,6.3,39027
2004,7.6,39029
2004,9.3,39031
2004,7.9,39033
2004,5.6,39035
2004,6.3,39037
2004,6.3,39039
2004,4.5,39041
2004,6.7,39043
2004,5.8,39045
2004,5.9,39047
2004,5.6,39049
2004,6.6,39051
2004,8.4,39053
2004,4.3,39055
2004,5.9,39057
2004,8.2,39059
2004,5.8,39061
2004,5.4,39063
2004,6.7,39065
2004,7.4,39067
2004,6.6,39069
2004,6.6,39071
2004,8.1,39073
2004,4.3,39075
2004,8.1,39077
2004,8.8,39079
2004,8.4,39081
2004,6.1,39083
2004,4.9,39085
2004,6.6,39087
2004,6.2,39089
2004,5.7,39091
2004,5.3,39093
2004,7.7,39095
2004,6.1,39097
2004,7.8,39099
2004,6.8,39101
2004,4.5,39103
2004,11.2,39105
2004,4.7,39107
2004,6,39109
2004,11.3,39111
2004,6.8,39113
2004,10.9,39115
2004,6.4,39117
2004,8.6,39119
2004,8.9,39121
2004,8.4,39123
2004,6,39125
2004,9.2,39127
2004,7.6,39129
2004,10.7,39131
2004,6,39133
2004,6.4,39135
2004,6.9,39137
2004,7.5,39139
2004,8.1,39141
2004,6.7,39143
2004,9.3,39145
2004,7,39147
2004,5.2,39149
2004,6.9,39151
2004,6.3,39153
2004,7.9,39155
2004,6.3,39157
2004,5.2,39159
2004,5.7,39161
2004,9,39163
2004,5.1,39165
2004,6.5,39167
2004,5.5,39169
2004,6.5,39171
2004,6,39173
2004,5.8,39175
2004,4.9,40000
2004,6.2,40001
2004,3.8,40003
2004,6.2,40005
2004,3.4,40007
2004,3.2,40009
2004,4.6,40011
2004,4,40013
2004,5.6,40015
2004,4,40017
2004,4.7,40019
2004,4.6,40021
2004,7,40023
2004,3,40025
2004,3.8,40027
2004,10.4,40029
2004,4.3,40031
2004,4,40033
2004,4.8,40035
2004,5.7,40037
2004,3.2,40039
2004,5.1,40041
2004,3.1,40043
2004,2.8,40045
2004,3.7,40047
2004,4.2,40049
2004,4.5,40051
2004,3.5,40053
2004,6.3,40055
2004,3.5,40057
2004,3,40059
2004,5.5,40061
2004,8.5,40063
2004,3.8,40065
2004,5.9,40067
2004,5.8,40069
2004,6.1,40071
2004,3.2,40073
2004,4.6,40075
2004,5.8,40077
2004,5.5,40079
2004,4.9,40081
2004,3.9,40083
2004,6,40085
2004,4.4,40087
2004,7.6,40089
2004,6.7,40091
2004,3.2,40093
2004,4.9,40095
2004,6,40097
2004,4.5,40099
2004,6.9,40101
2004,3.9,40103
2004,5.7,40105
2004,8.6,40107
2004,4.8,40109
2004,7.1,40111
2004,5.3,40113
2004,5.8,40115
2004,5.8,40117
2004,3.9,40119
2004,5.5,40121
2004,5.8,40123
2004,5.5,40125
2004,6.4,40127
2004,2.7,40129
2004,4.5,40131
2004,9.8,40133
2004,6.1,40135
2004,4.6,40137
2004,3.4,40139
2004,4.6,40141
2004,4.8,40143
2004,4.7,40145
2004,5,40147
2004,3.3,40149
2004,7,40151
2004,3.7,40153
2004,7.3,41000
2004,8.9,41001
2004,5.4,41003
2004,6.7,41005
2004,6.8,41007
2004,9.1,41009
2004,9,41011
2004,8.3,41013
2004,7.5,41015
2004,6.8,41017
2004,9.3,41019
2004,6.1,41021
2004,9.8,41023
2004,9.5,41025
2004,7.4,41027
2004,7.1,41029
2004,6.3,41031
2004,8.3,41033
2004,9.4,41035
2004,9.8,41037
2004,7.3,41039
2004,8.1,41041
2004,9.1,41043
2004,9.8,41045
2004,7.6,41047
2004,8.1,41049
2004,7.4,41051
2004,6.6,41053
2004,9.1,41055
2004,7.1,41057
2004,8,41059
2004,7.3,41061
2004,9,41063
2004,8.6,41065
2004,6.2,41067
2004,7.8,41069
2004,7.2,41071
2004,5.4,42000
2004,4,42001
2004,5.3,42003
2004,7,42005
2004,5.8,42007
2004,7.7,42009
2004,5.2,42011
2004,5.4,42013
2004,5.2,42015
2004,4.6,42017
2004,5.5,42019
2004,6.9,42021
2004,7.1,42023
2004,6.4,42025
2004,4.5,42027
2004,3.7,42029
2004,5.7,42031
2004,6.9,42033
2004,6.6,42035
2004,6.6,42037
2004,6.5,42039
2004,3.9,42041
2004,4.8,42043
2004,5,42045
2004,5.5,42047
2004,6.1,42049
2004,7.6,42051
2004,10.1,42053
2004,3.7,42055
2004,4.9,42057
2004,6.5,42059
2004,6.9,42061
2004,6.2,42063
2004,6.1,42065
2004,4.6,42067
2004,5.9,42069
2004,3.9,42071
2004,6.2,42073
2004,4,42075
2004,5.3,42077
2004,6.6,42079
2004,6,42081
2004,5.9,42083
2004,6.4,42085
2004,6.6,42087
2004,5.8,42089
2004,4.2,42091
2004,5.2,42093
2004,5.4,42095
2004,6.4,42097
2004,4.9,42099
2004,7.3,42101
2004,5.9,42103
2004,6.6,42105
2004,6.8,42107
2004,4.6,42109
2004,6.4,42111
2004,6,42113
2004,5.6,42115
2004,5.8,42117
2004,5.4,42119
2004,6.1,42121
2004,5.6,42123
2004,5.7,42125
2004,5.2,42127
2004,5.9,42129
2004,6.1,42131
2004,4.5,42133
2004,5.2,44000
2004,4.4,44001
2004,4.9,44003
2004,4.6,44005
2004,5.6,44007
2004,4.2,44009
2004,6.8,45000
2004,8.2,45001
2004,5.7,45003
2004,9.7,45005
2004,7.2,45007
2004,7.3,45009
2004,9.5,45011
2004,5,45013
2004,5.5,45015
2004,6.6,45017
2004,5.4,45019
2004,8.9,45021
2004,9.9,45023
2004,10,45025
2004,8.9,45027
2004,7.3,45029
2004,8.3,45031
2004,9.7,45033
2004,5.1,45035
2004,5.8,45037
2004,8,45039
2004,8.4,45041
2004,9.5,45043
2004,5.9,45045
2004,8.7,45047
2004,9.4,45049
2004,5.9,45051
2004,5.5,45053
2004,6.2,45055
2004,8.9,45057
2004,7.1,45059
2004,8.7,45061
2004,4.9,45063
2004,11.1,45065
2004,13.5,45067
2004,13,45069
2004,7.4,45071
2004,7.4,45073
2004,9.4,45075
2004,6.8,45077
2004,6,45079
2004,7.4,45081
2004,7.6,45083
2004,7.8,45085
2004,12.1,45087
2004,12,45089
2004,7.3,45091
2004,3.7,46000
2004,3.8,46003
2004,3.9,46005
2004,4.1,46007
2004,3.6,46009
2004,3,46011
2004,3.2,46013
2004,2.8,46015
2004,11.1,46017
2004,3.6,46019
2004,3.9,46021
2004,4.1,46023
2004,4.4,46025
2004,3.3,46027
2004,3.6,46029
2004,6.4,46031
2004,4,46033
2004,3.1,46035
2004,6.4,46037
2004,4.5,46039
2004,8.7,46041
2004,3.1,46043
2004,3.6,46045
2004,4.3,46047
2004,3.3,46049
2004,4.5,46051
2004,3.5,46053
2004,2.7,46055
2004,3.9,46057
2004,3.1,46059
2004,3.2,46061
2004,3.2,46063
2004,2.9,46065
2004,3.7,46067
2004,3.6,46069
2004,6,46071
2004,3.2,46073
2004,2.5,46075
2004,4,46077
2004,3.7,46079
2004,3.5,46081
2004,2.8,46083
2004,4.9,46085
2004,3.4,46087
2004,4.6,46089
2004,5.1,46091
2004,3.6,46093
2004,6.1,46095
2004,4.6,46097
2004,3.5,46099
2004,5.2,46101
2004,9.2,46102
2004,3.5,46103
2004,3.8,46105
2004,3.7,46107
2004,5.3,46109
2004,3.4,46111
2004,3.7,46115
2004,2.8,46117
2004,2.4,46119
2004,6,46121
2004,3.5,46123
2004,3.8,46125
2004,4.7,46127
2004,5.4,46129
2004,3.5,46135
2004,7.1,46137
2004,5.3,47000
2004,4.8,47001
2004,5.3,47003
2004,8.3,47005
2004,7.4,47007
2004,4.2,47009
2004,5,47011
2004,5.9,47013
2004,4.6,47015
2004,8.1,47017
2004,5.9,47019
2004,4.5,47021
2004,5.6,47023
2004,5.5,47025
2004,9,47027
2004,7.9,47029
2004,4.7,47031
2004,7.7,47033
2004,6.3,47035
2004,4.5,47037
2004,7.2,47039
2004,5,47041
2004,5.1,47043
2004,5.9,47045
2004,6.2,47047
2004,6.5,47049
2004,5.2,47051
2004,8,47053
2004,7.2,47055
2004,6,47057
2004,7.6,47059
2004,6.1,47061
2004,5.4,47063
2004,4.5,47065
2004,9.7,47067
2004,8.1,47069
2004,7.5,47071
2004,6,47073
2004,8.4,47075
2004,6.8,47077
2004,7.9,47079
2004,6.1,47081
2004,7.7,47083
2004,7.1,47085
2004,6.7,47087
2004,6.1,47089
2004,7.7,47091
2004,3.9,47093
2004,6.7,47095
2004,9.8,47097
2004,8.6,47099
2004,6.9,47101
2004,5.2,47103
2004,4.5,47105
2004,6.5,47107
2004,6,47109
2004,5.4,47111
2004,5.5,47113
2004,6.2,47115
2004,7,47117
2004,5.4,47119
2004,7.2,47121
2004,6.4,47123
2004,4.7,47125
2004,4.3,47127
2004,7.6,47129
2004,6.3,47131
2004,5.5,47133
2004,6.6,47135
2004,8.6,47137
2004,5.6,47139
2004,4.5,47141
2004,6.3,47143
2004,5.7,47145
2004,4.8,47147
2004,4.1,47149
2004,7.2,47151
2004,5.3,47153
2004,6.1,47155
2004,6,47157
2004,6.6,47159
2004,6.6,47161
2004,5.5,47163
2004,4.4,47165
2004,6.2,47167
2004,5.7,47169
2004,6.2,47171
2004,5,47173
2004,6.3,47175
2004,5.2,47177
2004,5,47179
2004,8.5,47181
2004,7.3,47183
2004,5.9,47185
2004,3.6,47187
2004,4.5,47189
2004,5.9,48000
2004,6.9,48001
2004,4.7,48003
2004,6.4,48005
2004,8.2,48007
2004,3.7,48009
2004,3.9,48011
2004,5.7,48013
2004,5.3,48015
2004,5.5,48017
2004,5,48019
2004,5.8,48021
2004,5.4,48023
2004,7.6,48025
2004,5.2,48027
2004,5.7,48029
2004,4.4,48031
2004,3.9,48033
2004,5.6,48035
2004,6,48037
2004,6.8,48039
2004,4.3,48041
2004,4.3,48043
2004,6,48045
2004,7.4,48047
2004,5.5,48049
2004,5.2,48051
2004,4.9,48053
2004,6.4,48055
2004,7.1,48057
2004,4.6,48059
2004,8.6,48061
2004,5.9,48063
2004,4.1,48065
2004,7,48067
2004,4.9,48069
2004,5.8,48071
2004,5.5,48073
2004,5.7,48075
2004,3.9,48077
2004,6.7,48079
2004,5.9,48081
2004,5.5,48083
2004,5,48085
2004,5,48087
2004,5.1,48089
2004,5.2,48091
2004,4.9,48093
2004,6.1,48095
2004,4.9,48097
2004,6.4,48099
2004,5.5,48101
2004,6,48103
2004,3.8,48105
2004,5.9,48107
2004,5.2,48109
2004,3.8,48111
2004,6.5,48113
2004,7,48115
2004,5.2,48117
2004,7,48119
2004,4.5,48121
2004,5.5,48123
2004,6,48125
2004,8.9,48127
2004,5.5,48129
2004,6.8,48131
2004,5.6,48133
2004,5.7,48135
2004,4.1,48137
2004,5.6,48139
2004,7.5,48141
2004,4.4,48143
2004,6.2,48145
2004,6.9,48147
2004,4.1,48149
2004,5,48151
2004,6.5,48153
2004,6.1,48155
2004,5.5,48157
2004,4.5,48159
2004,4.7,48161
2004,7,48163
2004,5,48165
2004,6.8,48167
2004,5.3,48169
2004,3.7,48171
2004,3.8,48173
2004,5.6,48175
2004,4.6,48177
2004,5.1,48179
2004,6.1,48181
2004,5.8,48183
2004,6.9,48185
2004,4.8,48187
2004,5.9,48189
2004,6.5,48191
2004,4.5,48193
2004,3.7,48195
2004,5.1,48197
2004,7.3,48199
2004,6.2,48201
2004,5.7,48203
2004,3.8,48205
2004,4.3,48207
2004,5.1,48209
2004,3.2,48211
2004,6.1,48213
2004,9,48215
2004,6.5,48217
2004,4.8,48219
2004,5.9,48221
2004,5.2,48223
2004,6.8,48225
2004,5.7,48227
2004,6.5,48229
2004,5.9,48231
2004,6.2,48233
2004,4.4,48235
2004,4.9,48237
2004,5.8,48239
2004,8.8,48241
2004,3.7,48243
2004,8.1,48245
2004,4.9,48247
2004,6.4,48249
2004,5.8,48251
2004,5.8,48253
2004,6.8,48255
2004,6.6,48257
2004,4.6,48259
2004,4.2,48261
2004,4.5,48263
2004,4.7,48265
2004,4.3,48267
2004,3.3,48269
2004,6.4,48271
2004,5.5,48273
2004,5.2,48275
2004,6.4,48277
2004,5.6,48279
2004,4.5,48281
2004,6.6,48283
2004,3.6,48285
2004,4.6,48287
2004,6.2,48289
2004,8.7,48291
2004,5.3,48293
2004,3.5,48295
2004,5.1,48297
2004,5.7,48299
2004,6.9,48301
2004,4.5,48303
2004,5.7,48305
2004,6.2,48307
2004,5.3,48309
2004,4.8,48311
2004,6.1,48313
2004,6.2,48315
2004,4.9,48317
2004,3.5,48319
2004,9.3,48321
2004,14.7,48323
2004,5.5,48325
2004,5.6,48327
2004,4.3,48329
2004,5.8,48331
2004,4.1,48333
2004,7,48335
2004,5.2,48337
2004,5.2,48339
2004,4.2,48341
2004,7.4,48343
2004,4.6,48345
2004,5.3,48347
2004,6.5,48349
2004,10.6,48351
2004,5.3,48353
2004,6,48355
2004,3.4,48357
2004,3.9,48359
2004,8.7,48361
2004,5.3,48363
2004,5.6,48365
2004,5.1,48367
2004,4.5,48369
2004,5.9,48371
2004,7.1,48373
2004,5.5,48375
2004,14.1,48377
2004,6.2,48379
2004,3.2,48381
2004,3.2,48383
2004,5.2,48385
2004,6.6,48387
2004,8.5,48389
2004,5.3,48391
2004,3.9,48393
2004,5.3,48395
2004,5.2,48397
2004,5,48399
2004,5.6,48401
2004,11.2,48403
2004,7,48405
2004,6.4,48407
2004,7.6,48409
2004,5.2,48411
2004,3.8,48413
2004,5.4,48415
2004,3.1,48417
2004,6.1,48419
2004,3.5,48421
2004,5.3,48423
2004,5.5,48425
2004,14.3,48427
2004,5,48429
2004,3.3,48431
2004,4.3,48433
2004,2.9,48435
2004,5.4,48437
2004,5.5,48439
2004,4.5,48441
2004,6,48443
2004,6.2,48445
2004,3.9,48447
2004,5,48449
2004,4.7,48451
2004,5.1,48453
2004,6.9,48455
2004,8,48457
2004,5.7,48459
2004,4.7,48461
2004,7,48463
2004,7.1,48465
2004,5.4,48467
2004,5.2,48469
2004,5.9,48471
2004,6.2,48473
2004,6.4,48475
2004,5,48477
2004,6.6,48479
2004,5.6,48481
2004,3.8,48483
2004,5.1,48485
2004,4.3,48487
2004,11.2,48489
2004,4.6,48491
2004,5,48493
2004,6.1,48495
2004,5.1,48497
2004,6.1,48499
2004,5,48501
2004,5.1,48503
2004,7.2,48505
2004,12.4,48507
2004,5,49000
2004,4.5,49001
2004,5,49003
2004,3.6,49005
2004,6.6,49007
2004,5.4,49009
2004,4.7,49011
2004,5.6,49013
2004,6.8,49015
2004,7.8,49017
2004,7.3,49019
2004,4.6,49021
2004,6.4,49023
2004,5.6,49025
2004,4.8,49027
2004,4.8,49029
2004,4.4,49031
2004,3.4,49033
2004,5,49035
2004,9.2,49037
2004,6.2,49039
2004,5.2,49041
2004,5.2,49043
2004,5.5,49045
2004,5.1,49047
2004,4.8,49049
2004,5.4,49051
2004,4.8,49053
2004,6.6,49055
2004,5.5,49057
2004,3.7,50000
2004,3.5,50001
2004,4,50003
2004,4.2,50005
2004,3.2,50007
2004,4,50009
2004,4,50011
2004,4.7,50013
2004,4.1,50015
2004,3.4,50017
2004,5.1,50019
2004,4,50021
2004,3.8,50023
2004,3.5,50025
2004,3.2,50027
2004,3.8,51000
2004,4.7,51001
2004,3.1,51003
2004,4.8,51005
2004,3.6,51007
2004,4.6,51009
2004,4.6,51011
2004,2.5,51013
2004,3.2,51015
2004,3.7,51017
2004,3.9,51019
2004,4.6,51021
2004,3.4,51023
2004,6.6,51025
2004,5.8,51027
2004,4.3,51029
2004,4.4,51031
2004,4.1,51033
2004,5.1,51035
2004,5.1,51036
2004,6.1,51037
2004,3.4,51041
2004,2.9,51043
2004,4,51045
2004,3.6,51047
2004,4,51049
2004,6.3,51051
2004,3.9,51053
2004,4.3,51057
2004,2.8,51059
2004,2.8,51061
2004,4.1,51063
2004,3.1,51065
2004,4,51067
2004,3.1,51069
2004,5.2,51071
2004,3.1,51073
2004,3.4,51075
2004,4.9,51077
2004,3.2,51079
2004,6.5,51081
2004,7.8,51083
2004,3.1,51085
2004,3.6,51087
2004,9.5,51089
2004,3.5,51091
2004,3.5,51093
2004,3.4,51095
2004,3.9,51097
2004,3.2,51099
2004,3.5,51101
2004,5.7,51103
2004,5.7,51105
2004,2.7,51107
2004,3.9,51109
2004,5,51111
2004,3.1,51113
2004,3.1,51115
2004,6.9,51117
2004,3.5,51119
2004,3.7,51121
2004,3.7,51125
2004,3.5,51127
2004,4.8,51131
2004,5.1,51133
2004,4.5,51135
2004,3.4,51137
2004,5.6,51139
2004,7.8,51141
2004,6.4,51143
2004,3,51145
2004,5.7,51147
2004,3.7,51149
2004,3,51153
2004,6,51155
2004,2.7,51157
2004,5.3,51159
2004,3.3,51161
2004,3.3,51163
2004,3.1,51165
2004,5.9,51167
2004,5.7,51169
2004,3.4,51171
2004,5.3,51173
2004,4.3,51175
2004,2.9,51177
2004,2.9,51179
2004,4.2,51181
2004,6.1,51183
2004,4.8,51185
2004,3.4,51187
2004,4.9,51191
2004,4.7,51193
2004,5.3,51195
2004,4.9,51197
2004,3.1,51199
2004,2.8,51510
2004,6.3,51520
2004,4.1,51530
2004,4.2,51540
2004,3.8,51550
2004,4.1,51570
2004,5.7,51580
2004,9.5,51590
2004,7.3,51595
2004,2.7,51600
2004,3.3,51610
2004,5.1,51620
2004,4.9,51630
2004,5.7,51640
2004,4.8,51650
2004,4,51660
2004,5.7,51670
2004,5.6,51678
2004,5.2,51680
2004,3.1,51683
2004,2.8,51685
2004,12.4,51690
2004,4.6,51700
2004,5.2,51710
2004,5.5,51720
2004,7.9,51730
2004,3.1,51735
2004,5.5,51740
2004,5.3,51750
2004,5.8,51760
2004,4.6,51770
2004,3.5,51775
2004,3.5,51790
2004,4.2,51800
2004,3.5,51810
2004,3.9,51820
2004,7.8,51830
2004,3.3,51840
2004,6.3,53000
2004,8,53001
2004,6.6,53003
2004,6.1,53005
2004,7.1,53007
2004,7.3,53009
2004,7.6,53011
2004,8.3,53013
2004,8.7,53015
2004,6.5,53017
2004,10.9,53019
2004,7.7,53021
2004,5.7,53023
2004,8.4,53025
2004,8.5,53027
2004,7,53029
2004,6.4,53031
2004,5,53033
2004,5.9,53035
2004,7,53037
2004,9.4,53039
2004,8.5,53041
2004,6.8,53043
2004,7.6,53045
2004,8.1,53047
2004,7.7,53049
2004,9.1,53051
2004,7.1,53053
2004,4.9,53055
2004,7.1,53057
2004,8.7,53059
2004,5.6,53061
2004,6.7,53063
2004,8.4,53065
2004,5.9,53067
2004,8,53069
2004,6.3,53071
2004,6,53073
2004,4.5,53075
2004,8.7,53077
2004,5.3,54000
2004,6.4,54001
2004,4.3,54003
2004,5,54005
2004,5.9,54007
2004,7.4,54009
2004,4.8,54011
2004,9.3,54013
2004,7.5,54015
2004,5,54017
2004,6.1,54019
2004,4.7,54021
2004,6.7,54023
2004,5.8,54025
2004,4.6,54027
2004,7.6,54029
2004,4,54031
2004,5.3,54033
2004,6.2,54035
2004,3.4,54037
2004,4.8,54039
2004,5.3,54041
2004,6.3,54043
2004,5.6,54045
2004,9.8,54047
2004,5,54049
2004,6.1,54051
2004,8,54053
2004,5.6,54055
2004,5.8,54057
2004,6.7,54059
2004,3.8,54061
2004,4.3,54063
2004,4.2,54065
2004,5.4,54067
2004,5.1,54069
2004,3.8,54071
2004,6.1,54073
2004,6.2,54075
2004,5.3,54077
2004,4.7,54079
2004,5.3,54081
2004,5.5,54083
2004,6.6,54085
2004,7.8,54087
2004,6.3,54089
2004,4.9,54091
2004,6.5,54093
2004,7.3,54095
2004,5.4,54097
2004,5.3,54099
2004,5.6,54101
2004,8.7,54103
2004,7,54105
2004,5.4,54107
2004,6.2,54109
2004,5,55000
2004,6.9,55001
2004,6,55003
2004,5.6,55005
2004,6.4,55007
2004,4.7,55009
2004,4.4,55011
2004,5.6,55013
2004,4.1,55015
2004,5.7,55017
2004,5.6,55019
2004,4.7,55021
2004,5.4,55023
2004,3.2,55025
2004,5.3,55027
2004,6.1,55029
2004,5.8,55031
2004,4.6,55033
2004,4.4,55035
2004,6.4,55037
2004,4.7,55039
2004,6.3,55041
2004,4.6,55043
2004,4.5,55045
2004,5.8,55047
2004,4,55049
2004,9,55051
2004,5.6,55053
2004,5,55055
2004,6.4,55057
2004,5.8,55059
2004,4.5,55061
2004,4.1,55063
2004,4.4,55065
2004,6.6,55067
2004,5.7,55069
2004,6,55071
2004,4.4,55073
2004,6.5,55075
2004,6.6,55077
2004,11.1,55078
2004,6.3,55079
2004,4.2,55081
2004,6.4,55083
2004,6.1,55085
2004,4.8,55087
2004,3.7,55089
2004,5.1,55091
2004,4.2,55093
2004,5.5,55095
2004,4.9,55097
2004,4.7,55099
2004,6,55101
2004,4.7,55103
2004,5.6,55105
2004,6.4,55107
2004,4.9,55109
2004,4.5,55111
2004,6.1,55113
2004,5.1,55115
2004,4.5,55117
2004,5.3,55119
2004,4.8,55121
2004,4.7,55123
2004,6.4,55125
2004,4.4,55127
2004,6.3,55129
2004,4.5,55131
2004,4.2,55133
2004,5.3,55135
2004,6,55137
2004,4.6,55139
2004,5.8,55141
2004,3.8,56000
2004,2.9,56001
2004,4.6,56003
2004,3,56005
2004,4.4,56007
2004,3.9,56009
2004,3.8,56011
2004,5,56013
2004,4.3,56015
2004,3.9,56017
2004,3.6,56019
2004,4.4,56021
2004,3.9,56023
2004,3.6,56025
2004,3.8,56027
2004,4,56029
2004,5,56031
2004,3.8,56033
2004,2.4,56035
2004,3.2,56037
2004,3.1,56039
2004,3.8,56041
2004,4,56043
2004,4,56045
2004,10.6,72000
2004,12.2,72001
2004,12.7,72003
2004,12.7,72005
2004,11.6,72007
2004,12.6,72009
2004,12.9,72011
2004,11.5,72013
2004,16.9,72015
2004,12.9,72017
2004,11.2,72019
2004,7.9,72021
2004,8.9,72023
2004,9.9,72025
2004,10.8,72027
2004,13.4,72029
2004,8.2,72031
2004,10.3,72033
2004,12,72035
2004,14.7,72037
2004,15.7,72039
2004,11.1,72041
2004,14.2,72043
2004,13.5,72045
2004,11.2,72047
2004,5.1,72049
2004,9,72051
2004,14,72053
2004,13.8,72054
2004,15.8,72055
2004,15.6,72057
2004,15.1,72059
2004,5.9,72061
2004,9.7,72063
2004,11.6,72065
2004,10.5,72067
2004,14.4,72069
2004,12.5,72071
2004,10.9,72073
2004,11.5,72075
2004,12,72077
2004,12.5,72079
2004,11.6,72081
2004,11.6,72083
2004,12.9,72085
2004,13.3,72087
2004,15.1,72089
2004,13.7,72091
2004,11,72093
2004,17.3,72095
2004,12.9,72097
2004,12.1,72099
2004,13.6,72101
2004,15.7,72103
2004,10.2,72105
2004,13.2,72107
2004,17.5,72109
2004,14.1,72111
2004,10.6,72113
2004,11.2,72115
2004,12.4,72117
2004,11.1,72119
2004,12.9,72121
2004,14.7,72123
2004,12.9,72125
2004,7.6,72127
2004,11.2,72129
2004,13.1,72131
2004,12,72133
2004,7.4,72135
2004,8.1,72137
2004,7,72139
2004,13.6,72141
2004,10.4,72143
2004,11.6,72145
2004,12.4,72147
2004,12.8,72149
2004,17.2,72151
2004,12.6,72153
2006,4.634046831,0
2006,4,1000
2006,3.3,1001
2006,3.2,1003
2006,5.7,1005
2006,4.2,1007
2006,3.2,1009
2006,8.9,1011
2006,5.7,1013
2006,4.1,1015
2006,5.8,1017
2006,4.2,1019
2006,3.6,1021
2006,5.6,1023
2006,6.2,1025
2006,4.5,1027
2006,3.5,1029
2006,3.7,1031
2006,4.7,1033
2006,5.7,1035
2006,5.6,1037
2006,3.9,1039
2006,4,1041
2006,3.4,1043
2006,4.7,1045
2006,8.2,1047
2006,4.2,1049
2006,3.4,1051
2006,5,1053
2006,4.2,1055
2006,4.2,1057
2006,4.6,1059
2006,3.8,1061
2006,5.6,1063
2006,5.3,1065
2006,4,1067
2006,3.4,1069
2006,4.5,1071
2006,4,1073
2006,5.2,1075
2006,4.2,1077
2006,4.8,1079
2006,3.4,1081
2006,3.7,1083
2006,7.6,1085
2006,5.3,1087
2006,3.3,1089
2006,4.6,1091
2006,4.4,1093
2006,3.5,1095
2006,4.2,1097
2006,6,1099
2006,4.2,1101
2006,4,1103
2006,8.4,1105
2006,5.1,1107
2006,4,1109
2006,5.3,1111
2006,5.9,1113
2006,3.5,1115
2006,2.7,1117
2006,6.8,1119
2006,5.2,1121
2006,5.1,1123
2006,3.3,1125
2006,4.6,1127
2006,5.8,1129
2006,8.7,1131
2006,4.9,1133
2006,6.6,2000
2006,8.5,2013
2006,5.7,2016
2006,5.3,2020
2006,13.2,2050
2006,5.4,2060
2006,5.8,2068
2006,9.6,2070
2006,5.7,2090
2006,8.1,2100
2006,,2105
2006,4.8,2110
2006,8.2,2122
2006,6.1,2130
2006,7.5,2150
2006,20.8,2158
2006,6.1,2164
2006,7.5,2170
2006,12.1,2180
2006,6.9,2185
2006,11.3,2188
2006,,2195
2006,,2198
2006,14.3,2201
2006,5.4,2220
2006,,2230
2006,12.7,2232
2006,10.7,2240
2006,8.5,2261
2006,,2275
2006,9.6,2280
2006,9.6,2282
2006,13.1,2290
2006,4.2,4000
2006,10,4001
2006,4.5,4003
2006,4.4,4005
2006,5.2,4007
2006,5.1,4009
2006,3.8,4011
2006,5.8,4012
2006,3.6,4013
2006,4.3,4015
2006,7.4,4017
2006,4.1,4019
2006,5,4021
2006,7.6,4023
2006,4,4025
2006,15,4027
2006,5.2,5000
2006,7.6,5001
2006,7.5,5003
2006,5.3,5005
2006,3.3,5007
2006,4.9,5009
2006,7,5011
2006,6.9,5013
2006,4.3,5015
2006,8.3,5017
2006,5.5,5019
2006,8.1,5021
2006,5,5023
2006,6.1,5025
2006,6,5027
2006,4.9,5029
2006,4.8,5031
2006,4.5,5033
2006,6.8,5035
2006,7.2,5037
2006,6.5,5039
2006,9.1,5041
2006,8,5043
2006,4.4,5045
2006,4.3,5047
2006,5.1,5049
2006,5.2,5051
2006,4.9,5053
2006,5.7,5055
2006,5.4,5057
2006,5.2,5059
2006,5.4,5061
2006,5.5,5063
2006,6.2,5065
2006,7.7,5067
2006,7.8,5069
2006,5.1,5071
2006,7,5073
2006,6.8,5075
2006,9.1,5077
2006,8,5079
2006,4.5,5081
2006,4.8,5083
2006,4.2,5085
2006,3.6,5087
2006,5.2,5089
2006,4.6,5091
2006,7.8,5093
2006,7.2,5095
2006,4.7,5097
2006,5.5,5099
2006,5.2,5101
2006,8,5103
2006,5,5105
2006,8.1,5107
2006,5,5109
2006,6.7,5111
2006,4.7,5113
2006,4.7,5115
2006,5.6,5117
2006,4.8,5119
2006,7.2,5121
2006,8.9,5123
2006,4.4,5125
2006,4.4,5127
2006,4.7,5129
2006,4.6,5131
2006,4,5133
2006,6.7,5135
2006,5.5,5137
2006,6.6,5139
2006,6,5141
2006,3.6,5143
2006,5.7,5145
2006,8.3,5147
2006,4.5,5149
2006,4.9,6000
2006,4.4,6001
2006,6.4,6003
2006,5.3,6005
2006,6.2,6007
2006,5.9,6009
2006,12.2,6011
2006,4.3,6013
2006,6.9,6015
2006,4.6,6017
2006,8,6019
2006,8,6021
2006,5.5,6023
2006,15.4,6025
2006,4.6,6027
2006,7.5,6029
2006,8.4,6031
2006,7.7,6033
2006,7.9,6035
2006,4.8,6037
2006,7,6039
2006,3.5,6041
2006,5.7,6043
2006,5.2,6045
2006,9.4,6047
2006,7.8,6049
2006,4.4,6051
2006,6.9,6053
2006,3.9,6055
2006,4.4,6057
2006,3.4,6059
2006,4.2,6061
2006,7.7,6063
2006,5,6065
2006,4.8,6067
2006,7.2,6069
2006,4.8,6071
2006,4,6073
2006,4.2,6075
2006,7.4,6077
2006,3.9,6079
2006,3.7,6081
2006,4,6083
2006,4.5,6085
2006,5.6,6087
2006,6.6,6089
2006,7.4,6091
2006,8,6093
2006,4.9,6095
2006,4,6097
2006,8,6099
2006,8.9,6101
2006,6.5,6103
2006,9.9,6105
2006,8.5,6107
2006,5.8,6109
2006,4.3,6111
2006,5.2,6113
2006,8.8,6115
2006,4.3,8000
2006,4.8,8001
2006,4.6,8003
2006,4.3,8005
2006,4.1,8007
2006,3.1,8009
2006,5.6,8011
2006,3.7,8013
2006,4.3,8014
2006,4.3,8015
2006,2.7,8017
2006,4,8019
2006,6.6,8021
2006,8.4,8023
2006,6.8,8025
2006,4.3,8027
2006,4,8029
2006,4.8,8031
2006,6.5,8033
2006,3.6,8035
2006,3.4,8037
2006,4,8039
2006,4.6,8041
2006,5.5,8043
2006,3,8045
2006,4,8047
2006,3.2,8049
2006,3.1,8051
2006,3.1,8053
2006,6,8055
2006,2.9,8057
2006,4.2,8059
2006,3.4,8061
2006,3,8063
2006,4.2,8065
2006,3.4,8067
2006,3.9,8069
2006,4,8071
2006,3.6,8073
2006,3.5,8075
2006,4,8077
2006,4.9,8079
2006,3.8,8081
2006,4.4,8083
2006,4,8085
2006,3.9,8087
2006,6.1,8089
2006,3.1,8091
2006,3.9,8093
2006,3.4,8095
2006,3.1,8097
2006,5.8,8099
2006,5.6,8101
2006,2.7,8103
2006,4.6,8105
2006,3.2,8107
2006,6.2,8109
2006,4.9,8111
2006,3.4,8113
2006,3.1,8115
2006,3.1,8117
2006,4.3,8119
2006,3.5,8121
2006,4.7,8123
2006,2.6,8125
2006,4.3,9000
2006,3.8,9001
2006,4.7,9003
2006,4,9005
2006,3.7,9007
2006,4.8,9009
2006,4.1,9011
2006,3.8,9013
2006,5.2,9015
2006,3.6,10000
2006,3.2,10001
2006,3.8,10003
2006,3.3,10005
2006,5.8,11000
2006,5.8,11001
2006,3.2,12000
2006,2.7,12001
2006,2.8,12003
2006,3.1,12005
2006,2.9,12007
2006,3.3,12009
2006,3.1,12011
2006,3.2,12013
2006,3.4,12015
2006,3.8,12017
2006,3,12019
2006,3.1,12021
2006,3.2,12023
2006,3.6,12027
2006,3.5,12029
2006,3.5,12031
2006,3.2,12033
2006,4.5,12035
2006,3,12037
2006,3.5,12039
2006,2.9,12041
2006,3.9,12043
2006,3.1,12045
2006,3.8,12047
2006,4,12049
2006,6.3,12051
2006,4.5,12053
2006,3.7,12055
2006,3.3,12057
2006,3,12059
2006,4.1,12061
2006,3.6,12063
2006,2.9,12065
2006,2.8,12067
2006,3.4,12069
2006,2.9,12071
2006,2.7,12073
2006,3.5,12075
2006,2.6,12077
2006,5.2,12079
2006,3.1,12081
2006,3.4,12083
2006,3.5,12085
2006,2.8,12086
2006,2.5,12087
2006,2.9,12089
2006,2.4,12091
2006,4.1,12093
2006,3.1,12095
2006,3.4,12097
2006,3.7,12099
2006,3.9,12101
2006,3.4,12103
2006,3.7,12105
2006,3.7,12107
2006,2.7,12109
2006,4.2,12111
2006,3,12113
2006,3.1,12115
2006,2.9,12117
2006,2.8,12119
2006,3.2,12121
2006,4,12123
2006,2.6,12125
2006,3.3,12127
2006,2.5,12129
2006,2.2,12131
2006,3.3,12133
2006,4.7,13000
2006,5.5,13001
2006,5.4,13003
2006,4.6,13005
2006,5.1,13007
2006,5.4,13009
2006,3.2,13011
2006,4.2,13013
2006,4.9,13015
2006,5.7,13017
2006,4.1,13019
2006,5.7,13021
2006,5.9,13023
2006,4.7,13025
2006,4.1,13027
2006,3.5,13029
2006,4.3,13031
2006,6.7,13033
2006,5.4,13035
2006,6,13037
2006,4.1,13039
2006,4.2,13043
2006,4.9,13045
2006,3.9,13047
2006,4.6,13049
2006,4.1,13051
2006,9.7,13053
2006,5,13055
2006,3.7,13057
2006,4.3,13059
2006,4.3,13061
2006,5.9,13063
2006,5,13065
2006,4.3,13067
2006,5.3,13069
2006,4.2,13071
2006,4.1,13073
2006,5.3,13075
2006,4.2,13077
2006,5.1,13079
2006,5.8,13081
2006,4.2,13083
2006,3.8,13085
2006,5.7,13087
2006,5.1,13089
2006,4.9,13091
2006,5.6,13093
2006,6,13095
2006,5,13097
2006,5,13099
2006,3.1,13101
2006,3.4,13103
2006,6.4,13105
2006,5.1,13107
2006,4.5,13109
2006,4,13111
2006,4,13113
2006,4.5,13115
2006,3.3,13117
2006,5,13119
2006,5,13121
2006,3.6,13123
2006,5.1,13125
2006,3.9,13127
2006,4.4,13129
2006,4,13131
2006,5.8,13133
2006,4.2,13135
2006,4,13137
2006,3.8,13139
2006,8.5,13141
2006,4.8,13143
2006,3.8,13145
2006,6.4,13147
2006,4.9,13149
2006,4.6,13151
2006,4.2,13153
2006,5,13155
2006,4.1,13157
2006,4.8,13159
2006,7.1,13161
2006,6.4,13163
2006,5.5,13165
2006,5.4,13167
2006,5,13169
2006,5.6,13171
2006,3.9,13173
2006,5.2,13175
2006,3.7,13177
2006,5.8,13179
2006,6.1,13181
2006,4,13183
2006,3.9,13185
2006,4.1,13187
2006,6.2,13189
2006,4.3,13191
2006,7.7,13193
2006,3.7,13195
2006,4.5,13197
2006,6.4,13199
2006,3.6,13201
2006,4.9,13205
2006,4.5,13207
2006,5.2,13209
2006,4.3,13211
2006,4.3,13213
2006,5.5,13215
2006,5.3,13217
2006,3.2,13219
2006,3.7,13221
2006,4.2,13223
2006,5.8,13225
2006,3.7,13227
2006,4.2,13229
2006,4.5,13231
2006,4.4,13233
2006,4.5,13235
2006,4.5,13237
2006,5.1,13239
2006,5.5,13241
2006,6.4,13243
2006,6.3,13245
2006,5.1,13247
2006,5.6,13249
2006,4.8,13251
2006,5.1,13253
2006,6.3,13255
2006,5,13257
2006,6.6,13259
2006,6.2,13261
2006,6.3,13263
2006,7,13265
2006,5.3,13267
2006,6.3,13269
2006,7.6,13271
2006,5.8,13273
2006,4.1,13275
2006,5.1,13277
2006,5.2,13279
2006,3.4,13281
2006,6.1,13283
2006,5.9,13285
2006,5.7,13287
2006,5.8,13289
2006,3.7,13291
2006,6.3,13293
2006,4.5,13295
2006,4.6,13297
2006,5,13299
2006,8.3,13301
2006,5.9,13303
2006,5.7,13305
2006,4.5,13307
2006,5.6,13309
2006,3.8,13311
2006,4.4,13313
2006,6,13315
2006,6.1,13317
2006,5.7,13319
2006,5.1,13321
2006,2.6,15000
2006,3.1,15001
2006,2.5,15003
2006,2.6,15007
2006,2.5,15009
2006,3.5,16000
2006,2.7,16001
2006,6.8,16003
2006,3.4,16005
2006,2.9,16007
2006,7.8,16009
2006,3.7,16011
2006,2.7,16013
2006,3.7,16015
2006,4.7,16017
2006,2.7,16019
2006,7.6,16021
2006,3.3,16023
2006,3.5,16025
2006,3.9,16027
2006,4,16029
2006,4.1,16031
2006,4,16033
2006,8.4,16035
2006,4.2,16037
2006,4.2,16039
2006,2.5,16041
2006,3.8,16043
2006,4.3,16045
2006,2.9,16047
2006,6.2,16049
2006,3,16051
2006,3.3,16053
2006,3.8,16055
2006,3,16057
2006,5.3,16059
2006,2.8,16061
2006,4.5,16063
2006,2.6,16065
2006,5,16067
2006,3.6,16069
2006,1.9,16071
2006,2.1,16073
2006,5,16075
2006,4.9,16077
2006,7.2,16079
2006,2,16081
2006,3.4,16083
2006,4.4,16085
2006,4.5,16087
2006,4.5,17000
2006,3.4,17001
2006,8,17003
2006,4.8,17005
2006,5.5,17007
2006,3,17009
2006,4.3,17011
2006,6,17013
2006,4.8,17015
2006,4.1,17017
2006,3.6,17019
2006,4.7,17021
2006,4.8,17023
2006,5,17025
2006,4.4,17027
2006,4.1,17029
2006,4.9,17031
2006,5.1,17033
2006,4.4,17035
2006,3.6,17037
2006,4.3,17039
2006,4,17041
2006,3.5,17043
2006,4.7,17045
2006,4.2,17047
2006,4,17049
2006,5.6,17051
2006,4.3,17053
2006,6.6,17055
2006,5.1,17057
2006,5.5,17059
2006,4.5,17061
2006,5.2,17063
2006,5.3,17065
2006,4.6,17067
2006,7.3,17069
2006,5.2,17071
2006,4.1,17073
2006,4.4,17075
2006,4,17077
2006,4.9,17079
2006,4.6,17081
2006,4.7,17083
2006,3.8,17085
2006,5.2,17087
2006,4,17089
2006,5.5,17091
2006,3.9,17093
2006,5.2,17095
2006,4.2,17097
2006,5.3,17099
2006,4.8,17101
2006,4.4,17103
2006,4.1,17105
2006,4.6,17107
2006,4,17109
2006,3.8,17111
2006,3.4,17113
2006,5.2,17115
2006,5.1,17117
2006,4.9,17119
2006,5.7,17121
2006,3.8,17123
2006,5.7,17125
2006,5.3,17127
2006,3.9,17129
2006,5.3,17131
2006,3.8,17133
2006,6,17135
2006,4.7,17137
2006,3.4,17139
2006,4.9,17141
2006,4.2,17143
2006,6.7,17145
2006,3.6,17147
2006,4.2,17149
2006,6.2,17151
2006,6.7,17153
2006,5,17155
2006,4.6,17157
2006,4.5,17159
2006,4.3,17161
2006,5.7,17163
2006,5.3,17165
2006,4.1,17167
2006,4,17169
2006,5.2,17171
2006,4.6,17173
2006,4.6,17175
2006,4.7,17177
2006,3.7,17179
2006,5.8,17181
2006,5.6,17183
2006,4.6,17185
2006,4.5,17187
2006,3.8,17189
2006,4.2,17191
2006,4.6,17193
2006,5.1,17195
2006,4.3,17197
2006,4.6,17199
2006,5.2,17201
2006,3.1,17203
2006,5,18000
2006,4.4,18001
2006,5,18003
2006,4.2,18005
2006,5,18007
2006,6.6,18009
2006,3.7,18011
2006,4.9,18013
2006,4.7,18015
2006,5.4,18017
2006,5,18019
2006,5.7,18021
2006,5.1,18023
2006,7.1,18025
2006,3.6,18027
2006,5.4,18029
2006,4.4,18031
2006,6.1,18033
2006,6,18035
2006,3.6,18037
2006,4.7,18039
2006,8,18041
2006,4.9,18043
2006,4.8,18045
2006,5.8,18047
2006,5.4,18049
2006,4.5,18051
2006,7.1,18053
2006,5.7,18055
2006,3.3,18057
2006,4.1,18059
2006,5.4,18061
2006,3.7,18063
2006,5.8,18065
2006,6.6,18067
2006,5.3,18069
2006,4.4,18071
2006,5.1,18073
2006,4.5,18075
2006,4.9,18077
2006,5.8,18079
2006,3.9,18081
2006,4.8,18083
2006,4.9,18085
2006,5.2,18087
2006,5.8,18089
2006,5.7,18091
2006,7,18093
2006,6.1,18095
2006,5,18097
2006,5.4,18099
2006,4.9,18101
2006,6.2,18103
2006,4.3,18105
2006,4.2,18107
2006,4.5,18109
2006,5,18111
2006,6.1,18113
2006,5.3,18115
2006,7.2,18117
2006,5.3,18119
2006,5.5,18121
2006,5.1,18123
2006,4.6,18125
2006,4.4,18127
2006,4.4,18129
2006,4.6,18131
2006,5.4,18133
2006,6.9,18135
2006,4.8,18137
2006,4.5,18139
2006,5.2,18141
2006,6.5,18143
2006,4.5,18145
2006,5,18147
2006,6.6,18149
2006,6.4,18151
2006,6.1,18153
2006,4.1,18155
2006,4.3,18157
2006,5.5,18159
2006,5.5,18161
2006,4.8,18163
2006,6.5,18165
2006,6.4,18167
2006,5.6,18169
2006,4,18171
2006,4.2,18173
2006,6.2,18175
2006,5.9,18177
2006,4.4,18179
2006,5,18181
2006,4.8,18183
2006,3.7,19000
2006,3.2,19001
2006,4.6,19003
2006,4.6,19005
2006,5.4,19007
2006,4,19009
2006,4,19011
2006,3.8,19013
2006,2.9,19015
2006,3.2,19017
2006,4.3,19019
2006,3.3,19021
2006,4.1,19023
2006,3.4,19025
2006,2.6,19027
2006,4.2,19029
2006,3.2,19031
2006,3.9,19033
2006,4.2,19035
2006,4.5,19037
2006,4.1,19039
2006,3.3,19041
2006,5,19043
2006,3.9,19045
2006,3.1,19047
2006,2.8,19049
2006,4.7,19051
2006,4,19053
2006,3.7,19055
2006,4.7,19057
2006,4.1,19059
2006,3.7,19061
2006,4.1,19063
2006,4.5,19065
2006,4.7,19067
2006,3.9,19069
2006,3.8,19071
2006,3.9,19073
2006,3.1,19075
2006,3.7,19077
2006,3.6,19079
2006,3.6,19081
2006,3.7,19083
2006,4.3,19085
2006,5.3,19087
2006,3.6,19089
2006,3.3,19091
2006,3.4,19093
2006,3.7,19095
2006,4.8,19097
2006,5.1,19099
2006,4.2,19101
2006,2.6,19103
2006,3.9,19105
2006,4,19107
2006,3.3,19109
2006,6.2,19111
2006,3.6,19113
2006,3.8,19115
2006,4.1,19117
2006,2.3,19119
2006,4,19121
2006,3.7,19123
2006,3.5,19125
2006,3.7,19127
2006,3.8,19129
2006,3.4,19131
2006,5.4,19133
2006,4,19135
2006,5.5,19137
2006,3.2,19139
2006,3,19141
2006,3.5,19143
2006,3.9,19145
2006,3.2,19147
2006,3.1,19149
2006,3,19151
2006,3.4,19153
2006,4.4,19155
2006,3.8,19157
2006,4,19159
2006,3.3,19161
2006,3.8,19163
2006,3.2,19165
2006,2.4,19167
2006,2.6,19169
2006,4.2,19171
2006,3.9,19173
2006,4.1,19175
2006,4.3,19177
2006,4.5,19179
2006,3.2,19181
2006,3,19183
2006,4,19185
2006,3.9,19187
2006,3.5,19189
2006,3.6,19191
2006,4.2,19193
2006,3.8,19195
2006,3.6,19197
2006,4.4,20000
2006,4.2,20001
2006,4.8,20003
2006,4.7,20005
2006,3.2,20007
2006,3.5,20009
2006,3.9,20011
2006,3.9,20013
2006,4.6,20015
2006,4,20017
2006,5.1,20019
2006,5.1,20021
2006,3.5,20023
2006,3.2,20025
2006,3.4,20027
2006,3.4,20029
2006,4.9,20031
2006,2.8,20033
2006,4.3,20035
2006,5.1,20037
2006,3.3,20039
2006,4,20041
2006,5,20043
2006,3.8,20045
2006,3,20047
2006,4.8,20049
2006,2.8,20051
2006,3.3,20053
2006,3.5,20055
2006,3.2,20057
2006,5.2,20059
2006,5.3,20061
2006,2.8,20063
2006,3.2,20065
2006,2.9,20067
2006,2.9,20069
2006,3.1,20071
2006,4.6,20073
2006,3.3,20075
2006,3.2,20077
2006,4.4,20079
2006,2.9,20081
2006,3.5,20083
2006,5.3,20085
2006,4.8,20087
2006,3.1,20089
2006,4.1,20091
2006,3.8,20093
2006,3.7,20095
2006,2.9,20097
2006,5.3,20099
2006,3.5,20101
2006,5.6,20103
2006,3.5,20105
2006,6.2,20107
2006,3.1,20109
2006,4.2,20111
2006,3.4,20113
2006,3.9,20115
2006,3.5,20117
2006,3.1,20119
2006,4.6,20121
2006,3.5,20123
2006,4.6,20125
2006,4.3,20127
2006,2.8,20129
2006,3.3,20131
2006,3.9,20133
2006,2.8,20135
2006,3.3,20137
2006,5.5,20139
2006,3.5,20141
2006,3.5,20143
2006,3.3,20145
2006,3.1,20147
2006,3.3,20149
2006,3,20151
2006,3.3,20153
2006,4.5,20155
2006,3.6,20157
2006,4.1,20159
2006,3.3,20161
2006,3.7,20163
2006,3.6,20165
2006,3.8,20167
2006,3.8,20169
2006,2.8,20171
2006,4.6,20173
2006,3.3,20175
2006,4.8,20177
2006,2.9,20179
2006,2.9,20181
2006,3.3,20183
2006,3.5,20185
2006,2.7,20187
2006,3.4,20189
2006,4.7,20191
2006,2.9,20193
2006,3,20195
2006,3.7,20197
2006,3.1,20199
2006,3.5,20201
2006,3,20203
2006,3.7,20205
2006,5,20207
2006,7.6,20209
2006,5.7,21000
2006,5.7,21001
2006,6.5,21003
2006,5.2,21005
2006,6.1,21007
2006,5.6,21009
2006,7.7,21011
2006,7.8,21013
2006,4.7,21015
2006,5,21017
2006,5.5,21019
2006,6.7,21021
2006,5.7,21023
2006,7.3,21025
2006,6.6,21027
2006,5.9,21029
2006,7.9,21031
2006,5.2,21033
2006,5.7,21035
2006,5.1,21037
2006,6,21039
2006,5.5,21041
2006,7.6,21043
2006,6.8,21045
2006,6.6,21047
2006,5.4,21049
2006,10,21051
2006,5.9,21053
2006,6.1,21055
2006,7.3,21057
2006,5.3,21059
2006,6.8,21061
2006,8.4,21063
2006,6.5,21065
2006,4.3,21067
2006,6.5,21069
2006,6.4,21071
2006,4.6,21073
2006,7.6,21075
2006,4.8,21077
2006,5.9,21079
2006,5.4,21081
2006,7.1,21083
2006,8.3,21085
2006,5.6,21087
2006,5.8,21089
2006,5.9,21091
2006,5.4,21093
2006,8,21095
2006,5.4,21097
2006,6.3,21099
2006,5.1,21101
2006,5.7,21103
2006,6.6,21105
2006,5.8,21107
2006,9.9,21109
2006,5.7,21111
2006,4.7,21113
2006,6.5,21115
2006,5,21117
2006,7,21119
2006,6.8,21121
2006,5.5,21123
2006,5.8,21125
2006,8.3,21127
2006,7.3,21129
2006,8.7,21131
2006,7.5,21133
2006,8.1,21135
2006,7.1,21137
2006,6.1,21139
2006,5.8,21141
2006,6.7,21143
2006,5.3,21145
2006,10.1,21147
2006,7.5,21149
2006,4.8,21151
2006,10.2,21153
2006,5.2,21155
2006,6.1,21157
2006,7.4,21159
2006,5.2,21161
2006,6.4,21163
2006,8.5,21165
2006,5.8,21167
2006,5.5,21169
2006,6.2,21171
2006,6,21173
2006,8.7,21175
2006,9.1,21177
2006,5.8,21179
2006,6.7,21181
2006,6,21183
2006,4.9,21185
2006,5.5,21187
2006,8.2,21189
2006,5.6,21191
2006,6.9,21193
2006,5.9,21195
2006,7.2,21197
2006,6.5,21199
2006,5.3,21201
2006,6.8,21203
2006,5.7,21205
2006,6.5,21207
2006,4.7,21209
2006,5.2,21211
2006,5.7,21213
2006,6,21215
2006,4.7,21217
2006,9.5,21219
2006,5.7,21221
2006,6.7,21223
2006,5.9,21225
2006,4.8,21227
2006,5.8,21229
2006,6.7,21231
2006,5.1,21233
2006,6.1,21235
2006,9.4,21237
2006,4.2,21239
2006,4.5,22000
2006,3.6,22001
2006,5.2,22003
2006,4.1,22005
2006,5.5,22007
2006,5.1,22009
2006,4.5,22011
2006,5,22013
2006,3.8,22015
2006,4.6,22017
2006,3.9,22019
2006,4.3,22021
2006,3.7,22023
2006,5.7,22025
2006,4.8,22027
2006,6.5,22029
2006,5,22031
2006,4.4,22033
2006,8.5,22035
2006,4.9,22037
2006,4.7,22039
2006,6.5,22041
2006,4.2,22043
2006,3.8,22045
2006,6.3,22047
2006,4.3,22049
2006,,22051
2006,3.4,22053
2006,3.2,22055
2006,3.2,22057
2006,3.6,22059
2006,4.8,22061
2006,4.1,22063
2006,6.3,22065
2006,6.7,22067
2006,4.6,22069
2006,,22071
2006,4.2,22073
2006,,22075
2006,5,22077
2006,4.1,22079
2006,6.3,22081
2006,5.3,22083
2006,3.9,22085
2006,,22087
2006,,22089
2006,7.9,22091
2006,6.7,22093
2006,,22095
2006,4.5,22097
2006,3.8,22099
2006,4.7,22101
2006,,22103
2006,5.1,22105
2006,7.9,22107
2006,3.4,22109
2006,4.4,22111
2006,3.9,22113
2006,4,22115
2006,5.9,22117
2006,4.4,22119
2006,4.4,22121
2006,6.8,22123
2006,5.3,22125
2006,4.5,22127
2006,4.6,23000
2006,4.6,23001
2006,6.5,23003
2006,3.4,23005
2006,5.7,23007
2006,5.3,23009
2006,4.4,23011
2006,4.2,23013
2006,4.2,23015
2006,5.7,23017
2006,5,23019
2006,6.7,23021
2006,4,23023
2006,6.8,23025
2006,5.2,23027
2006,7.5,23029
2006,3.9,23031
2006,3.9,24000
2006,5.6,24001
2006,3.3,24003
2006,3.9,24005
2006,3.1,24009
2006,4.4,24011
2006,3.2,24013
2006,4.4,24015
2006,3.2,24017
2006,5.7,24019
2006,3.1,24021
2006,4.8,24023
2006,3.6,24025
2006,2.9,24027
2006,3.9,24029
2006,2.9,24031
2006,4.2,24033
2006,3.4,24035
2006,3.4,24037
2006,5.5,24039
2006,3.6,24041
2006,4.5,24043
2006,4.1,24045
2006,6,24047
2006,6.4,24510
2006,4.9,25000
2006,5.1,25001
2006,4.4,25003
2006,6.1,25005
2006,4,25007
2006,5.3,25009
2006,4.4,25011
2006,6,25013
2006,4.1,25015
2006,4.1,25017
2006,2.4,25019
2006,4.3,25021
2006,5,25023
2006,5.1,25025
2006,5.3,25027
2006,7,26000
2006,10.8,26001
2006,8.1,26003
2006,6.3,26005
2006,7.9,26007
2006,8,26009
2006,10.2,26011
2006,11.5,26013
2006,5.4,26015
2006,7.2,26017
2006,7.9,26019
2006,7.3,26021
2006,7.6,26023
2006,7.2,26025
2006,5.5,26027
2006,8,26029
2006,10.1,26031
2006,8.8,26033
2006,10.7,26035
2006,5.4,26037
2006,7.9,26039
2006,7.4,26041
2006,5.9,26043
2006,5.4,26045
2006,8.8,26047
2006,8.5,26049
2006,10.1,26051
2006,7.7,26053
2006,6.2,26055
2006,8.9,26057
2006,8,26059
2006,7.1,26061
2006,8.4,26063
2006,6.5,26065
2006,8.5,26067
2006,9.4,26069
2006,7.5,26071
2006,5.3,26073
2006,7.4,26075
2006,5.4,26077
2006,8,26079
2006,5.8,26081
2006,10.3,26083
2006,10.8,26085
2006,7.7,26087
2006,5.2,26089
2006,7.6,26091
2006,5.2,26093
2006,7.8,26095
2006,9.9,26097
2006,7,26099
2006,8.7,26101
2006,6.3,26103
2006,8.2,26105
2006,7.7,26107
2006,6.6,26109
2006,5.8,26111
2006,8,26113
2006,6.7,26115
2006,13.3,26117
2006,12.3,26119
2006,7.1,26121
2006,7.4,26123
2006,5.7,26125
2006,8.7,26127
2006,8.4,26129
2006,8.2,26131
2006,7.6,26133
2006,10.8,26135
2006,8.5,26137
2006,5.5,26139
2006,12.4,26141
2006,9.5,26143
2006,7.7,26145
2006,7.9,26147
2006,6.7,26149
2006,8.8,26151
2006,10.9,26153
2006,8.4,26155
2006,8.8,26157
2006,6.9,26159
2006,4.8,26161
2006,8.2,26163
2006,8.4,26165
2006,4,27000
2006,5.9,27001
2006,3.9,27003
2006,5.1,27005
2006,5.2,27007
2006,4.4,27009
2006,4.3,27011
2006,3.3,27013
2006,4.4,27015
2006,5.2,27017
2006,3.3,27019
2006,6.3,27021
2006,3.8,27023
2006,4.8,27025
2006,3.2,27027
2006,9.8,27029
2006,4.4,27031
2006,4.4,27033
2006,4.9,27035
2006,3.5,27037
2006,3.7,27039
2006,3.8,27041
2006,4.5,27043
2006,4.1,27045
2006,4.4,27047
2006,4.3,27049
2006,5.2,27051
2006,3.6,27053
2006,4.3,27055
2006,5.5,27057
2006,4.9,27059
2006,6,27061
2006,3.9,27063
2006,7,27065
2006,3.9,27067
2006,5.4,27069
2006,6.6,27071
2006,3.7,27073
2006,4.1,27075
2006,4.6,27077
2006,5.4,27079
2006,3.6,27081
2006,3.3,27083
2006,4,27085
2006,5.5,27087
2006,6.8,27089
2006,4.2,27091
2006,5.1,27093
2006,6.7,27095
2006,5.5,27097
2006,3.8,27099
2006,3.9,27101
2006,3.1,27103
2006,3.1,27105
2006,5,27107
2006,3.4,27109
2006,4.9,27111
2006,5.5,27113
2006,6.5,27115
2006,3.3,27117
2006,4.6,27119
2006,3.9,27121
2006,3.9,27123
2006,6.7,27125
2006,4.1,27127
2006,4.9,27129
2006,4.3,27131
2006,2.8,27133
2006,6.3,27135
2006,5,27137
2006,3.5,27139
2006,4.3,27141
2006,4.2,27143
2006,4,27145
2006,4,27147
2006,3.4,27149
2006,4.3,27151
2006,5.2,27153
2006,4.3,27155
2006,4,27157
2006,6.8,27159
2006,4.1,27161
2006,3.5,27163
2006,4.4,27165
2006,3.7,27167
2006,3.6,27169
2006,4.3,27171
2006,4.1,27173
2006,6.5,28000
2006,6.8,28001
2006,7.2,28003
2006,6.1,28005
2006,7.7,28007
2006,8.9,28009
2006,8.2,28011
2006,7.6,28013
2006,5.8,28015
2006,8.7,28017
2006,7.4,28019
2006,10.7,28021
2006,6.1,28023
2006,10.7,28025
2006,9.3,28027
2006,6.8,28029
2006,5.6,28031
2006,4,28033
2006,5.1,28035
2006,6.6,28037
2006,9,28039
2006,7.4,28041
2006,6.3,28043
2006,9.6,28045
2006,10,28047
2006,5.6,28049
2006,10.2,28051
2006,8.9,28053
2006,9.6,28055
2006,6.3,28057
2006,7.8,28059
2006,5.8,28061
2006,12.3,28063
2006,7.4,28065
2006,4.6,28067
2006,8.2,28069
2006,4.5,28071
2006,4.1,28073
2006,6.2,28075
2006,7.4,28077
2006,6.7,28079
2006,5.9,28081
2006,8.4,28083
2006,5.9,28085
2006,6.6,28087
2006,4.5,28089
2006,6.3,28091
2006,7.6,28093
2006,8.6,28095
2006,8.9,28097
2006,4.9,28099
2006,5.6,28101
2006,11.3,28103
2006,5.6,28105
2006,7.6,28107
2006,6.6,28109
2006,6.6,28111
2006,6.5,28113
2006,5.8,28115
2006,7,28117
2006,8.2,28119
2006,4,28121
2006,5.2,28123
2006,9.2,28125
2006,5.5,28127
2006,5.4,28129
2006,7.4,28131
2006,9.1,28133
2006,7.4,28135
2006,6.5,28137
2006,6.7,28139
2006,7.1,28141
2006,8.1,28143
2006,5.9,28145
2006,6.4,28147
2006,5.8,28149
2006,9.4,28151
2006,6,28153
2006,8,28155
2006,7.9,28157
2006,6.7,28159
2006,7.5,28161
2006,8.3,28163
2006,4.8,29000
2006,4.3,29001
2006,4.1,29003
2006,3.9,29005
2006,4.4,29007
2006,4.1,29009
2006,5.2,29011
2006,5.7,29013
2006,5.5,29015
2006,5.5,29017
2006,3.3,29019
2006,4.6,29021
2006,5.3,29023
2006,5.3,29025
2006,4.4,29027
2006,4.7,29029
2006,4.1,29031
2006,4.6,29033
2006,5.9,29035
2006,4.6,29037
2006,5.1,29039
2006,5,29041
2006,3.8,29043
2006,5,29045
2006,4.3,29047
2006,4.9,29049
2006,3.8,29051
2006,4.3,29053
2006,5.8,29055
2006,4.7,29057
2006,5.1,29059
2006,4.4,29061
2006,5.4,29063
2006,5.9,29065
2006,5.3,29067
2006,7,29069
2006,5.3,29071
2006,5.4,29073
2006,4,29075
2006,3.8,29077
2006,4.6,29079
2006,4.6,29081
2006,5.1,29083
2006,6.9,29085
2006,4,29087
2006,4.4,29089
2006,4.2,29091
2006,5.4,29093
2006,5.7,29095
2006,4.3,29097
2006,4.9,29099
2006,4,29101
2006,3.9,29103
2006,4.7,29105
2006,4.8,29107
2006,3.9,29109
2006,3.7,29111
2006,5.3,29113
2006,6.5,29115
2006,4.3,29117
2006,3.9,29119
2006,4.8,29121
2006,5.3,29123
2006,4.5,29125
2006,4.9,29127
2006,4.3,29129
2006,5.2,29131
2006,6.4,29133
2006,4.6,29135
2006,5.4,29137
2006,5.4,29139
2006,6.6,29141
2006,6.4,29143
2006,4.5,29145
2006,3.4,29147
2006,4.9,29149
2006,4.6,29151
2006,4.7,29153
2006,6.6,29155
2006,3.5,29157
2006,5.1,29159
2006,4.3,29161
2006,5.1,29163
2006,4,29165
2006,4.4,29167
2006,4.8,29169
2006,4.9,29171
2006,4.9,29173
2006,4.9,29175
2006,5.2,29177
2006,6.8,29179
2006,5.7,29181
2006,3.9,29183
2006,5.6,29185
2006,4.6,29186
2006,5.9,29187
2006,4.7,29189
2006,4.5,29195
2006,5.2,29197
2006,4.3,29199
2006,5.3,29201
2006,6.5,29203
2006,5.2,29205
2006,5.6,29207
2006,6.7,29209
2006,5.5,29211
2006,6.9,29213
2006,5.4,29215
2006,4.4,29217
2006,5.3,29219
2006,8,29221
2006,6.3,29223
2006,4.2,29225
2006,3.9,29227
2006,5.1,29229
2006,6.9,29510
2006,3.5,30000
2006,3,30001
2006,6.9,30003
2006,3.4,30005
2006,3.3,30007
2006,3,30009
2006,3.6,30011
2006,3.4,30013
2006,2.8,30015
2006,3.2,30017
2006,3.2,30019
2006,2.9,30021
2006,4.9,30023
2006,2,30025
2006,4.2,30027
2006,3.9,30029
2006,2.4,30031
2006,3.6,30033
2006,6.8,30035
2006,3.8,30037
2006,4.5,30039
2006,3.9,30041
2006,3.6,30043
2006,3.5,30045
2006,4.9,30047
2006,3.2,30049
2006,3.2,30051
2006,6.9,30053
2006,2.6,30055
2006,3.1,30057
2006,4.4,30059
2006,5,30061
2006,3.2,30063
2006,4,30065
2006,3.3,30067
2006,4.4,30069
2006,3.8,30071
2006,4,30073
2006,3.2,30075
2006,5.1,30077
2006,4,30079
2006,4.2,30081
2006,2.7,30083
2006,6.1,30085
2006,5.6,30087
2006,5.3,30089
2006,3,30091
2006,3.8,30093
2006,2.8,30095
2006,1.7,30097
2006,3.1,30099
2006,2.8,30101
2006,3.3,30103
2006,3.3,30105
2006,3,30107
2006,2.8,30109
2006,2.9,30111
2006,3.1,31000
2006,2.9,31001
2006,2.8,31003
2006,3.5,31005
2006,2.4,31007
2006,3,31009
2006,2.6,31011
2006,3.1,31013
2006,3.2,31015
2006,2.9,31017
2006,2.3,31019
2006,4.1,31021
2006,2.7,31023
2006,3.4,31025
2006,2.3,31027
2006,2.4,31029
2006,2.2,31031
2006,2.4,31033
2006,3,31035
2006,2.3,31037
2006,3.1,31039
2006,2.4,31041
2006,4.1,31043
2006,2.9,31045
2006,3.2,31047
2006,2.7,31049
2006,3.1,31051
2006,3.5,31053
2006,3.5,31055
2006,3.2,31057
2006,2.7,31059
2006,3.1,31061
2006,2.2,31063
2006,3,31065
2006,3.8,31067
2006,3,31069
2006,2.6,31071
2006,2.9,31073
2006,2.2,31075
2006,3,31077
2006,3.1,31079
2006,2.3,31081
2006,2.6,31083
2006,3.2,31085
2006,3.5,31087
2006,2.7,31089
2006,2.8,31091
2006,2.9,31093
2006,3.2,31095
2006,3.1,31097
2006,2.3,31099
2006,2.6,31101
2006,3,31103
2006,2.7,31105
2006,3,31107
2006,2.8,31109
2006,2.8,31111
2006,2.2,31113
2006,3.7,31115
2006,2.1,31117
2006,3.7,31119
2006,3.6,31121
2006,2.6,31123
2006,2.9,31125
2006,4.1,31127
2006,2.7,31129
2006,3.3,31131
2006,3.1,31133
2006,2.2,31135
2006,2.3,31137
2006,2.9,31139
2006,2.8,31141
2006,2.8,31143
2006,2.7,31145
2006,4.1,31147
2006,2.3,31149
2006,2.7,31151
2006,2.9,31153
2006,3.1,31155
2006,3.3,31157
2006,2.7,31159
2006,2.7,31161
2006,2.8,31163
2006,2.8,31165
2006,3.1,31167
2006,2.6,31169
2006,3.3,31171
2006,6.9,31173
2006,2.5,31175
2006,2.9,31177
2006,2.5,31179
2006,2.6,31181
2006,2.4,31183
2006,2.5,31185
2006,4,32000
2006,4.2,32001
2006,4,32003
2006,4.6,32005
2006,3.4,32007
2006,4.1,32009
2006,3.7,32011
2006,3.6,32013
2006,3.9,32015
2006,4.5,32017
2006,5.9,32019
2006,6.7,32021
2006,5.5,32023
2006,4.9,32027
2006,4.2,32029
2006,3.8,32031
2006,3.7,32033
2006,4.6,32510
2006,3.4,33000
2006,3.3,33001
2006,3.2,33003
2006,3.2,33005
2006,4.1,33007
2006,2.9,33009
2006,3.6,33011
2006,3.1,33013
2006,3.8,33015
2006,3.2,33017
2006,2.9,33019
2006,4.7,34000
2006,5.8,34001
2006,3.9,34003
2006,4.2,34005
2006,5.3,34007
2006,7,34009
2006,7,34011
2006,5.9,34013
2006,4.8,34015
2006,5.6,34017
2006,3.4,34019
2006,4.3,34021
2006,4.4,34023
2006,4.2,34025
2006,3.4,34027
2006,5,34029
2006,5.7,34031
2006,5.1,34033
2006,3.5,34035
2006,4.2,34037
2006,4.9,34039
2006,4.2,34041
2006,4.2,35000
2006,3.8,35001
2006,5.4,35003
2006,4.4,35005
2006,4.6,35006
2006,4.4,35007
2006,3.4,35009
2006,4.2,35011
2006,4.7,35013
2006,3.5,35015
2006,4.3,35017
2006,5.3,35019
2006,4.1,35021
2006,3.6,35023
2006,3.1,35025
2006,3.9,35027
2006,2.4,35028
2006,10.8,35029
2006,5.6,35031
2006,8.7,35033
2006,4.2,35035
2006,4.6,35037
2006,5,35039
2006,3.1,35041
2006,4.3,35043
2006,4.3,35045
2006,4.8,35047
2006,3.4,35049
2006,4.4,35051
2006,3.7,35053
2006,5.5,35055
2006,4.3,35057
2006,3,35059
2006,4.3,35061
2006,4.5,36000
2006,3.8,36001
2006,5.2,36003
2006,6.7,36005
2006,4.6,36007
2006,5.1,36009
2006,4.7,36011
2006,4.5,36013
2006,4.8,36015
2006,4.8,36017
2006,5.3,36019
2006,3.7,36021
2006,5.3,36023
2006,4.3,36025
2006,3.8,36027
2006,4.9,36029
2006,5.5,36031
2006,5.4,36033
2006,5.2,36035
2006,4.5,36037
2006,4.7,36039
2006,5,36041
2006,4.9,36043
2006,5.4,36045
2006,5.4,36047
2006,5.4,36049
2006,4.8,36051
2006,4.6,36053
2006,4.3,36055
2006,5.7,36057
2006,3.7,36059
2006,4.3,36061
2006,5.3,36063
2006,4.3,36065
2006,4.3,36067
2006,4.3,36069
2006,4.2,36071
2006,5.6,36073
2006,5.8,36075
2006,4.4,36077
2006,3.5,36079
2006,4.5,36081
2006,4.1,36083
2006,4.5,36085
2006,3.7,36087
2006,5.7,36089
2006,3.5,36091
2006,4,36093
2006,5.1,36095
2006,5,36097
2006,4.5,36099
2006,5.2,36101
2006,3.9,36103
2006,5,36105
2006,4.3,36107
2006,3.4,36109
2006,4.1,36111
2006,4.5,36113
2006,4.1,36115
2006,4.6,36117
2006,3.8,36119
2006,4.8,36121
2006,4.2,36123
2006,4.7,37000
2006,5.5,37001
2006,4.8,37003
2006,5,37005
2006,7.5,37007
2006,5.6,37009
2006,4.9,37011
2006,5.7,37013
2006,6.5,37015
2006,6.4,37017
2006,4.5,37019
2006,3.7,37021
2006,5.7,37023
2006,4.1,37025
2006,7.5,37027
2006,4.2,37029
2006,4.1,37031
2006,7.1,37033
2006,5.3,37035
2006,3.8,37037
2006,5.4,37039
2006,5,37041
2006,3.9,37043
2006,6.3,37045
2006,5.6,37047
2006,4.4,37049
2006,5.4,37051
2006,3.3,37053
2006,4.5,37055
2006,5.8,37057
2006,4.2,37059
2006,5.2,37061
2006,3.9,37063
2006,8,37065
2006,4.3,37067
2006,4.2,37069
2006,5.5,37071
2006,4,37073
2006,6.4,37075
2006,5.2,37077
2006,5.4,37079
2006,4.6,37081
2006,6.5,37083
2006,4.9,37085
2006,4,37087
2006,3.6,37089
2006,5.5,37091
2006,5.3,37093
2006,5.3,37095
2006,4.4,37097
2006,3.6,37099
2006,4,37101
2006,4.6,37103
2006,5.4,37105
2006,5.6,37107
2006,5,37109
2006,6.1,37111
2006,4.4,37113
2006,4.1,37115
2006,5.5,37117
2006,4.5,37119
2006,6.2,37121
2006,6.7,37123
2006,4.8,37125
2006,5.5,37127
2006,3.7,37129
2006,5.7,37131
2006,4.4,37133
2006,3.3,37135
2006,4.6,37137
2006,5,37139
2006,4.2,37141
2006,5.2,37143
2006,6.2,37145
2006,5.2,37147
2006,3.5,37149
2006,4.6,37151
2006,7.5,37153
2006,6.2,37155
2006,5.9,37157
2006,5,37159
2006,7.7,37161
2006,4.6,37163
2006,8.9,37165
2006,5.1,37167
2006,4.3,37169
2006,5.1,37171
2006,5.6,37173
2006,4.2,37175
2006,5.8,37177
2006,3.9,37179
2006,7.5,37181
2006,3.6,37183
2006,6.3,37185
2006,6.7,37187
2006,3.7,37189
2006,4.7,37191
2006,5.4,37193
2006,7.1,37195
2006,4.3,37197
2006,5.6,37199
2006,3.2,38000
2006,3,38001
2006,3.6,38003
2006,6,38005
2006,2.5,38007
2006,3.7,38009
2006,2.2,38011
2006,2.6,38013
2006,2.7,38015
2006,2.6,38017
2006,3.4,38019
2006,2.7,38021
2006,3.8,38023
2006,3.3,38025
2006,5.1,38027
2006,4.9,38029
2006,3.4,38031
2006,3.2,38033
2006,3,38035
2006,3.6,38037
2006,3.1,38039
2006,3.5,38041
2006,4.7,38043
2006,3.2,38045
2006,3.2,38047
2006,5,38049
2006,2.8,38051
2006,3.2,38053
2006,4.5,38055
2006,3.8,38057
2006,3.3,38059
2006,6,38061
2006,4.2,38063
2006,4,38065
2006,6.1,38067
2006,4.4,38069
2006,4,38071
2006,3.9,38073
2006,3.1,38075
2006,3.5,38077
2006,9.1,38079
2006,3.9,38081
2006,5.4,38083
2006,7,38085
2006,2.3,38087
2006,2.6,38089
2006,2.5,38091
2006,3,38093
2006,5.2,38095
2006,3.6,38097
2006,4.6,38099
2006,3.1,38101
2006,4.6,38103
2006,2.1,38105
2006,5.4,39000
2006,7.6,39001
2006,6.1,39003
2006,5.5,39005
2006,6.7,39007
2006,5.9,39009
2006,4.2,39011
2006,5.8,39013
2006,6.9,39015
2006,5.7,39017
2006,6.1,39019
2006,5.1,39021
2006,5.6,39023
2006,5.1,39025
2006,4.8,39027
2006,6.5,39029
2006,7,39031
2006,6.5,39033
2006,5.1,39035
2006,5.7,39037
2006,5.6,39039
2006,3.9,39041
2006,5.9,39043
2006,4.8,39045
2006,4.9,39047
2006,4.7,39049
2006,5.9,39051
2006,6.1,39053
2006,4,39055
2006,5.1,39057
2006,6.5,39059
2006,5.1,39061
2006,4.4,39063
2006,5.6,39065
2006,6,39067
2006,6.1,39069
2006,5.6,39071
2006,6.2,39073
2006,3.8,39075
2006,7.4,39077
2006,7.5,39079
2006,6.9,39081
2006,5.1,39083
2006,4.3,39085
2006,5.3,39087
2006,5.1,39089
2006,4.7,39091
2006,5.2,39093
2006,6.3,39095
2006,5.3,39097
2006,6.4,39099
2006,5.4,39101
2006,4.3,39103
2006,8.4,39105
2006,3.8,39107
2006,5.4,39109
2006,11.2,39111
2006,6,39113
2006,9.1,39115
2006,5.7,39117
2006,7.2,39119
2006,7.2,39121
2006,7,39123
2006,4.9,39125
2006,7.4,39127
2006,5.8,39129
2006,8.9,39131
2006,5.2,39133
2006,6,39135
2006,4.7,39137
2006,6.1,39139
2006,6.2,39141
2006,5.8,39143
2006,7.6,39145
2006,5.3,39147
2006,4.3,39149
2006,5.8,39151
2006,5.3,39153
2006,6.3,39155
2006,5.1,39157
2006,4.6,39159
2006,4.9,39161
2006,7.9,39163
2006,4.9,39165
2006,5.3,39167
2006,4.7,39169
2006,6,39171
2006,5.2,39173
2006,5.9,39175
2006,4,40000
2006,4.4,40001
2006,4.2,40003
2006,4.8,40005
2006,2.7,40007
2006,2.7,40009
2006,4.1,40011
2006,3.5,40013
2006,5.5,40015
2006,3.4,40017
2006,3.8,40019
2006,4.2,40021
2006,4.9,40023
2006,3.3,40025
2006,3.5,40027
2006,5.8,40029
2006,4.1,40031
2006,3.2,40033
2006,4.2,40035
2006,4.2,40037
2006,3,40039
2006,4.5,40041
2006,3,40043
2006,2.7,40045
2006,3,40047
2006,3.6,40049
2006,4.9,40051
2006,3.7,40053
2006,4.8,40055
2006,3.5,40057
2006,3.1,40059
2006,4.2,40061
2006,6.1,40063
2006,3.3,40065
2006,4.3,40067
2006,4.3,40069
2006,4.8,40071
2006,2.7,40073
2006,4.7,40075
2006,5,40077
2006,5.1,40079
2006,4.1,40081
2006,3.7,40083
2006,3.5,40085
2006,3.7,40087
2006,6.1,40089
2006,5.1,40091
2006,2.8,40093
2006,4.1,40095
2006,4.2,40097
2006,3,40099
2006,5.1,40101
2006,3.5,40103
2006,4.6,40105
2006,5.5,40107
2006,4.2,40109
2006,5.5,40111
2006,4.1,40113
2006,4.6,40115
2006,4.1,40117
2006,3.6,40119
2006,4.1,40121
2006,3.6,40123
2006,4.4,40125
2006,4.3,40127
2006,2.6,40129
2006,3.7,40131
2006,5.7,40133
2006,5.4,40135
2006,3.5,40137
2006,3.3,40139
2006,4.3,40141
2006,3.8,40143
2006,3.6,40145
2006,3.4,40147
2006,3.2,40149
2006,5.5,40151
2006,2.7,40153
2006,5.3,41000
2006,6.3,41001
2006,4.7,41003
2006,4.8,41005
2006,5,41007
2006,5.7,41009
2006,6.7,41011
2006,5.9,41013
2006,6.8,41015
2006,4.6,41017
2006,7.4,41019
2006,4.8,41021
2006,8.3,41023
2006,8,41025
2006,5.4,41027
2006,5.7,41029
2006,5.6,41031
2006,6.6,41033
2006,6.6,41035
2006,7.5,41037
2006,5.4,41039
2006,6,41041
2006,6.5,41043
2006,6.3,41045
2006,5.6,41047
2006,6.5,41049
2006,5.1,41051
2006,4.9,41053
2006,5.9,41055
2006,5.5,41057
2006,6.7,41059
2006,5.9,41061
2006,6.5,41063
2006,5.4,41065
2006,4.4,41067
2006,6.5,41069
2006,5.1,41071
2006,4.6,42000
2006,3.4,42001
2006,4.5,42003
2006,5.3,42005
2006,4.8,42007
2006,5.7,42009
2006,4.4,42011
2006,4.5,42013
2006,4.7,42015
2006,3.9,42017
2006,4.3,42019
2006,5.3,42021
2006,6.1,42023
2006,5.8,42025
2006,3.7,42027
2006,3.3,42029
2006,4.9,42031
2006,5.4,42033
2006,5.5,42035
2006,5.5,42037
2006,5.2,42039
2006,3.4,42041
2006,4,42043
2006,4.3,42045
2006,4.7,42047
2006,5.1,42049
2006,6.3,42051
2006,7.1,42053
2006,3.3,42055
2006,4.4,42057
2006,5.7,42059
2006,5.2,42061
2006,5.1,42063
2006,4.9,42065
2006,4.2,42067
2006,4.9,42069
2006,3.5,42071
2006,5.4,42073
2006,3.4,42075
2006,4.6,42077
2006,5.4,42079
2006,5.2,42081
2006,5.3,42083
2006,5.5,42085
2006,5,42087
2006,5.2,42089
2006,3.6,42091
2006,4,42093
2006,4.5,42095
2006,5.2,42097
2006,3.8,42099
2006,6.2,42101
2006,5.7,42103
2006,5.9,42105
2006,5.4,42107
2006,4.1,42109
2006,5.5,42111
2006,5.3,42113
2006,4.8,42115
2006,5.4,42117
2006,5.1,42119
2006,5.2,42121
2006,5,42123
2006,4.9,42125
2006,4.2,42127
2006,5,42129
2006,5.1,42131
2006,4,42133
2006,4.9,44000
2006,4.3,44001
2006,4.7,44003
2006,4.5,44005
2006,5.3,44007
2006,4.1,44009
2006,6.4,45000
2006,8.8,45001
2006,6.4,45003
2006,10.1,45005
2006,6.8,45007
2006,9.9,45009
2006,10,45011
2006,4.8,45013
2006,5.6,45015
2006,7.1,45017
2006,5,45019
2006,7.7,45021
2006,10.2,45023
2006,9.5,45025
2006,9.2,45027
2006,6.5,45029
2006,7.7,45031
2006,9.3,45033
2006,5.1,45035
2006,7.7,45037
2006,9,45039
2006,7.3,45041
2006,7.1,45043
2006,5.4,45045
2006,8,45047
2006,7.2,45049
2006,5.5,45051
2006,4.9,45053
2006,6.3,45055
2006,9,45057
2006,6.9,45059
2006,9.6,45061
2006,4.7,45063
2006,11,45065
2006,12,45067
2006,11.2,45069
2006,6.4,45071
2006,8.9,45073
2006,9.2,45075
2006,6.2,45077
2006,5.8,45079
2006,6.2,45081
2006,6.7,45083
2006,7.8,45085
2006,10.9,45087
2006,9.9,45089
2006,6.4,45091
2006,3.1,46000
2006,3.4,46003
2006,3,46005
2006,4.7,46007
2006,4.1,46009
2006,2.4,46011
2006,2.6,46013
2006,3,46015
2006,14.2,46017
2006,2.7,46019
2006,2.9,46021
2006,3.6,46023
2006,3.8,46025
2006,2.9,46027
2006,2.9,46029
2006,6,46031
2006,3,46033
2006,3,46035
2006,5,46037
2006,3.5,46039
2006,9.3,46041
2006,2.7,46043
2006,2.8,46045
2006,3.5,46047
2006,3.1,46049
2006,3.5,46051
2006,3.5,46053
2006,2.7,46055
2006,3.2,46057
2006,2.8,46059
2006,3,46061
2006,2.9,46063
2006,2.5,46065
2006,3.5,46067
2006,3.5,46069
2006,5.6,46071
2006,2.8,46073
2006,2.4,46075
2006,3.3,46077
2006,3.1,46079
2006,2.9,46081
2006,2.4,46083
2006,4.4,46085
2006,3.1,46087
2006,4.2,46089
2006,4.2,46091
2006,3.2,46093
2006,4.5,46095
2006,3.8,46097
2006,2.8,46099
2006,4,46101
2006,8.2,46102
2006,3,46103
2006,3,46105
2006,3.1,46107
2006,4.3,46109
2006,2.9,46111
2006,3.1,46115
2006,2.3,46117
2006,2.4,46119
2006,5.5,46121
2006,3.3,46123
2006,3.1,46125
2006,3.3,46127
2006,4.1,46129
2006,3,46135
2006,5.8,46137
2006,5.2,47000
2006,4.7,47001
2006,5.2,47003
2006,7.1,47005
2006,6.5,47007
2006,4.3,47009
2006,5,47011
2006,6.1,47013
2006,5.1,47015
2006,6.3,47017
2006,5,47019
2006,4.1,47021
2006,5.4,47023
2006,5.4,47025
2006,10.9,47027
2006,7.3,47029
2006,5.5,47031
2006,6.9,47033
2006,6.2,47035
2006,4.2,47037
2006,6.5,47039
2006,5.4,47041
2006,4.6,47043
2006,5.8,47045
2006,6.2,47047
2006,6.6,47049
2006,5.7,47051
2006,7.7,47053
2006,7.1,47055
2006,5.9,47057
2006,7.9,47059
2006,8,47061
2006,5.8,47063
2006,4.4,47065
2006,7,47067
2006,7.2,47069
2006,6.2,47071
2006,5.8,47073
2006,7.6,47075
2006,6.7,47077
2006,7.1,47079
2006,5.4,47081
2006,7.4,47083
2006,6.3,47085
2006,6.8,47087
2006,5.7,47089
2006,6.6,47091
2006,3.9,47093
2006,6.9,47095
2006,8,47097
2006,11.3,47099
2006,7.2,47101
2006,4.2,47103
2006,4.4,47105
2006,5.7,47107
2006,6.1,47109
2006,6.8,47111
2006,5.4,47113
2006,5.7,47115
2006,6.3,47117
2006,5.5,47119
2006,6.8,47121
2006,5.8,47123
2006,4.7,47125
2006,4.7,47127
2006,6.7,47129
2006,5.6,47131
2006,6.7,47133
2006,6.7,47135
2006,8.4,47137
2006,5.6,47139
2006,5.7,47141
2006,6.3,47143
2006,5.4,47145
2006,4.4,47147
2006,4,47149
2006,6.7,47151
2006,4.5,47153
2006,5.4,47155
2006,5.7,47157
2006,5.8,47159
2006,7.6,47161
2006,4.5,47163
2006,4.2,47165
2006,5.6,47167
2006,6.1,47169
2006,6.2,47171
2006,4.9,47173
2006,7.9,47175
2006,9,47177
2006,4.5,47179
2006,10.4,47181
2006,6.8,47183
2006,9.1,47185
2006,3.5,47187
2006,4.5,47189
2006,4.9,48000
2006,5.8,48001
2006,3.5,48003
2006,4.6,48005
2006,4.7,48007
2006,3.4,48009
2006,3.5,48011
2006,4.6,48013
2006,4.3,48015
2006,4.9,48017
2006,4.2,48019
2006,4.6,48021
2006,4.1,48023
2006,6.3,48025
2006,5,48027
2006,4.7,48029
2006,3.8,48031
2006,4.4,48033
2006,4.9,48035
2006,5.3,48037
2006,5,48039
2006,4,48041
2006,3.4,48043
2006,4.6,48045
2006,6.2,48047
2006,4.4,48049
2006,4,48051
2006,4.1,48053
2006,4.9,48055
2006,4.8,48057
2006,3.9,48059
2006,6.6,48061
2006,5,48063
2006,3.5,48065
2006,5.8,48067
2006,4.6,48069
2006,5.2,48071
2006,5.3,48073
2006,5.5,48075
2006,3.8,48077
2006,6,48079
2006,5.5,48081
2006,4.3,48083
2006,4.2,48085
2006,4.3,48087
2006,4.3,48089
2006,4.1,48091
2006,4.5,48093
2006,5.4,48095
2006,3.8,48097
2006,6.4,48099
2006,4.9,48101
2006,4.4,48103
2006,3.4,48105
2006,5.4,48107
2006,3.1,48109
2006,3.3,48111
2006,5.1,48113
2006,6.5,48115
2006,4.2,48117
2006,5.2,48119
2006,4.2,48121
2006,4.4,48123
2006,4.3,48125
2006,7.6,48127
2006,4.7,48129
2006,5.4,48131
2006,4.8,48133
2006,3.8,48135
2006,4.3,48137
2006,5,48139
2006,6.7,48141
2006,3.9,48143
2006,6.2,48145
2006,6,48147
2006,3.7,48149
2006,4,48151
2006,5.9,48153
2006,4.4,48155
2006,4.7,48157
2006,4.1,48159
2006,3.9,48161
2006,5.4,48163
2006,4.6,48165
2006,5.1,48167
2006,3.8,48169
2006,3.3,48171
2006,4.5,48173
2006,4,48175
2006,4,48177
2006,3.9,48179
2006,4.8,48181
2006,4.5,48183
2006,5.3,48185
2006,4.3,48187
2006,5.2,48189
2006,6.1,48191
2006,4.2,48193
2006,3.6,48195
2006,4,48197
2006,5.2,48199
2006,5,48201
2006,5.1,48203
2006,4,48205
2006,3.9,48207
2006,4.2,48209
2006,2.7,48211
2006,5.1,48213
2006,7.3,48215
2006,5.5,48217
2006,4.1,48219
2006,4.9,48221
2006,4.2,48223
2006,6.1,48225
2006,4.8,48227
2006,6.9,48229
2006,5.2,48231
2006,4.4,48233
2006,3.5,48235
2006,4.1,48237
2006,4.6,48239
2006,6.2,48241
2006,4,48243
2006,6,48245
2006,4.3,48247
2006,4.6,48249
2006,4.6,48251
2006,5.2,48253
2006,6.1,48255
2006,5,48257
2006,3.9,48259
2006,2.9,48261
2006,4,48263
2006,4,48265
2006,3.8,48267
2006,4.4,48269
2006,5.8,48271
2006,4.5,48273
2006,4.2,48275
2006,5.4,48277
2006,4.6,48279
2006,4,48281
2006,5,48283
2006,3.6,48285
2006,3.9,48287
2006,5,48289
2006,5.7,48291
2006,4.7,48293
2006,3.3,48295
2006,4.5,48297
2006,4.6,48299
2006,10.5,48301
2006,3.9,48303
2006,5.5,48305
2006,4.5,48307
2006,4.8,48309
2006,5.9,48311
2006,5.2,48313
2006,5.3,48315
2006,4.1,48317
2006,3,48319
2006,7,48321
2006,12.8,48323
2006,4.6,48325
2006,4.1,48327
2006,3.3,48329
2006,4.5,48331
2006,4,48333
2006,5.9,48335
2006,4,48337
2006,4.4,48339
2006,3.4,48341
2006,5.4,48343
2006,4,48345
2006,4.7,48347
2006,5.5,48349
2006,7.1,48351
2006,4.3,48353
2006,4.8,48355
2006,3,48357
2006,4,48359
2006,5.8,48361
2006,4.3,48363
2006,4.3,48365
2006,4.6,48367
2006,3.8,48369
2006,4.6,48371
2006,6,48373
2006,4.2,48375
2006,10.5,48377
2006,4.8,48379
2006,3.3,48381
2006,2.4,48383
2006,4.8,48385
2006,5.5,48387
2006,6.1,48389
2006,4.5,48391
2006,3.1,48393
2006,4.8,48395
2006,4.4,48397
2006,5.3,48399
2006,4.6,48401
2006,8.7,48403
2006,6.2,48405
2006,5.8,48407
2006,5.4,48409
2006,4.9,48411
2006,3.8,48413
2006,4.7,48415
2006,3,48417
2006,4.9,48419
2006,4,48421
2006,4.6,48423
2006,4.8,48425
2006,11.6,48427
2006,4.1,48429
2006,3.1,48431
2006,3.3,48433
2006,2.6,48435
2006,4.4,48437
2006,4.7,48439
2006,3.8,48441
2006,5.4,48443
2006,5.1,48445
2006,3.5,48447
2006,4.3,48449
2006,4.1,48451
2006,4,48453
2006,5.8,48455
2006,6.2,48457
2006,4.6,48459
2006,3.7,48461
2006,5.9,48463
2006,5.9,48465
2006,4.5,48467
2006,4,48469
2006,5.3,48471
2006,5.3,48473
2006,4.6,48475
2006,4.2,48477
2006,5.4,48479
2006,4.7,48481
2006,3.3,48483
2006,4.3,48485
2006,3.6,48487
2006,9,48489
2006,4.2,48491
2006,4.4,48493
2006,3.9,48495
2006,4.4,48497
2006,5.1,48499
2006,3.9,48501
2006,3.8,48503
2006,6.1,48505
2006,11.7,48507
2006,3,49000
2006,3,49001
2006,3.2,49003
2006,2.3,49005
2006,3.5,49007
2006,4.7,49009
2006,2.9,49011
2006,2.8,49013
2006,3.5,49015
2006,5,49017
2006,4.9,49019
2006,2.9,49021
2006,3.7,49023
2006,3.6,49025
2006,2.9,49027
2006,3,49029
2006,3,49031
2006,2.3,49033
2006,2.9,49035
2006,6.1,49037
2006,3.8,49039
2006,3.2,49041
2006,2.9,49043
2006,3.3,49045
2006,2.4,49047
2006,2.9,49049
2006,3.2,49051
2006,3,49053
2006,4.3,49055
2006,3.4,49057
2006,3.7,50000
2006,3.3,50001
2006,3.6,50003
2006,4.1,50005
2006,3.2,50007
2006,3.9,50009
2006,4.2,50011
2006,5.2,50013
2006,4.1,50015
2006,3.3,50017
2006,5.4,50019
2006,3.9,50021
2006,3.8,50023
2006,3.8,50025
2006,3,50027
2006,3.1,51000
2006,4.3,51001
2006,2.5,51003
2006,4.9,51005
2006,3,51007
2006,3.3,51009
2006,3.7,51011
2006,2,51013
2006,2.7,51015
2006,3.3,51017
2006,3,51019
2006,3.8,51021
2006,2.6,51023
2006,4.9,51025
2006,5,51027
2006,3.6,51029
2006,3.3,51031
2006,3.4,51033
2006,5.3,51035
2006,4,51036
2006,6.7,51037
2006,2.8,51041
2006,2.5,51043
2006,3.5,51045
2006,3.3,51047
2006,3.5,51049
2006,5.1,51051
2006,3.2,51053
2006,4,51057
2006,2.2,51059
2006,2.5,51061
2006,3.3,51063
2006,2.4,51065
2006,3.2,51067
2006,2.7,51069
2006,3.8,51071
2006,2.7,51073
2006,2.5,51075
2006,5.5,51077
2006,2.3,51079
2006,4.3,51081
2006,5.9,51083
2006,2.5,51085
2006,2.9,51087
2006,4.8,51089
2006,3.2,51091
2006,3.1,51093
2006,2.7,51095
2006,3.4,51097
2006,3.4,51099
2006,2.8,51101
2006,4.4,51103
2006,4.4,51105
2006,2.2,51107
2006,3.1,51109
2006,4.5,51111
2006,2.7,51113
2006,2.6,51115
2006,5.3,51117
2006,3.2,51119
2006,3.1,51121
2006,2.8,51125
2006,2.8,51127
2006,4.5,51131
2006,4.2,51133
2006,4.2,51135
2006,3.1,51137
2006,4.7,51139
2006,4.7,51141
2006,5.5,51143
2006,2.6,51145
2006,4.8,51147
2006,3.4,51149
2006,2.4,51153
2006,3.9,51155
2006,2.4,51157
2006,4.9,51159
2006,2.6,51161
2006,2.8,51163
2006,2.4,51165
2006,6,51167
2006,4.9,51169
2006,3,51171
2006,4.7,51173
2006,3.7,51175
2006,2.5,51177
2006,2.5,51179
2006,3.4,51181
2006,4.5,51183
2006,4,51185
2006,2.8,51187
2006,4.2,51191
2006,3.9,51193
2006,4.5,51195
2006,4.1,51197
2006,2.7,51199
2006,2.2,51510
2006,4.9,51520
2006,3.4,51530
2006,3.2,51540
2006,3.3,51550
2006,3.2,51570
2006,7.2,51580
2006,8.8,51590
2006,5.6,51595
2006,2.5,51600
2006,2.9,51610
2006,4.8,51620
2006,4,51630
2006,6.1,51640
2006,3.7,51650
2006,3,51660
2006,4.7,51670
2006,4.7,51678
2006,3.7,51680
2006,2.6,51683
2006,2.3,51685
2006,7.3,51690
2006,3.6,51700
2006,4.3,51710
2006,5.2,51720
2006,6.3,51730
2006,2.4,51735
2006,4.4,51740
2006,3.8,51750
2006,4.7,51760
2006,3.8,51770
2006,3,51775
2006,3.1,51790
2006,3.5,51800
2006,2.9,51810
2006,3.2,51820
2006,5.9,51830
2006,2.9,51840
2006,5,53000
2006,6.8,53001
2006,4.6,53003
2006,6.2,53005
2006,5.6,53007
2006,6.3,53009
2006,6.3,53011
2006,9.3,53013
2006,7.1,53015
2006,5.4,53017
2006,10,53019
2006,7.6,53021
2006,5.8,53023
2006,7.1,53025
2006,7.6,53027
2006,5.6,53029
2006,5.5,53031
2006,3.7,53033
2006,5.1,53035
2006,5.7,53037
2006,7.7,53039
2006,7.5,53041
2006,6.1,53043
2006,6.3,53045
2006,7.2,53047
2006,7.1,53049
2006,8,53051
2006,5.6,53053
2006,4.1,53055
2006,5.6,53057
2006,7.7,53059
2006,4.1,53061
2006,5.4,53063
2006,7.7,53065
2006,5,53067
2006,7.2,53069
2006,5.9,53071
2006,4.9,53073
2006,4.3,53075
2006,7.4,53077
2006,4.9,54000
2006,5.7,54001
2006,4.2,54003
2006,4.7,54005
2006,5.5,54007
2006,7.4,54009
2006,4.6,54011
2006,7.2,54013
2006,6.9,54015
2006,5.2,54017
2006,5.6,54019
2006,4.7,54021
2006,6,54023
2006,6.2,54025
2006,4,54027
2006,7.6,54029
2006,3.9,54031
2006,4.7,54033
2006,5.2,54035
2006,3.4,54037
2006,4.4,54039
2006,5.1,54041
2006,6.1,54043
2006,4.9,54045
2006,7.7,54047
2006,4.5,54049
2006,5.7,54051
2006,7,54053
2006,4.9,54055
2006,5.1,54057
2006,5.5,54059
2006,3.5,54061
2006,5.5,54063
2006,4.7,54065
2006,5.4,54067
2006,4.8,54069
2006,4.2,54071
2006,5.6,54073
2006,7.8,54075
2006,4.5,54077
2006,4.1,54079
2006,4.5,54081
2006,5.1,54083
2006,5,54085
2006,6.3,54087
2006,6.3,54089
2006,5.3,54091
2006,6.2,54093
2006,7.2,54095
2006,4.7,54097
2006,5.4,54099
2006,5.8,54101
2006,8.2,54103
2006,6.1,54105
2006,4.9,54107
2006,5.6,54109
2006,4.7,55000
2006,6.7,55001
2006,6.1,55003
2006,5.5,55005
2006,6.4,55007
2006,4.5,55009
2006,4,55011
2006,5.8,55013
2006,4.1,55015
2006,5.2,55017
2006,5.4,55019
2006,4.7,55021
2006,4.9,55023
2006,3.3,55025
2006,5,55027
2006,5.4,55029
2006,5,55031
2006,4.6,55033
2006,4,55035
2006,6.7,55037
2006,4.7,55039
2006,6.6,55041
2006,4.5,55043
2006,4.4,55045
2006,5.5,55047
2006,4.3,55049
2006,8.2,55051
2006,5.5,55053
2006,4.6,55055
2006,5.8,55057
2006,5.4,55059
2006,4.5,55061
2006,3.8,55063
2006,4.1,55065
2006,6,55067
2006,5.5,55069
2006,4.9,55071
2006,4.3,55073
2006,6.5,55075
2006,6,55077
2006,11.1,55078
2006,5.7,55079
2006,4.3,55081
2006,6.1,55083
2006,5.8,55085
2006,4.6,55087
2006,3.6,55089
2006,4.7,55091
2006,4.2,55093
2006,5.8,55095
2006,4.5,55097
2006,5.5,55099
2006,5.7,55101
2006,4.7,55103
2006,5.1,55105
2006,6.7,55107
2006,4.9,55109
2006,4.5,55111
2006,6.4,55113
2006,5.1,55115
2006,4,55117
2006,5,55119
2006,4.3,55121
2006,4.8,55123
2006,6.1,55125
2006,4.3,55127
2006,6.6,55129
2006,4.1,55131
2006,3.8,55133
2006,5,55135
2006,5.6,55137
2006,4.5,55139
2006,5.3,55141
2006,3.2,56000
2006,2.6,56001
2006,4.2,56003
2006,2.1,56005
2006,3.3,56007
2006,3.4,56009
2006,2.8,56011
2006,4.3,56013
2006,3.9,56015
2006,3.6,56017
2006,3.1,56019
2006,3.9,56021
2006,3.5,56023
2006,3,56025
2006,3.3,56027
2006,3.6,56029
2006,4.4,56031
2006,3.2,56033
2006,1.8,56035
2006,2.5,56037
2006,2.5,56039
2006,3,56041
2006,3.6,56043
2006,3.5,56045
2006,10.5,72000
2006,13.6,72001
2006,12.1,72003
2006,12.5,72005
2006,11.5,72007
2006,12.7,72009
2006,12.4,72011
2006,11.7,72013
2006,16.3,72015
2006,14.3,72017
2006,11.9,72019
2006,7.9,72021
2006,9.4,72023
2006,10.2,72025
2006,10.8,72027
2006,12.5,72029
2006,8,72031
2006,10.5,72033
2006,12.3,72035
2006,11.4,72037
2006,15.5,72039
2006,11.6,72041
2006,14.3,72043
2006,13.9,72045
2006,11,72047
2006,9.1,72049
2006,9.2,72051
2006,12.8,72053
2006,15.1,72054
2006,14.8,72055
2006,14.4,72057
2006,15.6,72059
2006,5.8,72061
2006,9.8,72063
2006,12,72065
2006,10.8,72067
2006,14.2,72069
2006,13.9,72071
2006,16.1,72073
2006,11.5,72075
2006,11.8,72077
2006,12.1,72079
2006,11.5,72081
2006,12.5,72083
2006,13.1,72085
2006,12.8,72087
2006,14.2,72089
2006,13.1,72091
2006,12.1,72093
2006,16.7,72095
2006,12.3,72097
2006,12.2,72099
2006,14.1,72101
2006,14.3,72103
2006,10.9,72105
2006,15.4,72107
2006,15.7,72109
2006,13.6,72111
2006,10.4,72113
2006,11.1,72115
2006,12,72117
2006,10.6,72119
2006,12.5,72121
2006,13.8,72123
2006,12.2,72125
2006,7.3,72127
2006,11.2,72129
2006,12.5,72131
2006,13.2,72133
2006,7.3,72135
2006,7.9,72137
2006,6.9,72139
2006,14.5,72141
2006,10.5,72143
2006,11.9,72145
2006,9.3,72147
2006,13.1,72149
2006,16.6,72151
2006,12.5,72153
2018,3.895374522,0
2018,3.9,1000
2018,3.6,1001
2018,3.6,1003
2018,5.1,1005
2018,3.9,1007
2018,3.5,1009
2018,4.6,1011
2018,4.7,1013
2018,4.6,1015
2018,3.8,1017
2018,3.5,1019
2018,3.6,1021
2018,5.4,1023
2018,7.4,1025
2018,3.8,1027
2018,4.2,1029
2018,3.9,1031
2018,4.5,1033
2018,5.1,1035
2018,4.1,1037
2018,4.5,1039
2018,4,1041
2018,3.2,1043
2018,4.1,1045
2018,6.4,1047
2018,3.8,1049
2018,3.4,1051
2018,4.5,1053
2018,4,1055
2018,4,1057
2018,3.7,1059
2018,3.9,1061
2018,6.6,1063
2018,5,1065
2018,4.4,1067
2018,4,1069
2018,4,1071
2018,3.7,1073
2018,3.7,1075
2018,4.1,1077
2018,4.1,1079
2018,3.6,1081
2018,3.5,1083
2018,7.2,1085
2018,5.3,1087
2018,3.4,1089
2018,4.9,1091
2018,4,1093
2018,3.3,1095
2018,4.6,1097
2018,6,1099
2018,3.9,1101
2018,3.4,1103
2018,6.4,1105
2018,4.5,1107
2018,4.5,1109
2018,4,1111
2018,4,1113
2018,3.4,1115
2018,2.8,1117
2018,5.7,1119
2018,4.2,1121
2018,4.1,1123
2018,3.6,1125
2018,4.2,1127
2018,5.7,1129
2018,9.4,1131
2018,4.1,1133
2018,6.5,2000
2018,3.1,2013
2018,3.5,2016
2018,5.4,2020
2018,12.7,2050
2018,6.1,2060
2018,7.8,2068
2018,8,2070
2018,5.7,2090
2018,9.6,2100
2018,12.4,2105
2018,4.3,2110
2018,7.5,2122
2018,6,2130
2018,5.8,2150
2018,19.6,2158
2018,10.9,2164
2018,7.4,2170
2018,11.3,2180
2018,6.8,2185
2018,13.6,2188
2018,8.6,2195
2018,10.6,2198
2018,,2201
2018,4.1,2220
2018,9.4,2230
2018,,2232
2018,9.5,2240
2018,7.2,2261
2018,6.9,2275
2018,,2280
2018,8.1,2282
2018,14.6,2290
2018,4.7,4000
2018,9.8,4001
2018,5.5,4003
2018,5.4,4005
2018,5.7,4007
2018,5,4009
2018,4.1,4011
2018,6.1,4012
2018,4.1,4013
2018,5.6,4015
2018,7.6,4017
2018,4.4,4019
2018,4.9,4021
2018,9.1,4023
2018,4.4,4025
2018,16.7,4027
2018,3.6,5000
2018,3.3,5001
2018,5.2,5003
2018,4.1,5005
2018,2.9,5007
2018,3.5,5009
2018,4.3,5011
2018,3.8,5013
2018,3.2,5015
2018,6.7,5017
2018,3.6,5019
2018,4.3,5021
2018,4.5,5023
2018,3.8,5025
2018,4.7,5027
2018,4.3,5029
2018,3,5031
2018,3.5,5033
2018,4.3,5035
2018,4.1,5037
2018,4.2,5039
2018,4.4,5041
2018,4.8,5043
2018,3.2,5045
2018,3.5,5047
2018,4,5049
2018,4,5051
2018,3.1,5053
2018,3.4,5055
2018,3.5,5057
2018,3.7,5059
2018,3.4,5061
2018,4,5063
2018,5.4,5065
2018,6,5067
2018,5.2,5069
2018,4.5,5071
2018,5.1,5073
2018,3.9,5075
2018,4.8,5077
2018,4.2,5079
2018,5.2,5081
2018,4,5083
2018,3.1,5085
2018,2.9,5087
2018,4.1,5089
2018,4.8,5091
2018,5.6,5093
2018,4.2,5095
2018,4.7,5097
2018,3.4,5099
2018,3.3,5101
2018,4.5,5103
2018,4.1,5105
2018,6,5107
2018,4,5109
2018,3.8,5111
2018,4.1,5113
2018,4.4,5115
2018,3.8,5117
2018,3.4,5119
2018,3.9,5121
2018,5,5123
2018,3,5125
2018,3.6,5127
2018,4.3,5129
2018,3.5,5131
2018,4.5,5133
2018,4.7,5135
2018,4.5,5137
2018,5.4,5139
2018,5.2,5141
2018,2.6,5143
2018,4.3,5145
2018,4.7,5147
2018,4.1,5149
2018,4.3,6000
2018,3.1,6001
2018,4.6,6003
2018,4.1,6005
2018,5.1,6007
2018,4.1,6009
2018,13.3,6011
2018,3.2,6013
2018,5.7,6015
2018,3.7,6017
2018,7.6,6019
2018,6.6,6021
2018,3.6,6023
2018,18.9,6025
2018,3.9,6027
2018,8.1,6029
2018,7.9,6031
2018,5.3,6033
2018,4.8,6035
2018,4.6,6037
2018,7.1,6039
2018,2.4,6041
2018,5.4,6043
2018,4,6045
2018,8.4,6047
2018,7.6,6049
2018,4.1,6051
2018,6.4,6053
2018,3,6055
2018,3.5,6057
2018,3,6059
2018,3.2,6061
2018,7.6,6063
2018,4.5,6065
2018,3.9,6067
2018,5.1,6069
2018,4.1,6071
2018,3.4,6073
2018,2.4,6075
2018,6.1,6077
2018,3,6079
2018,2.3,6081
2018,4,6083
2018,2.7,6085
2018,5,6087
2018,5,6089
2018,6.1,6091
2018,6.8,6093
2018,4,6095
2018,2.8,6097
2018,6.5,6099
2018,7.7,6101
2018,5.8,6103
2018,5.8,6105
2018,9.8,6107
2018,4.7,6109
2018,3.8,6111
2018,4.3,6113
2018,6.5,6115
2018,3.2,8000
2018,3.3,8001
2018,3.9,8003
2018,3.1,8005
2018,3.3,8007
2018,1.8,8009
2018,3.1,8011
2018,2.7,8013
2018,2.8,8014
2018,2.6,8015
2018,1.8,8017
2018,2.9,8019
2018,4.1,8021
2018,4.3,8023
2018,4.2,8025
2018,3.6,8027
2018,3.9,8029
2018,3.1,8031
2018,2.8,8033
2018,2.7,8035
2018,2.6,8037
2018,2.7,8039
2018,3.8,8041
2018,5,8043
2018,3.1,8045
2018,2.4,8047
2018,2.6,8049
2018,2.4,8051
2018,2.7,8053
2018,6.4,8055
2018,2.6,8057
2018,2.9,8059
2018,1.8,8061
2018,2,8063
2018,2.6,8065
2018,2.9,8067
2018,2.7,8069
2018,4.5,8071
2018,2.4,8073
2018,2.7,8075
2018,3.9,8077
2018,2.5,8079
2018,3.6,8081
2018,4.6,8083
2018,3.6,8085
2018,2.8,8087
2018,4.9,8089
2018,3.4,8091
2018,2.7,8093
2018,1.9,8095
2018,3.7,8097
2018,3.2,8099
2018,4.7,8101
2018,4.1,8103
2018,4.8,8105
2018,2.6,8107
2018,4.6,8109
2018,2.9,8111
2018,3.3,8113
2018,2.5,8115
2018,2.1,8117
2018,3.6,8119
2018,2.4,8121
2018,2.9,8123
2018,1.9,8125
2018,4.1,9000
2018,4,9001
2018,4.3,9003
2018,3.9,9005
2018,3.5,9007
2018,4.4,9009
2018,4,9011
2018,3.6,9013
2018,4.6,9015
2018,3.8,10000
2018,4.2,10001
2018,3.7,10003
2018,3.8,10005
2018,5.7,11000
2018,5.7,11001
2018,3.6,12000
2018,3.3,12001
2018,3.5,12003
2018,4.1,12005
2018,3.4,12007
2018,3.6,12009
2018,3.4,12011
2018,4.3,12013
2018,4.1,12015
2018,5.3,12017
2018,3.4,12019
2018,3.5,12021
2018,3.8,12023
2018,4,12027
2018,4.3,12029
2018,3.7,12031
2018,3.6,12033
2018,4.2,12035
2018,3.5,12037
2018,4.6,12039
2018,3.8,12041
2018,4,12043
2018,4.5,12045
2018,4.2,12047
2018,5.3,12049
2018,6.2,12051
2018,4.6,12053
2018,4.9,12055
2018,3.5,12057
2018,4,12059
2018,4.4,12061
2018,4.1,12063
2018,3.8,12065
2018,3.4,12067
2018,3.6,12069
2018,3.5,12071
2018,3.4,12073
2018,3.9,12075
2018,4,12077
2018,4,12079
2018,3.5,12081
2018,4.4,12083
2018,3.6,12085
2018,3.5,12086
2018,2.6,12087
2018,3.3,12089
2018,3,12091
2018,3.8,12093
2018,3.3,12095
2018,3.7,12097
2018,3.6,12099
2018,3.9,12101
2018,3.4,12103
2018,4.2,12105
2018,4.9,12107
2018,2.9,12109
2018,4.5,12111
2018,3.4,12113
2018,3.5,12115
2018,3.3,12117
2018,5.2,12119
2018,3.8,12121
2018,3.9,12123
2018,3.3,12125
2018,3.8,12127
2018,3.2,12129
2018,3.2,12131
2018,3.9,12133
2018,3.9,13000
2018,4.3,13001
2018,3.5,13003
2018,3.8,13005
2018,5.3,13007
2018,4.9,13009
2018,3.1,13011
2018,3.3,13013
2018,3.8,13015
2018,5.9,13017
2018,4.2,13019
2018,4.5,13021
2018,5.8,13023
2018,4.5,13025
2018,3.9,13027
2018,3.4,13029
2018,4.3,13031
2018,6.1,13033
2018,4.1,13035
2018,4.2,13037
2018,4.2,13039
2018,3.4,13043
2018,4,13045
2018,3.4,13047
2018,4.3,13049
2018,3.7,13051
2018,5.5,13053
2018,4.1,13055
2018,3.1,13057
2018,4,13059
2018,7.5,13061
2018,4.9,13063
2018,4.5,13065
2018,3.4,13067
2018,4.5,13069
2018,3.7,13071
2018,3.5,13073
2018,3.8,13075
2018,3.4,13077
2018,4.1,13079
2018,4.8,13081
2018,3.6,13083
2018,3.3,13085
2018,4.7,13087
2018,4,13089
2018,5.2,13091
2018,4.7,13093
2018,5.4,13095
2018,4.1,13097
2018,4.6,13099
2018,3.2,13101
2018,3.3,13103
2018,4.8,13105
2018,5.9,13107
2018,3.7,13109
2018,4,13111
2018,3.5,13113
2018,4.3,13115
2018,3.2,13117
2018,3.8,13119
2018,4,13121
2018,4.2,13123
2018,4.1,13125
2018,3.7,13127
2018,3.8,13129
2018,3.8,13131
2018,4.3,13133
2018,3.5,13135
2018,3.7,13137
2018,3.2,13139
2018,5.9,13141
2018,3.8,13143
2018,3.4,13145
2018,3.6,13147
2018,3.9,13149
2018,4.1,13151
2018,4,13153
2018,5.6,13155
2018,3.1,13157
2018,3.5,13159
2018,4.8,13161
2018,5.3,13163
2018,5.3,13165
2018,3.9,13167
2018,3.6,13169
2018,4.6,13171
2018,4.5,13173
2018,4.8,13175
2018,3.6,13177
2018,4.3,13179
2018,4.9,13181
2018,3.9,13183
2018,4.1,13185
2018,3.6,13187
2018,5.6,13189
2018,4,13191
2018,6.2,13193
2018,3.5,13195
2018,5.2,13197
2018,5,13199
2018,3.7,13201
2018,5.4,13205
2018,3.6,13207
2018,5.7,13209
2018,3.6,13211
2018,5.3,13213
2018,5.1,13215
2018,4.5,13217
2018,2.9,13219
2018,3.7,13221
2018,3.4,13223
2018,5.2,13225
2018,3.5,13227
2018,3.8,13229
2018,3.6,13231
2018,4.2,13233
2018,4.4,13235
2018,5,13237
2018,5.6,13239
2018,4,13241
2018,5.6,13243
2018,5.2,13245
2018,4.4,13247
2018,4.6,13249
2018,5.4,13251
2018,5.3,13253
2018,4.7,13255
2018,4.6,13257
2018,4.8,13259
2018,5.9,13261
2018,5,13263
2018,5.3,13265
2018,4.2,13267
2018,6.5,13269
2018,6.7,13271
2018,6.7,13273
2018,4.7,13275
2018,4,13277
2018,5.8,13279
2018,5.6,13281
2018,5.8,13283
2018,3.7,13285
2018,5,13287
2018,5.9,13289
2018,3.7,13291
2018,4.4,13293
2018,3.8,13295
2018,3.6,13297
2018,3.9,13299
2018,4.9,13301
2018,5,13303
2018,4.6,13305
2018,6.2,13307
2018,7.3,13309
2018,3,13311
2018,4.8,13313
2018,5.2,13315
2018,4.6,13317
2018,4.4,13319
2018,4.4,13321
2018,2.5,15000
2018,3,15001
2018,2.4,15003
2018,2.5,15007
2018,2.4,15009
2018,2.9,16000
2018,2.5,16001
2018,5.5,16003
2018,2.8,16005
2018,2.9,16007
2018,4.7,16009
2018,2.8,16011
2018,2.4,16013
2018,4.3,16015
2018,4.2,16017
2018,2.5,16019
2018,4.5,16021
2018,3.3,16023
2018,2.3,16025
2018,3.2,16027
2018,2.8,16029
2018,2.3,16031
2018,2.9,16033
2018,6.9,16035
2018,4.2,16037
2018,3.3,16039
2018,2.2,16041
2018,2.5,16043
2018,3.5,16045
2018,2.4,16047
2018,4.7,16049
2018,2.3,16051
2018,2.6,16053
2018,3.6,16055
2018,2.5,16057
2018,4.5,16059
2018,5.7,16061
2018,3.5,16063
2018,1.8,16065
2018,2.5,16067
2018,2.8,16069
2018,2.2,16071
2018,3.7,16073
2018,3.7,16075
2018,3,16077
2018,5.9,16079
2018,2.3,16081
2018,2.7,16083
2018,3.8,16085
2018,4.2,16087
2018,4.3,17000
2018,3.8,17001
2018,8,17003
2018,4.3,17005
2018,5.6,17007
2018,2.6,17009
2018,4.9,17011
2018,5.2,17013
2018,4.4,17015
2018,4.4,17017
2018,4.2,17019
2018,5.1,17021
2018,5.1,17023
2018,5.1,17025
2018,3.5,17027
2018,4.6,17029
2018,4.1,17031
2018,5.2,17033
2018,3.9,17035
2018,4.3,17037
2018,5,17039
2018,4,17041
2018,3.2,17043
2018,4.6,17045
2018,4.4,17047
2018,3.7,17049
2018,5.1,17051
2018,4.6,17053
2018,6.1,17055
2018,6.1,17057
2018,5.6,17059
2018,4.8,17061
2018,4.8,17063
2018,4.3,17065
2018,4.6,17067
2018,7.6,17069
2018,4.9,17071
2018,4.9,17073
2018,4.3,17075
2018,4.5,17077
2018,4.9,17079
2018,5.2,17081
2018,4.8,17083
2018,4.3,17085
2018,7.4,17087
2018,4.8,17089
2018,5.4,17091
2018,3.6,17093
2018,5.2,17095
2018,4.4,17097
2018,5.7,17099
2018,5.7,17101
2018,4.3,17103
2018,4.3,17105
2018,4.6,17107
2018,4.9,17109
2018,3.6,17111
2018,4.1,17113
2018,5.5,17115
2018,4.8,17117
2018,4.4,17119
2018,4.8,17121
2018,5.1,17123
2018,5.8,17125
2018,6.9,17127
2018,4,17129
2018,5.1,17131
2018,3.4,17133
2018,5.8,17135
2018,4.3,17137
2018,3.8,17139
2018,4.9,17141
2018,5.5,17143
2018,5.8,17145
2018,4.1,17147
2018,4.7,17149
2018,5.8,17151
2018,7.9,17153
2018,5.2,17155
2018,4.3,17157
2018,4.6,17159
2018,5.1,17161
2018,5,17163
2018,6.4,17165
2018,4.3,17167
2018,4.3,17169
2018,5.1,17171
2018,4.2,17173
2018,6.1,17175
2018,4.6,17177
2018,4.8,17179
2018,6.3,17181
2018,6,17183
2018,4.5,17185
2018,4.1,17187
2018,2.9,17189
2018,5.5,17191
2018,4.1,17193
2018,4.4,17195
2018,4.1,17197
2018,5,17199
2018,5.6,17201
2018,4,17203
2018,3.5,18000
2018,2.6,18001
2018,3.2,18003
2018,2.7,18005
2018,3.3,18007
2018,3.9,18009
2018,2.7,18011
2018,3.2,18013
2018,3.3,18015
2018,3.7,18017
2018,3.5,18019
2018,4,18021
2018,2.9,18023
2018,4.5,18025
2018,2.8,18027
2018,3.7,18029
2018,3,18031
2018,2.9,18033
2018,4.1,18035
2018,2.5,18037
2018,2.6,18039
2018,4.7,18041
2018,3.3,18043
2018,3.7,18045
2018,3.8,18047
2018,3.4,18049
2018,2.7,18051
2018,3.9,18053
2018,4.5,18055
2018,2.7,18057
2018,3.1,18059
2018,3.5,18061
2018,2.9,18063
2018,3.6,18065
2018,4.1,18067
2018,3.6,18069
2018,2.9,18071
2018,4,18073
2018,3.4,18075
2018,3.5,18077
2018,3.7,18079
2018,2.9,18081
2018,3.2,18083
2018,2.7,18085
2018,2.5,18087
2018,5,18089
2018,4.4,18091
2018,3.9,18093
2018,4,18095
2018,3.6,18097
2018,3.2,18099
2018,2.8,18101
2018,4.1,18103
2018,3.7,18105
2018,3.1,18107
2018,3.4,18109
2018,4.4,18111
2018,3,18113
2018,3.6,18115
2018,4,18117
2018,4.4,18119
2018,4.1,18121
2018,3.7,18123
2018,3.5,18125
2018,3.9,18127
2018,2.9,18129
2018,3.1,18131
2018,3.8,18133
2018,4,18135
2018,3.6,18137
2018,2.9,18139
2018,3.6,18141
2018,3.9,18143
2018,3.2,18145
2018,3.3,18147
2018,4.4,18149
2018,2.7,18151
2018,4.7,18153
2018,3.9,18155
2018,3.2,18157
2018,2.8,18159
2018,3.2,18161
2018,3.2,18163
2018,5.6,18165
2018,4.4,18167
2018,3.5,18169
2018,3.3,18171
2018,3,18173
2018,3.6,18175
2018,3.6,18177
2018,2.9,18179
2018,3.1,18181
2018,2.9,18183
2018,2.6,19000
2018,2.4,19001
2018,2,19003
2018,3.2,19005
2018,3.4,19007
2018,2.5,19009
2018,2.8,19011
2018,2.9,19013
2018,2.2,19015
2018,2.1,19017
2018,2.6,19019
2018,2.2,19021
2018,2.8,19023
2018,2.6,19025
2018,1.9,19027
2018,2.7,19029
2018,2.5,19031
2018,2.7,19033
2018,2.2,19035
2018,2.8,19037
2018,2.9,19039
2018,3.3,19041
2018,3.3,19043
2018,3.3,19045
2018,3.5,19047
2018,1.8,19049
2018,2.8,19051
2018,2.3,19053
2018,2.1,19055
2018,3.4,19057
2018,3.3,19059
2018,2.5,19061
2018,2.8,19063
2018,3.1,19065
2018,2.8,19067
2018,2.2,19069
2018,1.9,19071
2018,2.3,19073
2018,2.6,19075
2018,2.7,19077
2018,2.8,19079
2018,2.4,19081
2018,2.9,19083
2018,2.3,19085
2018,2.5,19087
2018,2.6,19089
2018,2.6,19091
2018,2,19093
2018,2.1,19095
2018,2.9,19097
2018,2.7,19099
2018,2.3,19101
2018,2,19103
2018,3.1,19105
2018,3,19107
2018,2.1,19109
2018,4.1,19111
2018,2.9,19113
2018,2.7,19115
2018,2,19117
2018,1.6,19119
2018,3.3,19121
2018,2.6,19123
2018,2.1,19125
2018,4.6,19127
2018,2.2,19129
2018,1.9,19131
2018,2.8,19133
2018,3,19135
2018,2.5,19137
2018,2.7,19139
2018,2,19141
2018,2,19143
2018,2.6,19145
2018,2.3,19147
2018,2,19149
2018,1.9,19151
2018,2.7,19153
2018,2.4,19155
2018,2.4,19157
2018,2.9,19159
2018,2.4,19161
2018,3,19163
2018,2.1,19165
2018,1.8,19167
2018,1.7,19169
2018,3.1,19171
2018,2,19173
2018,3.7,19175
2018,2.7,19177
2018,3.5,19179
2018,2.4,19181
2018,2.4,19183
2018,2.8,19185
2018,3.4,19187
2018,2.7,19189
2018,2.7,19191
2018,2.6,19193
2018,2.8,19195
2018,2.7,19197
2018,3.3,20000
2018,3.9,20001
2018,3.4,20003
2018,4.5,20005
2018,2.5,20007
2018,3.2,20009
2018,4.1,20011
2018,3,20013
2018,3.4,20015
2018,2.6,20017
2018,3.9,20019
2018,3.7,20021
2018,2.3,20023
2018,2.4,20025
2018,3.1,20027
2018,3.4,20029
2018,4.6,20031
2018,2.4,20033
2018,3.3,20035
2018,3.9,20037
2018,2.9,20039
2018,3.4,20041
2018,3.5,20043
2018,3,20045
2018,2.3,20047
2018,3.3,20049
2018,2.3,20051
2018,2.7,20053
2018,2.4,20055
2018,2.5,20057
2018,3.5,20059
2018,4.6,20061
2018,2.1,20063
2018,3.1,20065
2018,2.7,20067
2018,2,20069
2018,2,20071
2018,3.4,20073
2018,1.9,20075
2018,2.8,20077
2018,3.2,20079
2018,2.1,20081
2018,2.4,20083
2018,2.9,20085
2018,3.2,20087
2018,2.7,20089
2018,2.8,20091
2018,2.3,20093
2018,3.2,20095
2018,2.4,20097
2018,3.9,20099
2018,2.8,20101
2018,3.6,20103
2018,2.4,20105
2018,5.8,20107
2018,2.1,20109
2018,3.5,20111
2018,2.5,20113
2018,3.1,20115
2018,2.6,20117
2018,2,20119
2018,3.5,20121
2018,2.2,20123
2018,4.2,20125
2018,2.7,20127
2018,3.2,20129
2018,2.3,20131
2018,4.8,20133
2018,2.6,20135
2018,2.1,20137
2018,3.7,20139
2018,2.5,20141
2018,2.8,20143
2018,3.1,20145
2018,2.5,20147
2018,2.7,20149
2018,2.7,20151
2018,2,20153
2018,3.5,20155
2018,2.7,20157
2018,2.9,20159
2018,2.8,20161
2018,3.1,20163
2018,2.7,20165
2018,2.9,20167
2018,3,20169
2018,1.9,20171
2018,3.7,20173
2018,3.2,20175
2018,3.4,20177
2018,2.2,20179
2018,2.7,20181
2018,2.4,20183
2018,2.6,20185
2018,2.5,20187
2018,2.9,20189
2018,3.5,20191
2018,2.5,20193
2018,3.1,20195
2018,3.1,20197
2018,2.4,20199
2018,2.6,20201
2018,2.1,20203
2018,4.3,20205
2018,4.3,20207
2018,4.8,20209
2018,4.3,21000
2018,5,21001
2018,3.8,21003
2018,3.6,21005
2018,7,21007
2018,4.4,21009
2018,6.8,21011
2018,6.3,21013
2018,3.4,21015
2018,4,21017
2018,5.9,21019
2018,4.4,21021
2018,4.9,21023
2018,7.3,21025
2018,5.4,21027
2018,4,21029
2018,4.9,21031
2018,4.8,21033
2018,3.9,21035
2018,3.3,21037
2018,5,21039
2018,4.1,21041
2018,9.2,21043
2018,4.7,21045
2018,5.4,21047
2018,4.1,21049
2018,7,21051
2018,5.5,21053
2018,5.1,21055
2018,4.5,21057
2018,4,21059
2018,5.3,21061
2018,9.4,21063
2018,5.4,21065
2018,3.3,21067
2018,5.5,21069
2018,6.5,21071
2018,3.7,21073
2018,5.7,21075
2018,4.1,21077
2018,4.5,21079
2018,4.3,21081
2018,5,21083
2018,4.9,21085
2018,4.2,21087
2018,6.6,21089
2018,4.2,21091
2018,4.1,21093
2018,7.3,21095
2018,4.1,21097
2018,4,21099
2018,3.8,21101
2018,3.8,21103
2018,5.7,21105
2018,4.6,21107
2018,7,21109
2018,4,21111
2018,3.6,21113
2018,6.8,21115
2018,3.4,21117
2018,6.8,21119
2018,6.3,21121
2018,4.5,21123
2018,5.1,21125
2018,7.2,21127
2018,6.4,21129
2018,7.1,21131
2018,6.4,21133
2018,8.3,21135
2018,5,21137
2018,6.8,21139
2018,3.9,21141
2018,5,21143
2018,5.6,21145
2018,6.3,21147
2018,5,21149
2018,3.9,21151
2018,12.9,21153
2018,3.8,21155
2018,5.3,21157
2018,6.4,21159
2018,5.6,21161
2018,4.7,21163
2018,7.6,21165
2018,4.4,21167
2018,4.2,21169
2018,4.2,21171
2018,6,21173
2018,6.4,21175
2018,6.7,21177
2018,4.3,21179
2018,4.6,21181
2018,5.7,21183
2018,3.3,21185
2018,5,21187
2018,7.4,21189
2018,4.1,21191
2018,6.3,21193
2018,5.9,21195
2018,6,21197
2018,5,21199
2018,4.9,21201
2018,5,21203
2018,5.2,21205
2018,5.8,21207
2018,3.3,21209
2018,3.5,21211
2018,3.9,21213
2018,3.6,21215
2018,4.2,21217
2018,4,21219
2018,4.8,21221
2018,4.3,21223
2018,5,21225
2018,3.7,21227
2018,3.7,21229
2018,7,21231
2018,4.2,21233
2018,5,21235
2018,7.7,21237
2018,3.1,21239
2018,4.9,22000
2018,5.4,22001
2018,5.7,22003
2018,4.1,22005
2018,6.6,22007
2018,5.7,22009
2018,5.3,22011
2018,5.8,22013
2018,4.3,22015
2018,5.5,22017
2018,3.8,22019
2018,5.7,22021
2018,3.5,22023
2018,6.7,22025
2018,5.2,22027
2018,6.9,22029
2018,5.7,22031
2018,4.3,22033
2018,10.2,22035
2018,4.6,22037
2018,5.7,22039
2018,7.2,22041
2018,5.8,22043
2018,5.9,22045
2018,6.2,22047
2018,4.6,22049
2018,4.4,22051
2018,4.7,22053
2018,4.5,22055
2018,4.7,22057
2018,4.3,22059
2018,5.2,22061
2018,4,22063
2018,8.3,22065
2018,8.2,22067
2018,5.8,22069
2018,5,22071
2018,5.1,22073
2018,4.6,22075
2018,5.4,22077
2018,5.3,22079
2018,4.4,22081
2018,6.2,22083
2018,5.2,22085
2018,5,22087
2018,4.4,22089
2018,6.5,22091
2018,6.2,22093
2018,5.7,22095
2018,6.2,22097
2018,5.2,22099
2018,6.5,22101
2018,4.2,22103
2018,5.5,22105
2018,7.7,22107
2018,5,22109
2018,5.6,22111
2018,5.3,22113
2018,6.5,22115
2018,5.8,22117
2018,6.1,22119
2018,4.4,22121
2018,9,22123
2018,3.9,22125
2018,6.2,22127
2018,3.2,23000
2018,3.2,23001
2018,4.6,23003
2018,2.6,23005
2018,3.9,23007
2018,3.7,23009
2018,3.1,23011
2018,3.1,23013
2018,3.2,23015
2018,3.8,23017
2018,3.6,23019
2018,4,23021
2018,2.6,23023
2018,4.6,23025
2018,3.4,23027
2018,4.8,23029
2018,2.9,23031
2018,3.9,24000
2018,5.5,24001
2018,3.3,24003
2018,4.1,24005
2018,3.6,24009
2018,3.8,24011
2018,3.2,24013
2018,4.4,24015
2018,3.9,24017
2018,5.2,24019
2018,3.5,24021
2018,4.8,24023
2018,3.6,24025
2018,3,24027
2018,4.3,24029
2018,3.2,24031
2018,4.1,24033
2018,3.3,24035
2018,3.8,24037
2018,7,24039
2018,3.7,24041
2018,4.4,24043
2018,5.3,24045
2018,8.2,24047
2018,5.7,24510
2018,3.4,25000
2018,4.3,25001
2018,4.1,25003
2018,4.3,25005
2018,4.6,25007
2018,3.4,25009
2018,3,25011
2018,4.6,25013
2018,3,25015
2018,2.7,25017
2018,4.4,25019
2018,3,25021
2018,3.5,25023
2018,3,25025
2018,3.6,25027
2018,4.1,26000
2018,6.6,26001
2018,7.9,26003
2018,3.3,26005
2018,5.1,26007
2018,5.7,26009
2018,7.1,26011
2018,6.1,26013
2018,3.4,26015
2018,4.8,26017
2018,5.5,26019
2018,4.3,26021
2018,3.7,26023
2018,4.2,26025
2018,4.1,26027
2018,4.8,26029
2018,9.2,26031
2018,6.7,26033
2018,6.1,26035
2018,3.2,26037
2018,6,26039
2018,5.3,26041
2018,3.8,26043
2018,3.5,26045
2018,5.9,26047
2018,4.9,26049
2018,5.7,26051
2018,5.1,26053
2018,3.7,26055
2018,4.7,26057
2018,4,26059
2018,5.1,26061
2018,4.7,26063
2018,3.6,26065
2018,3.5,26067
2018,6.4,26069
2018,5.6,26071
2018,3.9,26073
2018,3.9,26075
2018,3.4,26077
2018,5.9,26079
2018,3,26081
2018,7,26083
2018,6.8,26085
2018,5.2,26087
2018,4.3,26089
2018,4.1,26091
2018,3.3,26093
2018,6.3,26095
2018,9.5,26097
2018,4,26099
2018,5.8,26101
2018,4.9,26103
2018,4.9,26105
2018,5,26107
2018,4,26109
2018,4,26111
2018,5.1,26113
2018,4.2,26115
2018,4.3,26117
2018,8.8,26119
2018,4.6,26121
2018,4.4,26123
2018,3.3,26125
2018,6.2,26127
2018,6.9,26129
2018,7.8,26131
2018,4.4,26133
2018,6.4,26135
2018,5.3,26137
2018,2.8,26139
2018,8,26141
2018,7.8,26143
2018,4.8,26145
2018,4.7,26147
2018,3.7,26149
2018,5.2,26151
2018,7.2,26153
2018,4.3,26155
2018,5.5,26157
2018,4.9,26159
2018,3.1,26161
2018,5.2,26163
2018,4.7,26165
2018,2.9,27000
2018,5.6,27001
2018,2.8,27003
2018,3.6,27005
2018,4.1,27007
2018,3.5,27009
2018,3.8,27011
2018,2.5,27013
2018,3.4,27015
2018,4.1,27017
2018,2.5,27019
2018,5.2,27021
2018,3.2,27023
2018,3.4,27025
2018,2.9,27027
2018,8.2,27029
2018,3.5,27031
2018,3.6,27033
2018,4,27035
2018,2.6,27037
2018,3,27039
2018,2.8,27041
2018,3.5,27043
2018,3.1,27045
2018,3.2,27047
2018,2.8,27049
2018,4,27051
2018,2.5,27053
2018,2.9,27055
2018,5,27057
2018,3.7,27059
2018,5.4,27061
2018,2.9,27063
2018,5.5,27065
2018,3,27067
2018,2.9,27069
2018,6.1,27071
2018,3.7,27073
2018,3.2,27075
2018,3.8,27077
2018,4.2,27079
2018,3,27081
2018,2.9,27083
2018,3.2,27085
2018,4.6,27087
2018,5.9,27089
2018,3.2,27091
2018,3.5,27093
2018,4.9,27095
2018,4.7,27097
2018,2.7,27099
2018,3.8,27101
2018,2.2,27103
2018,2.6,27105
2018,4.3,27107
2018,2.3,27109
2018,3.6,27111
2018,4.2,27113
2018,4.9,27115
2018,2.9,27117
2018,3.7,27119
2018,2.6,27121
2018,2.7,27123
2018,5.2,27125
2018,3.6,27127
2018,4,27129
2018,2.8,27131
2018,2.3,27133
2018,3.4,27135
2018,3.7,27137
2018,2.5,27139
2018,3.2,27141
2018,3.2,27143
2018,3,27145
2018,3,27147
2018,2.4,27149
2018,3.7,27151
2018,3.9,27153
2018,3.3,27155
2018,3,27157
2018,5.2,27159
2018,4.1,27161
2018,2.5,27163
2018,3.5,27165
2018,3,27167
2018,2.6,27169
2018,3,27171
2018,3,27173
2018,4.8,28000
2018,6.4,28001
2018,4.2,28003
2018,6.2,28005
2018,5.7,28007
2018,5.6,28009
2018,6.1,28011
2018,4.7,28013
2018,5.7,28015
2018,5,28017
2018,4.9,28019
2018,9.2,28021
2018,5.6,28023
2018,6.1,28025
2018,7.1,28027
2018,5.6,28029
2018,4.5,28031
2018,3.8,28033
2018,4.5,28035
2018,6,28037
2018,6.6,28039
2018,6.3,28041
2018,4.3,28043
2018,5.1,28045
2018,4.6,28047
2018,4.7,28049
2018,9,28051
2018,8.9,28053
2018,8.9,28055
2018,4.1,28057
2018,5.7,28059
2018,6,28061
2018,13.2,28063
2018,6.7,28065
2018,4.9,28067
2018,7.5,28069
2018,3.9,28071
2018,3.7,28073
2018,5,28075
2018,6,28077
2018,5.1,28079
2018,3.9,28081
2018,7,28083
2018,4.7,28085
2018,4.9,28087
2018,3.7,28089
2018,5.2,28091
2018,5,28093
2018,4.9,28095
2018,5.3,28097
2018,5.1,28099
2018,4.8,28101
2018,6.8,28103
2018,4.8,28105
2018,6.1,28107
2018,4.8,28109
2018,5.9,28111
2018,5.9,28113
2018,3.9,28115
2018,4.3,28117
2018,7.8,28119
2018,3.5,28121
2018,4,28123
2018,7.4,28125
2018,4.6,28127
2018,4.4,28129
2018,5.8,28131
2018,7.9,28133
2018,5.4,28135
2018,5,28137
2018,4.4,28139
2018,4.6,28141
2018,5.4,28143
2018,3.6,28145
2018,6.5,28147
2018,5.5,28149
2018,6.8,28151
2018,5.5,28153
2018,5,28155
2018,8.7,28157
2018,5.7,28159
2018,5,28161
2018,5.6,28163
2018,3.2,29000
2018,3.5,29001
2018,2.6,29003
2018,2.5,29005
2018,3,29007
2018,2.9,29009
2018,3,29011
2018,3.8,29013
2018,4.5,29015
2018,3.6,29017
2018,2.2,29019
2018,2.9,29021
2018,4.5,29023
2018,3.1,29025
2018,2.9,29027
2018,4.2,29029
2018,2.7,29031
2018,3.1,29033
2018,5,29035
2018,3,29037
2018,3.4,29039
2018,2.8,29041
2018,2.5,29043
2018,3.8,29045
2018,2.9,29047
2018,3.2,29049
2018,2.5,29051
2018,3.1,29053
2018,3.8,29055
2018,2.7,29057
2018,3.9,29059
2018,3,29061
2018,3.1,29063
2018,3.3,29065
2018,4.4,29067
2018,5.4,29069
2018,3,29071
2018,2.9,29073
2018,2.4,29075
2018,2.5,29077
2018,3.5,29079
2018,3,29081
2018,3.5,29083
2018,4.1,29085
2018,2.3,29087
2018,2.8,29089
2018,3.5,29091
2018,5.3,29093
2018,3.7,29095
2018,2.7,29097
2018,3.1,29099
2018,3.6,29101
2018,2.8,29103
2018,3.7,29105
2018,3.2,29107
2018,3,29109
2018,2.8,29111
2018,3.2,29113
2018,4.6,29115
2018,2.5,29117
2018,3,29119
2018,2.9,29121
2018,3.5,29123
2018,3.2,29125
2018,3.1,29127
2018,3,29129
2018,3.6,29131
2018,3.8,29133
2018,2.9,29135
2018,3.5,29137
2018,2.9,29139
2018,4.2,29141
2018,4.7,29143
2018,3,29145
2018,2.9,29147
2018,3.4,29149
2018,2.4,29151
2018,5.1,29153
2018,5.4,29155
2018,2.3,29157
2018,4.1,29159
2018,3,29161
2018,3.6,29163
2018,2.5,29165
2018,3.6,29167
2018,3.6,29169
2018,3.4,29171
2018,2.8,29173
2018,3.8,29175
2018,3.6,29177
2018,3.1,29179
2018,5.2,29181
2018,2.5,29183
2018,4.3,29185
2018,2.8,29186
2018,3.6,29187
2018,3,29189
2018,3,29195
2018,4,29197
2018,2.8,29199
2018,3.4,29201
2018,4.9,29203
2018,3,29205
2018,4.4,29207
2018,4.6,29209
2018,3.1,29211
2018,5.1,29213
2018,4,29215
2018,3.1,29217
2018,2.8,29219
2018,4.4,29221
2018,4.7,29223
2018,3.1,29225
2018,2.8,29227
2018,4.1,29229
2018,3.8,29510
2018,3.6,30000
2018,3,30001
2018,9.4,30003
2018,4.1,30005
2018,3.9,30007
2018,3.5,30009
2018,2.6,30011
2018,3.5,30013
2018,3,30015
2018,3,30017
2018,2,30019
2018,2.6,30021
2018,3.5,30023
2018,1.8,30025
2018,3.6,30027
2018,4.7,30029
2018,2.5,30031
2018,2.7,30033
2018,7.6,30035
2018,4.6,30037
2018,5.2,30039
2018,3.5,30041
2018,3.7,30043
2018,3.3,30045
2018,4.2,30047
2018,3.3,30049
2018,2.5,30051
2018,7.3,30053
2018,1.9,30055
2018,3.5,30057
2018,3.8,30059
2018,7,30061
2018,3.3,30063
2018,4.1,30065
2018,3.8,30067
2018,3.9,30069
2018,4.4,30071
2018,3.9,30073
2018,2.8,30075
2018,4,30077
2018,3.7,30079
2018,4.1,30081
2018,3,30083
2018,4.5,30085
2018,5.1,30087
2018,6.3,30089
2018,2.3,30091
2018,3.9,30093
2018,3.3,30095
2018,3,30097
2018,3.3,30099
2018,2.5,30101
2018,2.7,30103
2018,3,30105
2018,4.9,30107
2018,3.4,30109
2018,3.3,30111
2018,2.9,31000
2018,3,31001
2018,2.5,31003
2018,5,31005
2018,3.7,31007
2018,4.6,31009
2018,2.3,31011
2018,2.9,31013
2018,3.1,31015
2018,3.5,31017
2018,2.4,31019
2018,3.5,31021
2018,2.4,31023
2018,3.1,31025
2018,2.4,31027
2018,2.2,31029
2018,2.2,31031
2018,2.9,31033
2018,3.2,31035
2018,2.5,31037
2018,2.6,31039
2018,2.2,31041
2018,3.7,31043
2018,2.7,31045
2018,2.9,31047
2018,3,31049
2018,3.2,31051
2018,2.9,31053
2018,3.2,31055
2018,2.3,31057
2018,2.6,31059
2018,3.1,31061
2018,2.6,31063
2018,2.7,31065
2018,3.3,31067
2018,2.5,31069
2018,2.5,31071
2018,2.6,31073
2018,2.6,31075
2018,2.7,31077
2018,3.3,31079
2018,2.6,31081
2018,2.4,31083
2018,2.2,31085
2018,3.5,31087
2018,2.6,31089
2018,3.7,31091
2018,3.1,31093
2018,2.6,31095
2018,3.7,31097
2018,2.1,31099
2018,3.1,31101
2018,2.2,31103
2018,2.8,31105
2018,3.2,31107
2018,2.7,31109
2018,3.1,31111
2018,3,31113
2018,3.3,31115
2018,2.7,31117
2018,2.6,31119
2018,2.9,31121
2018,2.8,31123
2018,2.5,31125
2018,3.5,31127
2018,2.8,31129
2018,3,31131
2018,2.6,31133
2018,2,31135
2018,2.3,31137
2018,2.7,31139
2018,2.8,31141
2018,2.5,31143
2018,2.5,31145
2018,3.1,31147
2018,2.5,31149
2018,3.1,31151
2018,2.8,31153
2018,2.9,31155
2018,3.4,31157
2018,2.7,31159
2018,2.6,31161
2018,2.7,31163
2018,2.7,31165
2018,2.6,31167
2018,2.3,31169
2018,3,31171
2018,4.2,31173
2018,3,31175
2018,2.9,31177
2018,2.5,31179
2018,2.9,31181
2018,2.4,31183
2018,2.6,31185
2018,4.4,32000
2018,3.8,32001
2018,4.7,32003
2018,4.2,32005
2018,3.1,32007
2018,5,32009
2018,2.6,32011
2018,3.3,32013
2018,3.5,32015
2018,4.4,32017
2018,5.4,32019
2018,5.2,32021
2018,5.6,32023
2018,4,32027
2018,4.3,32029
2018,3.5,32031
2018,3.6,32033
2018,4.6,32510
2018,2.6,33000
2018,2.6,33001
2018,2.6,33003
2018,2.6,33005
2018,3.2,33007
2018,2.1,33009
2018,2.7,33011
2018,2.2,33013
2018,2.8,33015
2018,2.3,33017
2018,2.2,33019
2018,4.1,34000
2018,5.8,34001
2018,3.4,34003
2018,3.7,34005
2018,4.6,34007
2018,8.4,34009
2018,6.4,34011
2018,5.1,34013
2018,4.2,34015
2018,3.8,34017
2018,3.2,34019
2018,3.6,34021
2018,3.6,34023
2018,3.6,34025
2018,3.2,34027
2018,4.2,34029
2018,5,34031
2018,5.4,34033
2018,3.4,34035
2018,3.9,34037
2018,4.3,34039
2018,3.8,34041
2018,4.9,35000
2018,4.5,35001
2018,6.3,35003
2018,4.8,35005
2018,6.2,35006
2018,4.8,35007
2018,4,35009
2018,4.5,35011
2018,5.6,35013
2018,3.3,35015
2018,4.8,35017
2018,5.4,35019
2018,5.1,35021
2018,3.7,35023
2018,4.1,35025
2018,4.5,35027
2018,3.4,35028
2018,11.7,35029
2018,7,35031
2018,6,35033
2018,4.9,35035
2018,4.7,35037
2018,5.2,35039
2018,4.3,35041
2018,4.9,35043
2018,5.7,35045
2018,5.9,35047
2018,4.1,35049
2018,6.9,35051
2018,5.2,35053
2018,6.4,35055
2018,7.5,35057
2018,3.3,35059
2018,5.4,35061
2018,4.1,36000
2018,3.7,36001
2018,5.6,36003
2018,5.8,36005
2018,4.9,36007
2018,5.3,36009
2018,4.5,36011
2018,5,36013
2018,4.6,36015
2018,4.7,36017
2018,4.4,36019
2018,3.3,36021
2018,5.1,36023
2018,4.8,36025
2018,3.7,36027
2018,4.4,36029
2018,4.8,36031
2018,5.1,36033
2018,5.1,36035
2018,4.2,36037
2018,4.6,36039
2018,6.9,36041
2018,4.9,36043
2018,5.6,36045
2018,4.3,36047
2018,5.6,36049
2018,4.3,36051
2018,4.8,36053
2018,4.3,36055
2018,5.2,36057
2018,3.5,36059
2018,3.7,36061
2018,5.2,36063
2018,4.5,36065
2018,4,36067
2018,3.9,36069
2018,3.9,36071
2018,5,36073
2018,5.5,36075
2018,4.4,36077
2018,3.7,36079
2018,3.7,36081
2018,3.9,36083
2018,4.2,36085
2018,3.7,36087
2018,5.6,36089
2018,3.5,36091
2018,4,36093
2018,4.8,36095
2018,5.1,36097
2018,3.9,36099
2018,4.9,36101
2018,3.8,36103
2018,4.1,36105
2018,4.4,36107
2018,3.6,36109
2018,3.9,36111
2018,4.7,36113
2018,4.2,36115
2018,4.1,36117
2018,3.9,36119
2018,4.6,36121
2018,3.8,36123
2018,4,37000
2018,3.8,37001
2018,3.2,37003
2018,4.6,37005
2018,4.5,37007
2018,3.6,37009
2018,3.7,37011
2018,4.6,37013
2018,5,37015
2018,5.3,37017
2018,5.3,37019
2018,3,37021
2018,3.6,37023
2018,3.6,37025
2018,3.9,37027
2018,3.8,37029
2018,4.4,37031
2018,4.4,37033
2018,3.6,37035
2018,3.4,37037
2018,4.5,37039
2018,4.5,37041
2018,4.4,37043
2018,4,37045
2018,5,37047
2018,4.3,37049
2018,5.2,37051
2018,3.6,37053
2018,5.2,37055
2018,3.7,37057
2018,3.5,37059
2018,4.3,37061
2018,3.6,37063
2018,6.9,37065
2018,3.9,37067
2018,4.1,37069
2018,4,37071
2018,4,37073
2018,5.9,37075
2018,3.4,37077
2018,3.9,37079
2018,4.2,37081
2018,6.1,37083
2018,4.7,37085
2018,3.4,37087
2018,3.3,37089
2018,5.1,37091
2018,5.1,37093
2018,8.3,37095
2018,3.7,37097
2018,4.2,37099
2018,3.7,37101
2018,4.2,37103
2018,4.4,37105
2018,4,37107
2018,3.5,37109
2018,3.4,37111
2018,4,37113
2018,3.7,37115
2018,5,37117
2018,3.8,37119
2018,4.5,37121
2018,4,37123
2018,3.9,37125
2018,5.1,37127
2018,3.8,37129
2018,5.1,37131
2018,4.9,37133
2018,3.3,37135
2018,4.2,37137
2018,4.8,37139
2018,4.2,37141
2018,4.9,37143
2018,4.2,37145
2018,4.3,37147
2018,3.8,37149
2018,3.8,37151
2018,5.5,37153
2018,5.9,37155
2018,4.6,37157
2018,4,37159
2018,5.1,37161
2018,4.1,37163
2018,7.4,37165
2018,3.6,37167
2018,3.7,37169
2018,3.5,37171
2018,4.3,37173
2018,3.8,37175
2018,6.3,37177
2018,3.5,37179
2018,5.8,37181
2018,3.4,37183
2018,6,37185
2018,6,37187
2018,3.5,37189
2018,4.3,37191
2018,3.8,37193
2018,6.2,37195
2018,3.4,37197
2018,3.6,37199
2018,2.6,38000
2018,2,38001
2018,2.7,38003
2018,3.8,38005
2018,2.8,38007
2018,3.3,38009
2018,1.8,38011
2018,2.3,38013
2018,2.6,38015
2018,2.3,38017
2018,2.6,38019
2018,1.8,38021
2018,1.3,38023
2018,1.6,38025
2018,4.9,38027
2018,4.8,38029
2018,2.6,38031
2018,1.9,38033
2018,2.2,38035
2018,2.6,38037
2018,2.2,38039
2018,2,38041
2018,4.4,38043
2018,1.9,38045
2018,2.5,38047
2018,3.9,38049
2018,2.6,38051
2018,1.7,38053
2018,3.3,38055
2018,4.2,38057
2018,3.2,38059
2018,1.6,38061
2018,3.3,38063
2018,4,38065
2018,3.9,38067
2018,3.2,38069
2018,2.8,38071
2018,1.9,38073
2018,2.4,38075
2018,2.6,38077
2018,9.3,38079
2018,1.9,38081
2018,4.5,38083
2018,4,38085
2018,2.3,38087
2018,2.4,38089
2018,2,38091
2018,2.5,38093
2018,2.5,38095
2018,2.6,38097
2018,3.1,38099
2018,2.8,38101
2018,3,38103
2018,2,38105
2018,4.5,39000
2018,7,39001
2018,4.5,39003
2018,4.6,39005
2018,5.2,39007
2018,5.6,39009
2018,3.3,39011
2018,5.5,39013
2018,5.4,39015
2018,4.1,39017
2018,5.3,39019
2018,3.8,39021
2018,4.6,39023
2018,4.1,39025
2018,5.2,39027
2018,5.1,39029
2018,6.2,39031
2018,5.2,39033
2018,4.8,39035
2018,3.9,39037
2018,4.4,39039
2018,3.4,39041
2018,5.6,39043
2018,4.1,39045
2018,4.1,39047
2018,3.8,39049
2018,4.4,39051
2018,6,39053
2018,3.9,39055
2018,4,39057
2018,5.5,39059
2018,4.1,39061
2018,3.4,39063
2018,4.4,39065
2018,5.2,39067
2018,4.9,39069
2018,5.5,39071
2018,5.1,39073
2018,3.3,39075
2018,5.9,39077
2018,6.5,39079
2018,6.3,39081
2018,4.3,39083
2018,4.3,39085
2018,5.6,39087
2018,4,39089
2018,3.7,39091
2018,4.9,39093
2018,5.2,39095
2018,3.8,39097
2018,5.9,39099
2018,4.4,39101
2018,3.9,39103
2018,7.2,39105
2018,2.7,39107
2018,3.9,39109
2018,7.7,39111
2018,4.5,39113
2018,6,39115
2018,4.6,39117
2018,5.3,39119
2018,6.6,39121
2018,6.3,39123
2018,4.1,39125
2018,5.6,39127
2018,4.3,39129
2018,6.5,39131
2018,4.5,39133
2018,4.1,39135
2018,3.3,39137
2018,4.9,39139
2018,4.5,39141
2018,4.5,39143
2018,6.7,39145
2018,4.4,39147
2018,3.7,39149
2018,4.9,39151
2018,4.6,39153
2018,6.2,39155
2018,4.5,39157
2018,3.5,39159
2018,3.5,39161
2018,6.2,39163
2018,3.8,39165
2018,5.6,39167
2018,3.6,39169
2018,3.6,39171
2018,4,39173
2018,3.2,39175
2018,3.4,40000
2018,4.2,40001
2018,2.2,40003
2018,4.2,40005
2018,2,40007
2018,2.6,40009
2018,2,40011
2018,3.2,40013
2018,3.6,40015
2018,2.8,40017
2018,3.5,40019
2018,4.2,40021
2018,5,40023
2018,1.9,40025
2018,2.9,40027
2018,3.7,40029
2018,3.9,40031
2018,3.1,40033
2018,3.5,40035
2018,3.8,40037
2018,2.4,40039
2018,4,40041
2018,1.9,40043
2018,2.2,40045
2018,3.1,40047
2018,3.3,40049
2018,3.1,40051
2018,2.1,40053
2018,4.1,40055
2018,2.9,40057
2018,2.3,40059
2018,5.1,40061
2018,4.2,40063
2018,3,40065
2018,3.4,40067
2018,3,40069
2018,4.7,40071
2018,2.1,40073
2018,4.2,40075
2018,6,40077
2018,4.6,40079
2018,3.6,40081
2018,3.1,40083
2018,2.2,40085
2018,2.8,40087
2018,5.5,40089
2018,5.9,40091
2018,2.1,40093
2018,3.8,40095
2018,3.4,40097
2018,2.9,40099
2018,4,40101
2018,2.6,40103
2018,4.2,40105
2018,4.8,40107
2018,3.3,40109
2018,5,40111
2018,4.3,40113
2018,3.5,40115
2018,4.2,40117
2018,3,40119
2018,3.9,40121
2018,3.1,40123
2018,3.7,40125
2018,5.2,40127
2018,2.4,40129
2018,3.3,40131
2018,4.8,40133
2018,4.3,40135
2018,4,40137
2018,2.7,40139
2018,3.7,40141
2018,3.4,40143
2018,3.3,40145
2018,3.9,40147
2018,3.1,40149
2018,2.2,40151
2018,2.7,40153
2018,4.1,41000
2018,5.3,41001
2018,3.1,41003
2018,3.7,41005
2018,4,41007
2018,5,41009
2018,5.3,41011
2018,5.9,41013
2018,6,41015
2018,4.1,41017
2018,5.3,41019
2018,3.8,41021
2018,7,41023
2018,5.9,41025
2018,3.3,41027
2018,4.7,41029
2018,5.4,41031
2018,5.4,41033
2018,6.2,41035
2018,5.5,41037
2018,4.4,41039
2018,4.8,41041
2018,4.6,41043
2018,4.5,41045
2018,4.2,41047
2018,4.2,41049
2018,3.6,41051
2018,4.3,41053
2018,4,41055
2018,4.3,41057
2018,4.9,41059
2018,5.3,41061
2018,5.8,41063
2018,4.2,41065
2018,3.4,41067
2018,3.3,41069
2018,3.7,41071
2018,4.2,42000
2018,3.3,42001
2018,4,42003
2018,5,42005
2018,4.5,42007
2018,4.4,42009
2018,4.1,42011
2018,4.2,42013
2018,4.3,42015
2018,3.7,42017
2018,3.8,42019
2018,5.1,42021
2018,4.9,42023
2018,5,42025
2018,3.2,42027
2018,3.1,42029
2018,4.8,42031
2018,4.9,42033
2018,5.2,42035
2018,4.7,42037
2018,4.6,42039
2018,3.3,42041
2018,3.9,42043
2018,4,42045
2018,3.8,42047
2018,4.6,42049
2018,5.8,42051
2018,6.2,42053
2018,3.7,42055
2018,3.9,42057
2018,4.8,42059
2018,5.2,42061
2018,4.9,42063
2018,4.6,42065
2018,4,42067
2018,4.5,42069
2018,3.4,42071
2018,5,42073
2018,3.7,42075
2018,4.6,42077
2018,5.4,42079
2018,4.7,42081
2018,4.8,42083
2018,4.7,42085
2018,4.6,42087
2018,5.3,42089
2018,3.4,42091
2018,3.4,42093
2018,4.4,42095
2018,5.2,42097
2018,3.7,42099
2018,5.5,42101
2018,5.3,42103
2018,5.3,42105
2018,5.1,42107
2018,3.9,42109
2018,5,42111
2018,4.9,42113
2018,4,42115
2018,5.1,42117
2018,3.7,42119
2018,4.9,42121
2018,4.4,42123
2018,4.3,42125
2018,4.7,42127
2018,4.4,42129
2018,4.5,42131
2018,3.8,42133
2018,4,44000
2018,3.4,44001
2018,3.6,44003
2018,3.5,44005
2018,4.3,44007
2018,3.5,44009
2018,3.5,45000
2018,4,45001
2018,3.4,45003
2018,5.8,45005
2018,3.3,45007
2018,6.5,45009
2018,4.8,45011
2018,3.3,45013
2018,3.1,45015
2018,4.3,45017
2018,2.8,45019
2018,3.7,45021
2018,4.9,45023
2018,3.3,45025
2018,4.7,45027
2018,4,45029
2018,4.1,45031
2018,4.9,45033
2018,3,45035
2018,3.5,45037
2018,6.3,45039
2018,3.6,45041
2018,4.6,45043
2018,2.9,45045
2018,3.7,45047
2018,3.4,45049
2018,4.3,45051
2018,3,45053
2018,3.6,45055
2018,3.8,45057
2018,3.6,45059
2018,4.6,45061
2018,2.9,45063
2018,3.5,45065
2018,5.6,45067
2018,5.1,45069
2018,3.1,45071
2018,3.4,45073
2018,5.8,45075
2018,3.4,45077
2018,3.5,45079
2018,3.1,45081
2018,3.1,45083
2018,4.1,45085
2018,4.2,45087
2018,5.5,45089
2018,3.3,45091
2018,3.1,46000
2018,2.9,46003
2018,2.7,46005
2018,4.5,46007
2018,2.6,46009
2018,2.9,46011
2018,2.9,46013
2018,2.7,46015
2018,6.1,46017
2018,3.3,46019
2018,4.1,46021
2018,3.2,46023
2018,4,46025
2018,2.9,46027
2018,3.1,46029
2018,4.1,46031
2018,4.1,46033
2018,2.6,46035
2018,4.3,46037
2018,4.5,46039
2018,8.8,46041
2018,2.7,46043
2018,2.7,46045
2018,3.8,46047
2018,3,46049
2018,3.2,46051
2018,3.3,46053
2018,2.6,46055
2018,3.2,46057
2018,2.3,46059
2018,4.7,46061
2018,2.5,46063
2018,2.6,46065
2018,2.8,46067
2018,2.9,46069
2018,5,46071
2018,2.5,46073
2018,2.7,46075
2018,2.9,46077
2018,3.4,46079
2018,3,46081
2018,2.4,46083
2018,4.2,46085
2018,2.6,46087
2018,3.9,46089
2018,3.9,46091
2018,3.4,46093
2018,4.9,46095
2018,2.8,46097
2018,2.7,46099
2018,3,46101
2018,10.5,46102
2018,3.1,46103
2018,2.9,46105
2018,3.6,46107
2018,4.4,46109
2018,3,46111
2018,3.5,46115
2018,2.7,46117
2018,2.6,46119
2018,6.3,46121
2018,2.5,46123
2018,2.8,46125
2018,3.2,46127
2018,5,46129
2018,2.7,46135
2018,5.3,46137
2018,3.5,47000
2018,3.8,47001
2018,3.8,47003
2018,4.9,47005
2018,6,47007
2018,3.2,47009
2018,3.6,47011
2018,4.8,47013
2018,3.2,47015
2018,5,47017
2018,4.2,47019
2018,2.8,47021
2018,3.8,47023
2018,4.3,47025
2018,4.9,47027
2018,4.7,47029
2018,3.6,47031
2018,3.9,47033
2018,4.4,47035
2018,2.7,47037
2018,5.1,47039
2018,4.5,47041
2018,3.1,47043
2018,4.6,47045
2018,3.8,47047
2018,4.2,47049
2018,3.4,47051
2018,4.4,47053
2018,3.7,47055
2018,4,47057
2018,4.7,47059
2018,4.5,47061
2018,3.8,47063
2018,3.4,47065
2018,4.9,47067
2018,4.9,47069
2018,4.4,47071
2018,4,47073
2018,5.4,47075
2018,4.7,47077
2018,4.2,47079
2018,3.3,47081
2018,5.5,47083
2018,4.3,47085
2018,4.7,47087
2018,3.8,47089
2018,3.5,47091
2018,3,47093
2018,5.2,47095
2018,5.8,47097
2018,4,47099
2018,4.5,47101
2018,3.1,47103
2018,3.4,47105
2018,4.1,47107
2018,5.5,47109
2018,3.2,47111
2018,3.8,47113
2018,4.7,47115
2018,3.5,47117
2018,3.2,47119
2018,4.6,47121
2018,3.7,47123
2018,3.9,47125
2018,3.1,47127
2018,4.5,47129
2018,5,47131
2018,3.8,47133
2018,4.3,47135
2018,3.9,47137
2018,4.2,47139
2018,3.6,47141
2018,5.7,47143
2018,4.2,47145
2018,3.2,47147
2018,2.7,47149
2018,4.4,47151
2018,4.3,47153
2018,3.5,47155
2018,4.2,47157
2018,3.1,47159
2018,5,47161
2018,3.7,47163
2018,2.8,47165
2018,4.2,47167
2018,3.3,47169
2018,4.9,47171
2018,4.1,47173
2018,4.8,47175
2018,4,47177
2018,3.6,47179
2018,4.8,47181
2018,4.2,47183
2018,3.6,47185
2018,2.5,47187
2018,2.8,47189
2018,3.8,48000
2018,3.1,48001
2018,2.4,48003
2018,4.3,48005
2018,5.9,48007
2018,3,48009
2018,2.7,48011
2018,3.7,48013
2018,3.6,48015
2018,4.4,48017
2018,3.4,48019
2018,3.4,48021
2018,3.2,48023
2018,5.1,48025
2018,4.1,48027
2018,3.3,48029
2018,2.6,48031
2018,3.2,48033
2018,3.7,48035
2018,4.9,48037
2018,4.5,48039
2018,2.8,48041
2018,3.3,48043
2018,3.8,48045
2018,6.4,48047
2018,3.7,48049
2018,3.6,48051
2018,2.9,48053
2018,3.6,48055
2018,4.1,48057
2018,3.3,48059
2018,6.1,48061
2018,4.9,48063
2018,2.8,48065
2018,5,48067
2018,2.8,48069
2018,5.4,48071
2018,4.1,48073
2018,2.6,48075
2018,3.1,48077
2018,4.3,48079
2018,3.4,48081
2018,3.9,48083
2018,3.3,48085
2018,3.1,48087
2018,3.3,48089
2018,3.2,48091
2018,3.6,48093
2018,3.6,48095
2018,3.1,48097
2018,4.2,48099
2018,4.3,48101
2018,3.8,48103
2018,2.9,48105
2018,4.6,48107
2018,3.1,48109
2018,2,48111
2018,3.8,48113
2018,4.3,48115
2018,2.8,48117
2018,3.4,48119
2018,3.2,48121
2018,3.1,48123
2018,4.2,48125
2018,3,48127
2018,3.4,48129
2018,5.2,48131
2018,3.3,48133
2018,2.7,48135
2018,2.8,48137
2018,3.3,48139
2018,4.2,48141
2018,3.1,48143
2018,3.9,48145
2018,3.1,48147
2018,2.8,48149
2018,3.2,48151
2018,5.2,48153
2018,2.9,48155
2018,3.9,48157
2018,4.1,48159
2018,5.8,48161
2018,2.8,48163
2018,2.5,48165
2018,4.6,48167
2018,2.9,48169
2018,2.5,48171
2018,2,48173
2018,3.8,48175
2018,3,48177
2018,3.9,48179
2018,3.3,48181
2018,4.1,48183
2018,4.1,48185
2018,3.1,48187
2018,4.7,48189
2018,4.4,48191
2018,3.3,48193
2018,2.3,48195
2018,3.6,48197
2018,5.1,48199
2018,4.4,48201
2018,4.3,48203
2018,1.8,48205
2018,3.8,48207
2018,2.9,48209
2018,2,48211
2018,3.7,48213
2018,6.5,48215
2018,3.6,48217
2018,3.1,48219
2018,3.7,48221
2018,3.4,48223
2018,3.7,48225
2018,3.3,48227
2018,4.6,48229
2018,3.8,48231
2018,4.9,48233
2018,3,48235
2018,2.5,48237
2018,3.2,48239
2018,6.5,48241
2018,2.9,48243
2018,6.3,48245
2018,5.6,48247
2018,5.4,48249
2018,3.4,48251
2018,4.8,48253
2018,2.8,48255
2018,3.4,48257
2018,2.9,48259
2018,3.6,48261
2018,2.4,48263
2018,3.2,48265
2018,3,48267
2018,2.8,48269
2018,4.4,48271
2018,4.9,48273
2018,3.6,48275
2018,3.8,48277
2018,4.4,48279
2018,3.7,48281
2018,2.4,48283
2018,3.1,48285
2018,3,48287
2018,5,48289
2018,5.8,48291
2018,4.6,48293
2018,2.7,48295
2018,3.7,48297
2018,3.7,48299
2018,1.5,48301
2018,3,48303
2018,3.2,48305
2018,3.3,48307
2018,3.6,48309
2018,1.8,48311
2018,4.4,48313
2018,4.5,48315
2018,2.5,48317
2018,3.1,48319
2018,6.1,48321
2018,8.1,48323
2018,3.5,48325
2018,4,48327
2018,2.1,48329
2018,5.5,48331
2018,3.5,48333
2018,4.1,48335
2018,3.2,48337
2018,3.7,48339
2018,2.6,48341
2018,6.5,48343
2018,3.7,48345
2018,3.9,48347
2018,3.7,48349
2018,6.7,48351
2018,3.3,48353
2018,4.6,48355
2018,2.8,48357
2018,2.6,48359
2018,5.7,48361
2018,3.3,48363
2018,4.1,48365
2018,3.1,48367
2018,2.3,48369
2018,3.6,48371
2018,5,48373
2018,2.9,48375
2018,6.9,48377
2018,3.5,48379
2018,2.6,48381
2018,2.5,48383
2018,5,48385
2018,5.4,48387
2018,2.1,48389
2018,4.6,48391
2018,2.8,48393
2018,4.1,48395
2018,3.2,48397
2018,3.1,48399
2018,4,48401
2018,7.9,48403
2018,6.4,48405
2018,4.9,48407
2018,6.3,48409
2018,3,48411
2018,2.8,48413
2018,3.4,48415
2018,2.3,48417
2018,4.3,48419
2018,2.6,48421
2018,3.6,48423
2018,4.1,48425
2018,10,48427
2018,3.6,48429
2018,3.3,48431
2018,3.4,48433
2018,3.8,48435
2018,4.3,48437
2018,3.5,48439
2018,3.1,48441
2018,3.4,48443
2018,4.1,48445
2018,3.3,48447
2018,5,48449
2018,3.1,48451
2018,2.8,48453
2018,5.1,48455
2018,6.6,48457
2018,4.2,48459
2018,3.4,48461
2018,4.2,48463
2018,3.8,48465
2018,3.5,48467
2018,3.8,48469
2018,4.2,48471
2018,4.2,48473
2018,2.5,48475
2018,3.6,48477
2018,3.7,48479
2018,3.7,48481
2018,3.1,48483
2018,3.4,48485
2018,4.1,48487
2018,9.8,48489
2018,3,48491
2018,3.1,48493
2018,2.8,48495
2018,3.4,48497
2018,4.2,48499
2018,2.9,48501
2018,3.2,48503
2018,5.5,48505
2018,9.6,48507
2018,3,49000
2018,3.4,49001
2018,2.9,49003
2018,2.6,49005
2018,4.4,49007
2018,4.3,49009
2018,2.9,49011
2018,4.4,49013
2018,4.7,49015
2018,7.6,49017
2018,4.6,49019
2018,3.5,49021
2018,2.9,49023
2018,3.1,49025
2018,3.2,49027
2018,2.7,49029
2018,5.2,49031
2018,3.2,49033
2018,2.9,49035
2018,6.1,49037
2018,3.6,49039
2018,3.5,49041
2018,3,49043
2018,3.3,49045
2018,4.6,49047
2018,2.8,49049
2018,3.1,49051
2018,3.3,49053
2018,5.9,49055
2018,3.4,49057
2018,2.5,50000
2018,2.4,50001
2018,3,50003
2018,3.1,50005
2018,2,50007
2018,3.5,50009
2018,2.4,50011
2018,3.1,50013
2018,3.4,50015
2018,2.5,50017
2018,4.3,50019
2018,3,50021
2018,2.5,50023
2018,2.7,50025
2018,2.2,50027
2018,3,51000
2018,3.9,51001
2018,2.7,51003
2018,3.8,51005
2018,3.3,51007
2018,3.3,51009
2018,3.7,51011
2018,2,51013
2018,2.8,51015
2018,2.5,51017
2018,3.1,51019
2018,3.2,51021
2018,2.7,51023
2018,5,51025
2018,5.5,51027
2018,4.5,51029
2018,3.4,51031
2018,3.5,51033
2018,3.7,51035
2018,4.1,51036
2018,3.7,51037
2018,3,51041
2018,2.9,51043
2018,3.6,51045
2018,2.9,51047
2018,3.3,51049
2018,5.2,51051
2018,3.6,51053
2018,3.9,51057
2018,2.5,51059
2018,2.6,51061
2018,2.8,51063
2018,2.5,51065
2018,3.1,51067
2018,2.6,51069
2018,3.4,51071
2018,2.7,51073
2018,3,51075
2018,3.1,51077
2018,2.6,51079
2018,3.7,51081
2018,4.2,51083
2018,2.7,51085
2018,3,51087
2018,3.8,51089
2018,2.8,51091
2018,3,51093
2018,2.9,51095
2018,3.1,51097
2018,3,51099
2018,3,51101
2018,4.4,51103
2018,4.2,51105
2018,2.5,51107
2018,2.8,51109
2018,3.3,51111
2018,2.5,51113
2018,3,51115
2018,4.1,51117
2018,2.7,51119
2018,3,51121
2018,3.1,51125
2018,2.8,51127
2018,5.5,51131
2018,4.5,51133
2018,3.1,51135
2018,3.1,51137
2018,4.2,51139
2018,3.9,51141
2018,3.6,51143
2018,2.7,51145
2018,3.9,51147
2018,3.7,51149
2018,2.8,51153
2018,3.5,51155
2018,2.8,51157
2018,3.2,51159
2018,2.8,51161
2018,3,51163
2018,2.7,51165
2018,4.3,51167
2018,3.3,51169
2018,2.9,51171
2018,4,51173
2018,2.8,51175
2018,3.1,51177
2018,3,51179
2018,3.5,51181
2018,5,51183
2018,4.5,51185
2018,3.1,51187
2018,3.4,51191
2018,3.7,51193
2018,5,51195
2018,3.8,51197
2018,2.8,51199
2018,2.3,51510
2018,3.8,51520
2018,3.2,51530
2018,2.6,51540
2018,3.1,51550
2018,3.4,51570
2018,4.8,51580
2018,5.1,51590
2018,4.8,51595
2018,2.3,51600
2018,2.2,51610
2018,4.4,51620
2018,3.5,51630
2018,3.5,51640
2018,4.1,51650
2018,3.5,51660
2018,4.9,51670
2018,4.8,51678
2018,4.1,51680
2018,2.7,51683
2018,2.8,51685
2018,4.7,51690
2018,3.7,51700
2018,3.7,51710
2018,4,51720
2018,6.2,51730
2018,2.7,51735
2018,4.1,51740
2018,3.9,51750
2018,3.6,51760
2018,3.3,51770
2018,3,51775
2018,2.9,51790
2018,3.3,51800
2018,2.9,51810
2018,3.3,51820
2018,4.1,51830
2018,3,51840
2018,4.5,53000
2018,5.6,53001
2018,4.4,53003
2018,5.4,53005
2018,4.7,53007
2018,6.5,53009
2018,4.9,53011
2018,5.7,53013
2018,6.1,53015
2018,5.5,53017
2018,11.9,53019
2018,6.2,53021
2018,6,53023
2018,6.4,53025
2018,6.9,53027
2018,5.4,53029
2018,5.9,53031
2018,3.2,53033
2018,4.7,53035
2018,5.6,53037
2018,5.8,53039
2018,6.4,53041
2018,5,53043
2018,6.5,53045
2018,6.6,53047
2018,7.1,53049
2018,7.3,53051
2018,5.3,53053
2018,4,53055
2018,5.3,53057
2018,5.7,53059
2018,3.5,53061
2018,5.4,53063
2018,7.3,53065
2018,4.9,53067
2018,6.8,53069
2018,4.8,53071
2018,4.9,53073
2018,4.5,53075
2018,6.5,53077
2018,5.2,54000
2018,6,54001
2018,4,54003
2018,6.1,54005
2018,7,54007
2018,6.1,54009
2018,4.7,54011
2018,10.4,54013
2018,8.4,54015
2018,3.9,54017
2018,6.3,54019
2018,6.3,54021
2018,5.7,54023
2018,5,54025
2018,4.2,54027
2018,5.8,54029
2018,5.5,54031
2018,4.5,54033
2018,4,54035
2018,3.3,54037
2018,5.1,54039
2018,5.5,54041
2018,6.9,54043
2018,6.9,54045
2018,9.3,54047
2018,5.7,54049
2018,5.8,54051
2018,6.9,54053
2018,6.2,54055
2018,5.5,54057
2018,7.5,54059
2018,4.1,54061
2018,4.8,54063
2018,4.3,54065
2018,6.4,54067
2018,4.6,54069
2018,3.7,54071
2018,6.2,54073
2018,6.1,54075
2018,5.2,54077
2018,4.9,54079
2018,5.2,54081
2018,5.5,54083
2018,5.3,54085
2018,7.8,54087
2018,6.1,54089
2018,4.8,54091
2018,5.5,54093
2018,7.2,54095
2018,5.7,54097
2018,5.9,54099
2018,6.3,54101
2018,7.1,54103
2018,6.9,54105
2018,5.4,54107
2018,6.9,54109
2018,3,55000
2018,4.7,55001
2018,4.3,55003
2018,3.4,55005
2018,4.9,55007
2018,2.7,55009
2018,3.4,55011
2018,4.6,55013
2018,2.6,55015
2018,3.3,55017
2018,2.9,55019
2018,2.7,55021
2018,3.7,55023
2018,2.2,55025
2018,2.6,55027
2018,3.6,55029
2018,4,55031
2018,3.1,55033
2018,2.6,55035
2018,3.8,55037
2018,2.6,55039
2018,4.8,55041
2018,2.8,55043
2018,2.6,55045
2018,3.3,55047
2018,2.6,55049
2018,5.8,55051
2018,3.1,55053
2018,2.9,55055
2018,3.1,55057
2018,3.5,55059
2018,2.9,55061
2018,2.6,55063
2018,2.3,55065
2018,4,55067
2018,3.1,55069
2018,3.1,55071
2018,2.6,55073
2018,4,55075
2018,3.5,55077
2018,5.7,55078
2018,3.6,55079
2018,2.7,55081
2018,3.3,55083
2018,3.6,55085
2018,2.8,55087
2018,2.5,55089
2018,3.3,55091
2018,3.2,55093
2018,3.7,55095
2018,3,55097
2018,3.7,55099
2018,3.6,55101
2018,2.6,55103
2018,3.2,55105
2018,4,55107
2018,3,55109
2018,2.6,55111
2018,4.3,55113
2018,3,55115
2018,2.5,55117
2018,3.1,55119
2018,2.9,55121
2018,2.9,55123
2018,4,55125
2018,2.9,55127
2018,3.9,55129
2018,2.5,55131
2018,2.6,55133
2018,2.9,55135
2018,3.5,55137
2018,2.7,55139
2018,3.5,55141
2018,3.9,56000
2018,3.2,56001
2018,4.5,56003
2018,3.9,56005
2018,3.6,56007
2018,3.5,56009
2018,3.1,56011
2018,5,56013
2018,3.2,56015
2018,3.5,56017
2018,3.8,56019
2018,3.7,56021
2018,3.7,56023
2018,4.5,56025
2018,2.7,56027
2018,4.2,56029
2018,3.6,56031
2018,3.9,56033
2018,4.1,56035
2018,4,56037
2018,2.9,56039
2018,4.2,56041
2018,4.1,56043
2018,3.3,56045
2018,9.2,72000
2018,13.7,72001
2018,11.1,72003
2018,12.4,72005
2018,10.1,72007
2018,11.9,72009
2018,9.6,72011
2018,10.4,72013
2018,13.7,72015
2018,11.8,72017
2018,10.2,72019
2018,6.8,72021
2018,10.4,72023
2018,7.8,72025
2018,9.8,72027
2018,7.9,72029
2018,6.8,72031
2018,8,72033
2018,7.7,72035
2018,13.6,72037
2018,12.5,72039
2018,7.6,72041
2018,13.8,72043
2018,10.3,72045
2018,9.4,72047
2018,4.4,72049
2018,5.8,72051
2018,14.1,72053
2018,11.9,72054
2018,15.5,72055
2018,13.3,72057
2018,14.4,72059
2018,4.4,72061
2018,6.4,72063
2018,12.7,72065
2018,9.8,72067
2018,11.6,72069
2018,10.6,72071
2018,10.6,72073
2018,10.5,72075
2018,9.5,72077
2018,15.3,72079
2018,16.2,72081
2018,14.1,72083
2018,9.7,72085
2018,8.3,72087
2018,13.5,72089
2018,8.6,72091
2018,15.1,72093
2018,15.2,72095
2018,11.4,72097
2018,11.8,72099
2018,9.7,72101
2018,11.1,72103
2018,9.8,72105
2018,12.3,72107
2018,17.5,72109
2018,13.8,72111
2018,9.8,72113
2018,13.8,72115
2018,14.2,72117
2018,9.2,72119
2018,13.9,72121
2018,14.8,72123
2018,12.2,72125
2018,6.2,72127
2018,10.1,72129
2018,14.6,72131
2018,12.8,72133
2018,6.3,72135
2018,6.6,72137
2018,5.2,72139
2018,11.6,72141
2018,8.8,72143
2018,10.4,72145
2018,16.5,72147
2018,15.8,72149
2018,14.3,72151
2018,14.7,72153
2017,4.355123339,0
2017,4.4,1000
2017,3.9,1001
2017,4.1,1003
2017,5.8,1005
2017,4.4,1007
2017,4,1009
2017,4.9,1011
2017,5.5,1013
2017,4.9,1015
2017,4.1,1017
2017,4.1,1019
2017,4.1,1021
2017,6.3,1023
2017,8.5,1025
2017,4.3,1027
2017,4.5,1029
2017,4.4,1031
2017,5.2,1033
2017,6.1,1035
2017,4.7,1037
2017,5.2,1039
2017,4.5,1041
2017,3.7,1043
2017,4.5,1045
2017,7.5,1047
2017,4.5,1049
2017,3.7,1051
2017,5,1053
2017,4.6,1055
2017,4.7,1057
2017,4.3,1059
2017,4.3,1061
2017,7.5,1063
2017,5.9,1065
2017,4.9,1067
2017,4.4,1069
2017,4.8,1071
2017,4.3,1073
2017,4.2,1075
2017,4.6,1077
2017,4.9,1079
2017,4,1081
2017,4,1083
2017,8.2,1085
2017,5.8,1087
2017,3.9,1089
2017,5.6,1091
2017,4.8,1093
2017,3.8,1095
2017,5.2,1097
2017,6.7,1099
2017,4.3,1101
2017,4.1,1103
2017,7.8,1105
2017,5.4,1107
2017,4.9,1109
2017,4.4,1111
2017,4.3,1113
2017,4,1115
2017,3.2,1117
2017,6.6,1119
2017,5,1121
2017,4.2,1123
2017,4.2,1125
2017,5,1127
2017,6.8,1129
2017,11.4,1131
2017,5,1133
2017,6.9,2000
2017,2.5,2013
2017,3.7,2016
2017,5.8,2020
2017,13.4,2050
2017,6.2,2060
2017,8.9,2068
2017,8.9,2070
2017,6.1,2090
2017,8.8,2100
2017,12.1,2105
2017,4.6,2110
2017,8.2,2122
2017,6.1,2130
2017,5,2150
2017,19.6,2158
2017,11.7,2164
2017,8.2,2170
2017,12,2180
2017,7.4,2185
2017,16.1,2188
2017,9.1,2195
2017,11,2198
2017,,2201
2017,4.5,2220
2017,10.2,2230
2017,,2232
2017,10.2,2240
2017,7.7,2261
2017,7.6,2275
2017,,2280
2017,9.1,2282
2017,17.5,2290
2017,4.9,4000
2017,10.2,4001
2017,5.5,4003
2017,5.5,4005
2017,6,4007
2017,5.4,4009
2017,5,4011
2017,5.4,4012
2017,4.2,4013
2017,5.8,4015
2017,7.6,4017
2017,4.5,4019
2017,5,4021
2017,9.4,4023
2017,4.5,4025
2017,16.9,4027
2017,3.7,5000
2017,3.2,5001
2017,5.6,5003
2017,4.3,5005
2017,3,5007
2017,3.4,5009
2017,4.6,5011
2017,3.9,5013
2017,3.3,5015
2017,6.5,5017
2017,3.9,5019
2017,4.5,5021
2017,4.9,5023
2017,4.3,5025
2017,5,5027
2017,4.8,5029
2017,3,5031
2017,3.5,5033
2017,4.4,5035
2017,4,5037
2017,4.4,5039
2017,4.8,5041
2017,5.1,5043
2017,3.3,5045
2017,3.5,5047
2017,4.2,5049
2017,4,5051
2017,3.2,5053
2017,3.7,5055
2017,3.4,5057
2017,3.7,5059
2017,3,5061
2017,4.2,5063
2017,5.5,5065
2017,5.9,5067
2017,5.2,5069
2017,4.3,5071
2017,5,5073
2017,3.8,5075
2017,4.8,5077
2017,4.2,5079
2017,4.8,5081
2017,3.8,5083
2017,3.3,5085
2017,2.9,5087
2017,3.9,5089
2017,4.3,5091
2017,5.9,5093
2017,4.3,5095
2017,4.8,5097
2017,3.5,5099
2017,3.6,5101
2017,4.6,5103
2017,4.1,5105
2017,5.8,5107
2017,4,5109
2017,4.1,5111
2017,4.5,5113
2017,4.4,5115
2017,4.1,5117
2017,3.4,5119
2017,4.1,5121
2017,5,5123
2017,3,5125
2017,3.5,5127
2017,4.6,5129
2017,3.6,5131
2017,4.5,5133
2017,5,5135
2017,4.8,5137
2017,5.3,5139
2017,5.5,5141
2017,2.6,5143
2017,4.5,5145
2017,4.8,5147
2017,4,5149
2017,4.8,6000
2017,3.7,6001
2017,6,6003
2017,5,6005
2017,5.8,6007
2017,4.7,6009
2017,14.2,6011
2017,3.8,6013
2017,6.4,6015
2017,4.4,6017
2017,8.5,6019
2017,7.5,6021
2017,4.2,6023
2017,19.5,6025
2017,4.4,6027
2017,9.2,6029
2017,8.9,6031
2017,5.8,6033
2017,5.5,6035
2017,4.8,6037
2017,8.1,6039
2017,2.9,6041
2017,5.8,6043
2017,4.5,6045
2017,9.4,6047
2017,8.1,6049
2017,4.4,6051
2017,7.2,6053
2017,3.6,6055
2017,4.1,6057
2017,3.5,6059
2017,3.9,6061
2017,8.9,6063
2017,5.3,6065
2017,4.7,6067
2017,5.8,6069
2017,4.9,6071
2017,4,6073
2017,2.9,6075
2017,7,6077
2017,3.6,6079
2017,2.7,6081
2017,4.5,6083
2017,3.2,6085
2017,5.7,6087
2017,5.8,6089
2017,6.5,6091
2017,7.3,6093
2017,4.8,6095
2017,3.4,6097
2017,7.5,6099
2017,8.7,6101
2017,6.4,6103
2017,6.2,6105
2017,10.4,6107
2017,5.4,6109
2017,4.5,6111
2017,5.1,6113
2017,7.4,6115
2017,2.8,8000
2017,3,8001
2017,3.4,8003
2017,2.8,8005
2017,3,8007
2017,1.6,8009
2017,2.8,8011
2017,2.4,8013
2017,2.6,8014
2017,2.3,8015
2017,1.8,8017
2017,2.6,8019
2017,4.1,8021
2017,3.5,8023
2017,3.1,8025
2017,3,8027
2017,3.9,8029
2017,2.7,8031
2017,2.9,8033
2017,2.4,8035
2017,2.3,8037
2017,2.4,8039
2017,3.2,8041
2017,4.2,8043
2017,2.9,8045
2017,2,8047
2017,2.2,8049
2017,2,8051
2017,2.3,8053
2017,5.7,8055
2017,1.8,8057
2017,2.6,8059
2017,1.7,8061
2017,1.7,8063
2017,2.1,8065
2017,2.4,8067
2017,2.4,8069
2017,4,8071
2017,2.1,8073
2017,2.3,8075
2017,3.9,8077
2017,1.9,8079
2017,3.3,8081
2017,3.9,8083
2017,3.3,8085
2017,2.4,8087
2017,4.1,8089
2017,2.8,8091
2017,2.3,8093
2017,1.6,8095
2017,3.1,8097
2017,2.6,8099
2017,4.3,8101
2017,3.9,8103
2017,4.3,8105
2017,2.4,8107
2017,4.4,8109
2017,2.3,8111
2017,2.8,8113
2017,2.1,8115
2017,1.9,8117
2017,3.2,8119
2017,1.9,8121
2017,2.7,8123
2017,1.6,8125
2017,4.7,9000
2017,4.6,9001
2017,4.9,9003
2017,4.4,9005
2017,4.1,9007
2017,5.1,9009
2017,4.5,9011
2017,4,9013
2017,5.1,9015
2017,4.5,10000
2017,4.9,10001
2017,4.4,10003
2017,4.5,10005
2017,6.1,11000
2017,6.1,11001
2017,4.2,12000
2017,3.8,12001
2017,4.2,12003
2017,4.2,12005
2017,3.7,12007
2017,4.3,12009
2017,4,12011
2017,4.9,12013
2017,4.8,12015
2017,5.9,12017
2017,3.9,12019
2017,4.2,12021
2017,4.4,12023
2017,4.5,12027
2017,4.8,12029
2017,4.3,12031
2017,4.2,12033
2017,4.8,12035
2017,3.6,12037
2017,5.5,12039
2017,4.5,12041
2017,5.4,12043
2017,3.9,12045
2017,4.9,12047
2017,5.9,12049
2017,7.3,12051
2017,5.3,12053
2017,5.7,12055
2017,3.9,12057
2017,4.8,12059
2017,5.1,12061
2017,4.5,12063
2017,4.4,12065
2017,3.8,12067
2017,4.2,12069
2017,4.1,12071
2017,3.9,12073
2017,4.5,12075
2017,4.6,12077
2017,4.5,12079
2017,4,12081
2017,5.1,12083
2017,4.2,12085
2017,4.5,12086
2017,3.3,12087
2017,3.9,12089
2017,3.5,12091
2017,4.4,12093
2017,3.8,12095
2017,4.3,12097
2017,4.2,12099
2017,4.5,12101
2017,3.8,12103
2017,4.8,12105
2017,5.5,12107
2017,3.4,12109
2017,5.2,12111
2017,3.9,12113
2017,4,12115
2017,3.7,12117
2017,6.1,12119
2017,4.3,12121
2017,4.5,12123
2017,3.8,12125
2017,4.5,12127
2017,3.6,12129
2017,3.7,12131
2017,4.4,12133
2017,4.7,13000
2017,5.5,13001
2017,4.4,13003
2017,4.4,13005
2017,6.2,13007
2017,5.8,13009
2017,3.9,13011
2017,4,13013
2017,4.6,13015
2017,7.7,13017
2017,5.1,13019
2017,5.3,13021
2017,6.7,13023
2017,5.7,13025
2017,4.5,13027
2017,4.2,13029
2017,5,13031
2017,7.1,13033
2017,4.8,13035
2017,5.2,13037
2017,5,13039
2017,4.1,13043
2017,5,13045
2017,4.1,13047
2017,5,13049
2017,4.5,13051
2017,6.8,13053
2017,4.7,13055
2017,3.7,13057
2017,4.7,13059
2017,9,13061
2017,5.8,13063
2017,5.5,13065
2017,4.1,13067
2017,5.1,13069
2017,4.5,13071
2017,4.1,13073
2017,4.5,13075
2017,4.2,13077
2017,4.9,13079
2017,5.2,13081
2017,4.3,13083
2017,3.8,13085
2017,5.5,13087
2017,4.8,13089
2017,6.2,13091
2017,5,13093
2017,6,13095
2017,4.9,13097
2017,5.4,13099
2017,3.9,13101
2017,4,13103
2017,5.2,13105
2017,6.6,13107
2017,4.3,13109
2017,4.8,13111
2017,4,13113
2017,5.2,13115
2017,3.7,13117
2017,4.7,13119
2017,4.8,13121
2017,5,13123
2017,4.9,13125
2017,4.7,13127
2017,4.6,13129
2017,4.8,13131
2017,5.1,13133
2017,4.2,13135
2017,4.5,13137
2017,3.9,13139
2017,7.1,13141
2017,4.8,13143
2017,4.1,13145
2017,4.4,13147
2017,4.9,13149
2017,4.8,13151
2017,4.7,13153
2017,6.9,13155
2017,3.6,13157
2017,4.3,13159
2017,6,13161
2017,6.1,13163
2017,6.7,13165
2017,5,13167
2017,4.3,13169
2017,5.6,13171
2017,5.1,13173
2017,5.8,13175
2017,4.1,13177
2017,5.1,13179
2017,5.2,13181
2017,4.8,13183
2017,4.6,13185
2017,4.1,13187
2017,6.2,13189
2017,5,13191
2017,6.9,13193
2017,4.2,13195
2017,6,13197
2017,5.9,13199
2017,4.4,13201
2017,6.2,13205
2017,4.4,13207
2017,6.5,13209
2017,4.5,13211
2017,6.1,13213
2017,5.9,13215
2017,5.3,13217
2017,3.5,13219
2017,4.3,13221
2017,4.1,13223
2017,5.8,13225
2017,4.2,13227
2017,4.5,13229
2017,4.4,13231
2017,5.2,13233
2017,5.2,13235
2017,5.7,13237
2017,5.9,13239
2017,4.9,13241
2017,6.5,13243
2017,5.9,13245
2017,5.3,13247
2017,5.4,13249
2017,6.2,13251
2017,6.4,13253
2017,5.8,13255
2017,5.2,13257
2017,5.9,13259
2017,6.7,13261
2017,6.1,13263
2017,6.6,13265
2017,4.9,13267
2017,8.6,13269
2017,7.8,13271
2017,6,13273
2017,5.8,13275
2017,4.6,13277
2017,6.5,13279
2017,6.5,13281
2017,6.7,13283
2017,4.4,13285
2017,5.6,13287
2017,7.5,13289
2017,4.5,13291
2017,5.4,13293
2017,4.5,13295
2017,4.3,13297
2017,4.5,13299
2017,5.8,13301
2017,5.8,13303
2017,5.7,13305
2017,7.5,13307
2017,8.9,13309
2017,3.8,13311
2017,5.4,13313
2017,5.8,13315
2017,5.6,13317
2017,5.6,13319
2017,4.8,13321
2017,2.4,15000
2017,2.8,15001
2017,2.3,15003
2017,2.4,15007
2017,2.6,15009
2017,3.2,16000
2017,2.8,16001
2017,5.8,16003
2017,3.1,16005
2017,3.2,16007
2017,5.6,16009
2017,3,16011
2017,2.6,16013
2017,4.8,16015
2017,4.5,16017
2017,2.7,16019
2017,4.8,16021
2017,3,16023
2017,2.8,16025
2017,3.6,16027
2017,3.2,16029
2017,2.5,16031
2017,2.8,16033
2017,7,16035
2017,4.3,16037
2017,3.7,16039
2017,2.3,16041
2017,2.7,16043
2017,4,16045
2017,2.5,16047
2017,5,16049
2017,2.5,16051
2017,2.8,16053
2017,3.9,16055
2017,2.7,16057
2017,5.2,16059
2017,5.9,16061
2017,3.3,16063
2017,1.9,16065
2017,2.7,16067
2017,2.9,16069
2017,2.9,16071
2017,4,16073
2017,4,16075
2017,3.4,16077
2017,6.4,16079
2017,2.6,16081
2017,3,16083
2017,4.5,16085
2017,4.7,16087
2017,4.9,17000
2017,3.9,17001
2017,8.3,17003
2017,4.4,17005
2017,6.7,17007
2017,2.9,17009
2017,4.9,17011
2017,5.5,17013
2017,4.6,17015
2017,4.5,17017
2017,4.3,17019
2017,5.3,17021
2017,4.9,17023
2017,5.4,17025
2017,3.6,17027
2017,4.7,17029
2017,5.1,17031
2017,5.3,17033
2017,4,17035
2017,4.6,17037
2017,4.7,17039
2017,4.1,17041
2017,4,17043
2017,4.9,17045
2017,4.6,17047
2017,3.8,17049
2017,5.5,17051
2017,4.8,17053
2017,6.5,17055
2017,6.4,17057
2017,5.8,17059
2017,5.1,17061
2017,5.8,17063
2017,4.5,17065
2017,5.2,17067
2017,7.8,17069
2017,5.2,17071
2017,5.1,17073
2017,4.6,17075
2017,4.5,17077
2017,5,17079
2017,5.5,17081
2017,4.8,17083
2017,4.5,17085
2017,7.5,17087
2017,4.9,17089
2017,5.5,17091
2017,4.3,17093
2017,5.2,17095
2017,4.5,17097
2017,5.6,17099
2017,6.1,17101
2017,4.4,17103
2017,4.5,17105
2017,4.6,17107
2017,5,17109
2017,4.4,17111
2017,4.1,17113
2017,5.6,17115
2017,4.9,17117
2017,4.8,17119
2017,5.3,17121
2017,5.4,17123
2017,6.1,17125
2017,6.5,17127
2017,4.2,17129
2017,5.1,17131
2017,3.4,17133
2017,5.7,17135
2017,4.4,17137
2017,3.9,17139
2017,5.1,17141
2017,5.9,17143
2017,6,17145
2017,4.1,17147
2017,4.5,17149
2017,6.3,17151
2017,8,17153
2017,5,17155
2017,4.4,17157
2017,4.8,17159
2017,5.1,17161
2017,5.1,17163
2017,6.5,17165
2017,4.4,17167
2017,4.6,17169
2017,5.3,17171
2017,4.4,17173
2017,6.3,17175
2017,4.7,17177
2017,5.4,17179
2017,6.5,17181
2017,6.5,17183
2017,5,17185
2017,4.2,17187
2017,3,17189
2017,6.2,17191
2017,4.9,17193
2017,4.8,17195
2017,5,17197
2017,5.2,17199
2017,6.5,17201
2017,4.4,17203
2017,3.6,18000
2017,2.6,18001
2017,3.4,18003
2017,2.8,18005
2017,3.4,18007
2017,4.1,18009
2017,2.9,18011
2017,3.4,18013
2017,3.5,18015
2017,3.9,18017
2017,3.5,18019
2017,3.8,18021
2017,3.1,18023
2017,4.5,18025
2017,2.8,18027
2017,3.9,18029
2017,3,18031
2017,3,18033
2017,4.3,18035
2017,2.6,18037
2017,2.6,18039
2017,5.1,18041
2017,3.4,18043
2017,4,18045
2017,3.6,18047
2017,3.5,18049
2017,3,18051
2017,3.9,18053
2017,4.8,18055
2017,2.8,18057
2017,3.1,18059
2017,3.5,18061
2017,2.9,18063
2017,3.7,18065
2017,3.9,18067
2017,3.6,18069
2017,3,18071
2017,4.4,18073
2017,3.6,18075
2017,3.7,18077
2017,3.8,18079
2017,3,18081
2017,3.5,18083
2017,2.8,18085
2017,2.6,18087
2017,5.2,18089
2017,4.5,18091
2017,4.4,18093
2017,4,18095
2017,3.7,18097
2017,3.1,18099
2017,3,18101
2017,4,18103
2017,3.7,18105
2017,3.1,18107
2017,3.6,18109
2017,4.8,18111
2017,3.1,18113
2017,3.7,18115
2017,4,18117
2017,4.4,18119
2017,4,18121
2017,3.9,18123
2017,3.4,18125
2017,4.1,18127
2017,3,18129
2017,3.5,18131
2017,3.7,18133
2017,4.2,18135
2017,3.6,18137
2017,3.1,18139
2017,3.6,18141
2017,3.8,18143
2017,3.4,18145
2017,3.4,18147
2017,4.4,18149
2017,2.9,18151
2017,4.5,18153
2017,4,18155
2017,3.2,18157
2017,3.1,18159
2017,3.1,18161
2017,3.3,18163
2017,5.4,18165
2017,4.3,18167
2017,3.5,18169
2017,3.4,18171
2017,3.2,18173
2017,3.7,18175
2017,3.8,18177
2017,3,18179
2017,3.3,18181
2017,3,18183
2017,3.1,19000
2017,2.8,19001
2017,2.4,19003
2017,4,19005
2017,3.8,19007
2017,3.1,19009
2017,3.3,19011
2017,3.8,19013
2017,2.5,19015
2017,2.8,19017
2017,3.2,19019
2017,2.6,19021
2017,3.6,19023
2017,3.1,19025
2017,2.3,19027
2017,3.6,19029
2017,2.9,19031
2017,3.1,19033
2017,2.5,19035
2017,3.2,19037
2017,3.1,19039
2017,3.8,19041
2017,4,19043
2017,4.1,19045
2017,4.1,19047
2017,2.1,19049
2017,3.3,19051
2017,2.7,19053
2017,2.7,19055
2017,4.2,19057
2017,3.7,19059
2017,3,19061
2017,3.2,19063
2017,3.7,19065
2017,3.2,19067
2017,2.7,19069
2017,2.6,19071
2017,2.8,19073
2017,2.9,19075
2017,3.2,19077
2017,3.2,19079
2017,2.6,19081
2017,3.2,19083
2017,2.8,19085
2017,3,19087
2017,3,19089
2017,3.1,19091
2017,2.3,19093
2017,2.6,19095
2017,3.4,19097
2017,3.1,19099
2017,3.1,19101
2017,2.5,19103
2017,3.7,19105
2017,3.6,19107
2017,2.4,19109
2017,5.5,19111
2017,3.4,19113
2017,3.3,19115
2017,2.8,19117
2017,1.8,19119
2017,3.6,19121
2017,3.2,19123
2017,2.6,19125
2017,4.6,19127
2017,2.8,19129
2017,2.1,19131
2017,3.7,19133
2017,3.8,19135
2017,3.2,19137
2017,3.3,19139
2017,2.4,19141
2017,2.1,19143
2017,3.9,19145
2017,2.7,19147
2017,2.4,19149
2017,2.4,19151
2017,3.1,19153
2017,2.8,19155
2017,3.1,19157
2017,3.1,19159
2017,2.8,19161
2017,3.7,19163
2017,2.4,19165
2017,2,19167
2017,2,19169
2017,3.5,19171
2017,2.2,19173
2017,3.1,19175
2017,3.1,19177
2017,4.6,19179
2017,2.8,19181
2017,3,19183
2017,3.1,19185
2017,3.8,19187
2017,3.2,19189
2017,3.1,19191
2017,3.2,19193
2017,3,19195
2017,3.4,19197
2017,3.6,20000
2017,4.9,20001
2017,3.9,20003
2017,5.2,20005
2017,2.8,20007
2017,3.6,20009
2017,4.4,20011
2017,3.2,20013
2017,3.8,20015
2017,2.6,20017
2017,4.7,20019
2017,3.9,20021
2017,2.6,20023
2017,2.5,20025
2017,3.7,20027
2017,4.3,20029
2017,5.3,20031
2017,2.9,20033
2017,3.8,20035
2017,4.2,20037
2017,3.1,20039
2017,3.8,20041
2017,3.5,20043
2017,3.2,20045
2017,3.1,20047
2017,4.2,20049
2017,2.5,20051
2017,3.1,20053
2017,2.8,20055
2017,2.8,20057
2017,3.7,20059
2017,5,20061
2017,2.3,20063
2017,3.6,20065
2017,3.2,20067
2017,2,20069
2017,1.8,20071
2017,4.2,20073
2017,2.4,20075
2017,3.7,20077
2017,4.1,20079
2017,2.3,20081
2017,2.5,20083
2017,3.1,20085
2017,3.6,20087
2017,3.5,20089
2017,3,20091
2017,2.5,20093
2017,3.7,20095
2017,2.5,20097
2017,4.5,20099
2017,3.3,20101
2017,3.9,20103
2017,2.9,20105
2017,5.9,20107
2017,2.2,20109
2017,3.8,20111
2017,2.8,20113
2017,3.6,20115
2017,2.8,20117
2017,2.5,20119
2017,3.8,20121
2017,2.7,20123
2017,5.3,20125
2017,3.2,20127
2017,3.8,20129
2017,2.4,20131
2017,5.3,20133
2017,2.9,20135
2017,2.2,20137
2017,4,20139
2017,2.7,20141
2017,3.1,20143
2017,3.3,20145
2017,3,20147
2017,3.1,20149
2017,3.3,20151
2017,2.2,20153
2017,3.9,20155
2017,2.8,20157
2017,3.2,20159
2017,3.1,20161
2017,3.8,20163
2017,3.2,20165
2017,3.4,20167
2017,3.2,20169
2017,2.2,20171
2017,4.3,20173
2017,3.5,20175
2017,3.7,20177
2017,2.3,20179
2017,2.9,20181
2017,2.8,20183
2017,3.3,20185
2017,2.8,20187
2017,3.2,20189
2017,3.8,20191
2017,2.6,20193
2017,3.4,20195
2017,3.2,20197
2017,2.6,20199
2017,3,20201
2017,2.5,20203
2017,4.7,20205
2017,4.4,20207
2017,5.2,20209
2017,4.9,21000
2017,6.1,21001
2017,4.1,21003
2017,4.1,21005
2017,7.7,21007
2017,4.6,21009
2017,7.9,21011
2017,7.9,21013
2017,3.9,21015
2017,4.6,21017
2017,7.2,21019
2017,5.1,21021
2017,5.8,21023
2017,8.8,21025
2017,6,21027
2017,4.2,21029
2017,5.5,21031
2017,5.3,21033
2017,4.4,21035
2017,3.8,21037
2017,7,21039
2017,4.7,21041
2017,9.9,21043
2017,4.9,21045
2017,6.2,21047
2017,4.7,21049
2017,8.8,21051
2017,6.6,21053
2017,5.5,21055
2017,5.3,21057
2017,4.4,21059
2017,6,21061
2017,10.7,21063
2017,6,21065
2017,3.6,21067
2017,6.1,21069
2017,8.4,21071
2017,4.1,21073
2017,7.3,21075
2017,4.6,21077
2017,4.9,21079
2017,4.9,21081
2017,6,21083
2017,6.1,21085
2017,4.7,21087
2017,7.7,21089
2017,5.1,21091
2017,4.6,21093
2017,10,21095
2017,4.6,21097
2017,4.5,21099
2017,4.6,21101
2017,4.1,21103
2017,7.5,21105
2017,5,21107
2017,8.5,21109
2017,4.4,21111
2017,3.8,21113
2017,8.7,21115
2017,4,21117
2017,8.5,21119
2017,7.6,21121
2017,4.8,21123
2017,5.9,21125
2017,9.1,21127
2017,8.5,21129
2017,10.1,21131
2017,9.4,21133
2017,9.3,21135
2017,5.7,21137
2017,7.6,21139
2017,4.4,21141
2017,5.8,21143
2017,6.1,21145
2017,6.9,21147
2017,5.4,21149
2017,4.3,21151
2017,16.3,21153
2017,4.2,21155
2017,6,21157
2017,7.7,21159
2017,6.3,21161
2017,5.2,21163
2017,8.7,21165
2017,4.9,21167
2017,4.1,21169
2017,3.9,21171
2017,6.6,21173
2017,7.4,21175
2017,7,21177
2017,4.4,21179
2017,5.6,21181
2017,6.4,21183
2017,3.5,21185
2017,4.4,21187
2017,8.4,21189
2017,4.7,21191
2017,8.3,21193
2017,7.8,21195
2017,6.7,21197
2017,5.7,21199
2017,6.2,21201
2017,5.8,21203
2017,5.8,21205
2017,7.2,21207
2017,3.7,21209
2017,3.6,21211
2017,4.6,21213
2017,3.9,21215
2017,4.4,21217
2017,4.2,21219
2017,5.7,21221
2017,5,21223
2017,6,21225
2017,4.1,21227
2017,4.2,21229
2017,7.8,21231
2017,5.2,21233
2017,5.8,21235
2017,9.2,21237
2017,3.3,21239
2017,5.1,22000
2017,5.9,22001
2017,5.3,22003
2017,4.3,22005
2017,7.3,22007
2017,6.1,22009
2017,5.3,22011
2017,6,22013
2017,4.5,22015
2017,5.8,22017
2017,4,22019
2017,5.7,22021
2017,3.6,22023
2017,7.1,22025
2017,5.3,22027
2017,7.8,22029
2017,6.1,22031
2017,4.4,22033
2017,11.1,22035
2017,4.8,22037
2017,5.9,22039
2017,7.5,22041
2017,6.3,22043
2017,7.3,22045
2017,6.2,22047
2017,4.5,22049
2017,4.5,22051
2017,4.9,22053
2017,4.9,22055
2017,5.2,22057
2017,4.7,22059
2017,5.2,22061
2017,4.2,22063
2017,8.1,22065
2017,8,22067
2017,6,22069
2017,5.1,22071
2017,5.3,22073
2017,4.7,22075
2017,5.6,22077
2017,5.6,22079
2017,5.2,22081
2017,6.1,22083
2017,5.5,22085
2017,5.2,22087
2017,4.5,22089
2017,6.6,22091
2017,6.6,22093
2017,6.1,22095
2017,6.7,22097
2017,6.1,22099
2017,7.9,22101
2017,4.3,22103
2017,5.7,22105
2017,8.5,22107
2017,5.7,22109
2017,5.5,22111
2017,6,22113
2017,6.5,22115
2017,5.8,22117
2017,6.9,22119
2017,4.6,22121
2017,9.8,22123
2017,4.2,22125
2017,6.4,22127
2017,3.4,23000
2017,3.2,23001
2017,4.9,23003
2017,2.6,23005
2017,4.1,23007
2017,3.9,23009
2017,3.3,23011
2017,3.2,23013
2017,3.3,23015
2017,3.9,23017
2017,3.8,23019
2017,4.1,23021
2017,2.8,23023
2017,5,23025
2017,3.7,23027
2017,5.1,23029
2017,3,23031
2017,4.2,24000
2017,5.9,24001
2017,3.6,24003
2017,4.4,24005
2017,3.7,24009
2017,4.4,24011
2017,3.5,24013
2017,4.9,24015
2017,4.1,24017
2017,5.8,24019
2017,3.7,24021
2017,5.3,24023
2017,4,24025
2017,3.2,24027
2017,4.5,24029
2017,3.4,24031
2017,4.3,24033
2017,3.7,24035
2017,4.1,24037
2017,7,24039
2017,4,24041
2017,4.8,24043
2017,5.8,24045
2017,8.7,24047
2017,6.3,24510
2017,3.7,25000
2017,4.7,25001
2017,4.4,25003
2017,4.8,25005
2017,4.9,25007
2017,3.8,25009
2017,3.4,25011
2017,5.1,25013
2017,3.5,25015
2017,3.1,25017
2017,4.5,25019
2017,3.3,25021
2017,3.9,25023
2017,3.4,25025
2017,3.9,25027
2017,4.6,26000
2017,7.1,26001
2017,8.2,26003
2017,3.7,26005
2017,5.7,26007
2017,6.5,26009
2017,8,26011
2017,7.7,26013
2017,3.9,26015
2017,5.5,26017
2017,6.5,26019
2017,4.8,26021
2017,4.6,26023
2017,4.8,26025
2017,4.5,26027
2017,5.5,26029
2017,9.9,26031
2017,7.6,26033
2017,6.9,26035
2017,3.6,26037
2017,6.9,26039
2017,6.2,26041
2017,4.7,26043
2017,4.1,26045
2017,6.5,26047
2017,5.6,26049
2017,6.5,26051
2017,5.9,26053
2017,4.2,26055
2017,5.4,26057
2017,4.9,26059
2017,5.9,26061
2017,5.1,26063
2017,4.2,26065
2017,3.9,26067
2017,7.3,26069
2017,6.3,26071
2017,4.4,26073
2017,4.6,26075
2017,4,26077
2017,6.9,26079
2017,3.4,26081
2017,8.7,26083
2017,8.1,26085
2017,5.6,26087
2017,4.8,26089
2017,4.7,26091
2017,3.4,26093
2017,6.8,26095
2017,10,26097
2017,4.4,26099
2017,6.5,26101
2017,5.5,26103
2017,5.7,26105
2017,5.7,26107
2017,4.8,26109
2017,4.6,26111
2017,5.8,26113
2017,4.7,26115
2017,4.9,26117
2017,10.4,26119
2017,5.3,26121
2017,4.9,26123
2017,3.6,26125
2017,7,26127
2017,7.6,26129
2017,8.7,26131
2017,5.9,26133
2017,7.3,26135
2017,5.9,26137
2017,3.2,26139
2017,9.2,26141
2017,8.8,26143
2017,5.3,26145
2017,5.1,26147
2017,4.2,26149
2017,5.8,26151
2017,8.3,26153
2017,5.1,26155
2017,6.2,26157
2017,5.6,26159
2017,3.5,26161
2017,5.6,26163
2017,5.5,26165
2017,3.4,27000
2017,6.1,27001
2017,3.3,27003
2017,4.1,27005
2017,4.8,27007
2017,4,27009
2017,4.4,27011
2017,2.9,27013
2017,3.7,27015
2017,4.7,27017
2017,2.9,27019
2017,5.9,27021
2017,3.9,27023
2017,3.9,27025
2017,3.2,27027
2017,8.7,27029
2017,3.8,27031
2017,5.1,27033
2017,4.4,27035
2017,3,27037
2017,3.3,27039
2017,3.1,27041
2017,4.1,27043
2017,3.5,27045
2017,3.6,27047
2017,3.2,27049
2017,4.1,27051
2017,3,27053
2017,3.4,27055
2017,5.5,27057
2017,4.2,27059
2017,6.9,27061
2017,3.6,27063
2017,6,27065
2017,3.2,27067
2017,3.7,27069
2017,7,27071
2017,3.4,27073
2017,3.8,27075
2017,4.6,27077
2017,4.6,27079
2017,3.2,27081
2017,3.1,27083
2017,3.7,27085
2017,5,27087
2017,6.8,27089
2017,3.4,27091
2017,4,27093
2017,5.5,27095
2017,5.2,27097
2017,2.8,27099
2017,4.3,27101
2017,2.5,27103
2017,3.1,27105
2017,4.6,27107
2017,2.7,27109
2017,3.9,27111
2017,5.6,27113
2017,5.6,27115
2017,3.3,27117
2017,4.1,27119
2017,3,27121
2017,3.2,27123
2017,6.5,27125
2017,4,27127
2017,4.4,27129
2017,3.1,27131
2017,2.1,27133
2017,4.8,27135
2017,4.5,27137
2017,2.9,27139
2017,3.7,27141
2017,3.5,27143
2017,3.3,27145
2017,3.3,27147
2017,2.6,27149
2017,4,27151
2017,3.9,27153
2017,3.5,27155
2017,3.3,27157
2017,5.5,27159
2017,3.8,27161
2017,2.9,27163
2017,4.2,27165
2017,3.1,27167
2017,3.1,27169
2017,3.5,27171
2017,3.4,27173
2017,5.1,28000
2017,7.3,28001
2017,4.4,28003
2017,6.8,28005
2017,6,28007
2017,5.6,28009
2017,6.4,28011
2017,4.7,28013
2017,5.8,28015
2017,5.2,28017
2017,5,28019
2017,9.8,28021
2017,6,28023
2017,6.8,28025
2017,7.4,28027
2017,5.7,28029
2017,4.8,28031
2017,3.8,28033
2017,4.8,28035
2017,6.8,28037
2017,7.2,28039
2017,7.5,28041
2017,4.6,28043
2017,5.6,28045
2017,4.9,28047
2017,4.9,28049
2017,9.4,28051
2017,9.5,28053
2017,12,28055
2017,4.2,28057
2017,5.9,28059
2017,6.5,28061
2017,14.6,28063
2017,6.8,28065
2017,5.2,28067
2017,7.8,28069
2017,4.1,28071
2017,3.8,28073
2017,5.3,28075
2017,6.5,28077
2017,5.7,28079
2017,4,28081
2017,7.4,28083
2017,5.2,28085
2017,5.4,28087
2017,3.9,28089
2017,5.5,28091
2017,5.2,28093
2017,5.2,28095
2017,5.1,28097
2017,5.2,28099
2017,5.1,28101
2017,7.3,28103
2017,5,28105
2017,6.7,28107
2017,5.3,28109
2017,6.3,28111
2017,6.1,28113
2017,3.9,28115
2017,4.6,28117
2017,8.9,28119
2017,3.6,28121
2017,4.1,28123
2017,8,28125
2017,4.9,28127
2017,4.7,28129
2017,6.1,28131
2017,8.3,28133
2017,5.4,28135
2017,5.1,28137
2017,4.5,28139
2017,4.9,28141
2017,5.9,28143
2017,3.6,28145
2017,6.7,28147
2017,5.6,28149
2017,7.2,28151
2017,6.4,28153
2017,5.3,28155
2017,8.8,28157
2017,6,28159
2017,5.4,28161
2017,6.1,28163
2017,3.7,29000
2017,4.2,29001
2017,3.2,29003
2017,3.5,29005
2017,3.5,29007
2017,3.3,29009
2017,4.1,29011
2017,4.4,29013
2017,5.1,29015
2017,4.4,29017
2017,2.6,29019
2017,3.5,29021
2017,4.5,29023
2017,4,29025
2017,3.5,29027
2017,4.8,29029
2017,3.5,29031
2017,4,29033
2017,5.8,29035
2017,3.5,29037
2017,4,29039
2017,3.4,29041
2017,3.1,29043
2017,5.6,29045
2017,3.6,29047
2017,4,29049
2017,2.9,29051
2017,3.6,29053
2017,4.6,29055
2017,3.4,29057
2017,4.7,29059
2017,3.3,29061
2017,3.9,29063
2017,4.2,29065
2017,4.6,29067
2017,6.5,29069
2017,3.6,29071
2017,3.8,29073
2017,2.8,29075
2017,3.1,29077
2017,3.6,29079
2017,3.5,29081
2017,4.1,29083
2017,4.4,29085
2017,2.9,29087
2017,3.8,29089
2017,4.7,29091
2017,6.4,29093
2017,4.4,29095
2017,3.4,29097
2017,3.6,29099
2017,4.4,29101
2017,3.2,29103
2017,4.7,29105
2017,3.8,29107
2017,3.5,29109
2017,3.4,29111
2017,3.6,29113
2017,5.8,29115
2017,2.9,29117
2017,3.6,29119
2017,3.6,29121
2017,4.5,29123
2017,4.3,29125
2017,3.6,29127
2017,3.7,29129
2017,4.4,29131
2017,5,29133
2017,3.6,29135
2017,4.3,29137
2017,3.3,29139
2017,4.9,29141
2017,6.5,29143
2017,3.6,29145
2017,3.6,29147
2017,4.6,29149
2017,3,29151
2017,5.8,29153
2017,7.4,29155
2017,2.6,29157
2017,4.1,29159
2017,3.7,29161
2017,3.4,29163
2017,3.2,29165
2017,4,29167
2017,4.3,29169
2017,3.8,29171
2017,3.1,29173
2017,4.5,29175
2017,4.8,29177
2017,3.9,29179
2017,5.5,29181
2017,2.8,29183
2017,5.1,29185
2017,3.6,29186
2017,4.3,29187
2017,3.4,29189
2017,3.5,29195
2017,4.8,29197
2017,3.1,29199
2017,4.4,29201
2017,6,29203
2017,3.4,29205
2017,5,29207
2017,5.5,29209
2017,4,29211
2017,6,29213
2017,4.9,29215
2017,3.8,29217
2017,3.2,29219
2017,5.4,29221
2017,5,29223
2017,3.9,29225
2017,2.5,29227
2017,4.9,29229
2017,4.4,29510
2017,3.9,30000
2017,3,30001
2017,13.2,30003
2017,4,30005
2017,4.6,30007
2017,3.6,30009
2017,2.4,30011
2017,3.7,30013
2017,3.2,30015
2017,3.1,30017
2017,2.2,30019
2017,3,30021
2017,3.5,30023
2017,2.6,30025
2017,3.9,30027
2017,5.1,30029
2017,2.7,30031
2017,2.8,30033
2017,7.8,30035
2017,4.8,30037
2017,5.7,30039
2017,3.7,30041
2017,4.2,30043
2017,3.6,30045
2017,4.4,30047
2017,3.4,30049
2017,3,30051
2017,8.3,30053
2017,2.1,30055
2017,3.8,30057
2017,4.3,30059
2017,7.4,30061
2017,3.5,30063
2017,4.4,30065
2017,3.8,30067
2017,4.1,30069
2017,4.4,30071
2017,3.8,30073
2017,2.5,30075
2017,4.3,30077
2017,3.7,30079
2017,4.6,30081
2017,3.7,30083
2017,4.5,30085
2017,5,30087
2017,6.8,30089
2017,2.6,30091
2017,4.1,30093
2017,3.8,30095
2017,3.1,30097
2017,3.8,30099
2017,3,30101
2017,3.8,30103
2017,3.2,30105
2017,4.3,30107
2017,3.1,30109
2017,3.4,30111
2017,2.9,31000
2017,3.1,31001
2017,2.5,31003
2017,5.5,31005
2017,3.6,31007
2017,4.2,31009
2017,2.4,31011
2017,3.3,31013
2017,3.3,31015
2017,3.2,31017
2017,2.4,31019
2017,3.7,31021
2017,2.8,31023
2017,3.1,31025
2017,2.2,31027
2017,1.9,31029
2017,2.3,31031
2017,2.8,31033
2017,3.1,31035
2017,2.4,31037
2017,2.7,31039
2017,2.1,31041
2017,4,31043
2017,2.7,31045
2017,2.8,31047
2017,2.5,31049
2017,3.1,31051
2017,2.8,31053
2017,3.2,31055
2017,2.4,31057
2017,2.5,31059
2017,3,31061
2017,2.5,31063
2017,2.4,31065
2017,3.5,31067
2017,2.8,31069
2017,2.6,31071
2017,2.7,31073
2017,2.3,31075
2017,3,31077
2017,3.4,31079
2017,2.5,31081
2017,2.5,31083
2017,2.5,31085
2017,3.4,31087
2017,2.4,31089
2017,3.8,31091
2017,3,31093
2017,2.4,31095
2017,3.4,31097
2017,2.2,31099
2017,3,31101
2017,2.5,31103
2017,2.8,31105
2017,3.4,31107
2017,2.6,31109
2017,3,31111
2017,2.8,31113
2017,3,31115
2017,2.2,31117
2017,2.6,31119
2017,2.8,31121
2017,3,31123
2017,2.5,31125
2017,3.9,31127
2017,2.6,31129
2017,3.3,31131
2017,3,31133
2017,1.9,31135
2017,2.3,31137
2017,2.7,31139
2017,2.9,31141
2017,2.4,31143
2017,2.5,31145
2017,3.2,31147
2017,2.5,31149
2017,3.1,31151
2017,2.8,31153
2017,2.8,31155
2017,3.4,31157
2017,2.7,31159
2017,2.6,31161
2017,2.8,31163
2017,2.9,31165
2017,2.8,31167
2017,2.2,31169
2017,3.2,31171
2017,4.9,31173
2017,2.6,31175
2017,3.1,31177
2017,2.4,31179
2017,2.9,31181
2017,2.2,31183
2017,2.5,31185
2017,5,32000
2017,4.4,32001
2017,5.2,32003
2017,4.8,32005
2017,3.7,32007
2017,4.1,32009
2017,3.1,32011
2017,4.2,32013
2017,4.5,32015
2017,4.8,32017
2017,6,32019
2017,5.4,32021
2017,6.4,32023
2017,4.6,32027
2017,5,32029
2017,4.1,32031
2017,4,32033
2017,5,32510
2017,2.7,33000
2017,2.7,33001
2017,2.7,33003
2017,2.6,33005
2017,3.5,33007
2017,2.2,33009
2017,2.9,33011
2017,2.4,33013
2017,2.9,33015
2017,2.4,33017
2017,2.2,33019
2017,4.6,34000
2017,7.2,34001
2017,3.9,34003
2017,4.1,34005
2017,5.1,34007
2017,9.2,34009
2017,7,34011
2017,5.6,34013
2017,4.7,34015
2017,4.3,34017
2017,3.5,34019
2017,4.1,34021
2017,4.1,34023
2017,4.1,34025
2017,3.6,34027
2017,4.8,34029
2017,5.7,34031
2017,6.2,34033
2017,3.8,34035
2017,4.4,34037
2017,4.7,34039
2017,4.2,34041
2017,5.9,35000
2017,5.2,35001
2017,6.6,35003
2017,6.1,35005
2017,7.4,35006
2017,5.7,35007
2017,4.6,35009
2017,4.4,35011
2017,6.5,35013
2017,5,35015
2017,5.8,35017
2017,6.2,35019
2017,6,35021
2017,4.8,35023
2017,6.2,35025
2017,5.3,35027
2017,3.7,35028
2017,13.4,35029
2017,8.2,35031
2017,7.6,35033
2017,5.8,35035
2017,5.9,35037
2017,6.1,35039
2017,5,35041
2017,5.9,35043
2017,7.2,35045
2017,7.1,35047
2017,4.8,35049
2017,7.4,35051
2017,6.1,35053
2017,7.5,35055
2017,8.2,35057
2017,3.6,35059
2017,6.3,35061
2017,4.7,36000
2017,4.2,36001
2017,6.6,36003
2017,6.3,36005
2017,5.5,36007
2017,6.2,36009
2017,5,36011
2017,6,36013
2017,5.5,36015
2017,5.3,36017
2017,5.3,36019
2017,3.8,36021
2017,5.8,36023
2017,5.5,36025
2017,4.3,36027
2017,5.1,36029
2017,5.5,36031
2017,6,36033
2017,5.8,36035
2017,4.8,36037
2017,5.2,36039
2017,7.4,36041
2017,5.7,36043
2017,6.5,36045
2017,4.7,36047
2017,6.6,36049
2017,5,36051
2017,5.5,36053
2017,4.9,36055
2017,5.7,36057
2017,4.1,36059
2017,4.1,36061
2017,6.2,36063
2017,5,36065
2017,4.7,36067
2017,4.5,36069
2017,4.5,36071
2017,5.9,36073
2017,6.5,36075
2017,5,36077
2017,4.2,36079
2017,4.1,36081
2017,4.4,36083
2017,4.7,36085
2017,4.3,36087
2017,6.7,36089
2017,4,36091
2017,4.5,36093
2017,5.5,36095
2017,5.8,36097
2017,4.5,36099
2017,5.7,36101
2017,4.5,36103
2017,4.9,36105
2017,5.1,36107
2017,4.3,36109
2017,4.5,36111
2017,5.3,36113
2017,4.6,36115
2017,5,36117
2017,4.5,36119
2017,5.6,36121
2017,4.4,36123
2017,4.5,37000
2017,4.2,37001
2017,3.6,37003
2017,5,37005
2017,5.1,37007
2017,4.1,37009
2017,4.2,37011
2017,5,37013
2017,5.9,37015
2017,5.8,37017
2017,5.6,37019
2017,3.4,37021
2017,4.1,37023
2017,4.1,37025
2017,4.4,37027
2017,4.3,37029
2017,4.4,37031
2017,4.7,37033
2017,4.1,37035
2017,3.8,37037
2017,4.9,37039
2017,5.2,37041
2017,4.9,37043
2017,4.6,37045
2017,5.4,37047
2017,4.6,37049
2017,5.7,37051
2017,4.3,37053
2017,5.8,37055
2017,4.3,37057
2017,3.9,37059
2017,4.8,37061
2017,4,37063
2017,7.6,37065
2017,4.3,37067
2017,4.6,37069
2017,4.6,37071
2017,4.4,37073
2017,6.8,37075
2017,3.8,37077
2017,4.4,37079
2017,4.7,37081
2017,7.2,37083
2017,5.1,37085
2017,4,37087
2017,3.8,37089
2017,5.7,37091
2017,5.7,37093
2017,8.3,37095
2017,4.2,37097
2017,4.7,37099
2017,4.1,37101
2017,4.4,37103
2017,5.1,37105
2017,4.4,37107
2017,4,37109
2017,4,37111
2017,4.6,37113
2017,4.2,37115
2017,5.6,37117
2017,4.3,37119
2017,5.2,37121
2017,4.5,37123
2017,4.4,37125
2017,6,37127
2017,4.1,37129
2017,6.2,37131
2017,5.2,37133
2017,3.7,37135
2017,4.6,37137
2017,5.5,37139
2017,4.6,37141
2017,5.6,37143
2017,4.6,37145
2017,4.8,37147
2017,4.1,37149
2017,4.3,37151
2017,6,37153
2017,6.4,37155
2017,5.1,37157
2017,4.7,37159
2017,6,37161
2017,4.7,37163
2017,7.6,37165
2017,4.1,37167
2017,4.2,37169
2017,4.1,37171
2017,5,37173
2017,4.3,37175
2017,7.6,37177
2017,4,37179
2017,6.1,37181
2017,3.9,37183
2017,6.8,37185
2017,6.5,37187
2017,4,37189
2017,5,37191
2017,4.2,37193
2017,7.2,37195
2017,3.9,37197
2017,4.5,37199
2017,2.7,38000
2017,2.5,38001
2017,2.8,38003
2017,3.6,38005
2017,3.2,38007
2017,3.4,38009
2017,1.8,38011
2017,3.1,38013
2017,2.5,38015
2017,2.1,38017
2017,2.7,38019
2017,1.8,38021
2017,1.6,38023
2017,2.2,38025
2017,4.7,38027
2017,4,38029
2017,2.5,38031
2017,2,38033
2017,2.2,38035
2017,3,38037
2017,2.9,38039
2017,1.9,38041
2017,3.6,38043
2017,1.9,38045
2017,2.5,38047
2017,4.3,38049
2017,2.6,38051
2017,2.5,38053
2017,3.2,38055
2017,4.1,38057
2017,3.1,38059
2017,2.1,38061
2017,3.1,38063
2017,4.2,38065
2017,4.2,38067
2017,3.2,38069
2017,2.7,38071
2017,2,38073
2017,2.6,38075
2017,2.4,38077
2017,10.5,38079
2017,2.1,38081
2017,4.5,38083
2017,3.8,38085
2017,2.1,38087
2017,2.7,38089
2017,1.7,38091
2017,2.4,38093
2017,2.6,38095
2017,2.5,38097
2017,3.4,38099
2017,3.3,38101
2017,3.3,38103
2017,2.5,38105
2017,5,39000
2017,7.2,39001
2017,5,39003
2017,4.9,39005
2017,5.9,39007
2017,6.1,39009
2017,3.7,39011
2017,6.4,39013
2017,5.7,39015
2017,4.5,39017
2017,5.9,39019
2017,4.1,39021
2017,4.9,39023
2017,4.4,39025
2017,5.5,39027
2017,6,39029
2017,6.8,39031
2017,5.8,39033
2017,5.6,39035
2017,4.2,39037
2017,4.9,39039
2017,3.6,39041
2017,6.1,39043
2017,4.3,39045
2017,4.3,39047
2017,4.1,39049
2017,4.9,39051
2017,6.6,39053
2017,4.6,39055
2017,4.3,39057
2017,6,39059
2017,4.4,39061
2017,3.6,39063
2017,5,39065
2017,6,39067
2017,5.2,39069
2017,6,39071
2017,5.5,39073
2017,3.6,39075
2017,6.4,39077
2017,7.2,39079
2017,7.4,39081
2017,4.5,39083
2017,4.9,39085
2017,6,39087
2017,4.2,39089
2017,4.1,39091
2017,5.9,39093
2017,5.9,39095
2017,3.9,39097
2017,6.9,39099
2017,5.1,39101
2017,4.5,39103
2017,8.2,39105
2017,3.1,39107
2017,4.3,39109
2017,8.4,39111
2017,4.9,39113
2017,6.8,39115
2017,5,39117
2017,5.7,39119
2017,7.2,39121
2017,6.7,39123
2017,4.4,39125
2017,6.1,39127
2017,4.7,39129
2017,7,39131
2017,5.1,39133
2017,4.5,39135
2017,3.6,39137
2017,5.5,39139
2017,5.1,39141
2017,4.8,39143
2017,7.1,39145
2017,4.8,39147
2017,4.2,39149
2017,5.2,39151
2017,5.1,39153
2017,7.2,39155
2017,5,39157
2017,3.8,39159
2017,3.9,39161
2017,6.9,39163
2017,4.1,39165
2017,6.3,39167
2017,3.9,39169
2017,4.4,39171
2017,4.4,39173
2017,3.7,39175
2017,4.2,40000
2017,4.9,40001
2017,2.6,40003
2017,5.3,40005
2017,2.6,40007
2017,3.8,40009
2017,2.8,40011
2017,3.8,40013
2017,4.4,40015
2017,3.5,40017
2017,4.5,40019
2017,5.4,40021
2017,6.1,40023
2017,2.3,40025
2017,3.5,40027
2017,5.3,40029
2017,4.4,40031
2017,4,40033
2017,4.3,40035
2017,5,40037
2017,3.2,40039
2017,4.4,40041
2017,2.9,40043
2017,3.1,40045
2017,3.8,40047
2017,4.1,40049
2017,4,40051
2017,2.6,40053
2017,5.2,40055
2017,3.8,40057
2017,3,40059
2017,6.5,40061
2017,5.5,40063
2017,3.7,40065
2017,5.5,40067
2017,3.9,40069
2017,5.4,40071
2017,2.8,40073
2017,5.2,40075
2017,7.4,40077
2017,5.7,40079
2017,4.3,40081
2017,3.7,40083
2017,2.9,40085
2017,3.5,40087
2017,6.2,40089
2017,7.6,40091
2017,3.1,40093
2017,4.6,40095
2017,4.7,40097
2017,3.7,40099
2017,5.1,40101
2017,3.3,40103
2017,5.4,40105
2017,6,40107
2017,4,40109
2017,6.2,40111
2017,5.1,40113
2017,4.3,40115
2017,5.3,40117
2017,3.5,40119
2017,5.2,40121
2017,3.7,40123
2017,4.1,40125
2017,6.1,40127
2017,3.2,40129
2017,4.4,40131
2017,5.6,40133
2017,5.4,40135
2017,6.1,40137
2017,3.1,40139
2017,4.2,40141
2017,4.2,40143
2017,4.3,40145
2017,4.5,40147
2017,4.4,40149
2017,2.6,40151
2017,4.1,40153
2017,4.1,41000
2017,5.5,41001
2017,3.2,41003
2017,3.7,41005
2017,4.1,41007
2017,5.1,41009
2017,5.5,41011
2017,6.3,41013
2017,6.1,41015
2017,4.2,41017
2017,5.3,41019
2017,4.2,41021
2017,6.9,41023
2017,6.3,41025
2017,3.6,41027
2017,4.7,41029
2017,5.6,41031
2017,5.4,41033
2017,5.9,41035
2017,5.7,41037
2017,4.4,41039
2017,4.8,41041
2017,4.7,41043
2017,4.6,41045
2017,4.3,41047
2017,4.4,41049
2017,3.6,41051
2017,4.3,41053
2017,4.7,41055
2017,4.2,41057
2017,4.8,41059
2017,5.3,41061
2017,5.7,41063
2017,4.2,41065
2017,3.5,41067
2017,4,41069
2017,3.7,41071
2017,4.9,42000
2017,3.6,42001
2017,4.7,42003
2017,6.1,42005
2017,5.5,42007
2017,5.1,42009
2017,4.6,42011
2017,4.8,42013
2017,5.1,42015
2017,4.2,42017
2017,4.5,42019
2017,6,42021
2017,6.8,42023
2017,5.5,42025
2017,3.7,42027
2017,3.6,42029
2017,5.6,42031
2017,5.9,42033
2017,6.1,42035
2017,5.1,42037
2017,5.5,42039
2017,3.8,42041
2017,4.5,42043
2017,4.5,42045
2017,4.8,42047
2017,5.7,42049
2017,6.9,42051
2017,6.6,42053
2017,4.4,42055
2017,5,42057
2017,5.9,42059
2017,5.9,42061
2017,5.8,42063
2017,5.5,42065
2017,4.6,42067
2017,5.1,42069
2017,3.8,42071
2017,6,42073
2017,4.1,42075
2017,5,42077
2017,5.8,42079
2017,5.6,42081
2017,6.1,42083
2017,5.4,42085
2017,5.3,42087
2017,5.8,42089
2017,3.8,42091
2017,3.8,42093
2017,4.9,42095
2017,5.6,42097
2017,4.3,42099
2017,6.2,42101
2017,5.9,42103
2017,6.5,42105
2017,5.8,42107
2017,4.4,42109
2017,6,42111
2017,5.9,42113
2017,4.7,42115
2017,5.9,42117
2017,4.3,42119
2017,6.1,42121
2017,5.2,42123
2017,5.2,42125
2017,5.1,42127
2017,5.1,42129
2017,5.3,42131
2017,4.3,42133
2017,4.4,44000
2017,3.8,44001
2017,4,44003
2017,3.9,44005
2017,4.7,44007
2017,4,44009
2017,4.3,45000
2017,4.6,45001
2017,4.1,45003
2017,6.9,45005
2017,3.9,45007
2017,7.5,45009
2017,6,45011
2017,4.1,45013
2017,3.8,45015
2017,5.2,45017
2017,3.5,45019
2017,5,45021
2017,6.1,45023
2017,4.3,45025
2017,6,45027
2017,4.8,45029
2017,5.3,45031
2017,5.7,45033
2017,3.9,45035
2017,4.6,45037
2017,7.4,45039
2017,4.5,45041
2017,5.6,45043
2017,3.7,45045
2017,4.5,45047
2017,4.4,45049
2017,5,45051
2017,3.7,45053
2017,4.5,45055
2017,4.7,45057
2017,4.4,45059
2017,6,45061
2017,3.6,45063
2017,4.5,45065
2017,7.4,45067
2017,6.6,45069
2017,4.2,45071
2017,4.4,45073
2017,7.2,45075
2017,4.1,45077
2017,4.3,45079
2017,3.9,45081
2017,4,45083
2017,5.2,45085
2017,5.4,45087
2017,6.4,45089
2017,4,45091
2017,3.2,46000
2017,2.8,46003
2017,2.8,46005
2017,4.3,46007
2017,2.8,46009
2017,3,46011
2017,2.9,46013
2017,2.9,46015
2017,7.2,46017
2017,3.4,46019
2017,3.4,46021
2017,3.6,46023
2017,4.5,46025
2017,3.2,46027
2017,3.2,46029
2017,4.1,46031
2017,4.2,46033
2017,2.8,46035
2017,3.9,46037
2017,4.7,46039
2017,9.8,46041
2017,2.9,46043
2017,2.7,46045
2017,3.9,46047
2017,3,46049
2017,3.4,46051
2017,3.4,46053
2017,2.7,46055
2017,3.5,46057
2017,2.4,46059
2017,4,46061
2017,2.9,46063
2017,2.7,46065
2017,3,46067
2017,3.1,46069
2017,5.5,46071
2017,2.4,46073
2017,2.9,46075
2017,3.1,46077
2017,3.7,46079
2017,3.2,46081
2017,2.4,46083
2017,4.9,46085
2017,2.7,46087
2017,3.3,46089
2017,4.4,46091
2017,3.3,46093
2017,4.7,46095
2017,2.8,46097
2017,2.8,46099
2017,3.6,46101
2017,11.3,46102
2017,3.3,46103
2017,2.8,46105
2017,3.3,46107
2017,4.7,46109
2017,3.5,46111
2017,3.3,46115
2017,3.2,46117
2017,3.1,46119
2017,6.5,46121
2017,2.8,46123
2017,3.1,46125
2017,3.5,46127
2017,4.9,46129
2017,2.8,46135
2017,5.2,46137
2017,3.8,47000
2017,4,47001
2017,4,47003
2017,5.4,47005
2017,5.9,47007
2017,3.5,47009
2017,3.7,47011
2017,5.2,47013
2017,3.6,47015
2017,5.2,47017
2017,4.6,47019
2017,3.1,47021
2017,4,47023
2017,4.8,47025
2017,5.2,47027
2017,5.3,47029
2017,3.7,47031
2017,4.2,47033
2017,4.7,47035
2017,2.8,47037
2017,5.2,47039
2017,4.8,47041
2017,3.4,47043
2017,4.9,47045
2017,4,47047
2017,4.6,47049
2017,3.8,47051
2017,4.6,47053
2017,3.4,47055
2017,4.3,47057
2017,4.6,47059
2017,5,47061
2017,4.1,47063
2017,3.7,47065
2017,5.8,47067
2017,5.2,47069
2017,4.8,47071
2017,4.3,47073
2017,5.3,47075
2017,5.2,47077
2017,4.6,47079
2017,3.5,47081
2017,5.9,47083
2017,4.4,47085
2017,5.4,47087
2017,4.1,47089
2017,3.9,47091
2017,3.2,47093
2017,5.6,47095
2017,5.8,47097
2017,4.4,47099
2017,4.6,47101
2017,3.3,47103
2017,3.7,47105
2017,4.4,47107
2017,5.7,47109
2017,3.5,47111
2017,4,47113
2017,4.9,47115
2017,3.5,47117
2017,3.3,47119
2017,5.3,47121
2017,4.1,47123
2017,4.1,47125
2017,3.2,47127
2017,4.9,47129
2017,5.5,47131
2017,4.2,47133
2017,4.9,47135
2017,4.5,47137
2017,4.6,47139
2017,3.8,47141
2017,6.5,47143
2017,4.4,47145
2017,3.4,47147
2017,2.9,47149
2017,5.1,47151
2017,5.1,47153
2017,4,47155
2017,4.4,47157
2017,3.6,47159
2017,5.4,47161
2017,4.1,47163
2017,3,47165
2017,4.5,47167
2017,3.5,47169
2017,5.4,47171
2017,4.4,47173
2017,4.3,47175
2017,4,47177
2017,3.8,47179
2017,5.3,47181
2017,4.9,47183
2017,4,47185
2017,2.7,47187
2017,3,47189
2017,4.3,48000
2017,3.6,48001
2017,3.1,48003
2017,5.1,48005
2017,6.8,48007
2017,3.4,48009
2017,2.6,48011
2017,4.3,48013
2017,4.4,48015
2017,4.3,48017
2017,3.6,48019
2017,3.6,48021
2017,3.4,48023
2017,6.5,48025
2017,4.3,48027
2017,3.5,48029
2017,2.7,48031
2017,3.4,48033
2017,4,48035
2017,4.6,48037
2017,5.3,48039
2017,3.1,48041
2017,3.5,48043
2017,4.3,48045
2017,8.3,48047
2017,3.9,48049
2017,4.2,48051
2017,3.2,48053
2017,3.9,48055
2017,5.8,48057
2017,3.6,48059
2017,6.9,48061
2017,5.6,48063
2017,3.2,48065
2017,5.9,48067
2017,3.3,48069
2017,6.5,48071
2017,4.5,48073
2017,3,48075
2017,3.5,48077
2017,4.6,48079
2017,3.7,48081
2017,4.5,48083
2017,3.5,48085
2017,3.5,48087
2017,4,48089
2017,3.4,48091
2017,3.7,48093
2017,4.2,48095
2017,3.6,48097
2017,4.4,48099
2017,4.2,48101
2017,5.3,48103
2017,4.1,48105
2017,4.2,48107
2017,3.7,48109
2017,2.1,48111
2017,3.9,48113
2017,4.8,48115
2017,3,48117
2017,3.4,48119
2017,3.3,48121
2017,4.4,48123
2017,4.9,48125
2017,5.1,48127
2017,3.6,48129
2017,7.7,48131
2017,4.3,48133
2017,4.1,48135
2017,3.2,48137
2017,3.5,48139
2017,4.6,48141
2017,3.4,48143
2017,4.2,48145
2017,3.3,48147
2017,3.2,48149
2017,3.6,48151
2017,5.4,48153
2017,3.5,48155
2017,4.6,48157
2017,4.6,48159
2017,6.4,48161
2017,3.9,48163
2017,3,48165
2017,5.3,48167
2017,3.3,48169
2017,2.6,48171
2017,2.7,48173
2017,4.9,48175
2017,3.5,48177
2017,5.2,48179
2017,3.5,48181
2017,5.2,48183
2017,5.3,48185
2017,3.3,48187
2017,5.1,48189
2017,6.1,48191
2017,3.9,48193
2017,2.6,48195
2017,4,48197
2017,6.1,48199
2017,5.1,48201
2017,5.2,48203
2017,1.9,48205
2017,4.8,48207
2017,3.1,48209
2017,2.5,48211
2017,4.2,48213
2017,7.5,48215
2017,3.9,48217
2017,3.7,48219
2017,4.2,48221
2017,3.6,48223
2017,4.3,48225
2017,4.3,48227
2017,5.8,48229
2017,4,48231
2017,6,48233
2017,3,48235
2017,3.7,48237
2017,4,48239
2017,7.5,48241
2017,3.2,48243
2017,7.4,48245
2017,7.3,48247
2017,7.6,48249
2017,3.8,48251
2017,5.3,48253
2017,3.5,48255
2017,3.5,48257
2017,3.1,48259
2017,3.3,48261
2017,2.6,48263
2017,3.4,48265
2017,3.5,48267
2017,3.6,48269
2017,5.6,48271
2017,5.9,48273
2017,4,48275
2017,4.2,48277
2017,5.2,48279
2017,3.7,48281
2017,3.7,48283
2017,3.6,48285
2017,3.3,48287
2017,6.3,48289
2017,7.1,48291
2017,5.6,48293
2017,3.2,48295
2017,4.7,48297
2017,3.8,48299
2017,5,48301
2017,3.2,48303
2017,3.8,48305
2017,3.5,48307
2017,3.9,48309
2017,1.9,48311
2017,4.7,48313
2017,5.7,48315
2017,3.2,48317
2017,3.4,48319
2017,7.3,48321
2017,9.3,48323
2017,3.9,48325
2017,4.8,48327
2017,3,48329
2017,5,48331
2017,3.6,48333
2017,5.4,48335
2017,4,48337
2017,4.4,48339
2017,2.9,48341
2017,8.6,48343
2017,3.6,48345
2017,4.2,48347
2017,3.9,48349
2017,8,48351
2017,4,48353
2017,5.4,48355
2017,3.6,48357
2017,2.5,48359
2017,6.9,48361
2017,4.1,48363
2017,5.4,48365
2017,3.5,48367
2017,2.5,48369
2017,4.7,48371
2017,6.1,48373
2017,3.2,48375
2017,9.4,48377
2017,3.6,48379
2017,2.8,48381
2017,3.8,48383
2017,5.7,48385
2017,5.2,48387
2017,3.6,48389
2017,5.6,48391
2017,3.9,48393
2017,4.7,48395
2017,3.4,48397
2017,3.7,48399
2017,5.1,48401
2017,8.6,48403
2017,7.5,48405
2017,5.7,48407
2017,7.7,48409
2017,3.2,48411
2017,3.7,48413
2017,4.3,48415
2017,3,48417
2017,5.2,48419
2017,3.1,48421
2017,4.1,48423
2017,4.6,48425
2017,11.8,48427
2017,4.5,48429
2017,3.7,48431
2017,3.4,48433
2017,5.1,48435
2017,4.1,48437
2017,3.7,48439
2017,3.5,48441
2017,4.6,48443
2017,5,48445
2017,4.3,48447
2017,5.4,48449
2017,3.7,48451
2017,3,48453
2017,5.5,48455
2017,7.3,48457
2017,5.2,48459
2017,3.7,48461
2017,4.7,48463
2017,5.1,48465
2017,3.8,48467
2017,4.8,48469
2017,4.6,48471
2017,4.9,48473
2017,4,48475
2017,4.2,48477
2017,4.2,48479
2017,4.5,48481
2017,4,48483
2017,3.7,48485
2017,4.7,48487
2017,11,48489
2017,3.3,48491
2017,3.5,48493
2017,5.1,48495
2017,4,48497
2017,4.7,48499
2017,3.5,48501
2017,3.8,48503
2017,7.4,48505
2017,11.2,48507
2017,3.3,49000
2017,4.1,49001
2017,3.3,49003
2017,2.8,49005
2017,5.1,49007
2017,4.9,49009
2017,3.1,49011
2017,5.7,49013
2017,5.2,49015
2017,7.6,49017
2017,5.3,49019
2017,4.2,49021
2017,3.4,49023
2017,3.4,49025
2017,3.3,49027
2017,2.9,49029
2017,5,49031
2017,3.2,49033
2017,3.1,49035
2017,7,49037
2017,4,49039
2017,3.9,49041
2017,3.1,49043
2017,3.6,49045
2017,6.1,49047
2017,2.9,49049
2017,3.3,49051
2017,3.5,49053
2017,7.4,49055
2017,3.7,49057
2017,2.9,50000
2017,2.8,50001
2017,3.6,50003
2017,3.6,50005
2017,2.2,50007
2017,4.5,50009
2017,3,50011
2017,3.4,50013
2017,3.9,50015
2017,3,50017
2017,5,50019
2017,3.4,50021
2017,2.9,50023
2017,3,50025
2017,2.5,50027
2017,3.7,51000
2017,4.5,51001
2017,3.3,51003
2017,4.6,51005
2017,4,51007
2017,4.1,51009
2017,4.4,51011
2017,2.5,51013
2017,3.4,51015
2017,3,51017
2017,3.9,51019
2017,4.1,51021
2017,3.5,51023
2017,5.3,51025
2017,7.1,51027
2017,5.4,51029
2017,4.1,51031
2017,4.3,51033
2017,4.4,51035
2017,4.8,51036
2017,4.5,51037
2017,3.6,51041
2017,3.4,51043
2017,4.3,51045
2017,3.6,51047
2017,4.1,51049
2017,6.8,51051
2017,4.5,51053
2017,4.8,51057
2017,3,51059
2017,3.3,51061
2017,3.7,51063
2017,3,51065
2017,3.9,51067
2017,3.2,51069
2017,4.7,51071
2017,3.3,51073
2017,3.5,51075
2017,4,51077
2017,3,51079
2017,4.3,51081
2017,4.9,51083
2017,3.3,51085
2017,3.6,51087
2017,4.6,51089
2017,3.3,51091
2017,3.8,51093
2017,3.5,51095
2017,3.5,51097
2017,3.7,51099
2017,3.4,51101
2017,5.2,51103
2017,5.2,51105
2017,3,51107
2017,3.4,51109
2017,4.1,51111
2017,2.9,51113
2017,3.7,51115
2017,4.9,51117
2017,3.2,51119
2017,3.7,51121
2017,3.5,51125
2017,3.2,51127
2017,5.6,51131
2017,5.2,51133
2017,3.8,51135
2017,3.8,51137
2017,5.1,51139
2017,4.2,51141
2017,4.3,51143
2017,3.3,51145
2017,4.8,51147
2017,4.5,51149
2017,3.4,51153
2017,5.3,51155
2017,3.5,51157
2017,3.6,51159
2017,3.4,51161
2017,4.1,51163
2017,3.2,51165
2017,5.2,51167
2017,4,51169
2017,3.4,51171
2017,5,51173
2017,3.6,51175
2017,3.7,51177
2017,3.6,51179
2017,4.4,51181
2017,5.9,51183
2017,5.6,51185
2017,3.7,51187
2017,4.1,51191
2017,4.4,51193
2017,6.4,51195
2017,5,51197
2017,3.5,51199
2017,2.8,51510
2017,4.5,51520
2017,4.2,51530
2017,3.1,51540
2017,3.8,51550
2017,4,51570
2017,6,51580
2017,5.6,51590
2017,5.3,51595
2017,2.9,51600
2017,2.6,51610
2017,5.3,51620
2017,4.4,51630
2017,4.2,51640
2017,5,51650
2017,4.4,51660
2017,6.1,51670
2017,6,51678
2017,4.9,51680
2017,3.4,51683
2017,3.3,51685
2017,6.3,51690
2017,4.6,51700
2017,4.6,51710
2017,5.2,51720
2017,7.3,51730
2017,3.4,51735
2017,5.4,51740
2017,4.9,51750
2017,4.3,51760
2017,4.1,51770
2017,3.7,51775
2017,3.6,51790
2017,4.1,51800
2017,3.5,51810
2017,4,51820
2017,5.2,51830
2017,3.6,51840
2017,4.7,53000
2017,5.8,53001
2017,4.2,53003
2017,5.6,53005
2017,4.9,53007
2017,6.9,53009
2017,5.2,53011
2017,5.7,53013
2017,6.2,53015
2017,5.7,53017
2017,11.2,53019
2017,6.4,53021
2017,5.4,53023
2017,6.3,53025
2017,7.2,53027
2017,5.3,53029
2017,6.2,53031
2017,3.5,53033
2017,4.9,53035
2017,5.4,53037
2017,6,53039
2017,6.7,53041
2017,5,53043
2017,6.7,53045
2017,6.9,53047
2017,7.2,53049
2017,7.5,53051
2017,5.4,53053
2017,4,53055
2017,5.6,53057
2017,6.2,53059
2017,3.9,53061
2017,5.5,53063
2017,7.4,53065
2017,5,53067
2017,7.4,53069
2017,5,53071
2017,5.1,53073
2017,4.4,53075
2017,6.9,53077
2017,5.2,54000
2017,5.8,54001
2017,3.6,54003
2017,6.4,54005
2017,7.5,54007
2017,6.1,54009
2017,4.5,54011
2017,10.8,54013
2017,8.6,54015
2017,4.3,54017
2017,6.4,54019
2017,7.2,54021
2017,5.6,54023
2017,4.9,54025
2017,3.9,54027
2017,6,54029
2017,4.9,54031
2017,4.8,54033
2017,5.7,54035
2017,3.1,54037
2017,5.1,54039
2017,6.6,54041
2017,6.8,54043
2017,7.4,54045
2017,8.9,54047
2017,5.3,54049
2017,5.9,54051
2017,6.7,54053
2017,5.8,54055
2017,5.3,54057
2017,8.6,54059
2017,3.7,54061
2017,4.4,54063
2017,3.9,54065
2017,7.1,54067
2017,4.7,54069
2017,3.7,54071
2017,7,54073
2017,5.9,54075
2017,4.9,54077
2017,4.7,54079
2017,5.4,54081
2017,5.4,54083
2017,5.5,54085
2017,8.7,54087
2017,5.9,54089
2017,4.9,54091
2017,5.2,54093
2017,7.7,54095
2017,6.1,54097
2017,5.8,54099
2017,6.3,54101
2017,7.5,54103
2017,7.9,54105
2017,5.5,54107
2017,7.1,54109
2017,3.3,55000
2017,5.1,55001
2017,4.6,55003
2017,3.5,55005
2017,5.2,55007
2017,2.9,55009
2017,3.8,55011
2017,4.8,55013
2017,2.8,55015
2017,3.5,55017
2017,3.1,55019
2017,3,55021
2017,4.2,55023
2017,2.4,55025
2017,2.9,55027
2017,3.8,55029
2017,4.5,55031
2017,3.3,55033
2017,2.9,55035
2017,4.7,55037
2017,2.8,55039
2017,5,55041
2017,3.1,55043
2017,2.8,55045
2017,3.8,55047
2017,3,55049
2017,6.2,55051
2017,3.4,55053
2017,3.2,55055
2017,3.3,55057
2017,3.9,55059
2017,3.1,55061
2017,2.9,55063
2017,2.5,55065
2017,4.2,55067
2017,3.6,55069
2017,3.5,55071
2017,2.9,55073
2017,4.4,55075
2017,3.9,55077
2017,5.9,55078
2017,4,55079
2017,2.9,55081
2017,3.5,55083
2017,3.8,55085
2017,3,55087
2017,2.7,55089
2017,3.5,55091
2017,3.4,55093
2017,3.8,55095
2017,3.1,55097
2017,3.7,55099
2017,4,55101
2017,3,55103
2017,3.7,55105
2017,4.4,55107
2017,3.1,55109
2017,2.9,55111
2017,4.7,55113
2017,3.2,55115
2017,2.8,55117
2017,3.5,55119
2017,3.1,55121
2017,3.1,55123
2017,4.4,55125
2017,3.3,55127
2017,3.9,55129
2017,2.8,55131
2017,2.9,55133
2017,3.2,55135
2017,4,55137
2017,3,55139
2017,3.7,55141
2017,4.2,56000
2017,2.9,56001
2017,4.2,56003
2017,4.8,56005
2017,4,56007
2017,4.4,56009
2017,3.5,56011
2017,5.5,56013
2017,2.9,56015
2017,3.9,56017
2017,4.2,56019
2017,3.6,56021
2017,3.7,56023
2017,5.2,56025
2017,2.8,56027
2017,4.2,56029
2017,3.7,56031
2017,3.9,56033
2017,4.5,56035
2017,4.5,56037
2017,2.8,56039
2017,4.5,56041
2017,4,56043
2017,3.9,56045
2017,10.8,72000
2017,15.1,72001
2017,12.9,72003
2017,14.5,72005
2017,12.5,72007
2017,14.2,72009
2017,12.5,72011
2017,11.7,72013
2017,17.7,72015
2017,14,72017
2017,11.4,72019
2017,7.7,72021
2017,13.6,72023
2017,9.1,72025
2017,11.6,72027
2017,9.7,72029
2017,7.8,72031
2017,9.1,72033
2017,10.1,72035
2017,13.5,72037
2017,16.1,72039
2017,8.4,72041
2017,16.2,72043
2017,11.8,72045
2017,11.3,72047
2017,4.4,72049
2017,6.9,72051
2017,13.3,72053
2017,14.3,72054
2017,18.3,72055
2017,15.6,72057
2017,16.4,72059
2017,5.3,72061
2017,7.3,72063
2017,14,72065
2017,12.7,72067
2017,14,72069
2017,13.4,72071
2017,13,72073
2017,12.9,72075
2017,11.5,72077
2017,19.4,72079
2017,18.6,72081
2017,20.6,72083
2017,12,72085
2017,9.6,72087
2017,12.8,72089
2017,10.6,72091
2017,20.1,72093
2017,17.3,72095
2017,14,72097
2017,14.7,72099
2017,12.4,72101
2017,11.1,72103
2017,11.8,72105
2017,14.3,72107
2017,19.7,72109
2017,17.5,72111
2017,11.6,72113
2017,15.8,72115
2017,15.3,72117
2017,9.7,72119
2017,16.8,72121
2017,18.7,72123
2017,15.7,72125
2017,7,72127
2017,12.8,72129
2017,17.7,72131
2017,13.5,72133
2017,7.7,72135
2017,8.1,72137
2017,5.9,72139
2017,14,72141
2017,10.7,72143
2017,12.4,72145
2017,14.5,72147
2017,19.4,72149
2017,16.5,72151
2017,17.2,72153
2010,9.634055913,0
2010,10.5,1000
2010,8.9,1001
2010,10,1003
2010,12.3,1005
2010,11.4,1007
2010,9.8,1009
2010,11.8,1011
2010,13.6,1013
2010,11.4,1015
2010,14.9,1017
2010,10.6,1019
2010,10.3,1021
2010,13.3,1023
2010,19.9,1025
2010,14.5,1027
2010,10,1029
2010,8.6,1031
2010,11.5,1033
2010,17.2,1035
2010,15.4,1037
2010,10.3,1039
2010,10.2,1041
2010,10.4,1043
2010,8.8,1045
2010,16.9,1047
2010,12.7,1049
2010,9.1,1051
2010,11.8,1053
2010,10.9,1055
2010,13,1057
2010,10.7,1059
2010,10.4,1061
2010,17.3,1063
2010,15.1,1065
2010,10.9,1067
2010,9.1,1069
2010,11.8,1071
2010,10.3,1073
2010,13.2,1075
2010,10.1,1077
2010,12.6,1079
2010,9,1081
2010,9.6,1083
2010,18.5,1085
2010,14.8,1087
2010,8.3,1089
2010,13.7,1091
2010,13.6,1093
2010,9.6,1095
2010,11.3,1097
2010,18.1,1099
2010,10,1101
2010,10.8,1103
2010,16.8,1105
2010,13.1,1107
2010,9.4,1109
2010,13.4,1111
2010,10.9,1113
2010,10.1,1115
2010,7.1,1117
2010,13.3,1119
2010,13.5,1121
2010,13.1,1123
2010,9.2,1125
2010,12.7,1127
2010,14.2,1129
2010,26.3,1131
2010,16,1133
2010,7.9,2000
2010,5.6,2013
2010,5.1,2016
2010,6.6,2020
2010,14.6,2050
2010,9.7,2060
2010,11.9,2068
2010,10.1,2070
2010,6.6,2090
2010,10.6,2100
2010,14,2105
2010,5.9,2110
2010,10,2122
2010,8.7,2130
2010,7.4,2150
2010,20.4,2158
2010,14.4,2164
2010,9.4,2170
2010,12.6,2180
2010,8,2185
2010,13.4,2188
2010,7.9,2195
2010,10.5,2198
2010,,2201
2010,6.3,2220
2010,14.5,2230
2010,,2232
2010,11.9,2240
2010,9.4,2261
2010,8,2275
2010,,2280
2010,10.8,2282
2010,17.2,2290
2010,10.4,4000
2010,16.4,4001
2010,9.3,4003
2010,9.9,4005
2010,12.5,4007
2010,12.9,4009
2010,16.4,4011
2010,10.2,4012
2010,9.5,4013
2010,13,4015
2010,14.7,4017
2010,9.3,4019
2010,10.7,4021
2010,15.2,4023
2010,10.7,4025
2010,25.1,4027
2010,8.2,5000
2010,18.6,5001
2010,9.9,5003
2010,9.4,5005
2010,6.7,5007
2010,7.8,5009
2010,10.5,5011
2010,8.7,5013
2010,7.3,5015
2010,12.3,5017
2010,8.4,5019
2010,11,5021
2010,8.6,5023
2010,8.4,5025
2010,10,5027
2010,9.7,5029
2010,7.4,5031
2010,8.2,5033
2010,10.5,5035
2010,8.3,5037
2010,11.9,5039
2010,11.1,5041
2010,10.7,5043
2010,7.2,5045
2010,7.7,5047
2010,7.8,5049
2010,8.5,5051
2010,7.1,5053
2010,9.7,5055
2010,9.2,5057
2010,8.6,5059
2010,7.7,5061
2010,8.8,5063
2010,10.1,5065
2010,11.9,5067
2010,10.4,5069
2010,8.2,5071
2010,9.8,5073
2010,9.5,5075
2010,8.6,5077
2010,9.4,5079
2010,7.8,5081
2010,8.6,5083
2010,6.8,5085
2010,7.1,5087
2010,10.1,5089
2010,5.8,5091
2010,12.4,5093
2010,9.2,5095
2010,8.7,5097
2010,10,5099
2010,6.9,5101
2010,9.5,5103
2010,8.9,5105
2010,10.5,5107
2010,9,5109
2010,9.3,5111
2010,7.4,5113
2010,7.8,5115
2010,9.2,5117
2010,7.3,5119
2010,10.3,5121
2010,10.7,5123
2010,6.7,5125
2010,7,5127
2010,9.2,5129
2010,8,5131
2010,7,5133
2010,9.8,5135
2010,7.6,5137
2010,11.3,5139
2010,11.2,5141
2010,6.5,5143
2010,8.3,5145
2010,10.5,5147
2010,8.1,5149
2010,12.2,6000
2010,10.9,6001
2010,12.9,6003
2010,14.1,6005
2010,13.9,6007
2010,14.4,6009
2010,20.8,6011
2010,11,6013
2010,13.2,6015
2010,12.2,6017
2010,16.7,6019
2010,15.4,6021
2010,10.6,6023
2010,28.8,6025
2010,9.7,6027
2010,15.7,6029
2010,16.1,6031
2010,15.1,6033
2010,14,6035
2010,12.5,6037
2010,16.6,6039
2010,7.9,6041
2010,12.9,6043
2010,11.6,6045
2010,18,6047
2010,15.2,6049
2010,10.2,6051
2010,12.7,6053
2010,10.3,6055
2010,11.7,6057
2010,9.7,6059
2010,11.6,6061
2010,18.2,6063
2010,13.8,6065
2010,12.6,6067
2010,15.1,6069
2010,13.5,6071
2010,10.8,6073
2010,8.9,6075
2010,16.5,6077
2010,10.1,6079
2010,8.4,6081
2010,9.7,6083
2010,10.4,6085
2010,13.3,6087
2010,16.8,6089
2010,15.3,6091
2010,16.8,6093
2010,12.6,6095
2010,10.8,6097
2010,16.9,6099
2010,18.4,6101
2010,15.4,6103
2010,17,6105
2010,17.2,6107
2010,15.2,6109
2010,10.8,6111
2010,12.1,6113
2010,17.8,6115
2010,8.7,8000
2010,10,8001
2010,9,8003
2010,8.6,8005
2010,10.6,8007
2010,4.9,8009
2010,8.1,8011
2010,7,8013
2010,7.4,8014
2010,7.7,8015
2010,4.1,8017
2010,8.1,8019
2010,9.6,8021
2010,10.6,8023
2010,9.1,8025
2010,6.6,8027
2010,10.7,8029
2010,9.1,8031
2010,17.7,8033
2010,7,8035
2010,8.5,8037
2010,8.1,8039
2010,9.3,8041
2010,11.7,8043
2010,10.3,8045
2010,8,8047
2010,8.8,8049
2010,6.4,8051
2010,5.7,8053
2010,14,8055
2010,8.8,8057
2010,8.4,8059
2010,6.4,8061
2010,4.5,8063
2010,11,8065
2010,7.1,8067
2010,7.6,8069
2010,10.6,8071
2010,6,8073
2010,6.3,8075
2010,11,8077
2010,7,8079
2010,9.9,8081
2010,9.1,8083
2010,11,8085
2010,7,8087
2010,9.2,8089
2010,9.8,8091
2010,8.1,8093
2010,5.3,8095
2010,8.1,8097
2010,7,8099
2010,10.4,8101
2010,8.9,8103
2010,10.6,8105
2010,9.3,8107
2010,10.1,8109
2010,12.5,8111
2010,7.8,8113
2010,7.4,8115
2010,6.7,8117
2010,9.4,8119
2010,5.9,8121
2010,9.2,8123
2010,5.6,8125
2010,9.1,9000
2010,8.4,9001
2010,9.4,9003
2010,8.7,9005
2010,7.9,9007
2010,10,9009
2010,8.9,9011
2010,7.8,9013
2010,10.3,9015
2010,8.4,10000
2010,8.9,10001
2010,8.3,10003
2010,8.5,10005
2010,9.4,11000
2010,9.4,11001
2010,11.1,12000
2010,8,12001
2010,11.3,12003
2010,10.5,12005
2010,9.9,12007
2010,11.3,12009
2010,10.2,12011
2010,10.1,12013
2010,12.7,12015
2010,13.7,12017
2010,9.9,12019
2010,11.6,12021
2010,10.8,12023
2010,12.2,12027
2010,12.9,12029
2010,11.4,12031
2010,10.1,12033
2010,12.4,12035
2010,8,12037
2010,11.8,12039
2010,10.8,12041
2010,9.5,12043
2010,10.3,12045
2010,11.4,12047
2010,11.5,12049
2010,14,12051
2010,13.5,12053
2010,12.5,12055
2010,10.7,12057
2010,10.4,12059
2010,13.9,12061
2010,9.1,12063
2010,9.9,12065
2010,7.3,12067
2010,11.8,12069
2010,12.5,12071
2010,7.9,12073
2010,11.9,12075
2010,8.8,12077
2010,10,12079
2010,11.4,12081
2010,13.6,12083
2010,10.8,12085
2010,11.1,12086
2010,7.8,12087
2010,10.6,12089
2010,8.4,12091
2010,12.6,12093
2010,10.8,12095
2010,12.5,12097
2010,11,12099
2010,11.9,12101
2010,10.8,12103
2010,12.1,12105
2010,13.4,12107
2010,8.7,12109
2010,13.8,12111
2010,9.3,12113
2010,11.6,12115
2010,10.6,12117
2010,13.3,12119
2010,9.8,12121
2010,10.6,12123
2010,8.5,12125
2010,12.3,12127
2010,8.4,12129
2010,9.4,12131
2010,10.6,12133
2010,10.5,13000
2010,11.8,13001
2010,15.2,13003
2010,10.6,13005
2010,12.1,13007
2010,15.4,13009
2010,9.7,13011
2010,10.8,13013
2010,12.2,13015
2010,15.9,13017
2010,13,13019
2010,11.6,13021
2010,12.5,13023
2010,12.7,13025
2010,9.6,13027
2010,9.6,13029
2010,10.1,13031
2010,12.2,13033
2010,11.5,13035
2010,8.8,13037
2010,9.9,13039
2010,8.8,13043
2010,11.7,13045
2010,8.6,13047
2010,10.6,13049
2010,9.9,13051
2010,10.9,13053
2010,11.7,13055
2010,8.8,13057
2010,9.3,13059
2010,11.6,13061
2010,13.5,13063
2010,11.1,13065
2010,9.3,13067
2010,15.8,13069
2010,9.7,13071
2010,7.3,13073
2010,11.7,13075
2010,9.7,13077
2010,11.4,13079
2010,14.2,13081
2010,8.7,13083
2010,10.9,13085
2010,12.4,13087
2010,10.8,13089
2010,13,13091
2010,11.6,13093
2010,12.6,13095
2010,11.2,13097
2010,11.7,13099
2010,8.2,13101
2010,9.6,13103
2010,14.9,13105
2010,12.9,13107
2010,9.1,13109
2010,11.7,13111
2010,8.2,13113
2010,11.8,13115
2010,8,13117
2010,12.7,13119
2010,10.5,13121
2010,11.3,13123
2010,11,13125
2010,10,13127
2010,12.7,13129
2010,10.5,13131
2010,13.2,13133
2010,9.2,13135
2010,10.7,13137
2010,9.6,13139
2010,22.9,13141
2010,12.3,13143
2010,7.7,13145
2010,11.5,13147
2010,12.1,13149
2010,10.3,13151
2010,8.5,13153
2010,14.7,13155
2010,10.5,13157
2010,11.7,13159
2010,12.8,13161
2010,14.1,13163
2010,15.2,13165
2010,10.8,13167
2010,9.7,13169
2010,14.2,13171
2010,10.5,13173
2010,13.2,13175
2010,9,13177
2010,9,13179
2010,11.5,13181
2010,8.4,13183
2010,9.6,13185
2010,10.4,13187
2010,13.2,13189
2010,10.6,13191
2010,13.2,13193
2010,10.4,13195
2010,10.7,13197
2010,13.7,13199
2010,10.4,13201
2010,10.8,13205
2010,10.2,13207
2010,12,13209
2010,10.4,13211
2010,13.8,13213
2010,10.1,13215
2010,12.7,13217
2010,7.1,13219
2010,9.6,13221
2010,10,13223
2010,12.1,13225
2010,11,13227
2010,10.4,13229
2010,10.7,13231
2010,12,13233
2010,9.2,13235
2010,12.9,13237
2010,10,13239
2010,11.8,13241
2010,12.2,13243
2010,11,13245
2010,11.3,13247
2010,12.1,13249
2010,17,13251
2010,12.5,13253
2010,14.9,13255
2010,12.3,13257
2010,10.3,13259
2010,13.3,13261
2010,10.1,13263
2010,18,13265
2010,9.1,13267
2010,14.5,13269
2010,14.7,13271
2010,12.2,13273
2010,11.2,13275
2010,12,13277
2010,12.3,13279
2010,12.9,13281
2010,12.1,13283
2010,11.5,13285
2010,16.6,13287
2010,15.5,13289
2010,11,13291
2010,12.2,13293
2010,10.3,13295
2010,10.6,13297
2010,11,13299
2010,17.2,13301
2010,14.5,13303
2010,12,13305
2010,12.8,13307
2010,15.1,13309
2010,10.2,13311
2010,11.9,13313
2010,12.4,13315
2010,13.2,13317
2010,14,13319
2010,12.1,13321
2010,6.9,15000
2010,9.8,15001
2010,6,15003
2010,8.6,15007
2010,8.5,15009
2010,9,16000
2010,8.3,16001
2010,18.5,16003
2010,8,16005
2010,7.4,16007
2010,13.6,16009
2010,7.2,16011
2010,9.5,16013
2010,10.6,16015
2010,12.9,16017
2010,7,16019
2010,13.4,16021
2010,7.2,16023
2010,12.8,16025
2010,11.3,16027
2010,7.8,16029
2010,7.1,16031
2010,9.3,16033
2010,14.6,16035
2010,8.2,16037
2010,8.6,16039
2010,5.3,16041
2010,8.7,16043
2010,11.4,16045
2010,7.5,16047
2010,12.5,16049
2010,7.1,16051
2010,8.1,16053
2010,10.9,16055
2010,6.6,16057
2010,10.2,16059
2010,6.7,16061
2010,13.1,16063
2010,5.4,16065
2010,7.4,16067
2010,6.7,16069
2010,6,16071
2010,4.2,16073
2010,9.7,16075
2010,9.2,16077
2010,15.9,16079
2010,7.9,16081
2010,8.5,16083
2010,15.7,16085
2010,10.3,16087
2010,10.4,17000
2010,7.7,17001
2010,11.7,17003
2010,10,17005
2010,13.8,17007
2010,6.9,17009
2010,10.8,17011
2010,10,17013
2010,10.4,17015
2010,8.3,17017
2010,8.2,17019
2010,10.1,17021
2010,11.7,17023
2010,11.3,17025
2010,7.3,17027
2010,9.8,17029
2010,10.9,17031
2010,8.5,17033
2010,9.2,17035
2010,10.5,17037
2010,8.7,17039
2010,8.8,17041
2010,8.9,17043
2010,11.2,17045
2010,8.7,17047
2010,7.9,17049
2010,10.1,17051
2010,9.4,17053
2010,12.3,17055
2010,11.7,17057
2010,9.6,17059
2010,9.3,17061
2010,13.3,17063
2010,9.4,17065
2010,10.6,17067
2010,10.8,17069
2010,9.3,17071
2010,9.1,17073
2010,10.1,17075
2010,8.2,17077
2010,8.9,17079
2010,10.2,17081
2010,9.1,17083
2010,8.9,17085
2010,12.5,17087
2010,11,17089
2010,12.5,17091
2010,10.1,17093
2010,9.5,17095
2010,9.8,17097
2010,12,17099
2010,10.7,17101
2010,10,17103
2010,10,17105
2010,8.7,17107
2010,8.5,17109
2010,10.5,17111
2010,7.1,17113
2010,11.1,17115
2010,10.3,17117
2010,9.8,17119
2010,10.8,17121
2010,10.2,17123
2010,12.2,17125
2010,9.5,17127
2010,7.6,17129
2010,9.9,17131
2010,7.3,17133
2010,12.3,17135
2010,8.4,17137
2010,8.5,17139
2010,12.4,17141
2010,10.5,17143
2010,11,17145
2010,7.8,17147
2010,8.9,17149
2010,9.4,17151
2010,12.4,17153
2010,12,17155
2010,8.8,17157
2010,8.9,17159
2010,9.5,17161
2010,10.3,17163
2010,10.2,17165
2010,7.8,17167
2010,8.2,17169
2010,8.7,17171
2010,9.7,17173
2010,9.7,17175
2010,11,17177
2010,9.9,17179
2010,12,17181
2010,11.5,17183
2010,9.8,17185
2010,7.8,17187
2010,7.2,17189
2010,8.9,17191
2010,8.5,17193
2010,10.3,17195
2010,11.1,17197
2010,9.7,17199
2010,14,17201
2010,7.7,17203
2010,10.4,18000
2010,10.1,18001
2010,10.7,18003
2010,9.5,18005
2010,9.2,18007
2010,14.4,18009
2010,7.6,18011
2010,10.4,18013
2010,9.9,18015
2010,10.8,18017
2010,9.5,18019
2010,11.1,18021
2010,10.1,18023
2010,12.9,18025
2010,6.5,18027
2010,10.9,18029
2010,11.6,18031
2010,11.9,18033
2010,11.6,18035
2010,7.5,18037
2010,13.3,18039
2010,14.6,18041
2010,8.9,18043
2010,11.8,18045
2010,11.5,18047
2010,11.4,18049
2010,8,18051
2010,11.6,18053
2010,10.7,18055
2010,6.7,18057
2010,9.3,18059
2010,9.9,18061
2010,7.9,18063
2010,13.9,18065
2010,12.6,18067
2010,11.9,18069
2010,10.5,18071
2010,10.4,18073
2010,10.7,18075
2010,11.3,18077
2010,12.9,18079
2010,8.8,18081
2010,8.2,18083
2010,11,18085
2010,12,18087
2010,10.8,18089
2010,12,18091
2010,12.7,18093
2010,12.1,18095
2010,10.5,18097
2010,11.3,18099
2010,7.5,18101
2010,12.5,18103
2010,7.9,18105
2010,10.2,18107
2010,10.4,18109
2010,11.3,18111
2010,13.2,18113
2010,11.1,18115
2010,12.8,18117
2010,11.5,18119
2010,10.9,18121
2010,10.6,18123
2010,9.5,18125
2010,9.5,18127
2010,7.8,18129
2010,10,18131
2010,11.6,18133
2010,11.8,18135
2010,11.2,18137
2010,11.1,18139
2010,11.6,18141
2010,13.2,18143
2010,11,18145
2010,8.8,18147
2010,13.3,18149
2010,11.1,18151
2010,10.1,18153
2010,9.3,18155
2010,8.9,18157
2010,10.3,18159
2010,10.3,18161
2010,8.9,18163
2010,12.9,18165
2010,11.2,18167
2010,11.4,18169
2010,10.5,18171
2010,8,18173
2010,12.2,18175
2010,12.8,18177
2010,9.8,18179
2010,10.5,18181
2010,11.5,18183
2010,6,19000
2010,5.5,19001
2010,4.8,19003
2010,7.8,19005
2010,7.3,19007
2010,5.6,19009
2010,6.2,19011
2010,6.2,19013
2010,5.7,19015
2010,4.9,19017
2010,6,19019
2010,4.7,19021
2010,6.1,19023
2010,6,19025
2010,4.3,19027
2010,6.3,19029
2010,5.4,19031
2010,6.8,19033
2010,4.5,19035
2010,7.4,19037
2010,7.7,19039
2010,5.9,19041
2010,7.1,19043
2010,7,19045
2010,4.7,19047
2010,4.6,19049
2010,7.1,19051
2010,6.1,19053
2010,6.1,19055
2010,7.4,19057
2010,6.8,19059
2010,5.8,19061
2010,7,19063
2010,7.1,19065
2010,7.2,19067
2010,6.2,19069
2010,5.9,19071
2010,5.9,19073
2010,5.7,19075
2010,6.5,19077
2010,7.3,19079
2010,6.6,19081
2010,6.5,19083
2010,5.6,19085
2010,8.3,19087
2010,6.3,19089
2010,5.2,19091
2010,5.1,19093
2010,5.5,19095
2010,7.2,19097
2010,7.3,19099
2010,7.1,19101
2010,4.2,19103
2010,6.4,19105
2010,6.5,19107
2010,5.1,19109
2010,8.9,19111
2010,6,19113
2010,7.3,19115
2010,6.1,19117
2010,3.9,19119
2010,6.4,19121
2010,6.7,19123
2010,5.9,19125
2010,6.8,19127
2010,5.2,19129
2010,5.2,19131
2010,7.2,19133
2010,7.2,19135
2010,8.1,19137
2010,8,19139
2010,4.7,19141
2010,4.9,19143
2010,6.8,19145
2010,6,19147
2010,4.5,19149
2010,5.1,19151
2010,6,19153
2010,5.8,19155
2010,5.8,19157
2010,4.7,19159
2010,4.7,19161
2010,6.6,19163
2010,4.5,19165
2010,3.9,19167
2010,4.2,19169
2010,6.4,19171
2010,5.6,19173
2010,5.6,19175
2010,7.3,19177
2010,7.9,19179
2010,5.6,19181
2010,5.1,19183
2010,6.2,19185
2010,6.9,19187
2010,6.7,19189
2010,5.5,19191
2010,6.6,19193
2010,7.3,19195
2010,7.2,19197
2010,7.1,20000
2010,8.3,20001
2010,7.7,20003
2010,9.9,20005
2010,4.5,20007
2010,6,20009
2010,9,20011
2010,6.6,20013
2010,7.8,20015
2010,5.6,20017
2010,9,20019
2010,9.1,20021
2010,4.1,20023
2010,4.4,20025
2010,5.5,20027
2010,5.6,20029
2010,7.6,20031
2010,4.5,20033
2010,7.8,20035
2010,8.7,20037
2010,5,20039
2010,6.6,20041
2010,8.8,20043
2010,5.9,20045
2010,5.3,20047
2010,8.3,20049
2010,3.9,20051
2010,4.7,20053
2010,4.6,20055
2010,4.2,20057
2010,9,20059
2010,9.2,20061
2010,3.4,20063
2010,4.8,20065
2010,4.3,20067
2010,3.2,20069
2010,3.4,20071
2010,7.6,20073
2010,3.1,20075
2010,6.3,20077
2010,7.2,20079
2010,3.6,20081
2010,3.7,20083
2010,6.2,20085
2010,7.5,20087
2010,5.5,20089
2010,6.1,20091
2010,4.5,20093
2010,6.9,20095
2010,5.2,20097
2010,9.5,20099
2010,4.2,20101
2010,7.6,20103
2010,6,20105
2010,11.2,20107
2010,3.5,20109
2010,6.7,20111
2010,5.2,20113
2010,5.9,20115
2010,5.1,20117
2010,4.2,20119
2010,7.6,20121
2010,4.8,20123
2010,10.6,20125
2010,6.8,20127
2010,4.3,20129
2010,4.3,20131
2010,10.2,20133
2010,4,20135
2010,3.8,20137
2010,8.3,20139
2010,4.9,20141
2010,6,20143
2010,4.7,20145
2010,5.1,20147
2010,5.2,20149
2010,5.6,20151
2010,3.5,20153
2010,6.4,20155
2010,4.3,20157
2010,5.4,20159
2010,5,20161
2010,6.3,20163
2010,5.4,20165
2010,5.1,20167
2010,6.2,20169
2010,3.8,20171
2010,8.8,20173
2010,4.9,20175
2010,7,20177
2010,3.4,20179
2010,4.8,20181
2010,4.3,20183
2010,5.1,20185
2010,4.1,20187
2010,4.2,20189
2010,8.9,20191
2010,4,20193
2010,4.7,20195
2010,6.5,20197
2010,5.9,20199
2010,4.8,20201
2010,3.4,20203
2010,12,20205
2010,7.9,20207
2010,10.1,20209
2010,10.2,21000
2010,12.4,21001
2010,11.7,21003
2010,9.6,21005
2010,10.3,21007
2010,11.2,21009
2010,14.6,21011
2010,12.1,21013
2010,8.9,21015
2010,9.1,21017
2010,10.2,21019
2010,11.2,21021
2010,11.4,21023
2010,13.5,21025
2010,12.9,21027
2010,10.6,21029
2010,12,21031
2010,10.5,21033
2010,8.1,21035
2010,9.1,21037
2010,9.1,21039
2010,14.5,21041
2010,14.1,21043
2010,11,21045
2010,11.7,21047
2010,10.8,21049
2010,14.5,21051
2010,11,21053
2010,9.9,21055
2010,11.8,21057
2010,9.3,21059
2010,13.3,21061
2010,15.8,21063
2010,13.5,21065
2010,7.4,21067
2010,11.5,21069
2010,13.5,21071
2010,8.7,21073
2010,11.5,21075
2010,12.3,21077
2010,11.1,21079
2010,11.8,21081
2010,9.5,21083
2010,14.2,21085
2010,11.8,21087
2010,11.5,21089
2010,10.3,21091
2010,9.7,21093
2010,11.9,21095
2010,11.1,21097
2010,10.4,21099
2010,10.3,21101
2010,9.9,21103
2010,8.2,21105
2010,9.7,21107
2010,14.1,21109
2010,10,21111
2010,8.5,21113
2010,12.6,21115
2010,9.8,21117
2010,13.5,21119
2010,13.5,21121
2010,11.3,21123
2010,11.4,21125
2010,13.6,21127
2010,12.6,21129
2010,12.9,21131
2010,11.4,21133
2010,13.8,21135
2010,12.8,21137
2010,12,21139
2010,9.9,21141
2010,11.6,21143
2010,9.1,21145
2010,14.5,21147
2010,10.2,21149
2010,8.5,21151
2010,20.5,21153
2010,12.6,21155
2010,10.5,21157
2010,10.3,21159
2010,11.3,21161
2010,11.8,21163
2010,15.5,21165
2010,11.2,21167
2010,13.3,21169
2010,10.7,21171
2010,12.2,21173
2010,13,21175
2010,10.9,21177
2010,11.2,21179
2010,10.1,21181
2010,11.2,21183
2010,7.5,21185
2010,8.4,21187
2010,13.3,21189
2010,12.3,21191
2010,11.7,21193
2010,10.4,21195
2010,15.5,21197
2010,10.6,21199
2010,11.6,21201
2010,11.2,21203
2010,10.1,21205
2010,12.8,21207
2010,8.7,21209
2010,8.9,21211
2010,13,21213
2010,9.9,21215
2010,12.3,21217
2010,10,21219
2010,14.1,21221
2010,12.9,21223
2010,9.7,21225
2010,9.2,21227
2010,10.1,21229
2010,14.1,21231
2010,9.5,21233
2010,12.6,21235
2010,16.4,21237
2010,7.3,21239
2010,8,22000
2010,7.3,22001
2010,9.8,22003
2010,7.5,22005
2010,11.6,22007
2010,8.4,22009
2010,7.9,22011
2010,10,22013
2010,6.1,22015
2010,8.1,22017
2010,8,22019
2010,10.8,22021
2010,6.3,22023
2010,10.3,22025
2010,8.7,22027
2010,9.9,22029
2010,8.8,22031
2010,7.6,22033
2010,17.7,22035
2010,8.3,22037
2010,8.6,22039
2010,11.1,22041
2010,8.5,22043
2010,8.6,22045
2010,10,22047
2010,7.3,22049
2010,7.4,22051
2010,7.5,22053
2010,6.2,22055
2010,6.1,22057
2010,6.5,22059
2010,8.7,22061
2010,7.5,22063
2010,12,22065
2010,15.4,22067
2010,9,22069
2010,8.7,22071
2010,8.3,22073
2010,6.1,22075
2010,8.7,22077
2010,7.6,22079
2010,8.5,22081
2010,11,22083
2010,7.3,22085
2010,8.3,22087
2010,7.4,22089
2010,13.1,22091
2010,11.7,22093
2010,10.6,22095
2010,9.6,22097
2010,8,22099
2010,9.4,22101
2010,6.3,22103
2010,9.7,22105
2010,13.8,22107
2010,6.5,22109
2010,10.4,22111
2010,7.3,22113
2010,8.6,22115
2010,9.6,22117
2010,10.4,22119
2010,7.9,22121
2010,16.3,22123
2010,6.7,22125
2010,9.3,22127
2010,8.1,23000
2010,8.6,23001
2010,9.7,23003
2010,6.5,23005
2010,9.2,23007
2010,8.8,23009
2010,7.6,23011
2010,7.4,23013
2010,7.6,23015
2010,10.7,23017
2010,8.5,23019
2010,10.7,23021
2010,6.7,23023
2010,11.1,23025
2010,8.5,23027
2010,10.8,23029
2010,8,23031
2010,7.7,24000
2010,9.3,24001
2010,6.9,24003
2010,8.3,24005
2010,6.9,24009
2010,9.2,24011
2010,6.8,24013
2010,9.5,24015
2010,6.9,24017
2010,11.4,24019
2010,6.9,24021
2010,8.9,24023
2010,7.8,24025
2010,5.6,24027
2010,8.8,24029
2010,5.6,24031
2010,7.5,24033
2010,7.3,24035
2010,6.5,24037
2010,11.9,24039
2010,8,24041
2010,9.6,24043
2010,9.8,24045
2010,13.4,24047
2010,11.2,24510
2010,8.3,25000
2010,9.9,25001
2010,8.8,25003
2010,10.6,25005
2010,9.8,25007
2010,8.7,25009
2010,7.6,25011
2010,10.3,25013
2010,7,25015
2010,6.9,25017
2010,9.6,25019
2010,7.4,25021
2010,8.9,25023
2010,7.6,25025
2010,8.8,25027
2010,12.6,26000
2010,17.8,26001
2010,14.1,26003
2010,11.3,26005
2010,13.1,26007
2010,16,26009
2010,16.5,26011
2010,19.4,26013
2010,10.4,26015
2010,11.6,26017
2010,13.5,26019
2010,12,26021
2010,12.6,26023
2010,11.7,26025
2010,11.4,26027
2010,14,26029
2010,14,26031
2010,11.9,26033
2010,15.5,26035
2010,8.4,26037
2010,14.2,26039
2010,12.5,26041
2010,11.5,26043
2010,9.6,26045
2010,14.4,26047
2010,14,26049
2010,14.8,26051
2010,13.1,26053
2010,11.6,26055
2010,11.8,26057
2010,13.5,26059
2010,10.8,26061
2010,12.5,26063
2010,10.3,26065
2010,11.9,26067
2010,15.8,26069
2010,12,26071
2010,9.8,26073
2010,12.2,26075
2010,10,26077
2010,15.6,26079
2010,10.1,26081
2010,15.1,26083
2010,16.2,26085
2010,16.3,26087
2010,10.4,26089
2010,13,26091
2010,11.2,26093
2010,13.4,26095
2010,14.6,26097
2010,13.9,26099
2010,13.1,26101
2010,9.8,26103
2010,12.6,26105
2010,12.6,26107
2010,11.6,26109
2010,9.8,26111
2010,12.7,26113
2010,11.7,26115
2010,14.1,26117
2010,20.2,26119
2010,14.5,26121
2010,12.7,26123
2010,11.8,26125
2010,16.2,26127
2010,14.5,26129
2010,16.7,26131
2010,13.6,26133
2010,19.6,26135
2010,14.2,26137
2010,10.3,26139
2010,17.4,26141
2010,16.6,26143
2010,12.2,26145
2010,16.4,26147
2010,12.5,26149
2010,15.4,26151
2010,13.6,26153
2010,12.9,26155
2010,14.7,26157
2010,13.5,26159
2010,8.1,26161
2010,15.5,26163
2010,14.4,26165
2010,7.4,27000
2010,10.4,27001
2010,8,27003
2010,7.9,27005
2010,8.2,27007
2010,8.7,27009
2010,6.5,27011
2010,6.4,27013
2010,6.9,27015
2010,8.4,27017
2010,6.7,27019
2010,10.6,27021
2010,7.3,27023
2010,8.9,27025
2010,5.5,27027
2010,13.1,27029
2010,7.2,27031
2010,6.5,27033
2010,9.5,27035
2010,7,27037
2010,6.9,27039
2010,6.8,27041
2010,8,27043
2010,7.5,27045
2010,7.7,27047
2010,7,27049
2010,7.9,27051
2010,7,27053
2010,7.7,27055
2010,9.9,27057
2010,9.6,27059
2010,10.2,27061
2010,5.8,27063
2010,11.2,27065
2010,6.7,27067
2010,7.5,27069
2010,8.7,27071
2010,6.7,27073
2010,8.3,27075
2010,6.5,27077
2010,8.9,27079
2010,5.5,27081
2010,5.6,27083
2010,9,27085
2010,8.3,27087
2010,9.3,27089
2010,7.3,27091
2010,8.8,27093
2010,11.1,27095
2010,9.5,27097
2010,6.1,27099
2010,6.8,27101
2010,6.1,27103
2010,5.6,27105
2010,6.9,27107
2010,5.9,27109
2010,7.2,27111
2010,9,27113
2010,9.8,27115
2010,6.6,27117
2010,6.6,27119
2010,7.1,27121
2010,7.5,27123
2010,9.6,27125
2010,6.7,27127
2010,8.1,27129
2010,7.8,27131
2010,5.1,27133
2010,6.4,27135
2010,8.1,27137
2010,6.9,27139
2010,8.4,27141
2010,7.9,27143
2010,7.2,27145
2010,7.8,27147
2010,5.6,27149
2010,8.1,27151
2010,7.8,27153
2010,6.2,27155
2010,7.1,27157
2010,10.2,27159
2010,7.5,27161
2010,6.7,27163
2010,7.3,27165
2010,5.5,27167
2010,6.9,27169
2010,8,27171
2010,6.3,27173
2010,10.4,28000
2010,11.5,28001
2010,11.5,28003
2010,11.9,28005
2010,12.5,28007
2010,12.5,28009
2010,11.4,28011
2010,9.2,28013
2010,13.1,28015
2010,12,28017
2010,11.8,28019
2010,16.7,28021
2010,12.6,28023
2010,16.4,28025
2010,13.7,28027
2010,11.4,28029
2010,10.1,28031
2010,7.5,28033
2010,9.8,28035
2010,11.4,28037
2010,11.5,28039
2010,11.9,28041
2010,11.6,28043
2010,9,28045
2010,8.8,28047
2010,9.8,28049
2010,19.6,28051
2010,17.2,28053
2010,16.2,28055
2010,11.3,28057
2010,9.5,28059
2010,12.2,28061
2010,18.8,28063
2010,14.1,28065
2010,9.1,28067
2010,14.7,28069
2010,9.3,28071
2010,7.2,28073
2010,10.7,28075
2010,11.9,28077
2010,9.7,28079
2010,10.4,28081
2010,15.3,28083
2010,10.5,28085
2010,11.8,28087
2010,7.4,28089
2010,12.2,28091
2010,12.1,28093
2010,13.1,28095
2010,13.8,28097
2010,10.4,28099
2010,10.1,28101
2010,15.8,28103
2010,10.2,28105
2010,13.5,28107
2010,9.5,28109
2010,13.6,28111
2010,11.6,28113
2010,10.2,28115
2010,11.8,28117
2010,14.9,28119
2010,6.9,28121
2010,8,28123
2010,14.5,28125
2010,9.4,28127
2010,9.1,28129
2010,10.6,28131
2010,15.4,28133
2010,12.2,28135
2010,10.8,28137
2010,13.5,28139
2010,12.7,28141
2010,13.7,28143
2010,10.9,28145
2010,13,28147
2010,10.5,28149
2010,15.8,28151
2010,12.1,28153
2010,11.5,28155
2010,13.8,28157
2010,17,28159
2010,13.6,28161
2010,12.2,28163
2010,9.6,29000
2010,8.7,29001
2010,8.3,29003
2010,8.6,29005
2010,9.6,29007
2010,9.7,29009
2010,10.3,29011
2010,11,29013
2010,12.1,29015
2010,10.1,29017
2010,6.5,29019
2010,9.2,29021
2010,9.6,29023
2010,9.6,29025
2010,8.3,29027
2010,12,29029
2010,7.3,29031
2010,11.5,29033
2010,11.5,29035
2010,9.6,29037
2010,9.5,29039
2010,9.5,29041
2010,8.4,29043
2010,12.4,29045
2010,8.4,29047
2010,9.7,29049
2010,6.9,29051
2010,9.8,29053
2010,12.7,29055
2010,9.7,29057
2010,12.6,29059
2010,9.8,29061
2010,8.8,29063
2010,10.4,29065
2010,12.1,29067
2010,13.5,29069
2010,11.3,29071
2010,10.4,29073
2010,7.9,29075
2010,8.3,29077
2010,8,29079
2010,9.5,29081
2010,10.8,29083
2010,12.6,29085
2010,7.9,29087
2010,8.7,29089
2010,10.8,29091
2010,16.7,29093
2010,10.7,29095
2010,8.5,29097
2010,10.4,29099
2010,9.9,29101
2010,7.8,29103
2010,12.4,29105
2010,9.8,29107
2010,9.3,29109
2010,8.5,29111
2010,11.8,29113
2010,12.6,29115
2010,8.2,29117
2010,9.2,29119
2010,9.3,29121
2010,12.2,29123
2010,9.5,29125
2010,9.1,29127
2010,8.4,29129
2010,12.9,29131
2010,9.7,29133
2010,8.4,29135
2010,12.3,29137
2010,11.1,29139
2010,14.5,29141
2010,10,29143
2010,9,29145
2010,7.2,29147
2010,11.1,29149
2010,6.9,29151
2010,11.7,29153
2010,12.4,29155
2010,7.2,29157
2010,9.3,29159
2010,9,29161
2010,9.8,29163
2010,7.7,29165
2010,10.3,29167
2010,8.8,29169
2010,8,29171
2010,8.8,29173
2010,11.5,29175
2010,10.3,29177
2010,15.1,29179
2010,12.9,29181
2010,8.2,29183
2010,11.2,29185
2010,10.3,29186
2010,12.3,29187
2010,8.9,29189
2010,8.9,29195
2010,10.4,29197
2010,8.1,29199
2010,9.7,29201
2010,14.8,29203
2010,8.6,29205
2010,10.4,29207
2010,13.8,29209
2010,8.8,29211
2010,13.9,29213
2010,11,29215
2010,8.3,29217
2010,11,29219
2010,14.3,29221
2010,10.8,29223
2010,10.5,29225
2010,6.8,29227
2010,11.9,29229
2010,11.5,29510
2010,7.3,30000
2010,5.9,30001
2010,11,30003
2010,6.7,30005
2010,7.4,30007
2010,6.4,30009
2010,3.9,30011
2010,6.4,30013
2010,4.4,30015
2010,4.5,30017
2010,3.5,30019
2010,4.2,30021
2010,6.1,30023
2010,3.1,30025
2010,6.4,30027
2010,12,30029
2010,6.8,30031
2010,3.5,30033
2010,9.8,30035
2010,6.7,30037
2010,9.3,30039
2010,5.8,30041
2010,6.3,30043
2010,6.4,30045
2010,9,30047
2010,5.5,30049
2010,4.4,30051
2010,15,30053
2010,2.9,30055
2010,7.6,30057
2010,8,30059
2010,12.5,30061
2010,7.3,30063
2010,6.9,30065
2010,8.8,30067
2010,5.4,30069
2010,6.8,30071
2010,5.9,30073
2010,3.7,30075
2010,7.6,30077
2010,5.1,30079
2010,9.4,30081
2010,3.8,30083
2010,6.9,30085
2010,7,30087
2010,13.1,30089
2010,3.7,30091
2010,6.5,30093
2010,5.8,30095
2010,5.5,30097
2010,6,30099
2010,4.6,30101
2010,5.3,30103
2010,4.9,30105
2010,7.9,30107
2010,4.2,30109
2010,5.9,30111
2010,4.6,31000
2010,4.7,31001
2010,3.6,31003
2010,8,31005
2010,4.4,31007
2010,5,31009
2010,3.5,31011
2010,5,31013
2010,3.9,31015
2010,4.7,31017
2010,3.6,31019
2010,5.9,31021
2010,3.9,31023
2010,5.6,31025
2010,3.6,31027
2010,2.8,31029
2010,3,31031
2010,3.6,31033
2010,4.3,31035
2010,3.9,31037
2010,3.7,31039
2010,3.7,31041
2010,7.3,31043
2010,4,31045
2010,4.9,31047
2010,3.9,31049
2010,4.8,31051
2010,5.3,31053
2010,5.1,31055
2010,3.1,31057
2010,3.7,31059
2010,4.3,31061
2010,3.8,31063
2010,3.4,31065
2010,5.8,31067
2010,4.1,31069
2010,3.1,31071
2010,3.6,31073
2010,3.8,31075
2010,3.6,31077
2010,4.6,31079
2010,3.8,31081
2010,3.2,31083
2010,3.4,31085
2010,5.1,31087
2010,3.6,31089
2010,5.1,31091
2010,4.4,31093
2010,4.7,31095
2010,4.7,31097
2010,3.5,31099
2010,4.3,31101
2010,3.5,31103
2010,4.7,31105
2010,4.1,31107
2010,4.2,31109
2010,4.5,31111
2010,4.5,31113
2010,5.7,31115
2010,2.8,31117
2010,4.2,31119
2010,4.5,31121
2010,4.1,31123
2010,3.9,31125
2010,5.3,31127
2010,4.1,31129
2010,5,31131
2010,4,31133
2010,3.3,31135
2010,3.6,31137
2010,3.7,31139
2010,4.2,31141
2010,4,31143
2010,3.7,31145
2010,6.2,31147
2010,2.8,31149
2010,4.7,31151
2010,4.4,31153
2010,4.8,31155
2010,5.5,31157
2010,4,31159
2010,3.5,31161
2010,4,31163
2010,3.7,31165
2010,4.1,31167
2010,3.8,31169
2010,4.8,31171
2010,9.6,31173
2010,4.4,31175
2010,4.6,31177
2010,3.8,31179
2010,4.8,31181
2010,3.9,31183
2010,4.6,31185
2010,13.5,32000
2010,12.3,32001
2010,13.8,32003
2010,13.7,32005
2010,7.8,32007
2010,9.9,32009
2010,7.9,32011
2010,8.6,32013
2010,9.6,32015
2010,10.6,32017
2010,17.5,32019
2010,15.2,32021
2010,17.3,32023
2010,10.9,32027
2010,16.7,32029
2010,12.9,32031
2010,9.1,32033
2010,13.5,32510
2010,5.8,33000
2010,6.4,33001
2010,5.7,33003
2010,5.5,33005
2010,7.4,33007
2010,4.8,33009
2010,6.2,33011
2010,5.3,33013
2010,6,33015
2010,5.7,33017
2010,5.2,33019
2010,9.5,34000
2010,12.3,34001
2010,8,34003
2010,9,34005
2010,10.9,34007
2010,14,34009
2010,13,34011
2010,10.8,34013
2010,10.3,34015
2010,9.6,34017
2010,7.4,34019
2010,8.4,34021
2010,9,34023
2010,8.7,34025
2010,7.4,34027
2010,10.3,34029
2010,11.4,34031
2010,11.6,34033
2010,7.6,34035
2010,9.4,34037
2010,9.5,34039
2010,9.8,34041
2010,8.1,35000
2010,7.7,35001
2010,12,35003
2010,7.5,35005
2010,9.6,35006
2010,8.4,35007
2010,5.4,35009
2010,6,35011
2010,7.8,35013
2010,6.4,35015
2010,9.7,35017
2010,10.1,35019
2010,6.1,35021
2010,8.5,35023
2010,7.9,35025
2010,7.5,35027
2010,3.7,35028
2010,20.1,35029
2010,9.9,35031
2010,12.3,35033
2010,7.3,35035
2010,9.4,35037
2010,9.1,35039
2010,6.3,35041
2010,8.4,35043
2010,9.4,35045
2010,9.6,35047
2010,6.8,35049
2010,9.2,35051
2010,7.8,35053
2010,10.7,35055
2010,11.6,35057
2010,6.3,35059
2010,9.6,35061
2010,8.6,36000
2010,7,36001
2010,9.2,36003
2010,12,36005
2010,8.7,36007
2010,9.5,36009
2010,8.5,36011
2010,8.9,36013
2010,8.4,36015
2010,9.2,36017
2010,9.8,36019
2010,7.3,36021
2010,8.9,36023
2010,8.8,36025
2010,7.7,36027
2010,8.3,36029
2010,9.2,36031
2010,9,36033
2010,10.6,36035
2010,8,36037
2010,9.1,36039
2010,9.8,36041
2010,8.6,36043
2010,9.3,36045
2010,9.9,36047
2010,9.1,36049
2010,8.1,36051
2010,8.3,36053
2010,8,36055
2010,10.1,36057
2010,7.1,36059
2010,8.6,36061
2010,9.6,36063
2010,7.6,36065
2010,8,36067
2010,7.4,36069
2010,8,36071
2010,9.6,36073
2010,10.6,36075
2010,7.6,36077
2010,7.2,36079
2010,8.6,36081
2010,7.8,36083
2010,9.4,36085
2010,7.5,36087
2010,10.3,36089
2010,6.9,36091
2010,7.6,36093
2010,8.9,36095
2010,9.1,36097
2010,8.2,36099
2010,9.6,36101
2010,7.7,36103
2010,8.9,36105
2010,8,36107
2010,6.2,36109
2010,7.8,36111
2010,9,36113
2010,8.2,36115
2010,8.9,36117
2010,7.4,36119
2010,9.5,36121
2010,7.4,36123
2010,10.9,37000
2010,10.9,37001
2010,13.1,37003
2010,12,37005
2010,14.1,37007
2010,11.8,37009
2010,10.8,37011
2010,11.7,37013
2010,11.8,37015
2010,13.3,37017
2010,12.5,37019
2010,8.6,37021
2010,12.9,37023
2010,11.5,37025
2010,14.8,37027
2010,8.4,37029
2010,9.6,37031
2010,13.2,37033
2010,13.1,37035
2010,8.6,37037
2010,12.9,37039
2010,12,37041
2010,12.5,37043
2010,14.8,37045
2010,13.4,37047
2010,10.7,37049
2010,10.1,37051
2010,8.9,37053
2010,12.1,37055
2010,12.3,37057
2010,11.7,37059
2010,9.3,37061
2010,8.2,37063
2010,15.7,37065
2010,10.1,37067
2010,10.9,37069
2010,13.5,37071
2010,8,37073
2010,17.6,37075
2010,9.7,37077
2010,10.1,37079
2010,11.1,37081
2010,14.7,37083
2010,11.3,37085
2010,10.3,37087
2010,9.1,37089
2010,10.6,37091
2010,10.1,37093
2010,11.1,37095
2010,12.9,37097
2010,10.9,37099
2010,9.9,37101
2010,11.2,37103
2010,12.8,37105
2010,11.9,37107
2010,12.7,37109
2010,13.3,37111
2010,11.5,37113
2010,10.4,37115
2010,12.7,37117
2010,10.7,37119
2010,12.4,37121
2010,12.3,37123
2010,10.1,37125
2010,12.6,37127
2010,9.7,37129
2010,11.6,37131
2010,8.3,37133
2010,6.6,37135
2010,10.2,37137
2010,10,37139
2010,11.4,37141
2010,10.6,37143
2010,12.4,37145
2010,10.2,37147
2010,10.2,37149
2010,12,37151
2010,14.9,37153
2010,13.7,37155
2010,13.2,37157
2010,14.1,37159
2010,16.7,37161
2010,9.7,37163
2010,17.6,37165
2010,13.2,37167
2010,11.4,37169
2010,12,37171
2010,14.7,37173
2010,9.8,37175
2010,14.8,37177
2010,10,37179
2010,14.1,37181
2010,8.3,37183
2010,13.7,37185
2010,14.3,37187
2010,7.8,37189
2010,9.2,37191
2010,13.4,37193
2010,13.9,37195
2010,11,37197
2010,11.9,37199
2010,3.8,38000
2010,2.9,38001
2010,4.5,38003
2010,5.4,38005
2010,3.3,38007
2010,4,38009
2010,2.6,38011
2010,2.7,38013
2010,3.6,38015
2010,3.5,38017
2010,3.1,38019
2010,3.2,38021
2010,2.1,38023
2010,3.2,38025
2010,4.8,38027
2010,6.9,38029
2010,3.4,38031
2010,2.6,38033
2010,3.5,38035
2010,3.7,38037
2010,3,38039
2010,3,38041
2010,5.3,38043
2010,3.5,38045
2010,3.6,38047
2010,4.8,38049
2010,4.4,38051
2010,2.2,38053
2010,5,38055
2010,5.2,38057
2010,4.6,38059
2010,2.6,38061
2010,4,38063
2010,5.7,38065
2010,6.4,38067
2010,5.3,38069
2010,3.8,38071
2010,4.6,38073
2010,2.8,38075
2010,3.8,38077
2010,10.9,38079
2010,4.3,38081
2010,3.9,38083
2010,5.1,38085
2010,2.3,38087
2010,2.8,38089
2010,2.7,38091
2010,4.1,38093
2010,2.7,38095
2010,3.7,38097
2010,5.1,38099
2010,3.5,38101
2010,4,38103
2010,2.2,38105
2010,10.3,39000
2010,15.9,39001
2010,10.7,39003
2010,11.9,39005
2010,12.9,39007
2010,10.6,39009
2010,10,39011
2010,11.3,39013
2010,13.3,39015
2010,10,39017
2010,13,39019
2010,11.5,39021
2010,11,39023
2010,10.4,39025
2010,17,39027
2010,12.6,39029
2010,12.7,39031
2010,12.9,39033
2010,8.5,39035
2010,11.2,39037
2010,12.2,39039
2010,7.2,39041
2010,11.3,39043
2010,9.2,39045
2010,13.1,39047
2010,8.9,39049
2010,11.8,39051
2010,11.8,39053
2010,6.9,39055
2010,9.5,39057
2010,12.7,39059
2010,9.9,39061
2010,9.1,39063
2010,11.2,39065
2010,12.5,39067
2010,13.1,39069
2010,17.3,39071
2010,11.7,39073
2010,7.6,39075
2010,13.2,39077
2010,12.5,39079
2010,14.5,39081
2010,9.7,39083
2010,7.9,39085
2010,10.3,39087
2010,9.6,39089
2010,11.8,39091
2010,9.1,39093
2010,11.5,39095
2010,9,39097
2010,11.7,39099
2010,11,39101
2010,7.4,39103
2010,14.6,39105
2010,8.5,39107
2010,11.1,39109
2010,12.2,39111
2010,11.4,39113
2010,13.3,39115
2010,11.4,39117
2010,12.6,39119
2010,16,39121
2010,12.3,39123
2010,12.6,39125
2010,13.4,39127
2010,10.6,39129
2010,14.8,39131
2010,10.3,39133
2010,11,39135
2010,9.3,39137
2010,12.1,39139
2010,11.9,39141
2010,10.8,39143
2010,13.3,39145
2010,11.9,39147
2010,12.4,39149
2010,11.3,39151
2010,10.6,39153
2010,13.2,39155
2010,11.2,39157
2010,8.4,39159
2010,12.1,39161
2010,13.5,39163
2010,9,39165
2010,11.4,39167
2010,9.3,39169
2010,13.2,39171
2010,9.9,39173
2010,11.1,39175
2010,6.8,40000
2010,10.5,40001
2010,4.9,40003
2010,10,40005
2010,4,40007
2010,5.8,40009
2010,6.4,40011
2010,6.2,40013
2010,6.9,40015
2010,5.2,40017
2010,7.1,40019
2010,7.7,40021
2010,9.1,40023
2010,3.5,40025
2010,5.3,40027
2010,9.1,40029
2010,5.8,40031
2010,6.7,40033
2010,6.7,40035
2010,8.6,40037
2010,5.2,40039
2010,8,40041
2010,5.2,40043
2010,5.3,40045
2010,5.5,40047
2010,7.5,40049
2010,6.5,40051
2010,4.5,40053
2010,7.7,40055
2010,5.9,40057
2010,4.5,40059
2010,9.8,40061
2010,10.9,40063
2010,5.9,40065
2010,7.5,40067
2010,10.4,40069
2010,9.2,40071
2010,5.1,40073
2010,6,40075
2010,10,40077
2010,9.4,40079
2010,6.5,40081
2010,5.7,40083
2010,5.7,40085
2010,5.6,40087
2010,11.4,40089
2010,11,40091
2010,5,40093
2010,7.2,40095
2010,8.8,40097
2010,6.2,40099
2010,8.2,40101
2010,6.8,40103
2010,9.3,40105
2010,9.8,40107
2010,6.1,40109
2010,9.8,40111
2010,7.8,40113
2010,8.1,40115
2010,9.1,40117
2010,5.7,40119
2010,8.2,40121
2010,6.2,40123
2010,6.9,40125
2010,9.8,40127
2010,4.6,40129
2010,6.9,40131
2010,9.6,40133
2010,9.6,40135
2010,7.8,40137
2010,4.9,40139
2010,6.2,40141
2010,7,40143
2010,6.8,40145
2010,6.7,40147
2010,6.1,40149
2010,4.2,40151
2010,6.9,40153
2010,10.6,41000
2010,10.3,41001
2010,7.1,41003
2010,10.1,41005
2010,10,41007
2010,12.9,41009
2010,12.7,41011
2010,15.9,41013
2010,12.6,41015
2010,13.8,41017
2010,14,41019
2010,9,41021
2010,13.7,41023
2010,14.2,41025
2010,8.3,41027
2010,12.5,41029
2010,13.7,41031
2010,14,41033
2010,12.9,41035
2010,13.5,41037
2010,11,41039
2010,11,41041
2010,12.8,41043
2010,9.7,41045
2010,11.2,41047
2010,9.3,41049
2010,9.6,41051
2010,9.7,41053
2010,11.7,41055
2010,10.5,41057
2010,10.3,41059
2010,10.3,41061
2010,12.9,41063
2010,9.6,41065
2010,9,41067
2010,9.5,41069
2010,10.4,41071
2010,8.5,42000
2010,7.7,42001
2010,7.6,42003
2010,9.1,42005
2010,8.6,42007
2010,10.1,42009
2010,8.7,42011
2010,8,42013
2010,7.2,42015
2010,7.6,42017
2010,7.4,42019
2010,9.4,42021
2010,12.6,42023
2010,10.6,42025
2010,5.9,42027
2010,6.2,42029
2010,10.2,42031
2010,10.4,42033
2010,9.4,42035
2010,9.3,42037
2010,9.5,42039
2010,6.8,42041
2010,8,42043
2010,8,42045
2010,9.7,42047
2010,9.3,42049
2010,10.7,42051
2010,11.3,42053
2010,8.5,42055
2010,12.3,42057
2010,8.4,42059
2010,10.7,42061
2010,8.7,42063
2010,10.1,42065
2010,8,42067
2010,9,42069
2010,7.5,42071
2010,9.2,42073
2010,7.5,42075
2010,9.2,42077
2010,10,42079
2010,8.9,42081
2010,10.1,42083
2010,9.5,42085
2010,10.2,42087
2010,9.7,42089
2010,6.9,42091
2010,6.7,42093
2010,8.8,42095
2010,9.9,42097
2010,8.1,42099
2010,10.6,42101
2010,9.7,42103
2010,10.4,42105
2010,10.6,42107
2010,8.4,42109
2010,9.6,42111
2010,8,42113
2010,8.7,42115
2010,8.3,42117
2010,7.7,42119
2010,8.5,42121
2010,8.3,42123
2010,8.1,42125
2010,8.1,42127
2010,8.2,42129
2010,8.8,42131
2010,8.4,42133
2010,11.2,44000
2010,9.7,44001
2010,11.1,44003
2010,10,44005
2010,11.8,44007
2010,10.1,44009
2010,11.2,45000
2010,13.6,45001
2010,9.3,45003
2010,19.1,45005
2010,11.6,45007
2010,16.1,45009
2010,16.6,45011
2010,8.7,45013
2010,10,45015
2010,12.3,45017
2010,8.8,45019
2010,15.7,45021
2010,19.3,45023
2010,14.4,45025
2010,14,45027
2010,13.8,45029
2010,13.2,45031
2010,15.9,45033
2010,9.5,45035
2010,9.9,45037
2010,14.6,45039
2010,11.3,45041
2010,14.5,45043
2010,9.6,45045
2010,11.9,45047
2010,12.8,45049
2010,12.3,45051
2010,9.8,45053
2010,11.5,45055
2010,14.7,45057
2010,12.3,45059
2010,16.2,45061
2010,8.2,45063
2010,14,45065
2010,18.3,45067
2010,21.2,45069
2010,10.8,45071
2010,11.4,45073
2010,15.9,45075
2010,10.9,45077
2010,9.4,45079
2010,10,45081
2010,11.8,45083
2010,12.5,45085
2010,17.7,45087
2010,17.2,45089
2010,12.1,45091
2010,5,46000
2010,3.5,46003
2010,4.2,46005
2010,7.2,46007
2010,4.2,46009
2010,4.7,46011
2010,3.9,46013
2010,3.7,46015
2010,11.3,46017
2010,5.1,46019
2010,4.3,46021
2010,4.9,46023
2010,5.2,46025
2010,4.2,46027
2010,5.2,46029
2010,6.9,46031
2010,5.8,46033
2010,4.4,46035
2010,6.7,46037
2010,6.7,46039
2010,14.9,46041
2010,4.4,46043
2010,3.1,46045
2010,6.2,46047
2010,3.9,46049
2010,4.6,46051
2010,4.4,46053
2010,3.4,46055
2010,5,46057
2010,3.3,46059
2010,5.3,46061
2010,3.5,46063
2010,3.5,46065
2010,4,46067
2010,3.8,46069
2010,6.8,46071
2010,3.7,46073
2010,3,46075
2010,5.4,46077
2010,5.7,46079
2010,4.7,46081
2010,3.9,46083
2010,6.5,46085
2010,4.9,46087
2010,4.9,46089
2010,5.4,46091
2010,5.3,46093
2010,6.3,46095
2010,5,46097
2010,5,46099
2010,7,46101
2010,12.9,46102
2010,5.2,46103
2010,4.2,46105
2010,4.9,46107
2010,5.8,46109
2010,4.2,46111
2010,3.8,46115
2010,3.8,46117
2010,3.6,46119
2010,7.7,46121
2010,3.6,46123
2010,4.6,46125
2010,5.8,46127
2010,6.9,46129
2010,4.9,46135
2010,5.8,46137
2010,9.7,47000
2010,9.3,47001
2010,12.6,47003
2010,12.3,47005
2010,13.2,47007
2010,9.1,47009
2010,9.4,47011
2010,12.5,47013
2010,11.1,47015
2010,14.6,47017
2010,10.9,47019
2010,9,47021
2010,10,47023
2010,10.8,47025
2010,12.1,47027
2010,13.6,47029
2010,10.8,47031
2010,11.6,47033
2010,10.7,47035
2010,8.2,47037
2010,13.1,47039
2010,11.7,47041
2010,10.2,47043
2010,12.1,47045
2010,9.9,47047
2010,12.4,47049
2010,10.1,47051
2010,12,47053
2010,12.1,47055
2010,12.7,47057
2010,12.8,47059
2010,12.6,47061
2010,11.6,47063
2010,8.3,47065
2010,15.8,47067
2010,13.2,47069
2010,12,47071
2010,10.9,47073
2010,15.6,47075
2010,14.3,47077
2010,11.4,47079
2010,11.1,47081
2010,12,47083
2010,11.2,47085
2010,12.6,47087
2010,11.5,47089
2010,12.8,47091
2010,7.4,47093
2010,11.1,47095
2010,14.2,47097
2010,12.3,47099
2010,15,47101
2010,7.2,47103
2010,9.3,47105
2010,12.5,47107
2010,12.8,47109
2010,11.2,47111
2010,10,47113
2010,11.1,47115
2010,14,47117
2010,12.3,47119
2010,13.1,47121
2010,12.7,47123
2010,8.5,47125
2010,7.9,47127
2010,11.4,47129
2010,9.6,47131
2010,10.7,47133
2010,13.5,47135
2010,11.1,47137
2010,11.2,47139
2010,9.4,47141
2010,12.3,47143
2010,9.2,47145
2010,9.2,47147
2010,8.9,47149
2010,17,47151
2010,12.1,47153
2010,10.4,47155
2010,9.8,47157
2010,12.3,47159
2010,12.4,47161
2010,9,47163
2010,8.9,47165
2010,11.3,47167
2010,10.8,47169
2010,11.9,47171
2010,10.8,47173
2010,13.2,47175
2010,10.9,47177
2010,8.7,47179
2010,11.4,47181
2010,11,47183
2010,10.5,47185
2010,6.6,47187
2010,8.4,47189
2010,8.1,48000
2010,8.1,48001
2010,6.2,48003
2010,8.5,48005
2010,9.2,48007
2010,6.7,48009
2010,4.9,48011
2010,8.2,48013
2010,8,48015
2010,7.9,48017
2010,7.8,48019
2010,8.2,48021
2010,7,48023
2010,8.9,48025
2010,7.7,48027
2010,7.3,48029
2010,6,48031
2010,6.4,48033
2010,8.8,48035
2010,8.4,48037
2010,8.5,48039
2010,6.3,48041
2010,5.5,48043
2010,6.1,48045
2010,12,48047
2010,8.2,48049
2010,7.9,48051
2010,6.8,48053
2010,8.6,48055
2010,8.8,48057
2010,7.3,48059
2010,11.2,48061
2010,9.1,48063
2010,5.4,48065
2010,11.2,48067
2010,5.4,48069
2010,9.7,48071
2010,8.8,48073
2010,5.6,48075
2010,7.5,48077
2010,8.1,48079
2010,6.1,48081
2010,9.1,48083
2010,7.2,48085
2010,5.6,48087
2010,8.1,48089
2010,7,48091
2010,7.6,48093
2010,5.7,48095
2010,7.3,48097
2010,7.5,48099
2010,7,48101
2010,7.6,48103
2010,8.5,48105
2010,8,48107
2010,7.1,48109
2010,5.3,48111
2010,8.6,48113
2010,7.7,48115
2010,5.8,48117
2010,7.9,48119
2010,7.1,48121
2010,7.8,48123
2010,11.3,48125
2010,10.5,48127
2010,6.9,48129
2010,11.6,48131
2010,8.6,48133
2010,8.3,48135
2010,7.1,48137
2010,8,48139
2010,9.2,48141
2010,6.4,48143
2010,8.5,48145
2010,8.1,48147
2010,6.1,48149
2010,7,48151
2010,7.9,48153
2010,6.6,48155
2010,7.6,48157
2010,8.6,48159
2010,8.2,48161
2010,7.3,48163
2010,5.9,48165
2010,9.1,48167
2010,5.9,48169
2010,5.5,48171
2010,4.8,48173
2010,7.4,48175
2010,6.8,48177
2010,8.6,48179
2010,8.2,48181
2010,7.9,48183
2010,8.9,48185
2010,6.7,48187
2010,7.4,48189
2010,9.1,48191
2010,6.8,48193
2010,4.3,48195
2010,8.3,48197
2010,9.9,48199
2010,8.3,48201
2010,9.4,48203
2010,4.2,48205
2010,5.4,48207
2010,7,48209
2010,3.9,48211
2010,8.8,48213
2010,11.8,48215
2010,8.4,48217
2010,7.1,48219
2010,8.5,48221
2010,7.4,48223
2010,7.7,48225
2010,7.2,48227
2010,7.9,48229
2010,8.9,48231
2010,8.4,48233
2010,5.3,48235
2010,7.8,48237
2010,7,48239
2010,12.4,48241
2010,4.9,48243
2010,11.3,48245
2010,10.3,48247
2010,10,48249
2010,8.7,48251
2010,8.8,48253
2010,9.1,48255
2010,8.5,48257
2010,6.2,48259
2010,6.8,48261
2010,4.8,48263
2010,6.7,48265
2010,6,48267
2010,4.3,48269
2010,11.2,48271
2010,8.4,48273
2010,5.9,48275
2010,9.3,48277
2010,7.6,48279
2010,7.1,48281
2010,8.9,48283
2010,6.9,48285
2010,7.2,48287
2010,8.9,48289
2010,11.7,48291
2010,7.9,48293
2010,5.9,48295
2010,7.3,48297
2010,8.1,48299
2010,5.6,48301
2010,6.3,48303
2010,6.6,48305
2010,7,48307
2010,7.4,48309
2010,4.3,48311
2010,8.4,48313
2010,11.8,48315
2010,6,48317
2010,6.3,48319
2010,11.5,48321
2010,15.2,48323
2010,7.5,48325
2010,7.4,48327
2010,5.9,48329
2010,11.2,48331
2010,6.3,48333
2010,8.2,48335
2010,8,48337
2010,7.5,48339
2010,5.4,48341
2010,13.8,48343
2010,6.3,48345
2010,7.1,48347
2010,8.3,48349
2010,12.7,48351
2010,7.5,48353
2010,8.1,48355
2010,5.9,48357
2010,4.6,48359
2010,11.7,48361
2010,8.6,48363
2010,9,48365
2010,7.6,48367
2010,4.4,48369
2010,7.3,48371
2010,9.7,48373
2010,6.3,48375
2010,18.5,48377
2010,8.8,48379
2010,5.2,48381
2010,5.5,48383
2010,9.1,48385
2010,11.5,48387
2010,8.9,48389
2010,8.7,48391
2010,5.4,48393
2010,9.2,48395
2010,7.4,48397
2010,8.3,48399
2010,7.8,48401
2010,16.3,48403
2010,13,48405
2010,10,48407
2010,10.5,48409
2010,6.2,48411
2010,7.6,48413
2010,6.8,48415
2010,5.6,48417
2010,8.5,48419
2010,4.6,48421
2010,7.9,48423
2010,8,48425
2010,17.3,48427
2010,7.5,48429
2010,4.7,48431
2010,5.8,48433
2010,9.6,48435
2010,6.6,48437
2010,8.1,48439
2010,6.8,48441
2010,6.8,48443
2010,7.4,48445
2010,6,48447
2010,8.5,48449
2010,6.6,48451
2010,6.8,48453
2010,9.5,48455
2010,11.8,48457
2010,8.8,48459
2010,6.1,48461
2010,8.9,48463
2010,9.3,48465
2010,8.4,48467
2010,7.7,48469
2010,7.7,48471
2010,8.6,48473
2010,8.5,48475
2010,7.2,48477
2010,8.2,48479
2010,8.7,48481
2010,6.1,48483
2010,7.8,48485
2010,7.9,48487
2010,14.5,48489
2010,7.2,48491
2010,6.8,48493
2010,9.2,48495
2010,8.7,48497
2010,9.1,48499
2010,7,48501
2010,7.7,48503
2010,10.4,48505
2010,13.9,48507
2010,7.8,49000
2010,9.9,49001
2010,8.5,49003
2010,6.1,49005
2010,8.6,49007
2010,7.3,49009
2010,7,49011
2010,9.6,49013
2010,7.3,49015
2010,10.2,49017
2010,10.5,49019
2010,9.6,49021
2010,9.1,49023
2010,7.9,49025
2010,6.2,49027
2010,6.9,49029
2010,10.1,49031
2010,7.2,49033
2010,7.7,49035
2010,10.9,49037
2010,9,49039
2010,8.3,49041
2010,7.4,49043
2010,8.3,49045
2010,8.5,49047
2010,7.4,49049
2010,8.4,49051
2010,10.5,49053
2010,8.6,49055
2010,8.8,49057
2010,6.1,50000
2010,5.8,50001
2010,6.9,50003
2010,6.8,50005
2010,4.8,50007
2010,10,50009
2010,5.7,50011
2010,6.9,50013
2010,7.6,50015
2010,5.9,50017
2010,8.9,50019
2010,7.4,50021
2010,5.9,50023
2010,6.1,50025
2010,6.1,50027
2010,7.1,51000
2010,7.9,51001
2010,6,51003
2010,8.6,51005
2010,8.5,51007
2010,8.1,51009
2010,8.6,51011
2010,4.1,51013
2010,7.1,51015
2010,7.5,51017
2010,7,51019
2010,8.6,51021
2010,6.4,51023
2010,11.3,51025
2010,10,51027
2010,10.7,51029
2010,7.7,51031
2010,9.6,51033
2010,11.5,51035
2010,9.6,51036
2010,10,51037
2010,7.3,51041
2010,6.7,51043
2010,7.9,51045
2010,7.2,51047
2010,8.4,51049
2010,10.5,51051
2010,8.8,51053
2010,9.1,51057
2010,5.1,51059
2010,6.2,51061
2010,7,51063
2010,6.3,51065
2010,8.7,51067
2010,7.5,51069
2010,9.6,51071
2010,6.8,51073
2010,7.2,51075
2010,12.5,51077
2010,6.7,51079
2010,9.6,51081
2010,12.2,51083
2010,6.6,51085
2010,7.3,51087
2010,14.7,51089
2010,6.2,51091
2010,7.1,51093
2010,6.3,51095
2010,8.1,51097
2010,7.4,51099
2010,7.5,51101
2010,9.8,51103
2010,7.9,51105
2010,5.1,51107
2010,7.5,51109
2010,9.5,51111
2010,6.3,51113
2010,6.3,51115
2010,11.3,51117
2010,7.2,51119
2010,7.1,51121
2010,7.1,51125
2010,7.2,51127
2010,8.5,51131
2010,8.7,51133
2010,7.6,51135
2010,8.3,51137
2010,11.6,51139
2010,12.7,51141
2010,10.9,51143
2010,7.1,51145
2010,9.7,51147
2010,8.1,51149
2010,6.1,51153
2010,11.1,51155
2010,6.3,51157
2010,7.1,51159
2010,6.3,51161
2010,7.5,51163
2010,6.7,51165
2010,10.2,51167
2010,8.5,51169
2010,8.2,51171
2010,12.1,51173
2010,8.6,51175
2010,7,51177
2010,6.5,51179
2010,9,51181
2010,11.4,51183
2010,8.8,51185
2010,8.1,51187
2010,7.9,51191
2010,8.1,51193
2010,8.3,51195
2010,11.1,51197
2010,6.1,51199
2010,4.9,51510
2010,8.8,51520
2010,9.9,51530
2010,6.1,51540
2010,7.2,51550
2010,8.3,51570
2010,10.6,51580
2010,13.5,51590
2010,12.4,51595
2010,5.4,51600
2010,4.9,51610
2010,12.6,51620
2010,9,51630
2010,10.9,51640
2010,9,51650
2010,8.3,51660
2010,11.6,51670
2010,9.3,51678
2010,8.5,51680
2010,7,51683
2010,6.2,51685
2010,17.4,51690
2010,8.3,51700
2010,8.8,51710
2010,7.3,51720
2010,14,51730
2010,6.1,51735
2010,9.6,51740
2010,9.3,51750
2010,9.5,51760
2010,8.7,51770
2010,6.9,51775
2010,7.8,51790
2010,7.6,51800
2010,6.5,51810
2010,9,51820
2010,10.1,51830
2010,8.3,51840
2010,10,53000
2010,10.5,53001
2010,9.4,53003
2010,7.9,53005
2010,8.9,53007
2010,11,53009
2010,12.9,53011
2010,9.4,53013
2010,12.9,53015
2010,9.7,53017
2010,17.5,53019
2010,8.8,53021
2010,8.3,53023
2010,10.9,53025
2010,13.9,53027
2010,9.3,53029
2010,10.3,53031
2010,9,53033
2010,8.6,53035
2010,9.8,53037
2010,12.2,53039
2010,13.1,53041
2010,8.4,53043
2010,11.9,53045
2010,10.7,53047
2010,14,53049
2010,15.3,53051
2010,10.4,53053
2010,7.3,53055
2010,10.9,53057
2010,12.8,53059
2010,10.7,53061
2010,10.1,53063
2010,13.1,53065
2010,9,53067
2010,15.3,53069
2010,8,53071
2010,9.5,53073
2010,6.7,53075
2010,10.6,53077
2010,8.7,54000
2010,10,54001
2010,8.6,54003
2010,8.8,54005
2010,11.1,54007
2010,11.4,54009
2010,7.2,54011
2010,14,54013
2010,14.1,54015
2010,7.1,54017
2010,10,54019
2010,8.9,54021
2010,9.8,54023
2010,8.7,54025
2010,9.1,54027
2010,12.1,54029
2010,11.6,54031
2010,7.6,54033
2010,11.4,54035
2010,6.7,54037
2010,7.4,54039
2010,8.8,54041
2010,11.7,54043
2010,10.1,54045
2010,13.2,54047
2010,7.3,54049
2010,9.7,54051
2010,11.5,54053
2010,8.5,54055
2010,9.3,54057
2010,9.8,54059
2010,5.6,54061
2010,8,54063
2010,9.1,54065
2010,10,54067
2010,7.9,54069
2010,8.6,54071
2010,10.6,54073
2010,11.5,54075
2010,8.4,54077
2010,7.6,54079
2010,8.1,54081
2010,10.5,54083
2010,9.7,54085
2010,13.6,54087
2010,9.5,54089
2010,7.7,54091
2010,11,54093
2010,11.4,54095
2010,9.3,54097
2010,8.5,54099
2010,10.1,54101
2010,11.7,54103
2010,12.5,54105
2010,8.9,54107
2010,10.4,54109
2010,8.7,55000
2010,12.4,55001
2010,11.1,55003
2010,9.3,55005
2010,11.1,55007
2010,7.9,55009
2010,7.8,55011
2010,11.1,55013
2010,6.9,55015
2010,8.4,55017
2010,10.3,55019
2010,8.5,55021
2010,10.5,55023
2010,5.9,55025
2010,9,55027
2010,11.3,55029
2010,8.3,55031
2010,7.9,55033
2010,7,55035
2010,10.4,55037
2010,8.5,55039
2010,11.7,55041
2010,7.6,55043
2010,8,55045
2010,9.3,55047
2010,8.2,55049
2010,11.4,55051
2010,8.7,55053
2010,8.7,55055
2010,10,55057
2010,10.3,55059
2010,8.2,55061
2010,6.6,55063
2010,7.2,55065
2010,11,55067
2010,11.3,55069
2010,9.9,55071
2010,9.3,55073
2010,11.1,55075
2010,10.9,55077
2010,17.5,55078
2010,10,55079
2010,8,55081
2010,10.7,55083
2010,10.2,55085
2010,8.1,55087
2010,7.1,55089
2010,7.4,55091
2010,7,55093
2010,10,55095
2010,8,55097
2010,10.9,55099
2010,10.2,55101
2010,9,55103
2010,11.3,55105
2010,12.3,55107
2010,7.6,55109
2010,8.4,55111
2010,11.3,55113
2010,10.2,55115
2010,9.3,55117
2010,10.3,55119
2010,7.6,55121
2010,7.9,55123
2010,11.3,55125
2010,9,55127
2010,9.7,55129
2010,8.1,55131
2010,7.3,55133
2010,9.4,55135
2010,10.8,55137
2010,7.8,55139
2010,9.3,55141
2010,6.4,56000
2010,4.5,56001
2010,6.7,56003
2010,6,56005
2010,6.7,56007
2010,5.5,56009
2010,5,56011
2010,6.9,56013
2010,4.9,56015
2010,5.2,56017
2010,6.8,56019
2010,6.7,56021
2010,8.4,56023
2010,7,56025
2010,4.6,56027
2010,6.1,56029
2010,5.5,56031
2010,7.3,56033
2010,5.9,56035
2010,6.6,56037
2010,7.7,56039
2010,7,56041
2010,5.9,56043
2010,4.8,56045
2010,16.4,72000
2010,19.6,72001
2010,19.5,72003
2010,20.4,72005
2010,22.2,72007
2010,19.4,72009
2010,19.3,72011
2010,18,72013
2010,23,72015
2010,24.5,72017
2010,17.7,72019
2010,12.9,72021
2010,16.6,72023
2010,15.6,72025
2010,16.5,72027
2010,17.8,72029
2010,13,72031
2010,15.2,72033
2010,15.8,72035
2010,20.7,72037
2010,27,72039
2010,15.7,72041
2010,21.9,72043
2010,22.2,72045
2010,17.3,72047
2010,10.2,72049
2010,12,72051
2010,20.1,72053
2010,22.1,72054
2010,25.6,72055
2010,23.5,72057
2010,24.4,72059
2010,8.5,72061
2010,14,72063
2010,16.4,72065
2010,16.4,72067
2010,21.1,72069
2010,20,72071
2010,19.5,72073
2010,18,72075
2010,18.7,72077
2010,22.8,72079
2010,19.9,72081
2010,18.3,72083
2010,19.5,72085
2010,16.8,72087
2010,20.5,72089
2010,18.8,72091
2010,18.3,72093
2010,24.7,72095
2010,18.7,72097
2010,20.4,72099
2010,22.8,72101
2010,21.4,72103
2010,20.3,72105
2010,22.4,72107
2010,26.3,72109
2010,24.2,72111
2010,17.1,72113
2010,19.6,72115
2010,18.5,72117
2010,15.2,72119
2010,21.6,72121
2010,26,72123
2010,18.4,72125
2010,10.3,72127
2010,17.4,72129
2010,22.2,72131
2010,20.7,72133
2010,12,72135
2010,12.7,72137
2010,10.5,72139
2010,20.8,72141
2010,17.2,72143
2010,20.8,72145
2010,18.6,72147
2010,22,72149
2010,25.4,72151
2010,21.4,72153
2011,8.952093059,0
2011,9.6,1000
2011,8.4,1001
2011,9,1003
2011,11.5,1005
2011,10.5,1007
2011,8.7,1009
2011,11.6,1011
2011,12.5,1013
2011,10.3,1015
2011,12,1017
2011,9.7,1019
2011,9.1,1021
2011,13.1,1023
2011,18.8,1025
2011,11.8,1027
2011,9.7,1029
2011,8.1,1031
2011,10.2,1033
2011,15.2,1035
2011,12.5,1037
2011,9.8,1039
2011,9.9,1041
2011,9.5,1043
2011,8.3,1045
2011,15.1,1047
2011,11.8,1049
2011,8.4,1051
2011,10.8,1053
2011,10,1055
2011,11.1,1057
2011,9.6,1059
2011,9.2,1061
2011,17.3,1063
2011,13.8,1065
2011,9.7,1067
2011,8.6,1069
2011,10.3,1071
2011,9.3,1073
2011,9.7,1075
2011,9.1,1077
2011,10.9,1079
2011,8.1,1081
2011,8.6,1083
2011,17.7,1085
2011,14,1087
2011,8.3,1089
2011,12.6,1091
2011,11.2,1093
2011,9.4,1095
2011,10.8,1097
2011,15.7,1099
2011,9.7,1101
2011,9.4,1103
2011,16.5,1105
2011,12,1107
2011,8.9,1109
2011,11.4,1111
2011,10.3,1113
2011,8.8,1115
2011,6.2,1117
2011,13.1,1119
2011,11.6,1121
2011,11.4,1123
2011,8.3,1125
2011,11.3,1127
2011,14.6,1129
2011,23.2,1131
2011,13.5,1133
2011,7.6,2000
2011,6.2,2013
2011,5.8,2016
2011,6,2020
2011,15,2050
2011,8.9,2060
2011,13.7,2068
2011,10.6,2070
2011,6.4,2090
2011,10,2100
2011,15.1,2105
2011,5.6,2110
2011,9.5,2122
2011,8.6,2130
2011,7.4,2150
2011,21.1,2158
2011,15,2164
2011,9.2,2170
2011,12.3,2180
2011,7.6,2185
2011,15.5,2188
2011,8.4,2195
2011,12.4,2198
2011,,2201
2011,6.1,2220
2011,16.2,2230
2011,,2232
2011,12.4,2240
2011,9.9,2261
2011,7.5,2275
2011,,2280
2011,10.6,2282
2011,18.4,2290
2011,9.5,4000
2011,18.5,4001
2011,9.5,4003
2011,9.5,4005
2011,11.6,4007
2011,10,4009
2011,11,4011
2011,9.8,4012
2011,8.6,4013
2011,12.3,4015
2011,14.8,4017
2011,8.5,4019
2011,9.8,4021
2011,15.5,4023
2011,9.9,4025
2011,24.2,4027
2011,8.3,5000
2011,12.2,5001
2011,11,5003
2011,9.3,5005
2011,6.5,5007
2011,8,5009
2011,12.1,5011
2011,9.6,5013
2011,7.2,5015
2011,13.2,5017
2011,10.3,5019
2011,12.1,5021
2011,9.2,5023
2011,8.5,5025
2011,10,5027
2011,9.9,5029
2011,7.4,5031
2011,8.9,5033
2011,10.9,5035
2011,8.4,5037
2011,12,5039
2011,11.1,5041
2011,11.4,5043
2011,7.2,5045
2011,7.7,5047
2011,7.8,5049
2011,8.8,5051
2011,7.4,5053
2011,9.7,5055
2011,8.8,5057
2011,8.2,5059
2011,7.5,5061
2011,9.4,5063
2011,9.9,5065
2011,11.6,5067
2011,11.1,5069
2011,7.9,5071
2011,9.6,5073
2011,9.9,5075
2011,9.5,5077
2011,9.4,5079
2011,7.8,5081
2011,8.8,5083
2011,7,5085
2011,6.8,5087
2011,9.4,5089
2011,6.4,5091
2011,12.1,5093
2011,9.5,5095
2011,9.3,5097
2011,9.5,5099
2011,7.5,5101
2011,10.5,5103
2011,9.3,5105
2011,12.2,5107
2011,9.9,5109
2011,9.6,5111
2011,8,5113
2011,7.8,5115
2011,8.7,5117
2011,7.5,5119
2011,11.3,5121
2011,11.1,5123
2011,6.7,5125
2011,7,5127
2011,9.2,5129
2011,8.7,5131
2011,9.2,5133
2011,10.7,5135
2011,9,5137
2011,10.5,5139
2011,11,5141
2011,6.3,5143
2011,8.7,5145
2011,11,5147
2011,7.5,5149
2011,11.7,6000
2011,10.1,6001
2011,12.8,6003
2011,13.6,6005
2011,13.7,6007
2011,14,6009
2011,21.2,6011
2011,10.3,6013
2011,13.3,6015
2011,11.7,6017
2011,16.5,6019
2011,15.5,6021
2011,10.6,6023
2011,28.9,6025
2011,9.7,6027
2011,14.8,6029
2011,15.9,6031
2011,14.5,6033
2011,13.5,6035
2011,12.2,6037
2011,16.2,6039
2011,7.3,6041
2011,13.2,6043
2011,11.4,6045
2011,17.6,6047
2011,16,6049
2011,10.1,6051
2011,12.7,6053
2011,9.8,6055
2011,11.1,6057
2011,9.1,6059
2011,10.8,6061
2011,17.6,6063
2011,13.2,6065
2011,12.1,6067
2011,14.5,6069
2011,12.9,6071
2011,10.3,6073
2011,8.1,6075
2011,16.2,6077
2011,9.6,6079
2011,7.5,6081
2011,9.4,6083
2011,9.3,6085
2011,13.1,6087
2011,15.9,6089
2011,14.9,6091
2011,17,6093
2011,12.2,6095
2011,10.2,6097
2011,16.5,6099
2011,18.2,6101
2011,15,6103
2011,16.7,6105
2011,17.1,6107
2011,14.5,6109
2011,10.2,6111
2011,11.8,6113
2011,17,6115
2011,8.4,8000
2011,9.9,8001
2011,9.7,8003
2011,8.3,8005
2011,10.1,8007
2011,4.8,8009
2011,8.2,8011
2011,6.5,8013
2011,7,8014
2011,7.2,8015
2011,4.2,8017
2011,7.4,8019
2011,10.5,8021
2011,11.7,8023
2011,8.9,8025
2011,6.3,8027
2011,10.4,8029
2011,8.6,8031
2011,12.8,8033
2011,6.4,8035
2011,7.8,8037
2011,7.5,8039
2011,9.1,8041
2011,12,8043
2011,9.5,8045
2011,7.2,8047
2011,8.1,8049
2011,6,8051
2011,5.1,8053
2011,13.6,8055
2011,6,8057
2011,8,8059
2011,5,8061
2011,4.7,8063
2011,10.1,8065
2011,7,8067
2011,7.2,8069
2011,11,8071
2011,6.3,8073
2011,6.3,8075
2011,10.3,8077
2011,5.4,8079
2011,9.3,8081
2011,8.7,8083
2011,11.1,8085
2011,6.7,8087
2011,10,8089
2011,10.2,8091
2011,7.7,8093
2011,5.3,8095
2011,7.8,8097
2011,6.6,8099
2011,10.5,8101
2011,7.9,8103
2011,12.3,8105
2011,8.2,8107
2011,11.1,8109
2011,11.7,8111
2011,8,8113
2011,7.9,8115
2011,6.5,8117
2011,9.3,8119
2011,5.4,8121
2011,8.6,8123
2011,5.3,8125
2011,8.8,9000
2011,8.2,9001
2011,9,9003
2011,8.1,9005
2011,7.6,9007
2011,9.7,9009
2011,8.9,9011
2011,7.5,9013
2011,9.9,9015
2011,7.5,10000
2011,8.2,10001
2011,7.3,10003
2011,7.7,10005
2011,10.2,11000
2011,10.2,11001
2011,10,12000
2011,7.6,12001
2011,10.2,12003
2011,10.2,12005
2011,9.1,12007
2011,10.9,12009
2011,9.4,12011
2011,10.4,12013
2011,11.3,12015
2011,12.5,12017
2011,9.1,12019
2011,10.1,12021
2011,10.3,12023
2011,10.4,12027
2011,12.3,12029
2011,10.3,12031
2011,9.7,12033
2011,11.4,12035
2011,7.6,12037
2011,11.6,12039
2011,10.3,12041
2011,9.5,12043
2011,9.7,12045
2011,10.4,12047
2011,10.1,12049
2011,13.9,12051
2011,12.5,12053
2011,11.5,12055
2011,9.6,12057
2011,9.8,12059
2011,12.7,12061
2011,9.5,12063
2011,10.1,12065
2011,6.2,12067
2011,10.6,12069
2011,10.9,12071
2011,7.8,12073
2011,10.9,12075
2011,9.2,12077
2011,9.6,12079
2011,10,12081
2011,12.3,12083
2011,9.9,12085
2011,9.4,12086
2011,7,12087
2011,9.6,12089
2011,7.8,12091
2011,11.9,12093
2011,9.8,12095
2011,11.3,12097
2011,10,12099
2011,10.8,12101
2011,9.7,12103
2011,11.3,12105
2011,12.8,12107
2011,7.7,12109
2011,12.6,12111
2011,8.6,12113
2011,10.2,12115
2011,9.6,12117
2011,12.2,12119
2011,9.2,12121
2011,10.1,12123
2011,8.2,12125
2011,11.2,12127
2011,8.3,12129
2011,8.5,12131
2011,10,12133
2011,10.2,13000
2011,12.4,13001
2011,12.8,13003
2011,10.5,13005
2011,11.6,13007
2011,13.8,13009
2011,9.2,13011
2011,9.9,13013
2011,11.5,13015
2011,15.6,13017
2011,12.5,13019
2011,11.5,13021
2011,13.3,13023
2011,13.2,13025
2011,10,13027
2011,9.4,13029
2011,10.5,13031
2011,12.7,13033
2011,11.4,13035
2011,8.4,13037
2011,9.6,13039
2011,9.6,13043
2011,11.4,13045
2011,8.2,13047
2011,10.6,13049
2011,10,13051
2011,11.6,13053
2011,11,13055
2011,8.2,13057
2011,9.3,13059
2011,12.3,13061
2011,13.4,13063
2011,11,13065
2011,8.8,13067
2011,12.9,13069
2011,9.5,13071
2011,7.3,13073
2011,11.3,13075
2011,9.1,13077
2011,10.8,13079
2011,13.9,13081
2011,8,13083
2011,10.1,13085
2011,12,13087
2011,10.5,13089
2011,12.3,13091
2011,13.1,13093
2011,12.2,13095
2011,10.9,13097
2011,11.5,13099
2011,8.1,13101
2011,9.3,13103
2011,16.1,13105
2011,13.3,13107
2011,9.1,13109
2011,11.3,13111
2011,8,13113
2011,12.1,13115
2011,7.4,13117
2011,12.2,13119
2011,10.2,13121
2011,11.8,13123
2011,10.6,13125
2011,10.4,13127
2011,11.7,13129
2011,9.5,13131
2011,12.3,13133
2011,8.7,13135
2011,10.5,13137
2011,8.9,13139
2011,19.8,13141
2011,11.6,13143
2011,7.4,13145
2011,11.2,13147
2011,11.3,13149
2011,10.3,13151
2011,8.5,13153
2011,13.8,13155
2011,9.6,13157
2011,11,13159
2011,12.6,13161
2011,13.3,13163
2011,14.3,13165
2011,11.1,13167
2011,9.2,13169
2011,13.7,13171
2011,10.5,13173
2011,13.8,13175
2011,8.5,13177
2011,9.3,13179
2011,11.6,13181
2011,8.9,13183
2011,9.9,13185
2011,9.8,13187
2011,13.3,13189
2011,10.6,13191
2011,13.8,13193
2011,10.1,13195
2011,10.4,13197
2011,13.4,13199
2011,9.2,13201
2011,10,13205
2011,9.7,13207
2011,13.2,13209
2011,10,13211
2011,13.9,13213
2011,10,13215
2011,12.3,13217
2011,7,13219
2011,9.7,13221
2011,9.5,13223
2011,11.8,13225
2011,10.5,13227
2011,10.7,13229
2011,10.2,13231
2011,11.5,13233
2011,9.6,13235
2011,13,13237
2011,10.2,13239
2011,12.4,13241
2011,12.8,13243
2011,11.2,13245
2011,11.2,13247
2011,11.5,13249
2011,15.8,13251
2011,12.6,13253
2011,14,13255
2011,11.9,13257
2011,9.8,13259
2011,12.6,13261
2011,10.5,13263
2011,15.7,13265
2011,8.8,13267
2011,14.4,13269
2011,13.2,13271
2011,12,13273
2011,10.4,13275
2011,12.1,13277
2011,13.4,13279
2011,12.5,13281
2011,13.3,13283
2011,11,13285
2011,14.3,13287
2011,15.5,13289
2011,10.2,13291
2011,11.6,13293
2011,9.8,13295
2011,10.4,13297
2011,11.3,13299
2011,16.6,13301
2011,12.7,13303
2011,12.1,13305
2011,11.4,13307
2011,14.7,13309
2011,9.9,13311
2011,11.8,13313
2011,12.8,13315
2011,13.9,13317
2011,12.9,13319
2011,11.5,13321
2011,6.8,15000
2011,9.7,15001
2011,5.9,15003
2011,8.5,15007
2011,7.8,15009
2011,8.3,16000
2011,7.3,16001
2011,17.9,16003
2011,7.5,16005
2011,6.1,16007
2011,13.3,16009
2011,7.1,16011
2011,8.7,16013
2011,10.2,16015
2011,12.3,16017
2011,6.9,16019
2011,11.6,16021
2011,8.2,16023
2011,12.4,16025
2011,10.6,16027
2011,7.5,16029
2011,6.6,16031
2011,8.9,16033
2011,13.7,16035
2011,7.9,16037
2011,8.3,16039
2011,5.4,16041
2011,7.7,16043
2011,10.8,16045
2011,6.8,16047
2011,12.3,16049
2011,6.9,16051
2011,7.6,16053
2011,10.1,16055
2011,6.3,16057
2011,10.3,16059
2011,6.2,16061
2011,11.9,16063
2011,5.3,16065
2011,6.9,16067
2011,6.4,16069
2011,5.8,16071
2011,4.3,16073
2011,9,16075
2011,8.8,16077
2011,14.5,16079
2011,6.7,16081
2011,7.9,16083
2011,14.1,16085
2011,9.8,16087
2011,9.7,17000
2011,6.9,17001
2011,12.9,17003
2011,9.3,17005
2011,11.8,17007
2011,6.2,17009
2011,9.9,17011
2011,9.7,17013
2011,9,17015
2011,8.2,17017
2011,7.6,17019
2011,9.6,17021
2011,10.4,17023
2011,10.6,17025
2011,6.7,17027
2011,9.4,17029
2011,10.4,17031
2011,7.3,17033
2011,8.6,17035
2011,9.3,17037
2011,8.5,17039
2011,8.1,17041
2011,8.2,17043
2011,10.5,17045
2011,8.1,17047
2011,6.9,17049
2011,9.2,17051
2011,8.5,17053
2011,11.2,17055
2011,10.5,17057
2011,8.9,17059
2011,8.7,17061
2011,12.7,17063
2011,8.6,17065
2011,9.2,17067
2011,10.8,17069
2011,8,17071
2011,7.8,17073
2011,9.2,17075
2011,8,17077
2011,7.8,17079
2011,9.3,17081
2011,8.9,17083
2011,7.9,17085
2011,11.7,17087
2011,9.7,17089
2011,11.6,17091
2011,9.3,17093
2011,8.8,17095
2011,8.8,17097
2011,10.7,17099
2011,10.6,17101
2011,9.1,17103
2011,8.4,17105
2011,7.8,17107
2011,7.9,17109
2011,9.9,17111
2011,6.6,17113
2011,9.9,17115
2011,9.7,17117
2011,9,17119
2011,10,17121
2011,8.9,17123
2011,10.6,17125
2011,8.8,17127
2011,7.3,17129
2011,8.3,17131
2011,6.7,17133
2011,11.9,17135
2011,8.1,17137
2011,7.6,17139
2011,11.4,17141
2011,9.2,17143
2011,10.2,17145
2011,6.9,17147
2011,8,17149
2011,8.9,17151
2011,12,17153
2011,10.3,17155
2011,8.2,17157
2011,8.2,17159
2011,8.5,17161
2011,9.7,17163
2011,9.5,17165
2011,7.5,17167
2011,8,17169
2011,8.2,17171
2011,9.1,17173
2011,8.8,17175
2011,9.8,17177
2011,8.3,17179
2011,11.6,17181
2011,10,17183
2011,8.9,17185
2011,7.2,17187
2011,6.6,17189
2011,8,17191
2011,7.9,17193
2011,9.5,17195
2011,10.6,17197
2011,9,17199
2011,11.9,17201
2011,6.5,17203
2011,9.1,18000
2011,7.8,18001
2011,9.3,18003
2011,7.6,18005
2011,7.9,18007
2011,12.3,18009
2011,6.7,18011
2011,9.2,18013
2011,8.3,18015
2011,9.4,18017
2011,8.9,18019
2011,10.4,18021
2011,8.6,18023
2011,11.9,18025
2011,6.1,18027
2011,9.6,18029
2011,9.8,18031
2011,9.7,18033
2011,10.2,18035
2011,6.1,18037
2011,10.8,18039
2011,12.6,18041
2011,8,18043
2011,9.6,18045
2011,10,18047
2011,9.2,18049
2011,7.3,18051
2011,10.4,18053
2011,10.4,18055
2011,5.8,18057
2011,8.2,18059
2011,8.9,18061
2011,7,18063
2011,11.5,18065
2011,10.4,18067
2011,9.8,18069
2011,8.7,18071
2011,9.1,18073
2011,9,18075
2011,9.8,18077
2011,11.5,18079
2011,7.7,18081
2011,7.4,18083
2011,8.9,18085
2011,9,18087
2011,9.6,18089
2011,10.4,18091
2011,11.6,18093
2011,10.9,18095
2011,9.9,18097
2011,9.5,18099
2011,7.5,18101
2011,10.4,18103
2011,7.5,18105
2011,8.9,18107
2011,9.4,18109
2011,9.9,18111
2011,10.1,18113
2011,9.5,18115
2011,11.8,18117
2011,11.2,18119
2011,10.5,18121
2011,9.1,18123
2011,7.8,18125
2011,8.2,18127
2011,6.9,18129
2011,8.1,18131
2011,10.8,18133
2011,10.4,18135
2011,9.5,18137
2011,9.5,18139
2011,10.1,18141
2011,11.9,18143
2011,9.5,18145
2011,7.7,18147
2011,11.4,18149
2011,9,18151
2011,9.3,18153
2011,8.2,18155
2011,7.5,18157
2011,9,18159
2011,8.8,18161
2011,8,18163
2011,11.7,18165
2011,10.3,18167
2011,9.6,18169
2011,8.1,18171
2011,7.1,18173
2011,10.6,18175
2011,11.1,18177
2011,8.2,18179
2011,8.7,18181
2011,9.3,18183
2011,5.5,19000
2011,4.9,19001
2011,4.4,19003
2011,7.2,19005
2011,6.9,19007
2011,5.7,19009
2011,5.8,19011
2011,5.8,19013
2011,5,19015
2011,4.4,19017
2011,5.7,19019
2011,4.5,19021
2011,5,19023
2011,5.7,19025
2011,4,19027
2011,6,19029
2011,5.2,19031
2011,6.1,19033
2011,4.7,19035
2011,6.3,19037
2011,7,19039
2011,5.4,19041
2011,6.2,19043
2011,6.6,19045
2011,4.7,19047
2011,4.3,19049
2011,6.1,19051
2011,5,19053
2011,5.5,19055
2011,6.7,19057
2011,6.3,19059
2011,5.1,19061
2011,5.6,19063
2011,6.2,19065
2011,6.5,19067
2011,5.1,19069
2011,5.8,19071
2011,5.6,19073
2011,5,19075
2011,6.1,19077
2011,8.8,19079
2011,5.6,19081
2011,5.9,19083
2011,5.5,19085
2011,6.8,19087
2011,5.3,19089
2011,5,19091
2011,4.9,19093
2011,5,19095
2011,6.5,19097
2011,6.7,19099
2011,6,19101
2011,4,19103
2011,5.8,19105
2011,6.1,19107
2011,4.4,19109
2011,8.1,19111
2011,5.7,19113
2011,6.1,19115
2011,5.3,19117
2011,3.1,19119
2011,6,19121
2011,5.8,19123
2011,5.4,19125
2011,6.6,19127
2011,4.9,19129
2011,4.7,19131
2011,6.9,19133
2011,6.7,19135
2011,5.9,19137
2011,6.6,19139
2011,4.2,19141
2011,4.5,19143
2011,5.7,19145
2011,4.7,19147
2011,4.5,19149
2011,4.4,19151
2011,5.7,19153
2011,5.6,19155
2011,5.6,19157
2011,4.6,19159
2011,4.4,19161
2011,6.1,19163
2011,4.3,19165
2011,3.7,19167
2011,3.9,19169
2011,6.1,19171
2011,4.7,19173
2011,5.3,19175
2011,6.3,19177
2011,7.2,19179
2011,5.2,19181
2011,4.7,19183
2011,5.5,19185
2011,7,19187
2011,6,19189
2011,5,19191
2011,5.7,19193
2011,6.4,19195
2011,6.9,19197
2011,6.5,20000
2011,8,20001
2011,7.6,20003
2011,9,20005
2011,4,20007
2011,5.2,20009
2011,9,20011
2011,6,20013
2011,7,20015
2011,5.5,20017
2011,8.2,20019
2011,8.1,20021
2011,4.3,20023
2011,3.8,20025
2011,5.7,20027
2011,5.5,20029
2011,7.8,20031
2011,4.4,20033
2011,7,20035
2011,7.9,20037
2011,4.8,20039
2011,6.6,20041
2011,7.8,20043
2011,5.7,20045
2011,4.5,20047
2011,7.6,20049
2011,3.5,20051
2011,4.1,20053
2011,4.3,20055
2011,4.3,20057
2011,8.4,20059
2011,9.2,20061
2011,3.3,20063
2011,4.2,20065
2011,4.2,20067
2011,3.3,20069
2011,3.1,20071
2011,6.6,20073
2011,2.8,20075
2011,5.7,20077
2011,6.1,20079
2011,3.5,20081
2011,3.8,20083
2011,6,20085
2011,7.1,20087
2011,4.7,20089
2011,5.4,20091
2011,4.4,20093
2011,6.4,20095
2011,4.2,20097
2011,9.1,20099
2011,4.6,20101
2011,7.3,20103
2011,5.2,20105
2011,11.2,20107
2011,3.3,20109
2011,6.4,20111
2011,4.6,20113
2011,5.7,20115
2011,4.7,20117
2011,3.7,20119
2011,7.2,20121
2011,3.6,20123
2011,9.9,20125
2011,6.7,20127
2011,3.7,20129
2011,3.9,20131
2011,9.3,20133
2011,3.4,20135
2011,3.5,20137
2011,8.3,20139
2011,4.5,20141
2011,5.7,20143
2011,4.6,20145
2011,5.1,20147
2011,5,20149
2011,5.1,20151
2011,3.5,20153
2011,6,20155
2011,3.8,20157
2011,5.2,20159
2011,4.8,20161
2011,5.3,20163
2011,4.4,20165
2011,4.7,20167
2011,6.1,20169
2011,3.7,20171
2011,8,20173
2011,4.6,20175
2011,6.8,20177
2011,3.2,20179
2011,4,20181
2011,4,20183
2011,5.1,20185
2011,4,20187
2011,4.1,20189
2011,7.7,20191
2011,3.7,20193
2011,4.7,20195
2011,6.3,20197
2011,5.4,20199
2011,4.6,20201
2011,3.8,20203
2011,11.4,20205
2011,6.8,20207
2011,9.5,20209
2011,9.4,21000
2011,11.8,21001
2011,9.8,21003
2011,8.3,21005
2011,10,21007
2011,9.8,21009
2011,12.6,21011
2011,11.9,21013
2011,7.9,21015
2011,8.4,21017
2011,10.3,21019
2011,10.7,21021
2011,10.8,21023
2011,12.8,21025
2011,11.6,21027
2011,9.9,21029
2011,10.7,21031
2011,9.6,21033
2011,7.5,21035
2011,8.3,21037
2011,8.9,21039
2011,12.2,21041
2011,13.8,21043
2011,10,21045
2011,10.8,21047
2011,9.9,21049
2011,15,21051
2011,11.4,21053
2011,8.5,21055
2011,11,21057
2011,8.4,21059
2011,11.7,21061
2011,15.8,21063
2011,12.4,21065
2011,6.9,21067
2011,10.6,21069
2011,11.2,21071
2011,7.9,21073
2011,12.5,21075
2011,10.7,21077
2011,10,21079
2011,10.7,21081
2011,9.1,21083
2011,12.3,21085
2011,9.7,21087
2011,11.2,21089
2011,8.4,21091
2011,9.2,21093
2011,11.2,21095
2011,10.1,21097
2011,9.9,21099
2011,9,21101
2011,8.8,21103
2011,8.9,21105
2011,8.5,21107
2011,13.6,21109
2011,9.5,21111
2011,7.8,21113
2011,10.9,21115
2011,8.8,21117
2011,11.8,21119
2011,13.3,21121
2011,10,21123
2011,11.5,21125
2011,11.7,21127
2011,12.6,21129
2011,12.6,21131
2011,10.2,21133
2011,13,21135
2011,12.3,21137
2011,11,21139
2011,8.9,21141
2011,10.4,21143
2011,8.6,21145
2011,14.6,21147
2011,8.9,21149
2011,7.9,21151
2011,17.1,21153
2011,10.8,21155
2011,9.3,21157
2011,9,21159
2011,10.3,21161
2011,11.3,21163
2011,14.1,21165
2011,10.4,21167
2011,11.2,21169
2011,9,21171
2011,11.2,21173
2011,11,21175
2011,10.3,21177
2011,10.6,21179
2011,9.1,21181
2011,9.9,21183
2011,7,21185
2011,7.6,21187
2011,13.2,21189
2011,10.8,21191
2011,10.4,21193
2011,9.2,21195
2011,12.9,21197
2011,10.7,21199
2011,11.2,21201
2011,11.5,21203
2011,9.5,21205
2011,11.7,21207
2011,8,21209
2011,7.9,21211
2011,11,21213
2011,9.1,21215
2011,10.8,21217
2011,8.7,21219
2011,11.4,21221
2011,11.4,21223
2011,9,21225
2011,8.3,21227
2011,9.3,21229
2011,14.3,21231
2011,8,21233
2011,12,21235
2011,14.9,21237
2011,6.5,21239
2011,7.8,22000
2011,6.7,22001
2011,9.1,22003
2011,7,22005
2011,12.1,22007
2011,8.4,22009
2011,8.2,22011
2011,10.1,22013
2011,5.9,22015
2011,7.9,22017
2011,7.7,22019
2011,10,22021
2011,5.8,22023
2011,10.3,22025
2011,8.3,22027
2011,9.6,22029
2011,8.5,22031
2011,7.6,22033
2011,18.1,22035
2011,8.5,22037
2011,8.4,22039
2011,11.7,22041
2011,8.4,22043
2011,7.9,22045
2011,10.4,22047
2011,7.4,22049
2011,7.2,22051
2011,7.2,22053
2011,5.9,22055
2011,6.1,22057
2011,5.7,22059
2011,9.2,22061
2011,7.3,22063
2011,12.7,22065
2011,14.4,22067
2011,9.2,22069
2011,8.6,22071
2011,8.3,22073
2011,6.3,22075
2011,9.1,22077
2011,7.7,22079
2011,7.7,22081
2011,10.9,22083
2011,7.1,22085
2011,8.5,22087
2011,7.2,22089
2011,13.7,22091
2011,12.1,22093
2011,10.6,22095
2011,9.4,22097
2011,7.4,22099
2011,8.9,22101
2011,6.3,22103
2011,9.6,22105
2011,12.9,22107
2011,6.2,22109
2011,9.4,22111
2011,6.6,22113
2011,9,22115
2011,9.5,22117
2011,10.1,22119
2011,7.8,22121
2011,15.9,22123
2011,6.6,22125
2011,9.4,22127
2011,7.9,23000
2011,8.1,23001
2011,9.8,23003
2011,6.3,23005
2011,9.1,23007
2011,8.9,23009
2011,7.5,23011
2011,7.3,23013
2011,7.8,23015
2011,10.5,23017
2011,8.3,23019
2011,10.2,23021
2011,6.8,23023
2011,10.9,23025
2011,8.3,23027
2011,10.6,23029
2011,7.3,23031
2011,7.2,24000
2011,9.1,24001
2011,6.3,24003
2011,7.7,24005
2011,6.5,24009
2011,8.6,24011
2011,6.1,24013
2011,8.9,24015
2011,6.7,24017
2011,11.1,24019
2011,6.4,24021
2011,8.4,24023
2011,7.2,24025
2011,5.2,24027
2011,8.1,24029
2011,5.3,24031
2011,7.5,24033
2011,6.8,24035
2011,6.3,24037
2011,11.7,24039
2011,7.4,24041
2011,8.8,24043
2011,9.8,24045
2011,13.7,24047
2011,10.6,24510
2011,7.3,25000
2011,9.1,25001
2011,7.9,25003
2011,9.4,25005
2011,9.4,25007
2011,7.6,25009
2011,6.5,25011
2011,9.3,25013
2011,6.2,25015
2011,5.9,25017
2011,8.6,25019
2011,6.3,25021
2011,7.8,25023
2011,6.6,25025
2011,7.7,25027
2011,10.4,26000
2011,14.3,26001
2011,12.7,26003
2011,8.7,26005
2011,10.8,26007
2011,13.3,26009
2011,14.1,26011
2011,16.4,26013
2011,8.2,26015
2011,9.9,26017
2011,12,26019
2011,10.2,26021
2011,10.5,26023
2011,9.8,26025
2011,9.7,26027
2011,12.2,26029
2011,12.3,26031
2011,10.9,26033
2011,13.2,26035
2011,7,26037
2011,12.8,26039
2011,10.8,26041
2011,9.6,26043
2011,8,26045
2011,13.1,26047
2011,11.4,26049
2011,13,26051
2011,11.9,26053
2011,9.8,26055
2011,10,26057
2011,10.6,26059
2011,9.6,26061
2011,9.7,26063
2011,8.8,26065
2011,9.8,26067
2011,12.8,26069
2011,10.4,26071
2011,8.4,26073
2011,9.9,26075
2011,8.4,26077
2011,13,26079
2011,8.2,26081
2011,13.8,26083
2011,13.7,26085
2011,13.2,26087
2011,9.2,26089
2011,10.4,26091
2011,9,26093
2011,12.2,26095
2011,13.1,26097
2011,11.1,26099
2011,12,26101
2011,8.9,26103
2011,11,26105
2011,11.3,26107
2011,9.1,26109
2011,8.4,26111
2011,10.9,26113
2011,9.5,26115
2011,11.6,26117
2011,18.1,26119
2011,11.4,26121
2011,10.6,26123
2011,9.5,26125
2011,14,26127
2011,12.8,26129
2011,16.2,26131
2011,11.4,26133
2011,17.8,26135
2011,12.2,26137
2011,8,26139
2011,16.1,26141
2011,14.8,26143
2011,10.2,26145
2011,13.1,26147
2011,10.9,26149
2011,12.2,26151
2011,13.3,26153
2011,10.7,26155
2011,12,26157
2011,11.5,26159
2011,6.8,26161
2011,12.9,26163
2011,12.2,26165
2011,6.5,27000
2011,9.6,27001
2011,6.8,27003
2011,7.1,27005
2011,8.2,27007
2011,7.6,27009
2011,6.4,27011
2011,5.4,27013
2011,5.9,27015
2011,7.6,27017
2011,5.5,27019
2011,10,27021
2011,6.3,27023
2011,7.6,27025
2011,5.5,27027
2011,11.9,27029
2011,6.9,27031
2011,6.1,27033
2011,8.7,27035
2011,6.1,27037
2011,6,27039
2011,6,27041
2011,7.1,27043
2011,6.6,27045
2011,6.6,27047
2011,6,27049
2011,6.9,27051
2011,6.1,27053
2011,6.9,27055
2011,9.2,27057
2011,8.3,27059
2011,9.1,27061
2011,5.4,27063
2011,10,27065
2011,6,27067
2011,6.8,27069
2011,8.4,27071
2011,6.1,27073
2011,6.9,27075
2011,6.2,27077
2011,7.6,27079
2011,5.2,27081
2011,5.3,27083
2011,7.6,27085
2011,7.6,27087
2011,8.3,27089
2011,6.6,27091
2011,7.7,27093
2011,9.6,27095
2011,8.2,27097
2011,5.7,27099
2011,6.2,27101
2011,5.1,27103
2011,5.3,27105
2011,6.7,27107
2011,5.3,27109
2011,6.4,27111
2011,7.7,27113
2011,8.8,27115
2011,6.5,27117
2011,7,27119
2011,5.9,27121
2011,6.6,27123
2011,8.1,27125
2011,6,27127
2011,7.3,27129
2011,6.6,27131
2011,4.2,27133
2011,5.3,27135
2011,7.3,27137
2011,5.8,27139
2011,7.1,27141
2011,6.9,27143
2011,6.3,27145
2011,6.5,27147
2011,4.9,27149
2011,7.1,27151
2011,6.8,27153
2011,6,27155
2011,6.2,27157
2011,9,27159
2011,6.3,27161
2011,5.9,27163
2011,6.3,27165
2011,5.6,27167
2011,5.8,27169
2011,6.8,27171
2011,5.7,27173
2011,10,28000
2011,10.8,28001
2011,10.9,28003
2011,11.5,28005
2011,11.2,28007
2011,12.4,28009
2011,11.1,28011
2011,8.7,28013
2011,12.2,28015
2011,11.4,28017
2011,10.2,28019
2011,15.9,28021
2011,11.8,28023
2011,14.9,28025
2011,13.8,28027
2011,11.5,28029
2011,9.3,28031
2011,7.2,28033
2011,10.1,28035
2011,10.8,28037
2011,12.1,28039
2011,12.1,28041
2011,10.2,28043
2011,9.5,28045
2011,8.9,28047
2011,9.5,28049
2011,17.9,28051
2011,18.5,28053
2011,20.2,28055
2011,10,28057
2011,10.4,28059
2011,11.5,28061
2011,18.6,28063
2011,13.9,28065
2011,8.6,28067
2011,14.2,28069
2011,8.6,28071
2011,7.1,28073
2011,10.2,28075
2011,11.6,28077
2011,9.7,28079
2011,9.6,28081
2011,14.9,28083
2011,9.8,28085
2011,10.5,28087
2011,6.9,28089
2011,10.7,28091
2011,11.7,28093
2011,12,28095
2011,12.4,28097
2011,9.3,28099
2011,9.2,28101
2011,14.5,28103
2011,9.6,28105
2011,13.2,28107
2011,9.3,28109
2011,13.2,28111
2011,11.6,28113
2011,9.3,28115
2011,10.4,28117
2011,14.9,28119
2011,6.4,28121
2011,8.4,28123
2011,14.6,28125
2011,9.1,28127
2011,8.2,28129
2011,10.8,28131
2011,15.1,28133
2011,12.1,28135
2011,10.4,28137
2011,11.8,28139
2011,12.1,28141
2011,14.5,28143
2011,9.9,28145
2011,12,28147
2011,10.2,28149
2011,15.5,28151
2011,11.4,28153
2011,10.4,28155
2011,13,28157
2011,13.3,28159
2011,11.8,28161
2011,12,28163
2011,8.5,29000
2011,8.6,29001
2011,6.9,29003
2011,8.2,29005
2011,8.2,29007
2011,9,29009
2011,8.8,29011
2011,10.1,29013
2011,10.9,29015
2011,9,29017
2011,5.7,29019
2011,8.1,29021
2011,9,29023
2011,8.7,29025
2011,7.6,29027
2011,11.1,29029
2011,6.7,29031
2011,10.5,29033
2011,11.3,29035
2011,8.5,29037
2011,8.7,29039
2011,9,29041
2011,7.4,29043
2011,10,29045
2011,7.4,29047
2011,8.9,29049
2011,6.3,29051
2011,9,29053
2011,10.9,29055
2011,9.3,29057
2011,11,29059
2011,8.9,29061
2011,8,29063
2011,9.7,29065
2011,10.2,29067
2011,12.1,29069
2011,9.4,29071
2011,8.8,29073
2011,6.9,29075
2011,7.3,29077
2011,7.1,29079
2011,8.5,29081
2011,9.7,29083
2011,11.7,29085
2011,7.2,29087
2011,8.2,29089
2011,9.6,29091
2011,14.1,29093
2011,9.5,29095
2011,7.6,29097
2011,8.8,29099
2011,9.1,29101
2011,7.2,29103
2011,11.3,29105
2011,9.1,29107
2011,8.3,29109
2011,7,29111
2011,10.1,29113
2011,11.9,29115
2011,7.6,29117
2011,8.4,29119
2011,8.3,29121
2011,10.4,29123
2011,8.4,29125
2011,7.5,29127
2011,6.7,29129
2011,11.5,29131
2011,9.6,29133
2011,7.7,29135
2011,9.9,29137
2011,9.9,29139
2011,12.6,29141
2011,9.7,29143
2011,8,29145
2011,6.9,29147
2011,9.8,29149
2011,6.2,29151
2011,11.8,29153
2011,11.6,29155
2011,6.7,29157
2011,8.3,29159
2011,8.4,29161
2011,8.3,29163
2011,6.9,29165
2011,9.3,29167
2011,8.7,29169
2011,6.8,29171
2011,7.5,29173
2011,10.5,29175
2011,9.3,29177
2011,13.2,29179
2011,12,29181
2011,6.9,29183
2011,10.1,29185
2011,9.3,29186
2011,10.8,29187
2011,7.8,29189
2011,8,29195
2011,9.1,29197
2011,6.6,29199
2011,8.8,29201
2011,13.1,29203
2011,7.2,29205
2011,10,29207
2011,12.6,29209
2011,8.4,29211
2011,13.2,29213
2011,9.7,29215
2011,7.2,29217
2011,9.1,29219
2011,12.2,29221
2011,10.1,29223
2011,8.9,29225
2011,5.7,29227
2011,9.8,29229
2011,10.3,29510
2011,6.9,30000
2011,6.1,30001
2011,12,30003
2011,7.1,30005
2011,7.4,30007
2011,5.7,30009
2011,3.9,30011
2011,6.4,30013
2011,4.6,30015
2011,4.1,30017
2011,3.5,30019
2011,3.7,30021
2011,6.2,30023
2011,2.6,30025
2011,6.1,30027
2011,10.9,30029
2011,6,30031
2011,3.9,30033
2011,11.4,30035
2011,5.1,30037
2011,9.1,30039
2011,6.3,30041
2011,6.3,30043
2011,6.2,30045
2011,9.1,30047
2011,5.3,30049
2011,4,30051
2011,14.8,30053
2011,3,30055
2011,7.3,30057
2011,7.4,30059
2011,12.1,30061
2011,6.7,30063
2011,6.6,30065
2011,8.3,30067
2011,5.7,30069
2011,6.9,30071
2011,6,30073
2011,4.7,30075
2011,7.7,30077
2011,5.5,30079
2011,9,30081
2011,3.1,30083
2011,7.1,30085
2011,7.3,30087
2011,13.4,30089
2011,3.6,30091
2011,6.6,30093
2011,5.2,30095
2011,4.7,30097
2011,5.7,30099
2011,4.7,30101
2011,5.6,30103
2011,4.7,30105
2011,8,30107
2011,4.2,30109
2011,5.5,30111
2011,4.4,31000
2011,4.3,31001
2011,3.6,31003
2011,6.1,31005
2011,4.6,31007
2011,5.4,31009
2011,3.7,31011
2011,4.2,31013
2011,3.8,31015
2011,4.6,31017
2011,3.5,31019
2011,5.7,31021
2011,3.8,31023
2011,5.2,31025
2011,3.3,31027
2011,2.4,31029
2011,3,31031
2011,3,31033
2011,4.1,31035
2011,3.9,31037
2011,3.4,31039
2011,3.4,31041
2011,5.9,31043
2011,3.9,31045
2011,5,31047
2011,3.5,31049
2011,4.6,31051
2011,4.9,31053
2011,4.9,31055
2011,2.9,31057
2011,3.5,31059
2011,4.2,31061
2011,3.6,31063
2011,3.7,31065
2011,5.8,31067
2011,3.6,31069
2011,3.4,31071
2011,3.5,31073
2011,3.3,31075
2011,3.9,31077
2011,4.5,31079
2011,3.8,31081
2011,3.3,31083
2011,3.1,31085
2011,4.9,31087
2011,3.4,31089
2011,4.7,31091
2011,4.1,31093
2011,4.3,31095
2011,4.8,31097
2011,3.2,31099
2011,4.1,31101
2011,3,31103
2011,3.6,31105
2011,3.9,31107
2011,4,31109
2011,4.4,31111
2011,3.5,31113
2011,4.8,31115
2011,2.5,31117
2011,4.1,31119
2011,4.3,31121
2011,3.4,31123
2011,3.7,31125
2011,5,31127
2011,3.6,31129
2011,5.1,31131
2011,3.8,31133
2011,2.9,31135
2011,3.7,31137
2011,3.5,31139
2011,4.2,31141
2011,3.4,31143
2011,3.5,31145
2011,6,31147
2011,2.7,31149
2011,4.7,31151
2011,4.2,31153
2011,4.6,31155
2011,5,31157
2011,3.8,31159
2011,3.6,31161
2011,4.3,31163
2011,3.4,31165
2011,3.7,31167
2011,3.3,31169
2011,5.2,31171
2011,10.2,31173
2011,4,31175
2011,4.4,31177
2011,3.5,31179
2011,4.6,31181
2011,3.2,31183
2011,4.3,31185
2011,13,32000
2011,12.5,32001
2011,13.2,32003
2011,13.2,32005
2011,7.2,32007
2011,7.8,32009
2011,6.9,32011
2011,7.8,32013
2011,8.8,32015
2011,11.1,32017
2011,16.8,32019
2011,14.2,32021
2011,16.7,32023
2011,10.8,32027
2011,15.7,32029
2011,12.6,32031
2011,8.7,32033
2011,13.2,32510
2011,5.4,33000
2011,5.5,33001
2011,5.4,33003
2011,5,33005
2011,7.3,33007
2011,4.5,33009
2011,5.7,33011
2011,4.9,33013
2011,5.6,33015
2011,5.3,33017
2011,4.6,33019
2011,9.3,34000
2011,12.5,34001
2011,7.7,34003
2011,8.7,34005
2011,10.8,34007
2011,14.8,34009
2011,12.9,34011
2011,10.8,34013
2011,10.2,34015
2011,9.2,34017
2011,6.9,34019
2011,8.3,34021
2011,8.7,34023
2011,8.6,34025
2011,7.1,34027
2011,10.4,34029
2011,11,34031
2011,11.6,34033
2011,7.4,34035
2011,9.2,34037
2011,9.5,34039
2011,9.1,34041
2011,7.5,35000
2011,7.2,35001
2011,11.1,35003
2011,6.8,35005
2011,9.5,35006
2011,8.1,35007
2011,5.1,35009
2011,5.1,35011
2011,7.6,35013
2011,5.1,35015
2011,7.3,35017
2011,10.6,35019
2011,6.4,35021
2011,7.6,35023
2011,5.6,35025
2011,6.8,35027
2011,3.5,35028
2011,20.2,35029
2011,9.9,35031
2011,12.4,35033
2011,6.8,35035
2011,9.6,35037
2011,9.3,35039
2011,5.7,35041
2011,8,35043
2011,7.9,35045
2011,9.5,35047
2011,6.2,35049
2011,9.9,35051
2011,7.6,35053
2011,10.5,35055
2011,11.5,35057
2011,4.7,35059
2011,9,35061
2011,8.3,36000
2011,6.9,36001
2011,8.9,36003
2011,11.9,36005
2011,8.6,36007
2011,9.3,36009
2011,8.1,36011
2011,8.2,36013
2011,7.8,36015
2011,8.7,36017
2011,9.6,36019
2011,7.1,36021
2011,8.5,36023
2011,8.7,36025
2011,7.5,36027
2011,8,36029
2011,9.1,36031
2011,9.1,36033
2011,10.6,36035
2011,7.8,36037
2011,9.4,36039
2011,9.9,36041
2011,8.7,36043
2011,9.8,36045
2011,9.6,36047
2011,9.7,36049
2011,7.6,36051
2011,8.2,36053
2011,7.7,36055
2011,10.2,36057
2011,6.8,36059
2011,7.8,36061
2011,9.1,36063
2011,8,36065
2011,7.7,36067
2011,7.1,36069
2011,7.7,36071
2011,9.2,36073
2011,10.8,36075
2011,7.7,36077
2011,7,36079
2011,8.1,36081
2011,7.6,36083
2011,9.2,36085
2011,7.1,36087
2011,10.4,36089
2011,6.7,36091
2011,7.5,36093
2011,9,36095
2011,8.8,36097
2011,7.9,36099
2011,9.1,36101
2011,7.6,36103
2011,8.9,36105
2011,7.7,36107
2011,6.1,36109
2011,7.8,36111
2011,8.9,36113
2011,8.1,36115
2011,8.4,36117
2011,7.1,36119
2011,8.7,36121
2011,7.5,36123
2011,10.3,37000
2011,9.7,37001
2011,11.3,37003
2011,12.2,37005
2011,12.3,37007
2011,10.9,37009
2011,11.1,37011
2011,11.1,37013
2011,12.1,37015
2011,13.4,37017
2011,12.2,37019
2011,7.9,37021
2011,11.4,37023
2011,10.4,37025
2011,13.2,37027
2011,8.6,37029
2011,9.7,37031
2011,11.8,37033
2011,11.7,37035
2011,8.1,37037
2011,11.8,37039
2011,12.2,37041
2011,11.5,37043
2011,12.4,37045
2011,13.4,37047
2011,10.6,37049
2011,10.5,37051
2011,9.1,37053
2011,13,37055
2011,11,37057
2011,10.6,37059
2011,9.5,37061
2011,8.1,37063
2011,15.5,37065
2011,9.8,37067
2011,10.7,37069
2011,11.9,37071
2011,8.2,37073
2011,18.1,37075
2011,8.9,37077
2011,9.6,37079
2011,10.5,37081
2011,14.6,37083
2011,11.4,37085
2011,10.1,37087
2011,8.5,37089
2011,11.3,37091
2011,10.9,37093
2011,13.4,37095
2011,11.4,37097
2011,11.1,37099
2011,9.5,37101
2011,10.6,37103
2011,12.3,37105
2011,10.9,37107
2011,11.2,37109
2011,12.4,37111
2011,11.3,37113
2011,10.3,37115
2011,12.4,37117
2011,9.9,37119
2011,11.9,37121
2011,11.8,37123
2011,9.5,37125
2011,12.5,37127
2011,9.6,37129
2011,12.2,37131
2011,8.3,37133
2011,6.5,37135
2011,9.7,37137
2011,10.3,37139
2011,11.3,37141
2011,11,37143
2011,11.9,37145
2011,10.1,37147
2011,9.3,37149
2011,10.9,37151
2011,14.6,37153
2011,14.2,37155
2011,12.3,37157
2011,12.5,37159
2011,14.6,37161
2011,9.8,37163
2011,18,37165
2011,11.8,37167
2011,10.4,37169
2011,10.8,37171
2011,15.6,37173
2011,9.4,37175
2011,14.9,37177
2011,9.1,37179
2011,14.9,37181
2011,7.9,37183
2011,14,37185
2011,16.9,37187
2011,7.9,37189
2011,9,37191
2011,11.8,37193
2011,13.9,37195
2011,10.3,37197
2011,11.3,37199
2011,3.5,38000
2011,2.8,38001
2011,3.9,38003
2011,6,38005
2011,3.9,38007
2011,3.8,38009
2011,2.2,38011
2011,2.3,38013
2011,3.3,38015
2011,3.3,38017
2011,3,38019
2011,2.9,38021
2011,1.8,38023
2011,2.1,38025
2011,4.9,38027
2011,6,38029
2011,3.2,38031
2011,2.4,38033
2011,3.7,38035
2011,3.5,38037
2011,3,38039
2011,2.9,38041
2011,5.2,38043
2011,3,38045
2011,3.1,38047
2011,4.6,38049
2011,3.7,38051
2011,1.8,38053
2011,4.7,38055
2011,5.4,38057
2011,4,38059
2011,2.2,38061
2011,4.3,38063
2011,6.2,38065
2011,6.9,38067
2011,4.8,38069
2011,3.8,38071
2011,3.5,38073
2011,2.8,38075
2011,3.8,38077
2011,10.9,38079
2011,3.1,38081
2011,4,38083
2011,5.4,38085
2011,2,38087
2011,2.2,38089
2011,2.6,38091
2011,3.8,38093
2011,3,38095
2011,3.6,38097
2011,5,38099
2011,3.2,38101
2011,4.4,38103
2011,1.4,38105
2011,8.8,39000
2011,14.3,39001
2011,9.5,39003
2011,9.9,39005
2011,10.9,39007
2011,9.9,39009
2011,8.1,39011
2011,9.5,39013
2011,11.9,39015
2011,9.1,39017
2011,10.2,39019
2011,9.4,39021
2011,9.5,39023
2011,9.1,39025
2011,13.5,39027
2011,10.2,39029
2011,11.5,39031
2011,11.5,39033
2011,7.6,39035
2011,9.3,39037
2011,9.6,39039
2011,6.2,39041
2011,9.5,39043
2011,8,39045
2011,10.5,39047
2011,7.8,39049
2011,9.6,39051
2011,11.2,39053
2011,6,39055
2011,8.3,39057
2011,10.8,39059
2011,8.9,39061
2011,7.8,39063
2011,9.5,39065
2011,10.7,39067
2011,10.7,39069
2011,13.5,39071
2011,9.9,39073
2011,6.3,39075
2011,11.4,39077
2011,11.8,39079
2011,12,39081
2011,8.7,39083
2011,6.8,39085
2011,9.5,39087
2011,8.4,39089
2011,9.8,39091
2011,7.8,39093
2011,9.9,39095
2011,7.9,39097
2011,9.8,39099
2011,9.9,39101
2011,6.4,39103
2011,13.1,39105
2011,6.7,39107
2011,9.1,39109
2011,9.9,39111
2011,9.7,39113
2011,11.4,39115
2011,10.1,39117
2011,10.9,39119
2011,13.3,39121
2011,11.1,39123
2011,9.8,39125
2011,11.6,39127
2011,9.2,39129
2011,15.2,39131
2011,8.9,39133
2011,9.6,39135
2011,7.4,39137
2011,10.6,39139
2011,10,39141
2011,9.2,39143
2011,12.5,39145
2011,9.6,39147
2011,9.7,39149
2011,9.3,39151
2011,9.1,39153
2011,10.7,39155
2011,9.3,39157
2011,7.2,39159
2011,9.3,39161
2011,11.9,39163
2011,7.9,39165
2011,10,39167
2011,7.7,39169
2011,10.8,39171
2011,8.3,39173
2011,9.2,39175
2011,5.9,40000
2011,9.2,40001
2011,4.1,40003
2011,8.5,40005
2011,3.6,40007
2011,3.7,40009
2011,5.3,40011
2011,5.9,40013
2011,7.1,40015
2011,4.4,40017
2011,6.4,40019
2011,7.3,40021
2011,9,40023
2011,3.4,40025
2011,4.5,40027
2011,8.4,40029
2011,5.7,40031
2011,6.1,40033
2011,6.3,40035
2011,7,40037
2011,4,40039
2011,7.1,40041
2011,3.9,40043
2011,3.8,40045
2011,4.4,40047
2011,5.8,40049
2011,5.3,40051
2011,3.7,40053
2011,6.3,40055
2011,5.4,40057
2011,3.7,40059
2011,8.9,40061
2011,9.4,40063
2011,5.5,40065
2011,6.1,40067
2011,8.5,40069
2011,7.8,40071
2011,3.9,40073
2011,5.2,40075
2011,9.9,40077
2011,8.9,40079
2011,5.5,40081
2011,4.9,40083
2011,5,40085
2011,4.7,40087
2011,10.2,40089
2011,10.6,40091
2011,4,40093
2011,6,40095
2011,7.6,40097
2011,4.9,40099
2011,7.4,40101
2011,5.1,40103
2011,8,40105
2011,8.6,40107
2011,5.3,40109
2011,9,40111
2011,6.8,40113
2011,7.5,40115
2011,7.8,40117
2011,5,40119
2011,7.3,40121
2011,5.4,40123
2011,6,40125
2011,8.7,40127
2011,3.2,40129
2011,5.7,40131
2011,8.3,40133
2011,9.2,40135
2011,5.8,40137
2011,4.4,40139
2011,5.8,40141
2011,6.1,40143
2011,5.9,40145
2011,5.7,40147
2011,4.5,40149
2011,3.4,40151
2011,4.7,40153
2011,9.5,41000
2011,10.9,41001
2011,6.4,41003
2011,8.9,41005
2011,9.4,41007
2011,11.3,41009
2011,11.6,41011
2011,14.3,41013
2011,12,41015
2011,12.3,41017
2011,12.7,41019
2011,9.7,41021
2011,13.8,41023
2011,13.3,41025
2011,7.9,41027
2011,11.7,41029
2011,12.7,41031
2011,12.6,41033
2011,12,41035
2011,13.1,41037
2011,9.7,41039
2011,10.4,41041
2011,11.4,41043
2011,9.4,41045
2011,10.5,41047
2011,8.2,41049
2011,8.3,41051
2011,9.3,41053
2011,11.1,41055
2011,9.9,41057
2011,9.5,41059
2011,10,41061
2011,12.2,41063
2011,8.8,41065
2011,7.7,41067
2011,8.5,41069
2011,9.2,41071
2011,7.9,42000
2011,6.7,42001
2011,7.1,42003
2011,8.2,42005
2011,7.8,42007
2011,9.1,42009
2011,7.9,42011
2011,7.3,42013
2011,6.5,42015
2011,7.3,42017
2011,6.7,42019
2011,8.7,42021
2011,10.7,42023
2011,10,42025
2011,5.4,42027
2011,5.8,42029
2011,9.9,42031
2011,9.4,42033
2011,8.4,42035
2011,8.6,42037
2011,8,42039
2011,6.4,42041
2011,7.6,42043
2011,7.8,42045
2011,7.4,42047
2011,8.1,42049
2011,10.1,42051
2011,9.4,42053
2011,7.3,42055
2011,10.1,42057
2011,7.6,42059
2011,10.1,42061
2011,7.8,42063
2011,8.7,42065
2011,7.4,42067
2011,8.8,42069
2011,6.9,42071
2011,8.4,42073
2011,6.9,42075
2011,8.6,42077
2011,9.6,42079
2011,7.7,42081
2011,8.7,42083
2011,7.9,42085
2011,8.9,42087
2011,9.7,42089
2011,6.5,42091
2011,6.2,42093
2011,8.2,42095
2011,9.2,42097
2011,7.4,42099
2011,10.7,42101
2011,9.9,42103
2011,9.2,42105
2011,9.8,42107
2011,7.7,42109
2011,8.9,42111
2011,7.3,42113
2011,7.9,42115
2011,7,42117
2011,6.8,42119
2011,7.4,42121
2011,7.5,42123
2011,7.3,42125
2011,8.1,42127
2011,7.5,42129
2011,8.8,42131
2011,7.5,42133
2011,11,44000
2011,9.6,44001
2011,10.6,44003
2011,10.1,44005
2011,11.6,44007
2011,10.1,44009
2011,10.6,45000
2011,12.5,45001
2011,9.3,45003
2011,18.4,45005
2011,10.3,45007
2011,16.2,45009
2011,15.2,45011
2011,8.7,45013
2011,9.6,45015
2011,12.4,45017
2011,8.3,45019
2011,14.7,45021
2011,17.3,45023
2011,12.9,45025
2011,14.5,45027
2011,14.1,45029
2011,12.9,45031
2011,15.8,45033
2011,9,45035
2011,9.9,45037
2011,14.5,45039
2011,11.2,45041
2011,13.6,45043
2011,8.6,45045
2011,11.3,45047
2011,12.9,45049
2011,11.9,45051
2011,9.9,45053
2011,11,45055
2011,13.3,45057
2011,11.6,45059
2011,16.2,45061
2011,8,45063
2011,13.6,45065
2011,17.7,45067
2011,19.7,45069
2011,10.4,45071
2011,10,45073
2011,15.8,45075
2011,9.9,45077
2011,9.2,45079
2011,9.8,45081
2011,10.9,45083
2011,12.1,45085
2011,16,45087
2011,16.7,45089
2011,10.9,45091
2011,4.7,46000
2011,3.2,46003
2011,3.8,46005
2011,7.3,46007
2011,5,46009
2011,4.4,46011
2011,3.9,46013
2011,4,46015
2011,10.3,46017
2011,4.9,46019
2011,3.9,46021
2011,5,46023
2011,4.8,46025
2011,4,46027
2011,4.6,46029
2011,7.5,46031
2011,5.6,46033
2011,3.9,46035
2011,6.5,46037
2011,6.1,46039
2011,16.2,46041
2011,4.1,46043
2011,3.3,46045
2011,6,46047
2011,4.2,46049
2011,4.8,46051
2011,4.6,46053
2011,3.7,46055
2011,4.5,46057
2011,3.3,46059
2011,4.8,46061
2011,4,46063
2011,3.6,46065
2011,3.8,46067
2011,3.7,46069
2011,7.5,46071
2011,3.6,46073
2011,3.3,46075
2011,4.4,46077
2011,5,46079
2011,4.8,46081
2011,3.6,46083
2011,6.4,46085
2011,4.4,46087
2011,4.5,46089
2011,5.6,46091
2011,4.9,46093
2011,6.4,46095
2011,4.5,46097
2011,4.5,46099
2011,6.4,46101
2011,14.2,46102
2011,4.8,46103
2011,4.3,46105
2011,5.3,46107
2011,6.7,46109
2011,4.2,46111
2011,4.2,46115
2011,4,46117
2011,3.8,46119
2011,8.5,46121
2011,3.8,46123
2011,4.1,46125
2011,5.2,46127
2011,7,46129
2011,4.5,46135
2011,6.4,46137
2011,9,47000
2011,8.8,47001
2011,11.3,47003
2011,11.4,47005
2011,11.3,47007
2011,8.2,47009
2011,8.9,47011
2011,11.7,47013
2011,10.3,47015
2011,12.1,47017
2011,10,47019
2011,8.5,47021
2011,9.1,47023
2011,11,47025
2011,10.6,47027
2011,13.2,47029
2011,9.9,47031
2011,10.5,47033
2011,10.2,47035
2011,7.5,47037
2011,11.6,47039
2011,11.1,47041
2011,9.5,47043
2011,12.4,47045
2011,9.5,47047
2011,11.4,47049
2011,9.4,47051
2011,11.4,47053
2011,10,47055
2011,11.7,47057
2011,11.4,47059
2011,12.4,47061
2011,10.8,47063
2011,7.8,47065
2011,13.9,47067
2011,12.1,47069
2011,11.3,47071
2011,9.9,47073
2011,13.8,47075
2011,11.2,47077
2011,10.8,47079
2011,10.3,47081
2011,11.2,47083
2011,10.5,47085
2011,11.7,47087
2011,10.5,47089
2011,11.5,47091
2011,6.9,47093
2011,12.1,47095
2011,12.4,47097
2011,10.4,47099
2011,12.9,47101
2011,6.7,47103
2011,8.6,47105
2011,11.2,47107
2011,11.3,47109
2011,10.3,47111
2011,9.3,47113
2011,10.5,47115
2011,11.4,47117
2011,10.2,47119
2011,12,47121
2011,11.5,47123
2011,8.5,47125
2011,6.9,47127
2011,10.8,47129
2011,12.1,47131
2011,10.2,47133
2011,11.7,47135
2011,11.3,47137
2011,11.1,47139
2011,8.9,47141
2011,11.3,47143
2011,9.1,47145
2011,8.4,47147
2011,7.9,47149
2011,17.6,47151
2011,10.2,47153
2011,10,47155
2011,9.5,47157
2011,10.2,47159
2011,12.4,47161
2011,8.3,47163
2011,7.9,47165
2011,10.3,47167
2011,10.4,47169
2011,11,47171
2011,10.2,47173
2011,11.7,47175
2011,10.2,47177
2011,8,47179
2011,10.7,47181
2011,11.4,47183
2011,9.9,47185
2011,5.9,47187
2011,7.6,47189
2011,7.8,48000
2011,7.3,48001
2011,5,48003
2011,7.9,48005
2011,8.8,48007
2011,6.1,48009
2011,4.8,48011
2011,8,48013
2011,7.9,48015
2011,7.5,48017
2011,7.5,48019
2011,7.9,48021
2011,6,48023
2011,8.6,48025
2011,8,48027
2011,7.2,48029
2011,5.7,48031
2011,5.4,48033
2011,8.3,48035
2011,8.3,48037
2011,8,48039
2011,6,48041
2011,5.6,48043
2011,6.1,48045
2011,10.6,48047
2011,8,48049
2011,7.3,48051
2011,6.7,48053
2011,8.4,48055
2011,8.5,48057
2011,7.2,48059
2011,11.5,48061
2011,8.9,48063
2011,5,48065
2011,10.7,48067
2011,5,48069
2011,9.3,48071
2011,8.1,48073
2011,5.2,48075
2011,6.5,48077
2011,8.5,48079
2011,5.7,48081
2011,8.8,48083
2011,6.7,48085
2011,5.8,48087
2011,7.7,48089
2011,6.9,48091
2011,7.4,48093
2011,4.6,48095
2011,6,48097
2011,7.7,48099
2011,7.5,48101
2011,6.6,48103
2011,6.6,48105
2011,8.4,48107
2011,6.9,48109
2011,4.4,48111
2011,8.1,48113
2011,7.5,48115
2011,5.4,48117
2011,8.1,48119
2011,6.6,48121
2011,6.4,48123
2011,15.3,48125
2011,7.7,48127
2011,6.4,48129
2011,9.4,48131
2011,7.7,48133
2011,6.1,48135
2011,6.6,48137
2011,7.8,48139
2011,9.5,48141
2011,6,48143
2011,8.3,48145
2011,8.3,48147
2011,5.8,48149
2011,6.6,48151
2011,7.7,48153
2011,7.3,48155
2011,7.1,48157
2011,8.2,48159
2011,7.8,48161
2011,6.5,48163
2011,5.1,48165
2011,8.8,48167
2011,6,48169
2011,5.3,48171
2011,4.3,48173
2011,6.5,48175
2011,6.2,48177
2011,6.8,48179
2011,7.9,48181
2011,7.1,48183
2011,7.8,48185
2011,6.5,48187
2011,7.5,48189
2011,8.7,48191
2011,6.3,48193
2011,4.1,48195
2011,6.9,48197
2011,9.5,48199
2011,7.8,48201
2011,8.5,48203
2011,3.9,48205
2011,5.4,48207
2011,6.7,48209
2011,3.5,48211
2011,8.5,48213
2011,11.6,48215
2011,8.2,48217
2011,6.3,48219
2011,7.9,48221
2011,7.3,48223
2011,7.8,48225
2011,6.5,48227
2011,8,48229
2011,8.8,48231
2011,7.9,48233
2011,5.4,48235
2011,6.9,48237
2011,6.2,48239
2011,12.3,48241
2011,5,48243
2011,11.4,48245
2011,8.6,48247
2011,7.9,48249
2011,7.8,48251
2011,8.3,48253
2011,7.8,48255
2011,8,48257
2011,6.1,48259
2011,6.3,48261
2011,4.7,48263
2011,6.7,48265
2011,6.2,48267
2011,3.8,48269
2011,10.1,48271
2011,8,48273
2011,5.8,48275
2011,9.8,48277
2011,7.6,48279
2011,7.6,48281
2011,6.7,48283
2011,5.9,48285
2011,6.5,48287
2011,8.7,48289
2011,11.1,48291
2011,8.3,48293
2011,4.6,48295
2011,5.9,48297
2011,7.7,48299
2011,6.1,48301
2011,6,48303
2011,6.6,48305
2011,5.9,48307
2011,7.4,48309
2011,3,48311
2011,8.3,48313
2011,10.4,48315
2011,5.6,48317
2011,6,48319
2011,11.6,48321
2011,14,48323
2011,7.5,48325
2011,7.2,48327
2011,4.8,48329
2011,10.2,48331
2011,6.3,48333
2011,7.5,48335
2011,6.5,48337
2011,7.1,48339
2011,4.8,48341
2011,12,48343
2011,6.9,48345
2011,7,48347
2011,8.1,48349
2011,12.7,48351
2011,7,48353
2011,7.9,48355
2011,4.8,48357
2011,4.3,48359
2011,11.5,48361
2011,7.9,48363
2011,8.2,48365
2011,6.9,48367
2011,4.4,48369
2011,6,48371
2011,9.3,48373
2011,5.9,48375
2011,15.2,48377
2011,8.2,48379
2011,5,48381
2011,4.4,48383
2011,9.9,48385
2011,12.1,48387
2011,8,48389
2011,7.6,48391
2011,5,48393
2011,9.2,48395
2011,7.1,48397
2011,7.3,48399
2011,7,48401
2011,15.7,48403
2011,14.1,48405
2011,9.7,48407
2011,9.7,48409
2011,6.1,48411
2011,5.7,48413
2011,5.7,48415
2011,4.7,48417
2011,8.6,48419
2011,4.6,48421
2011,7.8,48423
2011,7.8,48425
2011,16.2,48427
2011,7.8,48429
2011,4.8,48431
2011,5.5,48433
2011,6.8,48435
2011,6.7,48437
2011,7.6,48439
2011,6.6,48441
2011,6.2,48443
2011,7.1,48445
2011,7,48447
2011,8.2,48449
2011,6.3,48451
2011,6.4,48453
2011,9.5,48455
2011,12,48457
2011,8,48459
2011,5.3,48461
2011,8.9,48463
2011,9,48465
2011,8,48467
2011,6.7,48469
2011,7.9,48471
2011,8.2,48473
2011,6.5,48475
2011,6.6,48477
2011,7.4,48479
2011,8.3,48481
2011,4.9,48483
2011,6.9,48485
2011,7.3,48487
2011,16.5,48489
2011,6.8,48491
2011,6.5,48493
2011,7.1,48495
2011,7.6,48497
2011,8.6,48499
2011,5.2,48501
2011,7.2,48503
2011,8.1,48505
2011,14.1,48507
2011,6.7,49000
2011,8,49001
2011,7.5,49003
2011,5.3,49005
2011,7.6,49007
2011,6.2,49009
2011,6,49011
2011,6.7,49013
2011,7.3,49015
2011,10.7,49017
2011,9.8,49019
2011,8.3,49021
2011,8.2,49023
2011,7.4,49025
2011,5.3,49027
2011,5.7,49029
2011,10,49031
2011,7.2,49033
2011,6.6,49035
2011,10,49037
2011,7.9,49039
2011,7.4,49041
2011,6.1,49043
2011,7.1,49045
2011,6,49047
2011,6.3,49049
2011,7,49051
2011,8.9,49053
2011,10.1,49055
2011,7.8,49057
2011,5.5,50000
2011,4.9,50001
2011,6.4,50003
2011,6.3,50005
2011,4.2,50007
2011,8.4,50009
2011,5.2,50011
2011,6.4,50013
2011,6.9,50015
2011,5.3,50017
2011,8.4,50019
2011,6.8,50021
2011,5.3,50023
2011,5.6,50025
2011,5.5,50027
2011,6.6,51000
2011,8.4,51001
2011,5.6,51003
2011,7.9,51005
2011,7.5,51007
2011,7.3,51009
2011,8,51011
2011,3.8,51013
2011,6.3,51015
2011,6.3,51017
2011,6.5,51019
2011,7.4,51021
2011,5.9,51023
2011,10.6,51025
2011,8.6,51027
2011,9.6,51029
2011,7.2,51031
2011,9,51033
2011,9.9,51035
2011,9,51036
2011,9.8,51037
2011,6.8,51041
2011,5.7,51043
2011,7.5,51045
2011,6.4,51047
2011,7.7,51049
2011,9.9,51051
2011,8,51053
2011,8.3,51057
2011,4.8,51059
2011,5.5,51061
2011,6.3,51063
2011,5.8,51065
2011,7.5,51067
2011,6.5,51069
2011,8,51071
2011,6.3,51073
2011,6.3,51075
2011,10.9,51077
2011,6,51079
2011,8.8,51081
2011,11,51083
2011,6,51085
2011,6.7,51087
2011,12.6,51089
2011,5.6,51091
2011,6.9,51093
2011,6.1,51095
2011,7.4,51097
2011,7,51099
2011,6.9,51101
2011,9.3,51103
2011,7.6,51105
2011,4.7,51107
2011,6.8,51109
2011,8.6,51111
2011,5.2,51113
2011,6.5,51115
2011,10.4,51117
2011,6.5,51119
2011,6.3,51121
2011,6.3,51125
2011,6.4,51127
2011,8.9,51131
2011,9,51133
2011,7.2,51135
2011,7.5,51137
2011,11.1,51139
2011,10.8,51141
2011,9.1,51143
2011,6.2,51145
2011,9,51147
2011,7.8,51149
2011,5.7,51153
2011,8.7,51155
2011,5.6,51157
2011,6.7,51159
2011,5.7,51161
2011,6.8,51163
2011,6,51165
2011,9.5,51167
2011,7.3,51169
2011,7.1,51171
2011,10.9,51173
2011,7.7,51175
2011,6.7,51177
2011,6.2,51179
2011,8.5,51181
2011,10.5,51183
2011,7.9,51185
2011,7.4,51187
2011,7.1,51191
2011,7.5,51193
2011,7.7,51195
2011,9.2,51197
2011,6.1,51199
2011,4.5,51510
2011,8.3,51520
2011,9.1,51530
2011,5.6,51540
2011,6.9,51550
2011,7.5,51570
2011,9.4,51580
2011,11.6,51590
2011,10.8,51595
2011,4.9,51600
2011,4.2,51610
2011,11.4,51620
2011,8,51630
2011,10.3,51640
2011,8.9,51650
2011,7.8,51660
2011,11.3,51670
2011,9.2,51678
2011,8.1,51680
2011,6.1,51683
2011,5.6,51685
2011,15.2,51690
2011,8.2,51700
2011,8.3,51710
2011,7,51720
2011,12.9,51730
2011,5.7,51735
2011,9.4,51740
2011,8.4,51750
2011,8.5,51760
2011,8.1,51770
2011,6.4,51775
2011,7.1,51790
2011,7.5,51800
2011,6.1,51810
2011,8.1,51820
2011,9,51830
2011,7.4,51840
2011,9.3,53000
2011,10.1,53001
2011,8.9,53003
2011,8.2,53005
2011,8.4,53007
2011,10.9,53009
2011,11.7,53011
2011,9.4,53013
2011,11.9,53015
2011,9.4,53017
2011,17.4,53019
2011,9,53021
2011,7.6,53023
2011,10.1,53025
2011,13.6,53027
2011,9.1,53029
2011,10.5,53031
2011,7.9,53033
2011,8.4,53035
2011,9.3,53037
2011,11.8,53039
2011,12.8,53041
2011,8.1,53043
2011,11.7,53045
2011,10.3,53047
2011,13.5,53049
2011,14,53051
2011,10.1,53053
2011,7.2,53055
2011,10.5,53057
2011,12.2,53059
2011,9.5,53061
2011,9.7,53063
2011,12.4,53065
2011,9,53067
2011,14.3,53069
2011,8,53071
2011,9,53073
2011,6.5,53075
2011,10.7,53077
2011,8.1,54000
2011,9.4,54001
2011,7.7,54003
2011,8.1,54005
2011,11.1,54007
2011,9.8,54009
2011,7.1,54011
2011,12.7,54013
2011,12.3,54015
2011,7.1,54017
2011,9,54019
2011,8.1,54021
2011,9,54023
2011,8.3,54025
2011,8.8,54027
2011,10.6,54029
2011,10.5,54031
2011,7.1,54033
2011,10.3,54035
2011,6.2,54037
2011,7.1,54039
2011,7.5,54041
2011,10.7,54043
2011,8.9,54045
2011,11.9,54047
2011,6.9,54049
2011,8.9,54051
2011,10.9,54053
2011,8.6,54055
2011,8.8,54057
2011,8.6,54059
2011,5.6,54061
2011,7.9,54063
2011,8.3,54065
2011,9.1,54067
2011,7.3,54069
2011,7.2,54071
2011,9.8,54073
2011,11.1,54075
2011,7.6,54077
2011,7.3,54079
2011,7.2,54081
2011,9.7,54083
2011,9.1,54085
2011,12.9,54087
2011,9.3,54089
2011,7.4,54091
2011,9.4,54093
2011,10.5,54095
2011,8.7,54097
2011,8.2,54099
2011,9.4,54101
2011,10.6,54103
2011,11.5,54105
2011,8.3,54107
2011,8.8,54109
2011,7.8,55000
2011,11.8,55001
2011,10.2,55003
2011,8.5,55005
2011,10.8,55007
2011,7.2,55009
2011,6.9,55011
2011,10.3,55013
2011,5.9,55015
2011,7.8,55017
2011,8.4,55019
2011,7.9,55021
2011,9.2,55023
2011,5.3,55025
2011,7.8,55027
2011,12,55029
2011,7.5,55031
2011,7.3,55033
2011,6.4,55035
2011,10,55037
2011,7.3,55039
2011,11.6,55041
2011,6.8,55043
2011,6.9,55045
2011,8.2,55047
2011,7.4,55049
2011,10.7,55051
2011,8,55053
2011,7.6,55055
2011,9.2,55057
2011,9.1,55059
2011,7.4,55061
2011,6,55063
2011,6.4,55065
2011,10.1,55067
2011,9.8,55069
2011,8.4,55071
2011,7.9,55073
2011,9.7,55075
2011,10,55077
2011,17.2,55078
2011,9.3,55079
2011,7.3,55081
2011,9.6,55083
2011,9.4,55085
2011,7.1,55087
2011,6.1,55089
2011,6.4,55091
2011,6,55093
2011,8.6,55095
2011,7.5,55097
2011,9,55099
2011,9,55101
2011,7.5,55103
2011,9.5,55105
2011,11,55107
2011,6.4,55109
2011,7.6,55111
2011,11.1,55113
2011,9.1,55115
2011,8.2,55117
2011,8.5,55119
2011,6.6,55121
2011,7,55123
2011,11,55125
2011,8,55127
2011,8.9,55129
2011,6.9,55131
2011,6.5,55133
2011,8.3,55135
2011,9.8,55137
2011,7,55139
2011,8.3,55141
2011,5.8,56000
2011,4.2,56001
2011,6.1,56003
2011,4.9,56005
2011,6,56007
2011,4.8,56009
2011,4.9,56011
2011,6.4,56013
2011,4.8,56015
2011,5.1,56017
2011,6.3,56019
2011,6.2,56021
2011,7.8,56023
2011,6.1,56025
2011,4.2,56027
2011,5.8,56029
2011,5,56031
2011,6.9,56033
2011,4.6,56035
2011,5.3,56037
2011,7.5,56039
2011,6.2,56041
2011,5.6,56043
2011,4.6,56045
2011,16,72000
2011,21.1,72001
2011,19.8,72003
2011,19.8,72005
2011,20.9,72007
2011,20,72009
2011,18.5,72011
2011,17.8,72013
2011,23.3,72015
2011,22.5,72017
2011,17.3,72019
2011,12.6,72021
2011,16.6,72023
2011,15,72025
2011,15.9,72027
2011,16.4,72029
2011,12.1,72031
2011,15.1,72033
2011,15.9,72035
2011,20.7,72037
2011,24.4,72039
2011,15.6,72041
2011,22.2,72043
2011,21.2,72045
2011,17.7,72047
2011,8.1,72049
2011,10.8,72051
2011,20.3,72053
2011,20.7,72054
2011,25.5,72055
2011,22.6,72057
2011,22.7,72059
2011,8,72061
2011,13.2,72063
2011,16.9,72065
2011,15.6,72067
2011,21.4,72069
2011,19.6,72071
2011,19.3,72073
2011,17.7,72075
2011,18.4,72077
2011,23.3,72079
2011,20.7,72081
2011,16.8,72083
2011,19.2,72085
2011,15.1,72087
2011,20.8,72089
2011,17.4,72091
2011,18.5,72093
2011,25.2,72095
2011,18.5,72097
2011,20.5,72099
2011,20.8,72101
2011,19.2,72103
2011,19.2,72105
2011,20.7,72107
2011,25.8,72109
2011,22.6,72111
2011,16.8,72113
2011,19.5,72115
2011,19.7,72117
2011,14.5,72119
2011,21.7,72121
2011,26.1,72123
2011,18.6,72125
2011,10,72127
2011,17.6,72129
2011,23.1,72131
2011,22,72133
2011,11.6,72135
2011,12.3,72137
2011,9.9,72139
2011,20.2,72141
2011,16.7,72143
2011,18.7,72145
2011,15.8,72147
2011,21.3,72149
2011,25.5,72151
2011,21.2,72153
2012,8.070436331,0
2012,8,1000
2012,6.9,1001
2012,7.5,1003
2012,11.5,1005
2012,8.5,1007
2012,6.9,1009
2012,10.4,1011
2012,11.5,1013
2012,8.9,1015
2012,9.9,1017
2012,8,1019
2012,7.2,1021
2012,10.3,1023
2012,15,1025
2012,9.4,1027
2012,8.2,1029
2012,7,1031
2012,8.8,1033
2012,11.9,1035
2012,9.4,1037
2012,8.4,1039
2012,8.3,1041
2012,7.7,1043
2012,7.4,1045
2012,12.9,1047
2012,9,1049
2012,6.9,1051
2012,9.2,1053
2012,8.2,1055
2012,8.6,1057
2012,8.4,1059
2012,7.6,1061
2012,13.6,1063
2012,11.5,1065
2012,8.3,1067
2012,7.5,1069
2012,8.6,1071
2012,7.4,1073
2012,7.5,1075
2012,7.7,1077
2012,9,1079
2012,6.8,1081
2012,6.9,1083
2012,15.4,1085
2012,10.7,1087
2012,6.9,1089
2012,10.2,1091
2012,8.9,1093
2012,7.8,1095
2012,9.2,1097
2012,12.5,1099
2012,8.1,1101
2012,7.8,1103
2012,13.3,1105
2012,10.2,1107
2012,8,1109
2012,9.2,1111
2012,8.8,1113
2012,6.9,1115
2012,5,1117
2012,10.5,1119
2012,9.4,1121
2012,8.6,1123
2012,7,1125
2012,9.2,1127
2012,11.9,1129
2012,19.9,1131
2012,10,1133
2012,7.1,2000
2012,6.8,2013
2012,6.9,2016
2012,5.4,2020
2012,15.4,2050
2012,9.8,2060
2012,13.8,2068
2012,9.9,2070
2012,6.1,2090
2012,10,2100
2012,14.3,2105
2012,5.1,2110
2012,8.6,2122
2012,8.1,2130
2012,6.7,2150
2012,22.1,2158
2012,15.2,2164
2012,8.7,2170
2012,11.7,2180
2012,7.7,2185
2012,15.7,2188
2012,8.1,2195
2012,13.3,2198
2012,,2201
2012,5.7,2220
2012,14.1,2230
2012,,2232
2012,12.9,2240
2012,9.7,2261
2012,8.2,2275
2012,,2280
2012,9.7,2282
2012,17.4,2290
2012,8.3,4000
2012,19,4001
2012,9,4003
2012,8.6,4005
2012,10.2,4007
2012,8.5,4009
2012,8.2,4011
2012,8.6,4012
2012,7.3,4013
2012,11,4015
2012,14.1,4017
2012,7.4,4019
2012,8.5,4021
2012,15.4,4023
2012,8.6,4025
2012,23.9,4027
2012,7.6,5000
2012,8.8,5001
2012,12,5003
2012,8.4,5005
2012,6,5007
2012,7.6,5009
2012,10.7,5011
2012,9.1,5013
2012,6.3,5015
2012,11.4,5017
2012,9.9,5019
2012,11,5021
2012,8.5,5023
2012,7.4,5025
2012,9,5027
2012,9.2,5029
2012,6.9,5031
2012,8,5033
2012,9.6,5035
2012,7.9,5037
2012,11.1,5039
2012,9.9,5041
2012,10.5,5043
2012,6.6,5045
2012,7.1,5047
2012,7.2,5049
2012,7.9,5051
2012,6.8,5053
2012,8.7,5055
2012,7.3,5057
2012,7.2,5059
2012,6.7,5061
2012,9.2,5063
2012,8.8,5065
2012,10.8,5067
2012,10,5069
2012,7.4,5071
2012,9.4,5073
2012,9.1,5075
2012,9.5,5077
2012,8.8,5079
2012,7.3,5081
2012,8,5083
2012,6.4,5085
2012,5.9,5087
2012,8.2,5089
2012,6,5091
2012,11,5093
2012,9,5095
2012,8.4,5097
2012,7.8,5099
2012,7.3,5101
2012,10.4,5103
2012,9.1,5105
2012,11.6,5107
2012,9,5109
2012,8.7,5111
2012,7.4,5113
2012,7.3,5115
2012,7.6,5117
2012,6.9,5119
2012,10.8,5121
2012,10.8,5123
2012,6.1,5125
2012,6.7,5127
2012,8.2,5129
2012,7.9,5131
2012,8.7,5133
2012,10.1,5135
2012,8.2,5137
2012,9.2,5139
2012,10.1,5141
2012,5.6,5143
2012,7.9,5145
2012,10.2,5147
2012,6.7,5149
2012,10.4,6000
2012,8.7,6001
2012,11.2,6003
2012,12.3,6005
2012,12.2,6007
2012,12.4,6009
2012,20.7,6011
2012,8.9,6013
2012,13.5,6015
2012,10.2,6017
2012,15.1,6019
2012,14.2,6021
2012,9.6,6023
2012,27.4,6025
2012,9.1,6027
2012,13.1,6029
2012,14.9,6031
2012,12.8,6033
2012,12.5,6035
2012,10.9,6037
2012,14.4,6039
2012,6.3,6041
2012,12.2,6043
2012,10,6045
2012,16.3,6047
2012,14.4,6049
2012,10.3,6051
2012,11.6,6053
2012,8.4,6055
2012,9.7,6057
2012,7.9,6059
2012,9.4,6061
2012,16.1,6063
2012,11.6,6065
2012,10.5,6067
2012,13,6069
2012,11.4,6071
2012,9.1,6073
2012,6.8,6075
2012,14.4,6077
2012,8.2,6079
2012,6.4,6081
2012,8.4,6083
2012,7.9,6085
2012,11.8,6087
2012,14.2,6089
2012,14.4,6091
2012,15.6,6093
2012,10.7,6095
2012,8.9,6097
2012,14.9,6099
2012,16.8,6101
2012,13.7,6103
2012,14.6,6105
2012,16.2,6107
2012,13,6109
2012,9.1,6111
2012,10.6,6113
2012,15.4,6115
2012,7.9,8000
2012,9.4,8001
2012,10.4,8003
2012,7.7,8005
2012,10,8007
2012,4.5,8009
2012,8.4,8011
2012,6.2,8013
2012,6.6,8014
2012,6.8,8015
2012,4.6,8017
2012,7,8019
2012,10.6,8021
2012,11.4,8023
2012,8.1,8025
2012,6.3,8027
2012,9.7,8029
2012,7.9,8031
2012,10.2,8033
2012,6,8035
2012,7.2,8037
2012,7.1,8039
2012,8.9,8041
2012,11.7,8043
2012,8.5,8045
2012,6.7,8047
2012,7.2,8049
2012,6,8051
2012,4.8,8053
2012,14.2,8055
2012,5.2,8057
2012,7.4,8059
2012,4.5,8061
2012,4.4,8063
2012,8.6,8065
2012,6.6,8067
2012,6.7,8069
2012,12,8071
2012,6.5,8073
2012,6,8075
2012,9.7,8077
2012,5.4,8079
2012,8.3,8081
2012,8.5,8083
2012,10.3,8085
2012,6.8,8087
2012,10.3,8089
2012,9.4,8091
2012,6.9,8093
2012,5.1,8095
2012,7.2,8097
2012,7,8099
2012,10.7,8101
2012,8.3,8103
2012,12.2,8105
2012,7.2,8107
2012,11.1,8109
2012,9.9,8111
2012,7.8,8113
2012,7,8115
2012,6,8117
2012,8.4,8119
2012,4.9,8121
2012,7.8,8123
2012,5.1,8125
2012,8.3,9000
2012,7.8,9001
2012,8.5,9003
2012,7.6,9005
2012,7.2,9007
2012,9.1,9009
2012,8.7,9011
2012,7.3,9013
2012,9.4,9015
2012,7.2,10000
2012,7.9,10001
2012,7,10003
2012,7.2,10005
2012,9,11000
2012,9,11001
2012,8.5,12000
2012,6.6,12001
2012,8.6,12003
2012,8.6,12005
2012,7.6,12007
2012,9.4,12009
2012,8,12011
2012,9.1,12013
2012,9.5,12015
2012,10.8,12017
2012,7.6,12019
2012,8.4,12021
2012,8.8,12023
2012,9.9,12027
2012,10.2,12029
2012,8.7,12031
2012,8.4,12033
2012,9.9,12035
2012,6.5,12037
2012,10.3,12039
2012,9.1,12041
2012,7.7,12043
2012,8.1,12045
2012,8.9,12047
2012,8.9,12049
2012,12.8,12051
2012,10.6,12053
2012,10.3,12055
2012,7.9,12057
2012,8.8,12059
2012,11,12061
2012,8.7,12063
2012,9.2,12065
2012,5.7,12067
2012,8.8,12069
2012,8.8,12071
2012,7,12073
2012,9.3,12075
2012,7.9,12077
2012,8.6,12079
2012,8.1,12081
2012,10.2,12083
2012,8.3,12085
2012,8.3,12086
2012,5.7,12087
2012,8,12089
2012,6.7,12091
2012,10,12093
2012,8.2,12095
2012,9.5,12097
2012,8.5,12099
2012,9,12101
2012,8,12103
2012,9.6,12105
2012,11.8,12107
2012,6.5,12109
2012,10.9,12111
2012,7.5,12113
2012,8.4,12115
2012,8.1,12117
2012,10.5,12119
2012,8,12121
2012,9,12123
2012,7.2,12125
2012,9.5,12127
2012,7.3,12129
2012,7.3,12131
2012,8.8,12133
2012,9.2,13000
2012,11.2,13001
2012,11.5,13003
2012,9.7,13005
2012,11,13007
2012,11.6,13009
2012,8.2,13011
2012,8.6,13013
2012,9.9,13015
2012,13.9,13017
2012,10.2,13019
2012,10.5,13021
2012,12.6,13023
2012,12,13025
2012,9.2,13027
2012,8.3,13029
2012,9.8,13031
2012,12.4,13033
2012,10.3,13035
2012,7.8,13037
2012,8.6,13039
2012,8.7,13043
2012,10.3,13045
2012,7.5,13047
2012,9.3,13049
2012,9.2,13051
2012,11.7,13053
2012,10.2,13055
2012,7.1,13057
2012,8.7,13059
2012,12.5,13061
2012,12,13063
2012,9.7,13065
2012,7.7,13067
2012,11.4,13069
2012,8.8,13071
2012,7,13073
2012,9.5,13075
2012,8,13077
2012,9.8,13079
2012,12.5,13081
2012,7.6,13083
2012,8.6,13085
2012,10.1,13087
2012,9.4,13089
2012,11.5,13091
2012,11.5,13093
2012,11.3,13095
2012,9.6,13097
2012,10.2,13099
2012,7.4,13101
2012,8.4,13103
2012,12.6,13105
2012,12.4,13107
2012,8.6,13109
2012,10.2,13111
2012,7.6,13113
2012,10.9,13115
2012,6.6,13117
2012,11.3,13119
2012,9.1,13121
2012,10.6,13123
2012,9.7,13125
2012,9.5,13127
2012,9.8,13129
2012,8.6,13131
2012,11.1,13133
2012,7.8,13135
2012,9.5,13137
2012,7.8,13139
2012,17,13141
2012,10.2,13143
2012,7.2,13145
2012,10.3,13147
2012,10.3,13149
2012,9.4,13151
2012,8,13153
2012,11.7,13155
2012,8.2,13157
2012,9.8,13159
2012,11.5,13161
2012,13.2,13163
2012,13.7,13165
2012,10,13167
2012,8.5,13169
2012,12.1,13171
2012,9.4,13173
2012,12.3,13175
2012,7.7,13177
2012,8.9,13179
2012,10.8,13181
2012,8.5,13183
2012,9.1,13185
2012,8.4,13187
2012,12.6,13189
2012,9.8,13191
2012,13.3,13193
2012,8.9,13195
2012,10,13197
2012,12,13199
2012,8.2,13201
2012,8.9,13205
2012,8.6,13207
2012,11.6,13209
2012,9,13211
2012,12.8,13213
2012,9.8,13215
2012,11,13217
2012,6.3,13219
2012,8.5,13221
2012,8.3,13223
2012,11.1,13225
2012,9.1,13227
2012,9.5,13229
2012,9.2,13231
2012,10,13233
2012,9,13235
2012,11.5,13237
2012,9.5,13239
2012,11.5,13241
2012,12.5,13243
2012,10.6,13245
2012,10.2,13247
2012,10.4,13249
2012,13.8,13251
2012,10.9,13253
2012,12.5,13255
2012,10.5,13257
2012,9.3,13259
2012,11.9,13261
2012,10.1,13263
2012,14.2,13265
2012,8.3,13267
2012,13.4,13269
2012,11.8,13271
2012,10.9,13273
2012,9.7,13275
2012,10.1,13277
2012,11.8,13279
2012,11.3,13281
2012,13.5,13283
2012,9.8,13285
2012,11.7,13287
2012,14.9,13289
2012,8.8,13291
2012,10.7,13293
2012,9,13295
2012,9.1,13297
2012,10.1,13299
2012,15,13301
2012,10.3,13303
2012,10.7,13305
2012,9.9,13307
2012,13.3,13309
2012,8.7,13311
2012,10.6,13313
2012,11.6,13315
2012,12.2,13317
2012,11.5,13319
2012,10.2,13321
2012,6,15000
2012,8.2,15001
2012,5.4,15003
2012,7.2,15007
2012,6.4,15009
2012,7.2,16000
2012,6.2,16001
2012,14.9,16003
2012,6.9,16005
2012,5.6,16007
2012,12.2,16009
2012,6.4,16011
2012,7,16013
2012,9.5,16015
2012,10.5,16017
2012,6.3,16019
2012,9.4,16021
2012,8.2,16023
2012,9.1,16025
2012,9.1,16027
2012,6.1,16029
2012,5.8,16031
2012,7.5,16033
2012,12.6,16035
2012,8.1,16037
2012,7.5,16039
2012,4.6,16041
2012,6.2,16043
2012,9.4,16045
2012,5.7,16047
2012,10.9,16049
2012,6.1,16051
2012,6.5,16053
2012,8.8,16055
2012,5.8,16057
2012,9.8,16059
2012,5.4,16061
2012,9.2,16063
2012,4.6,16065
2012,6.1,16067
2012,5.8,16069
2012,4.9,16071
2012,4.1,16073
2012,7.9,16075
2012,7.8,16077
2012,13.1,16079
2012,5.9,16081
2012,6.9,16083
2012,11.2,16085
2012,8.4,16087
2012,9,17000
2012,6.5,17001
2012,11.9,17003
2012,9,17005
2012,10.4,17007
2012,5.9,17009
2012,9.2,17011
2012,10,17013
2012,8.2,17015
2012,8.5,17017
2012,7.1,17019
2012,9.3,17021
2012,9.6,17023
2012,9.6,17025
2012,6.6,17027
2012,8.8,17029
2012,9.6,17031
2012,7.7,17033
2012,7.8,17035
2012,8.4,17037
2012,8,17039
2012,7.2,17041
2012,7.5,17043
2012,9.7,17045
2012,7.8,17047
2012,6.5,17049
2012,9,17051
2012,7.4,17053
2012,10.6,17055
2012,9.9,17057
2012,8.4,17059
2012,8.4,17061
2012,11.5,17063
2012,8,17065
2012,8.3,17067
2012,10.5,17069
2012,8,17071
2012,7.4,17073
2012,8.6,17075
2012,7.8,17077
2012,7.6,17079
2012,9.2,17081
2012,9,17083
2012,7.6,17085
2012,11.6,17087
2012,8.9,17089
2012,10.6,17091
2012,8.4,17093
2012,8.3,17095
2012,8.1,17097
2012,10,17099
2012,10.2,17101
2012,8.3,17103
2012,7.7,17105
2012,7.5,17107
2012,7.7,17109
2012,9,17111
2012,6.4,17113
2012,9.9,17115
2012,9.5,17117
2012,8.8,17119
2012,9.8,17121
2012,8.3,17123
2012,10,17125
2012,9.6,17127
2012,7.1,17129
2012,7.7,17131
2012,6.7,17133
2012,11.2,17135
2012,7.7,17137
2012,7.1,17139
2012,10.1,17141
2012,8.4,17143
2012,10.6,17145
2012,6.7,17147
2012,7.5,17149
2012,8.6,17151
2012,11.4,17153
2012,9.3,17155
2012,8.4,17157
2012,8,17159
2012,8,17161
2012,9.5,17163
2012,9.1,17165
2012,7.4,17167
2012,7.9,17169
2012,8.7,17171
2012,8.6,17173
2012,8.1,17175
2012,9,17177
2012,7.5,17179
2012,10.9,17181
2012,9.3,17183
2012,7.9,17185
2012,7.1,17187
2012,6.3,17189
2012,7.7,17191
2012,7.6,17193
2012,8.8,17195
2012,9.8,17197
2012,8.6,17199
2012,10.5,17201
2012,6,17203
2012,8.3,18000
2012,7,18001
2012,8.4,18003
2012,6.4,18005
2012,7.5,18007
2012,11.4,18009
2012,6.1,18011
2012,8,18013
2012,7.4,18015
2012,8.6,18017
2012,7.8,18019
2012,9.9,18021
2012,8,18023
2012,10.6,18025
2012,6,18027
2012,8.9,18029
2012,8.1,18031
2012,8.3,18033
2012,9.4,18035
2012,5.7,18037
2012,8.9,18039
2012,11.1,18041
2012,7.1,18043
2012,8.4,18045
2012,9.5,18047
2012,8.4,18049
2012,6.8,18051
2012,9.7,18053
2012,10.5,18055
2012,5.3,18057
2012,7.3,18059
2012,7.7,18061
2012,6.3,18063
2012,10.1,18065
2012,9.1,18067
2012,8.8,18069
2012,7.5,18071
2012,8.1,18073
2012,7.9,18075
2012,8.5,18077
2012,10.3,18079
2012,7,18081
2012,7.1,18083
2012,7.7,18085
2012,7.1,18087
2012,9.1,18089
2012,9.8,18091
2012,11,18093
2012,10,18095
2012,9.2,18097
2012,8.2,18099
2012,7.1,18101
2012,9.7,18103
2012,7.3,18105
2012,8.2,18107
2012,8.4,18109
2012,9.6,18111
2012,8.6,18113
2012,8.9,18115
2012,10.8,18117
2012,10.8,18119
2012,10.2,18121
2012,8.4,18123
2012,7.4,18125
2012,7.6,18127
2012,6.8,18129
2012,7.4,18131
2012,9.9,18133
2012,9.6,18135
2012,9,18137
2012,8.5,18139
2012,9.5,18141
2012,10.3,18143
2012,8.4,18145
2012,7.2,18147
2012,10.6,18149
2012,7.3,18151
2012,9.3,18153
2012,7.7,18155
2012,7,18157
2012,7.8,18159
2012,8.1,18161
2012,7.7,18163
2012,11.4,18165
2012,9.9,18167
2012,8.5,18169
2012,7.4,18171
2012,6.8,18173
2012,9.4,18175
2012,9.9,18177
2012,7.2,18179
2012,7.8,18181
2012,8,18183
2012,5,19000
2012,4.4,19001
2012,4,19003
2012,6.4,19005
2012,6.5,19007
2012,4.8,19009
2012,5.3,19011
2012,5.4,19013
2012,4.3,19015
2012,3.8,19017
2012,4.8,19019
2012,4.2,19021
2012,4.5,19023
2012,5.5,19025
2012,3.7,19027
2012,5.2,19029
2012,4.5,19031
2012,5.6,19033
2012,4.3,19035
2012,5.2,19037
2012,6,19039
2012,5,19041
2012,5.7,19043
2012,6.1,19045
2012,4.5,19047
2012,3.9,19049
2012,5.8,19051
2012,4.4,19053
2012,4.5,19055
2012,6.1,19057
2012,5.6,19059
2012,4.5,19061
2012,4.5,19063
2012,5.4,19065
2012,6.2,19067
2012,4.5,19069
2012,5.1,19071
2012,5,19073
2012,4.6,19075
2012,5.6,19077
2012,6.9,19079
2012,4.6,19081
2012,5.3,19083
2012,5,19085
2012,5.9,19087
2012,4.6,19089
2012,4.2,19091
2012,4,19093
2012,4.5,19095
2012,5.5,19097
2012,5.9,19099
2012,5.3,19101
2012,3.7,19103
2012,5.3,19105
2012,5.5,19107
2012,3.9,19109
2012,7.2,19111
2012,5.2,19113
2012,5.5,19115
2012,4.8,19117
2012,3,19119
2012,5.6,19121
2012,5.2,19123
2012,4.8,19125
2012,6.4,19127
2012,4.6,19129
2012,4.6,19131
2012,6.4,19133
2012,5.8,19135
2012,5.1,19137
2012,5.7,19139
2012,3.8,19141
2012,4.1,19143
2012,5.4,19145
2012,4.3,19147
2012,4.1,19149
2012,4,19151
2012,5.2,19153
2012,5.1,19155
2012,4.9,19157
2012,4.4,19159
2012,4.2,19161
2012,5.7,19163
2012,3.8,19165
2012,3.5,19167
2012,3.6,19169
2012,6,19171
2012,4.1,19173
2012,5.1,19175
2012,5.8,19177
2012,6.9,19179
2012,4.8,19181
2012,4.2,19183
2012,5.4,19185
2012,6.3,19187
2012,5.3,19189
2012,4.6,19191
2012,5.2,19193
2012,5.5,19195
2012,5.4,19197
2012,5.7,20000
2012,7.2,20001
2012,6.5,20003
2012,7.7,20005
2012,3.9,20007
2012,4.5,20009
2012,7.7,20011
2012,5.4,20013
2012,6.2,20015
2012,5.3,20017
2012,6.5,20019
2012,7.8,20021
2012,3.6,20023
2012,3.5,20025
2012,5.2,20027
2012,5,20029
2012,7,20031
2012,3.9,20033
2012,6.2,20035
2012,6.6,20037
2012,4.4,20039
2012,6,20041
2012,6.3,20043
2012,5.1,20045
2012,4,20047
2012,6.8,20049
2012,3.4,20051
2012,3.5,20053
2012,4.5,20055
2012,3.9,20057
2012,7.3,20059
2012,8.7,20061
2012,3,20063
2012,3.4,20065
2012,3.9,20067
2012,3.1,20069
2012,3.1,20071
2012,5.6,20073
2012,2.7,20075
2012,4.3,20077
2012,5.4,20079
2012,3.4,20081
2012,3.4,20083
2012,5.6,20085
2012,6.1,20087
2012,4.3,20089
2012,4.6,20091
2012,4,20093
2012,6.1,20095
2012,3.8,20097
2012,8,20099
2012,4.6,20101
2012,6.4,20103
2012,4.9,20105
2012,9.9,20107
2012,3,20109
2012,5.8,20111
2012,4.1,20113
2012,5.1,20115
2012,4.2,20117
2012,3.4,20119
2012,6.3,20121
2012,3,20123
2012,7.7,20125
2012,6.1,20127
2012,3.7,20129
2012,3.6,20131
2012,8.8,20133
2012,3.3,20135
2012,3.1,20137
2012,7.3,20139
2012,4.3,20141
2012,5.4,20143
2012,4.1,20145
2012,4.5,20147
2012,4.7,20149
2012,4.5,20151
2012,2.7,20153
2012,5.5,20155
2012,3.8,20157
2012,4.5,20159
2012,4.4,20161
2012,4.6,20163
2012,4.7,20165
2012,4.1,20167
2012,5.8,20169
2012,3.1,20171
2012,6.9,20173
2012,4.1,20175
2012,6.2,20177
2012,2.8,20179
2012,3.8,20181
2012,3.9,20183
2012,4.6,20185
2012,3.5,20187
2012,3.5,20189
2012,6.4,20191
2012,3.5,20193
2012,4.3,20195
2012,5.4,20197
2012,4.2,20199
2012,4.2,20201
2012,5.3,20203
2012,9.9,20205
2012,6.2,20207
2012,8.4,20209
2012,8.2,21000
2012,9.5,21001
2012,8,21003
2012,6.9,21005
2012,9.1,21007
2012,7.9,21009
2012,10.4,21011
2012,11.9,21013
2012,6.8,21015
2012,7.3,21017
2012,9.3,21019
2012,9,21021
2012,9.4,21023
2012,14.5,21025
2012,9.7,21027
2012,8.1,21029
2012,9,21031
2012,8.3,21033
2012,7.1,21035
2012,6.9,21037
2012,8,21039
2012,10.2,21041
2012,12.5,21043
2012,8.4,21045
2012,9.3,21047
2012,8.1,21049
2012,14,21051
2012,10.9,21053
2012,7.7,21055
2012,10.8,21057
2012,7,21059
2012,10,21061
2012,14.4,21063
2012,10,21065
2012,5.8,21067
2012,9,21069
2012,11.6,21071
2012,6.7,21073
2012,11.3,21075
2012,9.3,21077
2012,8.4,21079
2012,9,21081
2012,8.2,21083
2012,10.3,21085
2012,8.3,21087
2012,9.9,21089
2012,7.2,21091
2012,8.2,21093
2012,14.1,21095
2012,7.9,21097
2012,8.3,21099
2012,7.5,21101
2012,7.3,21103
2012,8.1,21105
2012,7.7,21107
2012,11.8,21109
2012,7.9,21111
2012,6.7,21113
2012,10.2,21115
2012,7.4,21117
2012,13.8,21119
2012,12.8,21121
2012,8.6,21123
2012,10.2,21125
2012,10.6,21127
2012,12.6,21129
2012,14.3,21131
2012,13.5,21133
2012,11.6,21135
2012,10.3,21137
2012,9.7,21139
2012,7.6,21141
2012,9.2,21143
2012,8,21145
2012,13.2,21147
2012,7.6,21149
2012,6.7,21151
2012,17.2,21153
2012,8.9,21155
2012,8.1,21157
2012,9.1,21159
2012,9.4,21161
2012,9.8,21163
2012,11.6,21165
2012,8.2,21167
2012,8,21169
2012,7.2,21171
2012,8.8,21173
2012,10.6,21175
2012,9.8,21177
2012,8.3,21179
2012,8.2,21181
2012,8.7,21183
2012,5.9,21185
2012,6.6,21187
2012,12.8,21189
2012,8.8,21191
2012,12.5,21193
2012,9.7,21195
2012,10.9,21197
2012,9.4,21199
2012,10.2,21201
2012,10.2,21203
2012,8.3,21205
2012,10.3,21207
2012,6.5,21209
2012,6.2,21211
2012,8.5,21213
2012,7,21215
2012,9.6,21217
2012,7.6,21219
2012,9.4,21221
2012,9,21223
2012,7.8,21225
2012,6.9,21227
2012,7.5,21229
2012,13,21231
2012,7.1,21233
2012,10.7,21235
2012,14.2,21237
2012,5.4,21239
2012,7.1,22000
2012,6,22001
2012,8,22003
2012,6.1,22005
2012,9.7,22007
2012,7.6,22009
2012,7.5,22011
2012,9,22013
2012,5.8,22015
2012,7.7,22017
2012,6.9,22019
2012,8.7,22021
2012,5.2,22023
2012,8.9,22025
2012,7.4,22027
2012,8.8,22029
2012,9,22031
2012,6.7,22033
2012,20,22035
2012,7.5,22037
2012,7.4,22039
2012,10.4,22041
2012,7.9,22043
2012,6.8,22045
2012,9.4,22047
2012,6.8,22049
2012,6.7,22051
2012,6.5,22053
2012,5,22055
2012,5.3,22057
2012,5.1,22059
2012,8.6,22061
2012,6.4,22063
2012,12.1,22065
2012,13,22067
2012,8.9,22069
2012,7.9,22071
2012,7.7,22073
2012,5.9,22075
2012,8.2,22077
2012,7,22079
2012,7.3,22081
2012,9.7,22083
2012,7,22085
2012,8,22087
2012,6.6,22089
2012,12.1,22091
2012,10.1,22093
2012,9.3,22095
2012,8.3,22097
2012,6.2,22099
2012,7.5,22101
2012,5.9,22103
2012,8.5,22105
2012,10.8,22107
2012,5.3,22109
2012,8.3,22111
2012,5.7,22113
2012,8.3,22115
2012,8.8,22117
2012,9.6,22119
2012,6.9,22121
2012,13.6,22123
2012,6.1,22125
2012,8.5,22127
2012,7.5,23000
2012,7.7,23001
2012,9.3,23003
2012,6,23005
2012,8.7,23007
2012,8.7,23009
2012,7.2,23011
2012,6.9,23013
2012,7.3,23015
2012,9.7,23017
2012,7.8,23019
2012,9.5,23021
2012,6.6,23023
2012,10,23025
2012,8.3,23027
2012,10.3,23029
2012,6.9,23031
2012,7,24000
2012,8.9,24001
2012,6,24003
2012,7.4,24005
2012,6.3,24009
2012,7.7,24011
2012,5.9,24013
2012,8.3,24015
2012,6.7,24017
2012,10.8,24019
2012,6.1,24021
2012,8.3,24023
2012,6.9,24025
2012,5,24027
2012,7.6,24029
2012,5.2,24031
2012,7.3,24033
2012,6.3,24035
2012,6.2,24037
2012,11.3,24039
2012,7.2,24041
2012,7.8,24043
2012,9.4,24045
2012,12.9,24047
2012,10.2,24510
2012,6.7,25000
2012,8.5,25001
2012,7.4,25003
2012,8.7,25005
2012,8.8,25007
2012,7.1,25009
2012,6.1,25011
2012,8.6,25013
2012,5.8,25015
2012,5.4,25017
2012,7.8,25019
2012,5.7,25021
2012,7,25023
2012,6.1,25025
2012,7.2,25027
2012,9.1,26000
2012,12.7,26001
2012,11.9,26003
2012,7.4,26005
2012,9.7,26007
2012,11.5,26009
2012,12.8,26011
2012,14.1,26013
2012,6.8,26015
2012,8.7,26017
2012,10.5,26019
2012,9,26021
2012,8.9,26023
2012,8.4,26025
2012,8.4,26027
2012,10.8,26029
2012,11.8,26031
2012,10,26033
2012,11.8,26035
2012,6.1,26037
2012,11.8,26039
2012,9.9,26041
2012,8.4,26043
2012,6.9,26045
2012,11.9,26047
2012,10,26049
2012,11.8,26051
2012,11.1,26053
2012,8.3,26055
2012,9,26057
2012,9.2,26059
2012,9,26061
2012,8.1,26063
2012,7.8,26065
2012,8.5,26067
2012,11.2,26069
2012,9.5,26071
2012,7.4,26073
2012,8.5,26075
2012,7.2,26077
2012,11.3,26079
2012,6.8,26081
2012,12.7,26083
2012,13.1,26085
2012,11.6,26087
2012,8,26089
2012,8.4,26091
2012,7.9,26093
2012,10.9,26095
2012,12.1,26097
2012,9.8,26099
2012,10.8,26101
2012,8.1,26103
2012,9.7,26105
2012,10.1,26107
2012,8,26109
2012,7.8,26111
2012,9.7,26113
2012,7.7,26115
2012,10.2,26117
2012,16.2,26119
2012,10,26121
2012,9.2,26123
2012,8.2,26125
2012,12.6,26127
2012,11.4,26129
2012,13.4,26131
2012,10,26133
2012,15.6,26135
2012,10.7,26137
2012,6.6,26139
2012,14.5,26141
2012,13.4,26143
2012,9.2,26145
2012,11.8,26147
2012,8.9,26149
2012,10.5,26151
2012,12.6,26153
2012,9.6,26155
2012,10.6,26157
2012,10.5,26159
2012,6,26161
2012,11.7,26163
2012,11,26165
2012,5.6,27000
2012,8.1,27001
2012,5.9,27003
2012,5.8,27005
2012,7,27007
2012,6.4,27009
2012,5.2,27011
2012,4.8,27013
2012,5.6,27015
2012,6.9,27017
2012,4.8,27019
2012,8.9,27021
2012,5.3,27023
2012,6.6,27025
2012,4.8,27027
2012,10.5,27029
2012,6.2,27031
2012,6.5,27033
2012,7.7,27035
2012,5.2,27037
2012,5,27039
2012,5,27041
2012,5.8,27043
2012,5.5,27045
2012,5.8,27047
2012,5.2,27049
2012,6.1,27051
2012,5.2,27053
2012,5.8,27055
2012,8,27057
2012,7,27059
2012,7.8,27061
2012,4.5,27063
2012,9,27065
2012,5.2,27067
2012,5.8,27069
2012,8,27071
2012,5,27073
2012,6,27075
2012,6.1,27077
2012,6.5,27079
2012,4.7,27081
2012,4.4,27083
2012,6.8,27085
2012,6.9,27087
2012,7.7,27089
2012,5.6,27091
2012,6.6,27093
2012,8.3,27095
2012,7.1,27097
2012,5,27099
2012,5.2,27101
2012,4.6,27103
2012,4.3,27105
2012,5.9,27107
2012,4.4,27109
2012,5.6,27111
2012,6.6,27113
2012,7.5,27115
2012,5,27117
2012,6.2,27119
2012,4.7,27121
2012,5.7,27123
2012,7.2,27125
2012,5.5,27127
2012,6.8,27129
2012,5.8,27131
2012,3.6,27133
2012,4.7,27135
2012,6.5,27137
2012,5,27139
2012,6.2,27141
2012,6,27143
2012,5.4,27145
2012,5.4,27147
2012,4.2,27149
2012,6.2,27151
2012,5.8,27153
2012,5,27155
2012,5.2,27157
2012,7.8,27159
2012,5.8,27161
2012,5.1,27163
2012,5.6,27165
2012,4.7,27167
2012,4.9,27169
2012,5.9,27171
2012,5,27173
2012,9,28000
2012,9.9,28001
2012,8.7,28003
2012,10,28005
2012,9.8,28007
2012,10.6,28009
2012,10.6,28011
2012,8.3,28013
2012,11,28015
2012,10.2,28017
2012,9.1,28019
2012,15.4,28021
2012,10.8,28023
2012,14.1,28025
2012,12.6,28027
2012,11,28029
2012,8.5,28031
2012,6.5,28033
2012,9,28035
2012,9.8,28037
2012,10.2,28039
2012,11.2,28041
2012,9.2,28043
2012,8.5,28045
2012,8.2,28047
2012,8.8,28049
2012,16.5,28051
2012,19,28053
2012,17.6,28055
2012,8.4,28057
2012,9.5,28059
2012,10.2,28061
2012,17.4,28063
2012,12.9,28065
2012,7.6,28067
2012,13.1,28069
2012,7.7,28071
2012,6.5,28073
2012,9,28075
2012,10.3,28077
2012,9.2,28079
2012,8.3,28081
2012,14,28083
2012,8.6,28085
2012,9.1,28087
2012,6.2,28089
2012,10.2,28091
2012,10.9,28093
2012,11.1,28095
2012,11.7,28097
2012,8.4,28099
2012,8,28101
2012,13.1,28103
2012,8.4,28105
2012,12.1,28107
2012,8.2,28109
2012,11.5,28111
2012,10.5,28113
2012,7.8,28115
2012,8.6,28117
2012,13.9,28119
2012,5.7,28121
2012,7.6,28123
2012,13.6,28125
2012,8.2,28127
2012,7.3,28129
2012,10.3,28131
2012,14.4,28133
2012,11.3,28135
2012,9.2,28137
2012,10.1,28139
2012,10.3,28141
2012,12.3,28143
2012,8,28145
2012,11.2,28147
2012,9,28149
2012,14.5,28151
2012,11.1,28153
2012,9.1,28155
2012,12.3,28157
2012,11.5,28159
2012,10.1,28161
2012,11.2,28163
2012,6.9,29000
2012,7,29001
2012,5.3,29003
2012,6.4,29005
2012,6.5,29007
2012,7.1,29009
2012,7.4,29011
2012,8.2,29013
2012,9.1,29015
2012,7,29017
2012,4.5,29019
2012,6.3,29021
2012,8.2,29023
2012,7,29025
2012,6.2,29027
2012,9.6,29029
2012,5.5,29031
2012,8.3,29033
2012,9.5,29035
2012,6.7,29037
2012,7.4,29039
2012,6.5,29041
2012,5.8,29043
2012,8.1,29045
2012,6.1,29047
2012,7,29049
2012,5.2,29051
2012,7.2,29053
2012,8.8,29055
2012,7.5,29057
2012,9.1,29059
2012,6.9,29061
2012,5.9,29063
2012,8.2,29065
2012,9.8,29067
2012,10.4,29069
2012,7.9,29071
2012,7.1,29073
2012,5.3,29075
2012,5.9,29077
2012,6.4,29079
2012,7.3,29081
2012,7.8,29083
2012,12,29085
2012,5.2,29087
2012,6.8,29089
2012,8.1,29091
2012,11.4,29093
2012,7.8,29095
2012,5.9,29097
2012,7.2,29099
2012,7.7,29101
2012,5.6,29103
2012,9.2,29105
2012,7.1,29107
2012,6.5,29109
2012,5.5,29111
2012,8.3,29113
2012,9.2,29115
2012,6.2,29117
2012,6.7,29119
2012,6.7,29121
2012,8.3,29123
2012,7.2,29125
2012,6.1,29127
2012,5.2,29129
2012,9,29131
2012,7.9,29133
2012,6.6,29135
2012,7.7,29137
2012,7.9,29139
2012,9.9,29141
2012,8.1,29143
2012,6.2,29145
2012,5.6,29147
2012,7.9,29149
2012,5,29151
2012,10.2,29153
2012,9.6,29155
2012,5.1,29157
2012,7.1,29159
2012,7.1,29161
2012,6.8,29163
2012,5.5,29165
2012,7.7,29167
2012,8.1,29169
2012,5.9,29171
2012,6.4,29173
2012,8.7,29175
2012,8.2,29177
2012,10.9,29179
2012,10.5,29181
2012,5.6,29183
2012,7.9,29185
2012,7.3,29186
2012,8.9,29187
2012,6.5,29189
2012,6.6,29195
2012,7.4,29197
2012,5,29199
2012,7,29201
2012,11,29203
2012,6,29205
2012,8.7,29207
2012,11.1,29209
2012,6.8,29211
2012,11.3,29213
2012,8.2,29215
2012,5.9,29217
2012,7.5,29219
2012,10.6,29221
2012,9,29223
2012,7.1,29225
2012,4.2,29227
2012,8.4,29229
2012,8.5,29510
2012,6,30000
2012,5.4,30001
2012,12.1,30003
2012,6.4,30005
2012,7.5,30007
2012,4.7,30009
2012,3.2,30011
2012,5.6,30013
2012,3.9,30015
2012,3.6,30017
2012,3.2,30019
2012,3.3,30021
2012,5.6,30023
2012,2.1,30025
2012,5.4,30027
2012,9,30029
2012,5.1,30031
2012,3.1,30033
2012,9.9,30035
2012,4.6,30037
2012,8.1,30039
2012,5.8,30041
2012,5.5,30043
2012,5.2,30045
2012,7.7,30047
2012,4.9,30049
2012,4.2,30051
2012,12.5,30053
2012,2.9,30055
2012,6.2,30057
2012,5.5,30059
2012,10.9,30061
2012,5.9,30063
2012,5.4,30065
2012,7,30067
2012,4.3,30069
2012,6,30071
2012,4.9,30073
2012,3.7,30075
2012,6.5,30077
2012,4.3,30079
2012,7.6,30081
2012,2.8,30083
2012,6.6,30085
2012,6.8,30087
2012,11.5,30089
2012,3,30091
2012,6.1,30093
2012,4.5,30095
2012,3.9,30097
2012,4.9,30099
2012,4.2,30101
2012,5,30103
2012,4.2,30105
2012,6.3,30107
2012,3.2,30109
2012,4.6,30111
2012,4,31000
2012,3.8,31001
2012,3.3,31003
2012,6.5,31005
2012,4.6,31007
2012,5.3,31009
2012,3.1,31011
2012,4,31013
2012,3.9,31015
2012,4.1,31017
2012,3.3,31019
2012,4.7,31021
2012,3.3,31023
2012,4.6,31025
2012,2.9,31027
2012,2.4,31029
2012,2.9,31031
2012,2.8,31033
2012,3.7,31035
2012,3.5,31037
2012,3.1,31039
2012,2.9,31041
2012,5.8,31043
2012,3.6,31045
2012,4.4,31047
2012,3.3,31049
2012,4.1,31051
2012,4.5,31053
2012,4.5,31055
2012,3,31057
2012,3.3,31059
2012,3.6,31061
2012,3.2,31063
2012,3.5,31065
2012,5,31067
2012,3.2,31069
2012,3,31071
2012,3,31073
2012,3.4,31075
2012,3.6,31077
2012,4,31079
2012,3.3,31081
2012,3.2,31083
2012,3,31085
2012,4.1,31087
2012,3.2,31089
2012,4.6,31091
2012,3.6,31093
2012,3.8,31095
2012,4.3,31097
2012,2.9,31099
2012,3.7,31101
2012,3.1,31103
2012,3.3,31105
2012,3.4,31107
2012,3.6,31109
2012,3.9,31111
2012,3.2,31113
2012,3.8,31115
2012,3.6,31117
2012,3.7,31119
2012,3.7,31121
2012,3.2,31123
2012,3.3,31125
2012,4.8,31127
2012,3.5,31129
2012,4.5,31131
2012,3.3,31133
2012,2.7,31135
2012,3,31137
2012,3.3,31139
2012,3.7,31141
2012,3.1,31143
2012,3.3,31145
2012,5.1,31147
2012,2.5,31149
2012,4.3,31151
2012,3.9,31153
2012,4.2,31155
2012,4.7,31157
2012,3.5,31159
2012,3.6,31161
2012,3.8,31163
2012,3.6,31165
2012,3.5,31167
2012,3.1,31169
2012,4,31171
2012,8.7,31173
2012,3.5,31175
2012,3.8,31177
2012,3.2,31179
2012,3.7,31181
2012,3.4,31183
2012,3.7,31185
2012,11.2,32000
2012,11,32001
2012,11.3,32003
2012,11.5,32005
2012,6.4,32007
2012,6.9,32009
2012,6.1,32011
2012,6.6,32013
2012,7.4,32015
2012,10.4,32017
2012,14.7,32019
2012,13.6,32021
2012,14.4,32023
2012,9.7,32027
2012,13.3,32029
2012,11,32031
2012,7.6,32033
2012,11.7,32510
2012,5.5,33000
2012,5.4,33001
2012,5.3,33003
2012,5.1,33005
2012,7.4,33007
2012,4.4,33009
2012,5.8,33011
2012,4.9,33013
2012,5.8,33015
2012,5.4,33017
2012,4.5,33019
2012,9.3,34000
2012,12.7,34001
2012,7.7,34003
2012,8.7,34005
2012,10.7,34007
2012,15.4,34009
2012,13.1,34011
2012,10.7,34013
2012,10.1,34015
2012,8.9,34017
2012,6.8,34019
2012,8.3,34021
2012,8.6,34023
2012,8.7,34025
2012,7.1,34027
2012,10.6,34029
2012,11.1,34031
2012,11.8,34033
2012,7.4,34035
2012,9,34037
2012,9.5,34039
2012,8.7,34041
2012,7.1,35000
2012,6.8,35001
2012,9.5,35003
2012,6.5,35005
2012,8.6,35006
2012,7.8,35007
2012,5,35009
2012,4.3,35011
2012,7.3,35013
2012,4.7,35015
2012,6.7,35017
2012,10,35019
2012,6.5,35021
2012,7.4,35023
2012,4.7,35025
2012,6.5,35027
2012,3.9,35028
2012,20,35029
2012,9.6,35031
2012,11,35033
2012,6.5,35035
2012,8.1,35037
2012,9.3,35039
2012,5.6,35041
2012,7.8,35043
2012,7.1,35045
2012,8.9,35047
2012,5.8,35049
2012,9.8,35051
2012,7,35053
2012,10.5,35055
2012,10.6,35057
2012,4.4,35059
2012,8.7,35061
2012,8.5,36000
2012,7.1,36001
2012,8.4,36003
2012,12.4,36005
2012,8.7,36007
2012,9.3,36009
2012,8.3,36011
2012,8.5,36013
2012,8.4,36015
2012,8.6,36017
2012,9.4,36019
2012,7,36021
2012,8.6,36023
2012,8.7,36025
2012,7.8,36027
2012,8.3,36029
2012,9.6,36031
2012,9.6,36033
2012,11,36035
2012,7.9,36037
2012,9.9,36039
2012,10.7,36041
2012,8.8,36043
2012,9.9,36045
2012,9.8,36047
2012,10,36049
2012,7.8,36051
2012,8.5,36053
2012,7.9,36055
2012,10.4,36057
2012,7,36059
2012,8,36061
2012,9.3,36063
2012,8.2,36065
2012,7.9,36067
2012,7.3,36069
2012,7.9,36071
2012,9.7,36073
2012,11,36075
2012,7.9,36077
2012,7.2,36079
2012,8.3,36081
2012,7.7,36083
2012,9.5,36085
2012,7.3,36087
2012,10.2,36089
2012,6.8,36091
2012,7.7,36093
2012,9.2,36095
2012,9.4,36097
2012,8,36099
2012,9.3,36101
2012,7.8,36103
2012,9.1,36105
2012,7.9,36107
2012,6.1,36109
2012,8.3,36111
2012,9.2,36113
2012,8.3,36115
2012,8.6,36117
2012,7.3,36119
2012,8.9,36121
2012,7.8,36123
2012,9.3,37000
2012,8.5,37001
2012,9.6,37003
2012,10.4,37005
2012,10.9,37007
2012,10.4,37009
2012,10.6,37011
2012,10.6,37013
2012,11.4,37015
2012,12.7,37017
2012,11.2,37019
2012,7.2,37021
2012,9.8,37023
2012,9,37025
2012,11.6,37027
2012,7.9,37029
2012,8.9,37031
2012,10.6,37033
2012,10.1,37035
2012,7.8,37037
2012,11,37039
2012,10.9,37041
2012,10.4,37043
2012,11,37045
2012,12.3,37047
2012,9.5,37049
2012,10.5,37051
2012,8.5,37053
2012,12.4,37055
2012,9.7,37057
2012,9.1,37059
2012,9.1,37061
2012,7.4,37063
2012,14.3,37065
2012,8.9,37067
2012,9.7,37069
2012,10.5,37071
2012,7.7,37073
2012,17.7,37075
2012,8,37077
2012,8.6,37079
2012,9.5,37081
2012,13.5,37083
2012,10.6,37085
2012,9.1,37087
2012,7.5,37089
2012,10.8,37091
2012,10.7,37093
2012,13.4,37095
2012,9.9,37097
2012,10.6,37099
2012,8.4,37101
2012,9.9,37103
2012,11.4,37105
2012,9.8,37107
2012,9.6,37109
2012,10.8,37111
2012,10.6,37113
2012,9.8,37115
2012,12,37117
2012,8.7,37119
2012,12.2,37121
2012,10.6,37123
2012,8.8,37125
2012,11.5,37127
2012,8.6,37129
2012,11.5,37131
2012,8,37133
2012,6.1,37135
2012,9,37137
2012,10,37139
2012,10.4,37141
2012,10.4,37143
2012,11,37145
2012,9.1,37147
2012,8.5,37149
2012,9.9,37151
2012,13.4,37153
2012,13.2,37155
2012,11.3,37157
2012,10.9,37159
2012,13.2,37161
2012,9.3,37163
2012,17.2,37165
2012,9.9,37167
2012,9.3,37169
2012,9.6,37171
2012,14.7,37173
2012,8.7,37175
2012,13.6,37177
2012,7.9,37179
2012,13.5,37181
2012,7.1,37183
2012,12.4,37185
2012,15.3,37187
2012,7.4,37189
2012,8.5,37191
2012,10.4,37193
2012,13,37195
2012,9.2,37197
2012,10.7,37199
2012,3.1,38000
2012,2.9,38001
2012,3.4,38003
2012,7,38005
2012,3.4,38007
2012,3.4,38009
2012,1.8,38011
2012,2,38013
2012,2.8,38015
2012,2.9,38017
2012,3.2,38019
2012,2.7,38021
2012,1.5,38023
2012,1.6,38025
2012,5.1,38027
2012,5.4,38029
2012,3.1,38031
2012,2.4,38033
2012,3.4,38035
2012,3.2,38037
2012,2.7,38039
2012,2.7,38041
2012,5.1,38043
2012,2.5,38045
2012,3.1,38047
2012,4.3,38049
2012,3.2,38051
2012,1.5,38053
2012,4.4,38055
2012,5.3,38057
2012,3.6,38059
2012,1.6,38061
2012,4.1,38063
2012,6.7,38065
2012,6.4,38067
2012,4.3,38069
2012,4.1,38071
2012,3,38073
2012,2.3,38075
2012,3.6,38077
2012,10.5,38079
2012,2.7,38081
2012,3.7,38083
2012,5.2,38085
2012,2.1,38087
2012,1.8,38089
2012,2.7,38091
2012,3.4,38093
2012,3.3,38095
2012,3.2,38097
2012,4.9,38099
2012,2.7,38101
2012,4,38103
2012,1.1,38105
2012,7.4,39000
2012,12.6,39001
2012,7.7,39003
2012,8,39005
2012,9.4,39007
2012,8.5,39009
2012,6.2,39011
2012,8.2,39013
2012,10,39015
2012,7.7,39017
2012,7.9,39019
2012,7.4,39021
2012,7.8,39023
2012,7.4,39025
2012,10.7,39027
2012,8.2,39029
2012,10.1,39031
2012,9.1,39033
2012,6.8,39035
2012,7.2,39037
2012,7.7,39039
2012,5.2,39041
2012,8,39043
2012,6.6,39045
2012,8.3,39047
2012,6.4,39049
2012,7.7,39051
2012,9.7,39053
2012,5.3,39055
2012,6.9,39057
2012,9,39059
2012,7.4,39061
2012,6.4,39063
2012,7.5,39065
2012,8.5,39067
2012,8.7,39069
2012,10.4,39071
2012,8.3,39073
2012,5.1,39075
2012,9.9,39077
2012,10.3,39079
2012,10.9,39081
2012,7,39083
2012,5.9,39085
2012,8.5,39087
2012,6.8,39089
2012,7.1,39091
2012,7.1,39093
2012,8.3,39095
2012,6.4,39097
2012,8.3,39099
2012,7.9,39101
2012,5.5,39103
2012,11.6,39105
2012,5.1,39107
2012,7.3,39109
2012,8.4,39111
2012,8.2,39113
2012,9.9,39115
2012,8.1,39117
2012,9.2,39119
2012,11,39121
2012,9.5,39123
2012,7.7,39125
2012,9.8,39127
2012,7.4,39129
2012,13,39131
2012,7.3,39133
2012,7.7,39135
2012,5.8,39137
2012,8.7,39139
2012,8.4,39141
2012,7.5,39143
2012,11.3,39145
2012,8,39147
2012,7.3,39149
2012,7.5,39151
2012,7.5,39153
2012,9,39155
2012,7.4,39157
2012,5.7,39159
2012,7.5,39161
2012,10.8,39163
2012,6.5,39165
2012,8.7,39167
2012,6.1,39169
2012,7.9,39171
2012,6.9,39173
2012,6.8,39175
2012,5.2,40000
2012,9.1,40001
2012,2.8,40003
2012,6.8,40005
2012,3,40007
2012,3,40009
2012,3.9,40011
2012,5.4,40013
2012,6,40015
2012,3.9,40017
2012,5.5,40019
2012,7,40021
2012,8.5,40023
2012,3.3,40025
2012,4.1,40027
2012,7.1,40029
2012,5.9,40031
2012,5.6,40033
2012,5.6,40035
2012,6,40037
2012,3.6,40039
2012,6.6,40041
2012,3.2,40043
2012,2.8,40045
2012,4.1,40047
2012,5,40049
2012,4.8,40051
2012,3.4,40053
2012,5.3,40055
2012,4.7,40057
2012,3.2,40059
2012,8.9,40061
2012,8,40063
2012,5.1,40065
2012,4.9,40067
2012,7.8,40069
2012,7.1,40071
2012,3.3,40073
2012,4.7,40075
2012,8.5,40077
2012,8.6,40079
2012,5,40081
2012,4.4,40083
2012,4.2,40085
2012,4.2,40087
2012,9.5,40089
2012,10.2,40091
2012,3.5,40093
2012,5.8,40095
2012,6.1,40097
2012,4.6,40099
2012,6.7,40101
2012,4.4,40103
2012,6.8,40105
2012,7.6,40107
2012,4.8,40109
2012,7.9,40111
2012,5.8,40113
2012,7.9,40115
2012,6.6,40117
2012,4.7,40119
2012,7,40121
2012,5.1,40123
2012,5.3,40125
2012,7.2,40127
2012,2.8,40129
2012,5,40131
2012,7.8,40133
2012,8.3,40135
2012,4.9,40137
2012,4.2,40139
2012,4.8,40141
2012,5.2,40143
2012,5.2,40145
2012,4.8,40147
2012,4,40149
2012,2.8,40151
2012,3.5,40153
2012,8.8,41000
2012,10.6,41001
2012,6,41003
2012,8,41005
2012,8.7,41007
2012,10.7,41009
2012,11.1,41011
2012,13.6,41013
2012,11.8,41015
2012,11.3,41017
2012,11.9,41019
2012,10.1,41021
2012,14,41023
2012,11.8,41025
2012,7.3,41027
2012,11.1,41029
2012,11.8,41031
2012,12.2,41033
2012,11.7,41035
2012,13,41037
2012,8.9,41039
2012,9.9,41041
2012,10.7,41043
2012,9.4,41045
2012,10,41047
2012,8.1,41049
2012,7.6,41051
2012,8.9,41053
2012,10.7,41055
2012,9.7,41057
2012,9.1,41059
2012,9.4,41061
2012,11.5,41063
2012,8.4,41065
2012,7.1,41067
2012,6.9,41069
2012,8.5,41071
2012,7.8,42000
2012,6.4,42001
2012,7,42003
2012,8,42005
2012,7.5,42007
2012,8.6,42009
2012,7.7,42011
2012,7.4,42013
2012,6.9,42015
2012,7.2,42017
2012,6.4,42019
2012,8.8,42021
2012,10.3,42023
2012,10,42025
2012,5.5,42027
2012,5.6,42029
2012,9,42031
2012,9.4,42033
2012,8.8,42035
2012,8.3,42037
2012,7.6,42039
2012,6.2,42041
2012,7.4,42043
2012,7.7,42045
2012,7,42047
2012,7.8,42049
2012,9.9,42051
2012,9.8,42053
2012,7,42055
2012,9.2,42057
2012,7.3,42059
2012,9.9,42061
2012,8.1,42063
2012,8.3,42065
2012,7.3,42067
2012,8.8,42069
2012,6.5,42071
2012,7.9,42073
2012,6.7,42075
2012,8.5,42077
2012,9.8,42079
2012,7.9,42081
2012,8.4,42083
2012,7.6,42085
2012,8.7,42087
2012,9.8,42089
2012,6.4,42091
2012,5.8,42093
2012,8.1,42095
2012,9.1,42097
2012,7.3,42099
2012,10.9,42101
2012,10.1,42103
2012,9.1,42105
2012,9.7,42107
2012,7.6,42109
2012,8.9,42111
2012,7.8,42113
2012,7.6,42115
2012,7.6,42117
2012,6.4,42119
2012,7.7,42121
2012,6.8,42123
2012,7.2,42125
2012,8,42127
2012,7.4,42129
2012,8.9,42131
2012,7.4,42133
2012,10.4,44000
2012,9,44001
2012,9.9,44003
2012,9.3,44005
2012,10.9,44007
2012,9.7,44009
2012,9.2,45000
2012,10.6,45001
2012,8.6,45003
2012,16.9,45005
2012,8.9,45007
2012,15.9,45009
2012,13.9,45011
2012,7.6,45013
2012,8.4,45015
2012,11.2,45017
2012,7.2,45019
2012,12.8,45021
2012,14.8,45023
2012,11.4,45025
2012,12.8,45027
2012,12.1,45029
2012,11.1,45031
2012,14.1,45033
2012,7.8,45035
2012,9.4,45037
2012,13,45039
2012,9.7,45041
2012,12,45043
2012,7.4,45045
2012,10.1,45047
2012,11.2,45049
2012,10.4,45051
2012,8.5,45053
2012,9.5,45055
2012,11.3,45057
2012,10.3,45059
2012,14.1,45061
2012,7,45063
2012,11.8,45065
2012,15.9,45067
2012,17.6,45069
2012,8.8,45071
2012,8.8,45073
2012,14.3,45075
2012,9,45077
2012,8.2,45079
2012,8.5,45081
2012,9.4,45083
2012,10.7,45085
2012,13.6,45087
2012,15.8,45089
2012,9.3,45091
2012,4.3,46000
2012,3,46003
2012,3.5,46005
2012,6.8,46007
2012,3.9,46009
2012,3.9,46011
2012,3.6,46013
2012,3.6,46015
2012,9.7,46017
2012,4.7,46019
2012,3.6,46021
2012,5,46023
2012,4.3,46025
2012,3.8,46027
2012,3.9,46029
2012,8,46031
2012,5.4,46033
2012,3.3,46035
2012,5.8,46037
2012,5.9,46039
2012,16,46041
2012,3.4,46043
2012,3,46045
2012,5.7,46047
2012,4,46049
2012,4.4,46051
2012,4.4,46053
2012,3.2,46055
2012,3.9,46057
2012,3.1,46059
2012,4.6,46061
2012,3.7,46063
2012,3.3,46065
2012,3.5,46067
2012,3.5,46069
2012,7,46071
2012,3.1,46073
2012,3.8,46075
2012,3.6,46077
2012,4.2,46079
2012,4.5,46081
2012,3.2,46083
2012,5.9,46085
2012,3.8,46087
2012,4.6,46089
2012,4.8,46091
2012,4.4,46093
2012,7.8,46095
2012,3.7,46097
2012,4,46099
2012,5.5,46101
2012,14.2,46102
2012,4.4,46103
2012,4,46105
2012,4,46107
2012,5.7,46109
2012,3.5,46111
2012,4.1,46115
2012,3,46117
2012,3.1,46119
2012,9.7,46121
2012,3.7,46123
2012,3.5,46125
2012,4.8,46127
2012,6.2,46129
2012,3.7,46135
2012,6.9,46137
2012,7.8,47000
2012,7.9,47001
2012,9.8,47003
2012,9.8,47005
2012,10.4,47007
2012,7.1,47009
2012,7.4,47011
2012,11.1,47013
2012,8.5,47015
2012,10.9,47017
2012,8.9,47019
2012,7.2,47021
2012,7.8,47023
2012,9.9,47025
2012,10,47027
2012,11.5,47029
2012,8.2,47031
2012,9.2,47033
2012,9,47035
2012,6.2,47037
2012,10.3,47039
2012,9.6,47041
2012,8.3,47043
2012,11,47045
2012,8.5,47047
2012,9.7,47049
2012,7.8,47051
2012,10.3,47053
2012,8.4,47055
2012,10.3,47057
2012,10.2,47059
2012,10.1,47061
2012,9.4,47063
2012,6.9,47065
2012,11.8,47067
2012,10.9,47069
2012,10.1,47071
2012,8.8,47073
2012,11.5,47075
2012,9.7,47077
2012,9.4,47079
2012,8.9,47081
2012,11.2,47083
2012,9.5,47085
2012,10.5,47087
2012,9.4,47089
2012,9.5,47091
2012,6.1,47093
2012,10.4,47095
2012,10.9,47097
2012,9.5,47099
2012,10.8,47101
2012,6.1,47103
2012,7.6,47105
2012,9.1,47107
2012,10.3,47109
2012,8.3,47111
2012,8.1,47113
2012,9.1,47115
2012,9.4,47117
2012,7.8,47119
2012,10.3,47121
2012,9.9,47123
2012,7.6,47125
2012,5.8,47127
2012,10.2,47129
2012,13.4,47131
2012,8.9,47133
2012,9.8,47135
2012,9.4,47137
2012,9.8,47139
2012,8,47141
2012,10.2,47143
2012,8.6,47145
2012,7,47147
2012,6.5,47149
2012,15.5,47151
2012,8.4,47153
2012,8.7,47155
2012,8.6,47157
2012,8.2,47159
2012,11,47161
2012,7.5,47163
2012,6.5,47165
2012,8.9,47167
2012,8.6,47169
2012,10.3,47171
2012,9.4,47173
2012,11.5,47175
2012,8.8,47177
2012,7.1,47179
2012,9.5,47181
2012,10.9,47183
2012,9.8,47185
2012,5,47187
2012,6.4,47189
2012,6.7,48000
2012,6.3,48001
2012,4,48003
2012,6.9,48005
2012,7,48007
2012,5.5,48009
2012,4.5,48011
2012,6.7,48013
2012,6.4,48015
2012,6.9,48017
2012,6.6,48019
2012,6.7,48021
2012,5.1,48023
2012,7,48025
2012,7.4,48027
2012,6.3,48029
2012,5.2,48031
2012,4.3,48033
2012,7.2,48035
2012,7.4,48037
2012,6.7,48039
2012,5.3,48041
2012,5.1,48043
2012,5.4,48045
2012,8.7,48047
2012,6.8,48049
2012,6.3,48051
2012,6,48053
2012,7.2,48055
2012,7.3,48057
2012,6.1,48059
2012,10.3,48061
2012,8,48063
2012,4.6,48065
2012,9.2,48067
2012,4.4,48069
2012,8,48071
2012,7.2,48073
2012,4.4,48075
2012,5.6,48077
2012,7.5,48079
2012,5.1,48081
2012,7.5,48083
2012,5.9,48085
2012,5,48087
2012,6.4,48089
2012,6,48091
2012,6.4,48093
2012,4.2,48095
2012,5,48097
2012,7.4,48099
2012,7.5,48101
2012,4.9,48103
2012,5,48105
2012,7.2,48107
2012,6.1,48109
2012,3.7,48111
2012,7.1,48113
2012,6.4,48115
2012,4.7,48117
2012,6.7,48119
2012,5.7,48121
2012,4.8,48123
2012,10.7,48125
2012,5.8,48127
2012,5.9,48129
2012,7,48131
2012,6.7,48133
2012,4.6,48135
2012,6.4,48137
2012,6.8,48139
2012,8.5,48141
2012,5.6,48143
2012,7.3,48145
2012,7.1,48147
2012,4.8,48149
2012,5.4,48151
2012,6.4,48153
2012,5.8,48155
2012,6,48157
2012,7.4,48159
2012,6.7,48161
2012,5,48163
2012,4.2,48165
2012,7.6,48167
2012,5,48169
2012,4.7,48171
2012,4.1,48173
2012,5.5,48175
2012,5.1,48177
2012,5.6,48179
2012,6.8,48181
2012,6.2,48183
2012,6.4,48185
2012,5.7,48187
2012,6.9,48189
2012,7.7,48191
2012,5.8,48193
2012,3.4,48195
2012,5.9,48197
2012,8.4,48199
2012,6.6,48201
2012,7.4,48203
2012,3.3,48205
2012,5.3,48207
2012,5.8,48209
2012,2.9,48211
2012,7.6,48213
2012,10.6,48215
2012,6.9,48217
2012,5.3,48219
2012,6.5,48221
2012,6.5,48223
2012,7.1,48225
2012,5.6,48227
2012,7.5,48229
2012,8.3,48231
2012,6.5,48233
2012,4.6,48235
2012,5.8,48237
2012,5.1,48239
2012,10.6,48241
2012,4.9,48243
2012,11.1,48245
2012,6.6,48247
2012,6.2,48249
2012,6.6,48251
2012,7.2,48253
2012,6.1,48255
2012,7,48257
2012,5.4,48259
2012,5.1,48261
2012,4,48263
2012,5.8,48265
2012,4.9,48267
2012,4.5,48269
2012,8.8,48271
2012,6.9,48273
2012,5.2,48275
2012,9.2,48277
2012,8,48279
2012,7.1,48281
2012,4.4,48283
2012,4.8,48285
2012,5.4,48287
2012,7.4,48289
2012,9.6,48291
2012,6.9,48293
2012,3.9,48295
2012,4.6,48297
2012,6.8,48299
2012,6,48301
2012,5.3,48303
2012,6,48305
2012,5.4,48307
2012,6.6,48309
2012,2.4,48311
2012,7.1,48313
2012,9.1,48315
2012,4.5,48317
2012,5.2,48319
2012,10.1,48321
2012,12.5,48323
2012,6.6,48325
2012,6.3,48327
2012,3.9,48329
2012,8.6,48331
2012,5.4,48333
2012,6,48335
2012,5.4,48337
2012,5.9,48339
2012,4.3,48341
2012,9.7,48343
2012,5.9,48345
2012,6.6,48347
2012,7.3,48349
2012,11.1,48351
2012,5.9,48353
2012,6.6,48355
2012,3.9,48357
2012,4.3,48359
2012,10.5,48361
2012,6.7,48363
2012,6.9,48365
2012,5.9,48367
2012,4.1,48369
2012,5.1,48371
2012,8,48373
2012,5.3,48375
2012,13.3,48377
2012,7,48379
2012,4.4,48381
2012,3.4,48383
2012,9.4,48385
2012,10.7,48387
2012,6.8,48389
2012,6,48391
2012,5.1,48393
2012,8,48395
2012,6.2,48397
2012,5.5,48399
2012,6.3,48401
2012,14.6,48403
2012,12.1,48405
2012,8.2,48407
2012,7.6,48409
2012,6.2,48411
2012,4,48413
2012,4.5,48415
2012,3.5,48417
2012,7.3,48419
2012,4.2,48421
2012,7,48423
2012,6.6,48425
2012,14.5,48427
2012,5.9,48429
2012,3.5,48431
2012,4.4,48433
2012,4.7,48435
2012,5.9,48437
2012,6.5,48439
2012,5.7,48441
2012,4.7,48443
2012,6.5,48445
2012,5.3,48447
2012,7.5,48449
2012,5.3,48451
2012,5.5,48453
2012,8.2,48455
2012,10.7,48457
2012,6.7,48459
2012,4,48461
2012,7.9,48463
2012,7.6,48465
2012,6.9,48467
2012,5.6,48469
2012,6.9,48471
2012,7,48473
2012,4.8,48475
2012,5.6,48477
2012,6.5,48479
2012,6.8,48481
2012,4.4,48483
2012,6.1,48485
2012,6,48487
2012,15.8,48489
2012,5.8,48491
2012,5.5,48493
2012,5.6,48495
2012,6.5,48497
2012,7.9,48499
2012,4,48501
2012,5.7,48503
2012,6.3,48505
2012,13.5,48507
2012,5.4,49000
2012,6.1,49001
2012,5.8,49003
2012,4.5,49005
2012,7,49007
2012,5,49009
2012,4.9,49011
2012,4.7,49013
2012,7.2,49015
2012,9.5,49017
2012,8.4,49019
2012,6.8,49021
2012,6.1,49023
2012,6.6,49025
2012,4.7,49027
2012,4.9,49029
2012,8.3,49031
2012,5.3,49033
2012,5.3,49035
2012,8.8,49037
2012,6.4,49039
2012,6.1,49041
2012,4.9,49043
2012,6,49045
2012,4.4,49047
2012,5,49049
2012,5.8,49051
2012,6.9,49053
2012,10.8,49055
2012,6.3,49057
2012,5,50000
2012,4.5,50001
2012,5.9,50003
2012,6.2,50005
2012,3.8,50007
2012,8,50009
2012,4.5,50011
2012,5.4,50013
2012,6.4,50015
2012,4.7,50017
2012,7.7,50019
2012,6.2,50021
2012,4.7,50023
2012,5.2,50025
2012,4.7,50027
2012,6.1,51000
2012,7.9,51001
2012,5.2,51003
2012,7.1,51005
2012,6.5,51007
2012,6.7,51009
2012,7.4,51011
2012,3.5,51013
2012,5.8,51015
2012,5.8,51017
2012,6,51019
2012,7,51021
2012,5.5,51023
2012,10.1,51025
2012,9.1,51027
2012,8.5,51029
2012,6.5,51031
2012,7.8,51033
2012,8.5,51035
2012,7.8,51036
2012,8.7,51037
2012,6.1,51041
2012,5.2,51043
2012,7,51045
2012,5.7,51047
2012,7.1,51049
2012,10.7,51051
2012,7.6,51053
2012,7.3,51057
2012,4.5,51059
2012,5.1,51061
2012,5.7,51063
2012,5.3,51065
2012,6.6,51067
2012,5.8,51069
2012,7.3,51071
2012,5.6,51073
2012,5.6,51075
2012,9.6,51077
2012,5.6,51079
2012,8.6,51081
2012,9.5,51083
2012,5.5,51085
2012,6,51087
2012,10.6,51089
2012,4.9,51091
2012,6.3,51093
2012,5.7,51095
2012,6.6,51097
2012,6.5,51099
2012,6.3,51101
2012,8,51103
2012,8.3,51105
2012,4.4,51107
2012,6.2,51109
2012,7.6,51111
2012,4.8,51113
2012,5.7,51115
2012,9.4,51117
2012,6.1,51119
2012,5.9,51121
2012,5.8,51125
2012,5.6,51127
2012,9.3,51131
2012,8.2,51133
2012,6.4,51135
2012,6.7,51137
2012,10.2,51139
2012,9.1,51141
2012,7.8,51143
2012,5.6,51145
2012,8.5,51147
2012,7.4,51149
2012,5.3,51153
2012,7.4,51155
2012,5.4,51157
2012,6.4,51159
2012,5.2,51161
2012,6.1,51163
2012,5.7,51165
2012,8.7,51167
2012,7.5,51169
2012,6.4,51171
2012,9.6,51173
2012,6.3,51175
2012,6.1,51177
2012,5.8,51179
2012,7.8,51181
2012,9.7,51183
2012,8.3,51185
2012,6.7,51187
2012,6.7,51191
2012,7.3,51193
2012,8.9,51195
2012,7.7,51197
2012,5.8,51199
2012,4.1,51510
2012,7.3,51520
2012,7.9,51530
2012,5.1,51540
2012,6.4,51550
2012,7,51570
2012,9,51580
2012,10.3,51590
2012,10.6,51595
2012,4.3,51600
2012,4,51610
2012,10,51620
2012,7.1,51630
2012,8.9,51640
2012,8.2,51650
2012,7.4,51660
2012,10.1,51670
2012,8.8,51678
2012,7.5,51680
2012,5.6,51683
2012,5.3,51685
2012,12.8,51690
2012,7.5,51700
2012,7.6,51710
2012,7.7,51720
2012,12,51730
2012,5.4,51735
2012,8.8,51740
2012,7.9,51750
2012,7.5,51760
2012,7.2,51770
2012,5.9,51775
2012,6.4,51790
2012,7,51800
2012,5.7,51810
2012,7,51820
2012,8.3,51830
2012,6.7,51840
2012,8.1,53000
2012,9.1,53001
2012,7.8,53003
2012,9.3,53005
2012,8,53007
2012,10.5,53009
2012,9.4,53011
2012,8.3,53013
2012,10.7,53015
2012,9.1,53017
2012,15.7,53019
2012,9.7,53021
2012,7.6,53023
2012,9.5,53025
2012,13,53027
2012,8.1,53029
2012,10,53031
2012,6.3,53033
2012,7.9,53035
2012,8.8,53037
2012,10.2,53039
2012,12,53041
2012,7.3,53043
2012,10.9,53045
2012,9.5,53047
2012,12,53049
2012,12.8,53051
2012,9.3,53053
2012,6.4,53055
2012,9.7,53057
2012,10.6,53059
2012,7.5,53061
2012,9.1,53063
2012,11.8,53065
2012,8.4,53067
2012,12.7,53069
2012,7.5,53071
2012,8.1,53073
2012,6.6,53075
2012,10.6,53077
2012,7.5,54000
2012,8.3,54001
2012,6.7,54003
2012,10.4,54005
2012,10.8,54007
2012,8.7,54009
2012,6.5,54011
2012,11.1,54013
2012,12,54015
2012,6.3,54017
2012,8.7,54019
2012,7.8,54021
2012,8.8,54023
2012,8,54025
2012,7.9,54027
2012,9.3,54029
2012,10.6,54031
2012,6.5,54033
2012,8.5,54035
2012,5.4,54037
2012,6.6,54039
2012,7,54041
2012,10.3,54043
2012,9.7,54045
2012,12.1,54047
2012,6.4,54049
2012,8.1,54051
2012,9.9,54053
2012,8.4,54055
2012,8.5,54057
2012,9.7,54059
2012,5.2,54061
2012,7.2,54063
2012,7.3,54065
2012,9.3,54067
2012,6.4,54069
2012,6.8,54071
2012,8.7,54073
2012,10.2,54075
2012,7.1,54077
2012,6.4,54079
2012,7.3,54081
2012,8.7,54083
2012,7.4,54085
2012,11.4,54087
2012,8.9,54089
2012,6.8,54091
2012,8.1,54093
2012,9.2,54095
2012,7.8,54097
2012,7.6,54099
2012,10.7,54101
2012,9.4,54103
2012,11,54105
2012,7.3,54107
2012,9.2,54109
2012,7,55000
2012,10.9,55001
2012,9.3,55003
2012,7.9,55005
2012,10.8,55007
2012,6.6,55009
2012,6.3,55011
2012,9,55013
2012,5.3,55015
2012,6.8,55017
2012,7.4,55019
2012,7.2,55021
2012,8.5,55023
2012,4.9,55025
2012,7.2,55027
2012,10.3,55029
2012,6.9,55031
2012,6.6,55033
2012,5.8,55035
2012,8.3,55037
2012,6.5,55039
2012,11,55041
2012,6,55043
2012,6.2,55045
2012,7.5,55047
2012,6.7,55049
2012,10.5,55051
2012,7.3,55053
2012,6.7,55055
2012,8.4,55057
2012,8.2,55059
2012,6.5,55061
2012,5.4,55063
2012,5.6,55065
2012,9.3,55067
2012,9.1,55069
2012,7.8,55071
2012,7.3,55073
2012,8.3,55075
2012,8.8,55077
2012,16.3,55078
2012,8.6,55079
2012,7.3,55081
2012,8.4,55083
2012,8.7,55085
2012,6.4,55087
2012,5.5,55089
2012,5.7,55091
2012,5.5,55093
2012,8,55095
2012,7.3,55097
2012,7.5,55099
2012,8.4,55101
2012,6.3,55103
2012,8.3,55105
2012,9,55107
2012,5.7,55109
2012,6.9,55111
2012,10.8,55113
2012,8,55115
2012,6.8,55117
2012,7.2,55119
2012,5.7,55121
2012,6.4,55123
2012,10,55125
2012,7.2,55127
2012,7.9,55129
2012,6.1,55131
2012,5.8,55133
2012,7.6,55135
2012,8.8,55137
2012,6.7,55139
2012,7.5,55141
2012,5.3,56000
2012,4.3,56001
2012,5.6,56003
2012,4.6,56005
2012,5.2,56007
2012,4.3,56009
2012,4.9,56011
2012,6,56013
2012,4.7,56015
2012,4.7,56017
2012,5.3,56019
2012,5.8,56021
2012,7.1,56023
2012,5.1,56025
2012,3.8,56027
2012,5.5,56029
2012,4.9,56031
2012,6.2,56033
2012,4.9,56035
2012,4.8,56037
2012,6.7,56039
2012,5.6,56041
2012,5.2,56043
2012,4.1,56045
2012,14.5,72000
2012,21.7,72001
2012,18.3,72003
2012,18.7,72005
2012,18.6,72007
2012,19,72009
2012,17,72011
2012,15.9,72013
2012,22.6,72015
2012,19.3,72017
2012,16.2,72019
2012,11,72021
2012,15.4,72023
2012,13.5,72025
2012,14.3,72027
2012,13.9,72029
2012,10.5,72031
2012,13.5,72033
2012,14.9,72035
2012,19,72037
2012,21.7,72039
2012,14.5,72041
2012,21,72043
2012,20.4,72045
2012,16,72047
2012,5.7,72049
2012,9.1,72051
2012,18,72053
2012,19.2,72054
2012,24.8,72055
2012,20.9,72057
2012,21.4,72059
2012,6.6,72061
2012,11.3,72063
2012,16.2,72065
2012,14.9,72067
2012,19.7,72069
2012,18.2,72071
2012,16.9,72073
2012,16.4,72075
2012,16.3,72077
2012,23.1,72079
2012,19.6,72081
2012,16.2,72083
2012,18.8,72085
2012,12.9,72087
2012,19.7,72089
2012,15,72091
2012,18.5,72093
2012,22.9,72095
2012,16.7,72097
2012,19.3,72099
2012,18.3,72101
2012,17.1,72103
2012,16.9,72105
2012,19.9,72107
2012,25.1,72109
2012,20.4,72111
2012,15.9,72113
2012,18.5,72115
2012,18.7,72117
2012,12.4,72119
2012,20.9,72121
2012,24.9,72123
2012,18.3,72125
2012,8.8,72127
2012,15.8,72129
2012,22.1,72131
2012,20,72133
2012,10.1,72135
2012,10.6,72137
2012,8.4,72139
2012,19.4,72141
2012,14.1,72143
2012,16,72145
2012,12.9,72147
2012,20.8,72149
2012,23.3,72151
2012,20.7,72153
2019,3.669408940,0
2019,3,1000
2019,2.7,1001
2019,2.7,1003
2019,3.8,1005
2019,3.1,1007
2019,2.7,1009
2019,3.6,1011
2019,3.6,1013
2019,3.5,1015
2019,2.9,1017
2019,2.9,1019
2019,2.7,1021
2019,4.7,1023
2019,5.8,1025
2019,3,1027
2019,3.2,1029
2019,2.9,1031
2019,3.7,1033
2019,4,1035
2019,3,1037
2019,3.4,1039
2019,2.8,1041
2019,2.6,1043
2019,3.1,1045
2019,5.5,1047
2019,2.8,1049
2019,2.6,1051
2019,3.5,1053
2019,3.3,1055
2019,3.1,1057
2019,2.8,1059
2019,2.9,1061
2019,5.6,1063
2019,3.9,1065
2019,3.6,1067
2019,3,1069
2019,3.3,1071
2019,2.9,1073
2019,3.1,1075
2019,3.3,1077
2019,3.1,1079
2019,2.7,1081
2019,2.6,1083
2019,5.7,1085
2019,4.3,1087
2019,2.5,1089
2019,3.5,1091
2019,3.4,1093
2019,2.5,1095
2019,3.7,1097
2019,4.9,1099
2019,3.1,1101
2019,2.6,1103
2019,5.2,1105
2019,3.5,1107
2019,3.3,1109
2019,3,1111
2019,2.9,1113
2019,2.7,1115
2019,2.2,1117
2019,4.5,1119
2019,3.4,1121
2019,3,1123
2019,2.7,1125
2019,3.3,1127
2019,4.6,1129
2019,7.1,1131
2019,3.3,1133
2019,6.1,2000
2019,2.8,2013
2019,3.6,2016
2019,5.1,2020
2019,12.9,2050
2019,6.1,2060
2019,8.5,2068
2019,8.1,2070
2019,5.4,2090
2019,8.9,2100
2019,11.4,2105
2019,4.4,2110
2019,6.8,2122
2019,6.2,2130
2019,5.6,2150
2019,19.3,2158
2019,9.9,2164
2019,6.9,2170
2019,10.9,2180
2019,6.4,2185
2019,14,2188
2019,8.7,2195
2019,10.1,2198
2019,,2201
2019,4.2,2220
2019,9.2,2230
2019,,2232
2019,9,2240
2019,7.5,2261
2019,7.7,2275
2019,,2280
2019,7.7,2282
2019,14,2290
2019,4.7,4000
2019,9.9,4001
2019,5.7,4003
2019,5.5,4005
2019,5.5,4007
2019,4.8,4009
2019,3.9,4011
2019,5.8,4012
2019,4,4013
2019,5.7,4015
2019,7.3,4017
2019,4.4,4019
2019,4.9,4021
2019,8.5,4023
2019,4.4,4025
2019,16.4,4027
2019,3.5,5000
2019,3,5001
2019,5.4,5003
2019,4,5005
2019,2.6,5007
2019,3.2,5009
2019,4.1,5011
2019,4.4,5013
2019,3.1,5015
2019,6.9,5017
2019,3.8,5019
2019,4.9,5021
2019,4.5,5023
2019,3.9,5025
2019,4.5,5027
2019,4.3,5029
2019,2.8,5031
2019,3.3,5033
2019,4.2,5035
2019,4.2,5037
2019,4.7,5039
2019,4.5,5041
2019,5.2,5043
2019,3,5045
2019,3.4,5047
2019,4,5049
2019,3.7,5051
2019,3.2,5053
2019,3.5,5055
2019,3.8,5057
2019,3.6,5059
2019,3.3,5061
2019,4,5063
2019,5.5,5065
2019,6.5,5067
2019,5.5,5069
2019,4.6,5071
2019,4.7,5073
2019,4.2,5075
2019,4.5,5077
2019,4.4,5079
2019,4.3,5081
2019,4.3,5083
2019,3.2,5085
2019,2.5,5087
2019,4,5089
2019,4.1,5091
2019,5.1,5093
2019,4.3,5095
2019,4.6,5097
2019,4,5099
2019,3.5,5101
2019,5.2,5103
2019,4.1,5105
2019,6,5107
2019,3.9,5109
2019,3.4,5111
2019,4.2,5113
2019,4.3,5115
2019,4.4,5117
2019,3.4,5119
2019,3.9,5121
2019,5.2,5123
2019,2.8,5125
2019,3.4,5127
2019,4.6,5129
2019,3.3,5131
2019,4.8,5133
2019,5,5135
2019,4.7,5137
2019,5.2,5139
2019,5,5141
2019,2.4,5143
2019,4.5,5145
2019,5.3,5147
2019,4,5149
2019,4,6000
2019,2.9,6001
2019,5.1,6003
2019,3.8,6005
2019,5.1,6007
2019,3.8,6009
2019,12.8,6011
2019,3.1,6013
2019,5.7,6015
2019,3.5,6017
2019,7.2,6019
2019,6.1,6021
2019,3.6,6023
2019,18.3,6025
2019,3.5,6027
2019,7.7,6029
2019,7.9,6031
2019,5,6033
2019,4.6,6035
2019,4.4,6037
2019,6.9,6039
2019,2.3,6041
2019,4.6,6043
2019,4,6045
2019,8.1,6047
2019,7.1,6049
2019,3.7,6051
2019,6.2,6053
2019,2.8,6055
2019,3.3,6057
2019,2.8,6059
2019,3.1,6061
2019,7.7,6063
2019,4.2,6065
2019,3.7,6067
2019,5,6069
2019,3.8,6071
2019,3.2,6073
2019,2.2,6075
2019,5.9,6077
2019,2.9,6079
2019,2,6081
2019,3.7,6083
2019,2.5,6085
2019,4.7,6087
2019,4.7,6089
2019,5.4,6091
2019,6.5,6093
2019,3.7,6095
2019,2.7,6097
2019,6,6099
2019,7.3,6101
2019,5.5,6103
2019,5.5,6105
2019,9.6,6107
2019,4.5,6109
2019,3.6,6111
2019,4.1,6113
2019,6.1,6115
2019,2.8,8000
2019,2.9,8001
2019,3.6,8003
2019,2.7,8005
2019,3.2,8007
2019,1.7,8009
2019,2.9,8011
2019,2.4,8013
2019,2.4,8014
2019,2.4,8015
2019,1.6,8017
2019,2.5,8019
2019,3.6,8021
2019,3.9,8023
2019,4.3,8025
2019,3,8027
2019,3.3,8029
2019,2.7,8031
2019,3,8033
2019,2.4,8035
2019,2.2,8037
2019,2.2,8039
2019,3.3,8041
2019,4.6,8043
2019,2.7,8045
2019,2.3,8047
2019,2.1,8049
2019,2.1,8051
2019,3.7,8053
2019,5.7,8055
2019,2.3,8057
2019,2.5,8059
2019,1.6,8061
2019,1.7,8063
2019,2.3,8065
2019,2.5,8067
2019,2.4,8069
2019,3.9,8071
2019,2.3,8073
2019,2.4,8075
2019,3.4,8077
2019,2.3,8079
2019,3.4,8081
2019,4.2,8083
2019,3.1,8085
2019,2.6,8087
2019,4.1,8089
2019,2.9,8091
2019,2.5,8093
2019,1.6,8095
2019,3.1,8097
2019,2.6,8099
2019,4.1,8101
2019,3.7,8103
2019,4.1,8105
2019,2.2,8107
2019,4,8109
2019,3,8111
2019,2.8,8113
2019,2,8115
2019,1.8,8117
2019,3.1,8119
2019,2,8121
2019,2.5,8123
2019,1.6,8125
2019,3.7,9000
2019,3.6,9001
2019,3.9,9003
2019,3.5,9005
2019,3.2,9007
2019,3.9,9009
2019,3.6,9011
2019,3.3,9013
2019,4,9015
2019,3.8,10000
2019,4.2,10001
2019,3.7,10003
2019,3.8,10005
2019,5.5,11000
2019,5.5,11001
2019,3.1,12000
2019,2.9,12001
2019,3.1,12003
2019,3.9,12005
2019,3.1,12007
2019,3.2,12009
2019,3,12011
2019,4.1,12013
2019,3.7,12015
2019,4.8,12017
2019,3,12019
2019,3.1,12021
2019,3.2,12023
2019,3.5,12027
2019,3.8,12029
2019,3.3,12031
2019,3.2,12033
2019,3.8,12035
2019,3.5,12037
2019,4.1,12039
2019,3.4,12041
2019,3.9,12043
2019,4.8,12045
2019,4.1,12047
2019,5,12049
2019,5.8,12051
2019,4.2,12053
2019,4.5,12055
2019,3.1,12057
2019,3.5,12059
2019,3.8,12061
2019,3.6,12063
2019,3.3,12065
2019,3,12067
2019,3.2,12069
2019,3.1,12071
2019,3.1,12073
2019,3.7,12075
2019,3.6,12077
2019,3.8,12079
2019,3.1,12081
2019,3.8,12083
2019,3.1,12085
2019,2.4,12086
2019,2.1,12087
2019,2.9,12089
2019,2.7,12091
2019,3.5,12093
2019,2.9,12095
2019,3.3,12097
2019,3.3,12099
2019,3.5,12101
2019,3,12103
2019,3.7,12105
2019,4.3,12107
2019,2.6,12109
2019,3.9,12111
2019,3,12113
2019,3.1,12115
2019,2.9,12117
2019,4.6,12119
2019,3.4,12121
2019,3.6,12123
2019,3,12125
2019,3.4,12127
2019,2.9,12129
2019,2.8,12131
2019,3.4,12133
2019,3.4,13000
2019,3.9,13001
2019,3,13003
2019,3.5,13005
2019,4.7,13007
2019,4.2,13009
2019,2.7,13011
2019,2.8,13013
2019,3.3,13015
2019,5.5,13017
2019,4,13019
2019,3.9,13021
2019,5,13023
2019,4.1,13025
2019,3.4,13027
2019,3,13029
2019,3.7,13031
2019,5.1,13033
2019,3.4,13035
2019,3.6,13037
2019,3.6,13039
2019,3,13043
2019,3.4,13045
2019,3,13047
2019,3.8,13049
2019,3.3,13051
2019,4.6,13053
2019,5,13055
2019,2.7,13057
2019,3.6,13059
2019,6.9,13061
2019,4.2,13063
2019,3.9,13065
2019,3,13067
2019,3.9,13069
2019,3.2,13071
2019,3,13073
2019,3.4,13075
2019,2.9,13077
2019,3.6,13079
2019,3.9,13081
2019,3.3,13083
2019,2.8,13085
2019,3.8,13087
2019,3.4,13089
2019,5.4,13091
2019,3.8,13093
2019,4.7,13095
2019,3.5,13097
2019,3.9,13099
2019,2.8,13101
2019,2.9,13103
2019,4,13105
2019,5.3,13107
2019,3.4,13109
2019,3.3,13111
2019,3,13113
2019,3.8,13115
2019,2.7,13117
2019,3.5,13119
2019,3.5,13121
2019,3.5,13123
2019,3.7,13125
2019,3.3,13127
2019,3.4,13129
2019,3.4,13131
2019,3.9,13133
2019,3,13135
2019,3.5,13137
2019,2.8,13139
2019,5.5,13141
2019,3.3,13143
2019,3.1,13145
2019,3.5,13147
2019,3.3,13149
2019,3.5,13151
2019,3.3,13153
2019,4.7,13155
2019,2.7,13157
2019,3.1,13159
2019,4.6,13161
2019,4.7,13163
2019,5.1,13165
2019,3.6,13167
2019,3.2,13169
2019,3.9,13171
2019,3.9,13173
2019,4.6,13175
2019,3.1,13177
2019,3.7,13179
2019,3.9,13181
2019,3.6,13183
2019,3.5,13185
2019,3.1,13187
2019,5.1,13189
2019,3.6,13191
2019,4.6,13193
2019,3,13195
2019,4.2,13197
2019,4.5,13199
2019,3.3,13201
2019,4.6,13205
2019,3.2,13207
2019,5.3,13209
2019,3.1,13211
2019,5,13213
2019,4.5,13215
2019,3.9,13217
2019,2.5,13219
2019,3.2,13221
2019,2.9,13223
2019,4.1,13225
2019,3,13227
2019,3.4,13229
2019,3,13231
2019,3.6,13233
2019,3.8,13235
2019,4.3,13237
2019,5,13239
2019,3.5,13241
2019,4.8,13243
2019,4.5,13245
2019,3.8,13247
2019,3.9,13249
2019,5.4,13251
2019,4.4,13253
2019,4,13255
2019,3.9,13257
2019,4.2,13259
2019,4.8,13261
2019,4.5,13263
2019,4.9,13265
2019,3.8,13267
2019,4,13269
2019,9.5,13271
2019,5,13273
2019,4,13275
2019,3.4,13277
2019,4.9,13279
2019,4.8,13281
2019,5.3,13283
2019,3.2,13285
2019,3.8,13287
2019,5.4,13289
2019,3.1,13291
2019,3.6,13293
2019,3.6,13295
2019,3.1,13297
2019,3.7,13299
2019,4.5,13301
2019,4.1,13303
2019,4,13305
2019,5,13307
2019,7.5,13309
2019,2.6,13311
2019,4.4,13313
2019,4.5,13315
2019,4.5,13317
2019,3.8,13319
2019,3.9,13321
2019,2.7,15000
2019,3.4,15001
2019,2.6,15003
2019,2.7,15007
2019,2.6,15009
2019,2.9,16000
2019,2.5,16001
2019,6.8,16003
2019,2.8,16005
2019,2.9,16007
2019,5.2,16009
2019,2.7,16011
2019,2.6,16013
2019,4.3,16015
2019,4.2,16017
2019,2.4,16019
2019,4.4,16021
2019,2.6,16023
2019,2.7,16025
2019,3.2,16027
2019,2.7,16029
2019,2.4,16031
2019,3.7,16033
2019,6.8,16035
2019,4.2,16037
2019,3.3,16039
2019,2.3,16041
2019,2.3,16043
2019,3.3,16045
2019,2.6,16047
2019,4.5,16049
2019,2.3,16051
2019,2.6,16053
2019,3.6,16055
2019,2.7,16057
2019,4.8,16059
2019,5.5,16061
2019,3.6,16063
2019,1.8,16065
2019,2.5,16067
2019,2.8,16069
2019,2.3,16071
2019,3.4,16073
2019,3.6,16075
2019,3.1,16077
2019,5.9,16079
2019,2.2,16081
2019,2.8,16083
2019,3.9,16085
2019,4.2,16087
2019,4,17000
2019,3.4,17001
2019,6.2,17003
2019,3.8,17005
2019,5.6,17007
2019,2.4,17009
2019,4.6,17011
2019,4.8,17013
2019,4.1,17015
2019,4.1,17017
2019,3.8,17019
2019,4.8,17021
2019,4.5,17023
2019,4.5,17025
2019,3.1,17027
2019,4,17029
2019,3.8,17031
2019,4.3,17033
2019,3.4,17035
2019,4.1,17037
2019,4.3,17039
2019,3.6,17041
2019,2.9,17043
2019,4.2,17045
2019,4.1,17047
2019,3.3,17049
2019,4.4,17051
2019,4.3,17053
2019,5.4,17055
2019,5.6,17057
2019,4.9,17059
2019,4.3,17061
2019,4.5,17063
2019,3.9,17065
2019,4.7,17067
2019,6.6,17069
2019,4.8,17071
2019,4.8,17073
2019,4.2,17075
2019,3.8,17077
2019,4.2,17079
2019,4.6,17081
2019,4.4,17083
2019,4.1,17085
2019,6,17087
2019,4.4,17089
2019,5,17091
2019,3.3,17093
2019,5,17095
2019,4.1,17097
2019,5.3,17099
2019,5.2,17101
2019,4,17103
2019,4.1,17105
2019,4.3,17107
2019,4.7,17109
2019,3.3,17111
2019,3.8,17113
2019,5.3,17115
2019,4.3,17117
2019,3.9,17119
2019,4.5,17121
2019,4.8,17123
2019,5.3,17125
2019,5.6,17127
2019,3.8,17129
2019,5,17131
2019,3.1,17133
2019,5.2,17135
2019,4,17137
2019,3.3,17139
2019,4.8,17141
2019,5.1,17143
2019,5.1,17145
2019,3.6,17147
2019,4.3,17149
2019,5.6,17151
2019,6.6,17153
2019,5,17155
2019,3.7,17157
2019,4.1,17159
2019,4.9,17161
2019,4.5,17163
2019,5.3,17165
2019,4,17167
2019,4.2,17169
2019,4.7,17171
2019,3.9,17173
2019,5.7,17175
2019,4.4,17177
2019,4.4,17179
2019,5.7,17181
2019,5.1,17183
2019,3.8,17185
2019,4.1,17187
2019,2.5,17189
2019,4.8,17191
2019,3.8,17193
2019,4.3,17195
2019,3.8,17197
2019,4.3,17199
2019,5.7,17201
2019,3.7,17203
2019,3.3,18000
2019,2.7,18001
2019,3.1,18003
2019,2.5,18005
2019,3.2,18007
2019,4,18009
2019,2.5,18011
2019,3,18013
2019,3,18015
2019,3.5,18017
2019,3.3,18019
2019,3.5,18021
2019,2.7,18023
2019,4.1,18025
2019,2.6,18027
2019,3.6,18029
2019,2.9,18031
2019,2.8,18033
2019,3.9,18035
2019,2.4,18037
2019,3.1,18039
2019,4.7,18041
2019,3.2,18043
2019,3.5,18045
2019,3.4,18047
2019,3.2,18049
2019,2.5,18051
2019,3.7,18053
2019,4.1,18055
2019,2.5,18057
2019,2.8,18059
2019,3.2,18061
2019,2.7,18063
2019,3.3,18065
2019,4,18067
2019,3.3,18069
2019,2.6,18071
2019,3.7,18073
2019,3,18075
2019,3.4,18077
2019,3.3,18079
2019,2.7,18081
2019,3.1,18083
2019,2.8,18085
2019,2.8,18087
2019,4.9,18089
2019,4.3,18091
2019,3.6,18093
2019,3.7,18095
2019,3.3,18097
2019,3.1,18099
2019,2.6,18101
2019,3.9,18103
2019,3.3,18105
2019,3.1,18107
2019,3.1,18109
2019,4.1,18111
2019,3.1,18113
2019,3.5,18115
2019,3.5,18117
2019,4,18119
2019,3.8,18121
2019,3.3,18123
2019,3.3,18125
2019,3.7,18127
2019,2.7,18129
2019,3.1,18131
2019,3.5,18133
2019,3.7,18135
2019,3.3,18137
2019,2.7,18139
2019,3.6,18141
2019,3.6,18143
2019,2.9,18145
2019,3.1,18147
2019,4.3,18149
2019,2.7,18151
2019,4.3,18153
2019,3.3,18155
2019,2.9,18157
2019,2.7,18159
2019,3.3,18161
2019,3.1,18163
2019,5.2,18165
2019,4.3,18167
2019,3.1,18169
2019,3,18171
2019,2.9,18173
2019,3.3,18175
2019,3.6,18177
2019,2.7,18179
2019,2.7,18181
2019,2.9,18183
2019,2.7,19000
2019,2.4,19001
2019,1.7,19003
2019,3.5,19005
2019,3.6,19007
2019,2.5,19009
2019,3,19011
2019,3.2,19013
2019,2.4,19015
2019,2.3,19017
2019,2.8,19019
2019,2.1,19021
2019,3.2,19023
2019,2.6,19025
2019,1.9,19027
2019,2.8,19029
2019,2.5,19031
2019,2.7,19033
2019,2.5,19035
2019,2.9,19037
2019,2.9,19039
2019,2.8,19041
2019,3.7,19043
2019,3.7,19045
2019,3.6,19047
2019,2,19049
2019,2.9,19051
2019,2.2,19053
2019,2.4,19055
2019,4,19057
2019,2.9,19059
2019,2.6,19061
2019,2.6,19063
2019,3.6,19065
2019,3.6,19067
2019,2.3,19069
2019,2.8,19071
2019,2.4,19073
2019,2.8,19075
2019,3,19077
2019,2.9,19079
2019,2.4,19081
2019,3.2,19083
2019,2.4,19085
2019,2.7,19087
2019,2.8,19089
2019,2.7,19091
2019,2,19093
2019,2.2,19095
2019,3.2,19097
2019,2.9,19099
2019,2.4,19101
2019,2,19103
2019,3.2,19105
2019,3.3,19107
2019,2.2,19109
2019,3.9,19111
2019,2.9,19113
2019,3.1,19115
2019,2.1,19117
2019,1.6,19119
2019,3.6,19121
2019,2.5,19123
2019,2.1,19125
2019,4.5,19127
2019,2.3,19129
2019,1.7,19131
2019,3,19133
2019,3.1,19135
2019,2.7,19137
2019,2.9,19139
2019,2.2,19141
2019,1.9,19143
2019,2.6,19145
2019,2.2,19147
2019,2.2,19149
2019,1.9,19151
2019,2.8,19153
2019,2.4,19155
2019,2.7,19157
2019,2.9,19159
2019,2.4,19161
2019,3.3,19163
2019,2.1,19165
2019,1.9,19167
2019,1.9,19169
2019,3.1,19171
2019,1.9,19173
2019,3.2,19175
2019,2.7,19177
2019,3.7,19179
2019,2.5,19181
2019,2.5,19183
2019,2.6,19185
2019,3.1,19187
2019,2.8,19189
2019,2.9,19191
2019,2.7,19193
2019,2.8,19195
2019,2.6,19197
2019,3.2,20000
2019,3.5,20001
2019,3.3,20003
2019,5.2,20005
2019,2.5,20007
2019,3.1,20009
2019,4.2,20011
2019,3.2,20013
2019,3.2,20015
2019,2.8,20017
2019,3.9,20019
2019,3.4,20021
2019,2.4,20023
2019,2.3,20025
2019,3.2,20027
2019,3.2,20029
2019,4.5,20031
2019,2.6,20033
2019,3.4,20035
2019,3.9,20037
2019,3,20039
2019,3.6,20041
2019,3.4,20043
2019,2.9,20045
2019,2.6,20047
2019,3.7,20049
2019,2.3,20051
2019,2.8,20053
2019,2.3,20055
2019,2.5,20057
2019,3.3,20059
2019,4.4,20061
2019,2.1,20063
2019,3.1,20065
2019,2.9,20067
2019,2,20069
2019,2.3,20071
2019,3.2,20073
2019,1.9,20075
2019,2.5,20077
2019,2.9,20079
2019,2.3,20081
2019,2.4,20083
2019,2.9,20085
2019,3.1,20087
2019,2.8,20089
2019,2.8,20091
2019,2.3,20093
2019,3.2,20095
2019,2.3,20097
2019,4,20099
2019,2.6,20101
2019,3.4,20103
2019,2.3,20105
2019,5.9,20107
2019,2,20109
2019,3.4,20111
2019,2.2,20113
2019,3,20115
2019,2.9,20117
2019,2.3,20119
2019,3.3,20121
2019,2.4,20123
2019,4.1,20125
2019,2.7,20127
2019,2.9,20129
2019,2.8,20131
2019,4.6,20133
2019,2.5,20135
2019,2.2,20137
2019,3.6,20139
2019,2,20141
2019,2.7,20143
2019,2.9,20145
2019,2.6,20147
2019,2.8,20149
2019,2.5,20151
2019,2.2,20153
2019,3.2,20155
2019,2.6,20157
2019,2.8,20159
2019,2.8,20161
2019,3.5,20163
2019,2.8,20165
2019,2.9,20167
2019,3,20169
2019,1.9,20171
2019,3.5,20173
2019,3.1,20175
2019,3.3,20177
2019,2.2,20179
2019,2.7,20181
2019,2.5,20183
2019,2.7,20185
2019,2.5,20187
2019,2.6,20189
2019,3.4,20191
2019,2.3,20193
2019,2.8,20195
2019,3.2,20197
2019,2.6,20199
2019,2.6,20201
2019,2,20203
2019,4,20205
2019,4.2,20207
2019,4.3,20209
2019,4.3,21000
2019,5.3,21001
2019,4.2,21003
2019,3.7,21005
2019,5.7,21007
2019,4.5,21009
2019,6.2,21011
2019,6.4,21013
2019,3.4,21015
2019,3.8,21017
2019,5.7,21019
2019,4.7,21021
2019,4.9,21023
2019,7.5,21025
2019,5.3,21027
2019,4.1,21029
2019,4.8,21031
2019,5,21033
2019,4.1,21035
2019,3.5,21037
2019,4.2,21039
2019,4,21041
2019,8.3,21043
2019,4.2,21045
2019,5.6,21047
2019,3.9,21049
2019,7,21051
2019,5.5,21053
2019,4.9,21055
2019,4.2,21057
2019,3.9,21059
2019,4.9,21061
2019,8.2,21063
2019,5,21065
2019,3.3,21067
2019,5.4,21069
2019,6.4,21071
2019,3.7,21073
2019,5.7,21075
2019,4,21077
2019,4.6,21079
2019,4.1,21081
2019,4.6,21083
2019,5,21085
2019,4.4,21087
2019,6.6,21089
2019,3.8,21091
2019,4.1,21093
2019,9.6,21095
2019,4.3,21097
2019,4.7,21099
2019,3.8,21101
2019,3.7,21103
2019,4.8,21105
2019,4.6,21107
2019,6.5,21109
2019,4,21111
2019,3.6,21113
2019,6.6,21115
2019,3.6,21117
2019,6.9,21119
2019,6,21121
2019,4.5,21123
2019,4.9,21125
2019,7.1,21127
2019,5.7,21129
2019,8.2,21131
2019,7.4,21133
2019,8.9,21135
2019,5,21137
2019,5.7,21139
2019,4,21141
2019,4.7,21143
2019,4.9,21145
2019,6,21147
2019,4.4,21149
2019,3.9,21151
2019,11,21153
2019,3.9,21155
2019,4.7,21157
2019,6.9,21159
2019,5.8,21161
2019,4.6,21163
2019,6.9,21165
2019,4.6,21167
2019,4.8,21169
2019,3.9,21171
2019,5.3,21173
2019,5.4,21175
2019,6.2,21177
2019,4.5,21179
2019,4.4,21181
2019,5.1,21183
2019,3.3,21185
2019,4.6,21187
2019,7,21189
2019,3.8,21191
2019,6.1,21193
2019,5.8,21195
2019,5.4,21197
2019,4.7,21199
2019,5.4,21201
2019,4.8,21203
2019,5.3,21205
2019,5.7,21207
2019,3.5,21209
2019,3.4,21211
2019,4.5,21213
2019,3.6,21215
2019,4.3,21217
2019,3.9,21219
2019,4.7,21221
2019,4.4,21223
2019,4.5,21225
2019,3.9,21227
2019,3.9,21229
2019,5.8,21231
2019,4,21233
2019,5.2,21235
2019,7.1,21237
2019,3.1,21239
2019,4.8,22000
2019,5.3,22001
2019,5.7,22003
2019,4.1,22005
2019,6.1,22007
2019,5.8,22009
2019,5.2,22011
2019,5.9,22013
2019,4.3,22015
2019,5.4,22017
2019,4.1,22019
2019,6.1,22021
2019,3.8,22023
2019,6.4,22025
2019,5.7,22027
2019,6.5,22029
2019,6,22031
2019,4.4,22033
2019,10.6,22035
2019,4.6,22037
2019,5.9,22039
2019,7.2,22041
2019,5.8,22043
2019,5.4,22045
2019,5.9,22047
2019,4.7,22049
2019,4.2,22051
2019,4.7,22053
2019,4.3,22055
2019,4.5,22057
2019,4.3,22059
2019,5.4,22061
2019,4.1,22063
2019,8.1,22065
2019,8.3,22067
2019,6,22069
2019,4.9,22071
2019,5.3,22073
2019,4.3,22075
2019,5.4,22077
2019,5.1,22079
2019,5.1,22081
2019,6.3,22083
2019,5.1,22085
2019,4.9,22087
2019,4.3,22089
2019,6.1,22091
2019,6,22093
2019,5.6,22095
2019,6.3,22097
2019,5.1,22099
2019,5.9,22101
2019,4.2,22103
2019,5.5,22105
2019,8.3,22107
2019,4.6,22109
2019,5.8,22111
2019,5.1,22113
2019,6.2,22115
2019,5.9,22117
2019,6.1,22119
2019,4.5,22121
2019,10.7,22123
2019,4.1,22125
2019,6.3,22127
2019,3,23000
2019,3,23001
2019,4.6,23003
2019,2.4,23005
2019,3.8,23007
2019,3.5,23009
2019,2.9,23011
2019,2.9,23013
2019,3,23015
2019,3.6,23017
2019,3.2,23019
2019,3.7,23021
2019,2.3,23023
2019,4.5,23025
2019,3.2,23027
2019,4.6,23029
2019,2.7,23031
2019,3.6,24000
2019,5.2,24001
2019,3.1,24003
2019,3.7,24005
2019,3.2,24009
2019,3.6,24011
2019,2.9,24013
2019,4,24015
2019,3.6,24017
2019,4.8,24019
2019,3.2,24021
2019,4.4,24023
2019,3.3,24025
2019,2.7,24027
2019,4,24029
2019,2.9,24031
2019,3.8,24033
2019,3.1,24035
2019,3.3,24037
2019,6.1,24039
2019,3.4,24041
2019,3.9,24043
2019,4.6,24045
2019,7.4,24047
2019,5.1,24510
2019,2.9,25000
2019,3.9,25001
2019,3.5,25003
2019,3.7,25005
2019,4.1,25007
2019,3,25009
2019,2.7,25011
2019,4.1,25013
2019,2.7,25015
2019,2.3,25017
2019,4.2,25019
2019,2.5,25021
2019,3,25023
2019,2.6,25025
2019,3.1,25027
2019,4.1,26000
2019,6.3,26001
2019,7.8,26003
2019,3.1,26005
2019,4.7,26007
2019,5.1,26009
2019,6.6,26011
2019,6.3,26013
2019,3.2,26015
2019,4.7,26017
2019,5.1,26019
2019,4,26021
2019,3.9,26023
2019,4.1,26025
2019,4.3,26027
2019,4.6,26029
2019,8.7,26031
2019,6.3,26033
2019,6.1,26035
2019,3,26037
2019,5.6,26039
2019,5.2,26041
2019,4.2,26043
2019,3.4,26045
2019,5.4,26047
2019,4.9,26049
2019,5.7,26051
2019,5.2,26053
2019,3.4,26055
2019,4.4,26057
2019,4.2,26059
2019,4.9,26061
2019,4.4,26063
2019,3.5,26065
2019,3.4,26067
2019,6,26069
2019,5.5,26071
2019,3.8,26073
2019,3.8,26075
2019,3.3,26077
2019,5.6,26079
2019,2.9,26081
2019,6.9,26083
2019,6.4,26085
2019,5.4,26087
2019,3.7,26089
2019,3.9,26091
2019,3.3,26093
2019,6.2,26095
2019,9.3,26097
2019,4.2,26099
2019,5.5,26101
2019,4.8,26103
2019,4.9,26105
2019,4.7,26107
2019,4,26109
2019,3.7,26111
2019,4.8,26113
2019,3.9,26115
2019,4.1,26117
2019,8.3,26119
2019,4.3,26121
2019,4.2,26123
2019,3.4,26125
2019,5.9,26127
2019,6.7,26129
2019,6.8,26131
2019,4,26133
2019,6.9,26135
2019,4.9,26137
2019,2.8,26139
2019,7.6,26141
2019,7.5,26143
2019,4.8,26145
2019,4.9,26147
2019,4.3,26149
2019,4.7,26151
2019,7,26153
2019,4.3,26155
2019,5.1,26157
2019,4.6,26159
2019,2.9,26161
2019,5.1,26163
2019,4.5,26165
2019,3.2,27000
2019,6.2,27001
2019,3.1,27003
2019,4,27005
2019,4.3,27007
2019,3.9,27009
2019,4.2,27011
2019,2.8,27013
2019,3.6,27015
2019,4.5,27017
2019,2.8,27019
2019,5.5,27021
2019,3.9,27023
2019,3.8,27025
2019,3,27027
2019,8.2,27029
2019,4.3,27031
2019,3.7,27033
2019,4.3,27035
2019,2.9,27037
2019,3.4,27039
2019,3.2,27041
2019,4.2,27043
2019,3.3,27045
2019,3.4,27047
2019,3,27049
2019,4.5,27051
2019,2.8,27053
2019,3.2,27055
2019,5.4,27057
2019,4.1,27059
2019,6,27061
2019,3.4,27063
2019,5.9,27065
2019,3.5,27067
2019,3.6,27069
2019,6.4,27071
2019,3.7,27073
2019,3.6,27075
2019,4.1,27077
2019,4.5,27079
2019,3.8,27081
2019,3.2,27083
2019,3.7,27085
2019,4.7,27087
2019,5.9,27089
2019,3.8,27091
2019,3.9,27093
2019,5.4,27095
2019,5.2,27097
2019,3,27099
2019,4.3,27101
2019,2.5,27103
2019,3,27105
2019,4.8,27107
2019,2.6,27109
2019,4.2,27111
2019,4.6,27113
2019,5.5,27115
2019,3.5,27117
2019,4,27119
2019,3.1,27121
2019,3,27123
2019,5.3,27125
2019,3.7,27127
2019,4.5,27129
2019,3.1,27131
2019,2.3,27133
2019,3.9,27135
2019,4,27137
2019,2.7,27139
2019,3.5,27141
2019,3.8,27143
2019,3.2,27145
2019,3.2,27147
2019,2.7,27149
2019,4.4,27151
2019,4.4,27153
2019,3.7,27155
2019,3.3,27157
2019,6.2,27159
2019,3.9,27161
2019,2.8,27163
2019,4,27165
2019,3.4,27167
2019,2.9,27169
2019,3.3,27171
2019,3.8,27173
2019,5.4,28000
2019,7.1,28001
2019,4.7,28003
2019,7,28005
2019,6.2,28007
2019,6.1,28009
2019,7,28011
2019,5.5,28013
2019,6.3,28015
2019,5.6,28017
2019,5.5,28019
2019,10.7,28021
2019,6.2,28023
2019,7.5,28025
2019,7.7,28027
2019,6.6,28029
2019,4.9,28031
2019,4.4,28033
2019,5.1,28035
2019,6.8,28037
2019,7.4,28039
2019,7.8,28041
2019,5.1,28043
2019,5.6,28045
2019,5.2,28047
2019,5.2,28049
2019,10.3,28051
2019,10.1,28053
2019,11.3,28055
2019,4.7,28057
2019,6,28059
2019,6.8,28061
2019,15.5,28063
2019,6.9,28065
2019,5.4,28067
2019,8,28069
2019,4.5,28071
2019,4.2,28073
2019,5.5,28075
2019,6.8,28077
2019,5.5,28079
2019,4.4,28081
2019,7.5,28083
2019,5.6,28085
2019,5.3,28087
2019,4.4,28089
2019,5.5,28091
2019,5.7,28093
2019,5.5,28095
2019,6,28097
2019,5.9,28099
2019,5.5,28101
2019,7.3,28103
2019,5.6,28105
2019,6.6,28107
2019,5.2,28109
2019,6.7,28111
2019,6.5,28113
2019,4.3,28115
2019,4.9,28117
2019,8.2,28119
2019,3.9,28121
2019,4.5,28123
2019,8.4,28125
2019,5.2,28127
2019,5.2,28129
2019,6.6,28131
2019,8.9,28133
2019,5.8,28135
2019,5.6,28137
2019,5.1,28139
2019,5.1,28141
2019,6.2,28143
2019,4.2,28145
2019,7.3,28147
2019,6,28149
2019,7.6,28151
2019,6.1,28153
2019,5.6,28155
2019,10.1,28157
2019,6.1,28159
2019,5.7,28161
2019,6.4,28163
2019,3.3,29000
2019,3.9,29001
2019,2.8,29003
2019,3.7,29005
2019,3.4,29007
2019,3.5,29009
2019,3.4,29011
2019,4,29013
2019,4.8,29015
2019,3.9,29017
2019,2.4,29019
2019,3.1,29021
2019,4.7,29023
2019,3.2,29025
2019,2.9,29027
2019,4.5,29029
2019,2.9,29031
2019,3.2,29033
2019,4.9,29035
2019,3,29037
2019,3.7,29039
2019,3,29041
2019,2.7,29043
2019,3.6,29045
2019,2.9,29047
2019,3,29049
2019,2.6,29051
2019,3.7,29053
2019,3.8,29055
2019,3.1,29057
2019,4.5,29059
2019,3.3,29061
2019,3.1,29063
2019,3.6,29065
2019,5.1,29067
2019,5.5,29069
2019,3.2,29071
2019,3.4,29073
2019,2.7,29075
2019,2.7,29077
2019,3.5,29079
2019,3.3,29081
2019,3.7,29083
2019,4.2,29085
2019,2.8,29087
2019,3.1,29089
2019,4.1,29091
2019,4.8,29093
2019,3.7,29095
2019,3,29097
2019,3.1,29099
2019,3.7,29101
2019,2.9,29103
2019,6.9,29105
2019,3.1,29107
2019,3.5,29109
2019,3.2,29111
2019,3.3,29113
2019,4.9,29115
2019,2.5,29117
2019,3.3,29119
2019,3.4,29121
2019,3.4,29123
2019,3.5,29125
2019,3.2,29127
2019,3.2,29129
2019,3.8,29131
2019,4.1,29133
2019,3,29135
2019,4.2,29137
2019,3.1,29139
2019,4.3,29141
2019,4.3,29143
2019,3.3,29145
2019,3,29147
2019,3.9,29149
2019,2.4,29151
2019,5.8,29153
2019,5,29155
2019,2.6,29157
2019,3.5,29159
2019,3.3,29161
2019,3.6,29163
2019,2.7,29165
2019,3.4,29167
2019,4.1,29169
2019,3.7,29171
2019,3.1,29173
2019,3.9,29175
2019,3.6,29177
2019,3.7,29179
2019,5.5,29181
2019,2.5,29183
2019,4.6,29185
2019,2.7,29186
2019,3.7,29187
2019,3.1,29189
2019,3.2,29195
2019,4.4,29197
2019,3.1,29199
2019,3.5,29201
2019,5.6,29203
2019,3,29205
2019,4.7,29207
2019,5,29209
2019,3.5,29211
2019,5.1,29213
2019,4.5,29215
2019,3.5,29217
2019,2.9,29219
2019,4.5,29221
2019,4.8,29223
2019,3.6,29225
2019,2.7,29227
2019,5.3,29229
2019,3.9,29510
2019,3.5,30000
2019,2.9,30001
2019,7.4,30003
2019,3.5,30005
2019,4,30007
2019,3.4,30009
2019,2.8,30011
2019,3.4,30013
2019,2.7,30015
2019,2.9,30017
2019,2,30019
2019,2.4,30021
2019,3.2,30023
2019,1.8,30025
2019,3.1,30027
2019,4.7,30029
2019,2.3,30031
2019,2.4,30033
2019,7.5,30035
2019,4.1,30037
2019,5.7,30039
2019,3.7,30041
2019,3.3,30043
2019,3.1,30045
2019,4.2,30047
2019,3,30049
2019,2.5,30051
2019,7.2,30053
2019,2,30055
2019,3.2,30057
2019,3.5,30059
2019,5.7,30061
2019,3.2,30063
2019,3.9,30065
2019,3.4,30067
2019,3.6,30069
2019,3.7,30071
2019,3.8,30073
2019,2.4,30075
2019,3.6,30077
2019,3.8,30079
2019,4,30081
2019,2.7,30083
2019,4.3,30085
2019,5,30087
2019,5.9,30089
2019,2.2,30091
2019,3.8,30093
2019,3.1,30095
2019,2.8,30097
2019,3.3,30099
2019,2.4,30101
2019,2.7,30103
2019,3.2,30105
2019,3.8,30107
2019,3,30109
2019,3.2,30111
2019,3,31000
2019,3.2,31001
2019,2.6,31003
2019,5.4,31005
2019,3.7,31007
2019,5,31009
2019,2.7,31011
2019,3.2,31013
2019,3.3,31015
2019,3.5,31017
2019,2.6,31019
2019,3.4,31021
2019,2.6,31023
2019,3.3,31025
2019,2.5,31027
2019,2.3,31029
2019,2.4,31031
2019,3.7,31033
2019,3.2,31035
2019,2.7,31037
2019,2.7,31039
2019,2.4,31041
2019,3.9,31043
2019,2.9,31045
2019,3,31047
2019,2.9,31049
2019,3.1,31051
2019,2.9,31053
2019,3.3,31055
2019,2.6,31057
2019,2.6,31059
2019,3.4,31061
2019,3.3,31063
2019,2.8,31065
2019,3.6,31067
2019,2.9,31069
2019,2.7,31071
2019,2.6,31073
2019,2.8,31075
2019,2.9,31077
2019,3.5,31079
2019,3,31081
2019,2.8,31083
2019,2.4,31085
2019,3.4,31087
2019,2.6,31089
2019,3.1,31091
2019,3.5,31093
2019,2.7,31095
2019,3.5,31097
2019,2.3,31099
2019,3.2,31101
2019,2.5,31103
2019,3,31105
2019,3,31107
2019,2.8,31109
2019,3.5,31111
2019,3,31113
2019,4,31115
2019,2.7,31117
2019,2.8,31119
2019,3.2,31121
2019,2.9,31123
2019,3,31125
2019,3.7,31127
2019,2.7,31129
2019,3.2,31131
2019,2.9,31133
2019,2.3,31135
2019,2.6,31137
2019,2.7,31139
2019,2.9,31141
2019,2.8,31143
2019,2.8,31145
2019,3.2,31147
2019,3.1,31149
2019,3.2,31151
2019,2.9,31153
2019,2.8,31155
2019,3.7,31157
2019,2.9,31159
2019,2.8,31161
2019,3.2,31163
2019,2.8,31165
2019,2.6,31167
2019,2.7,31169
2019,3.5,31171
2019,4.5,31173
2019,3.2,31175
2019,2.9,31177
2019,2.6,31179
2019,3.5,31181
2019,2.8,31183
2019,2.7,31185
2019,3.9,32000
2019,3.5,32001
2019,4,32003
2019,3.9,32005
2019,3,32007
2019,3.7,32009
2019,2.4,32011
2019,2.9,32013
2019,3.2,32015
2019,4,32017
2019,4.7,32019
2019,4,32021
2019,5.1,32023
2019,4,32027
2019,3.7,32029
2019,3.2,32031
2019,3,32033
2019,3.9,32510
2019,2.5,33000
2019,2.5,33001
2019,2.5,33003
2019,2.6,33005
2019,3.2,33007
2019,2.2,33009
2019,2.6,33011
2019,2.3,33013
2019,2.7,33015
2019,2.3,33017
2019,2.3,33019
2019,3.6,34000
2019,5.1,34001
2019,2.9,34003
2019,3.3,34005
2019,4,34007
2019,7.2,34009
2019,5.5,34011
2019,4.5,34013
2019,3.7,34015
2019,3.3,34017
2019,2.8,34019
2019,3.2,34021
2019,3.1,34023
2019,3.2,34025
2019,2.8,34027
2019,3.7,34029
2019,4.3,34031
2019,4.8,34033
2019,3,34035
2019,3.4,34037
2019,3.7,34039
2019,3.3,34041
2019,4.9,35000
2019,4.4,35001
2019,6.2,35003
2019,4.9,35005
2019,6.3,35006
2019,4.7,35007
2019,4.1,35009
2019,4.3,35011
2019,5.7,35013
2019,3.1,35015
2019,4.8,35017
2019,5.3,35019
2019,5.1,35021
2019,4.3,35023
2019,3.9,35025
2019,4.6,35027
2019,3.2,35028
2019,12.2,35029
2019,7,35031
2019,6,35033
2019,4.9,35035
2019,5.2,35037
2019,5.3,35039
2019,4.5,35041
2019,4.8,35043
2019,5.7,35045
2019,5.8,35047
2019,3.9,35049
2019,6.8,35051
2019,5.8,35053
2019,6,35055
2019,6.8,35057
2019,3.5,35059
2019,5.3,35061
2019,4,36000
2019,3.6,36001
2019,5.5,36003
2019,5.4,36005
2019,4.7,36007
2019,5.1,36009
2019,4.3,36011
2019,4.7,36013
2019,4.2,36015
2019,4.4,36017
2019,4.4,36019
2019,3.2,36021
2019,4.9,36023
2019,4.7,36025
2019,3.6,36027
2019,4.3,36029
2019,4.7,36031
2019,4.9,36033
2019,5,36035
2019,3.9,36037
2019,4.5,36039
2019,6,36041
2019,4.9,36043
2019,5.6,36045
2019,4.1,36047
2019,5.5,36049
2019,4.2,36051
2019,4.5,36053
2019,4.2,36055
2019,5.1,36057
2019,3.4,36059
2019,3.5,36061
2019,5,36063
2019,4.3,36065
2019,3.9,36067
2019,3.9,36069
2019,3.8,36071
2019,4.7,36073
2019,5.4,36075
2019,4.2,36077
2019,3.7,36079
2019,3.5,36081
2019,3.8,36083
2019,3.9,36085
2019,3.6,36087
2019,5.5,36089
2019,3.4,36091
2019,3.8,36093
2019,4.7,36095
2019,4.7,36097
2019,3.8,36099
2019,4.6,36101
2019,3.7,36103
2019,4,36105
2019,4.1,36107
2019,3.6,36109
2019,3.8,36111
2019,4.6,36113
2019,4.1,36115
2019,4,36117
2019,3.8,36119
2019,4.4,36121
2019,3.7,36123
2019,3.9,37000
2019,3.8,37001
2019,3.3,37003
2019,4.8,37005
2019,4.2,37007
2019,3.7,37009
2019,3.7,37011
2019,4.6,37013
2019,4.8,37015
2019,4.8,37017
2019,5.2,37019
2019,3,37021
2019,3.7,37023
2019,3.6,37025
2019,4.1,37027
2019,3.9,37029
2019,4.2,37031
2019,4.5,37033
2019,3.6,37035
2019,3.4,37037
2019,4.5,37039
2019,4.7,37041
2019,4.5,37043
2019,4,37045
2019,4.9,37047
2019,4.1,37049
2019,5.1,37051
2019,3.6,37053
2019,4.7,37055
2019,3.7,37057
2019,3.4,37059
2019,4.1,37061
2019,3.4,37063
2019,5.9,37065
2019,3.7,37067
2019,4,37069
2019,3.9,37071
2019,4.1,37073
2019,5.4,37075
2019,3.4,37077
2019,3.8,37079
2019,4.1,37081
2019,5.7,37083
2019,4.6,37085
2019,3.4,37087
2019,3.3,37089
2019,5.2,37091
2019,4.9,37093
2019,8.6,37095
2019,3.6,37097
2019,4.1,37099
2019,3.6,37101
2019,3.9,37103
2019,4.5,37105
2019,3.8,37107
2019,3.5,37109
2019,3.8,37111
2019,3.9,37113
2019,3.6,37115
2019,5.1,37117
2019,3.6,37119
2019,4.6,37121
2019,4,37123
2019,3.8,37125
2019,4.8,37127
2019,3.6,37129
2019,5.2,37131
2019,4.6,37133
2019,3.3,37135
2019,3.8,37137
2019,4.6,37139
2019,3.9,37141
2019,5,37143
2019,4.2,37145
2019,4.2,37147
2019,3.8,37149
2019,3.8,37151
2019,5.3,37153
2019,5.4,37155
2019,4.4,37157
2019,4,37159
2019,4.9,37161
2019,3.9,37163
2019,6.6,37165
2019,3.7,37167
2019,3.6,37169
2019,3.7,37171
2019,4,37173
2019,3.7,37175
2019,5.9,37177
2019,3.5,37179
2019,5.8,37181
2019,3.3,37183
2019,5.7,37185
2019,5.9,37187
2019,3.5,37189
2019,4.1,37191
2019,4.1,37193
2019,5.8,37195
2019,3.4,37197
2019,3.8,37199
2019,2.4,38000
2019,2.2,38001
2019,3,38003
2019,4.2,38005
2019,2.6,38007
2019,3.3,38009
2019,1.6,38011
2019,2.3,38013
2019,2.4,38015
2019,2,38017
2019,2.8,38019
2019,1.9,38021
2019,1.4,38023
2019,1.6,38025
2019,4.5,38027
2019,4.1,38029
2019,2.7,38031
2019,1.8,38033
2019,2.1,38035
2019,2.3,38037
2019,2.5,38039
2019,2,38041
2019,4,38043
2019,2.1,38045
2019,2.3,38047
2019,3.5,38049
2019,3,38051
2019,1.6,38053
2019,3.2,38055
2019,4.2,38057
2019,3,38059
2019,1.4,38061
2019,3.1,38063
2019,3.7,38065
2019,3.5,38067
2019,3.2,38069
2019,2.9,38071
2019,1.7,38073
2019,2.5,38075
2019,2.3,38077
2019,8.2,38079
2019,1.8,38081
2019,4.3,38083
2019,3.9,38085
2019,2.3,38087
2019,2,38089
2019,2.1,38091
2019,2.3,38093
2019,2.8,38095
2019,2.6,38097
2019,3.3,38099
2019,2.5,38101
2019,3.1,38103
2019,1.8,38105
2019,4.1,39000
2019,6.8,39001
2019,4,39003
2019,4.2,39005
2019,4.8,39007
2019,5.3,39009
2019,3,39011
2019,5.6,39013
2019,5,39015
2019,3.8,39017
2019,5,39019
2019,3.7,39021
2019,4.3,39023
2019,3.7,39025
2019,4.7,39027
2019,4.8,39029
2019,5.8,39031
2019,4.7,39033
2019,4.2,39035
2019,3.7,39037
2019,4.2,39039
2019,3.1,39041
2019,4.9,39043
2019,3.7,39045
2019,3.9,39047
2019,3.5,39049
2019,4.1,39051
2019,5.4,39053
2019,3.5,39055
2019,3.7,39057
2019,5.5,39059
2019,3.8,39061
2019,3.2,39063
2019,4.2,39065
2019,5.3,39067
2019,4.6,39069
2019,5.2,39071
2019,4.6,39073
2019,3,39075
2019,5.7,39077
2019,6.2,39079
2019,5.9,39081
2019,3.9,39083
2019,3.7,39085
2019,5.2,39087
2019,3.7,39089
2019,3.6,39091
2019,4.3,39093
2019,4.7,39095
2019,3.4,39097
2019,5.7,39099
2019,4.1,39101
2019,3.4,39103
2019,6.9,39105
2019,2.6,39107
2019,3.7,39109
2019,8.3,39111
2019,4.2,39113
2019,6.5,39115
2019,4.1,39117
2019,4.9,39119
2019,6.9,39121
2019,5.6,39123
2019,3.8,39125
2019,5.2,39127
2019,4,39129
2019,6.2,39131
2019,4.2,39133
2019,3.8,39135
2019,3.1,39137
2019,4.5,39139
2019,4.2,39141
2019,4.3,39143
2019,6.3,39145
2019,4.1,39147
2019,3.5,39149
2019,4.5,39151
2019,4.3,39153
2019,6.1,39155
2019,4.3,39157
2019,3.2,39159
2019,3.3,39161
2019,5.6,39163
2019,3.5,39165
2019,5.4,39167
2019,3.2,39169
2019,3.3,39171
2019,3.7,39173
2019,3.1,39175
2019,3.3,40000
2019,4.2,40001
2019,2.1,40003
2019,4.3,40005
2019,2,40007
2019,3.2,40009
2019,2,40011
2019,3,40013
2019,3.6,40015
2019,2.9,40017
2019,3.4,40019
2019,4,40021
2019,4.8,40023
2019,1.7,40025
2019,2.8,40027
2019,3.9,40029
2019,3.7,40031
2019,3.2,40033
2019,3.6,40035
2019,3.7,40037
2019,2.5,40039
2019,3.8,40041
2019,2.1,40043
2019,2.5,40045
2019,3,40047
2019,3.2,40049
2019,3.1,40051
2019,2.1,40053
2019,4.2,40055
2019,2.9,40057
2019,2.9,40059
2019,5.3,40061
2019,4.9,40063
2019,2.9,40065
2019,3.2,40067
2019,4.3,40069
2019,4.3,40071
2019,2,40073
2019,3.8,40075
2019,6.3,40077
2019,4.7,40079
2019,3.5,40081
2019,2.9,40083
2019,2.3,40085
2019,2.7,40087
2019,5.7,40089
2019,5.8,40091
2019,2.1,40093
2019,3.5,40095
2019,3.1,40097
2019,3,40099
2019,3.9,40101
2019,2.5,40103
2019,3.5,40105
2019,4.6,40107
2019,3.1,40109
2019,4.9,40111
2019,3.8,40113
2019,3.4,40115
2019,3.9,40117
2019,2.9,40119
2019,4.2,40121
2019,3.1,40123
2019,3.6,40125
2019,5,40127
2019,3,40129
2019,3.1,40131
2019,4.8,40133
2019,4.1,40135
2019,4.3,40137
2019,2,40139
2019,3.7,40141
2019,3.2,40143
2019,3.1,40145
2019,3.4,40147
2019,3.4,40149
2019,2.1,40151
2019,2.9,40153
2019,3.7,41000
2019,4.6,41001
2019,2.9,41003
2019,3.4,41005
2019,3.7,41007
2019,4.5,41009
2019,4.9,41011
2019,5.3,41013
2019,5.2,41015
2019,3.9,41017
2019,4.9,41019
2019,3.7,41021
2019,6.9,41023
2019,5.3,41025
2019,3.2,41027
2019,4.4,41029
2019,5.1,41031
2019,5,41033
2019,6.2,41035
2019,5.4,41037
2019,4.1,41039
2019,4.3,41041
2019,4.3,41043
2019,4.1,41045
2019,3.9,41047
2019,4.1,41049
2019,3.3,41051
2019,4.1,41053
2019,3.4,41055
2019,3.9,41057
2019,4.8,41059
2019,4.8,41061
2019,5.8,41063
2019,4.1,41065
2019,3.1,41067
2019,4.3,41069
2019,3.4,41071
2019,4.4,42000
2019,3.3,42001
2019,4.1,42003
2019,5.1,42005
2019,4.5,42007
2019,4.7,42009
2019,4.3,42011
2019,4.5,42013
2019,4.4,42015
2019,3.8,42017
2019,3.9,42019
2019,5.3,42021
2019,6,42023
2019,5.4,42025
2019,3.3,42027
2019,3.2,42029
2019,4.9,42031
2019,5.2,42033
2019,5.4,42035
2019,4.8,42037
2019,4.7,42039
2019,3.4,42041
2019,4,42043
2019,4,42045
2019,4.9,42047
2019,4.6,42049
2019,5.9,42051
2019,6.8,42053
2019,3.8,42055
2019,4.4,42057
2019,5.1,42059
2019,5.9,42061
2019,5,42063
2019,4.7,42065
2019,4.4,42067
2019,4.9,42069
2019,3.4,42071
2019,5.1,42073
2019,3.9,42075
2019,4.5,42077
2019,5.7,42079
2019,4.8,42081
2019,5.3,42083
2019,4.9,42085
2019,4.7,42087
2019,5.4,42089
2019,3.5,42091
2019,3.6,42093
2019,4.5,42095
2019,5.6,42097
2019,3.7,42099
2019,5.5,42101
2019,5.6,42103
2019,5.9,42105
2019,5.4,42107
2019,5.4,42109
2019,5.3,42111
2019,5.2,42113
2019,4.3,42115
2019,5.3,42117
2019,4,42119
2019,4.9,42121
2019,4.5,42123
2019,4.5,42125
2019,4.7,42127
2019,4.5,42129
2019,4.9,42131
2019,3.8,42133
2019,3.6,44000
2019,3,44001
2019,3.2,44003
2019,3.1,44005
2019,3.9,44007
2019,3.1,44009
2019,2.8,45000
2019,3.4,45001
2019,2.9,45003
2019,5.3,45005
2019,2.7,45007
2019,5.6,45009
2019,4.3,45011
2019,2.6,45013
2019,2.5,45015
2019,3.6,45017
2019,2.3,45019
2019,3.1,45021
2019,4.1,45023
2019,2.9,45025
2019,3.9,45027
2019,3.2,45029
2019,3.4,45031
2019,4.1,45033
2019,2.5,45035
2019,2.8,45037
2019,4.4,45039
2019,2.9,45041
2019,3.8,45043
2019,2.4,45045
2019,3.1,45047
2019,2.7,45049
2019,3.6,45051
2019,2.5,45053
2019,3,45055
2019,3.3,45057
2019,3,45059
2019,4,45061
2019,2.3,45063
2019,3.1,45065
2019,4.3,45067
2019,4.8,45069
2019,2.7,45071
2019,2.8,45073
2019,4.8,45075
2019,2.8,45077
2019,2.8,45079
2019,2.7,45081
2019,2.6,45083
2019,3.4,45085
2019,3.5,45087
2019,4.6,45089
2019,2.8,45091
2019,3.3,46000
2019,2.8,46003
2019,3.2,46005
2019,5.4,46007
2019,3.2,46009
2019,3.3,46011
2019,3.1,46013
2019,3.1,46015
2019,6.6,46017
2019,3.4,46019
2019,3.6,46021
2019,3.7,46023
2019,4,46025
2019,3.3,46027
2019,3.2,46029
2019,5.8,46031
2019,4.4,46033
2019,2.9,46035
2019,4.6,46037
2019,4.8,46039
2019,8.3,46041
2019,2.8,46043
2019,3,46045
2019,4.3,46047
2019,3.3,46049
2019,3.4,46051
2019,3.5,46053
2019,2.9,46055
2019,3.3,46057
2019,2.8,46059
2019,4.7,46061
2019,2.8,46063
2019,2.7,46065
2019,3.1,46067
2019,3.5,46069
2019,5.7,46071
2019,2.8,46073
2019,3.1,46075
2019,3,46077
2019,3.6,46079
2019,3.2,46081
2019,2.6,46083
2019,4.8,46085
2019,2.9,46087
2019,4.3,46089
2019,3.8,46091
2019,3.6,46093
2019,5.7,46095
2019,3.1,46097
2019,2.9,46099
2019,3.6,46101
2019,9.7,46102
2019,3.4,46103
2019,3.1,46105
2019,3.2,46107
2019,4.3,46109
2019,3.1,46111
2019,3.4,46115
2019,3,46117
2019,2.9,46119
2019,6.5,46121
2019,2.9,46123
2019,3,46125
2019,3.4,46127
2019,5.5,46129
2019,2.9,46135
2019,5.6,46137
2019,3.4,47000
2019,3.6,47001
2019,3.7,47003
2019,4.5,47005
2019,5.4,47007
2019,3.2,47009
2019,3.5,47011
2019,4.6,47013
2019,3.1,47015
2019,4.8,47017
2019,4.1,47019
2019,2.6,47021
2019,3.4,47023
2019,4.2,47025
2019,6,47027
2019,4.5,47029
2019,3.3,47031
2019,3.5,47033
2019,4.5,47035
2019,2.5,47037
2019,5.3,47039
2019,4.3,47041
2019,3,47043
2019,4.9,47045
2019,3.6,47047
2019,4.2,47049
2019,3.3,47051
2019,4.2,47053
2019,3.9,47055
2019,4,47057
2019,4.7,47059
2019,4.1,47061
2019,3.9,47063
2019,3.2,47065
2019,5.9,47067
2019,5,47069
2019,4.3,47071
2019,4.1,47073
2019,4.9,47075
2019,4.3,47077
2019,4.1,47079
2019,3.1,47081
2019,4.6,47083
2019,3.8,47085
2019,4.6,47087
2019,3.7,47089
2019,3.5,47091
2019,2.9,47093
2019,5.7,47095
2019,5.4,47097
2019,4.1,47099
2019,4,47101
2019,3.6,47103
2019,3.4,47105
2019,3.8,47107
2019,5.2,47109
2019,3.1,47111
2019,3.6,47113
2019,4.3,47115
2019,3.5,47117
2019,3.2,47119
2019,4.6,47121
2019,3.7,47123
2019,3.8,47125
2019,2.9,47127
2019,4.1,47129
2019,4.9,47131
2019,3.8,47133
2019,5,47135
2019,4.7,47137
2019,4,47139
2019,3.5,47141
2019,5.7,47143
2019,4,47145
2019,2.9,47147
2019,2.6,47149
2019,4.4,47151
2019,4.2,47153
2019,3.3,47155
2019,4,47157
2019,3,47159
2019,4.5,47161
2019,3.7,47163
2019,2.7,47165
2019,3.9,47167
2019,3.1,47169
2019,5,47171
2019,4,47173
2019,4.5,47175
2019,4.1,47177
2019,3.5,47179
2019,4.7,47181
2019,4,47183
2019,3.7,47185
2019,2.4,47187
2019,2.7,47189
2019,3.5,48000
2019,2.9,48001
2019,2.2,48003
2019,4,48005
2019,4.3,48007
2019,2.8,48009
2019,2.7,48011
2019,3.6,48013
2019,3.4,48015
2019,3.7,48017
2019,3.3,48019
2019,3,48021
2019,2.3,48023
2019,4.4,48025
2019,3.8,48027
2019,3.1,48029
2019,2.4,48031
2019,2.5,48033
2019,3.4,48035
2019,4.4,48037
2019,4.2,48039
2019,2.7,48041
2019,2.9,48043
2019,3.5,48045
2019,5.1,48047
2019,3.7,48049
2019,3.1,48051
2019,2.7,48053
2019,3.3,48055
2019,3.2,48057
2019,3.1,48059
2019,5.5,48061
2019,4.2,48063
2019,2.6,48065
2019,4.3,48067
2019,2.8,48069
2019,4.5,48071
2019,3.8,48073
2019,2.7,48075
2019,3.1,48077
2019,3.4,48079
2019,3.2,48081
2019,4.1,48083
2019,3.1,48085
2019,3.2,48087
2019,3.1,48089
2019,3,48091
2019,3.2,48093
2019,3.2,48095
2019,2.8,48097
2019,3.9,48099
2019,4.2,48101
2019,4,48103
2019,2.9,48105
2019,3.9,48107
2019,4,48109
2019,1.9,48111
2019,3.5,48113
2019,3.9,48115
2019,2.8,48117
2019,3.4,48119
2019,3,48121
2019,2.6,48123
2019,4.4,48125
2019,2.5,48127
2019,3.5,48129
2019,4.5,48131
2019,3.3,48133
2019,2.6,48135
2019,2.3,48137
2019,3.1,48139
2019,3.8,48141
2019,3.2,48143
2019,3.3,48145
2019,2.7,48147
2019,2.6,48149
2019,2.9,48151
2019,4.3,48153
2019,3.1,48155
2019,3.5,48157
2019,3.6,48159
2019,4.8,48161
2019,2.6,48163
2019,2.4,48165
2019,4,48167
2019,2.7,48169
2019,2.4,48171
2019,2.1,48173
2019,3.4,48175
2019,2.7,48177
2019,3.6,48179
2019,3.1,48181
2019,3.7,48183
2019,3.9,48185
2019,2.9,48187
2019,4.5,48189
2019,4.1,48191
2019,3,48193
2019,2.3,48195
2019,3,48197
2019,4.6,48199
2019,3.8,48201
2019,4,48203
2019,1.6,48205
2019,3.3,48207
2019,2.8,48209
2019,2.7,48211
2019,3.5,48213
2019,6.2,48215
2019,3.3,48217
2019,3,48219
2019,3.4,48221
2019,3.1,48223
2019,3.1,48225
2019,3.1,48227
2019,4.4,48229
2019,3.5,48231
2019,4.4,48233
2019,2.4,48235
2019,3.1,48237
2019,3,48239
2019,6.1,48241
2019,2.9,48243
2019,5.8,48245
2019,4.8,48247
2019,4.7,48249
2019,3.2,48251
2019,4.3,48253
2019,2.5,48255
2019,3.3,48257
2019,2.7,48259
2019,3.6,48261
2019,2.3,48263
2019,3,48265
2019,3.1,48267
2019,2.1,48269
2019,3.6,48271
2019,4.4,48273
2019,3.3,48275
2019,3.4,48277
2019,3.8,48279
2019,3.3,48281
2019,2.4,48283
2019,3,48285
2019,2.6,48287
2019,4.4,48289
2019,5,48291
2019,3.9,48293
2019,2.6,48295
2019,3.1,48297
2019,3.4,48299
2019,0.7,48301
2019,2.8,48303
2019,3,48305
2019,5.2,48307
2019,3.3,48309
2019,1.6,48311
2019,4.3,48313
2019,4.3,48315
2019,2.6,48317
2019,3.2,48319
2019,5.7,48321
2019,7.5,48323
2019,3.1,48325
2019,3.5,48327
2019,2.1,48329
2019,5,48331
2019,3.3,48333
2019,3.5,48335
2019,2.8,48337
2019,3.4,48339
2019,2.3,48341
2019,5.3,48343
2019,3.5,48345
2019,3.7,48347
2019,3.2,48349
2019,6.3,48351
2019,2.9,48353
2019,4.1,48355
2019,2.7,48357
2019,2.8,48359
2019,5.2,48361
2019,3.1,48363
2019,4,48365
2019,2.9,48367
2019,2.2,48369
2019,3.3,48371
2019,4.7,48373
2019,2.7,48375
2019,6.5,48377
2019,3,48379
2019,2.4,48381
2019,2.5,48383
2019,4,48385
2019,4.6,48387
2019,1.7,48389
2019,3.7,48391
2019,3.1,48393
2019,3.6,48395
2019,3.1,48397
2019,2.8,48399
2019,3.6,48401
2019,6.6,48403
2019,4.8,48405
2019,4.6,48407
2019,5.4,48409
2019,2.9,48411
2019,2.9,48413
2019,3.2,48415
2019,2.2,48417
2019,3.9,48419
2019,2.3,48421
2019,3.3,48423
2019,3.6,48425
2019,9.8,48427
2019,3.1,48429
2019,3.1,48431
2019,2.9,48433
2019,3.7,48435
2019,3.7,48437
2019,3.3,48439
2019,2.9,48441
2019,3.4,48443
2019,3.7,48445
2019,3.8,48447
2019,4.2,48449
2019,3,48451
2019,2.6,48453
2019,4.8,48455
2019,5.8,48457
2019,3.7,48459
2019,2.9,48461
2019,3.8,48463
2019,3.4,48465
2019,3.3,48467
2019,3.4,48469
2019,3.9,48471
2019,3.7,48473
2019,2.3,48475
2019,3.3,48477
2019,3.7,48479
2019,3.4,48481
2019,3,48483
2019,3.2,48485
2019,3.6,48487
2019,8.2,48489
2019,2.8,48491
2019,2.8,48493
2019,2.8,48495
2019,3.2,48497
2019,3.9,48499
2019,2.9,48501
2019,3,48503
2019,5.1,48505
2019,8.5,48507
2019,2.6,49000
2019,3,49001
2019,2.6,49003
2019,2.2,49005
2019,3.7,49007
2019,3.8,49009
2019,2.4,49011
2019,3.9,49013
2019,4,49015
2019,6.2,49017
2019,3.9,49019
2019,2.9,49021
2019,2.5,49023
2019,2.9,49025
2019,2.8,49027
2019,2.4,49029
2019,4.8,49031
2019,3.1,49033
2019,2.5,49035
2019,5.1,49037
2019,3.2,49039
2019,3.1,49041
2019,2.4,49043
2019,2.9,49045
2019,4.2,49047
2019,2.4,49049
2019,2.7,49051
2019,3,49053
2019,5.5,49055
2019,3,49057
2019,2.4,50000
2019,2.3,50001
2019,2.9,50003
2019,3,50005
2019,1.8,50007
2019,3.2,50009
2019,2.3,50011
2019,2.9,50013
2019,3.1,50015
2019,2.4,50017
2019,4.2,50019
2019,2.8,50021
2019,2.3,50023
2019,2.6,50025
2019,2.1,50027
2019,2.8,51000
2019,3.5,51001
2019,2.5,51003
2019,3.4,51005
2019,3.2,51007
2019,3.2,51009
2019,3.5,51011
2019,1.9,51013
2019,2.4,51015
2019,2.5,51017
2019,2.9,51019
2019,2.8,51021
2019,2.5,51023
2019,4.7,51025
2019,5.6,51027
2019,4.2,51029
2019,3.1,51031
2019,3.2,51033
2019,3.6,51035
2019,3.4,51036
2019,3.5,51037
2019,2.7,51041
2019,2.5,51043
2019,3.2,51045
2019,2.6,51047
2019,3,51049
2019,4.9,51051
2019,3.3,51053
2019,3.5,51057
2019,2.3,51059
2019,2.4,51061
2019,2.6,51063
2019,2.3,51065
2019,2.9,51067
2019,2.4,51069
2019,3.3,51071
2019,2.6,51073
2019,2.8,51075
2019,2.9,51077
2019,2.3,51079
2019,3.4,51081
2019,3.9,51083
2019,2.4,51085
2019,2.8,51087
2019,3.3,51089
2019,2.7,51091
2019,2.8,51093
2019,2.7,51095
2019,2.8,51097
2019,2.6,51099
2019,2.7,51101
2019,4.3,51103
2019,4.1,51105
2019,2.3,51107
2019,2.7,51109
2019,3.2,51111
2019,2.2,51113
2019,2.9,51115
2019,4,51117
2019,2.6,51119
2019,2.8,51121
2019,2.8,51125
2019,2.4,51127
2019,4.4,51131
2019,4.3,51133
2019,2.8,51135
2019,3,51137
2019,3.8,51139
2019,3.5,51141
2019,3.4,51143
2019,2.5,51145
2019,3.8,51147
2019,3.4,51149
2019,2.5,51153
2019,3.4,51155
2019,2.5,51157
2019,3,51159
2019,2.5,51161
2019,2.7,51163
2019,2.4,51165
2019,4.2,51167
2019,3.1,51169
2019,2.5,51171
2019,3.7,51173
2019,2.7,51175
2019,2.9,51177
2019,2.8,51179
2019,3.4,51181
2019,4.5,51183
2019,4.4,51185
2019,2.8,51187
2019,3.3,51191
2019,3.5,51193
2019,4.6,51195
2019,3.6,51197
2019,2.7,51199
2019,2.1,51510
2019,3.8,51520
2019,2.7,51530
2019,2.4,51540
2019,2.9,51550
2019,3.2,51570
2019,4.2,51580
2019,5,51590
2019,5,51595
2019,2.1,51600
2019,2,51610
2019,4,51620
2019,3.4,51630
2019,3.3,51640
2019,3.8,51650
2019,3.2,51660
2019,4.3,51670
2019,4.7,51678
2019,3.7,51680
2019,2.5,51683
2019,2.5,51685
2019,4.1,51690
2019,3.5,51700
2019,3.5,51710
2019,3.7,51720
2019,5.6,51730
2019,2.4,51735
2019,3.9,51740
2019,3.6,51750
2019,3.3,51760
2019,3,51770
2019,2.8,51775
2019,2.7,51790
2019,3,51800
2019,2.7,51810
2019,2.9,51820
2019,3.9,51830
2019,2.8,51840
2019,4.3,53000
2019,5.7,53001
2019,4.1,53003
2019,5.2,53005
2019,4.9,53007
2019,6.6,53009
2019,4.7,53011
2019,5.5,53013
2019,6,53015
2019,5.6,53017
2019,11.3,53019
2019,6.4,53021
2019,5.4,53023
2019,6.9,53025
2019,7.1,53027
2019,5,53029
2019,5.6,53031
2019,2.8,53033
2019,4.6,53035
2019,5.5,53037
2019,5.8,53039
2019,6.2,53041
2019,5,53043
2019,6.3,53045
2019,6.8,53047
2019,6.9,53049
2019,7.9,53051
2019,5.1,53053
2019,3.7,53055
2019,5.4,53057
2019,5.5,53059
2019,3,53061
2019,5.2,53063
2019,7,53065
2019,4.8,53067
2019,6.7,53069
2019,4.9,53071
2019,5,53073
2019,4.3,53075
2019,7,53077
2019,4.9,54000
2019,6,54001
2019,3.5,54003
2019,5.5,54005
2019,7.4,54007
2019,5.2,54009
2019,4.2,54011
2019,13,54013
2019,8.5,54015
2019,4.4,54017
2019,5.7,54019
2019,6.8,54021
2019,5.5,54023
2019,4.6,54025
2019,3.8,54027
2019,5.2,54029
2019,5.1,54031
2019,4.4,54033
2019,5,54035
2019,3.1,54037
2019,4.6,54039
2019,6.2,54041
2019,6.3,54043
2019,6,54045
2019,9.2,54047
2019,5.1,54049
2019,6.3,54051
2019,6,54053
2019,5.7,54055
2019,5.7,54057
2019,6.8,54059
2019,3.6,54061
2019,4.4,54063
2019,3.9,54065
2019,6.3,54067
2019,4.5,54069
2019,3.8,54071
2019,6.8,54073
2019,5.7,54075
2019,4.6,54077
2019,4.3,54079
2019,4.7,54081
2019,6,54083
2019,5.7,54085
2019,9.5,54087
2019,5.5,54089
2019,4.8,54091
2019,5.2,54093
2019,7.8,54095
2019,6,54097
2019,5.4,54099
2019,6.3,54101
2019,7.2,54103
2019,7.9,54105
2019,5.1,54107
2019,6.9,54109
2019,3.3,55000
2019,5.2,55001
2019,4.8,55003
2019,4,55005
2019,5.6,55007
2019,3.1,55009
2019,4.2,55011
2019,5.3,55013
2019,2.8,55015
2019,3.8,55017
2019,3.3,55019
2019,3.1,55021
2019,4.3,55023
2019,2.4,55025
2019,3,55027
2019,3.8,55029
2019,4.2,55031
2019,3.5,55033
2019,3.1,55035
2019,4.8,55037
2019,2.9,55039
2019,5.2,55041
2019,3.2,55043
2019,2.9,55045
2019,3.9,55047
2019,2.9,55049
2019,6.1,55051
2019,3.9,55053
2019,3.1,55055
2019,3.3,55057
2019,4,55059
2019,3.2,55061
2019,2.9,55063
2019,2.7,55065
2019,4.2,55067
2019,3.7,55069
2019,3.4,55071
2019,2.9,55073
2019,4.6,55075
2019,4,55077
2019,8,55078
2019,4,55079
2019,3,55081
2019,3.6,55083
2019,4.3,55085
2019,3,55087
2019,2.9,55089
2019,3.8,55091
2019,3.4,55093
2019,4.1,55095
2019,3.3,55097
2019,4.4,55099
2019,4.1,55101
2019,3.2,55103
2019,3.7,55105
2019,4.9,55107
2019,3.4,55109
2019,2.9,55111
2019,4.8,55113
2019,3.2,55115
2019,2.7,55117
2019,3.7,55119
2019,3.6,55121
2019,3.3,55123
2019,4.3,55125
2019,3.3,55127
2019,4.1,55129
2019,2.9,55131
2019,2.9,55133
2019,3.3,55135
2019,4.1,55137
2019,3,55139
2019,3.8,55141
2019,3.6,56000
2019,3.1,56001
2019,4.2,56003
2019,3.7,56005
2019,3.3,56007
2019,2.7,56009
2019,3.2,56011
2019,4.4,56013
2019,3.6,56015
2019,3.5,56017
2019,3.6,56019
2019,3.5,56021
2019,3.3,56023
2019,3.9,56025
2019,2.7,56027
2019,4,56029
2019,3.4,56031
2019,3.5,56033
2019,4.4,56035
2019,3.9,56037
2019,2.7,56039
2019,3.9,56041
2019,3.9,56043
2019,2.9,56045
2019,8.3,72000
2019,15.3,72001
2019,10.1,72003
2019,10.2,72005
2019,9.1,72007
2019,10.5,72009
2019,8.5,72011
2019,9.5,72013
2019,13.5,72015
2019,11.3,72017
2019,8.7,72019
2019,6.3,72021
2019,8.7,72023
2019,6.8,72025
2019,8.6,72027
2019,6.6,72029
2019,5.9,72031
2019,7.2,72033
2019,7,72035
2019,10.4,72037
2019,11,72039
2019,6.8,72041
2019,12.2,72043
2019,8.9,72045
2019,9.1,72047
2019,3,72049
2019,5.7,72051
2019,10.7,72053
2019,10.9,72054
2019,14.8,72055
2019,12.1,72057
2019,13.8,72059
2019,4.1,72061
2019,5.7,72063
2019,12.2,72065
2019,8.6,72067
2019,10.1,72069
2019,9.1,72071
2019,14.1,72073
2019,10,72075
2019,8.3,72077
2019,12.8,72079
2019,14.7,72081
2019,11.6,72083
2019,8.9,72085
2019,7.6,72087
2019,9.5,72089
2019,8,72091
2019,13.7,72093
2019,15.1,72095
2019,10.5,72097
2019,10.4,72099
2019,9.1,72101
2019,8.9,72103
2019,8.5,72105
2019,10.3,72107
2019,15.7,72109
2019,14.1,72111
2019,9.7,72113
2019,11.6,72115
2019,13.8,72117
2019,7.3,72119
2019,13,72121
2019,14.5,72123
2019,11.2,72125
2019,5.5,72127
2019,8.8,72129
2019,13.6,72131
2019,10.9,72133
2019,5.7,72135
2019,5.8,72137
2019,4.8,72139
2019,11.3,72141
2019,8.1,72143
2019,9.6,72145
2019,6.9,72147
2019,15.9,72149
2019,13.1,72151
2019,14.6,72153
