City Claim #,Date Of Accident,Claim Status,Last Close Date,Dept/division,Category,Cause,NOC Demand,Paid Bi,Paid Pd
20-0017-001,7/1/2020,F,4/5/2021,Water Distrib - Reservoir Yard,Operations,Water Main Break,"12,500.00",0.00,"13,914.06"
20-0017-002,7/1/2020,F,3/30/2021,Water Distrib - Reservoir Yard,Operations,Water Main Break,"2,500.00",0.00,"2,433.27"
20-0056-001,7/2/2020,F,3/2/2021,Pub Wks- Solid Waste Field Services Sout,Refuse/Garbage,Backing,"10,000.00",0.00,"9,764.55"
20-0456-001,7/2/2020,F,12/15/2020,Police- S. Mountain Precinct 400,Law Enforcement,Forced Entry,"2,959.85",0.00,0.00
20-0740-001,7/2/2020,O,,Police- Central City Precinct 500,Law Enforcement,Violate Civil Rights,,0.00,0.00
20-0385-001,7/3/2020,F,2/26/2021,Water Distrib - Corona Yard,Operations,Water Service Related,235.67,0.00,235.67
20-0552-001,7/3/2020,F,1/11/2021,Police- Central City Precinct 500,Law Enforcement,Violate Civil Rights,"175,000.00",0.00,0.00
20-0022-001,7/4/2020,O,,Police- Central City Precinct 500,Law Enforcement,Shooting,,0.00,0.00
20-0022-002,7/4/2020,O,,Police- Central City Precinct 500,Law Enforcement,Shooting,"10,000,000.00",0.00,0.00
20-0022-003,7/4/2020,O,,Police- Central City Precinct 500,Law Enforcement,Shooting,"10,000,000.00",0.00,0.00
20-0022-004,7/4/2020,O,,Police- Central City Precinct 500,Law Enforcement,Shooting,"10,000,000.00",0.00,0.00
20-0078-001,7/4/2020,F,8/14/2020,Police - Northern Precinct 200,Law Enforcement,Forced Entry,725.00,0.00,725.00
20-0684-001,7/4/2020,O,,Police- Central City Precinct 500,Law Enforcement,911 Operations,"2,500,000.00",0.00,0.00
20-0590-001,7/5/2020,O,,Police- Cactus Park Precinct 900,Police Vehicle,U-Turn,"15,000.00",0.00,0.00
20-0590-002,7/5/2020,F,5/25/2021,Police- Cactus Park Precinct 900,Police Vehicle,U-Turn,"5,428.30",0.00,"5,428.30"
20-9001-001,7/6/2020,O,,Planning Director's Office - Admin,Public Safety,Negligent Plan Approval,,0.00,0.00
20-9001-002,7/6/2020,O,,Planning Director's Office - Admin,Public Safety,Negligent Plan Approval,,0.00,0.00
20-0075-001,7/7/2020,F,7/31/2020,Police- Central City Precinct 500,Law Enforcement,Improper Medical Care,"250,000.00",0.00,0.00
20-0122-001,7/7/2020,F,9/1/2020,Pub Wks- Solid Waste Field Services Sout,Refuse/Garbage,Struck Fixed Object,"3,000.00",0.00,0.00
20-0281-001,7/7/2020,F,10/9/2020,Pub Wks- Solid Waste Field Services East,Refuse/Garbage,Struck Fixed Object,"1,200.00",0.00,0.00
20-0368-001,7/7/2020,O,,Street- Central Maintenance Dist,Operations,"Maint. of St., Sidewalks, Rights-of-way","400,000.00",0.00,0.00
20-0736-001,7/7/2020,F,2/3/2021,Street- Southwest Maint Dist,Operations,Pot Hole,180.00,0.00,0.00
20-9000-001,7/7/2020,O,,Planning Director's Office - Admin,Public Officials,Negligent Plan Approval,,0.00,0.00
20-0027-001,7/8/2020,F,8/27/2020,Pub Wks- Solid Waste Field Services East,Refuse/Garbage,Struck Fixed Object,,0.00,"1,282.87"
20-0092-001,7/8/2020,F,10/14/2020,Pub Wks- Solid Waste Field Services Sout,Refuse/Garbage,Struck Fixed Object,"1,000.00",0.00,"1,195.00"
20-0134-001,7/8/2020,F,10/7/2020,Pub Wks- Solid Waste Field Services East,Refuse/Garbage,Struck Fixed Object,"5,000.00",0.00,"4,475.18"
20-0088-001,7/9/2020,F,8/14/2020,Police - Northern Precinct 200,Police Vehicle,Backing,"1,701.95",0.00,"1,861.95"
20-0091-001,7/9/2020,F,12/1/2020,WSD- Wastewater Collection -  Blue Stake/Sewer Backups,Operations,Sewer Backup,"1,000.00",0.00,"1,266.16"
20-0668-001,7/9/2020,F,1/8/2021,Street- North Maint Dist,Operations,Excavation Related,"1,773.08",0.00,0.00
20-0105-001,7/10/2020,F,10/20/2020,Fire- Admin/EMS/CAD-Alarm/Safety,Medium/Heavy,Main/Vehicle/Int,"1,172.14",0.00,"1,849.56"
20-0229-001,7/10/2020,F,10/23/2020,Street- Central Maintenance Dist,Operations,"Maint. of St., Sidewalks, Rights-of-way",768.56,0.00,768.56
20-0413-001,7/10/2020,F,3/2/2021,Pub Wks- Solid Waste Field Services Sout,Operations,Damage by Mobile Equipment,"12,000.00",0.00,"6,316.60"
20-0490-001,7/10/2020,F,2/18/2021,Police- Maryvale Precinct 800,Police Vehicle,Failure to Yield,"8,613.64",0.00,0.00
20-0084-001,7/11/2020,F,8/17/2020,Street- Central Maintenance Dist,Operations,Pot Hole,"1,068.70",0.00,0.00
20-0099-001,7/11/2020,F,9/24/2020,Fire Battalion 1,Fire/EMS Operations,Maint. of Equipment,"2,632.42",0.00,"2,632.42"
20-0133-001,7/11/2020,F,10/9/2020,Street- Southwest Maint Dist,Operations,Overhanging Tree,"8,466.00",0.00,0.00
20-0263-001,7/11/2020,F,10/15/2020,Street- Southwest Maint Dist,Operations,Damage to Property/Injury to Persons,"2,635.50",0.00,"2,635.50"
20-0110-001,7/13/2020,F,12/11/2020,Police- Desert Horizon Precinct 600,Police Vehicle,Failure to Yield,"27,100.00",0.00,"25,000.00"
20-0110-002,7/13/2020,F,3/2/2021,Police- Desert Horizon Precinct 600,Police Vehicle,Failure to Yield,"8,123.89",0.00,"6,782.69"
20-0110-003,7/13/2020,F,5/17/2021,Police- Desert Horizon Precinct 600,Police Vehicle,Failure to Yield,"15,000.00",0.00,0.00
20-0110-004,7/13/2020,F,11/6/2020,Police- Desert Horizon Precinct 600,Medium/Heavy,Failure to Yield,"8,123.89",0.00,0.00
20-0110-005,7/13/2020,F,12/24/2020,Police- Desert Horizon Precinct 600,Police Vehicle,Failure to Yield,"2,647.27",0.00,"2,647.27"
20-0110-006,7/13/2020,O,,Police- Desert Horizon Precinct 600,Police Vehicle,Failure to Yield,"45,809.49",59.37,0.00
20-0110-007,7/13/2020,F,6/22/2021,Police- Desert Horizon Precinct 600,Police Vehicle,Failure to Yield,"7,000.00",0.00,0.00
20-0110-008,7/13/2020,F,3/15/2021,Police- Desert Horizon Precinct 600,Police Vehicle,Failure to Yield,"10,040.85",0.00,"10,040.85"
20-0115-001,7/13/2020,F,3/2/2021,Pub Wks- Solid Waste Field Services West,Refuse/Garbage,Struck Fixed Object,"2,800.00",0.00,"3,352.86"
20-0137-001,7/13/2020,F,10/1/2020,Police-Tactcl/Air/SAU/Bomb/K-9/Dntown Op,Police Vehicle,Failure to Yield,850.00,0.00,742.51
20-0159-001,7/13/2020,F,8/27/2020,Street- Central Maintenance Dist,Operations,Pot Hole,79.99,0.00,0.00
20-0221-001,7/13/2020,F,10/5/2020,Police- Maryvale Precinct 800,Police Vehicle,Rear End,"3,508.00",0.00,"3,008.20"
20-0403-001,7/13/2020,F,10/21/2020,Police- Desert Horizon Precinct 600,Medium/Heavy,Failure to Yield,"8,123.89",0.00,0.00
20-0447-001,7/13/2020,F,11/13/2020,Parks- South Division,Premises,Maint. Building/Premises,"31,505.86",0.00,0.00
20-0080-001,7/14/2020,F,3/17/2021,Water Distrib - Cave Creek Yard,Operations,Sewer Backup,,0.00,0.00
20-0123-001,7/14/2020,F,7/31/2020,Pub Wks- Solid Waste Field Services West,Refuse/Garbage,Other,"1,752.95",0.00,0.00
20-0177-001,7/14/2020,F,9/24/2020,Street- Central Maintenance Dist,Operations,Missing/Hit Cover,"1,350.00",0.00,"1,350.00"
20-0596-001,7/14/2020,F,4/9/2021,Street- Southeast Maint Dist,Operations,Construction Area,"80,000.00",0.00,0.00
20-0132-001,7/15/2020,F,8/31/2020,Pub Wks- Solid Waste Field Services East,Operations,Damage by Mobile Equipment,125.00,0.00,125.00
20-0158-001,7/15/2020,F,12/22/2020,Pub Wks- Solid Waste Field Services Nort,Operations,Damage by Mobile Equipment,"1,499.00",0.00,"1,500.00"
20-0207-001,7/15/2020,F,9/18/2020,Street- Southeast Maint Dist,Operations,"Maint. of St., Sidewalks, Rights-of-way",385.00,0.00,0.00
20-0435-001,7/15/2020,F,6/16/2021,Water Distrib - Cave Creek Yard,Operations,Change Meter,400.00,0.00,400.00
20-0083-001,7/16/2020,F,9/11/2020,Street- North Maint Dist,Operations,Tar/Paint/Oil,264.99,0.00,0.00
20-0125-001,7/16/2020,F,9/4/2020,Street- North Maint Dist,Operations,Pot Hole,"4,187.52",0.00,0.00
20-0286-001,7/16/2020,F,1/11/2021,Water Distrib - Reservoir Yard,Operations,Change Meter,,0.00,0.00
20-0082-001,7/17/2020,F,8/26/2020,Street- Southwest Maint Dist,Operations,Pot Hole,"2,052.00",0.00,513.00
20-0154-001,7/17/2020,F,12/3/2020,Pub Wks- Solid Waste Field Services West,Refuse/Garbage,Struck Fixed Object,400.00,0.00,400.00
20-0492-001,7/17/2020,F,12/16/2020,Pub Wks- Solid Waste Field Services Nort,Refuse/Garbage,Struck Fixed Object,"1,500.00",0.00,"1,500.00"
20-0666-001,7/17/2020,F,1/8/2021,Transit- Phoenix Transit-Contract,Bus 21-75,Rear End,"2,019,021.05",0.00,0.00
20-0666-002,7/17/2020,F,1/11/2021,Transit- Phoenix Transit-Contract,Bus 21-75,Failure to Yield,"75,000.00",0.00,0.00
20-0700-001,7/17/2020,F,4/21/2021,Police- Central City Precinct 500,Law Enforcement,False Arrest,"125,000.00",0.00,0.00
20-0151-001,7/18/2020,F,10/13/2020,Street- North Maint Dist,Operations,Pot Hole,265.00,0.00,0.00
20-0280-001,7/20/2020,F,9/24/2020,Pub Wks- Solid Waste Field Services East,Operations,Damage by Mobile Equipment,800.00,0.00,800.00
20-0111-001,7/21/2020,F,10/1/2020,Police- Maryvale Precinct 800,Law Enforcement,Failure/Negligent Investigation,"540,000.00",0.00,0.00
20-0328-001,7/23/2020,F,10/23/2020,Water Distrib - Cave Creek Yard,Operations,Change Meter,573.13,0.00,0.00
20-9002-001,7/23/2020,O,,Planning Director's Office - Admin,Public Officials,Public Officials Liability,,0.00,0.00
20-0121-001,7/24/2020,F,8/25/2020,Street- Southwest Maint Dist,Operations,Pot Hole,"1,075.12",0.00,687.50
20-0167-001,7/24/2020,F,8/21/2020,Street- North Maint Dist,Operations,Damage to Property/Injury to Persons,"4,018.00",0.00,0.00
20-0802-001,7/24/2020,O,,Police- Central City Precinct 500,Employment,Employment Discrimination,,0.00,0.00
20-0141-001,7/26/2020,F,9/2/2020,Water Distrib - 2nd/3rd Shift,Operations,Pot Hole,"1,392.88",0.00,"1,130.00"
20-0139-001,7/27/2020,F,8/21/2020,Non-City Claim,Operations,"Maint. of St., Sidewalks, Rights-of-way","1,005.37",0.00,0.00
20-0156-001,7/27/2020,F,8/13/2020,Street- North Maint Dist,Operations,Pot Hole,"3,480.89",0.00,0.00
20-0246-001,7/27/2020,F,10/9/2020,Water Distrib - Reservoir Yard,Light Truck,Struck Fixed Object,"2,290.00",0.00,0.00
20-0265-001,7/27/2020,F,10/9/2020,Planning-Commer Bldg Plan Rev/Insp/Elevatr In,Contract Dispute,Construction Contract,"150,000.00",0.00,0.00
20-0348-001,7/27/2020,R,12/17/2020,Street- North Maint Dist,Operations,Pot Hole,"5,171.91",0.00,0.00
20-0415-001,7/27/2020,O,,Equal Opprty- Admin/Enforcemt/Aff Action,Employment,Retaliation,,0.00,0.00
20-0239-001,7/28/2020,F,3/22/2021,Police- Central City Precinct 500,Law Enforcement,Defamation,"65,000.00",0.00,0.00
20-0160-001,7/29/2020,F,8/11/2020,Street- North Maint Dist,Operations,Tar/Paint/Oil,"1,530.80",0.00,0.00
20-0237-001,7/29/2020,F,4/30/2021,Water Distrib - Reservoir Yard,Operations,Water Main Break,380.00,0.00,380.00
20-0278-001,7/29/2020,F,10/9/2020,Parks- South Division,Operations,"Maint. of St., Sidewalks, Rights-of-way","5,531.25",0.00,0.00
20-0285-001,7/29/2020,F,12/7/2020,Fire- Admin/EMS/CAD-Alarm/Safety,Fire/EMS Operations,Forced Entry,231.65,0.00,231.65
20-0763-001,7/29/2020,F,2/18/2021,Fire- Admin/EMS/CAD-Alarm/Safety,Medium/Heavy,Struck Fixed Object,"1,603.56",0.00,0.00
20-0173-001,7/30/2020,F,9/25/2020,Police- Central City Precinct 500,Police Vehicle,Backing,"3,295.78",0.00,"3,211.98"
20-0732-001,7/30/2020,F,5/20/2021,Parks- Downtown Division,Premises,Maint. Building/Premises,"300,000.00",0.00,0.00
20-0267-001,7/31/2020,F,12/9/2020,Parks- Northeast Division,Operations,"Maint. of St., Sidewalks, Rights-of-way","8,600.00",0.00,"10,139.60"
20-0359-001,7/31/2020,F,10/16/2020,Police- Central City Precinct 500,Law Enforcement,"Care, Custody, Control",80.00,0.00,0.00
20-0164-001,8/1/2020,F,8/14/2020,Street- Southwest Maint Dist,Operations,Tar/Paint/Oil,"2,020.20",0.00,0.00
20-0174-001,8/1/2020,R,6/28/2021,Water Distrib - Corona Yard,Operations,Water Main Break,"6,000.00",0.00,0.00
20-0503-001,8/1/2020,F,2/18/2021,Police- Cactus Park Precinct 900,Law Enforcement,Excessive Force,800.00,0.00,0.00
20-0565-001,8/1/2020,F,1/14/2021,Police- Central City Precinct 500,Law Enforcement,"Care, Custody, Control","42,000.00",0.00,0.00
20-0222-001,8/2/2020,F,12/1/2020,Parks- South Division,Operations,"Maint. of St., Sidewalks, Rights-of-way","2,535.50",0.00,"2,535.50"
20-0251-001,8/2/2020,F,9/16/2020,Street- Southeast Maint Dist,Operations,Debris/Object in Road,979.67,0.00,0.00
20-0256-001,8/3/2020,F,2/1/2021,Water Distrib - Reservoir Yard,Operations,Water Main Break,"1,067.83",0.00,"1,067.83"
20-0299-001,8/3/2020,F,11/9/2020,Police- S. Mountain Precinct 400,Police Vehicle,Turning,"1,000.00",0.00,"1,000.00"
20-0220-001,8/4/2020,F,10/29/2020,Street- Southwest Maint Dist,Operations,Pot Hole,329.55,0.00,329.55
20-0741-001,8/4/2020,O,,Police- Central City Precinct 500,Law Enforcement,Shooting,"5,000,000.00",0.00,0.00
20-0741-002,8/4/2020,O,,Police- Central City Precinct 500,Law Enforcement,Shooting,"5,000,000.00",0.00,0.00
20-0741-003,8/4/2020,O,,Police- Central City Precinct 500,Law Enforcement,Shooting,"5,000,000.00",0.00,0.00
20-0741-004,8/4/2020,O,,Police- Central City Precinct 500,Law Enforcement,Shooting,"5,000,000.00",0.00,0.00
20-0172-001,8/5/2020,F,8/25/2020,Fire- Admin/EMS/CAD-Alarm/Safety,Medium/Heavy,Backing,849.74,0.00,849.74
20-0175-001,8/5/2020,F,3/2/2021,Water Distrib - Reservoir Yard,Operations,Water Main Break,,0.00,"2,500.00"
20-0238-001,8/5/2020,F,9/10/2020,Pub Wks- Solid Waste Field Services East,Refuse/Garbage,Struck Fixed Object,"5,500.00",0.00,"6,500.00"
20-0252-001,8/5/2020,F,10/27/2020,Pub Wks- Solid Waste Field Services East,Refuse/Garbage,Struck Fixed Object,750.00,0.00,750.00
20-0254-001,8/5/2020,F,3/2/2021,Pub Wks- Solid Waste Field Services West,Refuse/Garbage,Struck Fixed Object,"6,503.56",0.00,"3,205.21"
20-0307-001,8/5/2020,F,10/16/2020,Street- Southwest Maint Dist,Operations,Pot Hole,536.00,0.00,0.00
20-0573-001,8/5/2020,F,12/28/2020,Street- Southeast Maint Dist,Operations,Damage to Property/Injury to Persons,"7,233.36",0.00,0.00
20-0592-001,8/5/2020,F,2/22/2021,Water Distrib - Morten Yard,Operations,Water Service Related,"1,267.00",0.00,0.00
20-0687-001,8/5/2020,F,6/23/2021,Library- Admin,Medium/Heavy,Backing,"17,962.81",0.00,0.00
20-0226-001,8/6/2020,F,9/11/2020,Street- North Maint Dist,Operations,Tar/Paint/Oil,150.80,0.00,0.00
20-0598-001,8/6/2020,F,5/27/2021,Water Distrib - Reservoir Yard,Operations,"Care, Custody, Control","1,761.59",0.00,0.00
20-0756-001,8/6/2020,F,2/18/2021,Aviation- Sky Harbor Airport/Terminals,Operations,Damage to Property/Injury to Persons,"900,900.00",0.00,0.00
20-0275-001,8/7/2020,F,10/13/2020,Fire- Admin/EMS/CAD-Alarm/Safety,EMS/Ambulance,Main/Vehicle/Int,188.58,0.00,188.58
20-0362-001,8/7/2020,F,10/9/2020,Street- Central Maintenance Dist,Operations,Construction Area,56.47,0.00,0.00
20-0509-001,8/7/2020,F,12/11/2020,Pub Wks- Solid Waste Field Services West,Refuse/Garbage,Struck Fixed Object,425.00,0.00,0.00
20-0669-001,8/7/2020,F,1/20/2021,Street- Southeast Maint Dist,Operations,Construction Area,"7,065.58",0.00,0.00
20-0329-001,8/8/2020,F,2/16/2021,Police- Desert Horizon Precinct 600,Police Vehicle,Failure to Yield,"1,004.39",0.00,0.00
20-0772-001,8/8/2020,F,2/11/2021,Fire- Admin/EMS/CAD-Alarm/Safety,Operations,"Care, Custody, Control",340.00,0.00,0.00
20-0272-001,8/9/2020,F,4/22/2021,Police- Central City Precinct 500,Law Enforcement,Violate Civil Rights,"2,400,000.00",0.00,0.00
20-0272-002,8/9/2020,F,4/21/2021,Police- Central City Precinct 500,Law Enforcement,False Arrest,"250,000.00",0.00,0.00
20-0272-003,8/9/2020,F,4/22/2021,Police- Central City Precinct 500,Law Enforcement,False Arrest,"250,000.00",0.00,0.00
20-0279-001,8/9/2020,F,10/29/2020,Street- Southeast Maint Dist,Operations,Pot Hole,"1,568.52",0.00,"1,568.52"
20-0493-001,8/9/2020,F,11/20/2020,Transit- Phoenix Transit-Contract,Bus 21-75,Turning,"6,307.55",0.00,0.00
20-0715-001,8/9/2020,F,3/4/2021,Police- Maryvale Precinct 800,Law Enforcement,Improper Medical Care,"2,500,000.00",0.00,0.00
20-0325-001,8/10/2020,F,2/26/2021,Water Distrib - Corona Yard,Operations,Water Service Related,350.00,0.00,350.00
20-0355-001,8/10/2020,F,12/29/2020,Water Distrib - Morten Yard,Operations,Excavation Related,"31,877.80",0.00,"25,000.00"
20-0457-001,8/10/2020,F,1/19/2021,Police- Admin/Fiscal-Mgt Svcs/Prof Stds,Police Vehicle,Failure to Yield,"3,923.61",0.00,0.00
20-0248-001,8/11/2020,F,11/5/2020,Water Distrib - Reservoir Yard,Operations,Change Meter,449.98,0.00,0.00
20-0253-001,8/11/2020,F,10/15/2020,Pub Wks- Solid Waste Field Services Sout,Operations,Damage by Mobile Equipment,450.00,0.00,350.00
20-0402-001,8/11/2020,F,10/21/2020,Street- Southeast Maint Dist,Operations,Debris/Object in Road,"1,000.94",0.00,0.00
20-0504-001,8/11/2020,F,12/24/2020,Pub Wks- Solid Waste Field Services West,Operations,Damage by Mobile Equipment,750.00,0.00,750.00
20-0647-001,8/11/2020,F,4/19/2021,Water Distrib - Reservoir Yard,Operations,Flooding,820.54,0.00,820.54
20-0215-001,8/12/2020,F,12/16/2020,Fire- Admin/EMS/CAD-Alarm/Safety,Medium/Heavy,Turning,"6,490.63",0.00,"7,371.46"
20-0597-001,8/12/2020,F,12/28/2020,Street- Southwest Maint Dist,Operations,Damage to Property/Injury to Persons,"4,842.89",0.00,0.00
20-0264-001,8/13/2020,F,10/23/2020,Pub Wks- Solid Waste Field Services East,Refuse/Garbage,Struck Fixed Object,344.50,0.00,344.50
20-0321-001,8/13/2020,F,10/16/2020,Pub Wks- Solid Waste Field Services Nort,Operations,Damage by Mobile Equipment,"9,600.00",0.00,0.00
20-0374-001,8/13/2020,F,11/20/2020,Police-Inv/VCB-FIB-Drug Enf-OCB-Prop Cri,Police Vehicle,Emergency Maneuver,"9,592.66",0.00,0.00
20-0420-001,8/13/2020,F,11/19/2020,Unknown Dept/Temporary Use Only,Light Truck,Struck Fixed Object,"2,309.64",0.00,0.00
20-0978-001,8/13/2020,F,4/27/2021,Transit- Phoenix Transit-Contract,Bus 21-75,Mechanical Failure,"13,313.04",0.00,0.00
20-0255-001,8/14/2020,F,11/17/2020,Police- Maryvale Precinct 800,Police Vehicle,Police Pursuit,"1,011.81",0.00,"1,011.81"
20-0292-001,8/14/2020,F,12/4/2020,Pub Wks- Solid Waste Field Services East,Refuse/Garbage,Struck Fixed Object,250.00,0.00,250.00
20-0320-001,8/14/2020,F,10/22/2020,Parks- Northwest Division,Operations,"Maint. of St., Sidewalks, Rights-of-way","1,367.00",0.00,0.00
20-0514-001,8/14/2020,O,,Police- Squaw Peak Precinct 700,Police Vehicle,Failure to Yield,"16,256.79",0.00,0.00
20-0514-002,8/14/2020,O,,Police- Squaw Peak Precinct 700,Police Vehicle,Failure to Yield,"100,000.00",0.00,0.00
20-0242-001,8/15/2020,F,12/28/2020,Water Distrib - Reservoir Yard,Operations,Change Meter,319.00,0.00,319.00
20-0217-001,8/16/2020,O,,Water Distrib - Morten Yard,Operations,Water Main Break,,0.00,0.00
20-0217-002,8/16/2020,O,,Water Distrib - Morten Yard,Operations,Water Main Break,,0.00,"4,047.58"
20-0217-003,8/16/2020,F,4/5/2021,Water Distrib - Morten Yard,Operations,Water Main Break,,0.00,0.00
20-0244-001,8/16/2020,F,9/18/2020,Street- Southwest Maint Dist,Operations,Pot Hole,"5,000.00",0.00,0.00
20-0223-001,8/17/2020,F,12/7/2020,Pub Wks- Downtown-Metro Facil Mgt/Parkin,Premises,Maint. Building/Premises,"2,743.58",0.00,"3,193.58"
20-0274-001,8/17/2020,F,9/11/2020,Transit- Phoenix Transit-Contract,Bus 21-75,Failure to Yield,"1,635.38",0.00,0.00
20-0889-001,8/17/2020,F,3/18/2021,Pub Wks- Solid Waste Field Services West,Refuse/Garbage,Struck Fixed Object,500.00,0.00,0.00
20-0227-001,8/18/2020,F,9/18/2020,Street- Southwest Maint Dist,Operations,Negligent Barricading,"2,769.67",0.00,0.00
20-0284-001,8/18/2020,F,12/14/2020,Fire- Admin/EMS/CAD-Alarm/Safety,Fire/EMS Operations,Forced Entry,"2,872.50",0.00,0.00
20-0382-001,8/18/2020,F,12/28/2020,Street- North Maint Dist,Operations,Pot Hole,303.59,0.00,155.00
20-0232-001,8/20/2020,F,3/2/2021,Pub Wks- Solid Waste Field Services East,Refuse/Garbage,Struck Fixed Object,"18,000.00",0.00,"7,735.05"
20-0268-001,8/20/2020,F,9/16/2020,Parks- Northeast Division,Operations,"Maint. of St., Sidewalks, Rights-of-way","1,000.00",0.00,0.00
20-0380-001,8/20/2020,F,12/14/2020,Pub Wks- Solid Waste Field Services East,Refuse/Garbage,Struck Fixed Object,"3,900.00",0.00,0.00
20-0665-001,8/20/2020,F,1/14/2021,Pub Wks- Solid Waste Field Services East,Refuse/Garbage,Turning,"100,000.00",0.00,0.00
20-0326-001,8/21/2020,F,10/9/2020,Pub Wks- Solid Waste Field Services East,Refuse/Garbage,Struck Fixed Object,500.00,0.00,500.00
20-0330-001,8/21/2020,F,3/2/2021,Pub Wks- Solid Waste Field Services East,Refuse/Garbage,Struck Fixed Object,"7,000.00",0.00,"5,429.67"
20-0790-001,8/22/2020,F,6/24/2021,Police- Desert Horizon Precinct 600,Law Enforcement,False Arrest,"2,550,000.00",0.00,0.00
20-0811-001,8/22/2020,F,3/4/2021,Parks-SpecOps/Aquatcs/Forest/Cityw Sport,Operations,"Maint. of St., Sidewalks, Rights-of-way","3,300.00",0.00,0.00
20-0508-001,8/23/2020,F,3/22/2021,Police- S. Mountain Precinct 400,Police Vehicle,U-Turn,"13,889.63",0.00,"13,820.63"
20-0508-002,8/23/2020,O,,Police- S. Mountain Precinct 400,Police Vehicle,U-Turn,"90,000.00",0.00,0.00
20-0508-003,8/23/2020,O,,Police- S. Mountain Precinct 400,Police Vehicle,U-Turn,"85,000.00",0.00,0.00
20-0650-001,8/23/2020,F,4/22/2021,Street- Southeast Maint Dist,Light Truck,Falling Load/Rock,"488,044.72",0.00,0.00
20-0536-001,8/24/2020,F,12/10/2020,Water Distrib - Reservoir Yard,Operations,Construction Area,"253,500.00",0.00,0.00
20-0334-001,8/25/2020,F,12/7/2020,Water Distrib - Morten Yard,Operations,Change Meter,"3,000.00",0.00,860.00
20-0538-001,8/25/2020,F,12/16/2020,Water Distrib - Reservoir Yard,Operations,Damage by Mobile Equipment,381.00,0.00,0.00
20-0695-001,8/25/2020,F,2/26/2021,Police-TechSvcs/Rec-ID/Lab/Com911/Prop M,Police Vehicle,Failure to Yield,"6,688.39",0.00,"6,688.39"
20-0257-001,8/26/2020,F,11/16/2020,Non-City Claim,Other,Other,"20,000.00",0.00,0.00
20-0309-001,8/26/2020,F,10/9/2020,Pub Wks- Solid Waste Field Services Sout,Refuse/Garbage,Failure to Yield,"6,741.06",0.00,0.00
20-0823-001,8/26/2020,F,3/4/2021,Police-Tactcl/Air/SAU/Bomb/K-9/Dntown Op,Law Enforcement,Excessive Force,"500,000.00",0.00,0.00
20-0271-001,8/27/2020,F,10/7/2020,Fire- Admin/EMS/CAD-Alarm/Safety,Fire/EMS Operations,Forced Entry,566.63,0.00,566.63
20-0317-001,8/27/2020,F,12/17/2020,Police- Cactus Park Precinct 900,Police Vehicle,Rear End,"1,082.00",0.00,"1,290.84"
20-0599-001,8/27/2020,F,1/29/2021,Police- Central City Precinct 500,Police Vehicle,Rear End,725.17,0.00,725.17
20-0270-001,8/28/2020,F,10/27/2020,Wastewtr Engineering & Construction Mgt,Operations,Missing/Hit Cover,"1,748.35",0.00,915.00
20-0306-001,8/28/2020,F,10/27/2020,Street- Southwest Maint Dist,Operations,Pot Hole,"1,210.39",0.00,"1,150.00"
20-0260-001,8/29/2020,F,10/6/2020,Street- North Maint Dist,Operations,"Maint. of St., Sidewalks, Rights-of-way",240.00,0.00,216.12
20-0414-001,8/29/2020,F,1/20/2021,Fire Battalion 8,Fire/EMS Operations,Fire Misc,340.00,0.00,340.00
20-0671-001,8/29/2020,F,1/8/2021,Street- Southeast Maint Dist,Operations,"Maint. of St., Sidewalks, Rights-of-way",237.01,0.00,0.00
20-0708-001,8/29/2020,O,,Police- Desert Horizon Precinct 600,Police Vehicle,Collide with Pedestrian,"100,000.00",0.00,0.00
20-0346-001,8/30/2020,F,10/20/2020,Parks- Northeast Division,Operations,"Maint. of St., Sidewalks, Rights-of-way","1,500.00",0.00,0.00
20-0387-001,8/30/2020,F,11/13/2020,Pub Wks- Solid Waste Field Services East,Operations,Damage to Property/Injury to Persons,,0.00,0.00
20-0831-001,8/30/2020,F,3/11/2021,Street- Southeast Maint Dist,Operations,Debris/Object in Road,"21,720.53",0.00,0.00
20-0261-001,9/1/2020,F,11/10/2020,Parks- Northeast Division,Premises,Maint. Building/Premises,155.63,0.00,155.63
20-0261-002,9/1/2020,F,10/1/2020,Parks- Northeast Division,Premises,Maint. Building/Premises,397.03,0.00,397.03
20-0261-003,9/1/2020,F,10/14/2020,Parks- Northeast Division,Premises,Maint. Building/Premises,430.43,0.00,430.43
20-0261-004,9/1/2020,F,11/2/2020,Parks- Northeast Division,Premises,Maint. Building/Premises,259.77,0.00,259.77
20-0295-001,9/1/2020,F,1/12/2021,Pub Wks- Solid Waste Field Services East,Refuse/Garbage,Struck Fixed Object,,0.00,"1,828.41"
20-0301-001,9/1/2020,F,3/2/2021,Street- Southeast Maint Dist,Operations,Missing/Hit Cover,"30,363.62",0.00,0.00
20-0301-002,9/1/2020,F,12/23/2020,Street- Southeast Maint Dist,Operations,Missing/Hit Cover,"1,000.00",0.00,0.00
20-0523-001,9/1/2020,F,4/19/2021,Police - Estrella Mountain Precinct 300,Police Vehicle,Struck Fixed Object,"4,500.00",0.00,0.00
20-0303-001,9/2/2020,F,11/19/2020,Parks- South Division,Operations,"Maint. of St., Sidewalks, Rights-of-way",427.46,0.00,427.46
20-0335-001,9/2/2020,F,10/16/2020,Water Distrib - Reservoir Yard,Operations,Change Meter,"1,353.00",0.00,0.00
20-0350-001,9/2/2020,F,11/16/2020,Street- North Maint Dist,Operations,Tar/Paint/Oil,"6,886.29",0.00,0.00
20-0744-001,9/2/2020,F,3/22/2021,Police- Cactus Park Precinct 900,Law Enforcement,Forced Entry,"15,000.00",0.00,0.00
20-0828-001,9/2/2020,F,6/2/2021,Street- North Maint Dist,Operations,"Care, Custody, Control","3,500,000.00",0.00,0.00
20-0310-001,9/3/2020,F,9/30/2020,Street- Southeast Maint Dist,Operations,Damage by Mobile Equipment,"3,500.00",0.00,0.00
20-0753-001,9/3/2020,F,2/18/2021,Police- Central City Precinct 500,Police Vehicle,Rear End,"139,069.95",0.00,0.00
20-0826-001,9/3/2020,F,4/29/2021,Pub Wks- Solid Waste Field Services Sout,Refuse/Garbage,Struck Fixed Object,"2,656.21",0.00,0.00
20-0290-001,9/4/2020,F,9/25/2020,Parks- Northeast Division,Operations,"Maint. of St., Sidewalks, Rights-of-way",21.28,0.00,0.00
20-0290-002,9/4/2020,F,10/5/2020,Parks- Northeast Division,Operations,"Maint. of St., Sidewalks, Rights-of-way",289.00,0.00,0.00
20-0428-001,9/4/2020,F,1/25/2021,Pub Wks- Solid Waste Field Services East,Refuse/Garbage,Struck Fixed Object,"1,862.75",0.00,"3,645.00"
20-0584-001,9/4/2020,F,4/30/2021,Street- Southeast Maint Dist,Operations,Overhanging Tree,"2,920.12",0.00,"2,920.12"
20-0357-001,9/5/2020,F,2/23/2021,Water Distrib - Morten Yard,Operations,Water Main Break,"15,000.00",0.00,"11,650.60"
20-0357-002,9/5/2020,F,3/2/2021,Water Distrib - Morten Yard,Operations,Water Main Break,"15,702.18",0.00,"13,739.21"
20-0810-001,9/5/2020,O,,Water Distrib - Corona Yard,Operations,Water Main Break,"434,445.60",0.00,0.00
20-0324-001,9/7/2020,F,12/30/2020,Pub Wks- Solid Waste Field Services Sout,Refuse/Garbage,Struck Fixed Object,"2,716.48",0.00,0.00
20-0324-002,9/7/2020,F,1/8/2021,Pub Wks- Solid Waste Field Services Sout,Refuse/Garbage,Struck Fixed Object,"3,607.50",0.00,"1,500.00"
20-0333-001,9/7/2020,F,11/13/2020,Pub Wks- Solid Waste Field Services Sout,Refuse/Garbage,Struck Fixed Object,977.75,0.00,977.75
20-0341-001,9/8/2020,F,11/6/2020,Street- Southwest Maint Dist,Operations,Debris/Object in Road,"7,761.46",0.00,0.00
20-0425-001,9/8/2020,F,1/21/2021,Parks- Admin/Dir/Mgt Svcs/Parks Devlpmt,Light Truck,Falling Load/Rock,"7,361.54",0.00,0.00
20-0445-001,9/8/2020,F,11/20/2020,Water Distrib - Reservoir Yard,Operations,Damage by Mobile Equipment,700.00,0.00,0.00
20-0287-001,9/9/2020,F,6/15/2021,Police- Central City Precinct 500,Law Enforcement,Violate Civil Rights,"500,000,000.00",0.00,0.00
20-0337-001,9/9/2020,F,10/9/2020,Non-City Claim,Other,Other,"2,356.99",0.00,0.00
20-0477-001,9/9/2020,F,2/18/2021,Police- S. Mountain Precinct 400,Police Vehicle,Failure to Yield,"160,000.00",0.00,0.00
20-0737-001,9/9/2020,F,3/8/2021,Water Distrib - Corona Yard,Operations,Excavation Related,342.62,0.00,342.62
20-0289-001,9/10/2020,F,5/11/2021,Water Distrib - Cave Creek Yard,Operations,Water Main Break,"50,000.00",0.00,"33,842.31"
20-0300-001,9/10/2020,F,10/8/2020,Street- Central Maintenance Dist,Operations,Pot Hole,664.00,0.00,0.00
20-0679-001,9/10/2020,F,1/14/2021,Pub Wks- Solid Waste Field Services Sout,Refuse/Garbage,Struck Fixed Object,"3,500.00",0.00,0.00
20-0788-001,9/10/2020,O,,Police- S. Mountain Precinct 400,Police Vehicle,Rear End,"75,000.00",0.00,0.00
20-9010-001,9/10/2020,O,,Human Resources - Admin,Public Officials,Public Officials Liability,,0.00,0.00
20-0288-001,9/11/2020,F,3/10/2021,WSD- Wastewater Collection -  Blue Stake/Sewer Backups,Operations,Sewer Backup,"7,541.28",0.00,0.00
20-0291-001,9/11/2020,O,,Water Distrib - Reservoir Yard,Operations,Water Main Break,"10,000.00",0.00,"3,757.47"
20-0305-001,9/11/2020,F,11/9/2020,Pub Wks- Solid Waste Field Services West,Refuse/Garbage,Struck Fixed Object,"8,000.00",0.00,"4,655.97"
20-0443-001,9/11/2020,F,12/1/2020,Water Distrib - Reservoir Yard,Operations,Change Meter,497.00,0.00,497.00
20-0484-001,9/11/2020,F,1/29/2021,Street- Southeast Maint Dist,Operations,Construction Area,855.20,0.00,0.00
20-0800-001,9/11/2020,O,,Aviation- Sky Harbor Airport/Terminals,Premises,Maint. Building/Premises,"500,000.00",0.00,0.00
20-0800-002,9/11/2020,O,,Aviation- Sky Harbor Airport/Terminals,Premises,Maint. Building/Premises,"100,000.00",0.00,0.00
20-0302-001,9/12/2020,F,10/8/2020,Street- Southeast Maint Dist,Operations,Pot Hole,615.00,0.00,0.00
20-0344-001,9/12/2020,F,11/16/2020,Water Distrib - Corona Yard,Operations,Change Meter,149.99,0.00,0.00
20-0384-001,9/12/2020,O,,Street- Southwest Maint Dist,Operations,Pot Hole,500.00,0.00,0.00
20-0404-001,9/12/2020,F,11/30/2020,Police- Desert Horizon Precinct 600,Law Enforcement,"Care, Custody, Control","1,000.00",0.00,0.00
20-0383-001,9/13/2020,F,11/13/2020,Fire Battalion 4,Fire/EMS Operations,Damage to Property/Injury to Persons,"1,462.80",0.00,0.00
20-0398-001,9/13/2020,F,11/10/2020,Police- Maryvale Precinct 800,Law Enforcement,Excessive Force,"3,250.00",0.00,0.00
20-0444-001,9/13/2020,F,11/25/2020,Police- Cactus Park Precinct 900,Police Vehicle,Struck Fixed Object,"1,288.07",0.00,"1,603.07"
20-0880-001,9/13/2020,F,5/20/2021,Police- Maryvale Precinct 800,Law Enforcement,False Arrest,"350,000.00",0.00,0.00
20-0332-001,9/14/2020,F,10/20/2020,Pub Wks- Solid Waste Field Services East,Refuse/Garbage,Struck Fixed Object,"3,000.00",0.00,"5,987.00"
20-0648-001,9/14/2020,F,3/11/2021,Water Distrib - Reservoir Yard,Operations,Excavation Related,"11,272.04",0.00,"9,562.04"
20-0506-001,9/15/2020,F,12/29/2020,Street- Southwest Maint Dist,Operations,Damage to Property/Injury to Persons,706.28,0.00,706.28
20-0840-001,9/15/2020,R,3/22/2021,Street- North Maint Dist,Operations,Negligent Barricading,"1,800,000.00",0.00,0.00
20-0872-001,9/15/2020,O,,Pub Wks- Solid Waste Field Services East,Refuse/Garbage,Struck Fixed Object,"115,277.51",0.00,0.00
20-0876-001,9/15/2020,F,3/12/2021,Non-City Claim,Operations,Negligent Barricading,"250,000.00",0.00,0.00
20-0316-001,9/16/2020,F,10/23/2020,Pub Wks- Solid Waste Field Services West,Refuse/Garbage,Struck Fixed Object,625.95,0.00,625.95
20-0342-001,9/16/2020,F,10/19/2020,Pub Wks- Solid Waste Field Services West,Refuse/Garbage,Struck Fixed Object,560.00,0.00,550.00
20-0887-001,9/16/2020,O,,Pub Wks- Solid Waste Field Services East,Refuse/Garbage,Struck Fixed Object,"46,632.46",0.00,0.00
20-0340-001,9/17/2020,F,12/2/2020,Street- Southwest Maint Dist,Operations,Debris/Object in Road,"6,500.00",0.00,0.00
20-0422-001,9/17/2020,F,12/23/2020,Street- North Maint Dist,Operations,Pot Hole,"3,896.28",0.00,0.00
20-0430-001,9/17/2020,F,11/6/2020,Street- North Maint Dist,Operations,Damage by Mobile Equipment,126.65,0.00,0.00
20-0436-001,9/17/2020,F,11/17/2020,Pub Wks- Solid Waste Field Services East,Refuse/Garbage,Main/Vehicle/Int,275.00,0.00,275.00
20-0436-002,9/17/2020,F,11/20/2020,Pub Wks- Solid Waste Field Services East,Refuse/Garbage,Main/Vehicle/Int,"3,020.82",0.00,"3,020.82"
20-0436-003,9/17/2020,F,12/31/2020,Pub Wks- Solid Waste Field Services East,Refuse/Garbage,Mechanical Failure,847.47,0.00,847.47
20-0372-001,9/18/2020,F,10/14/2020,Pub Wks- Solid Waste Field Services West,Operations,"Care, Custody, Control","4,568.29",0.00,0.00
20-0408-011,9/18/2020,F,11/10/2020,Pub Wks- Solid Waste Field Services Nort,Operations,Damage by Mobile Equipment,150.00,0.00,0.00
20-0409-001,9/18/2020,F,11/20/2020,Street- North Maint Dist,Operations,Damage to Property/Injury to Persons,550.00,0.00,0.00
20-1185-001,9/18/2020,F,6/30/2021,Pub Wks- Solid Waste Field Services East,Refuse/Garbage,Struck Fixed Object,"1,950.00",0.00,0.00
20-0347-001,9/19/2020,F,10/23/2020,Fire- Admin/EMS/CAD-Alarm/Safety,Fire/EMS Operations,Forced Entry,350.00,0.00,0.00
20-0537-001,9/19/2020,F,5/17/2021,Street- Prev Maint/St Cleaning/Flooding,Operations,Excavation Related,"50,000.00",0.00,0.00
20-0710-001,9/19/2020,O,,Police-Tactcl/Air/SAU/Bomb/K-9/Dntown Op,Police Vehicle,Failure to Yield,"17,554.20",0.00,0.00
20-0327-001,9/20/2020,F,10/9/2020,Street- Southeast Maint Dist,Operations,Construction Area,500.00,0.00,0.00
20-0555-001,9/20/2020,F,12/11/2020,Pub Wks- Solid Waste Field Services Sout,Refuse/Garbage,Struck Fixed Object,375.39,0.00,0.00
20-0367-001,9/21/2020,F,12/7/2020,Street- Central Maintenance Dist,Operations,Pot Hole,491.51,0.00,290.00
20-0525-001,9/21/2020,F,4/23/2021,Police- Squaw Peak Precinct 700,Law Enforcement,Forced Entry,340.00,0.00,0.00
20-0543-001,9/21/2020,F,1/8/2021,Pub Wks- Solid Waste Field Services East,Refuse/Garbage,Struck Fixed Object,"2,433.54",0.00,0.00
20-0827-001,9/21/2020,F,4/15/2021,Pub Wks- Solid Waste Field Services East,Refuse/Garbage,Struck Fixed Object,"1,189.37",0.00,0.00
20-0336-001,9/22/2020,F,12/7/2020,Fire- Admin/EMS/CAD-Alarm/Safety,Medium/Heavy,Struck Fixed Object,"1,000.00",0.00,"1,020.00"
20-0524-001,9/22/2020,F,1/21/2021,Street- Southwest Maint Dist,Operations,Pot Hole,"1,546.87",0.00,0.00
20-0901-001,9/22/2020,O,,Police-Tactcl/Air/SAU/Bomb/K-9/Dntown Op,Law Enforcement,Auto Theft Related,"500,000.00",0.00,0.00
20-0361-001,9/23/2020,F,10/12/2020,Street- Central Maintenance Dist,Operations,Pot Hole,720.55,0.00,0.00
20-0689-001,9/23/2020,F,1/14/2021,Police- Central City Precinct 500,Law Enforcement,"Care, Custody, Control",353.00,0.00,0.00
20-0705-001,9/23/2020,F,3/8/2021,Fire- Admin/EMS/CAD-Alarm/Safety,Medium/Heavy,Failure to Yield,"3,187.56",0.00,"3,187.56"
20-0819-001,9/23/2020,F,6/24/2021,Police- Cactus Park Precinct 900,Law Enforcement,False Arrest,"500,000.00",0.00,0.00
20-0822-001,9/23/2020,F,3/2/2021,Transit- Phoenix Transit-Contract,Bus 21-75,Failure to Yield,"15,000.00",0.00,0.00
20-0566-001,9/24/2020,F,1/22/2021,Water Distrib - Cave Creek Yard,Operations,Damage to Property/Injury to Persons,730.00,0.00,0.00
20-0724-001,9/24/2020,O,,NSD- Neighborhood Preservation,Light Truck,Failure to Yield,"5,997.23",0.00,0.00
20-0339-001,9/25/2020,F,3/2/2021,Pub Wks- Solid Waste Field Services Sout,Refuse/Garbage,Struck Fixed Object,,0.00,"5,482.85"
20-0364-001,9/25/2020,F,11/20/2020,Street- Southwest Maint Dist,Operations,Debris/Object in Road,"3,012.67",0.00,0.00
20-0407-001,9/25/2020,F,12/9/2020,Water Distrib - Reservoir Yard,Operations,Water Service Related,739.20,0.00,739.20
20-0410-001,9/25/2020,F,11/30/2020,Street- Prev Maint/St Cleaning/Flooding,Operations,Debris/Object in Road,920.32,0.00,0.00
20-0674-001,9/26/2020,O,,Police- Central City Precinct 500,Police Vehicle,Failure to Yield,"130,000.00",0.00,0.00
20-0674-002,9/26/2020,O,,Police- Central City Precinct 500,Police Vehicle,Failure to Yield,"100,000.00",0.00,0.00
20-0824-001,9/26/2020,O,,Street- Traffic Ops/Invest/Sign-Stripe,Light Truck,Turning,"8,129.32",0.00,0.00
20-0824-002,9/26/2020,O,,Street- Traffic Ops/Invest/Sign-Stripe,Light Truck,Failure to Yield,"14,644.00",0.00,0.00
20-0824-003,9/26/2020,O,,Street- Traffic Ops/Invest/Sign-Stripe,Light Truck,Failure to Yield,"14,939.00",0.00,0.00
20-0839-001,9/26/2020,F,4/8/2021,Police- Desert Horizon Precinct 600,Law Enforcement,Search & Seizure,"49,999.00",0.00,0.00
20-0908-001,9/27/2020,O,,Police- Maryvale Precinct 800,Police Vehicle,U-Turn,"150,000.00",0.00,0.00
20-0908-002,9/27/2020,O,,Police- Maryvale Precinct 800,Police Vehicle,U-Turn,"80,000.00",0.00,0.00
20-0908-003,9/27/2020,F,5/6/2021,Police- Maryvale Precinct 800,Police Vehicle,U-Turn,"10,249.38",0.00,0.00
20-1117-001,9/27/2020,F,6/3/2021,Police-Inv/VCB-FIB-Drug Enf-OCB-Prop Cri,Police Vehicle,Struck Fixed Object,"4,875.00",0.00,0.00
20-0373-001,9/29/2020,F,11/17/2020,Street- Central Maintenance Dist,Operations,Tar/Paint/Oil,160.00,0.00,160.00
20-0386-001,9/29/2020,F,11/5/2020,Street- Central Maintenance Dist,Medium/Heavy,Rear End,400.00,0.00,400.00
20-0505-001,9/29/2020,F,12/29/2020,Street- Southwest Maint Dist,Operations,Damage to Property/Injury to Persons,706.28,0.00,706.28
20-0375-001,9/30/2020,F,10/13/2020,Non-City Claim,Non-City,Non-City Claim,"1,447.38",0.00,0.00
20-0595-001,9/30/2020,F,1/28/2021,Parks- Northeast Division,Operations,"Maint. of St., Sidewalks, Rights-of-way","2,837.87",0.00,0.00
20-0354-001,10/1/2020,O,,Water Distrib - Corona Yard,Operations,Water Main Break,"35,000.00",0.00,"21,815.69"
20-0370-001,10/1/2020,F,10/23/2020,Pub Wks- Solid Waste Field Services Sout,Refuse/Garbage,Failure to Yield,"2,200.00",0.00,0.00
20-0376-001,10/1/2020,F,12/4/2020,Street- Southwest Maint Dist,Operations,Pot Hole,"2,500.00",0.00,"2,500.00"
20-0406-001,10/1/2020,F,11/18/2020,Water Distrib - Corona Yard,Operations,Damage to Property/Injury to Persons,"1,540.31",0.00,"1,720.31"
20-0418-001,10/1/2020,F,5/20/2021,Police- Central City Precinct 500,Law Enforcement,Forced Entry,"8,499.00",0.00,0.00
20-0439-001,10/2/2020,F,12/4/2020,Street- Southwest Maint Dist,Operations,Pot Hole,"1,096.25",0.00,"1,096.25"
20-0539-001,10/2/2020,F,4/19/2021,Street- Southwest Maint Dist,Operations,Pot Hole,800.00,0.00,0.00
20-0832-001,10/2/2020,O,,Police- Central City Precinct 500,Law Enforcement,"Care, Custody, Control","1,900.00",0.00,0.00
20-0358-001,10/3/2020,F,2/19/2021,Pub Wks- Solid Waste Field Services West,Medium/Heavy,Struck Fixed Object,,0.00,"2,395.21"
20-0360-001,10/3/2020,F,11/19/2020,Street- Southwest Maint Dist,Operations,Pot Hole,592.95,0.00,0.00
20-0369-001,10/3/2020,F,12/11/2020,Water Distrib - Morten Yard,Light Truck,Failure to Yield,"3,000.00",0.00,"3,584.45"
20-0642-001,10/3/2020,F,3/4/2021,Pub Wks- Solid Waste Field Services Sout,Operations,Damage by Mobile Equipment,150.00,0.00,0.00
20-0926-001,10/3/2020,O,,Police- S. Mountain Precinct 400,Police Vehicle,Police Pursuit,"4,000,000.00",0.00,0.00
20-0926-002,10/3/2020,O,,Police- S. Mountain Precinct 400,Police Vehicle,Police Pursuit,"6,000,000.00",0.00,0.00
20-0363-001,10/4/2020,O,,Water Distrib - Corona Yard,Operations,Water Main Break,"125,000.00",0.00,"5,529.04"
20-0400-001,10/4/2020,F,11/19/2020,Street- Central Maintenance Dist,Operations,Pot Hole,350.00,0.00,0.00
20-0411-001,10/5/2020,F,11/13/2020,Street- Southwest Maint Dist,Operations,Pot Hole,"1,300.00",0.00,0.00
20-0501-001,10/5/2020,F,12/9/2020,Fire- Admin/EMS/CAD-Alarm/Safety,Light Truck,Struck Fixed Object,"1,752.38",0.00,"1,752.38"
20-0768-001,10/5/2020,F,2/25/2021,Police- Central City Precinct 500,Law Enforcement,"Care, Custody, Control","14,500.00",0.00,0.00
20-0900-001,10/5/2020,F,5/18/2021,Street- Southwest Maint Dist,Operations,Pot Hole,505.27,0.00,505.27
20-0377-001,10/6/2020,F,12/9/2020,Street- Southwest Maint Dist,Operations,Pot Hole,660.00,0.00,660.00
20-0421-001,10/7/2020,F,12/11/2020,Street- Central Maintenance Dist,Operations,Debris/Object in Road,"1,796.76",0.00,0.00
20-0497-001,10/7/2020,F,12/11/2020,NON-CITY DEPT,Van 0-9 Passenger,Failure to Yield,"9,129.03",0.00,0.00
20-0378-001,10/8/2020,F,11/23/2020,Street- Central Maintenance Dist,Operations,Pot Hole,287.41,0.00,287.41
20-0379-001,10/8/2020,F,12/1/2020,Planning Director's Office - Admin,Sedan,Lane Change/Pass,"5,928.38",0.00,"5,928.38"
20-0532-001,10/8/2020,F,12/11/2020,Pub Wks- Solid Waste Field Services Sout,Refuse/Garbage,Struck Fixed Object,"2,800.00",0.00,0.00
20-9005-001,10/8/2020,F,12/8/2020,Police - Northern Precinct 200,Law Enforcement,Violate Civil Rights,,0.00,0.00
20-0434-001,10/9/2020,F,12/15/2020,Pub Wks- Solid Waste Field Services Nort,Refuse/Garbage,Struck Fixed Object,"3,125.00",0.00,"3,125.00"
20-0440-001,10/9/2020,F,12/1/2020,Police - Northern Precinct 200,Police Vehicle,Struck Fixed Object,918.47,0.00,918.47
20-0454-001,10/9/2020,F,12/11/2020,Police - Estrella Mountain Precinct 300,Law Enforcement,"Care, Custody, Control",543.08,0.00,543.08
20-0515-001,10/9/2020,F,12/11/2020,Street- North Maint Dist,Operations,Construction Area,879.35,0.00,0.00
20-0789-001,10/9/2020,F,2/25/2021,Parks- Northeast Division,Operations,"Maint. of St., Sidewalks, Rights-of-way","15,262.71",0.00,0.00
20-0816-001,10/9/2020,F,3/4/2021,Police-Tactcl/Air/SAU/Bomb/K-9/Dntown Op,Motorcycle,Failure to Yield,"2,939.48",0.00,0.00
20-0894-001,10/9/2020,O,,Wastewtr Engineering & Construction Mgt,Operations,Construction Area,363.00,0.00,0.00
20-0479-001,10/11/2020,F,12/1/2020,Street- Southwest Maint Dist,Operations,Pot Hole,546.00,0.00,190.00
20-0479-002,10/11/2020,F,1/20/2021,Street- Southwest Maint Dist,Operations,Pot Hole,732.05,0.00,732.05
20-0891-001,10/11/2020,F,6/23/2021,Street- Southwest Maint Dist,Operations,Pot Hole,"1,233.26",0.00,"1,135.00"
20-0399-011,10/12/2020,F,11/2/2020,Street- Southeast Maint Dist,Operations,Debris/Object in Road,"1,500.00",0.00,0.00
20-0401-001,10/12/2020,F,12/1/2020,Pub Wks- Solid Waste Field Services East,Operations,Damage by Mobile Equipment,,0.00,"3,298.00"
20-0432-001,10/12/2020,F,12/1/2020,Pub Wks- Solid Waste Field Services East,Refuse/Garbage,Struck Fixed Object,500.00,0.00,500.00
20-0483-001,10/12/2020,F,12/1/2020,Police- Desert Horizon Precinct 600,Police Vehicle,Struck Fixed Object,"2,513.59",0.00,"2,237.58"
20-0487-001,10/12/2020,F,12/11/2020,Street- Southeast Maint Dist,Operations,Debris/Object in Road,386.95,0.00,0.00
20-0527-001,10/12/2020,O,,Fire-Fire Prevention/Resource Mgt/Haz Ma,Fire/EMS Operations,Improper Handling,"880,000.00",0.00,0.00
20-0570-001,10/12/2020,R,1/29/2021,Pub Wks- Solid Waste Field Services Nort,Refuse/Garbage,Mechanical Failure,"17,115.00",0.00,0.00
20-0417-001,10/13/2020,F,1/11/2021,Water Distrib - Reservoir Yard,Operations,Water Main Break,"8,000.00",0.00,0.00
20-0426-001,10/13/2020,F,11/18/2020,Street- Central Maintenance Dist,Operations,Damage by Mobile Equipment,80.00,0.00,0.00
20-0441-001,10/13/2020,F,12/11/2020,Street- Southwest Maint Dist,Operations,Pot Hole,653.66,0.00,326.83
20-0416-001,10/14/2020,F,1/20/2021,Police- S. Mountain Precinct 400,Law Enforcement,Damage to Property,999.00,0.00,999.00
20-0489-001,10/14/2020,F,11/20/2020,Parks- South Division,Operations,Overhanging Tree,508.01,0.00,0.00
20-0556-001,10/14/2020,F,12/11/2020,Pub Wks- Solid Waste Field Services Nort,Medium/Heavy,Failure to Yield,"4,760.00",0.00,0.00
20-0682-001,10/14/2020,F,2/24/2021,Water Distrib - Cave Creek Yard,Operations,Water Main Break,417.22,0.00,417.22
20-0419-001,10/15/2020,F,11/20/2020,Housing-Admin/Occupancy/Mgt Services,Light Truck,Falling Load/Rock,"1,000.00",0.00,0.00
20-0433-001,10/15/2020,F,12/15/2020,Pub Wks- Solid Waste Field Services East,Refuse/Garbage,Struck Fixed Object,"1,449.54",0.00,"1,449.54"
20-0968-001,10/16/2020,F,4/8/2021,Non-City Claim,Operations,Other,517.18,0.00,0.00
20-0969-001,10/16/2020,O,,Police - Estrella Mountain Precinct 300,Police Vehicle,Rear End,"19,550.07",0.00,0.00
20-1087-001,10/16/2020,F,6/10/2021,Housing-Senior Hous/Scattered Sites/Sec,Premises,Maint. Building/Premises,"22,976.62",0.00,0.00
20-0488-001,10/17/2020,F,11/30/2020,Water Distrib - Morten Yard,Operations,Change Meter,"1,093.53",0.00,0.00
20-0528-001,10/17/2020,F,3/17/2021,Water Distrib - Morten Yard,Operations,Damage by Mobile Equipment,270.96,0.00,0.00
20-0780-001,10/17/2020,F,4/28/2021,Street- Traffic Ops/Invest/Sign-Stripe,Light Truck,Failure to Yield,"4,711.99",0.00,0.00
20-0945-001,10/17/2020,O,,Police- Central City Precinct 500,Law Enforcement,False Arrest,"1,000,000.00",0.00,0.00
20-0945-002,10/17/2020,O,,Police- Central City Precinct 500,Law Enforcement,False Arrest,"1,000,000.00",0.00,0.00
20-0945-003,10/17/2020,O,,Police- Central City Precinct 500,Law Enforcement,False Arrest,"1,000,000.00",0.00,0.00
20-0945-004,10/17/2020,O,,Police- Central City Precinct 500,Law Enforcement,False Arrest,"5,000,000.00",0.00,0.00
20-0967-001,10/17/2020,F,4/8/2021,Street- Southwest Maint Dist,Operations,"Maint. of St., Sidewalks, Rights-of-way","3,377.71",0.00,0.00
20-1104-001,10/17/2020,O,,Police- Central City Precinct 500,Law Enforcement,False Arrest,"3,500,000.00",0.00,0.00
20-1104-002,10/17/2020,O,,Police- Central City Precinct 500,Law Enforcement,False Arrest,"3,500,000.00",0.00,0.00
20-1104-003,10/17/2020,O,,Police- Central City Precinct 500,Law Enforcement,False Arrest,"3,500,000.00",0.00,0.00
20-1104-004,10/17/2020,O,,Police- Central City Precinct 500,Law Enforcement,False Arrest,"3,500,000.00",0.00,0.00
20-1104-005,10/17/2020,O,,Police- Central City Precinct 500,Law Enforcement,False Arrest,"3,500,000.00",0.00,0.00
20-1104-006,10/17/2020,O,,Police- Central City Precinct 500,Law Enforcement,False Arrest,"3,500,000.00",0.00,0.00
20-1104-007,10/17/2020,O,,Police- Central City Precinct 500,Law Enforcement,False Arrest,"3,500,000.00",0.00,0.00
20-1104-008,10/17/2020,O,,Police- Central City Precinct 500,Law Enforcement,False Arrest,"3,500,000.00",0.00,0.00
20-1104-009,10/17/2020,O,,Police- Central City Precinct 500,Law Enforcement,False Arrest,"3,500,000.00",0.00,0.00
20-1104-010,10/17/2020,O,,Police- Central City Precinct 500,Law Enforcement,False Arrest,"3,500,000.00",0.00,0.00
20-1104-011,10/17/2020,O,,Police- Central City Precinct 500,Law Enforcement,False Arrest,"3,500,000.00",0.00,0.00
20-1104-012,10/17/2020,O,,Police- Central City Precinct 500,Law Enforcement,False Arrest,"3,500,000.00",0.00,0.00
20-0427-001,10/19/2020,F,12/11/2020,Pub Wks- Solid Waste Field Services Sout,Refuse/Garbage,Struck Fixed Object,923.72,0.00,923.72
20-0518-001,10/19/2020,F,3/1/2021,Pub Wks- Solid Waste Field Services East,Refuse/Garbage,Struck Fixed Object,500.00,0.00,500.00
20-0675-001,10/19/2020,F,12/28/2020,Transit- Phoenix Transit-Contract,Bus 21-75,Rear End,"18,000.00",0.00,0.00
20-0865-001,10/19/2020,F,3/25/2021,Street- Southeast Maint Dist,Operations,Pot Hole,"1,891.82",0.00,0.00
20-0888-001,10/19/2020,F,4/19/2021,Water Distrib - Morten Yard,Operations,Water Main Break,"3,026.98",0.00,"3,026.98"
20-0452-001,10/20/2020,F,11/12/2020,Street- Southwest Maint Dist,Operations,Debris/Object in Road,789.44,0.00,0.00
20-0460-001,10/20/2020,F,12/3/2020,Police-TechSvcs/Rec-ID/Lab/Com911/Prop M,Law Enforcement,"Care, Custody, Control",200.00,0.00,0.00
20-0936-001,10/20/2020,O,,Police- Squaw Peak Precinct 700,Law Enforcement,Shooting,"12,000,000.00",0.00,0.00
20-0936-002,10/20/2020,O,,Police- Squaw Peak Precinct 700,Law Enforcement,Shooting,,0.00,0.00
20-0936-003,10/20/2020,O,,Police- Squaw Peak Precinct 700,Law Enforcement,Shooting,"12,000,000.00",0.00,0.00
20-0448-001,10/21/2020,F,12/16/2020,Parks- Northwest Division,Premises,Maint. Building/Premises,772.00,0.00,772.00
20-0540-001,10/21/2020,F,12/16/2020,Police- Maryvale Precinct 800,Police Vehicle,Turning,"1,109.96",0.00,"1,359.96"
20-0559-001,10/21/2020,F,3/2/2021,Pub Wks- Solid Waste Field Services East,Refuse/Garbage,Struck Fixed Object,"3,500.00",0.00,"2,427.63"
20-0474-001,10/22/2020,O,,Housing-Admin/Occupancy/Mgt Services,Employment,Sex Harassment,,0.00,0.00
20-0564-001,10/22/2020,F,3/4/2021,Police- Cactus Park Precinct 900,Law Enforcement,"Care, Custody, Control",281.00,0.00,0.00
20-0725-001,10/22/2020,O,,Police- S. Mountain Precinct 400,Law Enforcement,Damage to Property,"2,800.00",0.00,"2,800.00"
20-0656-001,10/23/2020,F,2/16/2021,Pub Wks- Solid Waste Field Services West,Operations,Damage by Mobile Equipment,"1,542.00",0.00,"1,542.00"
20-0980-001,10/23/2020,O,,Police-Tactcl/Air/SAU/Bomb/K-9/Dntown Op,Police Vehicle,Emergency Maneuver,"600,000.00",0.00,0.00
20-0813-001,10/24/2020,O,,Fire- Admin/EMS/CAD-Alarm/Safety,Medium/Heavy,Struck Fixed Object,"5,296.06",0.00,0.00
20-0461-001,10/25/2020,F,7/8/2021,Police - Northern Precinct 200,Law Enforcement,Excessive Force,,0.00,0.00
20-0461-002,10/25/2020,F,3/2/2021,Police - Northern Precinct 200,Law Enforcement,Shooting,"2,791.54",0.00,"2,387.86"
20-0461-003,10/25/2020,F,2/1/2021,Police - Northern Precinct 200,Law Enforcement,Shooting,"3,737.49",0.00,"3,734.49"
20-0461-004,10/25/2020,F,4/30/2021,Police - Northern Precinct 200,Law Enforcement,Shooting,446.04,0.00,446.04
20-0478-001,10/25/2020,F,6/18/2021,Parks- Northeast Division,Operations,Overhanging Tree,"3,149.84",0.00,"1,105.77"
20-0521-001,10/25/2020,F,12/29/2020,Police-Inv/VCB-FIB-Drug Enf-OCB-Prop Cri,Law Enforcement,Shooting,"1,069.02",0.00,"1,069.02"
20-0743-001,10/25/2020,O,,Aviation- Sky Harbor Airport/Terminals,Premises,Other,"500,000.00",0.00,0.00
20-0424-001,10/26/2020,F,12/2/2020,Water Distrib - Reservoir Yard,Operations,Change Meter,260.00,0.00,0.00
20-0519-001,10/26/2020,F,12/31/2020,Street- Southeast Maint Dist,Operations,Overhanging Tree,"9,765.07",0.00,0.00
20-0531-001,10/26/2020,F,12/11/2020,Street- North Maint Dist,Operations,Pot Hole,"4,543.08",0.00,0.00
20-0747-001,10/26/2020,F,3/5/2021,Aviation-Admin/Acctg/Personnel/Bus & Pro,Operations,Damage to Property/Injury to Persons,"28,000.00",0.00,0.00
20-0747-002,10/26/2020,O,,Aviation-Admin/Acctg/Personnel/Bus & Pro,Operations,Damage to Property/Injury to Persons,"35,000.00",0.00,0.00
20-0982-001,10/26/2020,R,4/27/2021,Non-City Claim,Other,Other,"25,010,000.00",0.00,0.00
20-0982-002,10/26/2020,R,4/30/2021,Non-City Claim,Other,Other,"25,000.00",0.00,0.00
20-0455-001,10/27/2020,F,6/4/2021,Water Distrib - Reservoir Yard,Operations,Water Main Break,"1,063.00",0.00,"1,063.00"
20-0480-001,10/27/2020,O,,Police- Desert Horizon Precinct 600,Police Vehicle,Rear End,"1,357.53",0.00,"1,532.53"
20-0482-001,10/27/2020,F,12/22/2020,Pub Wks- Solid Waste Field Services East,Refuse/Garbage,Struck Fixed Object,"5,700.00",0.00,"5,700.00"
20-0563-001,10/27/2020,F,1/8/2021,Police- Central City Precinct 500,Police Vehicle,Struck Fixed Object,"1,511.78",0.00,0.00
20-0600-001,10/27/2020,F,1/26/2021,Water Distrib - Cave Creek Yard,Operations,Water Main Break,"5,000.00",0.00,"4,883.19"
20-0600-002,10/27/2020,F,6/18/2021,Water Distrib - Cave Creek Yard,Operations,Water Main Break,"35,000.00",0.00,"25,000.00"
20-0933-001,10/27/2020,F,4/7/2021,Street- Southeast Maint Dist,Operations,Damage to Property/Injury to Persons,"1,614.30",0.00,0.00
20-0962-001,10/27/2020,O,,Pub Wks- Solid Waste Field Services West,Refuse/Garbage,Struck Fixed Object,500.00,0.00,0.00
20-1016-001,10/27/2020,F,5/3/2021,Housing-Senior Hous/Scattered Sites/Sec,Premises,Maint. Building/Premises,110.00,0.00,0.00
20-0429-001,10/28/2020,F,3/2/2021,Pub Wks- Solid Waste Field Services East,Refuse/Garbage,Struck Fixed Object,"12,821.61",0.00,"8,321.86"
20-0546-001,10/28/2020,F,12/11/2020,Non-City Claim,Non-City,Non-City Claim,"2,500.00",0.00,0.00
20-0541-001,10/29/2020,F,1/25/2021,Water Distrib - Morten Yard,Operations,Debris/Object in Road,699.00,0.00,699.00
20-1138-001,10/29/2020,F,6/9/2021,Pub Wks- Solid Waste Field Services West,Medium/Heavy,Falling Load/Rock,746.98,0.00,0.00
20-0475-001,10/30/2020,F,11/13/2020,Non-City Claim,Other,Other,200.00,0.00,0.00
20-0495-001,10/30/2020,F,12/9/2020,Pub Wks- Solid Waste Field Services Sout,Operations,Damage by Mobile Equipment,319.00,0.00,319.00
20-0791-001,10/30/2020,F,3/30/2021,Fire- Admin/EMS/CAD-Alarm/Safety,Medium/Heavy,Failure to Yield,"1,597.90",0.00,798.95
20-1065-001,10/30/2020,O,,Police - Northern Precinct 200,Law Enforcement,Violate Civil Rights,"19,000.00",0.00,0.00
20-0491-001,10/31/2020,F,3/2/2021,Water Distrib - Morten Yard,Operations,Water Main Break,"1,500.00",0.00,972.42
20-0512-001,11/1/2020,F,12/11/2020,Street- Southwest Maint Dist,Operations,Pot Hole,75.06,0.00,0.00
20-0516-001,11/2/2020,F,3/2/2021,Pub Wks- Solid Waste Field Services Nort,Refuse/Garbage,Struck Fixed Object,"10,000.00",0.00,"4,400.10"
20-0547-001,11/2/2020,F,3/5/2021,Aviation- Sky Harbor Airport/Terminals,Operations,Damage to Property/Injury to Persons,"1,073.43",0.00,0.00
20-0677-001,11/2/2020,F,3/11/2021,Police- Admin/Fiscal-Mgt Svcs/Prof Stds,Law Enforcement,"Care, Custody, Control",200.00,0.00,95.00
20-0476-001,11/3/2020,F,3/2/2021,Water Distrib - Corona Yard,Operations,Water Main Break,"5,000.00",0.00,"4,500.00"
20-0476-002,11/3/2020,F,1/19/2021,Water Distrib - Corona Yard,Operations,Water Main Break,"15,000.00",0.00,"2,474.33"
20-0476-003,11/3/2020,F,1/14/2021,Water Distrib - Corona Yard,Operations,Water Main Break,"2,500.00",0.00,"1,488.31"
20-0476-004,11/3/2020,F,1/14/2021,Water Distrib - Corona Yard,Operations,Water Main Break,"5,000.00",0.00,"2,500.00"
20-0476-005,11/3/2020,F,1/14/2021,Water Distrib - Corona Yard,Operations,Water Main Break,"2,500.00",0.00,"1,412.19"
20-0494-001,11/3/2020,F,1/26/2021,Street- Design and Construction Mgt,Light Truck,Failure to Yield,"1,212.64",0.00,"1,387.64"
20-0976-001,11/3/2020,F,5/6/2021,Street- Southeast Maint Dist,Operations,Negligent Barricading,"525,000.00",0.00,0.00
20-0542-001,11/4/2020,F,12/29/2020,Parks- South Division,Operations,Overhanging Tree,"6,367.00",0.00,"6,808.52"
20-0557-001,11/4/2020,F,12/11/2020,Pub Wks- Solid Waste Field Services West,Refuse/Garbage,Struck Fixed Object,"3,600.00",0.00,0.00
20-1032-001,11/4/2020,F,5/5/2021,Street- Southwest Maint Dist,Operations,Negligent Design,"8,000,000.00",0.00,0.00
20-1032-002,11/4/2020,F,5/5/2021,Street- Southwest Maint Dist,Operations,Negligent Design,"1,000,000.00",0.00,0.00
20-0569-001,11/5/2020,F,3/2/2021,Pub Wks- Solid Waste Field Services Nort,Operations,Damage by Mobile Equipment,"5,674.53",0.00,"4,893.94"
20-0685-001,11/5/2020,F,1/14/2021,Street- North Maint Dist,Operations,"Maint. of St., Sidewalks, Rights-of-way",750.00,0.00,0.00
20-1030-001,11/5/2020,F,5/5/2021,Pub Wks- Solid Waste Field Services West,Refuse/Garbage,Struck Fixed Object,"7,100.00",0.00,0.00
20-0723-001,11/7/2020,F,1/28/2021,Police- S. Mountain Precinct 400,Law Enforcement,"Care, Custody, Control",305.89,0.00,0.00
20-0776-001,11/7/2020,F,4/5/2021,Fire- Admin/EMS/CAD-Alarm/Safety,Operations,Damage to Property/Injury to Persons,"1,295.00",0.00,"1,295.00"
20-0510-001,11/8/2020,F,2/23/2021,Water Distrib - Reservoir Yard,Operations,Water Main Break,,0.00,"12,029.97"
20-0575-001,11/9/2020,F,1/14/2021,Pub Wks- Solid Waste Field Services East,Medium/Heavy,Struck Fixed Object,"8,245.60",0.00,0.00
20-0579-001,11/9/2020,F,1/14/2021,Street- Southeast Maint Dist,Operations,Damage by Mobile Equipment,"3,565.73",0.00,0.00
20-0638-001,11/9/2020,F,3/4/2021,Police- Maryvale Precinct 800,Law Enforcement,Damage to Property,653.02,0.00,0.00
20-0904-001,11/9/2020,F,4/30/2021,Water Distrib - Cave Creek Yard,Operations,Excavation Related,"1,785.00",0.00,"1,785.00"
20-1041-001,11/9/2020,F,5/20/2021,Non-City Claim,Non-City,Non-City Claim,"1,000,000.00",0.00,0.00
20-0513-001,11/10/2020,F,5/17/2021,Police - Northern Precinct 200,Law Enforcement,"Care, Custody, Control",,0.00,0.00
20-0610-002,11/11/2020,O,,Police- Maryvale Precinct 800,Police Vehicle,Failure to Yield,"16,981.74",0.00,0.00
20-1026-001,11/11/2020,O,,Aviation- Sky Harbor Airport/Terminals,Bus 21-75,Fall Inside Vehicle,"49,500.00",0.00,0.00
20-0778-001,11/12/2020,F,3/8/2021,Pub Wks- Solid Waste Field Services West,Refuse/Garbage,Struck Fixed Object,"1,900.00",0.00,"1,900.00"
20-0529-001,11/13/2020,F,12/8/2020,Pub Wks- Solid Waste Field Services West,Refuse/Garbage,Struck Fixed Object,"3,600.00",0.00,"4,024.26"
20-0714-001,11/13/2020,F,3/5/2021,Aviation- Sky Harbor Airport/Terminals,Premises,Maint. Building/Premises,"3,988.24",0.00,0.00
20-1048-001,11/13/2020,O,,Police- Maryvale Precinct 800,Law Enforcement,Shooting,"6,500,000.00",0.00,0.00
20-0721-001,11/14/2020,F,5/7/2021,Parks- South Division,Light Truck,Backing,"2,481.33",0.00,"2,974.16"
20-1029-001,11/14/2020,O,,Street- Central Maintenance Dist,Operations,"Maint. of St., Sidewalks, Rights-of-way","75,000.00",0.00,0.00
20-0730-001,11/15/2020,F,4/16/2021,Street- North Maint Dist,Operations,Pot Hole,664.00,0.00,170.00
20-0517-001,11/16/2020,O,,Pub Wks- Solid Waste Field Services West,Refuse/Garbage,Struck Fixed Object,,0.00,300.69
20-0526-001,11/16/2020,F,12/9/2020,Street- Central Maintenance Dist,Operations,Pot Hole,605.38,0.00,0.00
20-0534-001,11/16/2020,F,11/30/2020,Transit- Phoenix Transit-Contract,Bus 21-75,Lane Change/Pass,"4,813.63",0.00,0.00
20-1025-001,11/16/2020,F,5/20/2021,Water Distrib - Corona Yard,Operations,Damage by Mobile Equipment,781.24,0.00,0.00
20-0815-001,11/17/2020,F,6/15/2021,Street- Traffic Ops/Invest/Sign-Stripe,Light Truck,Failure to Yield,"12,682.30",0.00,"12,682.30"
20-0815-002,11/17/2020,O,,Street- Traffic Ops/Invest/Sign-Stripe,Light Truck,Failure to Yield,"190,000.00",0.00,0.00
20-0690-001,11/18/2020,F,1/28/2021,Street- Southwest Maint Dist,Medium/Heavy,Other,160.00,0.00,0.00
20-0553-001,11/19/2020,F,5/11/2021,Housing-Senior Hous/Scattered Sites/Sec,Premises,Maint. Building/Premises,"18,000.00",0.00,0.00
20-0553-002,11/19/2020,F,5/11/2021,Housing-Senior Hous/Scattered Sites/Sec,Premises,Maint. Building/Premises,"14,000.00",0.00,0.00
20-0664-001,11/19/2020,F,5/18/2021,Pub Wks- Solid Waste Field Services East,Operations,Damage by Mobile Equipment,750.00,0.00,750.00
20-0762-001,11/19/2020,F,4/9/2021,Street- Southeast Maint Dist,Operations,Pot Hole,"1,667.13",0.00,0.00
20-1088-001,11/19/2020,O,,Water Distrib - Reservoir Yard,Operations,Change Meter,"152,557.11",0.00,0.00
20-9007-001,11/19/2020,O,,NSD- Admin Services,Professional E&O,Negligent Inspection,,0.00,0.00
20-0548-001,11/21/2020,F,2/23/2021,Water Distrib - Corona Yard,Operations,Water Main Break,"5,000.00",0.00,"3,907.88"
20-1100-001,11/21/2020,O,,Police- Desert Horizon Precinct 600,Law Enforcement,False Arrest,"300,000.00",0.00,0.00
20-0681-001,11/23/2020,F,4/6/2021,Street- Southwest Maint Dist,Operations,Pot Hole,600.00,0.00,460.00
20-1040-001,11/23/2020,O,,Street- Southwest Maint Dist,Operations,Pot Hole,"766,750.00",0.00,0.00
20-0572-001,11/24/2020,F,5/10/2021,Pub Wks- Solid Waste Field Services Nort,Refuse/Garbage,Struck Fixed Object,299.99,0.00,271.49
20-0742-001,11/24/2020,F,2/8/2021,Transit- Admin/Bus Shelters-Benches,Operations,Damage to Property/Injury to Persons,"2,500.00",0.00,0.00
20-0574-001,11/26/2020,F,2/24/2021,Street- Southwest Maint Dist,Operations,Pot Hole,558.00,0.00,0.00
20-0554-001,11/27/2020,F,12/31/2020,Street- Southwest Maint Dist,Operations,Pot Hole,"2,000.00",0.00,0.00
20-0588-001,11/27/2020,F,1/29/2021,Street- Southeast Maint Dist,Operations,Construction Area,625.00,0.00,0.00
20-0686-001,11/27/2020,F,2/1/2021,Pub Wks- Solid Waste Field Services East,Refuse/Garbage,Struck Fixed Object,570.00,0.00,570.00
20-1107-001,11/27/2020,F,6/10/2021,Police- Maryvale Precinct 800,Law Enforcement,Failure/Negligent Investigation,"2,401,499.99",0.00,0.00
20-0567-001,11/28/2020,F,1/20/2021,Pub Wks- Solid Waste Field Services Sout,Refuse/Garbage,Mechanical Failure,"2,185.00",0.00,"1,310.00"
20-0591-001,11/29/2020,F,1/20/2021,Street- Southeast Maint Dist,Operations,Pot Hole,"3,638.51",0.00,"1,819.26"
20-1106-001,11/29/2020,F,6/1/2021,Transit- Phoenix Transit-Contract,Bus 21-75,Failure to Yield,"75,000.00",0.00,0.00
20-1114-001,11/29/2020,O,,Non-City Claim,Non-City,Non-City Claim,"500,000.00",0.00,0.00
20-0550-001,11/30/2020,O,,Police- Cactus Park Precinct 900,Law Enforcement,Shooting,,0.00,0.00
20-0550-002,11/30/2020,O,,Police- Cactus Park Precinct 900,Law Enforcement,Shooting,"10,000,000.00",0.00,0.00
20-0550-003,11/30/2020,O,,Police- Cactus Park Precinct 900,Law Enforcement,Shooting,"10,000,000.00",0.00,0.00
20-0585-001,11/30/2020,F,2/24/2021,Water Distrib - Corona Yard,Operations,Water Hammer,575.00,0.00,575.00
20-0717-001,11/30/2020,F,3/3/2021,Water Distrib - Reservoir Yard,Operations,Damage by Mobile Equipment,225.00,0.00,225.00
20-0825-001,11/30/2020,F,6/3/2021,Police-Inv/VCB-FIB-Drug Enf-OCB-Prop Cri,Police Vehicle,Rear End,"3,007.30",0.00,0.00
20-0825-002,11/30/2020,O,,Police-Inv/VCB-FIB-Drug Enf-OCB-Prop Cri,Police Vehicle,Rear End,"50,047.86",0.00,0.00
20-1093-001,11/30/2020,O,,Planning Director's Office - Admin,Light Truck,Failure to Yield,"175,000.00",0.00,0.00
20-1093-002,11/30/2020,O,,Planning Director's Office - Admin,Light Truck,Failure to Yield,"50,000.00",0.00,0.00
20-1093-003,11/30/2020,O,,Planning Director's Office - Admin,Light Truck,Failure to Yield,"50,000.00",0.00,0.00
20-1093-004,11/30/2020,O,,Planning Director's Office - Admin,Light Truck,Failure to Yield,"15,761.30",0.00,0.00
20-0560-001,12/1/2020,F,1/20/2021,Street- North Maint Dist,Operations,Pot Hole,"5,159.00",0.00,"1,289.76"
20-0580-001,12/1/2020,F,2/5/2021,Police- Central City Precinct 500,Law Enforcement,"Care, Custody, Control","1,248.85",0.00,"1,248.85"
20-0670-001,12/1/2020,F,2/24/2021,Street- North Maint Dist,Operations,Pot Hole,"6,087.50",0.00,"5,000.00"
20-0801-001,12/1/2020,F,3/29/2021,Street- Central Maintenance Dist,Operations,Excavation Related,"5,059.35",0.00,"5,059.35"
20-0577-001,12/2/2020,F,3/2/2021,Water Distrib - Corona Yard,Operations,Water Main Break,"14,000.00",0.00,"5,199.40"
20-0551-001,12/3/2020,F,6/3/2021,Police- Desert Horizon Precinct 600,Law Enforcement,Shooting,,0.00,0.00
20-0764-001,12/3/2020,F,2/25/2021,Street- Southwest Maint Dist,Medium/Heavy,Falling Load/Rock,160.00,0.00,0.00
20-0928-001,12/3/2020,F,5/7/2021,Police- Desert Horizon Precinct 600,Police Vehicle,Struck Fixed Object,825.08,0.00,825.08
20-0571-001,12/4/2020,F,3/16/2021,Water Distrib - Morten Yard,Operations,Sewer Backup,,0.00,"17,605.89"
20-0663-001,12/4/2020,F,2/1/2021,Pub Wks- Solid Waste Field Services East,Refuse/Garbage,Struck Fixed Object,"1,370.44",0.00,685.22
20-1002-001,12/4/2020,O,,Street- Traffic Ops/Invest/Sign-Stripe,Light Truck,Turning,"45,500.00",0.00,0.00
20-1002-002,12/4/2020,F,5/24/2021,Street- Traffic Ops/Invest/Sign-Stripe,Light Truck,Turning,"4,350.87",0.00,"3,510.94"
20-0639-001,12/5/2020,F,2/24/2021,Water Distrib - Reservoir Yard,Operations,Water Main Break,"3,225.00",0.00,"3,225.00"
20-0691-001,12/5/2020,F,2/10/2021,Water Distrib - Reservoir Yard,Operations,Water Service Related,810.95,0.00,810.95
20-0699-001,12/5/2020,F,2/24/2021,Street- North Maint Dist,Operations,Pot Hole,524.00,0.00,296.84
20-1119-001,12/6/2020,F,6/30/2021,Street- Southwest Maint Dist,Operations,Negligent Barricading,"1,500,000.00",0.00,0.00
20-1135-001,12/6/2020,F,6/10/2021,Police- S. Mountain Precinct 400,Law Enforcement,False Arrest,"3,000,000.00",0.00,0.00
20-0578-001,12/7/2020,F,1/22/2021,Street- Southwest Maint Dist,Operations,Pot Hole,786.63,0.00,0.00
20-0657-001,12/7/2020,F,1/21/2021,Street- Southeast Maint Dist,Operations,"Maint. of St., Sidewalks, Rights-of-way","2,026.90",0.00,0.00
20-0660-001,12/7/2020,F,2/2/2021,Street- Southwest Maint Dist,Operations,"Maint. of St., Sidewalks, Rights-of-way",90.00,0.00,0.00
20-0672-001,12/7/2020,F,3/10/2021,Pub Wks- Solid Waste Field Services West,Operations,Damage by Mobile Equipment,"4,000.00",0.00,0.00
20-0672-002,12/7/2020,F,3/17/2021,Pub Wks- Solid Waste Field Services West,Operations,Damage by Mobile Equipment,"3,850.00",0.00,"3,850.00"
20-0760-001,12/7/2020,F,4/2/2021,Water Distrib - Morten Yard,Operations,Change Meter,"5,225.00",0.00,750.00
20-1017-001,12/7/2020,F,5/6/2021,Parks- Northwest Division,Operations,"Maint. of St., Sidewalks, Rights-of-way","18,023.30",0.00,0.00
20-0587-001,12/8/2020,F,1/8/2021,Street- Southwest Maint Dist,Operations,Pot Hole,"1,840.00",0.00,0.00
20-0589-001,12/9/2020,F,4/23/2021,WSD- Wastewater Collection -  Blue Stake/Sewer Backups,Operations,Sewer Backup,,0.00,"9,686.52"
20-0774-001,12/9/2020,F,3/5/2021,Street- Southeast Maint Dist,Operations,"Maint. of St., Sidewalks, Rights-of-way","1,681.38",0.00,0.00
20-0782-001,12/9/2020,F,3/23/2021,Police- S. Mountain Precinct 400,Law Enforcement,Forced Entry,850.00,0.00,0.00
20-0586-001,12/10/2020,F,2/5/2021,ITD- Admin/Telecommunications,Light Truck,Struck Fixed Object,"1,143.31",0.00,"1,478.63"
20-0678-001,12/10/2020,F,2/17/2021,Pub Wks- Solid Waste Field Services East,Refuse/Garbage,Struck Fixed Object,800.00,0.00,0.00
20-1043-001,12/10/2020,F,6/4/2021,Water Distrib - Morten Yard,Operations,Sewer Backup,175.00,0.00,175.00
20-1064-001,12/10/2020,O,,Pub Wks- Solid Waste Field Services Nort,Refuse/Garbage,Mechanical Failure,"25,000.00",0.00,0.00
20-0594-001,12/12/2020,F,3/4/2021,Street- Central Maintenance Dist,Operations,Pot Hole,169.11,0.00,0.00
20-0688-001,12/12/2020,F,2/1/2021,Parks- South Division,Operations,"Maint. of St., Sidewalks, Rights-of-way","1,279.00",0.00,"1,279.00"
20-0804-001,12/12/2020,F,3/8/2021,Police - Northern Precinct 200,Police Vehicle,Turning,"4,920.74",0.00,"4,920.74"
20-1038-001,12/12/2020,F,5/7/2021,Non-City Claim,Non-City,Non-City Claim,"80,000.00",0.00,0.00
20-0662-001,12/13/2020,F,3/2/2021,Non-City Claim,Other,Other,"2,215.20",0.00,0.00
20-0878-001,12/14/2020,F,4/22/2021,Police - Northern Precinct 200,Law Enforcement,"Care, Custody, Control","3,056.00",0.00,0.00
20-1122-001,12/14/2020,O,,Water Distrib - Morten Yard,Light Truck,Failure to Yield,992.48,0.00,0.00
20-0713-001,12/15/2020,F,3/3/2021,Pub Wks- Solid Waste Field Services East,Refuse/Garbage,Struck Fixed Object,"1,600.00",0.00,"1,800.00"
20-0806-001,12/15/2020,F,3/17/2021,Police-Tactcl/Air/SAU/Bomb/K-9/Dntown Op,Police Vehicle,Rear End,"3,053.94",0.00,"4,846.15"
20-0593-001,12/16/2020,F,3/2/2021,Water Distrib - Corona Yard,Operations,Water Main Break,"8,000.00",0.00,"7,235.00"
20-0837-001,12/16/2020,F,5/7/2021,Street- Southeast Maint Dist,Light Truck,Struck Fixed Object,"1,750.00",0.00,"1,750.00"
20-0871-001,12/16/2020,O,,Police- Squaw Peak Precinct 700,Law Enforcement,False Arrest,"5,000,000.00",0.00,0.00
20-1037-001,12/16/2020,O,,Police- Maryvale Precinct 800,Police Vehicle,Emergency Maneuver,"27,000.00",0.00,0.00
20-0680-001,12/17/2020,F,1/29/2021,Street- Southwest Maint Dist,Operations,Pot Hole,700.00,0.00,613.16
20-0913-001,12/17/2020,F,4/8/2021,Pub Wks- Solid Waste Field Services East,Operations,Damage by Mobile Equipment,"4,000.00",0.00,0.00
20-0634-001,12/18/2020,F,6/1/2021,Street- Southeast Maint Dist,Operations,Pot Hole,"5,395.23",0.00,"9,956.36"
20-0654-001,12/18/2020,F,5/3/2021,Pub Wks- Solid Waste Field Services East,Refuse/Garbage,Struck Fixed Object,"10,367.21",0.00,"9,816.68"
20-0683-001,12/18/2020,F,2/23/2021,Water Distrib - Cave Creek Yard,Operations,Damage by Mobile Equipment,"7,568.40",0.00,"7,568.40"
20-0882-001,12/18/2020,F,4/19/2021,Pub Wks- Solid Waste Field Services East,Refuse/Garbage,Struck Fixed Object,"3,567.69",0.00,0.00
20-1113-001,12/18/2020,F,6/3/2021,Transit- Phoenix Transit-Contract,Bus 21-75,Fall Inside Vehicle,"50,000.00",0.00,0.00
20-1132-001,12/18/2020,O,,Transit- Phoenix Transit-Contract,Bus 21-75,Collide with Pedestrian,"9,500,000.00",0.00,0.00
20-1132-002,12/18/2020,O,,Transit- Phoenix Transit-Contract,Bus 21-75,Collide with Pedestrian,"750,000.00",0.00,0.00
20-0893-001,12/19/2020,F,4/30/2021,Parks- Northwest Division,Operations,"Maint. of St., Sidewalks, Rights-of-way",350.00,0.00,442.38
20-1076-001,12/19/2020,O,,Parks- Northeast Division,Premises,Maint. Building/Premises,"200,000.00",0.00,0.00
20-0633-001,12/20/2020,F,1/29/2021,Water Distrib - Reservoir Yard,Operations,Damage by Mobile Equipment,207.00,0.00,207.00
20-0751-001,12/20/2020,F,5/3/2021,Street- Southwest Maint Dist,Operations,Pot Hole,793.28,0.00,793.28
20-1139-001,12/20/2020,O,,Aviation- Sky Harbor Airport/Terminals,Premises,Maint. Building/Premises,"375,000.00",0.00,0.00
20-0651-001,12/21/2020,F,2/24/2021,Water Distrib - Corona Yard,Operations,Water Main Break,"6,479.77",0.00,"5,776.52"
20-0727-001,12/21/2020,F,2/18/2021,Street- Southeast Maint Dist,Medium/Heavy,Falling Load/Rock,275.00,0.00,0.00
20-0798-001,12/21/2020,F,4/2/2021,Street- Southeast Maint Dist,Operations,Pot Hole,792.13,0.00,0.00
20-0803-001,12/21/2020,F,3/12/2021,Pub Wks- Solid Waste Field Services West,Refuse/Garbage,Struck Fixed Object,"6,775.00",0.00,"6,775.00"
20-1150-001,12/21/2020,O,,Aviation- Sky Harbor Airport/Terminals,Premises,Maint. Building/Premises,"675,000.00",0.00,0.00
20-0653-001,12/23/2020,F,1/14/2021,Street- Southeast Maint Dist,Operations,Signal Malfunction,"24,275.49",0.00,0.00
20-0661-001,12/23/2020,F,1/14/2021,Street- Central Maintenance Dist,Operations,Pot Hole,"6,958.00",0.00,0.00
20-0864-001,12/23/2020,F,5/25/2021,Street- North Maint Dist,Operations,Debris/Object in Road,"1,412.76",0.00,735.00
20-0652-001,12/24/2020,F,4/22/2021,Street- Central Maintenance Dist,Operations,Pot Hole,"5,471.94",0.00,"4,200.00"
20-0655-001,12/24/2020,F,3/2/2021,Pub Wks- Solid Waste Field Services Nort,Refuse/Garbage,Struck Fixed Object,"11,322.38",0.00,"10,228.37"
20-0716-001,12/24/2020,O,,Police- Central City Precinct 500,Law Enforcement,Failure/Negligent Investigation,"150,000.00",0.00,0.00
20-0729-001,12/24/2020,F,2/18/2021,Street- Southwest Maint Dist,Operations,"Maint. of St., Sidewalks, Rights-of-way","8,000.00",0.00,0.00
20-1110-001,12/24/2020,O,,Police - Northern Precinct 200,Police Vehicle,Emergency Maneuver,"45,000.00",0.00,0.00
20-0636-001,12/25/2020,F,3/11/2021,Street- Southeast Maint Dist,Operations,Construction Area,854.90,0.00,0.00
20-0643-001,12/25/2020,O,,Water Distrib - Morten Yard,Operations,Water Main Break,"24,000.00",0.00,0.00
20-0643-002,12/25/2020,O,,Water Distrib - Morten Yard,Operations,Water Main Break,"24,000.00",0.00,0.00
20-0770-001,12/26/2020,F,4/23/2021,Pub Wks- Solid Waste Field Services West,Refuse/Garbage,Struck Fixed Object,"2,000.00",0.00,"2,000.00"
20-0649-001,12/28/2020,F,1/28/2021,Street- Southwest Maint Dist,Operations,Construction Area,413.88,0.00,0.00
20-0658-001,12/28/2020,F,3/4/2021,Pub Wks- Solid Waste Field Services West,Medium/Heavy,Falling Load/Rock,400.00,0.00,0.00
20-0667-001,12/28/2020,F,1/19/2021,Aviation- Sky Harbor Airport/Terminals,Premises,Maint. Building/Premises,"1,333.79",0.00,0.00
20-0703-001,12/28/2020,O,,Police- Cactus Park Precinct 900,Law Enforcement,Shooting,,0.00,0.00
20-0703-002,12/28/2020,O,,Police- Cactus Park Precinct 900,Law Enforcement,Shooting,"7,500,000.00",0.00,0.00
20-0733-001,12/28/2020,F,2/22/2021,Aviation- Sky Harbor Airport/Terminals,Premises,Maint. Building/Premises,457.12,0.00,400.00
20-1170-001,12/28/2020,F,7/9/2021,Street- Southwest Maint Dist,Operations,Signal Malfunction,"50,000.00",0.00,0.00
20-1188-001,12/28/2020,F,7/1/2021,Transit- Phoenix Transit-Contract,Other Entity,Fall Inside Vehicle,"500,000.00",0.00,0.00
20-0694-001,12/29/2020,F,1/26/2021,Police-Tactcl/Air/SAU/Bomb/K-9/Dntown Op,Police Vehicle,Rear End,"1,876.53",0.00,"1,876.53"
20-0698-001,12/29/2020,F,1/21/2021,Pub Wks- Solid Waste Field Services Sout,Operations,Damage by Mobile Equipment,266.00,0.00,0.00
20-0659-001,12/30/2020,F,1/21/2021,Street- North Maint Dist,Operations,"Maint. of St., Sidewalks, Rights-of-way",200.00,0.00,0.00
20-0640-001,12/31/2020,F,3/26/2021,Pub Wks- Solid Waste Field Services East,Refuse/Garbage,Struck Fixed Object,"4,500.00",0.00,"2,885.20"
20-0641-001,12/31/2020,F,2/24/2021,Street- Southwest Maint Dist,Operations,Pot Hole,"1,875.85",0.00,"1,200.00"
20-0793-001,1/1/2021,F,3/2/2021,Street- Southwest Maint Dist,Operations,Pot Hole,300.16,0.00,300.16
20-0902-001,1/1/2021,F,3/24/2021,Non-City Claim,Non-City,Non-City Claim,250.00,0.00,0.00
20-1181-001,1/1/2021,O,,Street- Central Maintenance Dist,Operations,"Maint. of St., Sidewalks, Rights-of-way","300,000.00",0.00,0.00
20-0637-001,1/2/2021,F,2/1/2021,Street- North Maint Dist,Operations,Pot Hole,"2,124.00",0.00,"1,374.00"
20-0767-001,1/4/2021,F,5/18/2021,Parks- Northeast Division,Premises,Maint. Building/Premises,410.06,0.00,410.06
20-0875-001,1/4/2021,O,,Housing-Admin/Occupancy/Mgt Services,Employment,Sex Discrimination,,0.00,0.00
20-1151-001,1/4/2021,O,,Police- S. Mountain Precinct 400,Police Vehicle,Turning,"49,092.00",0.00,0.00
20-0635-001,1/5/2021,F,4/6/2021,Water Distrib - Reservoir Yard,Operations,Water Main Break,"5,000.00",0.00,"5,000.00"
20-0719-001,1/5/2021,O,,Planning Director's Office - Admin,Public Officials,Negligent Plan Approval,,0.00,0.00
20-0754-001,1/5/2021,F,3/15/2021,Water Distrib - Cave Creek Yard,Operations,Water Main Break,"1,850.00",0.00,"1,850.00"
20-0718-001,1/6/2021,O,,Water Distrib - Corona Yard,Operations,Water Main Break,,0.00,"7,194.60"
20-0718-002,1/6/2021,O,,Water Distrib - Corona Yard,Operations,Water Main Break,,0.00,0.00
20-0718-003,1/6/2021,F,3/2/2021,Water Distrib - Corona Yard,Operations,Water Main Break,"2,287.30",0.00,"1,500.00"
20-0722-001,1/6/2021,F,4/5/2021,Street- North Maint Dist,Light Truck,Failure to Yield,"4,740.89",0.00,"4,910.37"
20-0722-002,1/6/2021,F,4/15/2021,Street- North Maint Dist,Light Truck,Failure to Yield,559.77,0.00,559.77
20-9008-001,1/6/2021,O,,Parks- Admin/Dir/Mgt Svcs/Parks Devlpmt,Contract Dispute,Business/Development/Financial Contract,,0.00,0.00
21-0019-001,1/6/2021,O,,Street- Southwest Maint Dist,Operations,"Maint. of St., Sidewalks, Rights-of-way","1,407.48",0.00,0.00
20-0646-001,1/7/2021,F,2/16/2021,Police- Cactus Park Precinct 900,Light Truck,Struck Fixed Object,"1,400.00",0.00,"1,621.76"
20-0758-001,1/7/2021,F,3/8/2021,Street- Central Maintenance Dist,Operations,"Maint. of St., Sidewalks, Rights-of-way","60,000.00",0.00,0.00
20-0883-001,1/7/2021,F,5/25/2021,Pub Wks- Solid Waste Field Services Sout,Refuse/Garbage,Struck Fixed Object,"20,064.00",0.00,"5,500.00"
20-0927-001,1/7/2021,F,6/23/2021,Police- Cactus Park Precinct 900,Law Enforcement,"Care, Custody, Control",379.00,0.00,379.00
20-1133-001,1/7/2021,O,,Police-Tactcl/Air/SAU/Bomb/K-9/Dntown Op,Police Vehicle,Failure to Yield,"43,698.89",0.00,0.00
21-0022-001,1/7/2021,O,,Aviation- Sky Harbor Airport/Terminals,Premises,Maint. Building/Premises,"15,000.00",0.00,0.00
20-0632-001,1/8/2021,F,5/25/2021,Pub Wks- Solid Waste Field Services West,Refuse/Garbage,Struck Fixed Object,"80,000.00",0.00,"10,067.96"
20-1068-001,1/8/2021,F,6/21/2021,Pub Wks- Solid Waste Field Services Nort,Refuse/Garbage,Struck Fixed Object,"1,650.00",0.00,"1,650.00"
20-1102-001,1/8/2021,F,7/2/2021,Street- Central Maintenance Dist,Operations,Pot Hole,"1,575.67",0.00,0.00
21-0014-001,1/8/2021,O,,Street- Southeast Maint Dist,Operations,Missing/Hit Cover,"500,000.00",0.00,0.00
20-0645-001,1/9/2021,F,2/10/2021,Golf - All Golf Courses/Pros/Golf Ball Hits,Premises,Maint. Building/Premises,700.45,0.00,700.45
20-0701-001,1/9/2021,O,,Police- Central City Precinct 500,Law Enforcement,Shooting,,0.00,0.00
20-0765-001,1/9/2021,F,3/4/2021,Street- Southwest Maint Dist,Operations,Pot Hole,"2,327.40",0.00,0.00
20-0916-001,1/9/2021,O,,Police- S. Mountain Precinct 400,Police Vehicle,Failure to Yield,"13,400.00",0.00,0.00
20-1031-001,1/9/2021,O,,Parks- Natural Resources/Rio Salado/At-Risk Youth/Adaptive Rec,Light Truck,Backing,"30,000.00",0.00,0.00
20-1031-002,1/9/2021,O,,Parks- Natural Resources/Rio Salado/At-Risk Youth/Adaptive Rec,Light Truck,Backing,"5,000.00",0.00,0.00
20-1031-003,1/9/2021,O,,Parks- Natural Resources/Rio Salado/At-Risk Youth/Adaptive Rec,Light Truck,Backing,"5,000.00",0.00,0.00
20-0697-001,1/10/2021,F,2/24/2021,Street- Southeast Maint Dist,Operations,Pot Hole,303.29,0.00,0.00
20-1085-001,1/10/2021,F,6/18/2021,Police- Desert Horizon Precinct 600,Police Vehicle,Struck Fixed Object,300.00,0.00,300.00
20-0696-001,1/11/2021,F,6/3/2021,Water Distrib - Cave Creek Yard,Operations,Water Main Break,,0.00,"7,100.00"
21-0030-001,1/11/2021,F,7/12/2021,Transit- Phoenix Transit-Contract,Bus 21-75,Failure to Yield,"1,000,000.00",0.00,0.00
21-0030-002,1/11/2021,O,,Transit- Phoenix Transit-Contract,Bus 21-75,Failure to Yield,,0.00,0.00
20-0704-001,1/12/2021,O,,Police- S. Mountain Precinct 400,Law Enforcement,Shooting,,0.00,0.00
20-1021-001,1/12/2021,F,6/3/2021,Street- Central Maintenance Dist,Operations,"Maint. of St., Sidewalks, Rights-of-way","2,000.00",0.00,0.00
21-0016-001,1/12/2021,O,,Police- S. Mountain Precinct 400,Law Enforcement,Excessive Force,"1,500,000.00",0.00,0.00
21-0034-001,1/12/2021,O,,Street- North Maint Dist,Operations,"Maint. of St., Sidewalks, Rights-of-way","500,000.00",0.00,0.00
20-0709-001,1/13/2021,O,,Pub Wks- Solid Waste Field Services Nort,Refuse/Garbage,Struck Fixed Object,"1,476.14",0.00,"1,200.14"
20-0709-002,1/13/2021,O,,Pub Wks- Solid Waste Field Services Nort,Refuse/Garbage,Struck Fixed Object,,0.00,0.00
20-0752-001,1/13/2021,F,2/16/2021,Pub Wks- Solid Waste Field Services West,Medium/Heavy,Failure to Yield,"1,460.13",0.00,"1,460.13"
20-0707-001,1/14/2021,O,,Water Distrib - Reservoir Yard,Operations,Water Main Break,"700,000.00",0.00,0.00
20-0707-002,1/14/2021,O,,Water Distrib - Reservoir Yard,Operations,Water Main Break,,0.00,"1,364.28"
20-0707-003,1/14/2021,F,5/21/2021,Water Distrib - Reservoir Yard,Operations,Water Main Break,"5,000.00",0.00,"3,703.95"
20-0707-004,1/14/2021,O,,Water Distrib - Reservoir Yard,Operations,Water Main Break,"110,000.00",0.00,"3,985.48"
20-0707-005,1/14/2021,O,,Water Distrib - Reservoir Yard,Operations,Water Main Break,"20,000.00",0.00,"2,823.04"
20-0707-006,1/14/2021,F,4/6/2021,Water Distrib - Reservoir Yard,Operations,Water Main Break,,0.00,0.00
20-0711-001,1/14/2021,F,3/8/2021,Street- Southwest Maint Dist,Operations,Pot Hole,"1,950.00",0.00,"1,025.00"
20-0777-001,1/14/2021,F,3/22/2021,Street- Central Maintenance Dist,Operations,Damage by Mobile Equipment,"2,950.49",0.00,"2,950.49"
20-0911-001,1/14/2021,F,4/8/2021,Pub Wks- Solid Waste Field Services Sout,Medium/Heavy,Struck Fixed Object,868.00,0.00,0.00
20-0720-001,1/15/2021,O,,Pub Wks- Solid Waste Field Services West,Refuse/Garbage,Turning,"170,000.00",0.00,0.00
20-0720-002,1/15/2021,F,3/17/2021,Pub Wks- Solid Waste Field Services West,Refuse/Garbage,Turning,"170,000.00",0.00,"9,735.26"
20-0720-003,1/15/2021,O,,Pub Wks- Solid Waste Field Services West,Refuse/Garbage,Turning,"17,500.00",0.00,0.00
20-0720-004,1/15/2021,O,,Pub Wks- Solid Waste Field Services West,Refuse/Garbage,Turning,"35,000.00",0.00,0.00
20-0809-001,1/16/2021,F,3/8/2021,Street- Southwest Maint Dist,Operations,Pot Hole,140.70,0.00,140.70
20-0712-001,1/17/2021,F,3/5/2021,Street- Central Maintenance Dist,Operations,Construction Area,63.04,0.00,0.00
20-0734-001,1/17/2021,F,3/11/2021,Water Distrib - Corona Yard,Operations,Pot Hole,"1,447.21",0.00,"1,240.00"
20-1011-001,1/17/2021,O,,Police-Inv/VCB-FIB-Drug Enf-OCB-Prop Cri,Police Vehicle,Backing,"3,500.56",0.00,0.00
20-0746-001,1/18/2021,F,3/16/2021,Pub Wks- Solid Waste Field Services Sout,Refuse/Garbage,Struck Fixed Object,"2,500.00",0.00,"1,500.00"
20-0820-001,1/18/2021,F,3/22/2021,Water Distrib - Reservoir Yard,Operations,Sewer Backup,297.00,0.00,297.00
20-0830-001,1/18/2021,F,4/2/2021,Street- North Maint Dist,Operations,Pot Hole,282.15,0.00,282.15
20-0728-001,1/19/2021,F,3/11/2021,Street- North Maint Dist,Operations,Pot Hole,"1,666.92",0.00,"1,530.00"
20-0745-001,1/19/2021,F,2/22/2021,Pub Wks- Solid Waste Field Services East,Refuse/Garbage,Falling Load/Rock,543.00,0.00,0.00
20-1136-001,1/19/2021,F,6/9/2021,Transit- Phoenix Transit-Contract,Bus 21-75,Lane Change/Pass,"1,006,027.76",0.00,0.00
20-0757-001,1/20/2021,F,2/26/2021,Water Distrib - Corona Yard,Operations,Water Main Break,700.00,0.00,700.00
20-0731-001,1/23/2021,F,2/24/2021,Water Distrib - Morten Yard,Operations,Missing/Hit Cover,874.46,0.00,655.85
20-0761-001,1/25/2021,F,2/24/2021,Water Distrib - Reservoir Yard,Medium/Heavy,Mechanical Failure,"10,000.00",0.00,"6,461.72"
20-0766-001,1/25/2021,F,2/18/2021,Parks- Northeast Division,Operations,"Maint. of St., Sidewalks, Rights-of-way","2,517.63",0.00,0.00
20-0771-001,1/25/2021,F,3/10/2021,Police- Maryvale Precinct 800,Police Vehicle,Struck Fixed Object,425.00,0.00,425.00
20-0799-001,1/25/2021,F,5/6/2021,Parks- Northeast Division,Operations,"Maint. of St., Sidewalks, Rights-of-way",369.57,0.00,369.57
20-0892-001,1/25/2021,F,3/24/2021,Street- Southwest Maint Dist,Operations,Pot Hole,"5,000.00",0.00,0.00
20-0910-001,1/25/2021,O,,Fire- Admin/EMS/CAD-Alarm/Safety,Medium/Heavy,Failure to Yield,"19,246.74",0.00,0.00
20-0930-001,1/25/2021,F,4/8/2021,Pub Wks- Solid Waste Field Services Sout,Refuse/Garbage,Struck Fixed Object,500.00,0.00,0.00
20-0950-001,1/25/2021,F,4/22/2021,Parks-SpecOps/Aquatcs/Forest/Cityw Sport,Operations,"Maint. of St., Sidewalks, Rights-of-way","6,000.00",0.00,0.00
20-1006-001,1/25/2021,F,4/15/2021,Parks-SpecOps/Aquatcs/Forest/Cityw Sport,Operations,"Maint. of St., Sidewalks, Rights-of-way",941.00,0.00,0.00
20-0735-001,1/26/2021,F,3/8/2021,Water Distrib - Morten Yard,Operations,Pot Hole,986.88,0.00,986.88
20-0748-001,1/26/2021,F,3/12/2021,Police - Estrella Mountain Precinct 300,Law Enforcement,Forced Entry,350.00,0.00,350.00
20-0781-001,1/26/2021,F,2/25/2021,Police- Maryvale Precinct 800,Law Enforcement,"Care, Custody, Control",95.00,0.00,0.00
20-0833-001,1/26/2021,F,4/6/2021,Parks- Northeast Division,Light Truck,Rear End,"2,333.34",0.00,"3,339.28"
20-0868-001,1/26/2021,F,3/25/2021,Street- Southwest Maint Dist,Operations,Pot Hole,"8,000.00",0.00,0.00
20-0897-001,1/26/2021,O,,Pub Wks- Solid Waste Field Services Nort,Refuse/Garbage,Struck Fixed Object,"20,727.42",0.00,0.00
21-0029-001,1/26/2021,O,,Police- Maryvale Precinct 800,Law Enforcement,Excessive Force,"149,999.00",0.00,0.00
20-0895-001,1/27/2021,F,6/22/2021,Pub Wks- Solid Waste Field Services East,Refuse/Garbage,Struck Fixed Object,"1,980.00",0.00,0.00
20-1024-001,1/27/2021,O,,Police-Inv/VCB-FIB-Drug Enf-OCB-Prop Cri,Police Vehicle,Rear End,"25,492.91",0.00,0.00
20-0739-001,1/29/2021,O,,Water Distrib - Corona Yard,Operations,Sewer Backup,"108,729.83",0.00,"14,228.61"
20-0773-001,1/29/2021,F,2/18/2021,Pub Wks- Solid Waste Field Services East,Refuse/Garbage,Struck Fixed Object,300.00,0.00,0.00
20-0786-001,1/29/2021,F,3/8/2021,Fire- Admin/EMS/CAD-Alarm/Safety,Light Truck,Rear End,"3,665.64",0.00,"2,450.64"
20-0797-001,1/29/2021,F,6/1/2021,Street- Southeast Maint Dist,Operations,Damage by Mobile Equipment,500.00,0.00,300.00
20-0863-001,1/29/2021,F,3/25/2021,Street- Southwest Maint Dist,Operations,Debris/Object in Road,612.00,0.00,0.00
20-0769-001,2/1/2021,F,2/25/2021,Water Distrib - Reservoir Yard,Operations,Damage to Property/Injury to Persons,587.24,0.00,0.00
20-0787-001,2/1/2021,F,3/8/2021,WSD- Wastewater Collection -  Blue Stake/Sewer Backups,Operations,Sewer Backup,600.00,0.00,600.00
20-0963-001,2/1/2021,F,4/5/2021,Police- Central City Precinct 500,Law Enforcement,Law Enforcement Misc,"350,000.00",0.00,0.00
20-1001-001,2/1/2021,F,6/29/2021,Street- Central Maintenance Dist,Operations,Pot Hole,529.00,0.00,955.00
20-0749-001,2/2/2021,O,,Water Distrib - Corona Yard,Operations,Water Service Related,,0.00,"3,665.34"
20-0784-001,2/2/2021,F,3/8/2021,Street- Southwest Maint Dist,Operations,Pot Hole,"1,769.46",0.00,0.00
20-1072-001,2/2/2021,F,6/15/2021,Water Distrib - Corona Yard,Operations,Change Meter,"4,212.41",0.00,0.00
20-0750-001,2/3/2021,F,3/17/2021,Water Distrib - Reservoir Yard,Operations,Water Main Break,"2,500.00",0.00,"2,500.00"
20-0807-001,2/3/2021,F,3/16/2021,Pub Wks- Solid Waste Field Services Nort,Refuse/Garbage,Struck Fixed Object,864.00,0.00,864.00
20-1157-001,2/3/2021,O,,Street- Southeast Maint Dist,Operations,"Maint. of St., Sidewalks, Rights-of-way","600,000.00",0.00,0.00
20-0779-001,2/4/2021,F,6/18/2021,Police- Desert Horizon Precinct 600,Police Vehicle,Failure to Yield,"3,600.00",621.45,"5,123.49"
20-0785-001,2/4/2021,F,3/26/2021,Street- Southwest Maint Dist,Operations,Pot Hole,496.60,0.00,496.60
20-0796-001,2/4/2021,F,4/19/2021,Water Distrib - Reservoir Yard,Operations,"Care, Custody, Control",342.91,0.00,342.91
20-0867-001,2/4/2021,F,3/22/2021,Pub Wks- Solid Waste Field Services East,Medium/Heavy,Struck Fixed Object,"1,732.17",0.00,"1,732.17"
20-0775-001,2/6/2021,O,,Police- Cactus Park Precinct 900,Law Enforcement,Shooting,,0.00,0.00
20-0915-001,2/8/2021,F,4/15/2021,Pub Wks- Solid Waste Field Services East,Operations,Damage by Mobile Equipment,"2,500.00",0.00,"1,750.00"
20-0938-001,2/8/2021,F,7/2/2021,Police- Central City Precinct 500,Law Enforcement,Forced Entry,"9,005.00",0.00,0.00
20-1004-001,2/8/2021,F,4/15/2021,Pub Wks- Solid Waste Field Services East,Operations,Damage by Mobile Equipment,"1,578.79",0.00,0.00
20-1082-001,2/8/2021,F,5/19/2021,Non-City Claim,Light Truck,Lane Change/Pass,"7,218.21",0.00,0.00
20-0783-001,2/9/2021,O,,Water Distrib - Reservoir Yard,Operations,Water Main Break,,0.00,"2,954.85"
20-0795-001,2/9/2021,F,3/8/2021,Street- Southeast Maint Dist,Medium/Heavy,Struck Fixed Object,500.00,0.00,500.00
20-0812-001,2/9/2021,F,3/12/2021,Water Distrib - Morten Yard,Operations,Pot Hole,650.00,0.00,"1,006.80"
20-0912-001,2/9/2021,F,4/15/2021,Street- North Maint Dist,Operations,Tar/Paint/Oil,"1,476.71",0.00,0.00
20-0818-001,2/10/2021,F,3/11/2021,Street- Southwest Maint Dist,Operations,Pot Hole,"2,300.00",0.00,0.00
20-0821-001,2/10/2021,F,4/9/2021,Pub Wks- Solid Waste Field Services Nort,Refuse/Garbage,Struck Fixed Object,200.00,0.00,0.00
20-0805-001,2/11/2021,F,3/16/2021,Fire- Admin/EMS/CAD-Alarm/Safety,Medium/Heavy,Struck Fixed Object,"1,789.99",0.00,"1,789.99"
20-0949-001,2/11/2021,F,4/29/2021,Pub Wks- Solid Waste Field Services East,Operations,Damage by Mobile Equipment,109.10,0.00,109.10
20-0808-001,2/13/2021,F,3/5/2021,Street- North Maint Dist,Operations,Debris/Object in Road,116.08,0.00,0.00
20-0794-001,2/14/2021,F,3/25/2021,Street- Southeast Maint Dist,Operations,Pot Hole,741.40,0.00,0.00
20-0817-001,2/14/2021,F,3/22/2021,Street- Southeast Maint Dist,Operations,Debris/Object in Road,"2,364.76",0.00,0.00
20-1034-001,2/15/2021,F,5/27/2021,Pub Wks- Solid Waste Field Services Sout,Operations,Damage by Mobile Equipment,350.00,0.00,350.00
20-0919-001,2/16/2021,F,4/19/2021,Pub Wks- Solid Waste Field Services West,Refuse/Garbage,Struck Fixed Object,"1,100.00",0.00,0.00
20-0814-001,2/17/2021,F,3/25/2021,Street- Southeast Maint Dist,Operations,Debris/Object in Road,"15,257.12",0.00,0.00
20-0971-001,2/17/2021,F,5/6/2021,Pub Wks- Solid Waste Field Services East,Operations,Damage by Mobile Equipment,"1,400.00",0.00,0.00
20-1179-001,2/17/2021,O,,Pub Wks- Solid Waste Field Services Nort,Refuse/Garbage,Struck Fixed Object,"36,284.88",0.00,0.00
20-0861-001,2/19/2021,F,3/23/2021,Aviation- Sky Harbor Airport/Terminals,Premises,Maint. Building/Premises,"1,755.31",0.00,0.00
20-1162-001,2/19/2021,O,,Pub Wks- Solid Waste Field Services Nort,Refuse/Garbage,Rear End,"5,855.57",0.00,0.00
20-0866-001,2/20/2021,F,4/16/2021,Fire- Admin/EMS/CAD-Alarm/Safety,Medium/Heavy,Struck Fixed Object,"7,160.74",0.00,"3,640.74"
20-0921-001,2/20/2021,O,,Parks-SpecOps/Aquatcs/Forest/Cityw Sport,Operations,"Maint. of St., Sidewalks, Rights-of-way","55,795.01",0.00,0.00
20-0965-001,2/20/2021,F,5/3/2021,Street- Southwest Maint Dist,Operations,Pot Hole,250.00,0.00,250.00
20-1036-001,2/20/2021,F,5/20/2021,Street- Southeast Maint Dist,Operations,Pot Hole,"11,091.17",0.00,0.00
20-0862-001,2/22/2021,F,3/24/2021,Street- Southwest Maint Dist,Operations,Pot Hole,"7,975.00",0.00,0.00
20-0903-001,2/23/2021,F,5/12/2021,Water Distrib - Cave Creek Yard,Operations,Sewer Backup,,0.00,827.69
20-1005-001,2/24/2021,O,,Police- Maryvale Precinct 800,Police Vehicle,Failure to Yield,892.45,0.00,0.00
20-0836-001,2/25/2021,F,5/10/2021,Water Distrib - Reservoir Yard,Operations,Water Main Break,"4,000.00",0.00,"2,500.00"
20-1007-001,2/25/2021,O,,Street- Central Maintenance Dist,Operations,Excavation Related,"5,127.73",0.00,0.00
20-0838-001,2/26/2021,O,,Water Distrib - Reservoir Yard,Operations,Water Main Break,"9,000.00",0.00,0.00
20-0948-001,2/26/2021,F,4/23/2021,Pub Wks- Solid Waste Field Services Nort,Refuse/Garbage,Struck Fixed Object,275.00,0.00,275.00
20-0964-001,2/26/2021,F,3/24/2021,NON-CITY DEPT,Law Enforcement,Violate Civil Rights,"100,000.00",0.00,0.00
20-0838-002,2/27/2021,O,,Water Distrib - Reservoir Yard,Operations,Water Main Break,"12,000.00",0.00,0.00
20-0838-003,2/27/2021,O,,Water Distrib - Reservoir Yard,Operations,Water Main Break,"15,000.00",0.00,0.00
20-0838-004,2/27/2021,O,,Water Distrib - Reservoir Yard,Operations,Water Main Break,,0.00,0.00
20-0881-001,2/27/2021,R,6/4/2021,Police-TechSvcs/Rec-ID/Lab/Com911/Prop M,Law Enforcement,911 Operations,"32,500,000.00",0.00,0.00
20-0881-002,2/27/2021,F,6/4/2021,Police-TechSvcs/Rec-ID/Lab/Com911/Prop M,Law Enforcement,911 Operations,"2,500,000.00",0.00,0.00
20-0834-001,2/28/2021,O,,WSD- Wastewater Collection -  Blue Stake/Sewer Backups,Operations,Sewer Backup,,0.00,495.20
20-0834-002,2/28/2021,O,,Water Distrib - Morten Yard,Operations,Sewer Backup,"5,000.00",0.00,0.00
20-1003-001,2/28/2021,O,,Police- Maryvale Precinct 800,Law Enforcement,Excessive Force,"500,000.00",0.00,0.00
20-0874-001,3/1/2021,F,7/9/2021,Pub Wks- Solid Waste Field Services Nort,Refuse/Garbage,Struck Fixed Object,"4,093.00",0.00,0.00
20-0873-001,3/3/2021,F,3/25/2021,Transit- Admin/Bus Shelters-Benches,Operations,Maint. of Equipment,"1,000.00",0.00,0.00
20-0884-001,3/3/2021,F,5/26/2021,Pub Wks- Solid Waste Field Services Sout,Operations,Damage by Mobile Equipment,"2,319.20",0.00,"2,195.00"
20-0929-001,3/3/2021,F,4/19/2021,Street- North Maint Dist,Operations,"Maint. of St., Sidewalks, Rights-of-way",90.01,0.00,0.00
20-1147-001,3/3/2021,F,6/30/2021,Street- Southwest Maint Dist,Operations,Construction Area,"1,679.48",0.00,0.00
20-0877-001,3/4/2021,F,5/3/2021,Pub Wks- Solid Waste Field Services Nort,Refuse/Garbage,Struck Fixed Object,,0.00,"1,147.15"
20-0932-001,3/4/2021,F,5/12/2021,Street- Southwest Maint Dist,Operations,Pot Hole,"1,653.00",0.00,690.41
20-0886-001,3/5/2021,F,3/25/2021,Street- Southeast Maint Dist,Operations,Debris/Object in Road,"1,160.29",0.00,0.00
20-0890-001,3/5/2021,F,4/15/2021,Street- Southwest Maint Dist,Operations,Pot Hole,"2,063.00",0.00,"1,035.00"
20-1183-001,3/5/2021,O,,Police-Inv/VCB-FIB-Drug Enf-OCB-Prop Cri,Police Vehicle,Rear End,"10,352.21",0.00,0.00
20-1191-001,3/5/2021,O,,Fire- Admin/EMS/CAD-Alarm/Safety,Van 0-9 Passenger,Backing,"1,447.41",0.00,0.00
20-0899-001,3/8/2021,F,4/8/2021,Street- Southwest Maint Dist,Operations,Pot Hole,472.14,0.00,0.00
20-0906-001,3/8/2021,F,4/13/2021,Pub Wks- Solid Waste Field Services East,Refuse/Garbage,Struck Fixed Object,750.00,0.00,0.00
20-1073-001,3/8/2021,F,5/20/2021,Pub Wks- Solid Waste Field Services West,Refuse/Garbage,Struck Fixed Object,"6,519.74",0.00,0.00
20-0869-001,3/9/2021,F,4/23/2021,Pub Wks- Solid Waste Field Services East,Refuse/Garbage,Struck Fixed Object,,0.00,"5,389.30"
20-1159-001,3/9/2021,O,,Pub Wks- Solid Waste Field Services Nort,Refuse/Garbage,Rear End,"1,050,000.00",0.00,0.00
20-1159-002,3/9/2021,O,,Pub Wks- Solid Waste Field Services Nort,Refuse/Garbage,Rear End,"1,000,000.00",0.00,0.00
20-0879-001,3/10/2021,F,3/25/2021,Street- North Maint Dist,Medium/Heavy,Struck Fixed Object,"1,565.34",0.00,0.00
20-1083-001,3/10/2021,F,6/3/2021,Street- Southwest Maint Dist,Operations,"Maint. of St., Sidewalks, Rights-of-way","6,142.50",0.00,0.00
20-0898-001,3/11/2021,F,5/7/2021,Pub Wks- Solid Waste Field Services East,Operations,Change Meter,"1,001.10",0.00,970.10
20-0940-001,3/11/2021,F,4/29/2021,Police-Tactcl/Air/SAU/Bomb/K-9/Dntown Op,Police Vehicle,Struck Fixed Object,"1,160.00",0.00,"1,160.00"
20-0947-001,3/11/2021,O,,Housing-Senior Hous/Scattered Sites/Sec,Van 0-9 Passenger,Failure to Yield,"14,175.81",0.00,0.00
20-0966-001,3/11/2021,F,3/25/2021,Street- Central Maintenance Dist,Operations,"Maint. of St., Sidewalks, Rights-of-way","3,288.86",0.00,0.00
20-1049-001,3/11/2021,R,6/28/2021,Water Distrib - Morten Yard,Operations,Water Main Break,"1,000.00",0.00,"1,000.00"
20-0942-001,3/12/2021,O,,Pub Wks- Solid Waste Field Services East,Refuse/Garbage,Struck Fixed Object,500.00,0.00,0.00
20-1046-001,3/15/2021,F,5/17/2021,Water Distrib - Corona Yard,Operations,Excavation Related,300.00,0.00,0.00
20-1164-001,3/15/2021,O,,Street- Central Maintenance Dist,Operations,Tar/Paint/Oil,500.00,0.00,0.00
20-0922-001,3/16/2021,F,4/19/2021,Pub Wks- Solid Waste Field Services Sout,Operations,Damage by Mobile Equipment,890.00,0.00,890.00
20-0961-001,3/16/2021,F,4/23/2021,Water Distrib - Cave Creek Yard,Operations,Water Service Related,200.00,0.00,200.00
20-0907-001,3/17/2021,O,,Water Distrib - Cave Creek Yard,Operations,Water Main Break,"24,440.56",0.00,0.00
20-1018-001,3/17/2021,O,,Fire- Admin/EMS/CAD-Alarm/Safety,Medium/Heavy,Struck Fixed Object,853.31,0.00,0.00
20-1023-001,3/17/2021,F,5/20/2021,Street- Southeast Maint Dist,Operations,Tar/Paint/Oil,250.00,0.00,0.00
20-1023-002,3/17/2021,F,5/20/2021,Street- Southeast Maint Dist,Operations,Tar/Paint/Oil,200.00,0.00,0.00
20-1127-001,3/17/2021,O,,Pub Wks- Solid Waste Field Services West,Refuse/Garbage,Struck Fixed Object,659.40,0.00,0.00
20-0924-001,3/19/2021,O,,Aviation-Gen Aviation Admin/Exec Termina,Employment,Employment Discrimination,,0.00,0.00
20-0939-001,3/19/2021,F,4/7/2021,Non-City Claim,Operations,Other,650.37,0.00,0.00
20-1176-001,3/19/2021,O,,Street- Southeast Maint Dist,Operations,Pot Hole,374.62,0.00,0.00
20-0914-001,3/20/2021,F,4/15/2021,Parks-SpecOps/Aquatcs/Forest/Cityw Sport,Light Truck,Falling Load/Rock,"2,073.98",0.00,0.00
20-0917-001,3/20/2021,F,5/14/2021,Street- Southeast Maint Dist,Operations,Pot Hole,"3,515.46",0.00,"3,515.46"
20-0925-001,3/20/2021,F,6/28/2021,Police- Admin/Fiscal-Mgt Svcs/Prof Stds,Police Vehicle,Failure to Yield,"7,270.95",0.00,"7,597.92"
20-0941-001,3/20/2021,F,6/17/2021,Street- Southeast Maint Dist,Operations,Pot Hole,650.00,0.00,0.00
20-0905-001,3/21/2021,F,4/19/2021,Water Distrib - Morten Yard,Operations,Pot Hole,"1,388.20",0.00,"1,388.20"
20-1045-001,3/21/2021,O,,Fire- Admin/EMS/CAD-Alarm/Safety,Light Truck,Failure to Yield,"2,088.86",0.00,0.00
20-0909-001,3/22/2021,F,4/6/2021,Pub Wks- Solid Waste Field Services West,Refuse/Garbage,Struck Fixed Object,500.00,0.00,0.00
20-0920-001,3/22/2021,F,5/11/2021,Aviation- Sky Harbor Airport/Terminals,Premises,Maint. Building/Premises,455.00,0.00,0.00
20-1010-001,3/22/2021,F,4/15/2021,Pub Wks- Solid Waste Field Services West,Operations,Damage to Property/Injury to Persons,500.00,0.00,0.00
20-1081-001,3/22/2021,O,,Pub Wks- Solid Waste Field Services Sout,Refuse/Garbage,Struck Fixed Object,"30,000.00",0.00,0.00
20-1125-001,3/22/2021,F,6/23/2021,Pub Wks- Solid Waste Field Services West,Refuse/Garbage,Struck Fixed Object,450.00,0.00,450.00
20-0934-001,3/23/2021,F,4/28/2021,WSD- Wastewater Collection -  Blue Stake/Sewer Backups,Medium/Heavy,Struck Fixed Object,"1,600.00",0.00,"1,600.00"
20-0977-001,3/23/2021,F,5/21/2021,Pub Wks- Solid Waste Field Services East,Refuse/Garbage,Struck Fixed Object,"2,286.25",0.00,"2,286.25"
20-0985-001,3/24/2021,F,6/15/2021,Pub Wks- Solid Waste Field Services Nort,Refuse/Garbage,Struck Fixed Object,"7,000.00",0.00,"5,528.91"
20-1009-001,3/24/2021,F,5/11/2021,Aviation- Sky Harbor Airport/Terminals,Operations,Damage to Property/Injury to Persons,"3,537.50",0.00,0.00
20-1071-001,3/24/2021,F,5/21/2021,Street- Southeast Maint Dist,Operations,Pot Hole,269.50,0.00,0.00
20-1015-001,3/25/2021,F,5/20/2021,Street- Central Maintenance Dist,Operations,"Maint. of St., Sidewalks, Rights-of-way","2,628.04",0.00,0.00
20-1077-001,3/26/2021,F,6/4/2021,Street- Southwest Maint Dist,Operations,Pot Hole,379.43,0.00,379.43
20-0931-001,3/27/2021,F,5/3/2021,NSD- Neighborhood Revitalization,Operations,Tar/Paint/Oil,"2,451.79",0.00,"2,451.79"
20-0918-001,3/28/2021,F,4/16/2021,Street- Southeast Maint Dist,Operations,"Maint. of St., Sidewalks, Rights-of-way",200.00,0.00,0.00
20-1091-001,3/28/2021,F,5/27/2021,Parks- Northwest Division,Operations,"Maint. of St., Sidewalks, Rights-of-way",200.00,0.00,0.00
20-0983-001,3/30/2021,F,5/18/2021,Pub Wks- Solid Waste Field Services Nort,Refuse/Garbage,Struck Fixed Object,"1,382.00",0.00,"1,382.00"
21-0011-001,3/30/2021,O,,Street- North Maint Dist,Operations,Construction Area,"20,120.00",0.00,0.00
20-1129-001,3/31/2021,F,6/23/2021,Pub Wks- Solid Waste Field Services Sout,Refuse/Garbage,Struck Fixed Object,"3,000.00",0.00,"2,566.48"
20-1101-001,4/1/2021,F,6/10/2021,Golf - All Golf Courses/Pros/Golf Ball Hits,Premises,Golf Course Related,240.00,0.00,0.00
20-1013-001,4/2/2021,F,5/10/2021,Pub Wks- Solid Waste Field Services Sout,Refuse/Garbage,Failure to Yield,"2,800.00",0.00,"3,107.00"
20-1123-001,4/2/2021,F,6/28/2021,Police- Cactus Park Precinct 900,Police Vehicle,Backing,"1,313.79",0.00,"1,313.79"
20-0935-001,4/3/2021,O,,Police- Maryvale Precinct 800,Law Enforcement,Shooting,,0.00,0.00
20-1069-001,4/3/2021,F,6/15/2021,Police- Cactus Park Precinct 900,Police Vehicle,Rear End,"3,307.76",0.00,"4,871.01"
20-0937-001,4/5/2021,F,4/8/2021,Non-City Claim,Operations,Other,575.00,0.00,0.00
20-0981-001,4/5/2021,F,5/27/2021,Pub Wks- Solid Waste Field Services East,Operations,Damage by Mobile Equipment,300.00,0.00,300.00
20-1074-001,4/6/2021,F,5/26/2021,Pub Wks- Solid Waste Field Services East,Refuse/Garbage,Struck Fixed Object,"2,200.00",0.00,"2,200.00"
20-1126-001,4/6/2021,F,6/21/2021,Pub Wks- Solid Waste Field Services West,Refuse/Garbage,Struck Fixed Object,"2,500.00",0.00,"2,113.29"
20-0975-001,4/7/2021,F,5/12/2021,Police-Tactcl/Air/SAU/Bomb/K-9/Dntown Op,Police Vehicle,Struck Fixed Object,"1,321.58",0.00,"1,321.58"
20-1028-001,4/7/2021,F,5/5/2021,Pub Wks- Solid Waste Field Services West,Operations,Damage by Mobile Equipment,150.00,0.00,0.00
20-1078-001,4/7/2021,F,5/27/2021,Street- North Maint Dist,Operations,Debris/Object in Road,"1,371.00",0.00,0.00
20-0973-001,4/8/2021,F,5/3/2021,Police - Northern Precinct 200,Law Enforcement,Forced Entry,925.19,0.00,925.19
20-1044-001,4/8/2021,F,7/12/2021,Water Distrib - Reservoir Yard,Operations,Excavation Related,"5,000.00",0.00,0.00
20-1124-001,4/8/2021,O,,Pub Wks- Solid Waste Field Services Sout,Refuse/Garbage,Struck Fixed Object,"5,000.00",0.00,0.00
20-0986-001,4/9/2021,F,5/25/2021,Pub Wks- Solid Waste Field Services Sout,Refuse/Garbage,Struck Fixed Object,"1,160.00",0.00,"1,160.00"
20-1035-001,4/9/2021,F,6/30/2021,Police- Maryvale Precinct 800,Law Enforcement,Damage to Property,"1,750.00",0.00,0.00
20-1163-001,4/9/2021,O,,Police- Maryvale Precinct 800,Police Vehicle,Failure to Yield,"50,000.00",0.00,0.00
20-0974-001,4/11/2021,O,,Wastewtr Engineering & Construction Mgt,Operations,Debris/Object in Road,"5,977.65",0.00,0.00
20-0946-001,4/12/2021,F,6/29/2021,WSD- Wastewater Collection -  Blue Stake/Sewer Backups,Operations,Sewer Backup,,0.00,"14,741.61"
20-0987-001,4/12/2021,F,6/15/2021,Pub Wks- Solid Waste Field Services East,Refuse/Garbage,Backing,"6,137.41",0.00,"8,190.50"
20-0972-001,4/13/2021,F,4/27/2021,Street- Southwest Maint Dist,Operations,Pot Hole,761.19,0.00,0.00
20-1090-001,4/13/2021,O,,Street- Southeast Maint Dist,Operations,Damage by Mobile Equipment,250.00,0.00,0.00
20-1095-001,4/13/2021,F,6/3/2021,Pub Wks- Solid Waste Field Services East,Refuse/Garbage,Struck Fixed Object,600.00,0.00,0.00
20-1178-001,4/13/2021,O,,Police- Maryvale Precinct 800,Police Vehicle,Backing,"1,935.98",0.00,0.00
21-0035-001,4/13/2021,O,,Police- Central City Precinct 500,Police Vehicle,Rear End,"16,649.38",0.00,0.00
20-1175-001,4/14/2021,O,,Police- Central City Precinct 500,Operations,Damage to Property/Injury to Persons,"16,913.57",0.00,0.00
20-0988-001,4/15/2021,F,7/2/2021,Street- North Maint Dist,Operations,Construction Area,500.00,0.00,0.00
20-1012-001,4/17/2021,F,4/30/2021,Street- Southeast Maint Dist,Operations,Tar/Paint/Oil,"3,000.00",0.00,0.00
20-1014-001,4/18/2021,F,6/18/2021,Parks- Northwest Division,Light Truck,Rear End,"8,500.00",0.00,844.71
20-1070-001,4/18/2021,F,6/28/2021,Street- Southwest Maint Dist,Operations,Pot Hole,"5,154.69",0.00,"2,950.00"
20-9009-001,4/19/2021,O,,Planning Director's Office - Admin,Public Officials,Negligent Plan Approval,,0.00,0.00
20-0979-001,4/20/2021,F,5/12/2021,Parks- Northeast Division,Operations,Damage by Mobile Equipment,"1,369.70",0.00,"1,369.70"
20-1063-001,4/20/2021,F,5/25/2021,Pub Wks- Solid Waste Field Services Sout,Refuse/Garbage,Struck Fixed Object,150.00,0.00,450.00
20-1141-001,4/20/2021,O,,Street- Southwest Maint Dist,Operations,Missing/Hit Cover,880.00,0.00,880.00
20-0984-001,4/21/2021,O,,Water Distrib - Corona Yard,Operations,Excavation Related,"1,956.45",0.00,0.00
20-1022-001,4/22/2021,F,5/5/2021,Street- Southwest Maint Dist,Operations,Construction Area,"8,756.83",0.00,0.00
20-1027-001,4/23/2021,O,,Pub Wks- Solid Waste Field Services Nort,Refuse/Garbage,Failure to Yield,"1,508.29",0.00,0.00
20-1092-001,4/23/2021,O,,Police- Admin/Fiscal-Mgt Svcs/Prof Stds,Police Vehicle,Struck Fixed Object,"1,699.65",0.00,0.00
20-1019-001,4/24/2021,O,,Water Distrib - Corona Yard,Operations,Water Main Break,,0.00,0.00
20-1089-001,4/24/2021,F,5/27/2021,Street- North Maint Dist,Operations,"Maint. of St., Sidewalks, Rights-of-way","1,788.94",0.00,0.00
20-1134-001,4/26/2021,F,6/17/2021,Pub Wks- Solid Waste Field Services West,Refuse/Garbage,Struck Fixed Object,750.00,0.00,750.00
20-1099-001,4/27/2021,O,,Police- Maryvale Precinct 800,Police Vehicle,Rear End,"2,353.09",0.00,0.00
20-1128-001,4/28/2021,F,6/15/2021,Pub Wks- Solid Waste Field Services Sout,Refuse/Garbage,Failure to Yield,810.43,0.00,810.43
21-0020-001,4/28/2021,F,7/9/2021,Pub Wks- Downtown-Metro Facil Mgt/Parkin,Premises,Maint. Building/Premises,"7,004.45",0.00,0.00
20-1033-001,4/29/2021,F,6/9/2021,Police- Central City Precinct 500,Law Enforcement,Excessive Force,"301,500.00",0.00,0.00
20-1039-001,4/29/2021,F,5/17/2021,Police- Central City Precinct 500,Law Enforcement,"Care, Custody, Control",675.00,0.00,0.00
20-1118-001,4/29/2021,F,6/21/2021,Fire- Admin/EMS/CAD-Alarm/Safety,Medium/Heavy,Struck Fixed Object,"1,150.00",0.00,"1,150.00"
20-1115-001,4/30/2021,F,6/23/2021,Pub Wks- Solid Waste Field Services West,Operations,Damage by Mobile Equipment,150.00,0.00,150.00
20-1103-001,5/1/2021,O,,Fire- Admin/EMS/CAD-Alarm/Safety,Medium/Heavy,Struck Fixed Object,"1,680.72",0.00,0.00
20-1086-001,5/3/2021,O,,Pub Wks- Solid Waste Field Services East,Refuse/Garbage,Struck Fixed Object,34.19,0.00,359.19
21-0013-001,5/3/2021,O,,Police- Central City Precinct 500,Law Enforcement,Forced Entry,"1,805.43",0.00,0.00
20-1042-001,5/4/2021,F,6/10/2021,Water Distrib - Corona Yard,Operations,Sewer Backup,"60,714.00",0.00,0.00
20-1152-001,5/4/2021,F,6/23/2021,Pub Wks- Solid Waste Field Services East,Operations,Damage by Mobile Equipment,"1,450.00",0.00,"1,450.00"
20-1158-001,5/4/2021,O,,Pub Wks- Solid Waste Field Services East,Refuse/Garbage,Struck Fixed Object,"3,280.00",0.00,0.00
20-1173-001,5/4/2021,O,,Water Distrib - Reservoir Yard,Operations,Excavation Related,"26,545.14",0.00,0.00
20-1075-001,5/5/2021,F,6/18/2021,Water Distrib - Morten Yard,Operations,Water Main Break,"2,550.00",0.00,"2,550.00"
20-1094-001,5/5/2021,F,6/15/2021,Street- Southwest Maint Dist,Operations,Pot Hole,391.96,0.00,391.96
20-1067-001,5/6/2021,O,,Pub Wks- Solid Waste Field Services West,Operations,Damage by Mobile Equipment,,0.00,516.20
20-1109-001,5/6/2021,O,,Police- Maryvale Precinct 800,Law Enforcement,Forced Entry,"4,454.75",0.00,0.00
20-1047-001,5/7/2021,F,5/25/2021,Pub Wks- Solid Waste Field Services Nort,Operations,Damage by Mobile Equipment,"2,600.00",0.00,"2,600.00"
20-1066-001,5/7/2021,F,6/7/2021,Pub Wks- Solid Waste Field Services East,Operations,Damage by Mobile Equipment,,0.00,995.00
20-1079-001,5/7/2021,F,7/6/2021,Street- Prev Maint/St Cleaning/Flooding,Light Truck,Failure to Yield,"4,627.68",0.00,"4,627.68"
20-1098-001,5/10/2021,F,5/27/2021,Pub Wks- Solid Waste Field Services West,Refuse/Garbage,Falling Load/Rock,"1,150.00",0.00,0.00
20-1146-001,5/10/2021,O,,Pub Wks- Solid Waste Field Services West,Operations,Damage by Mobile Equipment,"6,600.00",0.00,0.00
20-1156-001,5/11/2021,O,,Water Distrib - Reservoir Yard,Operations,Change Meter,"2,039.00",0.00,0.00
20-1130-001,5/12/2021,O,,Police-Inv/VCB-FIB-Drug Enf-OCB-Prop Cri,Law Enforcement,Failure/Negligent Investigation,"500,000.00",0.00,0.00
20-1084-001,5/13/2021,F,5/27/2021,Pub Wks- Solid Waste Field Services Nort,Operations,Damage by Mobile Equipment,250.00,0.00,0.00
20-1154-001,5/14/2021,O,,Police - Northern Precinct 200,Police Vehicle,Rear End,"43,000.00",0.00,0.00
20-1172-001,5/14/2021,F,6/25/2021,Aviation- Sky Harbor Airport/Terminals,Premises,Maint. Building/Premises,299.20,0.00,0.00
21-0008-001,5/14/2021,O,,Pub Wks- Solid Waste Field Services Nort,Operations,Damage by Mobile Equipment,125.00,0.00,0.00
20-1080-001,5/15/2021,O,,Police- Maryvale Precinct 800,Law Enforcement,Damage to Property,,0.00,0.00
20-1112-001,5/15/2021,F,6/4/2021,Street- Southwest Maint Dist,Operations,Construction Area,600.00,0.00,0.00
20-1174-001,5/16/2021,O,,Police- S. Mountain Precinct 400,Police Vehicle,Backing,"4,665.11",0.00,0.00
20-1108-001,5/17/2021,O,,Pub Wks- Solid Waste Field Services Sout,Refuse/Garbage,Struck Fixed Object,"20,000.00",0.00,0.00
20-1169-001,5/18/2021,O,,Pub Wks- Solid Waste Field Services Sout,Refuse/Garbage,Struck Fixed Object,"1,000.00",0.00,0.00
20-1097-001,5/19/2021,O,,Water Distrib - Corona Yard,Operations,Water Main Break,,0.00,0.00
20-9011-001,5/19/2021,O,,City Council- Admin,Public Officials,Public Officials Liability,,0.00,0.00
20-1105-001,5/20/2021,F,6/14/2021,Police-Tactcl/Air/SAU/Bomb/K-9/Dntown Op,Law Enforcement,Damage to Property,"1,853.00",0.00,"1,853.00"
20-1142-001,5/21/2021,O,,NSD- Neighborhood Preservation,Light Truck,Rear End,"2,500.00",0.00,0.00
20-1111-001,5/23/2021,F,6/30/2021,Street- Central Maintenance Dist,Operations,Pot Hole,366.60,0.00,0.00
20-1116-001,5/23/2021,F,6/21/2021,Street- North Maint Dist,Operations,Pot Hole,156.65,0.00,156.65
20-1171-001,5/23/2021,O,,Street- Southwest Maint Dist,Operations,Pot Hole,792.00,0.00,0.00
21-0005-001,5/24/2021,O,,Fire- Admin/EMS/CAD-Alarm/Safety,Medium/Heavy,Turning,"3,174.76",0.00,0.00
20-1120-001,5/26/2021,O,,Street- Southwest Maint Dist,Operations,Pot Hole,220.00,0.00,0.00
20-1167-001,5/26/2021,F,6/24/2021,Golf - All Golf Courses/Pros/Golf Ball Hits,Premises,Maint. Building/Premises,200.00,0.00,0.00
20-1131-001,5/27/2021,F,6/29/2021,Pub Wks- Solid Waste Field Services Nort,Refuse/Garbage,Struck Fixed Object,"4,500.00",0.00,"4,500.00"
20-1177-001,5/27/2021,O,,Fire- Admin/EMS/CAD-Alarm/Safety,Medium/Heavy,Struck Fixed Object,969.42,0.00,0.00
20-1144-001,5/31/2021,O,,Police- Central City Precinct 500,Police Vehicle,Failure to Yield,,0.00,0.00
21-0009-001,5/31/2021,O,,Pub Wks- Solid Waste Field Services Nort,Operations,Damage by Mobile Equipment,520.00,0.00,0.00
20-1121-001,6/1/2021,O,,Pub Wks- Solid Waste Field Services West,Refuse/Garbage,Struck Fixed Object,,0.00,0.00
20-1165-001,6/1/2021,O,,Pub Wks- Solid Waste Field Services Nort,Operations,Damage by Mobile Equipment,"2,270.00",0.00,0.00
21-0024-001,6/1/2021,O,,Police-Tactcl/Air/SAU/Bomb/K-9/Dntown Op,Police Vehicle,Failure to Yield,"3,800.00",0.00,0.00
21-0027-001,6/1/2021,O,,Street- Southwest Maint Dist,Operations,Pot Hole,"1,425.27",0.00,0.00
20-1140-001,6/2/2021,F,6/14/2021,Street- Southwest Maint Dist,Operations,Tar/Paint/Oil,821.68,0.00,0.00
20-1155-001,6/2/2021,F,6/17/2021,Street- Southwest Maint Dist,Operations,Tar/Paint/Oil,772.00,0.00,0.00
21-0025-001,6/2/2021,O,,Street- Southwest Maint Dist,Operations,Tar/Paint/Oil,500.00,0.00,0.00
21-0033-001,6/3/2021,O,,Water Distrib - Reservoir Yard,Operations,Water Main Break,"3,422.50",0.00,0.00
20-1137-001,6/5/2021,F,6/17/2021,Golf - All Golf Courses/Pros/Golf Ball Hits,Premises,Golf Course Related,"1,600.00",0.00,0.00
20-1145-001,6/5/2021,O,,Pub Wks- Solid Waste Field Services Sout,Operations,Damage by Mobile Equipment,"24,600.00",0.00,"1,463.17"
21-0012-001,6/6/2021,O,,Street- Southeast Maint Dist,Operations,Missing/Hit Cover,391.38,0.00,0.00
20-1143-001,6/7/2021,O,,Pub Wks- Solid Waste Field Services East,Operations,Damage by Mobile Equipment,,0.00,"1,250.00"
20-1182-001,6/7/2021,O,,Pub Wks-Equipmt Mgt Adm/Service Ctr/Part,Medium/Heavy,Struck Fixed Object,"1,089.78",0.00,0.00
21-0003-001,6/7/2021,O,,Police- Maryvale Precinct 800,Police Vehicle,Backing,"1,200.00",0.00,0.00
20-1148-001,6/8/2021,F,7/9/2021,Water Distrib - Reservoir Yard,Operations,Water Main Break,,0.00,567.12
20-1153-001,6/8/2021,F,6/18/2021,Water Distrib - Reservoir Yard,Operations,Sewer Backup,,0.00,0.00
20-1149-001,6/9/2021,O,,Water Distrib - Morten Yard,Operations,Water Main Break,843.70,0.00,843.70
20-1149-002,6/9/2021,O,,Water Distrib - Morten Yard,Operations,Water Main Break,,0.00,0.00
20-1160-001,6/10/2021,O,,Pub Wks- Solid Waste Field Services Nort,Refuse/Garbage,Struck Fixed Object,"1,000.00",0.00,0.00
20-1192-001,6/10/2021,F,6/30/2021,Street- Southwest Maint Dist,Light Truck,Failure to Yield,"2,670.00",0.00,0.00
20-1193-001,6/10/2021,F,7/7/2021,Street- North Maint Dist,Operations,"Maint. of St., Sidewalks, Rights-of-way",849.99,0.00,0.00
20-1189-001,6/12/2021,F,7/7/2021,Street- Central Maintenance Dist,Operations,Debris/Object in Road,281.70,0.00,0.00
21-0017-001,6/12/2021,O,,Aviation- Sky Harbor Airport/Terminals,Premises,Maint. Building/Premises,"15,000.00",0.00,0.00
21-0010-001,6/14/2021,O,,Pub Wks- Solid Waste Field Services East,Refuse/Garbage,Struck Fixed Object,"6,000.00",0.00,0.00
21-0023-001,6/14/2021,O,,Water Distrib - Reservoir Yard,Operations,Construction Area,"4,965.99",0.00,0.00
20-1168-001,6/15/2021,F,7/9/2021,Street- North Maint Dist,Operations,"Maint. of St., Sidewalks, Rights-of-way","1,450.00",0.00,0.00
20-1166-001,6/16/2021,O,,Pub Wks- Solid Waste Field Services Sout,Refuse/Garbage,Struck Fixed Object,650.00,0.00,0.00
20-1184-001,6/17/2021,O,,Water Distrib - Reservoir Yard,Operations,Damage to Property/Injury to Persons,748.86,0.00,0.00
21-0018-001,6/18/2021,O,,Pub Wks- Solid Waste Field Services Nort,Refuse/Garbage,Struck Fixed Object,"3,405.00",0.00,0.00
21-0021-001,6/18/2021,O,,Unknown Dept/Temporary Use Only,Light Truck,Falling Load/Rock,"2,129.90",0.00,0.00
21-0028-001,6/18/2021,O,,Police- Desert Horizon Precinct 600,Police Vehicle,Failure to Yield,"22,345.54",0.00,0.00
21-0015-001,6/20/2021,O,,Aviation- Sky Harbor Airport/Terminals,Premises,Maint. Building/Premises,"6,030.70",0.00,0.00
20-1180-001,6/21/2021,O,,Pub Wks- Solid Waste Field Services Nort,Operations,Damage by Mobile Equipment,"1,000.00",0.00,0.00
20-1186-001,6/21/2021,O,,Library- Admin,Premises,Maint. Building/Premises,"3,000.00",0.00,0.00
21-0002-001,6/21/2021,O,,Pub Wks- Solid Waste Field Services East,Operations,Debris/Object in Road,500.00,0.00,0.00
20-1187-001,6/23/2021,O,,Street- Central Maintenance Dist,Operations,Tar/Paint/Oil,450.00,0.00,0.00
20-1194-001,6/23/2021,O,,Water Distrib - Reservoir Yard,Operations,Water Main Break,,0.00,0.00
20-1194-002,6/23/2021,O,,Water Distrib - Reservoir Yard,Operations,Water Main Break,,0.00,0.00
21-0036-001,6/27/2021,O,,Water Distrib - Morten Yard,Operations,Water Main Break,"7,500.00",0.00,0.00
21-0036-002,6/27/2021,O,,Water Distrib - Morten Yard,Operations,Water Main Break,"8,500.00",0.00,0.00
21-0036-003,6/27/2021,O,,Water Distrib - Morten Yard,Operations,Water Main Break,"5,000.00",0.00,0.00
21-0006-001,6/29/2021,O,,Police- Maryvale Precinct 800,Law Enforcement,Shooting,,0.00,0.00
21-0007-001,6/30/2021,O,,Pub Wks- Solid Waste Field Services Sout,Refuse/Garbage,Struck Fixed Object,,0.00,0.00
21-0026-001,6/30/2021,O,,Street- Central Maintenance Dist,Operations,"Maint. of St., Sidewalks, Rights-of-way","2,047.26",0.00,0.00
